year,LA_2023,disability_group,activity,participation_MONTHS_12,second_activity,second_participation_MONTHS_12,ranking_margin,top_two_tied,historical_years_available,historical_small_cell_years,historical_median_n,historical_min_n,historical_small_cell_rate,historical_small_cell_majority,historical_incomplete_outcome_history,historical_reliability_warning
9,107,disty1,ACTTRAV_C03,0.6634936032148367,WALKTRAV_B02,0.6436953277399665,0.01979827547487023,False,8,1,44.5,28,0.125,False,False,False
9,107,disty10,ACTTRAV_C03,0.6496466854274049,WALKTRAV_B02,0.635498753483625,0.014147931943779946,False,8,8,5.5,1,1.0,True,False,True
9,107,disty11,ACTTRAV_C03,0.6227353768496954,WALKTRAV_B02,0.6085874449059154,0.014147931943779946,False,7,7,5.0,1,1.0,True,True,True
9,107,disty12,ACTTRAV_C03,0.677281358300014,WALKTRAV_B02,0.6631334263562341,0.014147931943779946,False,8,8,9.5,3,1.0,True,False,True
9,107,disty13,ACTTRAV_C03,0.7003858879113669,WALKTRAV_B02,0.686237955967587,0.014147931943779946,False,8,8,7.0,4,1.0,True,False,True
9,107,disty2,ACTTRAV_C03,0.6700639529128054,WALKTRAV_B02,0.6559160209690255,0.014147931943779946,False,8,4,33.0,18,0.5,True,False,True
9,107,disty3,ACTTRAV_C03,0.6312190010339431,WALKTRAV_B02,0.6133378629708501,0.017881138063092994,False,8,2,44.0,25,0.25,False,False,False
9,107,disty4,ACTTRAV_C03,0.6333162883880844,WALKTRAV_B02,0.6191683564443046,0.014147931943779835,False,8,8,13.0,8,1.0,True,False,True
9,107,disty5,ACTTRAV_C03,0.6918353019164994,WALKTRAV_B02,0.6776873699727196,0.014147931943779835,False,8,3,35.0,20,0.375,False,False,False
9,107,disty6,ACTTRAV_C03,0.6094565511162287,WALKTRAV_B02,0.5953086191724487,0.014147931943779946,False,8,8,7.0,2,1.0,True,False,True
9,107,disty7,ACTTRAV_C03,0.6412676445734485,WALKTRAV_B02,0.6271197126296686,0.014147931943779946,False,8,4,25.5,16,0.5,True,False,True
9,107,disty8,ACTTRAV_C03,0.6411582269509586,WALKTRAV_B02,0.6270102950071786,0.014147931943779946,False,8,8,16.0,7,1.0,True,False,True
9,107,disty9,ACTTRAV_C03,0.6119259972564809,WALKTRAV_B02,0.5977780653127008,0.014147931943780057,False,8,8,14.5,4,1.0,True,False,True
9,107,limiting_disability,ACTTRAV_C03,0.6676156773679034,WALKTRAV_B02,0.651998178086309,0.015617499281594394,False,8,0,87.5,57,0.0,False,False,False
9,107,no_disability,ACTTRAV_C03,0.7208639395870364,WALKTRAV_B02,0.7006454257279492,0.02021851385908724,False,8,0,325.5,300,0.0,False,False,False
9,107,non_limiting_disability,ACTTRAV_C03,0.7263649085664458,WALKTRAV_B02,0.709619383258984,0.01674552530746176,False,8,0,88.0,60,0.0,False,False,False
9,109,disty1,ACTTRAV_C03,0.662174348911547,WALKTRAV_B02,0.636788530289739,0.025385818621808,False,8,2,38.0,23,0.25,False,False,False
9,109,disty10,ACTTRAV_C03,0.6988145054388165,WALKTRAV_B02,0.6666833497540874,0.03213115568472913,False,8,8,5.5,1,1.0,True,False,True
9,109,disty11,ACTTRAV_C03,0.6850409435003625,WALKTRAV_B02,0.6708930115565824,0.014147931943780057,False,8,8,4.0,2,1.0,True,False,True
9,109,disty12,ACTTRAV_C03,0.7038024410159747,WALKTRAV_B02,0.6710781515120467,0.03272428950392792,False,8,8,11.5,2,1.0,True,False,True
9,109,disty13,ACTTRAV_C03,0.731028676956398,WALKTRAV_B02,0.6551484830163766,0.07588019394002132,False,8,8,7.0,2,1.0,True,False,True
9,109,disty2,ACTTRAV_C03,0.6575181933108637,WALKTRAV_B02,0.6249132775486231,0.03260491576224056,False,8,4,29.5,16,0.5,True,False,True
9,109,disty3,ACTTRAV_C03,0.6427057384127363,WALKTRAV_B02,0.6239456934770484,0.018760044935687836,False,8,2,35.5,24,0.25,False,False,False
9,109,disty4,ACTTRAV_C03,0.6901426019908742,WALKTRAV_B02,0.6461372696366369,0.044005332354237314,False,8,8,12.0,5,1.0,True,False,True
9,109,disty5,ACTTRAV_C03,0.7159760099485393,WALKTRAV_B02,0.6899166544178914,0.026059355530647865,False,8,3,31.5,16,0.375,False,False,False
9,109,disty6,ACTTRAV_C03,0.6805237377484167,WALKTRAV_B02,0.6663758058046368,0.014147931943779835,False,8,8,7.0,3,1.0,True,False,True
9,109,disty7,ACTTRAV_C03,0.6384509979981562,WALKTRAV_B02,0.6243030660543761,0.014147931943780057,False,8,8,17.0,14,1.0,True,False,True
9,109,disty8,ACTTRAV_C03,0.6609096806398916,WALKTRAV_B02,0.6467617486961116,0.014147931943780057,False,8,8,14.0,10,1.0,True,False,True
9,109,disty9,ACTTRAV_C03,0.6841336691383967,WALKTRAV_B02,0.6699857371946166,0.014147931943780057,False,8,8,8.5,1,1.0,True,False,True
9,109,limiting_disability,ACTTRAV_C03,0.6863656504933381,WALKTRAV_B02,0.6650365477102254,0.02132910278311273,False,8,0,65.5,49,0.0,False,False,False
9,109,no_disability,ACTTRAV_C03,0.751858549327948,WALKTRAV_B02,0.7326314327760964,0.01922711655185161,False,8,0,328.0,302,0.0,False,False,False
9,109,non_limiting_disability,ACTTRAV_C03,0.756363043026542,WALKTRAV_B02,0.7278654540047603,0.028497589021781677,False,8,0,73.0,59,0.0,False,False,False
9,112,disty1,ACTTRAV_C03,0.6666469644579976,WALKTRAV_B02,0.6395271828633305,0.027119781594667103,False,8,2,35.0,26,0.25,False,False,False
9,112,disty10,ACTTRAV_C03,0.7010653248638916,WALKTRAV_B02,0.6600036659139639,0.04106165894992775,False,6,6,3.5,1,1.0,True,True,True
9,112,disty11,ACTTRAV_C03,0.5484402789760646,WALKTRAV_B02,0.5342923470322847,0.014147931943779946,False,6,6,2.5,1,1.0,True,True,True
9,112,disty12,ACTTRAV_C03,0.6719822102001878,WALKTRAV_B02,0.6519504311263812,0.0200317790738066,False,7,7,10.0,3,1.0,True,True,True
9,112,disty13,ACTTRAV_C03,0.7297191634386684,WALKTRAV_B02,0.7155712314948884,0.014147931943779946,False,7,7,5.0,3,1.0,True,True,True
9,112,disty2,ACTTRAV_C03,0.6908836899169944,WALKTRAV_B02,0.6767357579732145,0.014147931943779946,False,8,7,24.5,22,0.875,True,False,True
9,112,disty3,ACTTRAV_C03,0.6355369262600254,WALKTRAV_B02,0.6188257123605313,0.01671121389949415,False,8,0,32.5,31,0.0,False,False,False
9,112,disty4,ACTTRAV_C03,0.7353374413486957,WALKTRAV_B02,0.7211895094049158,0.014147931943779946,False,8,8,9.0,7,1.0,True,False,True
9,112,disty5,ACTTRAV_C03,0.6925005056527284,WALKTRAV_B02,0.6696528555042013,0.022847650148527077,False,8,7,21.0,8,0.875,True,False,True
9,112,disty6,ACTTRAV_C03,0.6917147922558372,WALKTRAV_B02,0.6775668603120573,0.014147931943779946,False,8,8,6.0,3,1.0,True,False,True
9,112,disty7,ACTTRAV_C03,0.6479657708875982,WALKTRAV_B02,0.6064557993948061,0.04150997149279212,False,8,8,18.0,12,1.0,True,False,True
9,112,disty8,ACTTRAV_C03,0.6136346258536995,WALKTRAV_B02,0.5958576019411398,0.017777023912559753,False,8,8,6.0,4,1.0,True,False,True
9,112,disty9,ACTTRAV_C03,0.680396788782656,WALKTRAV_B02,0.648212855717431,0.032183933065224934,False,8,8,6.0,3,1.0,True,False,True
9,112,limiting_disability,ACTTRAV_C03,0.6850051482309432,WALKTRAV_B02,0.6637429706875915,0.02126217754335169,False,8,0,62.5,60,0.0,False,False,False
9,112,no_disability,ACTTRAV_C03,0.7552578639597817,WALKTRAV_B02,0.7339584735189955,0.021299390440786214,False,8,0,337.0,320,0.0,False,False,False
9,112,non_limiting_disability,ACTTRAV_C03,0.7451274487441634,WALKTRAV_B02,0.7300007798852514,0.015126668858912007,False,8,0,66.0,55,0.0,False,False,False
9,114,disty1,ACTTRAV_C03,0.6720024516496056,WALKTRAV_B02,0.6578545197058256,0.014147931943779946,False,8,2,37.0,20,0.25,False,False,False
9,114,disty10,ACTTRAV_C03,0.7356954919734248,WALKTRAV_B02,0.7215475600296448,0.014147931943779946,False,7,7,4.0,2,1.0,True,True,True
9,114,disty11,ACTTRAV_C03,0.626914141890692,WALKTRAV_B02,0.6127662099469121,0.014147931943779835,False,6,6,3.0,1,1.0,True,True,True
9,114,disty12,ACTTRAV_C03,0.6990625110183032,WALKTRAV_B02,0.6797070585819488,0.019355452436354392,False,8,8,8.0,2,1.0,True,False,True
9,114,disty13,ACTTRAV_C03,0.7507978104162958,WALKTRAV_B02,0.7366498784725158,0.014147931943779946,False,8,8,6.0,3,1.0,True,False,True
9,114,disty2,ACTTRAV_C03,0.679521441023116,WALKTRAV_B02,0.6653735090793361,0.014147931943779835,False,8,3,30.5,20,0.375,False,False,False
9,114,disty3,ACTTRAV_C03,0.6471003443329842,WALKTRAV_B02,0.6329524123892043,0.014147931943779946,False,8,2,38.0,19,0.25,False,False,False
9,114,disty4,ACTTRAV_C03,0.5981642298754675,WALKTRAV_B02,0.5840162979316875,0.014147931943779946,False,8,8,10.5,5,1.0,True,False,True
9,114,disty5,ACTTRAV_C03,0.703686932218021,WALKTRAV_B02,0.6820505146518375,0.021636417566183508,False,8,3,30.5,14,0.375,False,False,False
9,114,disty6,ACTTRAV_C03,0.6793761191459267,WALKTRAV_B02,0.6652281872021467,0.014147931943779946,False,8,8,7.0,5,1.0,True,False,True
9,114,disty7,ACTTRAV_C03,0.6628928545097786,WALKTRAV_B02,0.6487449225659987,0.014147931943779946,False,8,7,21.0,7,0.875,True,False,True
9,114,disty8,ACTTRAV_C03,0.6766165757323206,WALKTRAV_B02,0.6624686437885406,0.014147931943779946,False,8,8,12.5,5,1.0,True,False,True
9,114,disty9,ACTTRAV_C03,0.6607332489700661,WALKTRAV_B02,0.6465853170262862,0.014147931943779946,False,8,8,10.5,6,1.0,True,False,True
9,114,limiting_disability,ACTTRAV_C03,0.6943364712937817,WALKTRAV_B02,0.6765037436529004,0.017832727640881285,False,8,0,76.5,47,0.0,False,False,False
9,114,no_disability,ACTTRAV_C03,0.7447312744831419,WALKTRAV_B02,0.7245823178094293,0.020148956673712637,False,8,0,324.5,273,0.0,False,False,False
9,114,non_limiting_disability,ACTTRAV_C03,0.7481772656236563,WALKTRAV_B02,0.7289248702489267,0.01925239537472956,False,8,0,81.5,66,0.0,False,False,False
9,117,disty1,ACTTRAV_C03,0.6664454503410028,WALKTRAV_B02,0.6522975183972228,0.014147931943779946,False,8,3,32.0,23,0.375,False,False,False
9,117,disty10,ACTTRAV_C03,0.6400475460721384,WALKTRAV_B02,0.6258996141283585,0.014147931943779946,False,8,8,3.0,1,1.0,True,False,True
9,117,disty11,ACTTRAV_C03,0.6656506813836275,WALKTRAV_B02,0.6515027494398475,0.014147931943779946,False,6,6,2.5,2,1.0,True,True,True
9,117,disty12,ACTTRAV_C03,0.7192188820692151,WALKTRAV_B02,0.7050709501254352,0.014147931943779946,False,7,7,7.0,1,1.0,True,True,True
9,117,disty13,ACTTRAV_C03,0.6884067672254258,WALKTRAV_B02,0.6742588352816459,0.014147931943779946,False,8,8,4.0,2,1.0,True,False,True
9,117,disty2,ACTTRAV_C03,0.6616878483185465,WALKTRAV_B02,0.6475399163747666,0.014147931943779946,False,8,5,22.5,17,0.625,True,False,True
9,117,disty3,ACTTRAV_C03,0.6611193979824174,WALKTRAV_B02,0.6469714660386374,0.014147931943779946,False,8,0,36.5,30,0.0,False,False,False
9,117,disty4,ACTTRAV_C03,0.6596097488762106,WALKTRAV_B02,0.6454618169324307,0.014147931943779946,False,8,8,8.5,3,1.0,True,False,True
9,117,disty5,ACTTRAV_C03,0.6201826912786148,WALKTRAV_B02,0.6060347593348349,0.014147931943779946,False,8,8,16.0,9,1.0,True,False,True
9,117,disty6,ACTTRAV_C03,0.653929249464129,WALKTRAV_B02,0.6397813175203491,0.014147931943779946,False,8,8,6.0,1,1.0,True,False,True
9,117,disty7,ACTTRAV_C03,0.6542372827027007,WALKTRAV_B02,0.6400893507589206,0.014147931943780057,False,8,8,17.0,13,1.0,True,False,True
9,117,disty8,ACTTRAV_C03,0.6597597487968963,WALKTRAV_B02,0.6456118168531163,0.014147931943779946,False,8,8,8.5,3,1.0,True,False,True
9,117,disty9,ACTTRAV_C03,0.664090984524719,WALKTRAV_B02,0.6499430525809391,0.014147931943779946,False,8,8,10.5,4,1.0,True,False,True
9,117,limiting_disability,ACTTRAV_C03,0.6677896258481598,WALKTRAV_B02,0.6536416939043799,0.014147931943779946,False,8,0,65.5,51,0.0,False,False,False
9,117,no_disability,ACTTRAV_C03,0.7022634378531368,WALKTRAV_B02,0.6848949250659288,0.01736851278720808,False,8,0,331.5,298,0.0,False,False,False
9,117,non_limiting_disability,ACTTRAV_C03,0.7016063622717402,WALKTRAV_B02,0.6864163830327563,0.015189979238983908,False,8,0,65.5,54,0.0,False,False,False
9,122,disty1,ACTTRAV_C03,0.6084689107175487,WALKTRAV_B02,0.5926577528475198,0.015811157870028958,False,8,0,51.5,41,0.0,False,False,False
9,122,disty10,ACTTRAV_C03,0.6719825281996337,WALKTRAV_B02,0.6578345962558537,0.014147931943779946,False,7,7,4.0,1,1.0,True,True,True
9,122,disty11,ACTTRAV_C03,0.6687166987088865,WALKTRAV_B02,0.6545687667651064,0.014147931943780057,False,6,6,3.0,1,1.0,True,True,True
9,122,disty12,ACTTRAV_C03,0.5864977485709016,WALKTRAV_B02,0.5723498166271217,0.014147931943779946,False,8,8,7.5,3,1.0,True,False,True
9,122,disty13,ACTTRAV_C03,0.6320510690303853,WALKTRAV_B02,0.6179031370866054,0.014147931943779946,False,8,8,5.0,2,1.0,True,False,True
9,122,disty2,ACTTRAV_C03,0.6360120381588995,WALKTRAV_B02,0.6200744676732918,0.015937570485607733,False,8,2,32.5,21,0.25,False,False,False
9,122,disty3,ACTTRAV_C03,0.6091639160186438,WALKTRAV_B02,0.5950159840748639,0.014147931943779946,False,8,0,54.0,47,0.0,False,False,False
9,122,disty4,ACTTRAV_C03,0.6127798512124105,WALKTRAV_B02,0.5986319192686306,0.014147931943779946,False,8,8,17.5,11,1.0,True,False,True
9,122,disty5,ACTTRAV_C03,0.6450267199215057,WALKTRAV_B02,0.6271754028057203,0.01785131711578547,False,8,8,23.0,11,1.0,True,False,True
9,122,disty6,ACTTRAV_C03,0.62330506072338,WALKTRAV_B02,0.6091571287796,0.014147931943779946,False,8,8,8.0,1,1.0,True,False,True
9,122,disty7,ACTTRAV_C03,0.6175385438730234,WALKTRAV_B02,0.6033906119292435,0.014147931943779946,False,8,5,24.5,19,0.625,True,False,True
9,122,disty8,ACTTRAV_C03,0.5981235509254987,WALKTRAV_B02,0.5839756189817188,0.014147931943779946,False,8,8,13.5,5,1.0,True,False,True
9,122,disty9,ACTTRAV_C03,0.6227624137829435,WALKTRAV_B02,0.6086144818391636,0.014147931943779946,False,8,8,13.0,8,1.0,True,False,True
9,122,limiting_disability,ACTTRAV_C03,0.6248659560790243,WALKTRAV_B02,0.6099442771311906,0.014921678947833694,False,8,0,83.5,70,0.0,False,False,False
9,122,no_disability,ACTTRAV_C03,0.7044978859925473,WALKTRAV_B02,0.6875801422636663,0.016917743728880996,False,8,0,300.0,269,0.0,False,False,False
9,122,non_limiting_disability,ACTTRAV_C03,0.674563579365228,WALKTRAV_B02,0.6604156474214481,0.014147931943779946,False,8,0,79.0,65,0.0,False,False,False
9,126,disty1,ACTTRAV_C03,0.6301941108657741,WALKTRAV_B02,0.6124803747223743,0.017713736143399883,False,8,0,36.0,33,0.0,False,False,False
9,126,disty10,ACTTRAV_C03,0.6463242938292312,WALKTRAV_B02,0.6321763618854512,0.014147931943779946,False,8,8,4.0,1,1.0,True,False,True
9,126,disty11,ACTTRAV_C03,0.5666314638487785,WALKTRAV_B02,0.5331161990965769,0.03351526475220157,False,8,8,2.5,2,1.0,True,False,True
9,126,disty12,ACTTRAV_C03,0.6491896102278643,WALKTRAV_B02,0.6350416782840843,0.014147931943779946,False,8,8,6.5,1,1.0,True,False,True
9,126,disty13,ACTTRAV_C03,0.6925949287982777,WALKTRAV_B02,0.6605386783605002,0.03205625043777749,False,8,8,5.0,2,1.0,True,False,True
9,126,disty2,ACTTRAV_C03,0.635236091526258,WALKTRAV_B02,0.6176360965389237,0.017599994987334333,False,8,7,24.5,19,0.875,True,False,True
9,126,disty3,ACTTRAV_C03,0.6069419116120123,WALKTRAV_B02,0.588952240399961,0.017989671212051306,False,8,0,36.0,30,0.0,False,False,False
9,126,disty4,ACTTRAV_C03,0.6162624348857186,WALKTRAV_B02,0.5953265642018161,0.02093587068390257,False,8,8,11.0,5,1.0,True,False,True
9,126,disty5,ACTTRAV_C03,0.671110150606208,WALKTRAV_B02,0.654134747332914,0.016975403273294054,False,8,8,22.0,16,1.0,True,False,True
9,126,disty6,ACTTRAV_C03,0.6089117107701724,WALKTRAV_B02,0.5947637788263925,0.014147931943779835,False,8,8,6.0,5,1.0,True,False,True
9,126,disty7,ACTTRAV_C03,0.6259791683457424,WALKTRAV_B02,0.6081227053538494,0.01785646299189303,False,8,8,18.5,12,1.0,True,False,True
9,126,disty8,ACTTRAV_C03,0.6056403637385772,WALKTRAV_B02,0.5836838586671727,0.021956505071404564,False,8,8,10.5,7,1.0,True,False,True
9,126,disty9,ACTTRAV_C03,0.5902595866674128,WALKTRAV_B02,0.5761116547236329,0.014147931943779946,False,8,8,9.5,7,1.0,True,False,True
9,126,limiting_disability,ACTTRAV_C03,0.6434253803405257,WALKTRAV_B02,0.6271158068734565,0.016309573467069183,False,8,0,65.5,51,0.0,False,False,False
9,126,no_disability,ACTTRAV_C03,0.6867516456720453,WALKTRAV_B02,0.6672736558103113,0.01947798986173399,False,8,0,316.0,301,0.0,False,False,False
9,126,non_limiting_disability,ACTTRAV_C03,0.7052192492654306,WALKTRAV_B02,0.6910713173216506,0.014147931943779946,False,8,0,74.5,51,0.0,False,False,False
9,129,disty1,ACTTRAV_C03,0.6301385841749988,WALKTRAV_B02,0.6040599900339808,0.026078594141017986,False,8,0,40.0,30,0.0,False,False,False
9,129,disty10,ACTTRAV_C03,0.5814063407699872,WALKTRAV_B02,0.5672584088262073,0.014147931943779946,False,7,7,5.0,3,1.0,True,True,True
9,129,disty11,ACTTRAV_C03,0.5944514579042026,WALKTRAV_B02,0.5803035259604227,0.014147931943779946,False,8,8,2.0,2,1.0,True,False,True
9,129,disty12,ACTTRAV_C03,0.670045685846039,WALKTRAV_B02,0.655897753902259,0.014147931943779946,False,8,8,11.5,1,1.0,True,False,True
9,129,disty13,ACTTRAV_C03,0.683186748022344,WALKTRAV_B02,0.6690388160785641,0.014147931943779946,False,7,7,6.0,2,1.0,True,True,True
9,129,disty2,ACTTRAV_C03,0.6295753147714688,WALKTRAV_B02,0.6154273828276887,0.014147931943780057,False,8,4,29.0,21,0.5,True,False,True
9,129,disty3,ACTTRAV_C03,0.6302790730406035,WALKTRAV_B02,0.6039465095372553,0.026332563503348227,False,8,0,41.0,32,0.0,False,False,False
9,129,disty4,ACTTRAV_C03,0.6106679219170866,WALKTRAV_B02,0.5965199899733067,0.014147931943779946,False,8,8,10.5,7,1.0,True,False,True
9,129,disty5,ACTTRAV_C03,0.6482159945564909,WALKTRAV_B02,0.6330349088556269,0.015181085700864072,False,8,3,32.5,13,0.375,False,False,False
9,129,disty6,ACTTRAV_C03,0.5941271053586407,WALKTRAV_B02,0.570443345885949,0.023683759472691635,False,8,8,6.5,3,1.0,True,False,True
9,129,disty7,ACTTRAV_C03,0.6293398617256519,WALKTRAV_B02,0.615191929781872,0.014147931943779946,False,8,6,22.0,10,0.75,True,False,True
9,129,disty8,ACTTRAV_C03,0.6527363596901649,WALKTRAV_B02,0.6385884277463849,0.014147931943779946,False,8,8,11.5,8,1.0,True,False,True
9,129,disty9,ACTTRAV_C03,0.6185992950024328,WALKTRAV_B02,0.6044513630586529,0.014147931943779946,False,8,8,10.5,4,1.0,True,False,True
9,129,limiting_disability,ACTTRAV_C03,0.6540877727518891,WALKTRAV_B02,0.6346365510150047,0.019451221736884405,False,8,0,84.0,56,0.0,False,False,False
9,129,no_disability,ACTTRAV_C03,0.6984487998422134,WALKTRAV_B02,0.6787725053783024,0.01967629446391106,False,8,0,322.5,298,0.0,False,False,False
9,129,non_limiting_disability,ACTTRAV_C03,0.7050429860068325,WALKTRAV_B02,0.6891406216502635,0.015902364356569,False,8,0,70.0,56,0.0,False,False,False
9,135,disty1,ACTTRAV_C03,0.6731445720161917,WALKTRAV_B02,0.6589966400724118,0.014147931943779946,False,8,0,35.0,32,0.0,False,False,False
9,135,disty10,ACTTRAV_C03,0.7097124863981352,WALKTRAV_B02,0.6955645544543553,0.014147931943779946,False,8,8,6.5,3,1.0,True,False,True
9,135,disty11,ACTTRAV_C03,0.7162743954599979,WALKTRAV_B02,0.702126463516218,0.014147931943779946,False,8,8,4.0,1,1.0,True,False,True
9,135,disty12,ACTTRAV_C03,0.7312679295475965,WALKTRAV_B02,0.7140997822812881,0.01716814726630833,False,8,8,10.0,3,1.0,True,False,True
9,135,disty13,ACTTRAV_C03,0.7186345245214965,WALKTRAV_B02,0.7044865925777165,0.014147931943779946,False,8,8,8.0,5,1.0,True,False,True
9,135,disty2,ACTTRAV_C03,0.6969405069034349,WALKTRAV_B02,0.6804542434946291,0.016486263408805768,False,8,4,29.5,25,0.5,True,False,True
9,135,disty3,ACTTRAV_C03,0.6345529442139328,WALKTRAV_B02,0.6204050122701529,0.014147931943779946,False,8,1,36.5,22,0.125,False,False,False
9,135,disty4,ACTTRAV_C03,0.6828307367392161,WALKTRAV_B02,0.6686828047954362,0.014147931943779946,False,8,8,9.0,5,1.0,True,False,True
9,135,disty5,ACTTRAV_C03,0.7339395205855056,WALKTRAV_B02,0.7112659196733526,0.02267360091215298,False,8,1,33.5,18,0.125,False,False,False
9,135,disty6,ACTTRAV_C03,0.554249783312377,WALKTRAV_B02,0.540101851368597,0.014147931943779946,False,8,8,5.0,1,1.0,True,False,True
9,135,disty7,ACTTRAV_C03,0.686676690726013,WALKTRAV_B02,0.6725287587822331,0.014147931943779946,False,8,7,17.5,14,0.875,True,False,True
9,135,disty8,ACTTRAV_C03,0.6700640043797281,WALKTRAV_B02,0.6461798773292334,0.023884127050494697,False,8,8,15.5,11,1.0,True,False,True
9,135,disty9,ACTTRAV_C03,0.6335030111753589,WALKTRAV_B02,0.6017910858879587,0.03171192528740019,False,8,8,8.0,5,1.0,True,False,True
9,135,limiting_disability,ACTTRAV_C03,0.7052246501630814,WALKTRAV_B02,0.6886616817697242,0.016562968393357247,False,8,0,73.0,64,0.0,False,False,False
9,135,no_disability,ACTTRAV_C03,0.7412077450555536,WALKTRAV_B02,0.7184790191673207,0.022728725888232937,False,8,0,315.0,302,0.0,False,False,False
9,135,non_limiting_disability,ACTTRAV_C03,0.7662632363688365,WALKTRAV_B02,0.7449906961645267,0.021272540204309798,False,8,0,73.0,53,0.0,False,False,False
9,136,disty1,ACTTRAV_C03,0.6516972279336208,WALKTRAV_B02,0.6358480520775084,0.015849175856112452,False,8,2,36.5,24,0.25,False,False,False
9,136,disty10,ACTTRAV_C03,0.6164995304227432,WALKTRAV_B02,0.5916813792867893,0.02481815113595387,False,8,8,4.0,3,1.0,True,False,True
9,136,disty11,ACTTRAV_C03,0.5982035402588263,WALKTRAV_B02,0.5840556083150463,0.014147931943779946,False,8,8,3.5,1,1.0,True,False,True
9,136,disty12,ACTTRAV_C03,0.6226618934865766,WALKTRAV_B02,0.6058995921227225,0.01676230136385415,False,8,8,6.5,3,1.0,True,False,True
9,136,disty13,ACTTRAV_C03,0.6524067212435322,WALKTRAV_B02,0.6382587892997521,0.014147931943780057,False,7,7,5.0,1,1.0,True,True,True
9,136,disty2,ACTTRAV_C03,0.6427310772126852,WALKTRAV_B02,0.6285831452689052,0.014147931943779946,False,8,5,27.5,20,0.625,True,False,True
9,136,disty3,ACTTRAV_C03,0.6370069690785387,WALKTRAV_B02,0.6218871442127222,0.015119824865816534,False,8,1,38.0,27,0.125,False,False,False
9,136,disty4,ACTTRAV_C03,0.6134832486546921,WALKTRAV_B02,0.5954341428770696,0.01804910577762242,False,8,8,13.0,6,1.0,True,False,True
9,136,disty5,ACTTRAV_C03,0.6478125720052067,WALKTRAV_B02,0.628821127224718,0.018991444780488753,False,8,5,24.5,16,0.625,True,False,True
9,136,disty6,ACTTRAV_C03,0.6225236494984968,WALKTRAV_B02,0.6083757175547169,0.014147931943779946,False,8,8,6.5,3,1.0,True,False,True
9,136,disty7,ACTTRAV_C03,0.6278513158992214,WALKTRAV_B02,0.6087838350321515,0.019067480867069886,False,8,8,17.0,10,1.0,True,False,True
9,136,disty8,ACTTRAV_C03,0.6189912852763317,WALKTRAV_B02,0.6017007853758751,0.017290499900456613,False,8,8,11.0,7,1.0,True,False,True
9,136,disty9,ACTTRAV_C03,0.6209999429943279,WALKTRAV_B02,0.6068520110505481,0.014147931943779835,False,8,8,8.0,4,1.0,True,False,True
9,136,limiting_disability,ACTTRAV_C03,0.6559254577944196,WALKTRAV_B02,0.6381548782253511,0.017770579569068468,False,8,0,66.0,51,0.0,False,False,False
9,136,no_disability,ACTTRAV_C03,0.7331172598234268,WALKTRAV_B02,0.7079910055224666,0.02512625430096016,False,8,0,315.5,291,0.0,False,False,False
9,136,non_limiting_disability,ACTTRAV_C03,0.7373199663924318,WALKTRAV_B02,0.7213699044274292,0.015950061965002593,False,8,0,71.5,64,0.0,False,False,False
9,139,disty1,ACTTRAV_C03,0.6649764336223376,WALKTRAV_B02,0.6508285016785577,0.014147931943779946,False,8,4,30.0,19,0.5,True,False,True
9,139,disty10,ACTTRAV_C03,0.6215988234866997,WALKTRAV_B02,0.6074508915429198,0.014147931943779946,False,8,8,2.5,1,1.0,True,False,True
9,139,disty11,ACTTRAV_C03,0.6991847689100849,WALKTRAV_B02,0.6850368369663048,0.014147931943780057,False,7,7,2.0,1,1.0,True,True,True
9,139,disty12,ACTTRAV_C03,0.7127710705724739,WALKTRAV_B02,0.6971572361845392,0.015613834387934733,False,8,8,6.5,2,1.0,True,False,True
9,139,disty13,ACTTRAV_C03,0.7265836560787385,WALKTRAV_B02,0.7124357241349587,0.014147931943779835,False,8,8,3.0,1,1.0,True,False,True
9,139,disty2,ACTTRAV_C03,0.6778565158483161,WALKTRAV_B02,0.6637085839045361,0.014147931943779946,False,8,6,24.5,14,0.75,True,False,True
9,139,disty3,ACTTRAV_C03,0.6622399520645781,WALKTRAV_B02,0.6480920201207981,0.014147931943779946,False,8,2,35.0,22,0.25,False,False,False
9,139,disty4,ACTTRAV_C03,0.6915523784126514,WALKTRAV_B02,0.6774044464688714,0.014147931943779946,False,8,8,10.0,6,1.0,True,False,True
9,139,disty5,ACTTRAV_C03,0.7060852504166584,WALKTRAV_B02,0.6912322982199466,0.014852952196711788,False,8,6,20.0,14,0.75,True,False,True
9,139,disty6,ACTTRAV_C03,0.581850054120486,WALKTRAV_B02,0.567702122176706,0.014147931943779946,False,8,8,5.5,4,1.0,True,False,True
9,139,disty7,ACTTRAV_C03,0.6409739453074893,WALKTRAV_B02,0.6268260133637094,0.014147931943779946,False,8,8,15.0,12,1.0,True,False,True
9,139,disty8,ACTTRAV_C03,0.5975254714537139,WALKTRAV_B02,0.583377539509934,0.014147931943779946,False,8,8,5.5,4,1.0,True,False,True
9,139,disty9,ACTTRAV_C03,0.6256422969958929,WALKTRAV_B02,0.611494365052113,0.014147931943779946,False,8,8,7.0,2,1.0,True,False,True
9,139,limiting_disability,ACTTRAV_C03,0.6836115484552959,WALKTRAV_B02,0.6691056977566768,0.014505850698619094,False,8,0,63.0,48,0.0,False,False,False
9,139,no_disability,ACTTRAV_C03,0.7316884758556822,WALKTRAV_B02,0.7082349447838401,0.023453531071842115,False,8,0,317.5,306,0.0,False,False,False
9,139,non_limiting_disability,ACTTRAV_C03,0.7297370499344008,WALKTRAV_B02,0.7140895157667845,0.015647534167616328,False,8,0,75.0,70,0.0,False,False,False
9,142,disty1,ACTTRAV_C03,0.6851784587003831,WALKTRAV_B02,0.6598429211802235,0.0253355375201596,False,8,3,35.0,24,0.375,False,False,False
9,142,disty10,ACTTRAV_C03,0.7424035123989204,WALKTRAV_B02,0.7282555804551405,0.014147931943779946,False,8,8,7.5,2,1.0,True,False,True
9,142,disty11,ACTTRAV_C03,0.7008359680652387,WALKTRAV_B02,0.6866880361214588,0.014147931943779946,False,8,8,5.0,2,1.0,True,False,True
9,142,disty12,ACTTRAV_C03,0.7005938746277359,WALKTRAV_B02,0.686445942683956,0.014147931943779946,False,8,8,10.5,8,1.0,True,False,True
9,142,disty13,ACTTRAV_C03,0.7310608186666571,WALKTRAV_B02,0.7169128867228772,0.014147931943779835,False,8,8,7.0,3,1.0,True,False,True
9,142,disty2,ACTTRAV_C03,0.7027736135118101,WALKTRAV_B02,0.6886256815680302,0.014147931943779946,False,8,4,30.5,14,0.5,True,False,True
9,142,disty3,ACTTRAV_C03,0.688281941615567,WALKTRAV_B02,0.6642182774814613,0.024063664134105656,False,8,3,40.5,24,0.375,False,False,False
9,142,disty4,ACTTRAV_C03,0.6871148887859171,WALKTRAV_B02,0.6729669568421371,0.014147931943779946,False,8,8,10.0,5,1.0,True,False,True
9,142,disty5,ACTTRAV_C03,0.6986634906648063,WALKTRAV_B02,0.6809414150620422,0.017722075602764065,False,8,4,32.5,20,0.5,True,False,True
9,142,disty6,ACTTRAV_C03,0.5843967662097683,WALKTRAV_B02,0.5702488342659884,0.014147931943779946,False,8,8,8.0,1,1.0,True,False,True
9,142,disty7,ACTTRAV_C03,0.6798173097709735,WALKTRAV_B02,0.6656693778271936,0.014147931943779946,False,8,7,23.5,11,0.875,True,False,True
9,142,disty8,ACTTRAV_C03,0.64763192323321,WALKTRAV_B02,0.63348399128943,0.014147931943779946,False,8,8,11.5,8,1.0,True,False,True
9,142,disty9,ACTTRAV_C03,0.5941791943733442,WALKTRAV_B02,0.5800312624295643,0.014147931943779946,False,8,8,7.0,3,1.0,True,False,True
9,142,limiting_disability,ACTTRAV_C03,0.7009086029377564,WALKTRAV_B02,0.6792275674359958,0.021681035501760593,False,8,0,71.5,46,0.0,False,False,False
9,142,no_disability,ACTTRAV_C03,0.7565563021441877,WALKTRAV_B02,0.7386336909337048,0.017922611210482886,False,8,0,326.0,306,0.0,False,False,False
9,142,non_limiting_disability,ACTTRAV_C03,0.7486097094631324,WALKTRAV_B02,0.7262492136536537,0.022360495809478742,False,8,0,84.5,74,0.0,False,False,False
9,147,disty1,ACTTRAV_C03,0.6926814824798849,WALKTRAV_B02,0.6738226905352239,0.018858791944661002,False,8,2,33.5,25,0.25,False,False,False
9,147,disty10,ACTTRAV_C03,0.712190297585211,WALKTRAV_B02,0.6980423656414311,0.014147931943779946,False,8,8,4.0,2,1.0,True,False,True
9,147,disty11,ACTTRAV_C03,0.7108437982632487,WALKTRAV_B02,0.6966958663194688,0.014147931943779946,False,7,7,4.0,1,1.0,True,True,True
9,147,disty12,ACTTRAV_C03,0.7210901542498114,WALKTRAV_B02,0.7069422223060314,0.014147931943779946,False,8,8,8.5,4,1.0,True,False,True
9,147,disty13,ACTTRAV_C03,0.6628266273355211,WALKTRAV_B02,0.6486786953917411,0.014147931943780057,False,8,8,4.0,1,1.0,True,False,True
9,147,disty2,ACTTRAV_C03,0.7174402684629432,WALKTRAV_B02,0.696045215053254,0.02139505340968917,False,8,7,27.5,23,0.875,True,False,True
9,147,disty3,ACTTRAV_C03,0.6760129434227155,WALKTRAV_B02,0.655529204550742,0.02048373887197341,False,8,2,33.5,24,0.25,False,False,False
9,147,disty4,ACTTRAV_C03,0.6698059821482013,WALKTRAV_B02,0.6556580502044214,0.014147931943779946,False,8,8,10.5,8,1.0,True,False,True
9,147,disty5,ACTTRAV_C03,0.7190950747377355,WALKTRAV_B02,0.7006913632251747,0.018403711512560816,False,8,4,29.5,17,0.5,True,False,True
9,147,disty6,ACTTRAV_C03,0.6972996958846446,WALKTRAV_B02,0.6831517639408647,0.014147931943779835,False,8,8,4.5,4,1.0,True,False,True
9,147,disty7,ACTTRAV_C03,0.6758881309870234,WALKTRAV_B02,0.6617401990432434,0.014147931943779946,False,8,8,17.0,15,1.0,True,False,True
9,147,disty8,ACTTRAV_C03,0.6498052866176063,WALKTRAV_B02,0.6356573546738263,0.014147931943779946,False,8,8,9.5,6,1.0,True,False,True
9,147,disty9,ACTTRAV_C03,0.6562012369085551,WALKTRAV_B02,0.6420533049647752,0.014147931943779946,False,8,8,8.5,4,1.0,True,False,True
9,147,limiting_disability,ACTTRAV_C03,0.706139789613876,WALKTRAV_B02,0.689222685829012,0.016917103784863996,False,8,0,69.5,63,0.0,False,False,False
9,147,no_disability,ACTTRAV_C03,0.7356838742009253,WALKTRAV_B02,0.717772011880754,0.01791186232017128,False,8,0,324.0,301,0.0,False,False,False
9,147,non_limiting_disability,ACTTRAV_C03,0.7170861737674931,WALKTRAV_B02,0.6898229130059289,0.027263260761564156,False,8,0,80.0,66,0.0,False,False,False
9,160,disty1,ACTTRAV_C03,0.6548029223905283,WALKTRAV_B02,0.6406549904467483,0.014147931943779946,False,8,7,27.0,21,0.875,True,False,True
9,160,disty10,ACTTRAV_C03,0.6215700309783952,WALKTRAV_B02,0.6074220990346153,0.014147931943779946,False,8,8,2.0,1,1.0,True,False,True
9,160,disty11,ACTTRAV_C03,0.5940011172057866,WALKTRAV_B02,0.5798531852620067,0.014147931943779946,False,7,7,2.0,1,1.0,True,True,True
9,160,disty12,ACTTRAV_C03,0.672991745737235,WALKTRAV_B02,0.658843813793455,0.014147931943779946,False,8,8,4.5,2,1.0,True,False,True
9,160,disty13,ACTTRAV_C03,0.6463226842156959,WALKTRAV_B02,0.632174752271916,0.014147931943779946,False,7,7,4.0,2,1.0,True,True,True
9,160,disty2,ACTTRAV_C03,0.6470153364149528,WALKTRAV_B02,0.6328674044711728,0.014147931943779946,False,8,8,21.0,14,1.0,True,False,True
9,160,disty3,ACTTRAV_C03,0.6192644932833213,WALKTRAV_B02,0.6051165613395414,0.014147931943779946,False,8,4,29.5,24,0.5,True,False,True
9,160,disty4,ACTTRAV_C03,0.5969040959196391,WALKTRAV_B02,0.5827561639758592,0.014147931943779946,False,8,8,9.0,4,1.0,True,False,True
9,160,disty5,ACTTRAV_C03,0.6694546813078637,WALKTRAV_B02,0.6553067493640837,0.014147931943779946,False,8,7,25.0,8,0.875,True,False,True
9,160,disty6,ACTTRAV_C03,0.5975900724215933,WALKTRAV_B02,0.5834421404778134,0.014147931943779946,False,8,8,5.0,2,1.0,True,False,True
9,160,disty7,ACTTRAV_C03,0.643209221655102,WALKTRAV_B02,0.629061289711322,0.014147931943779946,False,8,8,14.0,9,1.0,True,False,True
9,160,disty8,ACTTRAV_C03,0.6485313781119457,WALKTRAV_B02,0.6343834461681658,0.014147931943779946,False,8,8,10.5,3,1.0,True,False,True
9,160,disty9,ACTTRAV_C03,0.6202004808394802,WALKTRAV_B02,0.6060525488957003,0.014147931943779946,False,8,8,8.0,5,1.0,True,False,True
9,160,limiting_disability,ACTTRAV_C03,0.6564096378996095,WALKTRAV_B02,0.6422617059558295,0.014147931943779946,False,8,0,59.0,46,0.0,False,False,False
9,160,no_disability,ACTTRAV_C03,0.7322543076503575,WALKTRAV_B02,0.7146540451624278,0.017600262487929674,False,8,0,339.0,308,0.0,False,False,False
9,160,non_limiting_disability,ACTTRAV_C03,0.7196358487636428,WALKTRAV_B02,0.7011716848498072,0.01846416391383565,False,8,0,77.0,62,0.0,False,False,False
9,17,disty1,ACTTRAV_C03,0.6314700048896417,WALKTRAV_B02,0.6173220729458617,0.014147931943779946,False,8,1,43.5,28,0.125,False,False,False
9,17,disty10,ACTTRAV_C03,0.6021631318608804,WALKTRAV_B02,0.5880151999171005,0.014147931943779946,False,7,7,2.0,1,1.0,True,True,True
9,17,disty11,ACTTRAV_C03,0.5637235022700973,WALKTRAV_B02,0.5495755703263173,0.014147931943779946,False,8,8,2.0,1,1.0,True,False,True
9,17,disty12,ACTTRAV_C03,0.6808021002559931,WALKTRAV_B02,0.6666541683122131,0.014147931943779946,False,7,7,8.0,5,1.0,True,True,True
9,17,disty13,ACTTRAV_C03,0.7559177445549227,WALKTRAV_B02,0.7417698126111427,0.014147931943779946,False,8,8,6.0,3,1.0,True,False,True
9,17,disty2,ACTTRAV_C03,0.6370617336419743,WALKTRAV_B02,0.6229138016981943,0.014147931943779946,False,8,4,29.0,18,0.5,True,False,True
9,17,disty3,ACTTRAV_C03,0.6079274528516635,WALKTRAV_B02,0.5937795209078836,0.014147931943779946,False,8,0,51.0,40,0.0,False,False,False
9,17,disty4,ACTTRAV_C03,0.6225025505820779,WALKTRAV_B02,0.6083546186382979,0.014147931943780057,False,8,8,10.5,8,1.0,True,False,True
9,17,disty5,ACTTRAV_C03,0.6682520127749806,WALKTRAV_B02,0.6541040808312008,0.014147931943779835,False,8,5,25.0,18,0.625,True,False,True
9,17,disty6,ACTTRAV_C03,0.5336688896882287,WALKTRAV_B02,0.5195209577444488,0.014147931943779835,False,8,8,5.5,1,1.0,True,False,True
9,17,disty7,ACTTRAV_C03,0.6080411039630876,WALKTRAV_B02,0.5938931720193077,0.014147931943779946,False,8,7,23.5,12,0.875,True,False,True
9,17,disty8,ACTTRAV_C03,0.6220505548284311,WALKTRAV_B02,0.6079026228846511,0.014147931943779946,False,8,8,12.0,7,1.0,True,False,True
9,17,disty9,ACTTRAV_C03,0.5763394964233893,WALKTRAV_B02,0.5621915644796095,0.014147931943779835,False,8,8,11.0,7,1.0,True,False,True
9,17,limiting_disability,ACTTRAV_C03,0.637671697380977,WALKTRAV_B02,0.623523765437197,0.014147931943779946,False,8,0,78.0,71,0.0,False,False,False
9,17,no_disability,ACTTRAV_C03,0.6979591370275772,WALKTRAV_B02,0.6822208436028315,0.015738293424745642,False,8,0,315.5,291,0.0,False,False,False
9,17,non_limiting_disability,ACTTRAV_C03,0.7054332408677871,WALKTRAV_B02,0.6912853089240072,0.014147931943779946,False,8,0,73.0,63,0.0,False,False,False
9,171,disty1,ACTTRAV_C03,0.6412781318896388,WALKTRAV_B02,0.6271301999458588,0.014147931943779946,False,8,0,38.0,32,0.0,False,False,False
9,171,disty10,ACTTRAV_C03,0.6942089089371734,WALKTRAV_B02,0.6800609769933935,0.014147931943779835,False,8,8,5.0,2,1.0,True,False,True
9,171,disty11,ACTTRAV_C03,0.6645311780952297,WALKTRAV_B02,0.6503832461514497,0.014147931943779946,False,8,8,3.0,1,1.0,True,False,True
9,171,disty12,ACTTRAV_C03,0.7427204008578981,WALKTRAV_B02,0.7285724689141182,0.014147931943779946,False,8,8,6.5,4,1.0,True,False,True
9,171,disty13,ACTTRAV_C03,0.7082598912487891,WALKTRAV_B02,0.6941119593050091,0.014147931943779946,False,8,8,5.5,4,1.0,True,False,True
9,171,disty2,ACTTRAV_C03,0.6649061794587501,WALKTRAV_B02,0.6507582475149701,0.014147931943779946,False,8,7,25.0,20,0.875,True,False,True
9,171,disty3,ACTTRAV_C03,0.6760998724829189,WALKTRAV_B02,0.661951940539139,0.014147931943779946,False,8,1,33.5,26,0.125,False,False,False
9,171,disty4,ACTTRAV_C03,0.6906385985872113,WALKTRAV_B02,0.6764906666434314,0.014147931943779946,False,8,8,7.5,3,1.0,True,False,True
9,171,disty5,ACTTRAV_C03,0.6870250611518475,WALKTRAV_B02,0.6728771292080675,0.014147931943779946,False,8,5,25.5,14,0.625,True,False,True
9,171,disty6,ACTTRAV_C03,0.651029073047675,WALKTRAV_B02,0.636881141103895,0.014147931943779946,False,8,8,5.5,1,1.0,True,False,True
9,171,disty7,ACTTRAV_C03,0.6770523121579067,WALKTRAV_B02,0.6629043802141267,0.014147931943780057,False,8,8,18.0,12,1.0,True,False,True
9,171,disty8,ACTTRAV_C03,0.7208092480708048,WALKTRAV_B02,0.7066613161270249,0.014147931943779946,False,8,8,10.0,6,1.0,True,False,True
9,171,disty9,ACTTRAV_C03,0.6483910354535197,WALKTRAV_B02,0.6342431035097399,0.014147931943779835,False,8,8,10.0,7,1.0,True,False,True
9,171,limiting_disability,ACTTRAV_C03,0.685684894044045,WALKTRAV_B02,0.671536962100265,0.014147931943779946,False,8,0,69.5,58,0.0,False,False,False
9,171,no_disability,ACTTRAV_C03,0.7224991415612049,WALKTRAV_B02,0.7040824303124338,0.01841671124877109,False,8,0,329.5,305,0.0,False,False,False
9,171,non_limiting_disability,ACTTRAV_C03,0.7037392325400207,WALKTRAV_B02,0.6863135656426675,0.017425666897353143,False,8,0,55.5,47,0.0,False,False,False
9,196,disty1,ACTTRAV_C03,0.647777498546545,WALKTRAV_B02,0.633629566602765,0.014147931943779946,False,8,0,40.0,32,0.0,False,False,False
9,196,disty10,ACTTRAV_C03,0.7781826719435624,WALKTRAV_B02,0.7640347399997823,0.014147931943780057,False,8,8,3.0,1,1.0,True,False,True
9,196,disty11,ACTTRAV_C03,0.6243622143741524,WALKTRAV_B02,0.6102142824303726,0.014147931943779835,False,8,8,2.0,1,1.0,True,False,True
9,196,disty12,ACTTRAV_C03,0.668048871789963,WALKTRAV_B02,0.6508710658564749,0.017177805933488055,False,8,8,7.5,4,1.0,True,False,True
9,196,disty13,ACTTRAV_C03,0.6488145736734604,WALKTRAV_B02,0.6346666417296805,0.014147931943779946,False,8,8,5.5,3,1.0,True,False,True
9,196,disty2,ACTTRAV_C03,0.6874387665768379,WALKTRAV_B02,0.6732908346330579,0.014147931943779946,False,8,5,28.5,24,0.625,True,False,True
9,196,disty3,ACTTRAV_C03,0.6386118438639455,WALKTRAV_B02,0.6244639119201656,0.014147931943779946,False,8,0,38.0,31,0.0,False,False,False
9,196,disty4,ACTTRAV_C03,0.6413181226138841,WALKTRAV_B02,0.6209016000360305,0.020416522577853646,False,8,8,12.0,3,1.0,True,False,True
9,196,disty5,ACTTRAV_C03,0.6549475110374869,WALKTRAV_B02,0.6392784401634737,0.015669070874013258,False,8,7,21.0,10,0.875,True,False,True
9,196,disty6,ACTTRAV_C03,0.6887346267237068,WALKTRAV_B02,0.6745866947799267,0.014147931943780057,False,8,8,7.0,4,1.0,True,False,True
9,196,disty7,ACTTRAV_C03,0.6434535079034509,WALKTRAV_B02,0.629305575959671,0.014147931943779946,False,8,8,20.0,14,1.0,True,False,True
9,196,disty8,ACTTRAV_C03,0.6394206973656668,WALKTRAV_B02,0.6252727654218868,0.014147931943779946,False,8,8,10.5,6,1.0,True,False,True
9,196,disty9,ACTTRAV_C03,0.6078115127264244,WALKTRAV_B02,0.5936635807826445,0.014147931943779946,False,8,8,11.0,5,1.0,True,False,True
9,196,limiting_disability,ACTTRAV_C03,0.6628805775024821,WALKTRAV_B02,0.6468613101646555,0.016019267337826548,False,8,0,74.5,60,0.0,False,False,False
9,196,no_disability,ACTTRAV_C03,0.7078816592545933,WALKTRAV_B02,0.691169144191354,0.01671251506323934,False,8,0,330.0,301,0.0,False,False,False
9,196,non_limiting_disability,ACTTRAV_C03,0.7080264529389195,WALKTRAV_B02,0.6910283889269005,0.016998064012018976,False,8,0,76.0,63,0.0,False,False,False
9,201,disty1,ACTTRAV_C03,0.6993967738378389,WALKTRAV_B02,0.685248841894059,0.014147931943779946,False,8,7,23.0,20,0.875,True,False,True
9,201,disty10,ACTTRAV_C03,0.7890073403832263,WALKTRAV_B02,0.7748594084394463,0.014147931943779946,False,7,7,3.0,2,1.0,True,True,True
9,201,disty11,ACTTRAV_C03,0.7163606043661501,WALKTRAV_B02,0.7022126724223702,0.014147931943779946,False,7,7,2.0,1,1.0,True,True,True
9,201,disty12,ACTTRAV_C03,0.7495281504958825,WALKTRAV_B02,0.7353802185521024,0.014147931943780057,False,8,8,5.5,3,1.0,True,False,True
9,201,disty13,ACTTRAV_C03,0.7783509729274677,WALKTRAV_B02,0.7642030409836879,0.014147931943779835,False,8,8,3.5,1,1.0,True,False,True
9,201,disty2,ACTTRAV_C03,0.6909278347282906,WALKTRAV_B02,0.6767799027845106,0.014147931943779946,False,8,8,19.5,14,1.0,True,False,True
9,201,disty3,ACTTRAV_C03,0.6817065117038065,WALKTRAV_B02,0.66522978931636,0.016476722387446463,False,8,6,27.5,23,0.75,True,False,True
9,201,disty4,ACTTRAV_C03,0.6762108791316522,WALKTRAV_B02,0.6508260788867839,0.025384800244868333,False,8,8,9.0,6,1.0,True,False,True
9,201,disty5,ACTTRAV_C03,0.7546942862870683,WALKTRAV_B02,0.7405463543432883,0.014147931943779946,False,8,8,16.0,8,1.0,True,False,True
9,201,disty6,ACTTRAV_C03,0.7438422328291517,WALKTRAV_B02,0.7296943008853718,0.014147931943779946,False,8,8,5.5,2,1.0,True,False,True
9,201,disty7,ACTTRAV_C03,0.6827648359588036,WALKTRAV_B02,0.6686169040150237,0.014147931943779835,False,8,8,12.5,7,1.0,True,False,True
9,201,disty8,ACTTRAV_C03,0.7561369518556643,WALKTRAV_B02,0.7419890199118844,0.014147931943779946,False,8,8,6.5,3,1.0,True,False,True
9,201,disty9,ACTTRAV_C03,0.630870512992146,WALKTRAV_B02,0.6167225810483661,0.014147931943779946,False,8,8,5.0,2,1.0,True,False,True
9,201,limiting_disability,ACTTRAV_C03,0.7163133158174789,WALKTRAV_B02,0.6995931667681348,0.016720149049344157,False,8,0,52.5,42,0.0,False,False,False
9,201,no_disability,ACTTRAV_C03,0.740109087976641,WALKTRAV_B02,0.7162026661283712,0.023906421848269743,False,8,0,336.0,295,0.0,False,False,False
9,201,non_limiting_disability,ACTTRAV_C03,0.7233049817011612,WALKTRAV_B02,0.7005970446823994,0.022707937018761837,False,8,0,84.0,68,0.0,False,False,False
9,241,disty1,ACTTRAV_C03,0.6740800911131988,WALKTRAV_B02,0.6556908762686394,0.018389214844559354,False,8,3,31.0,24,0.375,False,False,False
9,241,disty10,ACTTRAV_C03,0.7869966051067729,WALKTRAV_B02,0.772848673162993,0.014147931943779946,False,8,8,4.0,3,1.0,True,False,True
9,241,disty11,ACTTRAV_C03,0.7427966204296833,WALKTRAV_B02,0.7286486884859034,0.014147931943779946,False,6,6,3.0,2,1.0,True,True,True
9,241,disty12,ACTTRAV_C03,0.7340313261468437,WALKTRAV_B02,0.7198833942030639,0.014147931943779835,False,8,8,8.5,4,1.0,True,False,True
9,241,disty13,ACTTRAV_C03,0.7471223080414363,WALKTRAV_B02,0.7329743760976565,0.014147931943779835,False,8,8,5.0,2,1.0,True,False,True
9,241,disty2,ACTTRAV_C03,0.7006895089584205,WALKTRAV_B02,0.6865415770146406,0.014147931943779946,False,8,6,22.0,14,0.75,True,False,True
9,241,disty3,ACTTRAV_C03,0.6704227541999946,WALKTRAV_B02,0.6562748222562147,0.014147931943779946,False,8,2,31.0,24,0.25,False,False,False
9,241,disty4,ACTTRAV_C03,0.7226818314462035,WALKTRAV_B02,0.7085338995024235,0.014147931943779946,False,8,8,8.0,5,1.0,True,False,True
9,241,disty5,ACTTRAV_C03,0.7449518182787112,WALKTRAV_B02,0.7050909837176917,0.03986083456101941,False,8,5,24.5,16,0.625,True,False,True
9,241,disty6,ACTTRAV_C03,0.7511659080925345,WALKTRAV_B02,0.7370179761487545,0.014147931943779946,False,8,8,5.0,3,1.0,True,False,True
9,241,disty7,ACTTRAV_C03,0.7059406773299655,WALKTRAV_B02,0.6754437855385796,0.030496891791385816,False,8,8,16.5,14,1.0,True,False,True
9,241,disty8,ACTTRAV_C03,0.7325186310314636,WALKTRAV_B02,0.7183706990876836,0.014147931943780057,False,8,8,10.0,6,1.0,True,False,True
9,241,disty9,ACTTRAV_C03,0.7389166271185208,WALKTRAV_B02,0.7247686951747409,0.014147931943779946,False,8,8,6.0,5,1.0,True,False,True
9,241,limiting_disability,ACTTRAV_C03,0.703409563925378,WALKTRAV_B02,0.6759549356339881,0.027454628291389893,False,8,0,61.0,50,0.0,False,False,False
9,241,no_disability,ACTTRAV_C03,0.7496436600856634,WALKTRAV_B02,0.7268003101198991,0.022843349965764315,False,8,0,342.0,312,0.0,False,False,False
9,241,non_limiting_disability,ACTTRAV_C03,0.7548250947856181,WALKTRAV_B02,0.7374714185193234,0.017353676266294693,False,8,0,75.0,54,0.0,False,False,False
9,255,disty1,ACTTRAV_C03,0.6766884523131501,WALKTRAV_B02,0.6585937871617716,0.018094665151378475,False,8,0,39.5,31,0.0,False,False,False
9,255,disty10,ACTTRAV_C03,0.6305287710533619,WALKTRAV_B02,0.6163808391095821,0.014147931943779835,False,8,8,3.0,2,1.0,True,False,True
9,255,disty11,ACTTRAV_C03,0.6545241645074634,WALKTRAV_B02,0.6403762325636835,0.014147931943779946,False,6,6,3.0,1,1.0,True,True,True
9,255,disty12,ACTTRAV_C03,0.7464351237532719,WALKTRAV_B02,0.7276918464759252,0.018743277277346704,False,8,8,5.5,2,1.0,True,False,True
9,255,disty13,ACTTRAV_C03,0.755301421656729,WALKTRAV_B02,0.7411534897129489,0.014147931943780057,False,8,8,5.0,2,1.0,True,False,True
9,255,disty2,ACTTRAV_C03,0.6740988045456804,WALKTRAV_B02,0.6599508726019004,0.014147931943779946,False,8,6,27.0,23,0.75,True,False,True
9,255,disty3,ACTTRAV_C03,0.6289603800882193,WALKTRAV_B02,0.6135273475193387,0.015433032568880622,False,8,0,43.0,33,0.0,False,False,False
9,255,disty4,ACTTRAV_C03,0.61912771732304,WALKTRAV_B02,0.60497978537926,0.014147931943779946,False,8,8,13.0,7,1.0,True,False,True
9,255,disty5,ACTTRAV_C03,0.7076094371656755,WALKTRAV_B02,0.6917076324445657,0.015901804721109802,False,8,6,23.5,15,0.75,True,False,True
9,255,disty6,ACTTRAV_C03,0.6494064112181054,WALKTRAV_B02,0.6352584792743254,0.014147931943779946,False,8,8,6.5,2,1.0,True,False,True
9,255,disty7,ACTTRAV_C03,0.6426130796572259,WALKTRAV_B02,0.6263901966326222,0.01622288302460373,False,8,7,25.0,19,0.875,True,False,True
9,255,disty8,ACTTRAV_C03,0.668197350346595,WALKTRAV_B02,0.6513384672871961,0.016858883059398866,False,8,8,12.0,7,1.0,True,False,True
9,255,disty9,ACTTRAV_C03,0.6781740151600889,WALKTRAV_B02,0.6640260832163088,0.014147931943780057,False,8,8,11.5,9,1.0,True,False,True
9,255,limiting_disability,ACTTRAV_C03,0.6634007122702473,WALKTRAV_B02,0.646659138568329,0.01674157370191831,False,8,0,76.0,59,0.0,False,False,False
9,255,no_disability,ACTTRAV_C03,0.7074899897805822,WALKTRAV_B02,0.6913589649746706,0.016131024805911554,False,8,0,328.0,273,0.0,False,False,False
9,255,non_limiting_disability,ACTTRAV_C03,0.7021453369238787,WALKTRAV_B02,0.6862111936688882,0.01593414325499054,False,8,0,78.0,59,0.0,False,False,False
9,272,disty1,ACTTRAV_C03,0.6778511361794407,WALKTRAV_B02,0.6637032042356606,0.014147931943780057,False,8,5,27.0,23,0.625,True,False,True
9,272,disty10,ACTTRAV_C03,0.6931398888408642,WALKTRAV_B02,0.6789919568970842,0.014147931943779946,False,8,8,3.5,2,1.0,True,False,True
9,272,disty11,ACTTRAV_C03,0.7012103052624282,WALKTRAV_B02,0.6870623733186482,0.014147931943780057,False,6,6,1.5,1,1.0,True,True,True
9,272,disty12,ACTTRAV_C03,0.6988010952939115,WALKTRAV_B02,0.6846531633501317,0.014147931943779835,False,8,8,9.0,1,1.0,True,False,True
9,272,disty13,ACTTRAV_C03,0.6351573904907968,WALKTRAV_B02,0.6210094585470168,0.014147931943779946,False,8,8,5.0,3,1.0,True,False,True
9,272,disty2,ACTTRAV_C03,0.6927695620885241,WALKTRAV_B02,0.6786216301447442,0.014147931943779946,False,8,8,21.5,18,1.0,True,False,True
9,272,disty3,ACTTRAV_C03,0.653361245490264,WALKTRAV_B02,0.6346902883373835,0.018670957152880474,False,8,8,23.0,17,1.0,True,False,True
9,272,disty4,ACTTRAV_C03,0.69876293715952,WALKTRAV_B02,0.68461500521574,0.014147931943779946,False,8,8,4.5,3,1.0,True,False,True
9,272,disty5,ACTTRAV_C03,0.6884301601201479,WALKTRAV_B02,0.6720914338686941,0.016338726251453828,False,8,6,24.5,16,0.75,True,False,True
9,272,disty6,ACTTRAV_C03,0.6947512313713952,WALKTRAV_B02,0.6806032994276152,0.014147931943779946,False,8,8,5.5,3,1.0,True,False,True
9,272,disty7,ACTTRAV_C03,0.6567006484413509,WALKTRAV_B02,0.642552716497571,0.014147931943779946,False,8,8,15.0,11,1.0,True,False,True
9,272,disty8,ACTTRAV_C03,0.6639968291180548,WALKTRAV_B02,0.6498488971742749,0.014147931943779946,False,8,8,7.5,4,1.0,True,False,True
9,272,disty9,ACTTRAV_C03,0.6477754670610572,WALKTRAV_B02,0.6336275351172772,0.014147931943779946,False,8,8,5.0,2,1.0,True,False,True
9,272,limiting_disability,ACTTRAV_C03,0.6879022847340632,WALKTRAV_B02,0.6711707735570558,0.01673151117700744,False,8,0,56.5,43,0.0,False,False,False
9,272,no_disability,ACTTRAV_C03,0.74548674298515,WALKTRAV_B02,0.7256970415891113,0.01978970139603875,False,8,0,356.5,311,0.0,False,False,False
9,272,non_limiting_disability,ACTTRAV_C03,0.7506254246565914,WALKTRAV_B02,0.7231810800023063,0.027444344654285135,False,8,0,58.0,41,0.0,False,False,False
9,279,disty1,ACTTRAV_C03,0.6851430319201013,WALKTRAV_B02,0.6668845225941209,0.018258509325980388,False,8,1,38.0,24,0.125,False,False,False
9,279,disty10,ACTTRAV_C03,0.7462911086575721,WALKTRAV_B02,0.7321431767137921,0.014147931943779946,False,8,8,3.0,2,1.0,True,False,True
9,279,disty11,ACTTRAV_C03,0.7282129675881048,WALKTRAV_B02,0.7140650356443249,0.014147931943779946,False,8,8,2.0,1,1.0,True,False,True
9,279,disty12,ACTTRAV_C03,0.7161675818594454,WALKTRAV_B02,0.7020196499156655,0.014147931943779946,False,8,8,5.5,3,1.0,True,False,True
9,279,disty13,ACTTRAV_C03,0.7460813322398342,WALKTRAV_B02,0.674007435036748,0.07207389720308621,False,8,8,3.5,1,1.0,True,False,True
9,279,disty2,ACTTRAV_C03,0.676542514611265,WALKTRAV_B02,0.6575003819500095,0.01904213266125554,False,8,7,27.0,19,0.875,True,False,True
9,279,disty3,ACTTRAV_C03,0.6812643816546263,WALKTRAV_B02,0.6671164497108465,0.014147931943779835,False,8,1,40.0,22,0.125,False,False,False
9,279,disty4,ACTTRAV_C03,0.7130510860637699,WALKTRAV_B02,0.6989031541199899,0.014147931943779946,False,8,8,8.5,2,1.0,True,False,True
9,279,disty5,ACTTRAV_C03,0.6866032457398888,WALKTRAV_B02,0.6669674201300496,0.01963582560983923,False,8,7,24.0,11,0.875,True,False,True
9,279,disty6,ACTTRAV_C03,0.7352898652239643,WALKTRAV_B02,0.7211419332801844,0.014147931943779946,False,8,8,4.5,1,1.0,True,False,True
9,279,disty7,ACTTRAV_C03,0.726099929548184,WALKTRAV_B02,0.7119519976044041,0.014147931943779946,False,8,8,19.0,16,1.0,True,False,True
9,279,disty8,ACTTRAV_C03,0.6630947162857538,WALKTRAV_B02,0.6489467843419738,0.014147931943779946,False,8,8,7.0,6,1.0,True,False,True
9,279,disty9,ACTTRAV_C03,0.63825210142661,WALKTRAV_B02,0.6241041694828301,0.014147931943779946,False,8,8,7.5,4,1.0,True,False,True
9,279,limiting_disability,ACTTRAV_C03,0.681551118058103,WALKTRAV_B02,0.6634895091517502,0.018061608906352777,False,8,0,65.5,50,0.0,False,False,False
9,279,no_disability,ACTTRAV_C03,0.7204574351736421,WALKTRAV_B02,0.7007501533246309,0.01970728184901127,False,8,0,333.5,308,0.0,False,False,False
9,279,non_limiting_disability,ACTTRAV_C03,0.751825176193457,WALKTRAV_B02,0.7289829119503265,0.022842264243130517,False,8,0,71.5,60,0.0,False,False,False
9,280,disty1,ACTTRAV_C03,0.7168262967372979,WALKTRAV_B02,0.7026783647935181,0.014147931943779835,False,8,8,21.5,13,1.0,True,False,True
9,280,disty10,ACTTRAV_C03,0.7242751126895438,WALKTRAV_B02,0.7101271807457639,0.014147931943779946,False,8,8,3.0,1,1.0,True,False,True
9,280,disty11,ACTTRAV_C03,0.6393524563883651,WALKTRAV_B02,0.6252045244445852,0.014147931943779946,False,5,5,2.0,1,1.0,True,True,True
9,280,disty12,ACTTRAV_C03,0.7423254259767033,WALKTRAV_B02,0.7281774940329233,0.014147931943779946,False,8,8,4.5,1,1.0,True,False,True
9,280,disty13,ACTTRAV_C03,0.7865086072731639,WALKTRAV_B02,0.7723606753293838,0.014147931943780057,False,8,8,3.5,1,1.0,True,False,True
9,280,disty2,ACTTRAV_C03,0.7438923844848978,WALKTRAV_B02,0.729744452541118,0.014147931943779835,False,8,8,18.0,12,1.0,True,False,True
9,280,disty3,ACTTRAV_C03,0.6741545110221951,WALKTRAV_B02,0.6600065790784152,0.014147931943779946,False,8,6,23.0,18,0.75,True,False,True
9,280,disty4,ACTTRAV_C03,0.628049682827874,WALKTRAV_B02,0.613901750884094,0.014147931943779946,False,8,8,5.5,2,1.0,True,False,True
9,280,disty5,ACTTRAV_C03,0.7519229948303229,WALKTRAV_B02,0.7377750628865429,0.014147931943779946,False,8,6,17.5,8,0.75,True,False,True
9,280,disty6,ACTTRAV_C03,0.7687819470088131,WALKTRAV_B02,0.7546340150650331,0.014147931943779946,False,8,8,3.0,1,1.0,True,False,True
9,280,disty7,ACTTRAV_C03,0.7407062065665124,WALKTRAV_B02,0.7265582746227325,0.014147931943779946,False,8,8,14.5,9,1.0,True,False,True
9,280,disty8,ACTTRAV_C03,0.708330076719439,WALKTRAV_B02,0.6941821447756592,0.014147931943779835,False,8,8,6.0,4,1.0,True,False,True
9,280,disty9,ACTTRAV_C03,0.7394506614705794,WALKTRAV_B02,0.7253027295267994,0.014147931943779946,False,8,8,5.5,3,1.0,True,False,True
9,280,limiting_disability,ACTTRAV_C03,0.7353660979944628,WALKTRAV_B02,0.721218166050683,0.014147931943779835,False,8,0,47.5,38,0.0,False,False,False
9,280,no_disability,ACTTRAV_C03,0.7617771910817253,WALKTRAV_B02,0.7298375419992896,0.03193964908243563,False,8,0,346.0,329,0.0,False,False,False
9,280,non_limiting_disability,ACTTRAV_C03,0.7498836945209014,WALKTRAV_B02,0.7342314178683557,0.01565227665254576,False,8,0,70.0,59,0.0,False,False,False
9,293,disty1,ACTTRAV_C03,0.6683847573773259,WALKTRAV_B02,0.654236825433546,0.014147931943779946,False,8,2,34.0,27,0.25,False,False,False
9,293,disty10,ACTTRAV_C03,0.6921534329194752,WALKTRAV_B02,0.6780055009756952,0.014147931943779946,False,8,8,5.5,2,1.0,True,False,True
9,293,disty11,ACTTRAV_C03,0.7629860542900582,WALKTRAV_B02,0.7488381223462782,0.014147931943779946,False,7,7,3.0,1,1.0,True,True,True
9,293,disty12,ACTTRAV_C03,0.6891166082526596,WALKTRAV_B02,0.6749686763088797,0.014147931943779946,False,8,8,10.0,6,1.0,True,False,True
9,293,disty13,ACTTRAV_C03,0.727394492453586,WALKTRAV_B02,0.7132465605098061,0.014147931943779946,False,8,8,3.5,1,1.0,True,False,True
9,293,disty2,ACTTRAV_C03,0.6678674835129415,WALKTRAV_B02,0.6537195515691615,0.014147931943779946,False,8,5,26.0,23,0.625,True,False,True
9,293,disty3,ACTTRAV_C03,0.6552170511462588,WALKTRAV_B02,0.6410691192024789,0.014147931943779946,False,8,1,37.5,25,0.125,False,False,False
9,293,disty4,ACTTRAV_C03,0.6441192698467035,WALKTRAV_B02,0.6299713379029236,0.014147931943779946,False,8,8,13.5,9,1.0,True,False,True
9,293,disty5,ACTTRAV_C03,0.6895672993324281,WALKTRAV_B02,0.6754193673886482,0.014147931943779946,False,8,6,24.0,13,0.75,True,False,True
9,293,disty6,ACTTRAV_C03,0.6075703885308218,WALKTRAV_B02,0.5934224565870418,0.014147931943779946,False,8,8,8.0,5,1.0,True,False,True
9,293,disty7,ACTTRAV_C03,0.6714702483093603,WALKTRAV_B02,0.6573223163655804,0.014147931943779946,False,8,8,16.0,11,1.0,True,False,True
9,293,disty8,ACTTRAV_C03,0.6622435274282361,WALKTRAV_B02,0.6480955954844562,0.014147931943779946,False,8,8,13.0,5,1.0,True,False,True
9,293,disty9,ACTTRAV_C03,0.6727410753515547,WALKTRAV_B02,0.6585931434077748,0.014147931943779946,False,8,8,10.0,4,1.0,True,False,True
9,293,limiting_disability,ACTTRAV_C03,0.6858545205884746,WALKTRAV_B02,0.6717065886446946,0.014147931943780057,False,8,0,69.5,47,0.0,False,False,False
9,293,no_disability,ACTTRAV_C03,0.7430240020097106,WALKTRAV_B02,0.7230426273459133,0.019981374663797347,False,8,0,325.5,289,0.0,False,False,False
9,293,non_limiting_disability,ACTTRAV_C03,0.7342176250396117,WALKTRAV_B02,0.7146549974612016,0.019562627578410097,False,8,0,75.0,57,0.0,False,False,False
9,30,disty1,ACTTRAV_C03,0.6295409367390951,WALKTRAV_B02,0.6137233422026671,0.015817594536427948,False,8,1,36.5,27,0.125,False,False,False
9,30,disty10,ACTTRAV_C03,0.6732536643847206,WALKTRAV_B02,0.6591057324409406,0.014147931943779946,False,7,7,5.0,2,1.0,True,True,True
9,30,disty11,ACTTRAV_C03,0.6864484161225367,WALKTRAV_B02,0.6723004841787568,0.014147931943779946,False,7,7,4.0,2,1.0,True,True,True
9,30,disty12,ACTTRAV_C03,0.7393339133898011,WALKTRAV_B02,0.7251859814460212,0.014147931943779946,False,8,8,8.5,4,1.0,True,False,True
9,30,disty13,ACTTRAV_C03,0.6996667178007674,WALKTRAV_B02,0.6855187858569874,0.014147931943779946,False,8,8,6.0,3,1.0,True,False,True
9,30,disty2,ACTTRAV_C03,0.6401507701608893,WALKTRAV_B02,0.6260028382171093,0.014147931943779946,False,8,3,30.5,25,0.375,False,False,False
9,30,disty3,ACTTRAV_C03,0.6449998236571887,WALKTRAV_B02,0.6308518917134087,0.014147931943779946,False,8,2,37.5,28,0.25,False,False,False
9,30,disty4,ACTTRAV_C03,0.6634488095485036,WALKTRAV_B02,0.6493008776047237,0.014147931943779946,False,8,8,9.5,5,1.0,True,False,True
9,30,disty5,ACTTRAV_C03,0.6991122676043567,WALKTRAV_B02,0.6839524058246665,0.015159861779690198,False,8,5,19.0,13,0.625,True,False,True
9,30,disty6,ACTTRAV_C03,0.6265730050635131,WALKTRAV_B02,0.6124250731197332,0.014147931943779946,False,8,8,6.5,3,1.0,True,False,True
9,30,disty7,ACTTRAV_C03,0.6785162320955697,WALKTRAV_B02,0.6643683001517897,0.014147931943779946,False,8,8,19.5,14,1.0,True,False,True
9,30,disty8,ACTTRAV_C03,0.6592457343409058,WALKTRAV_B02,0.6450978023971258,0.014147931943780057,False,8,8,13.5,7,1.0,True,False,True
9,30,disty9,ACTTRAV_C03,0.6625084952433745,WALKTRAV_B02,0.6483605632995946,0.014147931943779946,False,8,8,10.0,6,1.0,True,False,True
9,30,limiting_disability,ACTTRAV_C03,0.6811506734133,WALKTRAV_B02,0.6665144512765415,0.014636222136758525,False,8,0,64.0,52,0.0,False,False,False
9,30,no_disability,ACTTRAV_C03,0.7102187393481267,WALKTRAV_B02,0.6914788379012143,0.0187399014469124,False,8,0,331.5,320,0.0,False,False,False
9,30,non_limiting_disability,ACTTRAV_C03,0.7232038678946885,WALKTRAV_B02,0.7026259923878144,0.020577875506874066,False,8,0,62.5,52,0.0,False,False,False
9,35,disty1,ACTTRAV_C03,0.6282771125441188,WALKTRAV_B02,0.6141291806003388,0.014147931943779946,False,8,2,36.5,28,0.25,False,False,False
9,35,disty10,ACTTRAV_C03,0.6608551452800764,WALKTRAV_B02,0.6467072133362964,0.014147931943779946,False,8,8,3.0,1,1.0,True,False,True
9,35,disty11,ACTTRAV_C03,0.7201846271201592,WALKTRAV_B02,0.7060366951763792,0.014147931943779946,False,7,7,3.0,1,1.0,True,True,True
9,35,disty12,ACTTRAV_C03,0.7291457400861889,WALKTRAV_B02,0.714997808142409,0.014147931943779946,False,8,8,6.5,2,1.0,True,False,True
9,35,disty13,ACTTRAV_C03,0.6434354941197158,WALKTRAV_B02,0.6292875621759358,0.014147931943779946,False,8,8,5.0,2,1.0,True,False,True
9,35,disty2,ACTTRAV_C03,0.590984048004469,WALKTRAV_B02,0.5715875811875925,0.019396466816876567,False,8,8,21.0,18,1.0,True,False,True
9,35,disty3,ACTTRAV_C03,0.631685270598776,WALKTRAV_B02,0.6175373386549962,0.014147931943779835,False,8,0,40.5,35,0.0,False,False,False
9,35,disty4,ACTTRAV_C03,0.6077138053509072,WALKTRAV_B02,0.5935658734071273,0.014147931943779946,False,8,8,12.0,10,1.0,True,False,True
9,35,disty5,ACTTRAV_C03,0.7008427343227152,WALKTRAV_B02,0.6866948023789352,0.014147931943779946,False,8,7,22.5,10,0.875,True,False,True
9,35,disty6,ACTTRAV_C03,0.6372404052704954,WALKTRAV_B02,0.6230924733267155,0.014147931943779946,False,8,8,4.0,3,1.0,True,False,True
9,35,disty7,ACTTRAV_C03,0.6637702148757577,WALKTRAV_B02,0.6496222829319778,0.014147931943779946,False,8,8,16.5,11,1.0,True,False,True
9,35,disty8,ACTTRAV_C03,0.6615392966944841,WALKTRAV_B02,0.6473913647507041,0.014147931943779946,False,8,8,10.5,7,1.0,True,False,True
9,35,disty9,ACTTRAV_C03,0.6247589427968238,WALKTRAV_B02,0.6106110108530438,0.014147931943779946,False,8,8,9.5,5,1.0,True,False,True
9,35,limiting_disability,ACTTRAV_C03,0.6640200574841149,WALKTRAV_B02,0.648495321974816,0.015524735509298893,False,8,0,67.0,56,0.0,False,False,False
9,35,no_disability,ACTTRAV_C03,0.7172544826775246,WALKTRAV_B02,0.6999682735357506,0.017286209141773923,False,8,0,300.5,290,0.0,False,False,False
9,35,non_limiting_disability,ACTTRAV_C03,0.7002351537795416,WALKTRAV_B02,0.6849798901021311,0.01525526367741048,False,8,0,81.5,77,0.0,False,False,False
9,44,disty1,ACTTRAV_C03,0.6856753615188959,WALKTRAV_B02,0.6690888798898375,0.016586481629058403,False,8,3,31.0,26,0.375,False,False,False
9,44,disty10,ACTTRAV_C03,0.6630587866394418,WALKTRAV_B02,0.6489108546956619,0.014147931943779946,False,8,8,4.5,3,1.0,True,False,True
9,44,disty11,ACTTRAV_C03,0.6103464820517929,WALKTRAV_B02,0.5961985501080129,0.014147931943779946,False,8,8,3.0,2,1.0,True,False,True
9,44,disty12,ACTTRAV_C03,0.6963747354041246,WALKTRAV_B02,0.6777914387175948,0.018583296686529804,False,8,8,8.0,3,1.0,True,False,True
9,44,disty13,ACTTRAV_C03,0.7322509654363237,WALKTRAV_B02,0.7127491869373367,0.019501778498987044,False,8,8,5.5,2,1.0,True,False,True
9,44,disty2,ACTTRAV_C03,0.6938861959903403,WALKTRAV_B02,0.6797382640465605,0.014147931943779835,False,8,3,30.5,24,0.375,False,False,False
9,44,disty3,ACTTRAV_C03,0.6857112473810251,WALKTRAV_B02,0.6689609441055161,0.01675030327550897,False,8,0,41.0,31,0.0,False,False,False
9,44,disty4,ACTTRAV_C03,0.6799370000905356,WALKTRAV_B02,0.6657890681467556,0.014147931943779946,False,8,8,12.0,7,1.0,True,False,True
9,44,disty5,ACTTRAV_C03,0.7020525492572023,WALKTRAV_B02,0.6849932646565496,0.017059284600652647,False,8,3,32.5,21,0.375,False,False,False
9,44,disty6,ACTTRAV_C03,0.5983279255627348,WALKTRAV_B02,0.5841799936189549,0.014147931943779946,False,8,8,8.5,6,1.0,True,False,True
9,44,disty7,ACTTRAV_C03,0.6501495151420533,WALKTRAV_B02,0.6360015831982734,0.014147931943779946,False,8,8,19.5,13,1.0,True,False,True
9,44,disty8,ACTTRAV_C03,0.6677516813587105,WALKTRAV_B02,0.6536037494149306,0.014147931943779946,False,8,8,15.0,7,1.0,True,False,True
9,44,disty9,ACTTRAV_C03,0.6449152933568217,WALKTRAV_B02,0.6307673614130419,0.014147931943779835,False,8,8,10.5,8,1.0,True,False,True
9,44,limiting_disability,ACTTRAV_C03,0.7029899781293282,WALKTRAV_B02,0.686397557903421,0.016592420225907123,False,8,0,72.5,59,0.0,False,False,False
9,44,no_disability,ACTTRAV_C03,0.7413619827655644,WALKTRAV_B02,0.7223292328876435,0.019032749877920918,False,8,0,315.5,287,0.0,False,False,False
9,44,non_limiting_disability,ACTTRAV_C03,0.7351627313930781,WALKTRAV_B02,0.7143542905434243,0.02080844084965383,False,8,0,76.5,58,0.0,False,False,False
9,68,disty1,ACTTRAV_C03,0.6679802537290925,WALKTRAV_B02,0.6538323217853125,0.014147931943780057,False,8,1,37.5,24,0.125,False,False,False
9,68,disty10,ACTTRAV_C03,0.6428244269019507,WALKTRAV_B02,0.6239037871612019,0.018920639740748868,False,8,8,3.0,1,1.0,True,False,True
9,68,disty11,ACTTRAV_C03,0.6887040641928642,WALKTRAV_B02,0.6745561322490844,0.014147931943779835,False,8,8,2.5,1,1.0,True,False,True
9,68,disty12,ACTTRAV_C03,0.6892152980904512,WALKTRAV_B02,0.6736417358358305,0.015573562254620699,False,8,8,7.0,3,1.0,True,False,True
9,68,disty13,ACTTRAV_C03,0.6938881768112741,WALKTRAV_B02,0.6797402448674942,0.014147931943779946,False,8,8,4.5,2,1.0,True,False,True
9,68,disty2,ACTTRAV_C03,0.6749450700253664,WALKTRAV_B02,0.6607971380815866,0.014147931943779835,False,8,7,24.5,18,0.875,True,False,True
9,68,disty3,ACTTRAV_C03,0.6440330016144032,WALKTRAV_B02,0.6298850696706233,0.014147931943779946,False,8,1,37.0,29,0.125,False,False,False
9,68,disty4,ACTTRAV_C03,0.5978129461043254,WALKTRAV_B02,0.5836650141605455,0.014147931943779946,False,8,8,12.0,7,1.0,True,False,True
9,68,disty5,ACTTRAV_C03,0.6661032667041548,WALKTRAV_B02,0.6514819161065663,0.014621350597588512,False,8,6,23.0,14,0.75,True,False,True
9,68,disty6,ACTTRAV_C03,0.6226105975003767,WALKTRAV_B02,0.6084626655565967,0.014147931943780057,False,8,8,6.0,4,1.0,True,False,True
9,68,disty7,ACTTRAV_C03,0.637448458895373,WALKTRAV_B02,0.6233005269515931,0.014147931943779946,False,8,8,18.0,14,1.0,True,False,True
9,68,disty8,ACTTRAV_C03,0.6576611033250764,WALKTRAV_B02,0.6422906110927149,0.015370492232361532,False,8,8,12.0,6,1.0,True,False,True
9,68,disty9,ACTTRAV_C03,0.6046874942938608,WALKTRAV_B02,0.5905395623500808,0.014147931943780057,False,8,8,8.0,4,1.0,True,False,True
9,68,limiting_disability,ACTTRAV_C03,0.6747790005228521,WALKTRAV_B02,0.6604192506458447,0.014359749877007388,False,8,0,70.0,57,0.0,False,False,False
9,68,no_disability,ACTTRAV_C03,0.7055580608991231,WALKTRAV_B02,0.690083934522752,0.015474126376371133,False,8,0,323.0,288,0.0,False,False,False
9,68,non_limiting_disability,ACTTRAV_C03,0.7149821251762443,WALKTRAV_B02,0.7008341932324643,0.014147931943779946,False,8,0,72.0,57,0.0,False,False,False
9,78,disty1,ACTTRAV_C03,0.6711777253428979,WALKTRAV_B02,0.6542052782534897,0.01697244708940815,False,8,4,31.0,25,0.5,True,False,True
9,78,disty10,ACTTRAV_C03,0.7134727995860703,WALKTRAV_B02,0.6993248676422904,0.014147931943779946,False,7,7,3.0,1,1.0,True,True,True
9,78,disty11,ACTTRAV_C03,0.7326514552629968,WALKTRAV_B02,0.7185035233192169,0.014147931943779946,False,6,6,2.0,1,1.0,True,True,True
9,78,disty12,ACTTRAV_C03,0.6764507849583463,WALKTRAV_B02,0.6623028530145664,0.014147931943779946,False,8,8,6.0,3,1.0,True,False,True
9,78,disty13,ACTTRAV_C03,0.7565576609389569,WALKTRAV_B02,0.742409728995177,0.014147931943779946,False,8,8,5.5,2,1.0,True,False,True
9,78,disty2,ACTTRAV_C03,0.6971658795606898,WALKTRAV_B02,0.6830179476169098,0.014147931943779946,False,8,7,23.0,14,0.875,True,False,True
9,78,disty3,ACTTRAV_C03,0.645428332100734,WALKTRAV_B02,0.6271568399281945,0.01827149217253954,False,8,3,31.0,19,0.375,False,False,False
9,78,disty4,ACTTRAV_C03,0.6977201856538767,WALKTRAV_B02,0.6835722537100968,0.014147931943779946,False,8,8,6.5,2,1.0,True,False,True
9,78,disty5,ACTTRAV_C03,0.6968711900752077,WALKTRAV_B02,0.6801440137242715,0.016727176350936235,False,8,8,20.0,11,1.0,True,False,True
9,78,disty6,ACTTRAV_C03,0.7198747970655358,WALKTRAV_B02,0.7057268651217559,0.014147931943779946,False,8,8,5.0,2,1.0,True,False,True
9,78,disty7,ACTTRAV_C03,0.6574916355964903,WALKTRAV_B02,0.6433437036527103,0.014147931943779946,False,8,8,17.0,14,1.0,True,False,True
9,78,disty8,ACTTRAV_C03,0.6389824809762115,WALKTRAV_B02,0.6248345490324315,0.014147931943779946,False,8,8,7.5,4,1.0,True,False,True
9,78,disty9,ACTTRAV_C03,0.6422657079680503,WALKTRAV_B02,0.6281177760242703,0.014147931943779946,False,8,8,9.0,5,1.0,True,False,True
9,78,limiting_disability,ACTTRAV_C03,0.687641997720599,WALKTRAV_B02,0.670826748579635,0.016815249140963995,False,8,0,62.0,45,0.0,False,False,False
9,78,no_disability,ACTTRAV_C03,0.7148349090923587,WALKTRAV_B02,0.6934229627077119,0.02141194638464683,False,8,0,327.0,317,0.0,False,False,False
9,78,non_limiting_disability,ACTTRAV_C03,0.7307998031661657,WALKTRAV_B02,0.7130958194982415,0.01770398366792414,False,8,0,75.5,60,0.0,False,False,False
9,8,disty1,ACTTRAV_C03,0.6413330370953944,WALKTRAV_B02,0.6271851051516144,0.014147931943779946,False,8,0,47.0,42,0.0,False,False,False
9,8,disty10,ACTTRAV_C03,0.6643297739225016,WALKTRAV_B02,0.6501818419787216,0.014147931943779946,False,7,7,8.0,3,1.0,True,True,True
9,8,disty11,ACTTRAV_C03,0.6545376810649781,WALKTRAV_B02,0.6403897491211982,0.014147931943779946,False,8,8,4.0,1,1.0,True,False,True
9,8,disty12,ACTTRAV_C03,0.647464114650447,WALKTRAV_B02,0.633316182706667,0.014147931943779946,False,8,8,13.0,3,1.0,True,False,True
9,8,disty13,ACTTRAV_C03,0.656944581238486,WALKTRAV_B02,0.642796649294706,0.014147931943779946,False,8,8,6.0,4,1.0,True,False,True
9,8,disty2,ACTTRAV_C03,0.6382156159644696,WALKTRAV_B02,0.6240676840206897,0.014147931943779946,False,8,4,30.0,23,0.5,True,False,True
9,8,disty3,ACTTRAV_C03,0.6358020597014883,WALKTRAV_B02,0.6216541277577083,0.014147931943779946,False,8,0,47.5,36,0.0,False,False,False
9,8,disty4,ACTTRAV_C03,0.6512716685115879,WALKTRAV_B02,0.6371237365678081,0.014147931943779835,False,8,8,10.5,4,1.0,True,False,True
9,8,disty5,ACTTRAV_C03,0.6486119932082517,WALKTRAV_B02,0.6344640612644717,0.014147931943779946,False,8,3,38.0,21,0.375,False,False,False
9,8,disty6,ACTTRAV_C03,0.6444264960886554,WALKTRAV_B02,0.6302785641448755,0.014147931943779946,False,8,8,10.0,5,1.0,True,False,True
9,8,disty7,ACTTRAV_C03,0.6434036866366927,WALKTRAV_B02,0.6292557546929127,0.014147931943779946,False,8,4,31.0,18,0.5,True,False,True
9,8,disty8,ACTTRAV_C03,0.5915622994863121,WALKTRAV_B02,0.5774143675425322,0.014147931943779946,False,8,8,14.0,7,1.0,True,False,True
9,8,disty9,ACTTRAV_C03,0.6245990024386315,WALKTRAV_B02,0.6104510704948516,0.014147931943779946,False,8,8,13.5,5,1.0,True,False,True
9,8,limiting_disability,ACTTRAV_C03,0.6533295988988995,WALKTRAV_B02,0.6391816669551197,0.014147931943779835,False,8,0,87.0,73,0.0,False,False,False
9,8,no_disability,ACTTRAV_C03,0.6977389573327504,WALKTRAV_B02,0.6814953799454363,0.01624357738731408,False,8,0,318.5,294,0.0,False,False,False
9,8,non_limiting_disability,ACTTRAV_C03,0.7098371849787112,WALKTRAV_B02,0.6937919848061607,0.01604520017255051,False,8,0,68.5,44,0.0,False,False,False
9,9,disty1,ACTTRAV_C03,0.6698134237123677,WALKTRAV_B02,0.6556654917685878,0.014147931943779946,False,8,3,33.0,26,0.375,False,False,False
9,9,disty10,ACTTRAV_C03,0.6225098884334893,WALKTRAV_B02,0.6083619564897094,0.014147931943779946,False,7,7,3.0,1,1.0,True,True,True
9,9,disty11,ACTTRAV_C03,0.5416707759229563,WALKTRAV_B02,0.5275228439791764,0.014147931943779946,False,6,6,2.5,1,1.0,True,True,True
9,9,disty12,ACTTRAV_C03,0.6996249201851635,WALKTRAV_B02,0.6854769882413836,0.014147931943779946,False,8,8,7.5,5,1.0,True,False,True
9,9,disty13,ACTTRAV_C03,0.7482676475052961,WALKTRAV_B02,0.7341197155615161,0.014147931943779946,False,8,8,6.5,3,1.0,True,False,True
9,9,disty2,ACTTRAV_C03,0.6866781019926033,WALKTRAV_B02,0.6725301700488232,0.014147931943780057,False,8,3,30.5,12,0.375,False,False,False
9,9,disty3,ACTTRAV_C03,0.6661100085628494,WALKTRAV_B02,0.6519620766190694,0.014147931943780057,False,8,2,37.0,28,0.25,False,False,False
9,9,disty4,ACTTRAV_C03,0.6619241031317556,WALKTRAV_B02,0.6477761711879757,0.014147931943779946,False,8,8,11.0,8,1.0,True,False,True
9,9,disty5,ACTTRAV_C03,0.6984916373701328,WALKTRAV_B02,0.6843437054263528,0.014147931943779946,False,8,8,23.5,12,1.0,True,False,True
9,9,disty6,ACTTRAV_C03,0.6643810345929103,WALKTRAV_B02,0.6502331026491305,0.014147931943779835,False,8,8,6.0,2,1.0,True,False,True
9,9,disty7,ACTTRAV_C03,0.6610705827015834,WALKTRAV_B02,0.6469226507578033,0.014147931943780057,False,8,6,13.0,8,0.75,True,False,True
9,9,disty8,ACTTRAV_C03,0.6981028274495648,WALKTRAV_B02,0.6839548955057847,0.014147931943780057,False,8,8,10.0,6,1.0,True,False,True
9,9,disty9,ACTTRAV_C03,0.6232992089808742,WALKTRAV_B02,0.6091512770370943,0.014147931943779946,False,8,8,9.5,7,1.0,True,False,True
9,9,limiting_disability,ACTTRAV_C03,0.6792294341370758,WALKTRAV_B02,0.6650815021932958,0.014147931943780057,False,8,0,71.0,49,0.0,False,False,False
9,9,no_disability,ACTTRAV_C03,0.704531866927376,WALKTRAV_B02,0.6884149146445719,0.016116952282804076,False,8,0,333.0,288,0.0,False,False,False
9,9,non_limiting_disability,ACTTRAV_C03,0.7318012983727143,WALKTRAV_B02,0.7129255213259272,0.018875777046787112,False,8,0,82.5,57,0.0,False,False,False
9,91,disty1,ACTTRAV_C03,0.6328777718681827,WALKTRAV_B02,0.6160163272449064,0.016861444623276323,False,8,0,43.0,36,0.0,False,False,False
9,91,disty10,ACTTRAV_C03,0.6549191554244624,WALKTRAV_B02,0.6407712234806825,0.014147931943779946,False,8,8,4.5,2,1.0,True,False,True
9,91,disty11,ACTTRAV_C03,0.6066441062325119,WALKTRAV_B02,0.5924961742887319,0.014147931943779946,False,8,8,4.0,2,1.0,True,False,True
9,91,disty12,ACTTRAV_C03,0.6338891192817028,WALKTRAV_B02,0.6197411873379228,0.014147931943779946,False,8,8,8.5,5,1.0,True,False,True
9,91,disty13,ACTTRAV_C03,0.625259529110145,WALKTRAV_B02,0.6111115971663651,0.014147931943779946,False,8,8,6.0,3,1.0,True,False,True
9,91,disty2,ACTTRAV_C03,0.621620767064924,WALKTRAV_B02,0.6074728351211441,0.014147931943779835,False,8,4,32.5,18,0.5,True,False,True
9,91,disty3,ACTTRAV_C03,0.6357774372144843,WALKTRAV_B02,0.61751430889729,0.018263128317194344,False,8,0,48.5,35,0.0,False,False,False
9,91,disty4,ACTTRAV_C03,0.6499547798567421,WALKTRAV_B02,0.6358068479129622,0.014147931943779946,False,8,8,15.5,7,1.0,True,False,True
9,91,disty5,ACTTRAV_C03,0.6393120474279649,WALKTRAV_B02,0.6251641154841849,0.014147931943779946,False,8,6,26.5,19,0.75,True,False,True
9,91,disty6,ACTTRAV_C03,0.6692389146426736,WALKTRAV_B02,0.6550909826988937,0.014147931943779946,False,8,8,8.0,1,1.0,True,False,True
9,91,disty7,ACTTRAV_C03,0.6536767859722048,WALKTRAV_B02,0.6395288540284249,0.014147931943779946,False,8,6,25.0,16,0.75,True,False,True
9,91,disty8,ACTTRAV_C03,0.6305354434988629,WALKTRAV_B02,0.616387511555083,0.014147931943779946,False,8,8,16.0,5,1.0,True,False,True
9,91,disty9,ACTTRAV_C03,0.6314813868768142,WALKTRAV_B02,0.6173334549330342,0.014147931943780057,False,8,8,12.5,5,1.0,True,False,True
9,91,limiting_disability,ACTTRAV_C03,0.6579349185878737,WALKTRAV_B02,0.6416325932243037,0.016302325363570014,False,8,0,79.5,66,0.0,False,False,False
9,91,no_disability,ACTTRAV_C03,0.7002477062521758,WALKTRAV_B02,0.683050070939218,0.017197635312957815,False,8,0,312.0,286,0.0,False,False,False
9,91,non_limiting_disability,ACTTRAV_C03,0.704001696737849,WALKTRAV_B02,0.6836610585274652,0.020340638210383788,False,8,0,79.5,59,0.0,False,False,False
10,107,disty1,ACTTRAV_C03,0.6845954296221729,WALKTRAV_B02,0.6648565578155056,0.019738871806667335,False,8,1,44.5,28,0.125,False,False,False
10,107,disty10,ACTTRAV_C03,0.6926077269325689,WALKTRAV_B02,0.6763676919174525,0.016240035015116394,False,8,8,5.5,1,1.0,True,False,True
10,107,disty11,ACTTRAV_C03,0.6623784556267386,WALKTRAV_B02,0.6461384206116222,0.016240035015116394,False,7,7,5.0,1,1.0,True,True,True
10,107,disty12,ACTTRAV_C03,0.6993347145708108,WALKTRAV_B02,0.6830946795556944,0.016240035015116394,False,8,8,9.5,3,1.0,True,False,True
10,107,disty13,ACTTRAV_C03,0.7261710954094488,WALKTRAV_B02,0.7099310603943323,0.016240035015116505,False,8,8,7.0,4,1.0,True,False,True
10,107,disty2,ACTTRAV_C03,0.6921209719548728,WALKTRAV_B02,0.6758809369397564,0.016240035015116394,False,8,4,33.0,18,0.5,True,False,True
10,107,disty3,ACTTRAV_C03,0.6654009108816477,WALKTRAV_B02,0.6470762956690208,0.01832461521262685,False,8,2,44.0,25,0.25,False,False,False
10,107,disty4,ACTTRAV_C03,0.6608275738292987,WALKTRAV_B02,0.6445875388141823,0.016240035015116394,False,8,8,13.0,8,1.0,True,False,True
10,107,disty5,ACTTRAV_C03,0.7017334959909196,WALKTRAV_B02,0.6854934609758032,0.016240035015116394,False,8,3,35.0,20,0.375,False,False,False
10,107,disty6,ACTTRAV_C03,0.6522088361680419,WALKTRAV_B02,0.6359688011529255,0.016240035015116394,False,8,8,7.0,2,1.0,True,False,True
10,107,disty7,ACTTRAV_C03,0.6663989025875691,WALKTRAV_B02,0.6501588675724527,0.016240035015116394,False,8,4,25.5,16,0.5,True,False,True
10,107,disty8,ACTTRAV_C03,0.6772674255808881,WALKTRAV_B02,0.6610273905657718,0.016240035015116394,False,8,8,16.0,7,1.0,True,False,True
10,107,disty9,ACTTRAV_C03,0.661962610666922,WALKTRAV_B02,0.6457225756518057,0.016240035015116283,False,8,8,14.5,4,1.0,True,False,True
10,107,limiting_disability,ACTTRAV_C03,0.6878105126357893,WALKTRAV_B02,0.6707741467697661,0.017036365866023195,False,8,0,87.5,57,0.0,False,False,False
10,107,no_disability,ACTTRAV_C03,0.71657124404752,WALKTRAV_B02,0.6981595479959746,0.018411696051545468,False,8,0,325.5,300,0.0,False,False,False
10,107,non_limiting_disability,ACTTRAV_C03,0.7173332252625536,WALKTRAV_B02,0.7007090752350215,0.016624150027532147,False,8,0,88.0,60,0.0,False,False,False
10,109,disty1,ACTTRAV_C03,0.67752654513223,WALKTRAV_B02,0.6544619799181536,0.023064565214076405,False,8,2,38.0,23,0.25,False,False,False
10,109,disty10,ACTTRAV_C03,0.7072922439327928,WALKTRAV_B02,0.6780278816157735,0.029264362317019232,False,8,8,5.5,1,1.0,True,False,True
10,109,disty11,ACTTRAV_C03,0.6968256618461274,WALKTRAV_B02,0.680585626831011,0.016240035015116394,False,8,8,4.0,2,1.0,True,False,True
10,109,disty12,ACTTRAV_C03,0.7033460176609506,WALKTRAV_B02,0.6757698760040265,0.027576141656924125,False,8,8,11.5,2,1.0,True,False,True
10,109,disty13,ACTTRAV_C03,0.7273461337806236,WALKTRAV_B02,0.6724323404234616,0.054913793357162066,False,8,8,7.0,2,1.0,True,False,True
10,109,disty2,ACTTRAV_C03,0.6776773909437841,WALKTRAV_B02,0.6480699084831816,0.02960748246060252,False,8,4,29.5,16,0.5,True,False,True
10,109,disty3,ACTTRAV_C03,0.6717325641258876,WALKTRAV_B02,0.6521522120449725,0.01958035208091502,False,8,2,35.5,24,0.25,False,False,False
10,109,disty4,ACTTRAV_C03,0.701066572161135,WALKTRAV_B02,0.663202352242826,0.03786421991830902,False,8,8,12.0,5,1.0,True,False,True
10,109,disty5,ACTTRAV_C03,0.7136393954442941,WALKTRAV_B02,0.6898070105049254,0.023832384939368678,False,8,3,31.5,16,0.375,False,False,False
10,109,disty6,ACTTRAV_C03,0.6911338731098159,WALKTRAV_B02,0.6748938380946996,0.016240035015116283,False,8,8,7.0,3,1.0,True,False,True
10,109,disty7,ACTTRAV_C03,0.6725329584963878,WALKTRAV_B02,0.6562929234812714,0.016240035015116394,False,8,8,17.0,14,1.0,True,False,True
10,109,disty8,ACTTRAV_C03,0.6846540642500113,WALKTRAV_B02,0.6684140292348949,0.016240035015116394,False,8,8,14.0,10,1.0,True,False,True
10,109,disty9,ACTTRAV_C03,0.6899514324536682,WALKTRAV_B02,0.6737113974385519,0.016240035015116283,False,8,8,8.5,1,1.0,True,False,True
10,109,limiting_disability,ACTTRAV_C03,0.6944577938653648,WALKTRAV_B02,0.6740660973936844,0.020391696471680376,False,8,0,65.5,49,0.0,False,False,False
10,109,no_disability,ACTTRAV_C03,0.7346371505668192,WALKTRAV_B02,0.7165077356389323,0.01812941492788689,False,8,0,328.0,302,0.0,False,False,False
10,109,non_limiting_disability,ACTTRAV_C03,0.7408873523648896,WALKTRAV_B02,0.7185340365908064,0.02235331577408317,False,8,0,73.0,59,0.0,False,False,False
10,112,disty1,ACTTRAV_C03,0.6863500042890333,WALKTRAV_B02,0.6668018395837744,0.019548164705258886,False,8,2,35.0,26,0.25,False,False,False
10,112,disty10,ACTTRAV_C03,0.7290255770389528,WALKTRAV_B02,0.6932933089019216,0.03573226813703112,False,6,6,3.5,1,1.0,True,True,True
10,112,disty11,ACTTRAV_C03,0.6296507031736676,WALKTRAV_B02,0.6134106681585512,0.016240035015116394,False,6,6,2.5,1,1.0,True,True,True
10,112,disty12,ACTTRAV_C03,0.6773013805692544,WALKTRAV_B02,0.6567999766294258,0.020501403939828577,False,7,7,10.0,3,1.0,True,True,True
10,112,disty13,ACTTRAV_C03,0.7466070659662094,WALKTRAV_B02,0.730367030951093,0.016240035015116394,False,7,7,5.0,3,1.0,True,True,True
10,112,disty2,ACTTRAV_C03,0.701816749516944,WALKTRAV_B02,0.6855767145018276,0.016240035015116394,False,8,7,24.5,22,0.875,True,False,True
10,112,disty3,ACTTRAV_C03,0.6681282467013456,WALKTRAV_B02,0.6504722838706037,0.01765596283074189,False,8,0,32.5,31,0.0,False,False,False
10,112,disty4,ACTTRAV_C03,0.7344900840027012,WALKTRAV_B02,0.7182500489875848,0.016240035015116394,False,8,8,9.0,7,1.0,True,False,True
10,112,disty5,ACTTRAV_C03,0.6993408914554279,WALKTRAV_B02,0.6818143993631757,0.01752649209225221,False,8,7,21.0,8,0.875,True,False,True
10,112,disty6,ACTTRAV_C03,0.7152975597098993,WALKTRAV_B02,0.6990575246947829,0.016240035015116394,False,8,8,6.0,3,1.0,True,False,True
10,112,disty7,ACTTRAV_C03,0.6745312724434382,WALKTRAV_B02,0.6542451190835354,0.020286153359902803,False,8,8,18.0,12,1.0,True,False,True
10,112,disty8,ACTTRAV_C03,0.6458275211077957,WALKTRAV_B02,0.6290508398546132,0.016776681253182546,False,8,8,6.0,4,1.0,True,False,True
10,112,disty9,ACTTRAV_C03,0.7091949975657358,WALKTRAV_B02,0.6828906247326701,0.026304372833065637,False,8,8,6.0,3,1.0,True,False,True
10,112,limiting_disability,ACTTRAV_C03,0.6958106729207728,WALKTRAV_B02,0.6773889575191142,0.0184217154016586,False,8,0,62.5,60,0.0,False,False,False
10,112,no_disability,ACTTRAV_C03,0.7396401741718415,WALKTRAV_B02,0.7193674650512228,0.020272709120618626,False,8,0,337.0,320,0.0,False,False,False
10,112,non_limiting_disability,ACTTRAV_C03,0.7317438081702315,WALKTRAV_B02,0.7153590439809634,0.016384764189268153,False,8,0,66.0,55,0.0,False,False,False
10,114,disty1,ACTTRAV_C03,0.6897747100274488,WALKTRAV_B02,0.6735346750123324,0.016240035015116394,False,8,2,37.0,20,0.25,False,False,False
10,114,disty10,ACTTRAV_C03,0.7394494894527742,WALKTRAV_B02,0.7232094544376578,0.016240035015116394,False,7,7,4.0,2,1.0,True,True,True
10,114,disty11,ACTTRAV_C03,0.6669630962775994,WALKTRAV_B02,0.650723061262483,0.016240035015116394,False,6,6,3.0,1,1.0,True,True,True
10,114,disty12,ACTTRAV_C03,0.7103011155966537,WALKTRAV_B02,0.6932910267206723,0.017010088875981322,False,8,8,8.0,2,1.0,True,False,True
10,114,disty13,ACTTRAV_C03,0.7334245664819469,WALKTRAV_B02,0.7171845314668305,0.016240035015116394,False,8,8,6.0,3,1.0,True,False,True
10,114,disty2,ACTTRAV_C03,0.6967575290610916,WALKTRAV_B02,0.6805174940459752,0.016240035015116394,False,8,3,30.5,20,0.375,False,False,False
10,114,disty3,ACTTRAV_C03,0.6687841320129516,WALKTRAV_B02,0.6525440969978352,0.016240035015116394,False,8,2,38.0,19,0.25,False,False,False
10,114,disty4,ACTTRAV_C03,0.6437646494715501,WALKTRAV_B02,0.6275246144564337,0.016240035015116394,False,8,8,10.5,5,1.0,True,False,True
10,114,disty5,ACTTRAV_C03,0.7085914977176866,WALKTRAV_B02,0.6869279363567521,0.021663561360934502,False,8,3,30.5,14,0.375,False,False,False
10,114,disty6,ACTTRAV_C03,0.6906645960360841,WALKTRAV_B02,0.6744245610209677,0.016240035015116394,False,8,8,7.0,5,1.0,True,False,True
10,114,disty7,ACTTRAV_C03,0.6720603369107601,WALKTRAV_B02,0.6558203018956437,0.016240035015116394,False,8,7,21.0,7,0.875,True,False,True
10,114,disty8,ACTTRAV_C03,0.6879524583790981,WALKTRAV_B02,0.6717124233639817,0.016240035015116394,False,8,8,12.5,5,1.0,True,False,True
10,114,disty9,ACTTRAV_C03,0.6863488540977302,WALKTRAV_B02,0.6701088190826138,0.016240035015116394,False,8,8,10.5,6,1.0,True,False,True
10,114,limiting_disability,ACTTRAV_C03,0.7013943339541744,WALKTRAV_B02,0.6829767353025301,0.018417598651644274,False,8,0,76.5,47,0.0,False,False,False
10,114,no_disability,ACTTRAV_C03,0.7316743196540599,WALKTRAV_B02,0.7126775098490719,0.01899680980498808,False,8,0,324.5,273,0.0,False,False,False
10,114,non_limiting_disability,ACTTRAV_C03,0.7287927676543468,WALKTRAV_B02,0.711797918178442,0.016994849475904794,False,8,0,81.5,66,0.0,False,False,False
10,117,disty1,ACTTRAV_C03,0.6865587505693719,WALKTRAV_B02,0.6703187155542555,0.016240035015116394,False,8,3,32.0,23,0.375,False,False,False
10,117,disty10,ACTTRAV_C03,0.6858934875643176,WALKTRAV_B02,0.6696534525492012,0.016240035015116394,False,8,8,3.0,1,1.0,True,False,True
10,117,disty11,ACTTRAV_C03,0.710587388224138,WALKTRAV_B02,0.6943473532090216,0.016240035015116394,False,6,6,2.5,2,1.0,True,True,True
10,117,disty12,ACTTRAV_C03,0.7276620516519133,WALKTRAV_B02,0.711422016636797,0.016240035015116283,False,7,7,7.0,1,1.0,True,True,True
10,117,disty13,ACTTRAV_C03,0.709742205997717,WALKTRAV_B02,0.6935021709826006,0.016240035015116394,False,8,8,4.0,2,1.0,True,False,True
10,117,disty2,ACTTRAV_C03,0.6826065882562965,WALKTRAV_B02,0.6663665532411802,0.016240035015116283,False,8,5,22.5,17,0.625,True,False,True
10,117,disty3,ACTTRAV_C03,0.6869045629113358,WALKTRAV_B02,0.6706645278962194,0.016240035015116394,False,8,0,36.5,30,0.0,False,False,False
10,117,disty4,ACTTRAV_C03,0.6808249963923529,WALKTRAV_B02,0.6645849613772365,0.016240035015116394,False,8,8,8.5,3,1.0,True,False,True
10,117,disty5,ACTTRAV_C03,0.6527881989596576,WALKTRAV_B02,0.6365481639445412,0.016240035015116394,False,8,8,16.0,9,1.0,True,False,True
10,117,disty6,ACTTRAV_C03,0.6831107900411565,WALKTRAV_B02,0.6668707550260402,0.016240035015116283,False,8,8,6.0,1,1.0,True,False,True
10,117,disty7,ACTTRAV_C03,0.6809201645351598,WALKTRAV_B02,0.6646801295200434,0.016240035015116394,False,8,8,17.0,13,1.0,True,False,True
10,117,disty8,ACTTRAV_C03,0.6913399106046684,WALKTRAV_B02,0.675099875589552,0.016240035015116394,False,8,8,8.5,3,1.0,True,False,True
10,117,disty9,ACTTRAV_C03,0.6929207262297447,WALKTRAV_B02,0.6766806912146283,0.016240035015116394,False,8,8,10.5,4,1.0,True,False,True
10,117,limiting_disability,ACTTRAV_C03,0.6874577411776511,WALKTRAV_B02,0.6712177061625347,0.016240035015116394,False,8,0,65.5,51,0.0,False,False,False
10,117,no_disability,ACTTRAV_C03,0.7067289010469265,WALKTRAV_B02,0.688714101823812,0.018014799223114553,False,8,0,331.5,298,0.0,False,False,False
10,117,non_limiting_disability,ACTTRAV_C03,0.7038455984786877,WALKTRAV_B02,0.6874514723670466,0.01639412611164104,False,8,0,65.5,54,0.0,False,False,False
10,122,disty1,ACTTRAV_C03,0.6546700827947394,WALKTRAV_B02,0.6381841008749829,0.016485981919756476,False,8,0,51.5,41,0.0,False,False,False
10,122,disty10,ACTTRAV_C03,0.6684237129210701,WALKTRAV_B02,0.6521836779059537,0.016240035015116394,False,7,7,4.0,1,1.0,True,True,True
10,122,disty11,ACTTRAV_C03,0.6628913168273339,WALKTRAV_B02,0.6466512818122175,0.016240035015116394,False,6,6,3.0,1,1.0,True,True,True
10,122,disty12,ACTTRAV_C03,0.6419515522650918,WALKTRAV_B02,0.6257115172499755,0.016240035015116283,False,8,8,7.5,3,1.0,True,False,True
10,122,disty13,ACTTRAV_C03,0.6576837297418827,WALKTRAV_B02,0.6414436947267663,0.016240035015116394,False,8,8,5.0,2,1.0,True,False,True
10,122,disty2,ACTTRAV_C03,0.6698007359608917,WALKTRAV_B02,0.6532960609754377,0.01650467498545405,False,8,2,32.5,21,0.25,False,False,False
10,122,disty3,ACTTRAV_C03,0.6517338664915804,WALKTRAV_B02,0.635493831476464,0.016240035015116394,False,8,0,54.0,47,0.0,False,False,False
10,122,disty4,ACTTRAV_C03,0.6570224340778527,WALKTRAV_B02,0.6407823990627363,0.016240035015116394,False,8,8,17.5,11,1.0,True,False,True
10,122,disty5,ACTTRAV_C03,0.6718525174717567,WALKTRAV_B02,0.6550648502285887,0.016787667243167936,False,8,8,23.0,11,1.0,True,False,True
10,122,disty6,ACTTRAV_C03,0.6456760671957246,WALKTRAV_B02,0.6294360321806082,0.016240035015116394,False,8,8,8.0,1,1.0,True,False,True
10,122,disty7,ACTTRAV_C03,0.660604219269057,WALKTRAV_B02,0.6443641842539406,0.016240035015116394,False,8,5,24.5,19,0.625,True,False,True
10,122,disty8,ACTTRAV_C03,0.6415182852370505,WALKTRAV_B02,0.6252782502219341,0.016240035015116394,False,8,8,13.5,5,1.0,True,False,True
10,122,disty9,ACTTRAV_C03,0.6626385300362455,WALKTRAV_B02,0.6463984950211292,0.016240035015116283,False,8,8,13.0,8,1.0,True,False,True
10,122,limiting_disability,ACTTRAV_C03,0.6612630957527457,WALKTRAV_B02,0.6449086441225331,0.01635445163021254,False,8,0,83.5,70,0.0,False,False,False
10,122,no_disability,ACTTRAV_C03,0.7091964315647066,WALKTRAV_B02,0.6919677147613721,0.017228716803334487,False,8,0,300.0,269,0.0,False,False,False
10,122,non_limiting_disability,ACTTRAV_C03,0.6880795163960176,WALKTRAV_B02,0.6718394813809012,0.016240035015116394,False,8,0,79.0,65,0.0,False,False,False
10,126,disty1,ACTTRAV_C03,0.66145394861493,WALKTRAV_B02,0.6446866259405676,0.016767322674362428,False,8,0,36.0,33,0.0,False,False,False
10,126,disty10,ACTTRAV_C03,0.6864301132885902,WALKTRAV_B02,0.6701900782734738,0.016240035015116394,False,8,8,4.0,1,1.0,True,False,True
10,126,disty11,ACTTRAV_C03,0.6273359302194994,WALKTRAV_B02,0.6082319814809425,0.01910394873855692,False,8,8,2.5,2,1.0,True,False,True
10,126,disty12,ACTTRAV_C03,0.6714269660029304,WALKTRAV_B02,0.6551869309878141,0.016240035015116283,False,8,8,6.5,1,1.0,True,False,True
10,126,disty13,ACTTRAV_C03,0.7064858927680258,WALKTRAV_B02,0.6875976934648252,0.018888199303200515,False,8,8,5.0,2,1.0,True,False,True
10,126,disty2,ACTTRAV_C03,0.6611047436596982,WALKTRAV_B02,0.6443542402789885,0.016750503380709714,False,8,7,24.5,19,0.875,True,False,True
10,126,disty3,ACTTRAV_C03,0.6481651493257994,WALKTRAV_B02,0.6306897029127306,0.01747544641306875,False,8,0,36.0,30,0.0,False,False,False
10,126,disty4,ACTTRAV_C03,0.6492673785802432,WALKTRAV_B02,0.6320235878542084,0.01724379072603477,False,8,8,11.0,5,1.0,True,False,True
10,126,disty5,ACTTRAV_C03,0.6821688714293044,WALKTRAV_B02,0.6655107285609626,0.016658142868341774,False,8,8,22.0,16,1.0,True,False,True
10,126,disty6,ACTTRAV_C03,0.6568743498132262,WALKTRAV_B02,0.6406343147981098,0.016240035015116394,False,8,8,6.0,5,1.0,True,False,True
10,126,disty7,ACTTRAV_C03,0.6567704186656226,WALKTRAV_B02,0.6399819904841597,0.016788428181462867,False,8,8,18.5,12,1.0,True,False,True
10,126,disty8,ACTTRAV_C03,0.6553495080257131,WALKTRAV_B02,0.6379547926030309,0.017394715422682228,False,8,8,10.5,7,1.0,True,False,True
10,126,disty9,ACTTRAV_C03,0.6368996995664017,WALKTRAV_B02,0.6206596645512854,0.016240035015116283,False,8,8,9.5,7,1.0,True,False,True
10,126,limiting_disability,ACTTRAV_C03,0.6696188998833258,WALKTRAV_B02,0.6526728836236289,0.01694601625969694,False,8,0,65.5,51,0.0,False,False,False
10,126,no_disability,ACTTRAV_C03,0.6945727271265779,WALKTRAV_B02,0.6761212645487408,0.01845146257783714,False,8,0,316.0,301,0.0,False,False,False
10,126,non_limiting_disability,ACTTRAV_C03,0.709985169368776,WALKTRAV_B02,0.6937451343536596,0.016240035015116394,False,8,0,74.5,51,0.0,False,False,False
10,129,disty1,ACTTRAV_C03,0.6582006326030948,WALKTRAV_B02,0.6333198304138796,0.02488080218921518,False,8,0,40.0,30,0.0,False,False,False
10,129,disty10,ACTTRAV_C03,0.6480596436298945,WALKTRAV_B02,0.6318196086147781,0.016240035015116394,False,7,7,5.0,3,1.0,True,True,True
10,129,disty11,ACTTRAV_C03,0.6513211158728549,WALKTRAV_B02,0.6350810808577386,0.016240035015116283,False,8,8,2.0,2,1.0,True,False,True
10,129,disty12,ACTTRAV_C03,0.6845247995361723,WALKTRAV_B02,0.668284764521056,0.016240035015116283,False,8,8,11.5,1,1.0,True,False,True
10,129,disty13,ACTTRAV_C03,0.7052677793283857,WALKTRAV_B02,0.6890277443132693,0.016240035015116394,False,7,7,6.0,2,1.0,True,True,True
10,129,disty2,ACTTRAV_C03,0.6578324741506989,WALKTRAV_B02,0.6415924391355825,0.016240035015116394,False,8,4,29.0,21,0.5,True,False,True
10,129,disty3,ACTTRAV_C03,0.6640756518565339,WALKTRAV_B02,0.6390109126743028,0.025064739182231177,False,8,0,41.0,32,0.0,False,False,False
10,129,disty4,ACTTRAV_C03,0.6405715734495042,WALKTRAV_B02,0.6243315384343878,0.016240035015116394,False,8,8,10.5,7,1.0,True,False,True
10,129,disty5,ACTTRAV_C03,0.6705833838810171,WALKTRAV_B02,0.6535950885495475,0.016988295331469616,False,8,3,32.5,13,0.375,False,False,False
10,129,disty6,ACTTRAV_C03,0.6453367925617101,WALKTRAV_B02,0.6221904463856958,0.0231463461760143,False,8,8,6.5,3,1.0,True,False,True
10,129,disty7,ACTTRAV_C03,0.6507168661790291,WALKTRAV_B02,0.6344768311639127,0.016240035015116394,False,8,6,22.0,10,0.75,True,False,True
10,129,disty8,ACTTRAV_C03,0.674471114858187,WALKTRAV_B02,0.6582310798430706,0.016240035015116394,False,8,8,11.5,8,1.0,True,False,True
10,129,disty9,ACTTRAV_C03,0.653356237666513,WALKTRAV_B02,0.6371162026513966,0.016240035015116394,False,8,8,10.5,4,1.0,True,False,True
10,129,limiting_disability,ACTTRAV_C03,0.6742989153490172,WALKTRAV_B02,0.6542179793343237,0.020080936014693518,False,8,0,84.0,56,0.0,False,False,False
10,129,no_disability,ACTTRAV_C03,0.7035974779086887,WALKTRAV_B02,0.6854467219754244,0.018150755933264207,False,8,0,322.5,298,0.0,False,False,False
10,129,non_limiting_disability,ACTTRAV_C03,0.7155352869670267,WALKTRAV_B02,0.6986479573616118,0.016887329605414947,False,8,0,70.0,56,0.0,False,False,False
10,135,disty1,ACTTRAV_C03,0.6868049491419477,WALKTRAV_B02,0.6705649141268314,0.016240035015116283,False,8,0,35.0,32,0.0,False,False,False
10,135,disty10,ACTTRAV_C03,0.7220272082407112,WALKTRAV_B02,0.7057871732255948,0.016240035015116394,False,8,8,6.5,3,1.0,True,False,True
10,135,disty11,ACTTRAV_C03,0.7275365335670801,WALKTRAV_B02,0.7112964985519638,0.016240035015116394,False,8,8,4.0,1,1.0,True,False,True
10,135,disty12,ACTTRAV_C03,0.7417838297699634,WALKTRAV_B02,0.7250971851883415,0.016686644581621835,False,8,8,10.0,3,1.0,True,False,True
10,135,disty13,ACTTRAV_C03,0.70679293172725,WALKTRAV_B02,0.6905528967121336,0.016240035015116394,False,8,8,8.0,5,1.0,True,False,True
10,135,disty2,ACTTRAV_C03,0.7074065035786035,WALKTRAV_B02,0.6894729349246053,0.0179335686539982,False,8,4,29.5,25,0.5,True,False,True
10,135,disty3,ACTTRAV_C03,0.6738889179170627,WALKTRAV_B02,0.6576488829019463,0.016240035015116394,False,8,1,36.5,22,0.125,False,False,False
10,135,disty4,ACTTRAV_C03,0.6992701214633475,WALKTRAV_B02,0.6830300864482312,0.016240035015116394,False,8,8,9.0,5,1.0,True,False,True
10,135,disty5,ACTTRAV_C03,0.7290149770584323,WALKTRAV_B02,0.7094504775969271,0.01956449946150518,False,8,1,33.5,18,0.125,False,False,False
10,135,disty6,ACTTRAV_C03,0.6244199071977633,WALKTRAV_B02,0.6081798721826469,0.016240035015116394,False,8,8,5.0,1,1.0,True,False,True
10,135,disty7,ACTTRAV_C03,0.6911276154689169,WALKTRAV_B02,0.6748875804538005,0.016240035015116394,False,8,7,17.5,14,0.875,True,False,True
10,135,disty8,ACTTRAV_C03,0.7005039402585307,WALKTRAV_B02,0.6828241807828479,0.017679759475682788,False,8,8,15.5,11,1.0,True,False,True
10,135,disty9,ACTTRAV_C03,0.6640244040323041,WALKTRAV_B02,0.6350636688061988,0.028960735226105316,False,8,8,8.0,5,1.0,True,False,True
10,135,limiting_disability,ACTTRAV_C03,0.7084759855053109,WALKTRAV_B02,0.6907984578140304,0.017677527691280503,False,8,0,73.0,64,0.0,False,False,False
10,135,no_disability,ACTTRAV_C03,0.7303830350538116,WALKTRAV_B02,0.7106306279994553,0.019752407054356325,False,8,0,315.0,302,0.0,False,False,False
10,135,non_limiting_disability,ACTTRAV_C03,0.743871834659032,WALKTRAV_B02,0.7239050806439221,0.019966754015109833,False,8,0,73.0,53,0.0,False,False,False
10,136,disty1,ACTTRAV_C03,0.6780608584445781,WALKTRAV_B02,0.6615692546752279,0.016491603769350216,False,8,2,36.5,24,0.25,False,False,False
10,136,disty10,ACTTRAV_C03,0.6636042776638367,WALKTRAV_B02,0.6457864008530086,0.017817876810828026,False,8,8,4.0,3,1.0,True,False,True
10,136,disty11,ACTTRAV_C03,0.64021167149286,WALKTRAV_B02,0.6239716364777436,0.016240035015116394,False,8,8,3.5,1,1.0,True,False,True
10,136,disty12,ACTTRAV_C03,0.6480714877370305,WALKTRAV_B02,0.6314448569766787,0.016626630760351757,False,8,8,6.5,3,1.0,True,False,True
10,136,disty13,ACTTRAV_C03,0.6775555469967204,WALKTRAV_B02,0.661315511981604,0.016240035015116394,False,7,7,5.0,1,1.0,True,True,True
10,136,disty2,ACTTRAV_C03,0.676972509708794,WALKTRAV_B02,0.6607324746936776,0.016240035015116394,False,8,5,27.5,20,0.625,True,False,True
10,136,disty3,ACTTRAV_C03,0.6663424550026281,WALKTRAV_B02,0.64995870285802,0.016383752144608077,False,8,1,38.0,27,0.125,False,False,False
10,136,disty4,ACTTRAV_C03,0.6588809027622027,WALKTRAV_B02,0.6420639878333271,0.016816914928875604,False,8,8,13.0,6,1.0,True,False,True
10,136,disty5,ACTTRAV_C03,0.6692002525172734,WALKTRAV_B02,0.6502866470255855,0.018913605491687968,False,8,5,24.5,16,0.625,True,False,True
10,136,disty6,ACTTRAV_C03,0.6626342138158438,WALKTRAV_B02,0.6463941788007275,0.016240035015116283,False,8,8,6.5,3,1.0,True,False,True
10,136,disty7,ACTTRAV_C03,0.664479786849055,WALKTRAV_B02,0.6475122813136602,0.016967505535394722,False,8,8,17.0,10,1.0,True,False,True
10,136,disty8,ACTTRAV_C03,0.6590069232160299,WALKTRAV_B02,0.6423021859320468,0.01670473728398314,False,8,8,11.0,7,1.0,True,False,True
10,136,disty9,ACTTRAV_C03,0.6607370848989526,WALKTRAV_B02,0.6444970498838362,0.016240035015116394,False,8,8,8.0,4,1.0,True,False,True
10,136,limiting_disability,ACTTRAV_C03,0.6746276559883232,WALKTRAV_B02,0.6570788693110419,0.017548786677281325,False,8,0,66.0,51,0.0,False,False,False
10,136,no_disability,ACTTRAV_C03,0.7233040878930544,WALKTRAV_B02,0.7016514375399707,0.021652650353083724,False,8,0,315.5,291,0.0,False,False,False
10,136,non_limiting_disability,ACTTRAV_C03,0.7302844358415669,WALKTRAV_B02,0.7130999904158156,0.01718444542575126,False,8,0,71.5,64,0.0,False,False,False
10,139,disty1,ACTTRAV_C03,0.6841883988905144,WALKTRAV_B02,0.667948363875398,0.016240035015116394,False,8,4,30.0,19,0.5,True,False,True
10,139,disty10,ACTTRAV_C03,0.6760700142012231,WALKTRAV_B02,0.6598299791861068,0.016240035015116394,False,8,8,2.5,1,1.0,True,False,True
10,139,disty11,ACTTRAV_C03,0.7145197732646348,WALKTRAV_B02,0.6982797382495184,0.016240035015116394,False,7,7,2.0,1,1.0,True,True,True
10,139,disty12,ACTTRAV_C03,0.720766445962213,WALKTRAV_B02,0.704309642940445,0.016456803021767996,False,8,8,6.5,2,1.0,True,False,True
10,139,disty13,ACTTRAV_C03,0.7268254874408521,WALKTRAV_B02,0.7105854524257357,0.016240035015116394,False,8,8,3.0,1,1.0,True,False,True
10,139,disty2,ACTTRAV_C03,0.6949193272034482,WALKTRAV_B02,0.6786792921883318,0.016240035015116394,False,8,6,24.5,14,0.75,True,False,True
10,139,disty3,ACTTRAV_C03,0.6850198506589796,WALKTRAV_B02,0.6687798156438634,0.016240035015116283,False,8,2,35.0,22,0.25,False,False,False
10,139,disty4,ACTTRAV_C03,0.7115425104636982,WALKTRAV_B02,0.6953024754485818,0.016240035015116394,False,8,8,10.0,6,1.0,True,False,True
10,139,disty5,ACTTRAV_C03,0.707261915458146,WALKTRAV_B02,0.6909176266876133,0.016344288770532733,False,8,6,20.0,14,0.75,True,False,True
10,139,disty6,ACTTRAV_C03,0.6410962552472397,WALKTRAV_B02,0.6248562202321233,0.016240035015116394,False,8,8,5.5,4,1.0,True,False,True
10,139,disty7,ACTTRAV_C03,0.6839159985975728,WALKTRAV_B02,0.6676759635824564,0.016240035015116394,False,8,8,15.0,12,1.0,True,False,True
10,139,disty8,ACTTRAV_C03,0.638441401708465,WALKTRAV_B02,0.6222013666933486,0.016240035015116394,False,8,8,5.5,4,1.0,True,False,True
10,139,disty9,ACTTRAV_C03,0.6516174132294575,WALKTRAV_B02,0.6353773782143411,0.016240035015116394,False,8,8,7.0,2,1.0,True,False,True
10,139,limiting_disability,ACTTRAV_C03,0.6965134624611902,WALKTRAV_B02,0.6802205007759948,0.01629296168519534,False,8,0,63.0,48,0.0,False,False,False
10,139,no_disability,ACTTRAV_C03,0.7237276616792528,WALKTRAV_B02,0.7024220757285392,0.021305585950713635,False,8,0,317.5,306,0.0,False,False,False
10,139,non_limiting_disability,ACTTRAV_C03,0.72557451751099,WALKTRAV_B02,0.7082483974608845,0.017326120050105476,False,8,0,75.0,70,0.0,False,False,False
10,142,disty1,ACTTRAV_C03,0.7038427639162144,WALKTRAV_B02,0.685948379411699,0.017894384504515415,False,8,3,35.0,24,0.375,False,False,False
10,142,disty10,ACTTRAV_C03,0.7422688364713201,WALKTRAV_B02,0.7260288014562037,0.016240035015116394,False,8,8,7.5,2,1.0,True,False,True
10,142,disty11,ACTTRAV_C03,0.7084615392156223,WALKTRAV_B02,0.6922215042005059,0.016240035015116394,False,8,8,5.0,2,1.0,True,False,True
10,142,disty12,ACTTRAV_C03,0.7154030798895271,WALKTRAV_B02,0.6991630448744107,0.016240035015116394,False,8,8,10.5,8,1.0,True,False,True
10,142,disty13,ACTTRAV_C03,0.7173076866747339,WALKTRAV_B02,0.7010676516596175,0.016240035015116394,False,8,8,7.0,3,1.0,True,False,True
10,142,disty2,ACTTRAV_C03,0.7103339059945223,WALKTRAV_B02,0.694093870979406,0.016240035015116283,False,8,4,30.5,14,0.5,True,False,True
10,142,disty3,ACTTRAV_C03,0.7012395611496143,WALKTRAV_B02,0.6835332529115022,0.017706308238112034,False,8,3,40.5,24,0.375,False,False,False
10,142,disty4,ACTTRAV_C03,0.6956662215849325,WALKTRAV_B02,0.6794261865698161,0.016240035015116394,False,8,8,10.0,5,1.0,True,False,True
10,142,disty5,ACTTRAV_C03,0.7092583158067925,WALKTRAV_B02,0.6909517992778988,0.0183065165288937,False,8,4,32.5,20,0.5,True,False,True
10,142,disty6,ACTTRAV_C03,0.6534147462057425,WALKTRAV_B02,0.6371747111906261,0.016240035015116394,False,8,8,8.0,1,1.0,True,False,True
10,142,disty7,ACTTRAV_C03,0.7014684360868129,WALKTRAV_B02,0.6852284010716965,0.016240035015116394,False,8,7,23.5,11,0.875,True,False,True
10,142,disty8,ACTTRAV_C03,0.6896762867437835,WALKTRAV_B02,0.6734362517286671,0.016240035015116394,False,8,8,11.5,8,1.0,True,False,True
10,142,disty9,ACTTRAV_C03,0.6474005116150787,WALKTRAV_B02,0.6311604765999624,0.016240035015116283,False,8,8,7.0,3,1.0,True,False,True
10,142,limiting_disability,ACTTRAV_C03,0.7104193047589014,WALKTRAV_B02,0.6922691787515749,0.01815012600732646,False,8,0,71.5,46,0.0,False,False,False
10,142,no_disability,ACTTRAV_C03,0.7394899210366931,WALKTRAV_B02,0.7216932538230192,0.0177966672136739,False,8,0,326.0,306,0.0,False,False,False
10,142,non_limiting_disability,ACTTRAV_C03,0.7329981399260581,WALKTRAV_B02,0.7136672772854367,0.01933086264062145,False,8,0,84.5,74,0.0,False,False,False
10,147,disty1,ACTTRAV_C03,0.6957304918756583,WALKTRAV_B02,0.6787938458847723,0.016936645990885957,False,8,2,33.5,25,0.25,False,False,False
10,147,disty10,ACTTRAV_C03,0.7084826587325098,WALKTRAV_B02,0.6922426237173934,0.016240035015116394,False,8,8,4.0,2,1.0,True,False,True
10,147,disty11,ACTTRAV_C03,0.719040920187601,WALKTRAV_B02,0.7028008851724846,0.016240035015116394,False,7,7,4.0,1,1.0,True,True,True
10,147,disty12,ACTTRAV_C03,0.7160053908143723,WALKTRAV_B02,0.6997653557992559,0.016240035015116394,False,8,8,8.5,4,1.0,True,False,True
10,147,disty13,ACTTRAV_C03,0.7132756486495603,WALKTRAV_B02,0.6970356136344439,0.016240035015116394,False,8,8,4.0,1,1.0,True,False,True
10,147,disty2,ACTTRAV_C03,0.7112671248063552,WALKTRAV_B02,0.6939554331606143,0.01731169164574098,False,8,7,27.5,23,0.875,True,False,True
10,147,disty3,ACTTRAV_C03,0.6889829206032917,WALKTRAV_B02,0.6718059881542224,0.01717693244906926,False,8,2,33.5,24,0.25,False,False,False
10,147,disty4,ACTTRAV_C03,0.689864018867274,WALKTRAV_B02,0.6736239838521576,0.016240035015116394,False,8,8,10.5,8,1.0,True,False,True
10,147,disty5,ACTTRAV_C03,0.7105100318055303,WALKTRAV_B02,0.6936406801141564,0.016869351691373935,False,8,4,29.5,17,0.5,True,False,True
10,147,disty6,ACTTRAV_C03,0.7082103304636885,WALKTRAV_B02,0.6919702954485722,0.016240035015116283,False,8,8,4.5,4,1.0,True,False,True
10,147,disty7,ACTTRAV_C03,0.6876872326912137,WALKTRAV_B02,0.6714471976760973,0.016240035015116394,False,8,8,17.0,15,1.0,True,False,True
10,147,disty8,ACTTRAV_C03,0.6660741150821724,WALKTRAV_B02,0.649834080067056,0.016240035015116394,False,8,8,9.5,6,1.0,True,False,True
10,147,disty9,ACTTRAV_C03,0.6789663503517892,WALKTRAV_B02,0.6627263153366728,0.016240035015116394,False,8,8,8.5,4,1.0,True,False,True
10,147,limiting_disability,ACTTRAV_C03,0.7057996277627869,WALKTRAV_B02,0.6891501058391378,0.016649521923649102,False,8,0,69.5,63,0.0,False,False,False
10,147,no_disability,ACTTRAV_C03,0.7283573362525079,WALKTRAV_B02,0.7101136948695603,0.01824364138294754,False,8,0,324.0,301,0.0,False,False,False
10,147,non_limiting_disability,ACTTRAV_C03,0.7167743837895304,WALKTRAV_B02,0.6916825424717484,0.02509184131778197,False,8,0,80.0,66,0.0,False,False,False
10,160,disty1,ACTTRAV_C03,0.6702103089652017,WALKTRAV_B02,0.6539702739500853,0.016240035015116394,False,8,7,27.0,21,0.875,True,False,True
10,160,disty10,ACTTRAV_C03,0.6476144867231483,WALKTRAV_B02,0.6313744517080319,0.016240035015116394,False,8,8,2.0,1,1.0,True,False,True
10,160,disty11,ACTTRAV_C03,0.6323306961516462,WALKTRAV_B02,0.6160906611365298,0.016240035015116394,False,7,7,2.0,1,1.0,True,True,True
10,160,disty12,ACTTRAV_C03,0.6942208882143149,WALKTRAV_B02,0.6779808531991987,0.016240035015116283,False,8,8,4.5,2,1.0,True,False,True
10,160,disty13,ACTTRAV_C03,0.6990563136022475,WALKTRAV_B02,0.6828162785871311,0.016240035015116394,False,7,7,4.0,2,1.0,True,True,True
10,160,disty2,ACTTRAV_C03,0.6624964781429444,WALKTRAV_B02,0.646256443127828,0.016240035015116394,False,8,8,21.0,14,1.0,True,False,True
10,160,disty3,ACTTRAV_C03,0.6544503031190246,WALKTRAV_B02,0.6382102681039082,0.016240035015116394,False,8,4,29.5,24,0.5,True,False,True
10,160,disty4,ACTTRAV_C03,0.6343820288836169,WALKTRAV_B02,0.6181419938685005,0.016240035015116394,False,8,8,9.0,4,1.0,True,False,True
10,160,disty5,ACTTRAV_C03,0.6872012036162588,WALKTRAV_B02,0.6709611686011424,0.016240035015116394,False,8,7,25.0,8,0.875,True,False,True
10,160,disty6,ACTTRAV_C03,0.634203803806825,WALKTRAV_B02,0.6179637687917086,0.016240035015116394,False,8,8,5.0,2,1.0,True,False,True
10,160,disty7,ACTTRAV_C03,0.6603414075619463,WALKTRAV_B02,0.6441013725468299,0.016240035015116394,False,8,8,14.0,9,1.0,True,False,True
10,160,disty8,ACTTRAV_C03,0.6606861314382724,WALKTRAV_B02,0.644446096423156,0.016240035015116394,False,8,8,10.5,3,1.0,True,False,True
10,160,disty9,ACTTRAV_C03,0.6360467094867942,WALKTRAV_B02,0.6198066744716778,0.016240035015116394,False,8,8,8.0,5,1.0,True,False,True
10,160,limiting_disability,ACTTRAV_C03,0.6778836244703648,WALKTRAV_B02,0.6616435894552484,0.016240035015116394,False,8,0,59.0,46,0.0,False,False,False
10,160,no_disability,ACTTRAV_C03,0.7244955601692152,WALKTRAV_B02,0.7065806811908609,0.01791487897835431,False,8,0,339.0,308,0.0,False,False,False
10,160,non_limiting_disability,ACTTRAV_C03,0.7184955277216083,WALKTRAV_B02,0.7007853360669966,0.01771019165461174,False,8,0,77.0,62,0.0,False,False,False
10,17,disty1,ACTTRAV_C03,0.6697408473490678,WALKTRAV_B02,0.6535008123339514,0.016240035015116394,False,8,1,43.5,28,0.125,False,False,False
10,17,disty10,ACTTRAV_C03,0.6345626009376469,WALKTRAV_B02,0.6183225659225305,0.016240035015116394,False,7,7,2.0,1,1.0,True,True,True
10,17,disty11,ACTTRAV_C03,0.6366412672575652,WALKTRAV_B02,0.6204012322424488,0.016240035015116394,False,8,8,2.0,1,1.0,True,False,True
10,17,disty12,ACTTRAV_C03,0.6898902873657293,WALKTRAV_B02,0.6736502523506129,0.016240035015116394,False,7,7,8.0,5,1.0,True,True,True
10,17,disty13,ACTTRAV_C03,0.7408540061878625,WALKTRAV_B02,0.7246139711727461,0.016240035015116394,False,8,8,6.0,3,1.0,True,False,True
10,17,disty2,ACTTRAV_C03,0.6683630093277791,WALKTRAV_B02,0.6521229743126628,0.016240035015116394,False,8,4,29.0,18,0.5,True,False,True
10,17,disty3,ACTTRAV_C03,0.657282747439388,WALKTRAV_B02,0.6410427124242716,0.016240035015116394,False,8,0,51.0,40,0.0,False,False,False
10,17,disty4,ACTTRAV_C03,0.6661935974550076,WALKTRAV_B02,0.6499535624398912,0.016240035015116394,False,8,8,10.5,8,1.0,True,False,True
10,17,disty5,ACTTRAV_C03,0.6945374233446076,WALKTRAV_B02,0.6782973883294913,0.016240035015116283,False,8,5,25.0,18,0.625,True,False,True
10,17,disty6,ACTTRAV_C03,0.6123064321473545,WALKTRAV_B02,0.5960663971322381,0.016240035015116394,False,8,8,5.5,1,1.0,True,False,True
10,17,disty7,ACTTRAV_C03,0.6581407291723788,WALKTRAV_B02,0.6419006941572624,0.016240035015116394,False,8,7,23.5,12,0.875,True,False,True
10,17,disty8,ACTTRAV_C03,0.6694387805468531,WALKTRAV_B02,0.6531987455317368,0.016240035015116283,False,8,8,12.0,7,1.0,True,False,True
10,17,disty9,ACTTRAV_C03,0.6408221580455847,WALKTRAV_B02,0.6245821230304683,0.016240035015116394,False,8,8,11.0,7,1.0,True,False,True
10,17,limiting_disability,ACTTRAV_C03,0.6738532852827317,WALKTRAV_B02,0.6576132502676153,0.016240035015116394,False,8,0,78.0,71,0.0,False,False,False
10,17,no_disability,ACTTRAV_C03,0.7056112616603402,WALKTRAV_B02,0.6883523941094204,0.017258867550919765,False,8,0,315.5,291,0.0,False,False,False
10,17,non_limiting_disability,ACTTRAV_C03,0.7084861084610162,WALKTRAV_B02,0.6922460734458998,0.016240035015116394,False,8,0,73.0,63,0.0,False,False,False
10,171,disty1,ACTTRAV_C03,0.6713557218336196,WALKTRAV_B02,0.6551156868185033,0.016240035015116283,False,8,0,38.0,32,0.0,False,False,False
10,171,disty10,ACTTRAV_C03,0.7272148098033081,WALKTRAV_B02,0.7109747747881917,0.016240035015116394,False,8,8,5.0,2,1.0,True,False,True
10,171,disty11,ACTTRAV_C03,0.70129221759128,WALKTRAV_B02,0.6850521825761636,0.016240035015116394,False,8,8,3.0,1,1.0,True,False,True
10,171,disty12,ACTTRAV_C03,0.7290947965770681,WALKTRAV_B02,0.7128547615619517,0.016240035015116394,False,8,8,6.5,4,1.0,True,False,True
10,171,disty13,ACTTRAV_C03,0.7220518689049541,WALKTRAV_B02,0.7058118338898377,0.016240035015116394,False,8,8,5.5,4,1.0,True,False,True
10,171,disty2,ACTTRAV_C03,0.688732436496966,WALKTRAV_B02,0.6724924014818496,0.016240035015116394,False,8,7,25.0,20,0.875,True,False,True
10,171,disty3,ACTTRAV_C03,0.6944369943488916,WALKTRAV_B02,0.6781969593337753,0.016240035015116283,False,8,1,33.5,26,0.125,False,False,False
10,171,disty4,ACTTRAV_C03,0.7001373473582071,WALKTRAV_B02,0.6838973123430907,0.016240035015116394,False,8,8,7.5,3,1.0,True,False,True
10,171,disty5,ACTTRAV_C03,0.6979459720748366,WALKTRAV_B02,0.6817059370597203,0.016240035015116283,False,8,5,25.5,14,0.625,True,False,True
10,171,disty6,ACTTRAV_C03,0.6673421978377758,WALKTRAV_B02,0.6511021628226594,0.016240035015116394,False,8,8,5.5,1,1.0,True,False,True
10,171,disty7,ACTTRAV_C03,0.6949856295289115,WALKTRAV_B02,0.6787455945137951,0.016240035015116394,False,8,8,18.0,12,1.0,True,False,True
10,171,disty8,ACTTRAV_C03,0.7231874055906214,WALKTRAV_B02,0.706947370575505,0.016240035015116394,False,8,8,10.0,6,1.0,True,False,True
10,171,disty9,ACTTRAV_C03,0.6636448628748122,WALKTRAV_B02,0.6474048278596958,0.016240035015116394,False,8,8,10.0,7,1.0,True,False,True
10,171,limiting_disability,ACTTRAV_C03,0.6959062487754742,WALKTRAV_B02,0.6796662137603579,0.016240035015116394,False,8,0,69.5,58,0.0,False,False,False
10,171,no_disability,ACTTRAV_C03,0.7160868304423477,WALKTRAV_B02,0.6977384073239314,0.018348423118416224,False,8,0,329.5,305,0.0,False,False,False
10,171,non_limiting_disability,ACTTRAV_C03,0.7027346583210753,WALKTRAV_B02,0.685291702161824,0.01744295615925129,False,8,0,55.5,47,0.0,False,False,False
10,196,disty1,ACTTRAV_C03,0.6714174703433751,WALKTRAV_B02,0.6551774353282588,0.016240035015116283,False,8,0,40.0,32,0.0,False,False,False
10,196,disty10,ACTTRAV_C03,0.7461402811228384,WALKTRAV_B02,0.729900246107722,0.016240035015116394,False,8,8,3.0,1,1.0,True,False,True
10,196,disty11,ACTTRAV_C03,0.6315688839490177,WALKTRAV_B02,0.6153288489339013,0.016240035015116394,False,8,8,2.0,1,1.0,True,False,True
10,196,disty12,ACTTRAV_C03,0.6723313003207576,WALKTRAV_B02,0.655643227478995,0.016688072841762658,False,8,8,7.5,4,1.0,True,False,True
10,196,disty13,ACTTRAV_C03,0.7004581182711863,WALKTRAV_B02,0.6842180832560699,0.016240035015116394,False,8,8,5.5,3,1.0,True,False,True
10,196,disty2,ACTTRAV_C03,0.6918086476978075,WALKTRAV_B02,0.6755686126826911,0.016240035015116394,False,8,5,28.5,24,0.625,True,False,True
10,196,disty3,ACTTRAV_C03,0.665042893731114,WALKTRAV_B02,0.6488028587159976,0.016240035015116394,False,8,0,38.0,31,0.0,False,False,False
10,196,disty4,ACTTRAV_C03,0.6483335529927223,WALKTRAV_B02,0.6311665600468914,0.017166992945830906,False,8,8,12.0,3,1.0,True,False,True
10,196,disty5,ACTTRAV_C03,0.6650937552322272,WALKTRAV_B02,0.6486287842023974,0.0164649710298298,False,8,7,21.0,10,0.875,True,False,True
10,196,disty6,ACTTRAV_C03,0.6756227035409856,WALKTRAV_B02,0.6593826685258692,0.016240035015116394,False,8,8,7.0,4,1.0,True,False,True
10,196,disty7,ACTTRAV_C03,0.6709647748339993,WALKTRAV_B02,0.6547247398188829,0.016240035015116394,False,8,8,20.0,14,1.0,True,False,True
10,196,disty8,ACTTRAV_C03,0.6697819705215246,WALKTRAV_B02,0.6535419355064082,0.016240035015116394,False,8,8,10.5,6,1.0,True,False,True
10,196,disty9,ACTTRAV_C03,0.66157302162247,WALKTRAV_B02,0.6453329866073537,0.016240035015116283,False,8,8,11.0,5,1.0,True,False,True
10,196,limiting_disability,ACTTRAV_C03,0.677978391354131,WALKTRAV_B02,0.6603830440204451,0.01759534733368584,False,8,0,74.5,60,0.0,False,False,False
10,196,no_disability,ACTTRAV_C03,0.7099745712117583,WALKTRAV_B02,0.6926101657204474,0.017364405491310908,False,8,0,330.0,301,0.0,False,False,False
10,196,non_limiting_disability,ACTTRAV_C03,0.7097609358383468,WALKTRAV_B02,0.691456696237605,0.01830423960074179,False,8,0,76.0,63,0.0,False,False,False
10,201,disty1,ACTTRAV_C03,0.7160356180968609,WALKTRAV_B02,0.6997955830817446,0.016240035015116283,False,8,7,23.0,20,0.875,True,False,True
10,201,disty10,ACTTRAV_C03,0.7585656302965353,WALKTRAV_B02,0.7423255952814191,0.016240035015116283,False,7,7,3.0,2,1.0,True,True,True
10,201,disty11,ACTTRAV_C03,0.741228259682411,WALKTRAV_B02,0.7249882246672946,0.016240035015116394,False,7,7,2.0,1,1.0,True,True,True
10,201,disty12,ACTTRAV_C03,0.7485432785195997,WALKTRAV_B02,0.7323032435044833,0.016240035015116394,False,8,8,5.5,3,1.0,True,False,True
10,201,disty13,ACTTRAV_C03,0.755314430952231,WALKTRAV_B02,0.7390743959371147,0.016240035015116394,False,8,8,3.5,1,1.0,True,False,True
10,201,disty2,ACTTRAV_C03,0.7145951297429088,WALKTRAV_B02,0.6983550947277924,0.016240035015116394,False,8,8,19.5,14,1.0,True,False,True
10,201,disty3,ACTTRAV_C03,0.7018204225009758,WALKTRAV_B02,0.6852360212803211,0.016584401220654632,False,8,6,27.5,23,0.75,True,False,True
10,201,disty4,ACTTRAV_C03,0.7018065052829942,WALKTRAV_B02,0.6839048361309362,0.01790166915205793,False,8,8,9.0,6,1.0,True,False,True
10,201,disty5,ACTTRAV_C03,0.7473323390536429,WALKTRAV_B02,0.7310923040385265,0.016240035015116394,False,8,8,16.0,8,1.0,True,False,True
10,201,disty6,ACTTRAV_C03,0.7397592204096001,WALKTRAV_B02,0.7235191853944837,0.016240035015116394,False,8,8,5.5,2,1.0,True,False,True
10,201,disty7,ACTTRAV_C03,0.7114312412282527,WALKTRAV_B02,0.6951912062131365,0.016240035015116283,False,8,8,12.5,7,1.0,True,False,True
10,201,disty8,ACTTRAV_C03,0.745140121082326,WALKTRAV_B02,0.7289000860672096,0.016240035015116394,False,8,8,6.5,3,1.0,True,False,True
10,201,disty9,ACTTRAV_C03,0.6790064588002294,WALKTRAV_B02,0.6627664237851131,0.016240035015116283,False,8,8,5.0,2,1.0,True,False,True
10,201,limiting_disability,ACTTRAV_C03,0.7253502166308622,WALKTRAV_B02,0.707730862118462,0.017619354512400154,False,8,0,52.5,42,0.0,False,False,False
10,201,no_disability,ACTTRAV_C03,0.7307493729563664,WALKTRAV_B02,0.7098176812600785,0.020931691696287946,False,8,0,336.0,295,0.0,False,False,False
10,201,non_limiting_disability,ACTTRAV_C03,0.7259387887073223,WALKTRAV_B02,0.7060483339270947,0.019890454780227662,False,8,0,84.0,68,0.0,False,False,False
10,241,disty1,ACTTRAV_C03,0.6879488053564865,WALKTRAV_B02,0.6686370265052565,0.019311778851230033,False,8,3,31.0,24,0.375,False,False,False
10,241,disty10,ACTTRAV_C03,0.7562575607196182,WALKTRAV_B02,0.7400175257045019,0.016240035015116394,False,8,8,4.0,3,1.0,True,False,True
10,241,disty11,ACTTRAV_C03,0.7338388305242216,WALKTRAV_B02,0.7175987955091052,0.016240035015116394,False,6,6,3.0,2,1.0,True,True,True
10,241,disty12,ACTTRAV_C03,0.7313052337741351,WALKTRAV_B02,0.7150651987590187,0.016240035015116394,False,8,8,8.5,4,1.0,True,False,True
10,241,disty13,ACTTRAV_C03,0.7262663615526911,WALKTRAV_B02,0.7100263265375748,0.016240035015116283,False,8,8,5.0,2,1.0,True,False,True
10,241,disty2,ACTTRAV_C03,0.7016061251208636,WALKTRAV_B02,0.6853660901057472,0.016240035015116394,False,8,6,22.0,14,0.75,True,False,True
10,241,disty3,ACTTRAV_C03,0.6900615197935521,WALKTRAV_B02,0.6738214847784357,0.016240035015116394,False,8,2,31.0,24,0.25,False,False,False
10,241,disty4,ACTTRAV_C03,0.724173836776312,WALKTRAV_B02,0.7079338017611956,0.016240035015116394,False,8,8,8.0,5,1.0,True,False,True
10,241,disty5,ACTTRAV_C03,0.7325736015230971,WALKTRAV_B02,0.7019054318523971,0.030668169670700074,False,8,5,24.5,16,0.625,True,False,True
10,241,disty6,ACTTRAV_C03,0.7388314620355575,WALKTRAV_B02,0.7225914270204411,0.016240035015116394,False,8,8,5.0,3,1.0,True,False,True
10,241,disty7,ACTTRAV_C03,0.7034487129371146,WALKTRAV_B02,0.6847911013287372,0.018657611608377422,False,8,8,16.5,14,1.0,True,False,True
10,241,disty8,ACTTRAV_C03,0.7128788670347235,WALKTRAV_B02,0.696638832019607,0.016240035015116505,False,8,8,10.0,6,1.0,True,False,True
10,241,disty9,ACTTRAV_C03,0.7289030004614995,WALKTRAV_B02,0.7126629654463831,0.016240035015116394,False,8,8,6.0,5,1.0,True,False,True
10,241,limiting_disability,ACTTRAV_C03,0.707115675558864,WALKTRAV_B02,0.6836215279583587,0.023494147600505277,False,8,0,61.0,50,0.0,False,False,False
10,241,no_disability,ACTTRAV_C03,0.7376015451755357,WALKTRAV_B02,0.7175043694494313,0.020097175726104366,False,8,0,342.0,312,0.0,False,False,False
10,241,non_limiting_disability,ACTTRAV_C03,0.7422544311981029,WALKTRAV_B02,0.7239061711576847,0.01834826004041812,False,8,0,75.0,54,0.0,False,False,False
10,255,disty1,ACTTRAV_C03,0.6887271977780288,WALKTRAV_B02,0.6696287461736775,0.019098451604351308,False,8,0,39.5,31,0.0,False,False,False
10,255,disty10,ACTTRAV_C03,0.6635104979813187,WALKTRAV_B02,0.6472704629662024,0.016240035015116283,False,8,8,3.0,2,1.0,True,False,True
10,255,disty11,ACTTRAV_C03,0.6893007404531979,WALKTRAV_B02,0.6730607054380815,0.016240035015116394,False,6,6,3.0,1,1.0,True,True,True
10,255,disty12,ACTTRAV_C03,0.7283853836720452,WALKTRAV_B02,0.7088171755467118,0.01956820812533344,False,8,8,5.5,2,1.0,True,False,True
10,255,disty13,ACTTRAV_C03,0.7422129829714318,WALKTRAV_B02,0.7259729479563154,0.016240035015116394,False,8,8,5.0,2,1.0,True,False,True
10,255,disty2,ACTTRAV_C03,0.6955434401739532,WALKTRAV_B02,0.6793034051588368,0.016240035015116394,False,8,6,27.0,23,0.75,True,False,True
10,255,disty3,ACTTRAV_C03,0.6623268292188959,WALKTRAV_B02,0.6451560616833872,0.017170767535508613,False,8,0,43.0,33,0.0,False,False,False
10,255,disty4,ACTTRAV_C03,0.658505426809126,WALKTRAV_B02,0.6422653917940097,0.016240035015116394,False,8,8,13.0,7,1.0,True,False,True
10,255,disty5,ACTTRAV_C03,0.7085311478680258,WALKTRAV_B02,0.691020872687581,0.0175102751804449,False,8,6,23.5,15,0.75,True,False,True
10,255,disty6,ACTTRAV_C03,0.6761015646612081,WALKTRAV_B02,0.6598615296460917,0.016240035015116394,False,8,8,6.5,2,1.0,True,False,True
10,255,disty7,ACTTRAV_C03,0.6743600951368873,WALKTRAV_B02,0.6566172793967251,0.017742815740162232,False,8,7,25.0,19,0.875,True,False,True
10,255,disty8,ACTTRAV_C03,0.6870248985876093,WALKTRAV_B02,0.6688214606177224,0.018203437969886882,False,8,8,12.0,7,1.0,True,False,True
10,255,disty9,ACTTRAV_C03,0.6937434975339307,WALKTRAV_B02,0.6775034625188143,0.016240035015116394,False,8,8,11.5,9,1.0,True,False,True
10,255,limiting_disability,ACTTRAV_C03,0.6826878070449678,WALKTRAV_B02,0.6645693302305117,0.018118476814456108,False,8,0,76.0,59,0.0,False,False,False
10,255,no_disability,ACTTRAV_C03,0.7116050388741506,WALKTRAV_B02,0.6949069788380967,0.016698060036053897,False,8,0,328.0,273,0.0,False,False,False
10,255,non_limiting_disability,ACTTRAV_C03,0.7085387149694281,WALKTRAV_B02,0.6914302013404257,0.017108513629002453,False,8,0,78.0,59,0.0,False,False,False
10,272,disty1,ACTTRAV_C03,0.6807416963683118,WALKTRAV_B02,0.6645016613531954,0.016240035015116394,False,8,5,27.0,23,0.625,True,False,True
10,272,disty10,ACTTRAV_C03,0.6993042078618861,WALKTRAV_B02,0.6830641728467697,0.016240035015116394,False,8,8,3.5,2,1.0,True,False,True
10,272,disty11,ACTTRAV_C03,0.6895408402213666,WALKTRAV_B02,0.6733008052062502,0.016240035015116394,False,6,6,1.5,1,1.0,True,True,True
10,272,disty12,ACTTRAV_C03,0.6931944472844883,WALKTRAV_B02,0.6769544122693719,0.016240035015116394,False,8,8,9.0,1,1.0,True,False,True
10,272,disty13,ACTTRAV_C03,0.676811261285812,WALKTRAV_B02,0.6605712262706956,0.016240035015116394,False,8,8,5.0,3,1.0,True,False,True
10,272,disty2,ACTTRAV_C03,0.6898215182440396,WALKTRAV_B02,0.6735814832289232,0.016240035015116394,False,8,8,21.5,18,1.0,True,False,True
10,272,disty3,ACTTRAV_C03,0.6664943980817103,WALKTRAV_B02,0.6469785677160672,0.019515830365643083,False,8,8,23.0,17,1.0,True,False,True
10,272,disty4,ACTTRAV_C03,0.6857218418613873,WALKTRAV_B02,0.6694818068462709,0.016240035015116394,False,8,8,4.5,3,1.0,True,False,True
10,272,disty5,ACTTRAV_C03,0.6902214698740436,WALKTRAV_B02,0.6723947548217258,0.01782671505231781,False,8,6,24.5,16,0.75,True,False,True
10,272,disty6,ACTTRAV_C03,0.6822950444959229,WALKTRAV_B02,0.6660550094808065,0.016240035015116394,False,8,8,5.5,3,1.0,True,False,True
10,272,disty7,ACTTRAV_C03,0.6724975879326318,WALKTRAV_B02,0.6562575529175154,0.016240035015116394,False,8,8,15.0,11,1.0,True,False,True
10,272,disty8,ACTTRAV_C03,0.6741329460964295,WALKTRAV_B02,0.6578929110813131,0.016240035015116394,False,8,8,7.5,4,1.0,True,False,True
10,272,disty9,ACTTRAV_C03,0.661906005643606,WALKTRAV_B02,0.6456659706284896,0.016240035015116394,False,8,8,5.0,2,1.0,True,False,True
10,272,limiting_disability,ACTTRAV_C03,0.6902464672339566,WALKTRAV_B02,0.6726685286839795,0.017577938549977024,False,8,0,56.5,43,0.0,False,False,False
10,272,no_disability,ACTTRAV_C03,0.7338222623985409,WALKTRAV_B02,0.7151764927689869,0.018645769629554,False,8,0,356.5,311,0.0,False,False,False
10,272,non_limiting_disability,ACTTRAV_C03,0.7322418923078454,WALKTRAV_B02,0.7083417377298592,0.02390015457798622,False,8,0,58.0,41,0.0,False,False,False
10,279,disty1,ACTTRAV_C03,0.6966711841012811,WALKTRAV_B02,0.6798233039537143,0.016847880147566885,False,8,1,38.0,24,0.125,False,False,False
10,279,disty10,ACTTRAV_C03,0.7452467871166205,WALKTRAV_B02,0.7290067521015041,0.016240035015116394,False,8,8,3.0,2,1.0,True,False,True
10,279,disty11,ACTTRAV_C03,0.7103579620421551,WALKTRAV_B02,0.6941179270270387,0.016240035015116394,False,8,8,2.0,1,1.0,True,False,True
10,279,disty12,ACTTRAV_C03,0.704389022329864,WALKTRAV_B02,0.6881489873147476,0.016240035015116394,False,8,8,5.5,3,1.0,True,False,True
10,279,disty13,ACTTRAV_C03,0.7435403609082407,WALKTRAV_B02,0.6853475180048519,0.058192842903388775,False,8,8,3.5,1,1.0,True,False,True
10,279,disty2,ACTTRAV_C03,0.6949521864611531,WALKTRAV_B02,0.6779884292516231,0.016963757209530028,False,8,7,27.0,19,0.875,True,False,True
10,279,disty3,ACTTRAV_C03,0.691462083099136,WALKTRAV_B02,0.6752220480840198,0.016240035015116283,False,8,1,40.0,22,0.125,False,False,False
10,279,disty4,ACTTRAV_C03,0.7088178521907864,WALKTRAV_B02,0.69257781717567,0.016240035015116394,False,8,8,8.5,2,1.0,True,False,True
10,279,disty5,ACTTRAV_C03,0.6845972737573686,WALKTRAV_B02,0.6675457251415682,0.017051548615800383,False,8,7,24.0,11,0.875,True,False,True
10,279,disty6,ACTTRAV_C03,0.7246223626007015,WALKTRAV_B02,0.7083823275855851,0.016240035015116394,False,8,8,4.5,1,1.0,True,False,True
10,279,disty7,ACTTRAV_C03,0.7216901712220075,WALKTRAV_B02,0.7054501362068911,0.016240035015116394,False,8,8,19.0,16,1.0,True,False,True
10,279,disty8,ACTTRAV_C03,0.6904006298247922,WALKTRAV_B02,0.6741605948096758,0.016240035015116394,False,8,8,7.0,6,1.0,True,False,True
10,279,disty9,ACTTRAV_C03,0.6684459133986882,WALKTRAV_B02,0.6522058783835719,0.016240035015116283,False,8,8,7.5,4,1.0,True,False,True
10,279,limiting_disability,ACTTRAV_C03,0.6919986373610584,WALKTRAV_B02,0.6741910216886173,0.017807615672441046,False,8,0,65.5,50,0.0,False,False,False
10,279,no_disability,ACTTRAV_C03,0.7141272577127474,WALKTRAV_B02,0.6950751682486592,0.019052089464088207,False,8,0,333.5,308,0.0,False,False,False
10,279,non_limiting_disability,ACTTRAV_C03,0.7368523631975511,WALKTRAV_B02,0.7152696408225052,0.021582722375045882,False,8,0,71.5,60,0.0,False,False,False
10,280,disty1,ACTTRAV_C03,0.716613633283829,WALKTRAV_B02,0.7003735982687127,0.016240035015116283,False,8,8,21.5,13,1.0,True,False,True
10,280,disty10,ACTTRAV_C03,0.7171364571850057,WALKTRAV_B02,0.7008964221698895,0.016240035015116283,False,8,8,3.0,1,1.0,True,False,True
10,280,disty11,ACTTRAV_C03,0.6487757843047202,WALKTRAV_B02,0.6325357492896038,0.016240035015116394,False,5,5,2.0,1,1.0,True,True,True
10,280,disty12,ACTTRAV_C03,0.7350992717066909,WALKTRAV_B02,0.7188592366915746,0.016240035015116283,False,8,8,4.5,1,1.0,True,False,True
10,280,disty13,ACTTRAV_C03,0.760686301810177,WALKTRAV_B02,0.7444462667950607,0.016240035015116394,False,8,8,3.5,1,1.0,True,False,True
10,280,disty2,ACTTRAV_C03,0.7271128387152237,WALKTRAV_B02,0.7108728037001073,0.016240035015116394,False,8,8,18.0,12,1.0,True,False,True
10,280,disty3,ACTTRAV_C03,0.7041473976622677,WALKTRAV_B02,0.6879073626471514,0.016240035015116394,False,8,6,23.0,18,0.75,True,False,True
10,280,disty4,ACTTRAV_C03,0.6720878910286218,WALKTRAV_B02,0.6558478560135054,0.016240035015116394,False,8,8,5.5,2,1.0,True,False,True
10,280,disty5,ACTTRAV_C03,0.7350923347489682,WALKTRAV_B02,0.7188522997338519,0.016240035015116283,False,8,6,17.5,8,0.75,True,False,True
10,280,disty6,ACTTRAV_C03,0.739947111464378,WALKTRAV_B02,0.7237070764492616,0.016240035015116394,False,8,8,3.0,1,1.0,True,False,True
10,280,disty7,ACTTRAV_C03,0.7324171762063784,WALKTRAV_B02,0.7161771411912621,0.016240035015116283,False,8,8,14.5,9,1.0,True,False,True
10,280,disty8,ACTTRAV_C03,0.7025841218999006,WALKTRAV_B02,0.6863440868847842,0.016240035015116394,False,8,8,6.0,4,1.0,True,False,True
10,280,disty9,ACTTRAV_C03,0.7373935644959183,WALKTRAV_B02,0.7211535294808019,0.016240035015116394,False,8,8,5.5,3,1.0,True,False,True
10,280,limiting_disability,ACTTRAV_C03,0.7292036894853507,WALKTRAV_B02,0.7129636544702344,0.016240035015116394,False,8,0,47.5,38,0.0,False,False,False
10,280,no_disability,ACTTRAV_C03,0.7453661871417385,WALKTRAV_B02,0.7178979612031104,0.027468225938628077,False,8,0,346.0,329,0.0,False,False,False
10,280,non_limiting_disability,ACTTRAV_C03,0.7372863542597381,WALKTRAV_B02,0.7203852744737408,0.01690107978599731,False,8,0,70.0,59,0.0,False,False,False
10,293,disty1,ACTTRAV_C03,0.6825332240793127,WALKTRAV_B02,0.6662931890641963,0.016240035015116394,False,8,2,34.0,27,0.25,False,False,False
10,293,disty10,ACTTRAV_C03,0.6914354765020018,WALKTRAV_B02,0.6751954414868854,0.016240035015116394,False,8,8,5.5,2,1.0,True,False,True
10,293,disty11,ACTTRAV_C03,0.7421363582488394,WALKTRAV_B02,0.725896323233723,0.016240035015116394,False,7,7,3.0,1,1.0,True,True,True
10,293,disty12,ACTTRAV_C03,0.6995131548780493,WALKTRAV_B02,0.6832731198629329,0.016240035015116394,False,8,8,10.0,6,1.0,True,False,True
10,293,disty13,ACTTRAV_C03,0.7188690799367834,WALKTRAV_B02,0.702629044921667,0.016240035015116394,False,8,8,3.5,1,1.0,True,False,True
10,293,disty2,ACTTRAV_C03,0.6790716423314599,WALKTRAV_B02,0.6628316073163435,0.016240035015116394,False,8,5,26.0,23,0.625,True,False,True
10,293,disty3,ACTTRAV_C03,0.6758552059407167,WALKTRAV_B02,0.6596151709256003,0.016240035015116394,False,8,1,37.5,25,0.125,False,False,False
10,293,disty4,ACTTRAV_C03,0.6631342957198275,WALKTRAV_B02,0.6468942607047111,0.016240035015116394,False,8,8,13.5,9,1.0,True,False,True
10,293,disty5,ACTTRAV_C03,0.6981944053611393,WALKTRAV_B02,0.6819543703460229,0.016240035015116394,False,8,6,24.0,13,0.75,True,False,True
10,293,disty6,ACTTRAV_C03,0.6493019746604793,WALKTRAV_B02,0.633061939645363,0.016240035015116394,False,8,8,8.0,5,1.0,True,False,True
10,293,disty7,ACTTRAV_C03,0.685516794835844,WALKTRAV_B02,0.6692767598207277,0.016240035015116394,False,8,8,16.0,11,1.0,True,False,True
10,293,disty8,ACTTRAV_C03,0.6810823478371578,WALKTRAV_B02,0.6648423128220414,0.016240035015116394,False,8,8,13.0,5,1.0,True,False,True
10,293,disty9,ACTTRAV_C03,0.6765953306211246,WALKTRAV_B02,0.6603552956060083,0.016240035015116394,False,8,8,10.0,4,1.0,True,False,True
10,293,limiting_disability,ACTTRAV_C03,0.6940891209253122,WALKTRAV_B02,0.6778490859101958,0.016240035015116394,False,8,0,69.5,47,0.0,False,False,False
10,293,no_disability,ACTTRAV_C03,0.7327908164402576,WALKTRAV_B02,0.7135415462168087,0.01924927022344891,False,8,0,325.5,289,0.0,False,False,False
10,293,non_limiting_disability,ACTTRAV_C03,0.7261810680486096,WALKTRAV_B02,0.7060194464925316,0.020161621556078035,False,8,0,75.0,57,0.0,False,False,False
10,30,disty1,ACTTRAV_C03,0.6650098382774349,WALKTRAV_B02,0.6485229045458096,0.016486933731625242,False,8,1,36.5,27,0.125,False,False,False
10,30,disty10,ACTTRAV_C03,0.7191996166147803,WALKTRAV_B02,0.702959581599664,0.016240035015116283,False,7,7,5.0,2,1.0,True,True,True
10,30,disty11,ACTTRAV_C03,0.7185012853112062,WALKTRAV_B02,0.7022612502960898,0.016240035015116394,False,7,7,4.0,2,1.0,True,True,True
10,30,disty12,ACTTRAV_C03,0.7248573523797947,WALKTRAV_B02,0.7086173173646783,0.016240035015116394,False,8,8,8.5,4,1.0,True,False,True
10,30,disty13,ACTTRAV_C03,0.6959106511110835,WALKTRAV_B02,0.6796706160959671,0.016240035015116394,False,8,8,6.0,3,1.0,True,False,True
10,30,disty2,ACTTRAV_C03,0.6721067202525142,WALKTRAV_B02,0.6558666852373979,0.016240035015116283,False,8,3,30.5,25,0.375,False,False,False
10,30,disty3,ACTTRAV_C03,0.6758941316992227,WALKTRAV_B02,0.6596540966841064,0.016240035015116394,False,8,2,37.5,28,0.25,False,False,False
10,30,disty4,ACTTRAV_C03,0.6888365719886912,WALKTRAV_B02,0.6725965369735748,0.016240035015116394,False,8,8,9.5,5,1.0,True,False,True
10,30,disty5,ACTTRAV_C03,0.7051280850733833,WALKTRAV_B02,0.688738412533426,0.016389672539957267,False,8,5,19.0,13,0.625,True,False,True
10,30,disty6,ACTTRAV_C03,0.6713384285749633,WALKTRAV_B02,0.655098393559847,0.016240035015116283,False,8,8,6.5,3,1.0,True,False,True
10,30,disty7,ACTTRAV_C03,0.6898775797517933,WALKTRAV_B02,0.6736375447366769,0.016240035015116394,False,8,8,19.5,14,1.0,True,False,True
10,30,disty8,ACTTRAV_C03,0.7018265732771184,WALKTRAV_B02,0.685586538262002,0.016240035015116394,False,8,8,13.5,7,1.0,True,False,True
10,30,disty9,ACTTRAV_C03,0.6953143132611568,WALKTRAV_B02,0.6790742782460404,0.016240035015116394,False,8,8,10.0,6,1.0,True,False,True
10,30,limiting_disability,ACTTRAV_C03,0.6923396642068562,WALKTRAV_B02,0.6760274240513353,0.016312240155520907,False,8,0,64.0,52,0.0,False,False,False
10,30,no_disability,ACTTRAV_C03,0.7106224441022704,WALKTRAV_B02,0.6920738991470681,0.018548544955202306,False,8,0,331.5,320,0.0,False,False,False
10,30,non_limiting_disability,ACTTRAV_C03,0.7135695601242079,WALKTRAV_B02,0.6937913918219865,0.019778168302221455,False,8,0,62.5,52,0.0,False,False,False
10,35,disty1,ACTTRAV_C03,0.6689287375209583,WALKTRAV_B02,0.6526887025058419,0.016240035015116394,False,8,2,36.5,28,0.25,False,False,False
10,35,disty10,ACTTRAV_C03,0.7026440872252494,WALKTRAV_B02,0.686404052210133,0.016240035015116394,False,8,8,3.0,1,1.0,True,False,True
10,35,disty11,ACTTRAV_C03,0.7026398018872573,WALKTRAV_B02,0.6863997668721409,0.016240035015116394,False,7,7,3.0,1,1.0,True,True,True
10,35,disty12,ACTTRAV_C03,0.7229939897831271,WALKTRAV_B02,0.7067539547680107,0.016240035015116394,False,8,8,6.5,2,1.0,True,False,True
10,35,disty13,ACTTRAV_C03,0.6652980910661389,WALKTRAV_B02,0.6490580560510225,0.016240035015116394,False,8,8,5.0,2,1.0,True,False,True
10,35,disty2,ACTTRAV_C03,0.6470903135680431,WALKTRAV_B02,0.6270490337356805,0.02004127983236259,False,8,8,21.0,18,1.0,True,False,True
10,35,disty3,ACTTRAV_C03,0.671816182335298,WALKTRAV_B02,0.6555761473201817,0.016240035015116394,False,8,0,40.5,35,0.0,False,False,False
10,35,disty4,ACTTRAV_C03,0.651491331003132,WALKTRAV_B02,0.6352512959880157,0.016240035015116283,False,8,8,12.0,10,1.0,True,False,True
10,35,disty5,ACTTRAV_C03,0.7032240711850672,WALKTRAV_B02,0.6869840361699509,0.016240035015116394,False,8,7,22.5,10,0.875,True,False,True
10,35,disty6,ACTTRAV_C03,0.6747710017476284,WALKTRAV_B02,0.658530966732512,0.016240035015116394,False,8,8,4.0,3,1.0,True,False,True
10,35,disty7,ACTTRAV_C03,0.6763851139465262,WALKTRAV_B02,0.6601450789314098,0.016240035015116394,False,8,8,16.5,11,1.0,True,False,True
10,35,disty8,ACTTRAV_C03,0.6962010500675823,WALKTRAV_B02,0.6799610150524659,0.016240035015116394,False,8,8,10.5,7,1.0,True,False,True
10,35,disty9,ACTTRAV_C03,0.6693182277101926,WALKTRAV_B02,0.6530781926950762,0.016240035015116394,False,8,8,9.5,5,1.0,True,False,True
10,35,limiting_disability,ACTTRAV_C03,0.6859310821596784,WALKTRAV_B02,0.668693898884269,0.01723718327540935,False,8,0,67.0,56,0.0,False,False,False
10,35,no_disability,ACTTRAV_C03,0.7172753725477009,WALKTRAV_B02,0.6991431611545758,0.018132211393125153,False,8,0,300.5,290,0.0,False,False,False
10,35,non_limiting_disability,ACTTRAV_C03,0.7099244858316486,WALKTRAV_B02,0.6935207058868759,0.01640377994477271,False,8,0,81.5,77,0.0,False,False,False
10,44,disty1,ACTTRAV_C03,0.6970785825689806,WALKTRAV_B02,0.6790724309943122,0.01800615157466834,False,8,3,31.0,26,0.375,False,False,False
10,44,disty10,ACTTRAV_C03,0.6994990531409121,WALKTRAV_B02,0.6832590181257958,0.016240035015116283,False,8,8,4.5,3,1.0,True,False,True
10,44,disty11,ACTTRAV_C03,0.6526964984980846,WALKTRAV_B02,0.6364564634829682,0.016240035015116394,False,8,8,3.0,2,1.0,True,False,True
10,44,disty12,ACTTRAV_C03,0.6946917513950327,WALKTRAV_B02,0.6777958438299438,0.016895907565088852,False,8,8,8.0,3,1.0,True,False,True
10,44,disty13,ACTTRAV_C03,0.7189968997031236,WALKTRAV_B02,0.7019651730919407,0.017031726611182907,False,8,8,5.5,2,1.0,True,False,True
10,44,disty2,ACTTRAV_C03,0.70235605234586,WALKTRAV_B02,0.6861160173307436,0.016240035015116394,False,8,3,30.5,24,0.375,False,False,False
10,44,disty3,ACTTRAV_C03,0.6919372692058323,WALKTRAV_B02,0.6738124700086218,0.01812479919721055,False,8,0,41.0,31,0.0,False,False,False
10,44,disty4,ACTTRAV_C03,0.6909418861123243,WALKTRAV_B02,0.6747018510972079,0.016240035015116394,False,8,8,12.0,7,1.0,True,False,True
10,44,disty5,ACTTRAV_C03,0.699656371547189,WALKTRAV_B02,0.6829858248601625,0.0166705466870265,False,8,3,32.5,21,0.375,False,False,False
10,44,disty6,ACTTRAV_C03,0.6395627959222597,WALKTRAV_B02,0.6233227609071433,0.016240035015116394,False,8,8,8.5,6,1.0,True,False,True
10,44,disty7,ACTTRAV_C03,0.672177795325944,WALKTRAV_B02,0.6559377603108276,0.016240035015116394,False,8,8,19.5,13,1.0,True,False,True
10,44,disty8,ACTTRAV_C03,0.6830333518369903,WALKTRAV_B02,0.6667933168218739,0.016240035015116394,False,8,8,15.0,7,1.0,True,False,True
10,44,disty9,ACTTRAV_C03,0.6690699609731497,WALKTRAV_B02,0.6528299259580334,0.016240035015116394,False,8,8,10.5,8,1.0,True,False,True
10,44,limiting_disability,ACTTRAV_C03,0.7059246028531356,WALKTRAV_B02,0.6885812247536802,0.01734337809945541,False,8,0,72.5,59,0.0,False,False,False
10,44,no_disability,ACTTRAV_C03,0.730015903250713,WALKTRAV_B02,0.7117811937655921,0.018234709485120848,False,8,0,315.5,287,0.0,False,False,False
10,44,non_limiting_disability,ACTTRAV_C03,0.7272225558441622,WALKTRAV_B02,0.7061586555845842,0.02106390025957794,False,8,0,76.5,58,0.0,False,False,False
10,68,disty1,ACTTRAV_C03,0.6746575635632234,WALKTRAV_B02,0.658417528548107,0.016240035015116394,False,8,1,37.5,24,0.125,False,False,False
10,68,disty10,ACTTRAV_C03,0.6950559007964862,WALKTRAV_B02,0.6781101091605217,0.016945791635964436,False,8,8,3.0,1,1.0,True,False,True
10,68,disty11,ACTTRAV_C03,0.6787431086787888,WALKTRAV_B02,0.6625030736636724,0.016240035015116394,False,8,8,2.5,1,1.0,True,False,True
10,68,disty12,ACTTRAV_C03,0.6809264682009949,WALKTRAV_B02,0.6644756203572791,0.016450847843715755,False,8,8,7.0,3,1.0,True,False,True
10,68,disty13,ACTTRAV_C03,0.7086484043658273,WALKTRAV_B02,0.6924083693507109,0.016240035015116394,False,8,8,4.5,2,1.0,True,False,True
10,68,disty2,ACTTRAV_C03,0.6882919488445712,WALKTRAV_B02,0.672051913829455,0.016240035015116283,False,8,7,24.5,18,0.875,True,False,True
10,68,disty3,ACTTRAV_C03,0.6671844577603678,WALKTRAV_B02,0.6509444227452514,0.016240035015116394,False,8,1,37.0,29,0.125,False,False,False
10,68,disty4,ACTTRAV_C03,0.6310818540258203,WALKTRAV_B02,0.6148418190107039,0.016240035015116394,False,8,8,12.0,7,1.0,True,False,True
10,68,disty5,ACTTRAV_C03,0.6801470980243672,WALKTRAV_B02,0.6638370569741924,0.01631004105017486,False,8,6,23.0,14,0.75,True,False,True
10,68,disty6,ACTTRAV_C03,0.6475473789587989,WALKTRAV_B02,0.6313073439436825,0.016240035015116394,False,8,8,6.0,4,1.0,True,False,True
10,68,disty7,ACTTRAV_C03,0.6530832120432266,WALKTRAV_B02,0.6368431770281102,0.016240035015116394,False,8,8,18.0,14,1.0,True,False,True
10,68,disty8,ACTTRAV_C03,0.6840231228843313,WALKTRAV_B02,0.667602303699147,0.016420819185184343,False,8,8,12.0,6,1.0,True,False,True
10,68,disty9,ACTTRAV_C03,0.6535139309875546,WALKTRAV_B02,0.6372738959724382,0.016240035015116394,False,8,8,8.0,4,1.0,True,False,True
10,68,limiting_disability,ACTTRAV_C03,0.6837717017862622,WALKTRAV_B02,0.6675003445291086,0.016271357257153674,False,8,0,70.0,57,0.0,False,False,False
10,68,no_disability,ACTTRAV_C03,0.7087601165932933,WALKTRAV_B02,0.6918116065602633,0.016948510033029995,False,8,0,323.0,288,0.0,False,False,False
10,68,non_limiting_disability,ACTTRAV_C03,0.7159743235034665,WALKTRAV_B02,0.6997342884883501,0.016240035015116394,False,8,0,72.0,57,0.0,False,False,False
10,78,disty1,ACTTRAV_C03,0.6893104477381411,WALKTRAV_B02,0.67102476116156,0.01828568657658114,False,8,4,31.0,25,0.5,True,False,True
10,78,disty10,ACTTRAV_C03,0.7397714014914456,WALKTRAV_B02,0.7235313664763292,0.016240035015116394,False,7,7,3.0,1,1.0,True,True,True
10,78,disty11,ACTTRAV_C03,0.7113528261189179,WALKTRAV_B02,0.6951127911038015,0.016240035015116394,False,6,6,2.0,1,1.0,True,True,True
10,78,disty12,ACTTRAV_C03,0.7008383632524683,WALKTRAV_B02,0.6845983282373519,0.016240035015116394,False,8,8,6.0,3,1.0,True,False,True
10,78,disty13,ACTTRAV_C03,0.7344341919056835,WALKTRAV_B02,0.7181941568905671,0.016240035015116394,False,8,8,5.5,2,1.0,True,False,True
10,78,disty2,ACTTRAV_C03,0.7046905626997774,WALKTRAV_B02,0.688450527684661,0.016240035015116394,False,8,7,23.0,14,0.875,True,False,True
10,78,disty3,ACTTRAV_C03,0.674744406783137,WALKTRAV_B02,0.6555178884298758,0.01922651835326117,False,8,3,31.0,19,0.375,False,False,False
10,78,disty4,ACTTRAV_C03,0.7003841209046994,WALKTRAV_B02,0.684144085889583,0.016240035015116394,False,8,8,6.5,2,1.0,True,False,True
10,78,disty5,ACTTRAV_C03,0.7055409552308606,WALKTRAV_B02,0.6874329056798458,0.01810804955101475,False,8,8,20.0,11,1.0,True,False,True
10,78,disty6,ACTTRAV_C03,0.7154451980911514,WALKTRAV_B02,0.699205163076035,0.016240035015116394,False,8,8,5.0,2,1.0,True,False,True
10,78,disty7,ACTTRAV_C03,0.6762676983505844,WALKTRAV_B02,0.6600276633354681,0.016240035015116283,False,8,8,17.0,14,1.0,True,False,True
10,78,disty8,ACTTRAV_C03,0.6812786195376449,WALKTRAV_B02,0.6650385845225285,0.016240035015116394,False,8,8,7.5,4,1.0,True,False,True
10,78,disty9,ACTTRAV_C03,0.6704470101171102,WALKTRAV_B02,0.6542069751019938,0.016240035015116394,False,8,8,9.0,5,1.0,True,False,True
10,78,limiting_disability,ACTTRAV_C03,0.7007459994349979,WALKTRAV_B02,0.683064496715878,0.017681502719119946,False,8,0,62.0,45,0.0,False,False,False
10,78,no_disability,ACTTRAV_C03,0.713319263177978,WALKTRAV_B02,0.6939239099620578,0.01939535321592023,False,8,0,327.0,317,0.0,False,False,False
10,78,non_limiting_disability,ACTTRAV_C03,0.7264586353895589,WALKTRAV_B02,0.7080111946384978,0.018447440751061084,False,8,0,75.5,60,0.0,False,False,False
10,8,disty1,ACTTRAV_C03,0.6747980761033127,WALKTRAV_B02,0.6585580410881963,0.016240035015116394,False,8,0,47.0,42,0.0,False,False,False
10,8,disty10,ACTTRAV_C03,0.69827382231403,WALKTRAV_B02,0.6820337872989136,0.016240035015116394,False,7,7,8.0,3,1.0,True,True,True
10,8,disty11,ACTTRAV_C03,0.695288314251951,WALKTRAV_B02,0.6790482792368346,0.016240035015116394,False,8,8,4.0,1,1.0,True,False,True
10,8,disty12,ACTTRAV_C03,0.6808501594126758,WALKTRAV_B02,0.6646101243975594,0.016240035015116394,False,8,8,13.0,3,1.0,True,False,True
10,8,disty13,ACTTRAV_C03,0.676736724296785,WALKTRAV_B02,0.6604966892816686,0.016240035015116394,False,8,8,6.0,4,1.0,True,False,True
10,8,disty2,ACTTRAV_C03,0.6691498663668934,WALKTRAV_B02,0.6529098313517772,0.016240035015116283,False,8,4,30.0,23,0.5,True,False,True
10,8,disty3,ACTTRAV_C03,0.6701626726148192,WALKTRAV_B02,0.6539226375997028,0.016240035015116394,False,8,0,47.5,36,0.0,False,False,False
10,8,disty4,ACTTRAV_C03,0.6871346840947649,WALKTRAV_B02,0.6708946490796485,0.016240035015116394,False,8,8,10.5,4,1.0,True,False,True
10,8,disty5,ACTTRAV_C03,0.681048260486176,WALKTRAV_B02,0.6648082254710596,0.016240035015116394,False,8,3,38.0,21,0.375,False,False,False
10,8,disty6,ACTTRAV_C03,0.6695953836028651,WALKTRAV_B02,0.6533553485877487,0.016240035015116394,False,8,8,10.0,5,1.0,True,False,True
10,8,disty7,ACTTRAV_C03,0.6726793722395485,WALKTRAV_B02,0.6564393372244323,0.016240035015116283,False,8,4,31.0,18,0.5,True,False,True
10,8,disty8,ACTTRAV_C03,0.6452319856397345,WALKTRAV_B02,0.6289919506246182,0.016240035015116283,False,8,8,14.0,7,1.0,True,False,True
10,8,disty9,ACTTRAV_C03,0.660566889494638,WALKTRAV_B02,0.6443268544795216,0.016240035015116394,False,8,8,13.5,5,1.0,True,False,True
10,8,limiting_disability,ACTTRAV_C03,0.6785733863188346,WALKTRAV_B02,0.6623333513037182,0.016240035015116394,False,8,0,87.0,73,0.0,False,False,False
10,8,no_disability,ACTTRAV_C03,0.7014296517199842,WALKTRAV_B02,0.6842585349092153,0.017171116810768883,False,8,0,318.5,294,0.0,False,False,False
10,8,non_limiting_disability,ACTTRAV_C03,0.708798289677966,WALKTRAV_B02,0.6922776991226948,0.01652059055527122,False,8,0,68.5,44,0.0,False,False,False
10,9,disty1,ACTTRAV_C03,0.6858116944541729,WALKTRAV_B02,0.6695716594390565,0.016240035015116394,False,8,3,33.0,26,0.375,False,False,False
10,9,disty10,ACTTRAV_C03,0.6835949198539094,WALKTRAV_B02,0.667354884838793,0.016240035015116394,False,7,7,3.0,1,1.0,True,True,True
10,9,disty11,ACTTRAV_C03,0.6218801705577153,WALKTRAV_B02,0.6056401355425989,0.016240035015116394,False,6,6,2.5,1,1.0,True,True,True
10,9,disty12,ACTTRAV_C03,0.6967327588358122,WALKTRAV_B02,0.6804927238206958,0.016240035015116394,False,8,8,7.5,5,1.0,True,False,True
10,9,disty13,ACTTRAV_C03,0.7425803906732734,WALKTRAV_B02,0.726340355658157,0.016240035015116394,False,8,8,6.5,3,1.0,True,False,True
10,9,disty2,ACTTRAV_C03,0.6905510191852161,WALKTRAV_B02,0.6743109841700997,0.016240035015116394,False,8,3,30.5,12,0.375,False,False,False
10,9,disty3,ACTTRAV_C03,0.6895798913610419,WALKTRAV_B02,0.6733398563459255,0.016240035015116394,False,8,2,37.0,28,0.25,False,False,False
10,9,disty4,ACTTRAV_C03,0.6795827039838979,WALKTRAV_B02,0.6633426689687815,0.016240035015116394,False,8,8,11.0,8,1.0,True,False,True
10,9,disty5,ACTTRAV_C03,0.6933728760176756,WALKTRAV_B02,0.6771328410025592,0.016240035015116394,False,8,8,23.5,12,1.0,True,False,True
10,9,disty6,ACTTRAV_C03,0.6777369034812514,WALKTRAV_B02,0.661496868466135,0.016240035015116394,False,8,8,6.0,2,1.0,True,False,True
10,9,disty7,ACTTRAV_C03,0.6714617773478769,WALKTRAV_B02,0.6552217423327605,0.016240035015116394,False,8,6,13.0,8,0.75,True,False,True
10,9,disty8,ACTTRAV_C03,0.6908067521917588,WALKTRAV_B02,0.6745667171766424,0.016240035015116394,False,8,8,10.0,6,1.0,True,False,True
10,9,disty9,ACTTRAV_C03,0.6533905620984405,WALKTRAV_B02,0.6371505270833241,0.016240035015116394,False,8,8,9.5,7,1.0,True,False,True
10,9,limiting_disability,ACTTRAV_C03,0.6878608426562408,WALKTRAV_B02,0.6716208076411244,0.016240035015116394,False,8,0,71.0,49,0.0,False,False,False
10,9,no_disability,ACTTRAV_C03,0.7120911321175599,WALKTRAV_B02,0.6946916140787478,0.017399518038812123,False,8,0,333.0,288,0.0,False,False,False
10,9,non_limiting_disability,ACTTRAV_C03,0.7242364016007672,WALKTRAV_B02,0.7061583114721401,0.018078090128627045,False,8,0,82.5,57,0.0,False,False,False
10,91,disty1,ACTTRAV_C03,0.6641782706979279,WALKTRAV_B02,0.6459729775186065,0.018205293179321402,False,8,0,43.0,36,0.0,False,False,False
10,91,disty10,ACTTRAV_C03,0.6642377854314887,WALKTRAV_B02,0.6479977504163723,0.016240035015116394,False,8,8,4.5,2,1.0,True,False,True
10,91,disty11,ACTTRAV_C03,0.6289307414722113,WALKTRAV_B02,0.6126907064570949,0.016240035015116394,False,8,8,4.0,2,1.0,True,False,True
10,91,disty12,ACTTRAV_C03,0.651556366910912,WALKTRAV_B02,0.6353163318957956,0.016240035015116394,False,8,8,8.5,5,1.0,True,False,True
10,91,disty13,ACTTRAV_C03,0.6489833699407898,WALKTRAV_B02,0.6327433349256734,0.016240035015116394,False,8,8,6.0,3,1.0,True,False,True
10,91,disty2,ACTTRAV_C03,0.6551676487584043,WALKTRAV_B02,0.638927613743288,0.016240035015116283,False,8,4,32.5,18,0.5,True,False,True
10,91,disty3,ACTTRAV_C03,0.6681572713437036,WALKTRAV_B02,0.6497364785504398,0.018420792793263807,False,8,0,48.5,35,0.0,False,False,False
10,91,disty4,ACTTRAV_C03,0.6796546555160777,WALKTRAV_B02,0.6634146205009613,0.016240035015116394,False,8,8,15.5,7,1.0,True,False,True
10,91,disty5,ACTTRAV_C03,0.6600032139905009,WALKTRAV_B02,0.6437631789753845,0.016240035015116394,False,8,6,26.5,19,0.75,True,False,True
10,91,disty6,ACTTRAV_C03,0.6869721788741884,WALKTRAV_B02,0.670732143859072,0.016240035015116394,False,8,8,8.0,1,1.0,True,False,True
10,91,disty7,ACTTRAV_C03,0.6687900744081217,WALKTRAV_B02,0.6525500393930053,0.016240035015116394,False,8,6,25.0,16,0.75,True,False,True
10,91,disty8,ACTTRAV_C03,0.6638658009767986,WALKTRAV_B02,0.6476257659616822,0.016240035015116394,False,8,8,16.0,5,1.0,True,False,True
10,91,disty9,ACTTRAV_C03,0.669221998503153,WALKTRAV_B02,0.6529819634880366,0.016240035015116394,False,8,8,12.5,5,1.0,True,False,True
10,91,limiting_disability,ACTTRAV_C03,0.6802112734209589,WALKTRAV_B02,0.6628570496853095,0.017354223735649432,False,8,0,79.5,66,0.0,False,False,False
10,91,no_disability,ACTTRAV_C03,0.7043756201575831,WALKTRAV_B02,0.6871920943669607,0.017183525790622434,False,8,0,312.0,286,0.0,False,False,False
10,91,non_limiting_disability,ACTTRAV_C03,0.7094652068899125,WALKTRAV_B02,0.6906179199626765,0.01884728692723603,False,8,0,79.5,59,0.0,False,False,False
11,107,disty1,ACTTRAV_C03,0.6927247728457915,WALKTRAV_B02,0.6739705677209172,0.018754205124874246,False,8,1,44.5,28,0.125,False,False,False
11,107,disty10,ACTTRAV_C03,0.706098167853201,WALKTRAV_B02,0.6883429298053628,0.017755238047838184,False,8,8,5.5,1,1.0,True,False,True
11,107,disty11,ACTTRAV_C03,0.692091735041644,WALKTRAV_B02,0.6743364969938058,0.017755238047838184,False,7,7,5.0,1,1.0,True,True,True
11,107,disty12,ACTTRAV_C03,0.704275415082343,WALKTRAV_B02,0.6865201770345047,0.017755238047838295,False,8,8,9.5,3,1.0,True,False,True
11,107,disty13,ACTTRAV_C03,0.7130120145322217,WALKTRAV_B02,0.6952567764843834,0.017755238047838295,False,8,8,7.0,4,1.0,True,False,True
11,107,disty2,ACTTRAV_C03,0.6976206893626696,WALKTRAV_B02,0.6798654513148313,0.017755238047838295,False,8,4,33.0,18,0.5,True,False,True
11,107,disty3,ACTTRAV_C03,0.6859666234427584,WALKTRAV_B02,0.6675849480303481,0.018381675412410314,False,8,2,44.0,25,0.25,False,False,False
11,107,disty4,ACTTRAV_C03,0.684069800673262,WALKTRAV_B02,0.6663145626254237,0.017755238047838295,False,8,8,13.0,8,1.0,True,False,True
11,107,disty5,ACTTRAV_C03,0.7033568668123641,WALKTRAV_B02,0.6856016287645259,0.017755238047838184,False,8,3,35.0,20,0.375,False,False,False
11,107,disty6,ACTTRAV_C03,0.6835347289405904,WALKTRAV_B02,0.6657794908927521,0.017755238047838295,False,8,8,7.0,2,1.0,True,False,True
11,107,disty7,ACTTRAV_C03,0.6887694097377789,WALKTRAV_B02,0.6710141716899406,0.017755238047838295,False,8,4,25.5,16,0.5,True,False,True
11,107,disty8,ACTTRAV_C03,0.6940299330391717,WALKTRAV_B02,0.6762746949913335,0.017755238047838184,False,8,8,16.0,7,1.0,True,False,True
11,107,disty9,ACTTRAV_C03,0.6874413205929174,WALKTRAV_B02,0.6696860825450791,0.017755238047838295,False,8,8,14.5,4,1.0,True,False,True
11,107,limiting_disability,ACTTRAV_C03,0.6973224694468573,WALKTRAV_B02,0.6793242231408424,0.017998246306014876,False,8,0,87.5,57,0.0,False,False,False
11,107,no_disability,ACTTRAV_C03,0.7114698988530365,WALKTRAV_B02,0.6928761305792052,0.0185937682738313,False,8,0,325.5,300,0.0,False,False,False
11,107,non_limiting_disability,ACTTRAV_C03,0.713748625503545,WALKTRAV_B02,0.6957151926383957,0.018033432865149357,False,8,0,88.0,60,0.0,False,False,False
11,109,disty1,ACTTRAV_C03,0.6984580842012248,WALKTRAV_B02,0.6787358678173857,0.019722216383839086,False,8,2,38.0,23,0.25,False,False,False
11,109,disty10,ACTTRAV_C03,0.7193512722383021,WALKTRAV_B02,0.6981373615953756,0.021213910642926437,False,8,8,5.5,1,1.0,True,False,True
11,109,disty11,ACTTRAV_C03,0.7093869537623397,WALKTRAV_B02,0.6916317157145014,0.017755238047838295,False,8,8,4.0,2,1.0,True,False,True
11,109,disty12,ACTTRAV_C03,0.7140200400330945,WALKTRAV_B02,0.6930052192057287,0.021014820827365832,False,8,8,11.5,2,1.0,True,False,True
11,109,disty13,ACTTRAV_C03,0.7226885267867281,WALKTRAV_B02,0.6939529906974174,0.028735536089310676,False,8,8,7.0,2,1.0,True,False,True
11,109,disty2,ACTTRAV_C03,0.7013066374485922,WALKTRAV_B02,0.6800016096055275,0.02130502784306476,False,8,4,29.5,16,0.5,True,False,True
11,109,disty3,ACTTRAV_C03,0.6947729803691415,WALKTRAV_B02,0.6761307051003717,0.018642275268769826,False,8,2,35.5,24,0.25,False,False,False
11,109,disty4,ACTTRAV_C03,0.7017544715225711,WALKTRAV_B02,0.6782568274385404,0.023497644084030656,False,8,8,12.0,5,1.0,True,False,True
11,109,disty5,ACTTRAV_C03,0.714066011980019,WALKTRAV_B02,0.6941728495193925,0.019893162460626446,False,8,3,31.5,16,0.375,False,False,False
11,109,disty6,ACTTRAV_C03,0.7022388578482875,WALKTRAV_B02,0.6844836198004494,0.017755238047838184,False,8,8,7.0,3,1.0,True,False,True
11,109,disty7,ACTTRAV_C03,0.6963274614056509,WALKTRAV_B02,0.6785722233578128,0.017755238047838184,False,8,8,17.0,14,1.0,True,False,True
11,109,disty8,ACTTRAV_C03,0.7036967009214893,WALKTRAV_B02,0.6859414628736511,0.017755238047838184,False,8,8,14.0,10,1.0,True,False,True
11,109,disty9,ACTTRAV_C03,0.7046254782040153,WALKTRAV_B02,0.6868702401561771,0.017755238047838184,False,8,8,8.5,1,1.0,True,False,True
11,109,limiting_disability,ACTTRAV_C03,0.7067945492364625,WALKTRAV_B02,0.6878133353803257,0.018981213856136714,False,8,0,65.5,49,0.0,False,False,False
11,109,no_disability,ACTTRAV_C03,0.7236741074198689,WALKTRAV_B02,0.7052065783991891,0.01846752902067983,False,8,0,328.0,302,0.0,False,False,False
11,109,non_limiting_disability,ACTTRAV_C03,0.7266794658364879,WALKTRAV_B02,0.7067972063096205,0.019882259526867396,False,8,0,73.0,59,0.0,False,False,False
11,112,disty1,ACTTRAV_C03,0.7008471755289191,WALKTRAV_B02,0.6814971546230374,0.01935002090588167,False,8,2,35.0,26,0.25,False,False,False
11,112,disty10,ACTTRAV_C03,0.7234600257724424,WALKTRAV_B02,0.7005285317112908,0.02293149406115158,False,6,6,3.5,1,1.0,True,True,True
11,112,disty11,ACTTRAV_C03,0.688514140183747,WALKTRAV_B02,0.6707589021359087,0.017755238047838295,False,6,6,2.5,1,1.0,True,True,True
11,112,disty12,ACTTRAV_C03,0.7081598060096427,WALKTRAV_B02,0.689272941001285,0.01888686500835768,False,7,7,10.0,3,1.0,True,True,True
11,112,disty13,ACTTRAV_C03,0.7261282286629027,WALKTRAV_B02,0.7083729906150644,0.017755238047838295,False,7,7,5.0,3,1.0,True,True,True
11,112,disty2,ACTTRAV_C03,0.7084231005140531,WALKTRAV_B02,0.6906678624662148,0.017755238047838295,False,8,7,24.5,22,0.875,True,False,True
11,112,disty3,ACTTRAV_C03,0.6943321281199275,WALKTRAV_B02,0.6761490419491509,0.018183086170776575,False,8,0,32.5,31,0.0,False,False,False
11,112,disty4,ACTTRAV_C03,0.7112520359478824,WALKTRAV_B02,0.6934967979000443,0.017755238047838184,False,8,8,9.0,7,1.0,True,False,True
11,112,disty5,ACTTRAV_C03,0.7106539447924182,WALKTRAV_B02,0.6919669918154977,0.018686952976920468,False,8,7,21.0,8,0.875,True,False,True
11,112,disty6,ACTTRAV_C03,0.7074689775814632,WALKTRAV_B02,0.689713739533625,0.017755238047838184,False,8,8,6.0,3,1.0,True,False,True
11,112,disty7,ACTTRAV_C03,0.6981370412238127,WALKTRAV_B02,0.6774514070254369,0.02068563419837577,False,8,8,18.0,12,1.0,True,False,True
11,112,disty8,ACTTRAV_C03,0.6946291389685123,WALKTRAV_B02,0.6764852355539638,0.018143903414548523,False,8,8,6.0,4,1.0,True,False,True
11,112,disty9,ACTTRAV_C03,0.7078557260419468,WALKTRAV_B02,0.6870750209175299,0.020780705124416876,False,8,8,6.0,3,1.0,True,False,True
11,112,limiting_disability,ACTTRAV_C03,0.7075817802639761,WALKTRAV_B02,0.6888975783221752,0.01868420194180087,False,8,0,62.5,60,0.0,False,False,False
11,112,no_disability,ACTTRAV_C03,0.7254067798085713,WALKTRAV_B02,0.7064456934193699,0.018961086389201354,False,8,0,337.0,320,0.0,False,False,False
11,112,non_limiting_disability,ACTTRAV_C03,0.7250728949413937,WALKTRAV_B02,0.7072128369701958,0.01786005797119794,False,8,0,66.0,55,0.0,False,False,False
11,114,disty1,ACTTRAV_C03,0.6988555203155644,WALKTRAV_B02,0.6811002822677261,0.017755238047838295,False,8,2,37.0,20,0.25,False,False,False
11,114,disty10,ACTTRAV_C03,0.7249984654469523,WALKTRAV_B02,0.707243227399114,0.017755238047838295,False,7,7,4.0,2,1.0,True,True,True
11,114,disty11,ACTTRAV_C03,0.6977654955318515,WALKTRAV_B02,0.6800102574840133,0.017755238047838184,False,6,6,3.0,1,1.0,True,True,True
11,114,disty12,ACTTRAV_C03,0.7123931302010912,WALKTRAV_B02,0.6940801816076647,0.01831294859342647,False,8,8,8.0,2,1.0,True,False,True
11,114,disty13,ACTTRAV_C03,0.7230209034275378,WALKTRAV_B02,0.7052656653796995,0.017755238047838295,False,8,8,6.0,3,1.0,True,False,True
11,114,disty2,ACTTRAV_C03,0.7037520356025296,WALKTRAV_B02,0.6859967975546913,0.017755238047838295,False,8,3,30.5,20,0.375,False,False,False
11,114,disty3,ACTTRAV_C03,0.6924601435795547,WALKTRAV_B02,0.6747049055317164,0.017755238047838295,False,8,2,38.0,19,0.25,False,False,False
11,114,disty4,ACTTRAV_C03,0.6831902723797256,WALKTRAV_B02,0.6654350343318874,0.017755238047838184,False,8,8,10.5,5,1.0,True,False,True
11,114,disty5,ACTTRAV_C03,0.7100207598172839,WALKTRAV_B02,0.690825278330671,0.019195481486612875,False,8,3,30.5,14,0.375,False,False,False
11,114,disty6,ACTTRAV_C03,0.6998202551206718,WALKTRAV_B02,0.6820650170728336,0.017755238047838184,False,8,8,7.0,5,1.0,True,False,True
11,114,disty7,ACTTRAV_C03,0.6960893701959505,WALKTRAV_B02,0.6783341321481123,0.017755238047838184,False,8,7,21.0,7,0.875,True,False,True
11,114,disty8,ACTTRAV_C03,0.7032717567770314,WALKTRAV_B02,0.6855165187291931,0.017755238047838295,False,8,8,12.5,5,1.0,True,False,True
11,114,disty9,ACTTRAV_C03,0.6998469240778838,WALKTRAV_B02,0.6820916860300456,0.017755238047838295,False,8,8,10.5,6,1.0,True,False,True
11,114,limiting_disability,ACTTRAV_C03,0.7062482399922639,WALKTRAV_B02,0.6878569408496821,0.018391299142581863,False,8,0,76.5,47,0.0,False,False,False
11,114,no_disability,ACTTRAV_C03,0.7203771247257476,WALKTRAV_B02,0.7017027620805695,0.018674362645178078,False,8,0,324.5,273,0.0,False,False,False
11,114,non_limiting_disability,ACTTRAV_C03,0.7219419226864741,WALKTRAV_B02,0.7036400112094925,0.01830191147698157,False,8,0,81.5,66,0.0,False,False,False
11,117,disty1,ACTTRAV_C03,0.6915299616375995,WALKTRAV_B02,0.6737747235897613,0.017755238047838184,False,8,3,32.0,23,0.375,False,False,False
11,117,disty10,ACTTRAV_C03,0.7025504481377479,WALKTRAV_B02,0.6847952100899096,0.017755238047838295,False,8,8,3.0,1,1.0,True,False,True
11,117,disty11,ACTTRAV_C03,0.7011415296372298,WALKTRAV_B02,0.6833862915893915,0.017755238047838295,False,6,6,2.5,2,1.0,True,True,True
11,117,disty12,ACTTRAV_C03,0.7103019133372461,WALKTRAV_B02,0.6925466752894079,0.017755238047838184,False,7,7,7.0,1,1.0,True,True,True
11,117,disty13,ACTTRAV_C03,0.7078249090834553,WALKTRAV_B02,0.690069671035617,0.017755238047838295,False,8,8,4.0,2,1.0,True,False,True
11,117,disty2,ACTTRAV_C03,0.6937631427060519,WALKTRAV_B02,0.6760079046582136,0.017755238047838295,False,8,5,22.5,17,0.625,True,False,True
11,117,disty3,ACTTRAV_C03,0.6899581486269619,WALKTRAV_B02,0.6722029105791236,0.017755238047838295,False,8,0,36.5,30,0.0,False,False,False
11,117,disty4,ACTTRAV_C03,0.6875311732306073,WALKTRAV_B02,0.669775935182769,0.017755238047838295,False,8,8,8.5,3,1.0,True,False,True
11,117,disty5,ACTTRAV_C03,0.6882754421844298,WALKTRAV_B02,0.6705202041365915,0.017755238047838295,False,8,8,16.0,9,1.0,True,False,True
11,117,disty6,ACTTRAV_C03,0.690158019010827,WALKTRAV_B02,0.6724027809629887,0.017755238047838295,False,8,8,6.0,1,1.0,True,False,True
11,117,disty7,ACTTRAV_C03,0.690285406449343,WALKTRAV_B02,0.6725301684015047,0.017755238047838295,False,8,8,17.0,13,1.0,True,False,True
11,117,disty8,ACTTRAV_C03,0.6959595763490568,WALKTRAV_B02,0.6782043383012185,0.017755238047838295,False,8,8,8.5,3,1.0,True,False,True
11,117,disty9,ACTTRAV_C03,0.6947285338135508,WALKTRAV_B02,0.6769732957657125,0.017755238047838295,False,8,8,10.5,4,1.0,True,False,True
11,117,limiting_disability,ACTTRAV_C03,0.6955484077926892,WALKTRAV_B02,0.6777931697448509,0.017755238047838295,False,8,0,65.5,51,0.0,False,False,False
11,117,no_disability,ACTTRAV_C03,0.7066924243242461,WALKTRAV_B02,0.6884002538166566,0.018292170507589467,False,8,0,331.5,298,0.0,False,False,False
11,117,non_limiting_disability,ACTTRAV_C03,0.7079072566216048,WALKTRAV_B02,0.6900404182898376,0.017866838331767165,False,8,0,65.5,54,0.0,False,False,False
11,122,disty1,ACTTRAV_C03,0.6800039443090303,WALKTRAV_B02,0.662070579523124,0.017933364785906347,False,8,0,51.5,41,0.0,False,False,False
11,122,disty10,ACTTRAV_C03,0.7008198139566677,WALKTRAV_B02,0.6830645759088295,0.017755238047838184,False,7,7,4.0,1,1.0,True,True,True
11,122,disty11,ACTTRAV_C03,0.6924807106790408,WALKTRAV_B02,0.6747254726312026,0.017755238047838184,False,6,6,3.0,1,1.0,True,True,True
11,122,disty12,ACTTRAV_C03,0.6844465518444965,WALKTRAV_B02,0.6666913137966584,0.017755238047838184,False,8,8,7.5,3,1.0,True,False,True
11,122,disty13,ACTTRAV_C03,0.6934544584824176,WALKTRAV_B02,0.6756992204345794,0.017755238047838184,False,8,8,5.0,2,1.0,True,False,True
11,122,disty2,ACTTRAV_C03,0.6878119768062109,WALKTRAV_B02,0.6698650735908536,0.0179469032153573,False,8,2,32.5,21,0.25,False,False,False
11,122,disty3,ACTTRAV_C03,0.6784599848022753,WALKTRAV_B02,0.660704746754437,0.017755238047838295,False,8,0,54.0,47,0.0,False,False,False
11,122,disty4,ACTTRAV_C03,0.6781509108442497,WALKTRAV_B02,0.6603956727964114,0.017755238047838295,False,8,8,17.5,11,1.0,True,False,True
11,122,disty5,ACTTRAV_C03,0.6913428631212682,WALKTRAV_B02,0.6731910031172135,0.018151860004054776,False,8,8,23.0,11,1.0,True,False,True
11,122,disty6,ACTTRAV_C03,0.6801431445813835,WALKTRAV_B02,0.6623879065335453,0.017755238047838184,False,8,8,8.0,1,1.0,True,False,True
11,122,disty7,ACTTRAV_C03,0.682284206700378,WALKTRAV_B02,0.6645289686525397,0.017755238047838295,False,8,5,24.5,19,0.625,True,False,True
11,122,disty8,ACTTRAV_C03,0.6814698364299788,WALKTRAV_B02,0.6637145983821406,0.017755238047838184,False,8,8,13.5,5,1.0,True,False,True
11,122,disty9,ACTTRAV_C03,0.6848589871540164,WALKTRAV_B02,0.6671037491061781,0.017755238047838295,False,8,8,13.0,8,1.0,True,False,True
11,122,limiting_disability,ACTTRAV_C03,0.6861473500090265,WALKTRAV_B02,0.6683092458708112,0.017838104138215294,False,8,0,83.5,70,0.0,False,False,False
11,122,no_disability,ACTTRAV_C03,0.7053785935682626,WALKTRAV_B02,0.6872410830690273,0.018137510499235288,False,8,0,300.0,269,0.0,False,False,False
11,122,non_limiting_disability,ACTTRAV_C03,0.7014018435266338,WALKTRAV_B02,0.6836466054787955,0.017755238047838295,False,8,0,79.0,65,0.0,False,False,False
11,126,disty1,ACTTRAV_C03,0.6838449053458546,WALKTRAV_B02,0.6657077798703113,0.01813712547554336,False,8,0,36.0,33,0.0,False,False,False
11,126,disty10,ACTTRAV_C03,0.7022817714309376,WALKTRAV_B02,0.6845265333830994,0.017755238047838184,False,8,8,4.0,1,1.0,True,False,True
11,126,disty11,ACTTRAV_C03,0.6795083851689726,WALKTRAV_B02,0.6596789611889667,0.019829423980005867,False,8,8,2.5,2,1.0,True,False,True
11,126,disty12,ACTTRAV_C03,0.6951346024227992,WALKTRAV_B02,0.677379364374961,0.017755238047838184,False,8,8,6.5,1,1.0,True,False,True
11,126,disty13,ACTTRAV_C03,0.7068173460902251,WALKTRAV_B02,0.6871441783689277,0.019673167721297347,False,8,8,5.0,2,1.0,True,False,True
11,126,disty2,ACTTRAV_C03,0.687446092259788,WALKTRAV_B02,0.669321148136636,0.01812494412315202,False,8,7,24.5,19,0.875,True,False,True
11,126,disty3,ACTTRAV_C03,0.6787290396029647,WALKTRAV_B02,0.6604636833400277,0.018265356262937016,False,8,0,36.0,30,0.0,False,False,False
11,126,disty4,ACTTRAV_C03,0.6782871228941676,WALKTRAV_B02,0.6598049160281421,0.01848220686602553,False,8,8,11.0,5,1.0,True,False,True
11,126,disty5,ACTTRAV_C03,0.6960776398207785,WALKTRAV_B02,0.6780195876831894,0.018058052137589153,False,8,8,22.0,16,1.0,True,False,True
11,126,disty6,ACTTRAV_C03,0.681558475159755,WALKTRAV_B02,0.6638032371119168,0.017755238047838184,False,8,8,6.0,5,1.0,True,False,True
11,126,disty7,ACTTRAV_C03,0.6834228448656691,WALKTRAV_B02,0.665270433753006,0.01815241111266308,False,8,8,18.5,12,1.0,True,False,True
11,126,disty8,ACTTRAV_C03,0.6851419249912158,WALKTRAV_B02,0.6665504111024121,0.018591513888803757,False,8,8,10.5,7,1.0,True,False,True
11,126,disty9,ACTTRAV_C03,0.6792688190865751,WALKTRAV_B02,0.6615135810387368,0.017755238047838295,False,8,8,9.5,7,1.0,True,False,True
11,126,limiting_disability,ACTTRAV_C03,0.6899509379894252,WALKTRAV_B02,0.6719070660969146,0.018043871892510555,False,8,0,65.5,51,0.0,False,False,False
11,126,no_disability,ACTTRAV_C03,0.7026897698029099,WALKTRAV_B02,0.684153236414664,0.0185365333882459,False,8,0,316.0,301,0.0,False,False,False
11,126,non_limiting_disability,ACTTRAV_C03,0.7082400641474506,WALKTRAV_B02,0.6904848260996124,0.017755238047838184,False,8,0,74.5,51,0.0,False,False,False
11,129,disty1,ACTTRAV_C03,0.6845198766820723,WALKTRAV_B02,0.6644700414598198,0.020049835222252455,False,8,0,40.0,30,0.0,False,False,False
11,129,disty10,ACTTRAV_C03,0.6922355862639965,WALKTRAV_B02,0.6744803482161583,0.017755238047838184,False,7,7,5.0,3,1.0,True,True,True
11,129,disty11,ACTTRAV_C03,0.6865870539828449,WALKTRAV_B02,0.6688318159350066,0.017755238047838295,False,8,8,2.0,2,1.0,True,False,True
11,129,disty12,ACTTRAV_C03,0.7000097823697679,WALKTRAV_B02,0.6822545443219297,0.017755238047838184,False,8,8,11.5,1,1.0,True,False,True
11,129,disty13,ACTTRAV_C03,0.7069961375563287,WALKTRAV_B02,0.6892408995084905,0.017755238047838184,False,7,7,6.0,2,1.0,True,True,True
11,129,disty2,ACTTRAV_C03,0.6876405221030172,WALKTRAV_B02,0.669885284055179,0.017755238047838184,False,8,4,29.0,21,0.5,True,False,True
11,129,disty3,ACTTRAV_C03,0.6842316029411661,WALKTRAV_B02,0.664132922368039,0.020098680573127137,False,8,0,41.0,32,0.0,False,False,False
11,129,disty4,ACTTRAV_C03,0.6776852036824232,WALKTRAV_B02,0.6599299656345851,0.017755238047838184,False,8,8,10.5,7,1.0,True,False,True
11,129,disty5,ACTTRAV_C03,0.6935739545890192,WALKTRAV_B02,0.6756200124246324,0.017953942164386727,False,8,3,32.5,13,0.375,False,False,False
11,129,disty6,ACTTRAV_C03,0.6797530593369058,WALKTRAV_B02,0.6601638172294598,0.019589242107445948,False,8,8,6.5,3,1.0,True,False,True
11,129,disty7,ACTTRAV_C03,0.6839749021146949,WALKTRAV_B02,0.6662196640668567,0.017755238047838184,False,8,6,22.0,10,0.75,True,False,True
11,129,disty8,ACTTRAV_C03,0.6931443048051643,WALKTRAV_B02,0.6753890667573261,0.017755238047838184,False,8,8,11.5,8,1.0,True,False,True
11,129,disty9,ACTTRAV_C03,0.6852784965997895,WALKTRAV_B02,0.6675232585519513,0.017755238047838184,False,8,8,10.5,4,1.0,True,False,True
11,129,limiting_disability,ACTTRAV_C03,0.6927125327542428,WALKTRAV_B02,0.673937325020466,0.018775207733776833,False,8,0,84.0,56,0.0,False,False,False
11,129,no_disability,ACTTRAV_C03,0.7061820287905908,WALKTRAV_B02,0.6876730603036557,0.018508968486935062,False,8,0,322.5,298,0.0,False,False,False
11,129,non_limiting_disability,ACTTRAV_C03,0.7102065388634097,WALKTRAV_B02,0.6922060518401986,0.01800048702321111,False,8,0,70.0,56,0.0,False,False,False
11,135,disty1,ACTTRAV_C03,0.7009112191040218,WALKTRAV_B02,0.6831559810561835,0.017755238047838295,False,8,0,35.0,32,0.0,False,False,False
11,135,disty10,ACTTRAV_C03,0.7226051301288153,WALKTRAV_B02,0.704849892080977,0.017755238047838295,False,8,8,6.5,3,1.0,True,False,True
11,135,disty11,ACTTRAV_C03,0.7167364279146904,WALKTRAV_B02,0.6989811898668522,0.017755238047838184,False,8,8,4.0,1,1.0,True,False,True
11,135,disty12,ACTTRAV_C03,0.7221909775315966,WALKTRAV_B02,0.7041122830638128,0.018078694467783762,False,8,8,10.0,3,1.0,True,False,True
11,135,disty13,ACTTRAV_C03,0.7187390005693366,WALKTRAV_B02,0.7009837625214983,0.017755238047838295,False,8,8,8.0,5,1.0,True,False,True
11,135,disty2,ACTTRAV_C03,0.7092088770430143,WALKTRAV_B02,0.691003913013182,0.018204964029832293,False,8,4,29.5,25,0.5,True,False,True
11,135,disty3,ACTTRAV_C03,0.6945430872915906,WALKTRAV_B02,0.6767878492437523,0.017755238047838295,False,8,1,36.5,22,0.125,False,False,False
11,135,disty4,ACTTRAV_C03,0.7010117366007409,WALKTRAV_B02,0.6832564985529027,0.017755238047838184,False,8,8,9.0,5,1.0,True,False,True
11,135,disty5,ACTTRAV_C03,0.7180167994107757,WALKTRAV_B02,0.6990433136350253,0.01897348577575042,False,8,1,33.5,18,0.125,False,False,False
11,135,disty6,ACTTRAV_C03,0.6817573388404418,WALKTRAV_B02,0.6640021007926035,0.017755238047838295,False,8,8,5.0,1,1.0,True,False,True
11,135,disty7,ACTTRAV_C03,0.7033335281749681,WALKTRAV_B02,0.6855782901271298,0.017755238047838295,False,8,7,17.5,14,0.875,True,False,True
11,135,disty8,ACTTRAV_C03,0.7069668116823172,WALKTRAV_B02,0.6881688549946462,0.018797956687671036,False,8,8,15.5,11,1.0,True,False,True
11,135,disty9,ACTTRAV_C03,0.6966223859509048,WALKTRAV_B02,0.6754891049385249,0.02113328101237988,False,8,8,8.0,5,1.0,True,False,True
11,135,limiting_disability,ACTTRAV_C03,0.7106209378298499,WALKTRAV_B02,0.6924472978414826,0.018173639988367296,False,8,0,73.0,64,0.0,False,False,False
11,135,no_disability,ACTTRAV_C03,0.7222833694531359,WALKTRAV_B02,0.7032773988048548,0.019005970648281023,False,8,0,315.0,302,0.0,False,False,False
11,135,non_limiting_disability,ACTTRAV_C03,0.7281106977461139,WALKTRAV_B02,0.7091971424460083,0.018913555300105633,False,8,0,73.0,53,0.0,False,False,False
11,136,disty1,ACTTRAV_C03,0.6934142195079086,WALKTRAV_B02,0.6754767831044656,0.01793743640344303,False,8,2,36.5,24,0.25,False,False,False
11,136,disty10,ACTTRAV_C03,0.701645325116132,WALKTRAV_B02,0.6827473371212319,0.018897987994900056,False,8,8,4.0,3,1.0,True,False,True
11,136,disty11,ACTTRAV_C03,0.6893841420324552,WALKTRAV_B02,0.671628903984617,0.017755238047838184,False,8,8,3.5,1,1.0,True,False,True
11,136,disty12,ACTTRAV_C03,0.6947008452748671,WALKTRAV_B02,0.676665615742076,0.01803522953279113,False,8,8,6.5,3,1.0,True,False,True
11,136,disty13,ACTTRAV_C03,0.7043949225199068,WALKTRAV_B02,0.6866396844720686,0.017755238047838184,False,7,7,5.0,1,1.0,True,True,True
11,136,disty2,ACTTRAV_C03,0.6957121853900307,WALKTRAV_B02,0.6779569473421925,0.017755238047838184,False,8,5,27.5,20,0.625,True,False,True
11,136,disty3,ACTTRAV_C03,0.6892603128070642,WALKTRAV_B02,0.6714009878079455,0.017859324999118686,False,8,1,38.0,27,0.125,False,False,False
11,136,disty4,ACTTRAV_C03,0.6847527061523838,WALKTRAV_B02,0.6665796635485368,0.018173042603847,False,8,8,13.0,6,1.0,True,False,True
11,136,disty5,ACTTRAV_C03,0.697455129662473,WALKTRAV_B02,0.6788917261461175,0.018563403516355548,False,8,5,24.5,16,0.625,True,False,True
11,136,disty6,ACTTRAV_C03,0.6888512297749804,WALKTRAV_B02,0.6710959917271422,0.017755238047838184,False,8,8,6.5,3,1.0,True,False,True
11,136,disty7,ACTTRAV_C03,0.6900032899921432,WALKTRAV_B02,0.6717211823298755,0.018282107662267677,False,8,8,17.0,10,1.0,True,False,True
11,136,disty8,ACTTRAV_C03,0.6921015366624814,WALKTRAV_B02,0.6740097385776419,0.018091798084839517,False,8,8,11.0,7,1.0,True,False,True
11,136,disty9,ACTTRAV_C03,0.6906946237432307,WALKTRAV_B02,0.6729393856953925,0.017755238047838184,False,8,8,8.0,4,1.0,True,False,True
11,136,limiting_disability,ACTTRAV_C03,0.6970378591183196,WALKTRAV_B02,0.6787803310899189,0.01825752802840075,False,8,0,66.0,51,0.0,False,False,False
11,136,no_disability,ACTTRAV_C03,0.7161710132963651,WALKTRAV_B02,0.6966797044110777,0.019491308885287384,False,8,0,315.5,291,0.0,False,False,False
11,136,non_limiting_disability,ACTTRAV_C03,0.7192586194254244,WALKTRAV_B02,0.7012101315746108,0.018048487850813588,False,8,0,71.5,64,0.0,False,False,False
11,139,disty1,ACTTRAV_C03,0.6975437085469531,WALKTRAV_B02,0.6797884704991148,0.017755238047838295,False,8,4,30.0,19,0.5,True,False,True
11,139,disty10,ACTTRAV_C03,0.7060148860971406,WALKTRAV_B02,0.6882596480493024,0.017755238047838184,False,8,8,2.5,1,1.0,True,False,True
11,139,disty11,ACTTRAV_C03,0.7110706190304462,WALKTRAV_B02,0.693315380982608,0.017755238047838184,False,7,7,2.0,1,1.0,True,True,True
11,139,disty12,ACTTRAV_C03,0.7152221498427792,WALKTRAV_B02,0.6973099178372457,0.01791223200553349,False,8,8,6.5,2,1.0,True,False,True
11,139,disty13,ACTTRAV_C03,0.7200943751935324,WALKTRAV_B02,0.7023391371456941,0.017755238047838295,False,8,8,3.0,1,1.0,True,False,True
11,139,disty2,ACTTRAV_C03,0.7034513986798033,WALKTRAV_B02,0.6856961606319651,0.017755238047838184,False,8,6,24.5,14,0.75,True,False,True
11,139,disty3,ACTTRAV_C03,0.696264419348099,WALKTRAV_B02,0.6785091813002608,0.017755238047838184,False,8,2,35.0,22,0.25,False,False,False
11,139,disty4,ACTTRAV_C03,0.7012854303329809,WALKTRAV_B02,0.6835301922851426,0.017755238047838295,False,8,8,10.0,6,1.0,True,False,True
11,139,disty5,ACTTRAV_C03,0.7101416468469045,WALKTRAV_B02,0.6923109031471012,0.01783074369980331,False,8,6,20.0,14,0.75,True,False,True
11,139,disty6,ACTTRAV_C03,0.6842912977700618,WALKTRAV_B02,0.6665360597222235,0.017755238047838295,False,8,8,5.5,4,1.0,True,False,True
11,139,disty7,ACTTRAV_C03,0.6960874326730098,WALKTRAV_B02,0.6783321946251716,0.017755238047838184,False,8,8,15.0,12,1.0,True,False,True
11,139,disty8,ACTTRAV_C03,0.6893224928207383,WALKTRAV_B02,0.6715672547729,0.017755238047838295,False,8,8,5.5,4,1.0,True,False,True
11,139,disty9,ACTTRAV_C03,0.6918333314213049,WALKTRAV_B02,0.6740780933734667,0.017755238047838184,False,8,8,7.0,2,1.0,True,False,True
11,139,limiting_disability,ACTTRAV_C03,0.7047254841534671,WALKTRAV_B02,0.6869319140310222,0.01779357012244498,False,8,0,63.0,48,0.0,False,False,False
11,139,no_disability,ACTTRAV_C03,0.7182034666343998,WALKTRAV_B02,0.6989060465380467,0.019297420096353157,False,8,0,317.5,306,0.0,False,False,False
11,139,non_limiting_disability,ACTTRAV_C03,0.7200074453836127,WALKTRAV_B02,0.7019637922445856,0.018043653139027116,False,8,0,75.0,70,0.0,False,False,False
11,142,disty1,ACTTRAV_C03,0.7056989035335793,WALKTRAV_B02,0.686745504937218,0.01895339859636136,False,8,3,35.0,24,0.375,False,False,False
11,142,disty10,ACTTRAV_C03,0.7296271935969484,WALKTRAV_B02,0.7118719555491101,0.017755238047838295,False,8,8,7.5,2,1.0,True,False,True
11,142,disty11,ACTTRAV_C03,0.7138425062217117,WALKTRAV_B02,0.6960872681738736,0.017755238047838184,False,8,8,5.0,2,1.0,True,False,True
11,142,disty12,ACTTRAV_C03,0.7169181872533799,WALKTRAV_B02,0.6991629492055416,0.017755238047838295,False,8,8,10.5,8,1.0,True,False,True
11,142,disty13,ACTTRAV_C03,0.7225955429583031,WALKTRAV_B02,0.7048403049104649,0.017755238047838184,False,8,8,7.0,3,1.0,True,False,True
11,142,disty2,ACTTRAV_C03,0.7113815104013169,WALKTRAV_B02,0.6936262723534786,0.017755238047838295,False,8,4,30.5,14,0.5,True,False,True
11,142,disty3,ACTTRAV_C03,0.7044094638471056,WALKTRAV_B02,0.6855922792514508,0.018817184595654735,False,8,3,40.5,24,0.375,False,False,False
11,142,disty4,ACTTRAV_C03,0.7020865456444398,WALKTRAV_B02,0.6843313075966015,0.017755238047838295,False,8,8,10.0,5,1.0,True,False,True
11,142,disty5,ACTTRAV_C03,0.713331306719093,WALKTRAV_B02,0.694965864608398,0.018365442110694907,False,8,4,32.5,20,0.5,True,False,True
11,142,disty6,ACTTRAV_C03,0.6898569392185954,WALKTRAV_B02,0.6721017011707572,0.017755238047838184,False,8,8,8.0,1,1.0,True,False,True
11,142,disty7,ACTTRAV_C03,0.705520620817067,WALKTRAV_B02,0.6877653827692288,0.017755238047838184,False,8,7,23.5,11,0.875,True,False,True
11,142,disty8,ACTTRAV_C03,0.7046963792371509,WALKTRAV_B02,0.6869411411893127,0.017755238047838184,False,8,8,11.5,8,1.0,True,False,True
11,142,disty9,ACTTRAV_C03,0.6920551512310337,WALKTRAV_B02,0.6742999131831954,0.017755238047838295,False,8,8,7.0,3,1.0,True,False,True
11,142,limiting_disability,ACTTRAV_C03,0.7117830330687469,WALKTRAV_B02,0.6931032924680504,0.01867974060069655,False,8,0,71.5,46,0.0,False,False,False
11,142,no_disability,ACTTRAV_C03,0.7261807916416563,WALKTRAV_B02,0.707873650924164,0.018307140717492287,False,8,0,326.0,306,0.0,False,False,False
11,142,non_limiting_disability,ACTTRAV_C03,0.7262407360297144,WALKTRAV_B02,0.7073284850624068,0.018912250967307642,False,8,0,84.5,74,0.0,False,False,False
11,147,disty1,ACTTRAV_C03,0.7014457215086715,WALKTRAV_B02,0.6831859638329169,0.018259757675754607,False,8,2,33.5,25,0.25,False,False,False
11,147,disty10,ACTTRAV_C03,0.7183629460536751,WALKTRAV_B02,0.7006077080058369,0.017755238047838184,False,8,8,4.0,2,1.0,True,False,True
11,147,disty11,ACTTRAV_C03,0.7125668089694304,WALKTRAV_B02,0.6948115709215921,0.017755238047838295,False,7,7,4.0,1,1.0,True,True,True
11,147,disty12,ACTTRAV_C03,0.7150610832805141,WALKTRAV_B02,0.6973058452326758,0.017755238047838295,False,8,8,8.5,4,1.0,True,False,True
11,147,disty13,ACTTRAV_C03,0.7124905914987593,WALKTRAV_B02,0.694735353450921,0.017755238047838295,False,8,8,4.0,1,1.0,True,False,True
11,147,disty2,ACTTRAV_C03,0.7090764765542784,WALKTRAV_B02,0.6905450925320826,0.018531384022195785,False,8,7,27.5,23,0.875,True,False,True
11,147,disty3,ACTTRAV_C03,0.6978582587666847,WALKTRAV_B02,0.6794244739241285,0.0184337848425562,False,8,2,33.5,24,0.25,False,False,False
11,147,disty4,ACTTRAV_C03,0.6960602259804981,WALKTRAV_B02,0.6783049879326598,0.017755238047838295,False,8,8,10.5,8,1.0,True,False,True
11,147,disty5,ACTTRAV_C03,0.7115647184550826,WALKTRAV_B02,0.6933536985915815,0.018211019863501154,False,8,4,29.5,17,0.5,True,False,True
11,147,disty6,ACTTRAV_C03,0.7038894532500689,WALKTRAV_B02,0.6861342152022307,0.017755238047838184,False,8,8,4.5,4,1.0,True,False,True
11,147,disty7,ACTTRAV_C03,0.6994547811507311,WALKTRAV_B02,0.6816995431028929,0.017755238047838184,False,8,8,17.0,15,1.0,True,False,True
11,147,disty8,ACTTRAV_C03,0.6976984026877368,WALKTRAV_B02,0.6799431646398985,0.017755238047838295,False,8,8,9.5,6,1.0,True,False,True
11,147,disty9,ACTTRAV_C03,0.698315995293291,WALKTRAV_B02,0.6805607572454528,0.017755238047838184,False,8,8,8.5,4,1.0,True,False,True
11,147,limiting_disability,ACTTRAV_C03,0.7078526829964609,WALKTRAV_B02,0.6898008745672827,0.018051808429178196,False,8,0,69.5,63,0.0,False,False,False
11,147,no_disability,ACTTRAV_C03,0.719062529129607,WALKTRAV_B02,0.7006902089476754,0.01837232018193158,False,8,0,324.0,301,0.0,False,False,False
11,147,non_limiting_disability,ACTTRAV_C03,0.717461824395543,WALKTRAV_B02,0.6972798122597871,0.020182012135755878,False,8,0,80.0,66,0.0,False,False,False
11,160,disty1,ACTTRAV_C03,0.6933938249400828,WALKTRAV_B02,0.6756385868922447,0.017755238047838184,False,8,7,27.0,21,0.875,True,False,True
11,160,disty10,ACTTRAV_C03,0.7005888146682222,WALKTRAV_B02,0.682833576620384,0.017755238047838184,False,8,8,2.0,1,1.0,True,False,True
11,160,disty11,ACTTRAV_C03,0.6887363731153735,WALKTRAV_B02,0.6709811350675353,0.017755238047838184,False,7,7,2.0,1,1.0,True,True,True
11,160,disty12,ACTTRAV_C03,0.706690550813483,WALKTRAV_B02,0.6889353127656448,0.017755238047838184,False,8,8,4.5,2,1.0,True,False,True
11,160,disty13,ACTTRAV_C03,0.7079315611762228,WALKTRAV_B02,0.6901763231283846,0.017755238047838184,False,7,7,4.0,2,1.0,True,True,True
11,160,disty2,ACTTRAV_C03,0.6948125079016828,WALKTRAV_B02,0.6770572698538446,0.017755238047838184,False,8,8,21.0,14,1.0,True,False,True
11,160,disty3,ACTTRAV_C03,0.6868653708048624,WALKTRAV_B02,0.6691101327570241,0.017755238047838295,False,8,4,29.5,24,0.5,True,False,True
11,160,disty4,ACTTRAV_C03,0.6805927157754142,WALKTRAV_B02,0.6628374777275761,0.017755238047838184,False,8,8,9.0,4,1.0,True,False,True
11,160,disty5,ACTTRAV_C03,0.7028373544656678,WALKTRAV_B02,0.6850821164178295,0.017755238047838295,False,8,7,25.0,8,0.875,True,False,True
11,160,disty6,ACTTRAV_C03,0.6833978171851612,WALKTRAV_B02,0.665642579137323,0.017755238047838184,False,8,8,5.0,2,1.0,True,False,True
11,160,disty7,ACTTRAV_C03,0.6915760899310128,WALKTRAV_B02,0.6738208518831746,0.017755238047838184,False,8,8,14.0,9,1.0,True,False,True
11,160,disty8,ACTTRAV_C03,0.6957433593416268,WALKTRAV_B02,0.6779881212937885,0.017755238047838295,False,8,8,10.5,3,1.0,True,False,True
11,160,disty9,ACTTRAV_C03,0.687851227730553,WALKTRAV_B02,0.6700959896827147,0.017755238047838295,False,8,8,8.0,5,1.0,True,False,True
11,160,limiting_disability,ACTTRAV_C03,0.6984363901200161,WALKTRAV_B02,0.6806811520721778,0.017755238047838295,False,8,0,59.0,46,0.0,False,False,False
11,160,no_disability,ACTTRAV_C03,0.7171494433051769,WALKTRAV_B02,0.6988522961819179,0.018297147123259028,False,8,0,339.0,308,0.0,False,False,False
11,160,non_limiting_disability,ACTTRAV_C03,0.7168839183325681,WALKTRAV_B02,0.6985434081948149,0.018340510137753285,False,8,0,77.0,62,0.0,False,False,False
11,17,disty1,ACTTRAV_C03,0.6857658361086948,WALKTRAV_B02,0.6680105980608565,0.017755238047838295,False,8,1,43.5,28,0.125,False,False,False
11,17,disty10,ACTTRAV_C03,0.6914348366192263,WALKTRAV_B02,0.673679598571388,0.017755238047838295,False,7,7,2.0,1,1.0,True,True,True
11,17,disty11,ACTTRAV_C03,0.6812233234012319,WALKTRAV_B02,0.6634680853533937,0.017755238047838184,False,8,8,2.0,1,1.0,True,False,True
11,17,disty12,ACTTRAV_C03,0.7011459615955159,WALKTRAV_B02,0.6833907235476776,0.017755238047838295,False,7,7,8.0,5,1.0,True,True,True
11,17,disty13,ACTTRAV_C03,0.7178832910427165,WALKTRAV_B02,0.7001280529948783,0.017755238047838184,False,8,8,6.0,3,1.0,True,False,True
11,17,disty2,ACTTRAV_C03,0.6892617708886949,WALKTRAV_B02,0.6715065328408566,0.017755238047838295,False,8,4,29.0,18,0.5,True,False,True
11,17,disty3,ACTTRAV_C03,0.6807480617840432,WALKTRAV_B02,0.6629928237362049,0.017755238047838295,False,8,0,51.0,40,0.0,False,False,False
11,17,disty4,ACTTRAV_C03,0.6819086830119138,WALKTRAV_B02,0.6641534449640756,0.017755238047838184,False,8,8,10.5,8,1.0,True,False,True
11,17,disty5,ACTTRAV_C03,0.6982497926181542,WALKTRAV_B02,0.6804945545703159,0.017755238047838295,False,8,5,25.0,18,0.625,True,False,True
11,17,disty6,ACTTRAV_C03,0.6691418482036011,WALKTRAV_B02,0.6513866101557629,0.017755238047838184,False,8,8,5.5,1,1.0,True,False,True
11,17,disty7,ACTTRAV_C03,0.6826833790513697,WALKTRAV_B02,0.6649281410035314,0.017755238047838295,False,8,7,23.5,12,0.875,True,False,True
11,17,disty8,ACTTRAV_C03,0.6892107776858272,WALKTRAV_B02,0.671455539637989,0.017755238047838184,False,8,8,12.0,7,1.0,True,False,True
11,17,disty9,ACTTRAV_C03,0.6792492024289674,WALKTRAV_B02,0.6614939643811292,0.017755238047838184,False,8,8,11.0,7,1.0,True,False,True
11,17,limiting_disability,ACTTRAV_C03,0.6906734747496529,WALKTRAV_B02,0.6729182367018146,0.017755238047838295,False,8,0,78.0,71,0.0,False,False,False
11,17,no_disability,ACTTRAV_C03,0.705864070268072,WALKTRAV_B02,0.6878226265209442,0.018041443747127794,False,8,0,315.5,291,0.0,False,False,False
11,17,non_limiting_disability,ACTTRAV_C03,0.7086234050269903,WALKTRAV_B02,0.690868166979152,0.017755238047838295,False,8,0,73.0,63,0.0,False,False,False
11,171,disty1,ACTTRAV_C03,0.6868614154024286,WALKTRAV_B02,0.6691061773545904,0.017755238047838184,False,8,0,38.0,32,0.0,False,False,False
11,171,disty10,ACTTRAV_C03,0.7130015813263275,WALKTRAV_B02,0.6952463432784893,0.017755238047838184,False,8,8,5.0,2,1.0,True,False,True
11,171,disty11,ACTTRAV_C03,0.6993962080738368,WALKTRAV_B02,0.6816409700259987,0.017755238047838184,False,8,8,3.0,1,1.0,True,False,True
11,171,disty12,ACTTRAV_C03,0.7122414295862712,WALKTRAV_B02,0.6944861915384329,0.017755238047838295,False,8,8,6.5,4,1.0,True,False,True
11,171,disty13,ACTTRAV_C03,0.7110618775436709,WALKTRAV_B02,0.6933066394958327,0.017755238047838184,False,8,8,5.5,4,1.0,True,False,True
11,171,disty2,ACTTRAV_C03,0.6946678961224112,WALKTRAV_B02,0.6769126580745729,0.017755238047838295,False,8,7,25.0,20,0.875,True,False,True
11,171,disty3,ACTTRAV_C03,0.6920733927377667,WALKTRAV_B02,0.6743181546899285,0.017755238047838184,False,8,1,33.5,26,0.125,False,False,False
11,171,disty4,ACTTRAV_C03,0.6927561668207552,WALKTRAV_B02,0.6750009287729171,0.017755238047838184,False,8,8,7.5,3,1.0,True,False,True
11,171,disty5,ACTTRAV_C03,0.7003746942010095,WALKTRAV_B02,0.6826194561531713,0.017755238047838184,False,8,5,25.5,14,0.625,True,False,True
11,171,disty6,ACTTRAV_C03,0.6873036826430541,WALKTRAV_B02,0.6695484445952158,0.017755238047838295,False,8,8,5.5,1,1.0,True,False,True
11,171,disty7,ACTTRAV_C03,0.6940344563174149,WALKTRAV_B02,0.6762792182695766,0.017755238047838295,False,8,8,18.0,12,1.0,True,False,True
11,171,disty8,ACTTRAV_C03,0.705596862244348,WALKTRAV_B02,0.6878416241965097,0.017755238047838295,False,8,8,10.0,6,1.0,True,False,True
11,171,disty9,ACTTRAV_C03,0.6887858988908314,WALKTRAV_B02,0.6710306608429931,0.017755238047838295,False,8,8,10.0,7,1.0,True,False,True
11,171,limiting_disability,ACTTRAV_C03,0.6980475448063009,WALKTRAV_B02,0.6802923067584628,0.017755238047838184,False,8,0,69.5,58,0.0,False,False,False
11,171,no_disability,ACTTRAV_C03,0.7095255173500171,WALKTRAV_B02,0.6910946741621397,0.018430843187877466,False,8,0,329.5,305,0.0,False,False,False
11,171,non_limiting_disability,ACTTRAV_C03,0.7076493669219727,WALKTRAV_B02,0.6894368855249161,0.018212481397056557,False,8,0,55.5,47,0.0,False,False,False
11,196,disty1,ACTTRAV_C03,0.6877221395437405,WALKTRAV_B02,0.6699669014959023,0.017755238047838184,False,8,0,40.0,32,0.0,False,False,False
11,196,disty10,ACTTRAV_C03,0.7232549372316337,WALKTRAV_B02,0.7054996991837954,0.017755238047838295,False,8,8,3.0,1,1.0,True,False,True
11,196,disty11,ACTTRAV_C03,0.6859600041372623,WALKTRAV_B02,0.668204766089424,0.017755238047838295,False,8,8,2.0,1,1.0,True,False,True
11,196,disty12,ACTTRAV_C03,0.6977809670876712,WALKTRAV_B02,0.6797012382042668,0.018079728883404478,False,8,8,7.5,4,1.0,True,False,True
11,196,disty13,ACTTRAV_C03,0.7030998245843822,WALKTRAV_B02,0.685344586536544,0.017755238047838295,False,8,8,5.5,3,1.0,True,False,True
11,196,disty2,ACTTRAV_C03,0.6973409000213354,WALKTRAV_B02,0.6795856619734972,0.017755238047838184,False,8,5,28.5,24,0.625,True,False,True
11,196,disty3,ACTTRAV_C03,0.6848293080654665,WALKTRAV_B02,0.6670740700176282,0.017755238047838295,False,8,0,38.0,31,0.0,False,False,False
11,196,disty4,ACTTRAV_C03,0.6811897976317768,WALKTRAV_B02,0.6627632114620093,0.018426586169767445,False,8,8,12.0,3,1.0,True,False,True
11,196,disty5,ACTTRAV_C03,0.6930803843379807,WALKTRAV_B02,0.6751622366628246,0.017918147675156093,False,8,7,21.0,10,0.875,True,False,True
11,196,disty6,ACTTRAV_C03,0.6920394642686151,WALKTRAV_B02,0.6742842262207769,0.017755238047838184,False,8,8,7.0,4,1.0,True,False,True
11,196,disty7,ACTTRAV_C03,0.6879164127823623,WALKTRAV_B02,0.6701611747345241,0.017755238047838184,False,8,8,20.0,14,1.0,True,False,True
11,196,disty8,ACTTRAV_C03,0.6910604720128536,WALKTRAV_B02,0.6733052339650154,0.017755238047838184,False,8,8,10.5,6,1.0,True,False,True
11,196,disty9,ACTTRAV_C03,0.6853185602622546,WALKTRAV_B02,0.6675633222144164,0.017755238047838184,False,8,8,11.0,5,1.0,True,False,True
11,196,limiting_disability,ACTTRAV_C03,0.6937505141765439,WALKTRAV_B02,0.6756353664408297,0.01811514773571421,False,8,0,74.5,60,0.0,False,False,False
11,196,no_disability,ACTTRAV_C03,0.7076734683434424,WALKTRAV_B02,0.6895333848543898,0.018140083489052605,False,8,0,330.0,301,0.0,False,False,False
11,196,non_limiting_disability,ACTTRAV_C03,0.7093514172483288,WALKTRAV_B02,0.6910480197704129,0.018303397477915984,False,8,0,76.0,63,0.0,False,False,False
11,201,disty1,ACTTRAV_C03,0.7095441873806373,WALKTRAV_B02,0.6917889493327992,0.017755238047838073,False,8,7,23.0,20,0.875,True,False,True
11,201,disty10,ACTTRAV_C03,0.736839577424906,WALKTRAV_B02,0.7190843393770677,0.017755238047838295,False,7,7,3.0,2,1.0,True,True,True
11,201,disty11,ACTTRAV_C03,0.7208414565474975,WALKTRAV_B02,0.7030862184996594,0.017755238047838184,False,7,7,2.0,1,1.0,True,True,True
11,201,disty12,ACTTRAV_C03,0.7268198883910167,WALKTRAV_B02,0.7090646503431786,0.017755238047838184,False,8,8,5.5,3,1.0,True,False,True
11,201,disty13,ACTTRAV_C03,0.7330767473846408,WALKTRAV_B02,0.7153215093368026,0.017755238047838184,False,8,8,3.5,1,1.0,True,False,True
11,201,disty2,ACTTRAV_C03,0.711832458812773,WALKTRAV_B02,0.6940772207649347,0.017755238047838295,False,8,8,19.5,14,1.0,True,False,True
11,201,disty3,ACTTRAV_C03,0.7047653794350464,WALKTRAV_B02,0.6867607345935623,0.018004644841484008,False,8,6,27.5,23,0.75,True,False,True
11,201,disty4,ACTTRAV_C03,0.7028956246148496,WALKTRAV_B02,0.6839369501216169,0.01895867449323263,False,8,8,9.0,6,1.0,True,False,True
11,201,disty5,ACTTRAV_C03,0.7245674299439072,WALKTRAV_B02,0.706812191896069,0.017755238047838184,False,8,8,16.0,8,1.0,True,False,True
11,201,disty6,ACTTRAV_C03,0.7170450725802585,WALKTRAV_B02,0.6992898345324203,0.017755238047838184,False,8,8,5.5,2,1.0,True,False,True
11,201,disty7,ACTTRAV_C03,0.7080755236866851,WALKTRAV_B02,0.690320285638847,0.017755238047838184,False,8,8,12.5,7,1.0,True,False,True
11,201,disty8,ACTTRAV_C03,0.722976403168145,WALKTRAV_B02,0.7052211651203067,0.017755238047838295,False,8,8,6.5,3,1.0,True,False,True
11,201,disty9,ACTTRAV_C03,0.7006865028820332,WALKTRAV_B02,0.6829312648341949,0.017755238047838295,False,8,8,5.0,2,1.0,True,False,True
11,201,limiting_disability,ACTTRAV_C03,0.7161343202491266,WALKTRAV_B02,0.6979558859274543,0.01817843432167232,False,8,0,52.5,42,0.0,False,False,False
11,201,no_disability,ACTTRAV_C03,0.7243169405406334,WALKTRAV_B02,0.7050362093176624,0.019280731222971026,False,8,0,336.0,295,0.0,False,False,False
11,201,non_limiting_disability,ACTTRAV_C03,0.7238705581402851,WALKTRAV_B02,0.7048459457503918,0.01902461238989328,False,8,0,84.0,68,0.0,False,False,False
11,241,disty1,ACTTRAV_C03,0.7012224032436325,WALKTRAV_B02,0.6826514488844002,0.018570954359232283,False,8,3,31.0,24,0.375,False,False,False
11,241,disty10,ACTTRAV_C03,0.7343161638527683,WALKTRAV_B02,0.71656092580493,0.017755238047838295,False,8,8,4.0,3,1.0,True,False,True
11,241,disty11,ACTTRAV_C03,0.7199911783829651,WALKTRAV_B02,0.7022359403351269,0.017755238047838184,False,6,6,3.0,2,1.0,True,True,True
11,241,disty12,ACTTRAV_C03,0.7209393010026391,WALKTRAV_B02,0.7031840629548008,0.017755238047838295,False,8,8,8.5,4,1.0,True,False,True
11,241,disty13,ACTTRAV_C03,0.7241089372062681,WALKTRAV_B02,0.7063536991584299,0.017755238047838184,False,8,8,5.0,2,1.0,True,False,True
11,241,disty2,ACTTRAV_C03,0.7087329882725334,WALKTRAV_B02,0.6909777502246951,0.017755238047838295,False,8,6,22.0,14,0.75,True,False,True
11,241,disty3,ACTTRAV_C03,0.700054093690507,WALKTRAV_B02,0.6822988556426687,0.017755238047838295,False,8,2,31.0,24,0.25,False,False,False
11,241,disty4,ACTTRAV_C03,0.7081531698459769,WALKTRAV_B02,0.6903979317981386,0.017755238047838295,False,8,8,8.0,5,1.0,True,False,True
11,241,disty5,ACTTRAV_C03,0.7195439133812918,WALKTRAV_B02,0.6974636118477117,0.022080301533580093,False,8,5,24.5,16,0.625,True,False,True
11,241,disty6,ACTTRAV_C03,0.7155213476703813,WALKTRAV_B02,0.6977661096225432,0.017755238047838184,False,8,8,5.0,3,1.0,True,False,True
11,241,disty7,ACTTRAV_C03,0.7068596753102775,WALKTRAV_B02,0.6873535104385488,0.019506164871728737,False,8,8,16.5,14,1.0,True,False,True
11,241,disty8,ACTTRAV_C03,0.7141820825099039,WALKTRAV_B02,0.6964268444620656,0.017755238047838295,False,8,8,10.0,6,1.0,True,False,True
11,241,disty9,ACTTRAV_C03,0.715262973968999,WALKTRAV_B02,0.6975077359211607,0.017755238047838295,False,8,8,6.0,5,1.0,True,False,True
11,241,limiting_disability,ACTTRAV_C03,0.7103273866392109,WALKTRAV_B02,0.6903653205686581,0.019962066070552842,False,8,0,61.0,50,0.0,False,False,False
11,241,no_disability,ACTTRAV_C03,0.7241320966131829,WALKTRAV_B02,0.7050653743647242,0.019066722248458734,False,8,0,342.0,312,0.0,False,False,False
11,241,non_limiting_disability,ACTTRAV_C03,0.7269589505659985,WALKTRAV_B02,0.7086187345926233,0.018340215973375207,False,8,0,75.0,54,0.0,False,False,False
11,255,disty1,ACTTRAV_C03,0.6938775222120079,WALKTRAV_B02,0.6753632179265538,0.018514304285454086,False,8,0,39.5,31,0.0,False,False,False
11,255,disty10,ACTTRAV_C03,0.6995831958788913,WALKTRAV_B02,0.6818279578310531,0.017755238047838184,False,8,8,3.0,2,1.0,True,False,True
11,255,disty11,ACTTRAV_C03,0.6981993684023852,WALKTRAV_B02,0.680444130354547,0.017755238047838184,False,6,6,3.0,1,1.0,True,True,True
11,255,disty12,ACTTRAV_C03,0.713882419036063,WALKTRAV_B02,0.6952433686529546,0.018639050383108424,False,8,8,5.5,2,1.0,True,False,True
11,255,disty13,ACTTRAV_C03,0.7194818325794622,WALKTRAV_B02,0.7017265945316239,0.017755238047838295,False,8,8,5.0,2,1.0,True,False,True
11,255,disty2,ACTTRAV_C03,0.6978878401262495,WALKTRAV_B02,0.6801326020784112,0.017755238047838295,False,8,6,27.0,23,0.75,True,False,True
11,255,disty3,ACTTRAV_C03,0.6847367107761372,WALKTRAV_B02,0.6667343122426155,0.018002398533521702,False,8,0,43.0,33,0.0,False,False,False
11,255,disty4,ACTTRAV_C03,0.6819342824563396,WALKTRAV_B02,0.6641790444085013,0.017755238047838295,False,8,8,13.0,7,1.0,True,False,True
11,255,disty5,ACTTRAV_C03,0.7051236636021584,WALKTRAV_B02,0.687031107184844,0.018092556417314443,False,8,6,23.5,15,0.75,True,False,True
11,255,disty6,ACTTRAV_C03,0.6898899444736264,WALKTRAV_B02,0.6721347064257882,0.017755238047838184,False,8,8,6.5,2,1.0,True,False,True
11,255,disty7,ACTTRAV_C03,0.6894784966255457,WALKTRAV_B02,0.671324187947059,0.018154308678486775,False,8,7,25.0,19,0.875,True,False,True
11,255,disty8,ACTTRAV_C03,0.6971945302947807,WALKTRAV_B02,0.678917901173502,0.018276629121278698,False,8,8,12.0,7,1.0,True,False,True
11,255,disty9,ACTTRAV_C03,0.6972043926024794,WALKTRAV_B02,0.6794491545546412,0.017755238047838184,False,8,8,11.5,9,1.0,True,False,True
11,255,limiting_disability,ACTTRAV_C03,0.6956228793874245,WALKTRAV_B02,0.6773688121085445,0.018254067278880015,False,8,0,76.0,59,0.0,False,False,False
11,255,no_disability,ACTTRAV_C03,0.7090128253675504,WALKTRAV_B02,0.691020837417523,0.017991987950027433,False,8,0,328.0,273,0.0,False,False,False
11,255,non_limiting_disability,ACTTRAV_C03,0.7098010686934831,WALKTRAV_B02,0.691765165898141,0.018035902795342174,False,8,0,78.0,59,0.0,False,False,False
11,272,disty1,ACTTRAV_C03,0.69712846289747,WALKTRAV_B02,0.6793732248496317,0.017755238047838295,False,8,5,27.0,23,0.625,True,False,True
11,272,disty10,ACTTRAV_C03,0.7145452045553975,WALKTRAV_B02,0.6967899665075593,0.017755238047838184,False,8,8,3.5,2,1.0,True,False,True
11,272,disty11,ACTTRAV_C03,0.7065466479851489,WALKTRAV_B02,0.6887914099373106,0.017755238047838295,False,6,6,1.5,1,1.0,True,True,True
11,272,disty12,ACTTRAV_C03,0.708951426409363,WALKTRAV_B02,0.6911961883615249,0.017755238047838184,False,8,8,9.0,1,1.0,True,False,True
11,272,disty13,ACTTRAV_C03,0.7039033974637537,WALKTRAV_B02,0.6861481594159156,0.017755238047838184,False,8,8,5.0,3,1.0,True,False,True
11,272,disty2,ACTTRAV_C03,0.7029657275123354,WALKTRAV_B02,0.6852104894644971,0.017755238047838295,False,8,8,21.5,18,1.0,True,False,True
11,272,disty3,ACTTRAV_C03,0.691765371458238,WALKTRAV_B02,0.6731402302404811,0.018625141217756935,False,8,8,23.0,17,1.0,True,False,True
11,272,disty4,ACTTRAV_C03,0.6970789114945078,WALKTRAV_B02,0.6793236734466697,0.017755238047838184,False,8,8,4.5,3,1.0,True,False,True
11,272,disty5,ACTTRAV_C03,0.7051141756489198,WALKTRAV_B02,0.6869375871056099,0.018176588543309835,False,8,6,24.5,16,0.75,True,False,True
11,272,disty6,ACTTRAV_C03,0.6990032491753743,WALKTRAV_B02,0.681248011127536,0.017755238047838295,False,8,8,5.5,3,1.0,True,False,True
11,272,disty7,ACTTRAV_C03,0.6947364609776111,WALKTRAV_B02,0.6769812229297728,0.017755238047838295,False,8,8,15.0,11,1.0,True,False,True
11,272,disty8,ACTTRAV_C03,0.6992628281437875,WALKTRAV_B02,0.6815075900959492,0.017755238047838295,False,8,8,7.5,4,1.0,True,False,True
11,272,disty9,ACTTRAV_C03,0.6942382754536217,WALKTRAV_B02,0.6764830374057834,0.017755238047838295,False,8,8,5.0,2,1.0,True,False,True
11,272,limiting_disability,ACTTRAV_C03,0.7031615756611671,WALKTRAV_B02,0.6849882972586149,0.01817327840255223,False,8,0,56.5,43,0.0,False,False,False
11,272,no_disability,ACTTRAV_C03,0.7198693357499998,WALKTRAV_B02,0.7012775021554102,0.018591833594589602,False,8,0,356.5,311,0.0,False,False,False
11,272,non_limiting_disability,ACTTRAV_C03,0.7217708129426307,WALKTRAV_B02,0.701749585712559,0.020021227230071714,False,8,0,58.0,41,0.0,False,False,False
11,279,disty1,ACTTRAV_C03,0.6984635995310587,WALKTRAV_B02,0.6802681304063042,0.01819546912475456,False,8,1,38.0,24,0.125,False,False,False
11,279,disty10,ACTTRAV_C03,0.7242270969383449,WALKTRAV_B02,0.7064718588905066,0.017755238047838295,False,8,8,3.0,2,1.0,True,False,True
11,279,disty11,ACTTRAV_C03,0.7102844960644004,WALKTRAV_B02,0.6925292580165622,0.017755238047838184,False,8,8,2.0,1,1.0,True,False,True
11,279,disty12,ACTTRAV_C03,0.7104450586422633,WALKTRAV_B02,0.692689820594425,0.017755238047838295,False,8,8,5.5,3,1.0,True,False,True
11,279,disty13,ACTTRAV_C03,0.7215830669096511,WALKTRAV_B02,0.6926870594718294,0.028896007437821725,False,8,8,3.5,1,1.0,True,False,True
11,279,disty2,ACTTRAV_C03,0.7006994723551024,WALKTRAV_B02,0.6824200794131542,0.018279392941948247,False,8,7,27.0,19,0.875,True,False,True
11,279,disty3,ACTTRAV_C03,0.696193725426315,WALKTRAV_B02,0.6784384873784769,0.017755238047838073,False,8,1,40.0,22,0.125,False,False,False
11,279,disty4,ACTTRAV_C03,0.7000700811188495,WALKTRAV_B02,0.6823148430710112,0.017755238047838295,False,8,8,8.5,2,1.0,True,False,True
11,279,disty5,ACTTRAV_C03,0.7024848937809699,WALKTRAV_B02,0.6841419180228351,0.018342975758134816,False,8,7,24.0,11,0.875,True,False,True
11,279,disty6,ACTTRAV_C03,0.7070755623774431,WALKTRAV_B02,0.6893203243296048,0.017755238047838295,False,8,8,4.5,1,1.0,True,False,True
11,279,disty7,ACTTRAV_C03,0.7062837744327881,WALKTRAV_B02,0.6885285363849499,0.017755238047838184,False,8,8,19.0,16,1.0,True,False,True
11,279,disty8,ACTTRAV_C03,0.6999495947838579,WALKTRAV_B02,0.6821943567360196,0.017755238047838295,False,8,8,7.0,6,1.0,True,False,True
11,279,disty9,ACTTRAV_C03,0.6927517681293809,WALKTRAV_B02,0.6749965300815427,0.017755238047838184,False,8,8,7.5,4,1.0,True,False,True
11,279,limiting_disability,ACTTRAV_C03,0.7012374575949543,WALKTRAV_B02,0.6829168510356897,0.018320606559264596,False,8,0,65.5,50,0.0,False,False,False
11,279,no_disability,ACTTRAV_C03,0.7131818016076275,WALKTRAV_B02,0.6945369087764975,0.01864489283112991,False,8,0,333.5,308,0.0,False,False,False
11,279,non_limiting_disability,ACTTRAV_C03,0.720912930803714,WALKTRAV_B02,0.7016266282296557,0.01928630257405828,False,8,0,71.5,60,0.0,False,False,False
11,280,disty1,ACTTRAV_C03,0.7152807625713833,WALKTRAV_B02,0.6975255245235451,0.017755238047838184,False,8,8,21.5,13,1.0,True,False,True
11,280,disty10,ACTTRAV_C03,0.7293617115058827,WALKTRAV_B02,0.7116064734580444,0.017755238047838295,False,8,8,3.0,1,1.0,True,False,True
11,280,disty11,ACTTRAV_C03,0.704772316524308,WALKTRAV_B02,0.6870170784764698,0.017755238047838295,False,5,5,2.0,1,1.0,True,True,True
11,280,disty12,ACTTRAV_C03,0.728383558244038,WALKTRAV_B02,0.7106283201961997,0.017755238047838295,False,8,8,4.5,1,1.0,True,False,True
11,280,disty13,ACTTRAV_C03,0.7387319578653729,WALKTRAV_B02,0.7209767198175348,0.017755238047838184,False,8,8,3.5,1,1.0,True,False,True
11,280,disty2,ACTTRAV_C03,0.7223632686811784,WALKTRAV_B02,0.7046080306333402,0.017755238047838184,False,8,8,18.0,12,1.0,True,False,True
11,280,disty3,ACTTRAV_C03,0.7086313893032803,WALKTRAV_B02,0.690876151255442,0.017755238047838295,False,8,6,23.0,18,0.75,True,False,True
11,280,disty4,ACTTRAV_C03,0.6985617978705265,WALKTRAV_B02,0.6808065598226883,0.017755238047838184,False,8,8,5.5,2,1.0,True,False,True
11,280,disty5,ACTTRAV_C03,0.7266868334225804,WALKTRAV_B02,0.7089315953747423,0.017755238047838184,False,8,6,17.5,8,0.75,True,False,True
11,280,disty6,ACTTRAV_C03,0.7233640568215177,WALKTRAV_B02,0.7056088187736795,0.017755238047838184,False,8,8,3.0,1,1.0,True,False,True
11,280,disty7,ACTTRAV_C03,0.7202827364707105,WALKTRAV_B02,0.7025274984228723,0.017755238047838184,False,8,8,14.5,9,1.0,True,False,True
11,280,disty8,ACTTRAV_C03,0.7167744674231867,WALKTRAV_B02,0.6990192293753484,0.017755238047838295,False,8,8,6.0,4,1.0,True,False,True
11,280,disty9,ACTTRAV_C03,0.7227403276181629,WALKTRAV_B02,0.7049850895703246,0.017755238047838295,False,8,8,5.5,3,1.0,True,False,True
11,280,limiting_disability,ACTTRAV_C03,0.7224935999119106,WALKTRAV_B02,0.7047383618640725,0.017755238047838184,False,8,0,47.5,38,0.0,False,False,False
11,280,no_disability,ACTTRAV_C03,0.7324907376360272,WALKTRAV_B02,0.7115587500416046,0.020931987594422607,False,8,0,346.0,329,0.0,False,False,False
11,280,non_limiting_disability,ACTTRAV_C03,0.7319794544292474,WALKTRAV_B02,0.7139982492425853,0.01798120518666213,False,8,0,70.0,59,0.0,False,False,False
11,293,disty1,ACTTRAV_C03,0.6959603352042468,WALKTRAV_B02,0.6782050971564085,0.017755238047838295,False,8,2,34.0,27,0.25,False,False,False
11,293,disty10,ACTTRAV_C03,0.7126713301599593,WALKTRAV_B02,0.694916092112121,0.017755238047838295,False,8,8,5.5,2,1.0,True,False,True
11,293,disty11,ACTTRAV_C03,0.7189630886947684,WALKTRAV_B02,0.7012078506469303,0.017755238047838184,False,7,7,3.0,1,1.0,True,True,True
11,293,disty12,ACTTRAV_C03,0.7084341587906909,WALKTRAV_B02,0.6906789207428528,0.017755238047838184,False,8,8,10.0,6,1.0,True,False,True
11,293,disty13,ACTTRAV_C03,0.7173578316432537,WALKTRAV_B02,0.6996025935954154,0.017755238047838295,False,8,8,3.5,1,1.0,True,False,True
11,293,disty2,ACTTRAV_C03,0.6986274657723914,WALKTRAV_B02,0.6808722277245531,0.017755238047838295,False,8,5,26.0,23,0.625,True,False,True
11,293,disty3,ACTTRAV_C03,0.6926815355720404,WALKTRAV_B02,0.6749262975242022,0.017755238047838184,False,8,1,37.5,25,0.125,False,False,False
11,293,disty4,ACTTRAV_C03,0.688455279802768,WALKTRAV_B02,0.6707000417549297,0.017755238047838295,False,8,8,13.5,9,1.0,True,False,True
11,293,disty5,ACTTRAV_C03,0.7057638579640665,WALKTRAV_B02,0.6880086199162282,0.017755238047838295,False,8,6,24.0,13,0.75,True,False,True
11,293,disty6,ACTTRAV_C03,0.6860677544230004,WALKTRAV_B02,0.6683125163751622,0.017755238047838184,False,8,8,8.0,5,1.0,True,False,True
11,293,disty7,ACTTRAV_C03,0.6972942553771339,WALKTRAV_B02,0.6795390173292956,0.017755238047838295,False,8,8,16.0,11,1.0,True,False,True
11,293,disty8,ACTTRAV_C03,0.6995148030384094,WALKTRAV_B02,0.6817595649905711,0.017755238047838295,False,8,8,13.0,5,1.0,True,False,True
11,293,disty9,ACTTRAV_C03,0.6979120477449687,WALKTRAV_B02,0.6801568096971304,0.017755238047838295,False,8,8,10.0,4,1.0,True,False,True
11,293,limiting_disability,ACTTRAV_C03,0.7029290478900166,WALKTRAV_B02,0.6851738098421783,0.017755238047838295,False,8,0,69.5,47,0.0,False,False,False
11,293,no_disability,ACTTRAV_C03,0.7188806894776887,WALKTRAV_B02,0.7001832777609296,0.018697411716759094,False,8,0,325.5,289,0.0,False,False,False
11,293,non_limiting_disability,ACTTRAV_C03,0.7188499097176293,WALKTRAV_B02,0.7000532755512745,0.018796634166354798,False,8,0,75.0,57,0.0,False,False,False
11,30,disty1,ACTTRAV_C03,0.6850532453359087,WALKTRAV_B02,0.6671191912014469,0.017934054134461808,False,8,1,36.5,27,0.125,False,False,False
11,30,disty10,ACTTRAV_C03,0.710160904940166,WALKTRAV_B02,0.6924056668923279,0.017755238047838184,False,7,7,5.0,2,1.0,True,True,True
11,30,disty11,ACTTRAV_C03,0.7039395764148414,WALKTRAV_B02,0.6861843383670031,0.017755238047838295,False,7,7,4.0,2,1.0,True,True,True
11,30,disty12,ACTTRAV_C03,0.7114567774063608,WALKTRAV_B02,0.6937015393585225,0.017755238047838295,False,8,8,8.5,4,1.0,True,False,True
11,30,disty13,ACTTRAV_C03,0.7065944705461413,WALKTRAV_B02,0.6888392324983031,0.017755238047838184,False,8,8,6.0,3,1.0,True,False,True
11,30,disty2,ACTTRAV_C03,0.6902300619643462,WALKTRAV_B02,0.672474823916508,0.017755238047838184,False,8,3,30.5,25,0.375,False,False,False
11,30,disty3,ACTTRAV_C03,0.686811306210233,WALKTRAV_B02,0.6690560681623948,0.017755238047838184,False,8,2,37.5,28,0.25,False,False,False
11,30,disty4,ACTTRAV_C03,0.6888982662534282,WALKTRAV_B02,0.67114302820559,0.017755238047838184,False,8,8,9.5,5,1.0,True,False,True
11,30,disty5,ACTTRAV_C03,0.7025975230643215,WALKTRAV_B02,0.684733910226276,0.017863612838045495,False,8,5,19.0,13,0.625,True,False,True
11,30,disty6,ACTTRAV_C03,0.6859407993330363,WALKTRAV_B02,0.668185561285198,0.017755238047838295,False,8,8,6.5,3,1.0,True,False,True
11,30,disty7,ACTTRAV_C03,0.693534467802456,WALKTRAV_B02,0.6757792297546177,0.017755238047838295,False,8,8,19.5,14,1.0,True,False,True
11,30,disty8,ACTTRAV_C03,0.69732165379568,WALKTRAV_B02,0.6795664157478418,0.017755238047838184,False,8,8,13.5,7,1.0,True,False,True
11,30,disty9,ACTTRAV_C03,0.694802793752551,WALKTRAV_B02,0.6770475557047129,0.017755238047838184,False,8,8,10.0,6,1.0,True,False,True
11,30,limiting_disability,ACTTRAV_C03,0.6972642729579553,WALKTRAV_B02,0.6794567404274896,0.01780753253046574,False,8,0,64.0,52,0.0,False,False,False
11,30,no_disability,ACTTRAV_C03,0.7078013994320024,WALKTRAV_B02,0.6893134178523305,0.018487981579671908,False,8,0,331.5,320,0.0,False,False,False
11,30,non_limiting_disability,ACTTRAV_C03,0.7110411287794272,WALKTRAV_B02,0.692214666976074,0.018826461803353123,False,8,0,62.5,52,0.0,False,False,False
11,35,disty1,ACTTRAV_C03,0.6896381691958383,WALKTRAV_B02,0.6718829311480001,0.017755238047838184,False,8,2,36.5,28,0.25,False,False,False
11,35,disty10,ACTTRAV_C03,0.7107691884061023,WALKTRAV_B02,0.693013950358264,0.017755238047838295,False,8,8,3.0,1,1.0,True,False,True
11,35,disty11,ACTTRAV_C03,0.7085825811339721,WALKTRAV_B02,0.6908273430861339,0.017755238047838184,False,7,7,3.0,1,1.0,True,True,True
11,35,disty12,ACTTRAV_C03,0.7144260308901247,WALKTRAV_B02,0.6966707928422865,0.017755238047838184,False,8,8,6.5,2,1.0,True,False,True
11,35,disty13,ACTTRAV_C03,0.7013882055175041,WALKTRAV_B02,0.683632967469666,0.017755238047838184,False,8,8,5.0,2,1.0,True,False,True
11,35,disty2,ACTTRAV_C03,0.6864534309062452,WALKTRAV_B02,0.6676887540619242,0.018764676844321038,False,8,8,21.0,18,1.0,True,False,True
11,35,disty3,ACTTRAV_C03,0.6891866179829987,WALKTRAV_B02,0.6714313799351604,0.017755238047838295,False,8,0,40.5,35,0.0,False,False,False
11,35,disty4,ACTTRAV_C03,0.6827387097533671,WALKTRAV_B02,0.664983471705529,0.017755238047838184,False,8,8,12.0,10,1.0,True,False,True
11,35,disty5,ACTTRAV_C03,0.7065765980332397,WALKTRAV_B02,0.6888213599854014,0.017755238047838295,False,8,7,22.5,10,0.875,True,False,True
11,35,disty6,ACTTRAV_C03,0.6914707137988021,WALKTRAV_B02,0.6737154757509639,0.017755238047838184,False,8,8,4.0,3,1.0,True,False,True
11,35,disty7,ACTTRAV_C03,0.6943956183026021,WALKTRAV_B02,0.6766403802547639,0.017755238047838184,False,8,8,16.5,11,1.0,True,False,True
11,35,disty8,ACTTRAV_C03,0.7007984094303005,WALKTRAV_B02,0.6830431713824622,0.017755238047838295,False,8,8,10.5,7,1.0,True,False,True
11,35,disty9,ACTTRAV_C03,0.6918543863504049,WALKTRAV_B02,0.6740991483025666,0.017755238047838295,False,8,8,9.5,5,1.0,True,False,True
11,35,limiting_disability,ACTTRAV_C03,0.6989697008138972,WALKTRAV_B02,0.6809496652620365,0.018020035551860714,False,8,0,67.0,56,0.0,False,False,False
11,35,no_disability,ACTTRAV_C03,0.7134979905817648,WALKTRAV_B02,0.6951954727234642,0.018302517858300615,False,8,0,300.5,290,0.0,False,False,False
11,35,non_limiting_disability,ACTTRAV_C03,0.7126576214185115,WALKTRAV_B02,0.6947837913101732,0.017873830108338318,False,8,0,81.5,77,0.0,False,False,False
11,44,disty1,ACTTRAV_C03,0.7015665726313657,WALKTRAV_B02,0.683342333858756,0.018224238772609702,False,8,3,31.0,26,0.375,False,False,False
11,44,disty10,ACTTRAV_C03,0.7133656420442088,WALKTRAV_B02,0.6956104039963705,0.017755238047838295,False,8,8,4.5,3,1.0,True,False,True
11,44,disty11,ACTTRAV_C03,0.6947094270247608,WALKTRAV_B02,0.6769541889769225,0.017755238047838295,False,8,8,3.0,2,1.0,True,False,True
11,44,disty12,ACTTRAV_C03,0.7103214929647134,WALKTRAV_B02,0.6920912400428888,0.018230252921824563,False,8,8,8.0,3,1.0,True,False,True
11,44,disty13,ACTTRAV_C03,0.7197723299779067,WALKTRAV_B02,0.701443710281824,0.018328619696082793,False,8,8,5.5,2,1.0,True,False,True
11,44,disty2,ACTTRAV_C03,0.7062698784592204,WALKTRAV_B02,0.6885146404113821,0.017755238047838295,False,8,3,30.5,24,0.375,False,False,False
11,44,disty3,ACTTRAV_C03,0.6996403607434579,WALKTRAV_B02,0.6813846145255079,0.01825574621795001,False,8,0,41.0,31,0.0,False,False,False
11,44,disty4,ACTTRAV_C03,0.6976017267113549,WALKTRAV_B02,0.6798464886635166,0.017755238047838295,False,8,8,12.0,7,1.0,True,False,True
11,44,disty5,ACTTRAV_C03,0.7090258462574116,WALKTRAV_B02,0.690958810669654,0.018067035587757574,False,8,3,32.5,21,0.375,False,False,False
11,44,disty6,ACTTRAV_C03,0.6858215253106147,WALKTRAV_B02,0.6680662872627764,0.017755238047838295,False,8,8,8.5,6,1.0,True,False,True
11,44,disty7,ACTTRAV_C03,0.6954862703537187,WALKTRAV_B02,0.6777310323058804,0.017755238047838295,False,8,8,19.5,13,1.0,True,False,True
11,44,disty8,ACTTRAV_C03,0.7022544450117173,WALKTRAV_B02,0.6844992069638791,0.017755238047838184,False,8,8,15.0,7,1.0,True,False,True
11,44,disty9,ACTTRAV_C03,0.6964093148925156,WALKTRAV_B02,0.6786540768446774,0.017755238047838184,False,8,8,10.5,8,1.0,True,False,True
11,44,limiting_disability,ACTTRAV_C03,0.708121343367847,WALKTRAV_B02,0.6899946050250636,0.018126738342783444,False,8,0,72.5,59,0.0,False,False,False
11,44,no_disability,ACTTRAV_C03,0.7203103758214445,WALKTRAV_B02,0.7018438425210136,0.01846653330043091,False,8,0,315.5,287,0.0,False,False,False
11,44,non_limiting_disability,ACTTRAV_C03,0.7210661471791272,WALKTRAV_B02,0.7020299085746629,0.01903623860446435,False,8,0,76.5,58,0.0,False,False,False
11,68,disty1,ACTTRAV_C03,0.6912798297272159,WALKTRAV_B02,0.6735245916793776,0.017755238047838295,False,8,1,37.5,24,0.125,False,False,False
11,68,disty10,ACTTRAV_C03,0.7055209258097466,WALKTRAV_B02,0.6872545444119827,0.01826638139776382,False,8,8,3.0,1,1.0,True,False,True
11,68,disty11,ACTTRAV_C03,0.6997763856806839,WALKTRAV_B02,0.6820211476328456,0.017755238047838295,False,8,8,2.5,1,1.0,True,False,True
11,68,disty12,ACTTRAV_C03,0.7022126647300478,WALKTRAV_B02,0.6843047457547701,0.01790791897527777,False,8,8,7.0,3,1.0,True,False,True
11,68,disty13,ACTTRAV_C03,0.7095092737790321,WALKTRAV_B02,0.6917540357311938,0.017755238047838295,False,8,8,4.5,2,1.0,True,False,True
11,68,disty2,ACTTRAV_C03,0.6971127023595788,WALKTRAV_B02,0.6793574643117405,0.017755238047838295,False,8,7,24.5,18,0.875,True,False,True
11,68,disty3,ACTTRAV_C03,0.6869647106992668,WALKTRAV_B02,0.6692094726514285,0.017755238047838295,False,8,1,37.0,29,0.125,False,False,False
11,68,disty4,ACTTRAV_C03,0.6762874317817891,WALKTRAV_B02,0.6585321937339509,0.017755238047838184,False,8,8,12.0,7,1.0,True,False,True
11,68,disty5,ACTTRAV_C03,0.6976138590140047,WALKTRAV_B02,0.6798079191828353,0.017805939831169404,False,8,6,23.0,14,0.75,True,False,True
11,68,disty6,ACTTRAV_C03,0.6836087537105108,WALKTRAV_B02,0.6658535156626725,0.017755238047838295,False,8,8,6.0,4,1.0,True,False,True
11,68,disty7,ACTTRAV_C03,0.686117064837254,WALKTRAV_B02,0.6683618267894157,0.017755238047838295,False,8,8,18.0,14,1.0,True,False,True
11,68,disty8,ACTTRAV_C03,0.696077674243125,WALKTRAV_B02,0.6781915034862305,0.01788617075689458,False,8,8,12.0,6,1.0,True,False,True
11,68,disty9,ACTTRAV_C03,0.6852172467980429,WALKTRAV_B02,0.6674620087502046,0.017755238047838295,False,8,8,8.0,4,1.0,True,False,True
11,68,limiting_disability,ACTTRAV_C03,0.6969779741827858,WALKTRAV_B02,0.6792000510403283,0.01777792314245752,False,8,0,70.0,57,0.0,False,False,False
11,68,no_disability,ACTTRAV_C03,0.7086525148863213,WALKTRAV_B02,0.6906794798801464,0.017973035006174864,False,8,0,323.0,288,0.0,False,False,False
11,68,non_limiting_disability,ACTTRAV_C03,0.7122197219419139,WALKTRAV_B02,0.6944644838940756,0.017755238047838295,False,8,0,72.0,57,0.0,False,False,False
11,78,disty1,ACTTRAV_C03,0.6955624408968374,WALKTRAV_B02,0.6772639702634894,0.018298470633347996,False,8,4,31.0,25,0.5,True,False,True
11,78,disty10,ACTTRAV_C03,0.719997879023157,WALKTRAV_B02,0.7022426409753189,0.017755238047838184,False,7,7,3.0,1,1.0,True,True,True
11,78,disty11,ACTTRAV_C03,0.7101874748939455,WALKTRAV_B02,0.6924322368461073,0.017755238047838184,False,6,6,2.0,1,1.0,True,True,True
11,78,disty12,ACTTRAV_C03,0.7059124944293812,WALKTRAV_B02,0.6881572563815429,0.017755238047838295,False,8,8,6.0,3,1.0,True,False,True
11,78,disty13,ACTTRAV_C03,0.7205069801978339,WALKTRAV_B02,0.7027517421499957,0.017755238047838184,False,8,8,5.5,2,1.0,True,False,True
11,78,disty2,ACTTRAV_C03,0.7032748308761521,WALKTRAV_B02,0.6855195928283139,0.017755238047838184,False,8,7,23.0,14,0.875,True,False,True
11,78,disty3,ACTTRAV_C03,0.6900448677426697,WALKTRAV_B02,0.6714965547176831,0.018548313024986607,False,8,3,31.0,19,0.375,False,False,False
11,78,disty4,ACTTRAV_C03,0.6968938646874148,WALKTRAV_B02,0.6791386266395766,0.017755238047838184,False,8,8,6.5,2,1.0,True,False,True
11,78,disty5,ACTTRAV_C03,0.70583462048348,WALKTRAV_B02,0.6875833222144283,0.018251298269051697,False,8,8,20.0,11,1.0,True,False,True
11,78,disty6,ACTTRAV_C03,0.7037822382663631,WALKTRAV_B02,0.6860270002185249,0.017755238047838184,False,8,8,5.0,2,1.0,True,False,True
11,78,disty7,ACTTRAV_C03,0.693097042582666,WALKTRAV_B02,0.6753418045348278,0.017755238047838184,False,8,8,17.0,14,1.0,True,False,True
11,78,disty8,ACTTRAV_C03,0.6959231618216233,WALKTRAV_B02,0.6781679237737851,0.017755238047838184,False,8,8,7.5,4,1.0,True,False,True
11,78,disty9,ACTTRAV_C03,0.6927673291501478,WALKTRAV_B02,0.6750120911023095,0.017755238047838295,False,8,8,9.0,5,1.0,True,False,True
11,78,limiting_disability,ACTTRAV_C03,0.7024276591561355,WALKTRAV_B02,0.6842319293296433,0.018195729826492202,False,8,0,62.0,45,0.0,False,False,False
11,78,no_disability,ACTTRAV_C03,0.7119606794234055,WALKTRAV_B02,0.693119737442106,0.018840941981299486,False,8,0,327.0,317,0.0,False,False,False
11,78,non_limiting_disability,ACTTRAV_C03,0.7169615397194425,WALKTRAV_B02,0.6985768006484608,0.018384739070981704,False,8,0,75.5,60,0.0,False,False,False
11,8,disty1,ACTTRAV_C03,0.6858584864157103,WALKTRAV_B02,0.6681032483678722,0.017755238047838184,False,8,0,47.0,42,0.0,False,False,False
11,8,disty10,ACTTRAV_C03,0.7046587209350084,WALKTRAV_B02,0.6869034828871701,0.017755238047838295,False,7,7,8.0,3,1.0,True,True,True
11,8,disty11,ACTTRAV_C03,0.6961399974164894,WALKTRAV_B02,0.6783847593686511,0.017755238047838295,False,8,8,4.0,1,1.0,True,False,True
11,8,disty12,ACTTRAV_C03,0.6954719392929755,WALKTRAV_B02,0.6777167012451372,0.017755238047838295,False,8,8,13.0,3,1.0,True,False,True
11,8,disty13,ACTTRAV_C03,0.698470696692988,WALKTRAV_B02,0.6807154586451497,0.017755238047838295,False,8,8,6.0,4,1.0,True,False,True
11,8,disty2,ACTTRAV_C03,0.6879806607389332,WALKTRAV_B02,0.6702254226910949,0.017755238047838295,False,8,4,30.0,23,0.5,True,False,True
11,8,disty3,ACTTRAV_C03,0.6835326181065483,WALKTRAV_B02,0.6657773800587101,0.017755238047838184,False,8,0,47.5,36,0.0,False,False,False
11,8,disty4,ACTTRAV_C03,0.6859615105507882,WALKTRAV_B02,0.6682062725029501,0.017755238047838184,False,8,8,10.5,4,1.0,True,False,True
11,8,disty5,ACTTRAV_C03,0.6930853620502457,WALKTRAV_B02,0.6753301240024074,0.017755238047838295,False,8,3,38.0,21,0.375,False,False,False
11,8,disty6,ACTTRAV_C03,0.6855574861053713,WALKTRAV_B02,0.6678022480575331,0.017755238047838184,False,8,8,10.0,5,1.0,True,False,True
11,8,disty7,ACTTRAV_C03,0.6863514202634203,WALKTRAV_B02,0.6685961822155821,0.017755238047838184,False,8,4,31.0,18,0.5,True,False,True
11,8,disty8,ACTTRAV_C03,0.6815368926766885,WALKTRAV_B02,0.6637816546288503,0.017755238047838184,False,8,8,14.0,7,1.0,True,False,True
11,8,disty9,ACTTRAV_C03,0.6847862981267325,WALKTRAV_B02,0.6670310600788943,0.017755238047838184,False,8,8,13.5,5,1.0,True,False,True
11,8,limiting_disability,ACTTRAV_C03,0.6912101729633798,WALKTRAV_B02,0.6734549349155415,0.017755238047838295,False,8,0,87.0,73,0.0,False,False,False
11,8,no_disability,ACTTRAV_C03,0.7037311438002662,WALKTRAV_B02,0.6856596104044699,0.01807153339579637,False,8,0,318.5,294,0.0,False,False,False
11,8,non_limiting_disability,ACTTRAV_C03,0.707549107626762,WALKTRAV_B02,0.689590677579871,0.017958430046891016,False,8,0,68.5,44,0.0,False,False,False
11,9,disty1,ACTTRAV_C03,0.6942679499529384,WALKTRAV_B02,0.6765127119051001,0.017755238047838295,False,8,3,33.0,26,0.375,False,False,False
11,9,disty10,ACTTRAV_C03,0.703277209846451,WALKTRAV_B02,0.6855219717986127,0.017755238047838295,False,7,7,3.0,1,1.0,True,True,True
11,9,disty11,ACTTRAV_C03,0.6800186131589406,WALKTRAV_B02,0.6622633751111023,0.017755238047838295,False,6,6,2.5,1,1.0,True,True,True
11,9,disty12,ACTTRAV_C03,0.7066196918042816,WALKTRAV_B02,0.6888644537564433,0.017755238047838295,False,8,8,7.5,5,1.0,True,False,True
11,9,disty13,ACTTRAV_C03,0.7203441856216691,WALKTRAV_B02,0.7025889475738308,0.017755238047838295,False,8,8,6.5,3,1.0,True,False,True
11,9,disty2,ACTTRAV_C03,0.6996292506533758,WALKTRAV_B02,0.6818740126055375,0.017755238047838295,False,8,3,30.5,12,0.375,False,False,False
11,9,disty3,ACTTRAV_C03,0.6933405149777675,WALKTRAV_B02,0.6755852769299292,0.017755238047838295,False,8,2,37.0,28,0.25,False,False,False
11,9,disty4,ACTTRAV_C03,0.6901061286822202,WALKTRAV_B02,0.672350890634382,0.017755238047838184,False,8,8,11.0,8,1.0,True,False,True
11,9,disty5,ACTTRAV_C03,0.7035125585864618,WALKTRAV_B02,0.6857573205386236,0.017755238047838184,False,8,8,23.5,12,1.0,True,False,True
11,9,disty6,ACTTRAV_C03,0.6928155795494074,WALKTRAV_B02,0.6750603415015692,0.017755238047838184,False,8,8,6.0,2,1.0,True,False,True
11,9,disty7,ACTTRAV_C03,0.692030572288936,WALKTRAV_B02,0.6742753342410979,0.017755238047838184,False,8,6,13.0,8,0.75,True,False,True
11,9,disty8,ACTTRAV_C03,0.7017101433355323,WALKTRAV_B02,0.683954905287694,0.017755238047838295,False,8,8,10.0,6,1.0,True,False,True
11,9,disty9,ACTTRAV_C03,0.6879677698490211,WALKTRAV_B02,0.6702125318011828,0.017755238047838295,False,8,8,9.5,7,1.0,True,False,True
11,9,limiting_disability,ACTTRAV_C03,0.6991444411029472,WALKTRAV_B02,0.681389203055109,0.017755238047838184,False,8,0,71.0,49,0.0,False,False,False
11,9,no_disability,ACTTRAV_C03,0.7102400990146568,WALKTRAV_B02,0.6921455834807849,0.01809451553387187,False,8,0,333.0,288,0.0,False,False,False
11,9,non_limiting_disability,ACTTRAV_C03,0.716057450340134,WALKTRAV_B02,0.6976274557666005,0.01842999457353356,False,8,0,82.5,57,0.0,False,False,False
11,91,disty1,ACTTRAV_C03,0.6853636365882927,WALKTRAV_B02,0.6670865148072488,0.018277121781043904,False,8,0,43.0,36,0.0,False,False,False
11,91,disty10,ACTTRAV_C03,0.700619807570254,WALKTRAV_B02,0.6828645695224157,0.017755238047838295,False,8,8,4.5,2,1.0,True,False,True
11,91,disty11,ACTTRAV_C03,0.6840416629201168,WALKTRAV_B02,0.6662864248722785,0.017755238047838295,False,8,8,4.0,2,1.0,True,False,True
11,91,disty12,ACTTRAV_C03,0.6917793455185376,WALKTRAV_B02,0.6740241074706994,0.017755238047838184,False,8,8,8.5,5,1.0,True,False,True
11,91,disty13,ACTTRAV_C03,0.6934623619371492,WALKTRAV_B02,0.675707123889311,0.017755238047838184,False,8,8,6.0,3,1.0,True,False,True
11,91,disty2,ACTTRAV_C03,0.686294857996948,WALKTRAV_B02,0.6685396199491098,0.017755238047838184,False,8,4,32.5,18,0.5,True,False,True
11,91,disty3,ACTTRAV_C03,0.6850301583345583,WALKTRAV_B02,0.6666017035594093,0.018428454775148984,False,8,0,48.5,35,0.0,False,False,False
11,91,disty4,ACTTRAV_C03,0.6865393583109438,WALKTRAV_B02,0.6687841202631056,0.017755238047838184,False,8,8,15.5,7,1.0,True,False,True
11,91,disty5,ACTTRAV_C03,0.6909769035540958,WALKTRAV_B02,0.6732216655062575,0.017755238047838295,False,8,6,26.5,19,0.75,True,False,True
11,91,disty6,ACTTRAV_C03,0.6920380136897281,WALKTRAV_B02,0.6742827756418898,0.017755238047838295,False,8,8,8.0,1,1.0,True,False,True
11,91,disty7,ACTTRAV_C03,0.6884480631804735,WALKTRAV_B02,0.6706928251326353,0.017755238047838184,False,8,6,25.0,16,0.75,True,False,True
11,91,disty8,ACTTRAV_C03,0.689410227113223,WALKTRAV_B02,0.6716549890653847,0.017755238047838295,False,8,8,16.0,5,1.0,True,False,True
11,91,disty9,ACTTRAV_C03,0.6884489327412765,WALKTRAV_B02,0.6706936946934382,0.017755238047838295,False,8,8,12.5,5,1.0,True,False,True
11,91,limiting_disability,ACTTRAV_C03,0.6936410714073683,WALKTRAV_B02,0.6755374542397833,0.018103617167585018,False,8,0,79.5,66,0.0,False,False,False
11,91,no_disability,ACTTRAV_C03,0.7061767807385918,WALKTRAV_B02,0.6880220974638523,0.018154683274739458,False,8,0,312.0,286,0.0,False,False,False
11,91,non_limiting_disability,ACTTRAV_C03,0.7089465492048111,WALKTRAV_B02,0.6902779598882004,0.01866858931661075,False,8,0,79.5,59,0.0,False,False,False
12,107,disty1,ACTTRAV_C03,0.6952614623346958,WALKTRAV_B02,0.6766579262485813,0.018603536086114425,False,8,1,44.5,28,0.125,False,False,False
12,107,disty10,ACTTRAV_C03,0.7125131363477947,WALKTRAV_B02,0.6943555288659125,0.01815760748188222,False,8,8,5.5,1,1.0,True,False,True
12,107,disty11,ACTTRAV_C03,0.6999750272008533,WALKTRAV_B02,0.681817419718971,0.01815760748188222,False,7,7,5.0,1,1.0,True,True,True
12,107,disty12,ACTTRAV_C03,0.7066557439153522,WALKTRAV_B02,0.68849813643347,0.01815760748188222,False,8,8,9.5,3,1.0,True,False,True
12,107,disty13,ACTTRAV_C03,0.7133239109077928,WALKTRAV_B02,0.6951663034259106,0.01815760748188222,False,8,8,7.0,4,1.0,True,False,True
12,107,disty2,ACTTRAV_C03,0.7002388766920864,WALKTRAV_B02,0.6820812692102042,0.01815760748188222,False,8,4,33.0,18,0.5,True,False,True
12,107,disty3,ACTTRAV_C03,0.6916940404795473,WALKTRAV_B02,0.6732661295608314,0.018427910918715873,False,8,2,44.0,25,0.25,False,False,False
12,107,disty4,ACTTRAV_C03,0.6892961111493697,WALKTRAV_B02,0.6711385036674875,0.01815760748188222,False,8,8,13.0,8,1.0,True,False,True
12,107,disty5,ACTTRAV_C03,0.7036718272421846,WALKTRAV_B02,0.6855142197603025,0.01815760748188211,False,8,3,35.0,20,0.375,False,False,False
12,107,disty6,ACTTRAV_C03,0.691532897340652,WALKTRAV_B02,0.6733752898587699,0.01815760748188211,False,8,8,7.0,2,1.0,True,False,True
12,107,disty7,ACTTRAV_C03,0.6938745399398553,WALKTRAV_B02,0.6757169324579732,0.01815760748188211,False,8,4,25.5,16,0.5,True,False,True
12,107,disty8,ACTTRAV_C03,0.6998332833855533,WALKTRAV_B02,0.6816756759036712,0.01815760748188211,False,8,8,16.0,7,1.0,True,False,True
12,107,disty9,ACTTRAV_C03,0.6958094396070228,WALKTRAV_B02,0.6776518321251407,0.01815760748188211,False,8,8,14.5,4,1.0,True,False,True
12,107,limiting_disability,ACTTRAV_C03,0.6999762758458645,WALKTRAV_B02,0.6817148621530507,0.018261413692813866,False,8,0,87.5,57,0.0,False,False,False
12,107,no_disability,ACTTRAV_C03,0.708633242975666,WALKTRAV_B02,0.6901665472089921,0.018466695766673924,False,8,0,325.5,300,0.0,False,False,False
12,107,non_limiting_disability,ACTTRAV_C03,0.7116365445544798,WALKTRAV_B02,0.6934050611043094,0.018231483450170338,False,8,0,88.0,60,0.0,False,False,False
12,109,disty1,ACTTRAV_C03,0.7023978337855249,WALKTRAV_B02,0.6833677037507649,0.01903013003475995,False,8,2,38.0,23,0.25,False,False,False
12,109,disty10,ACTTRAV_C03,0.7226155405666945,WALKTRAV_B02,0.7028364162314761,0.019779124335218445,False,8,8,5.5,1,1.0,True,False,True
12,109,disty11,ACTTRAV_C03,0.7123595383654259,WALKTRAV_B02,0.6942019308835436,0.01815760748188222,False,8,8,4.0,2,1.0,True,False,True
12,109,disty12,ACTTRAV_C03,0.7153296529567246,WALKTRAV_B02,0.6957238567575301,0.019605796199194447,False,8,8,11.5,2,1.0,True,False,True
12,109,disty13,ACTTRAV_C03,0.7217460113742071,WALKTRAV_B02,0.6986685224048605,0.023077488969346582,False,8,8,7.0,2,1.0,True,False,True
12,109,disty2,ACTTRAV_C03,0.7064439477943864,WALKTRAV_B02,0.68662210531468,0.01982184247970631,False,8,4,29.5,16,0.5,True,False,True
12,109,disty3,ACTTRAV_C03,0.7004269694345217,WALKTRAV_B02,0.6818534955288212,0.01857347390570041,False,8,2,35.5,24,0.25,False,False,False
12,109,disty4,ACTTRAV_C03,0.7022318497953751,WALKTRAV_B02,0.6813820510434636,0.020849798751911508,False,8,8,12.0,5,1.0,True,False,True
12,109,disty5,ACTTRAV_C03,0.7131612242981246,WALKTRAV_B02,0.6940403741536717,0.01912085014445286,False,8,3,31.5,16,0.375,False,False,False
12,109,disty6,ACTTRAV_C03,0.7045073970299289,WALKTRAV_B02,0.6863497895480467,0.01815760748188222,False,8,8,7.0,3,1.0,True,False,True
12,109,disty7,ACTTRAV_C03,0.7024060363903915,WALKTRAV_B02,0.6842484289085092,0.01815760748188222,False,8,8,17.0,14,1.0,True,False,True
12,109,disty8,ACTTRAV_C03,0.7087833612815628,WALKTRAV_B02,0.6906257537996806,0.01815760748188222,False,8,8,14.0,10,1.0,True,False,True
12,109,disty9,ACTTRAV_C03,0.7076270758647478,WALKTRAV_B02,0.6894694683828656,0.01815760748188222,False,8,8,8.5,1,1.0,True,False,True
12,109,limiting_disability,ACTTRAV_C03,0.7088345486765368,WALKTRAV_B02,0.6901418034012489,0.01869274527528797,False,8,0,65.5,49,0.0,False,False,False
12,109,no_disability,ACTTRAV_C03,0.7188687412099662,WALKTRAV_B02,0.700444771860237,0.01842396934972923,False,8,0,328.0,302,0.0,False,False,False
12,109,non_limiting_disability,ACTTRAV_C03,0.7224472565952961,WALKTRAV_B02,0.703454080643734,0.018993175951562025,False,8,0,73.0,59,0.0,False,False,False
12,112,disty1,ACTTRAV_C03,0.7042062781132506,WALKTRAV_B02,0.6855308907893004,0.018675387323950243,False,8,2,35.0,26,0.25,False,False,False
12,112,disty10,ACTTRAV_C03,0.7257785934086821,WALKTRAV_B02,0.7051942207063248,0.020584372702357356,False,6,6,3.5,1,1.0,True,True,True
12,112,disty11,ACTTRAV_C03,0.7042507752255109,WALKTRAV_B02,0.6860931677436287,0.01815760748188222,False,6,6,2.5,1,1.0,True,True,True
12,112,disty12,ACTTRAV_C03,0.7129464128951162,WALKTRAV_B02,0.6942582688742225,0.018688144020893693,False,7,7,10.0,3,1.0,True,True,True
12,112,disty13,ACTTRAV_C03,0.724599405068737,WALKTRAV_B02,0.7064417975868548,0.01815760748188222,False,7,7,5.0,3,1.0,True,True,True
12,112,disty2,ACTTRAV_C03,0.7102568279008138,WALKTRAV_B02,0.6920992204189317,0.01815760748188211,False,8,7,24.5,22,0.875,True,False,True
12,112,disty3,ACTTRAV_C03,0.7007577135889459,WALKTRAV_B02,0.6824161583779597,0.018341555210986238,False,8,0,32.5,31,0.0,False,False,False
12,112,disty4,ACTTRAV_C03,0.707188125369555,WALKTRAV_B02,0.6890305178876729,0.01815760748188211,False,8,8,9.0,7,1.0,True,False,True
12,112,disty5,ACTTRAV_C03,0.71214113290135,WALKTRAV_B02,0.6937361040504441,0.01840502885090589,False,8,7,21.0,8,0.875,True,False,True
12,112,disty6,ACTTRAV_C03,0.7080434105901073,WALKTRAV_B02,0.6898858031082251,0.01815760748188222,False,8,8,6.0,3,1.0,True,False,True
12,112,disty7,ACTTRAV_C03,0.7035470752111823,WALKTRAV_B02,0.6846112869738814,0.01893578823730091,False,8,8,18.0,12,1.0,True,False,True
12,112,disty8,ACTTRAV_C03,0.7048364332681949,WALKTRAV_B02,0.6865756138336844,0.018260819434510522,False,8,8,6.0,4,1.0,True,False,True
12,112,disty9,ACTTRAV_C03,0.710448016668538,WALKTRAV_B02,0.6909852335670532,0.01946278310148475,False,8,8,6.0,3,1.0,True,False,True
12,112,limiting_disability,ACTTRAV_C03,0.7097693984888852,WALKTRAV_B02,0.6912884760313871,0.018480922457498106,False,8,0,62.5,60,0.0,False,False,False
12,112,no_disability,ACTTRAV_C03,0.7202545006455416,WALKTRAV_B02,0.7015748730498388,0.018679627595702852,False,8,0,337.0,320,0.0,False,False,False
12,112,non_limiting_disability,ACTTRAV_C03,0.7221335103775012,WALKTRAV_B02,0.7039480674621307,0.018185442915370498,False,8,0,66.0,55,0.0,False,False,False
12,114,disty1,ACTTRAV_C03,0.7012491254422917,WALKTRAV_B02,0.6830915179604095,0.01815760748188222,False,8,2,37.0,20,0.25,False,False,False
12,114,disty10,ACTTRAV_C03,0.7239399944590422,WALKTRAV_B02,0.70578238697716,0.01815760748188222,False,7,7,4.0,2,1.0,True,True,True
12,114,disty11,ACTTRAV_C03,0.7058444325836604,WALKTRAV_B02,0.6876868251017781,0.01815760748188222,False,6,6,3.0,1,1.0,True,True,True
12,114,disty12,ACTTRAV_C03,0.7134304664326115,WALKTRAV_B02,0.6951247562399095,0.018305710192701996,False,8,8,8.0,2,1.0,True,False,True
12,114,disty13,ACTTRAV_C03,0.7200618325441861,WALKTRAV_B02,0.701904225062304,0.01815760748188211,False,8,8,6.0,3,1.0,True,False,True
12,114,disty2,ACTTRAV_C03,0.7061803717144409,WALKTRAV_B02,0.6880227642325587,0.01815760748188222,False,8,3,30.5,20,0.375,False,False,False
12,114,disty3,ACTTRAV_C03,0.6975822688287747,WALKTRAV_B02,0.6794246613468925,0.01815760748188222,False,8,2,38.0,19,0.25,False,False,False
12,114,disty4,ACTTRAV_C03,0.6923514245574875,WALKTRAV_B02,0.6741938170756054,0.01815760748188211,False,8,8,10.5,5,1.0,True,False,True
12,114,disty5,ACTTRAV_C03,0.7098814068130264,WALKTRAV_B02,0.6910485752546599,0.01883283155836646,False,8,3,30.5,14,0.375,False,False,False
12,114,disty6,ACTTRAV_C03,0.7018583563019739,WALKTRAV_B02,0.6837007488200918,0.01815760748188211,False,8,8,7.0,5,1.0,True,False,True
12,114,disty7,ACTTRAV_C03,0.7000791503015017,WALKTRAV_B02,0.6819215428196195,0.01815760748188222,False,8,7,21.0,7,0.875,True,False,True
12,114,disty8,ACTTRAV_C03,0.7067502505076143,WALKTRAV_B02,0.6885926430257322,0.01815760748188211,False,8,8,12.5,5,1.0,True,False,True
12,114,disty9,ACTTRAV_C03,0.7043620079348675,WALKTRAV_B02,0.6862044004529854,0.01815760748188211,False,8,8,10.5,6,1.0,True,False,True
12,114,limiting_disability,ACTTRAV_C03,0.7070935725598927,WALKTRAV_B02,0.6886563135138483,0.01843725904604443,False,8,0,76.5,47,0.0,False,False,False
12,114,no_disability,ACTTRAV_C03,0.7158772843660944,WALKTRAV_B02,0.697348801243267,0.0185284831228274,False,8,0,324.5,273,0.0,False,False,False
12,114,non_limiting_disability,ACTTRAV_C03,0.7184644743799703,WALKTRAV_B02,0.7001616951464872,0.018302779233483113,False,8,0,81.5,66,0.0,False,False,False
12,117,disty1,ACTTRAV_C03,0.6935153946560978,WALKTRAV_B02,0.6753577871742157,0.01815760748188211,False,8,3,32.0,23,0.375,False,False,False
12,117,disty10,ACTTRAV_C03,0.7096795424507117,WALKTRAV_B02,0.6915219349688295,0.01815760748188222,False,8,8,3.0,1,1.0,True,False,True
12,117,disty11,ACTTRAV_C03,0.7036854052139732,WALKTRAV_B02,0.6855277977320909,0.01815760748188222,False,6,6,2.5,2,1.0,True,True,True
12,117,disty12,ACTTRAV_C03,0.7082245366293093,WALKTRAV_B02,0.6900669291474271,0.01815760748188222,False,7,7,7.0,1,1.0,True,True,True
12,117,disty13,ACTTRAV_C03,0.7094199100742596,WALKTRAV_B02,0.6912623025923774,0.01815760748188222,False,8,8,4.0,2,1.0,True,False,True
12,117,disty2,ACTTRAV_C03,0.6971208096702404,WALKTRAV_B02,0.6789632021883583,0.01815760748188211,False,8,5,22.5,17,0.625,True,False,True
12,117,disty3,ACTTRAV_C03,0.6923803280591426,WALKTRAV_B02,0.6742227205772605,0.01815760748188211,False,8,0,36.5,30,0.0,False,False,False
12,117,disty4,ACTTRAV_C03,0.6897756264199995,WALKTRAV_B02,0.6716180189381172,0.01815760748188222,False,8,8,8.5,3,1.0,True,False,True
12,117,disty5,ACTTRAV_C03,0.6955333269686143,WALKTRAV_B02,0.677375719486732,0.01815760748188222,False,8,8,16.0,9,1.0,True,False,True
12,117,disty6,ACTTRAV_C03,0.6934093758111771,WALKTRAV_B02,0.6752517683292949,0.01815760748188222,False,8,8,6.0,1,1.0,True,False,True
12,117,disty7,ACTTRAV_C03,0.6935996494279224,WALKTRAV_B02,0.6754420419460402,0.01815760748188222,False,8,8,17.0,13,1.0,True,False,True
12,117,disty8,ACTTRAV_C03,0.6995813106881051,WALKTRAV_B02,0.6814237032062229,0.01815760748188222,False,8,8,8.5,3,1.0,True,False,True
12,117,disty9,ACTTRAV_C03,0.6977888813578869,WALKTRAV_B02,0.6796312738760045,0.018157607481882332,False,8,8,10.5,4,1.0,True,False,True
12,117,limiting_disability,ACTTRAV_C03,0.6979471504991765,WALKTRAV_B02,0.6797895430172943,0.01815760748188222,False,8,0,65.5,51,0.0,False,False,False
12,117,no_disability,ACTTRAV_C03,0.7053511909088609,WALKTRAV_B02,0.6869629211862838,0.018388269722577122,False,8,0,331.5,298,0.0,False,False,False
12,117,non_limiting_disability,ACTTRAV_C03,0.7078864811014974,WALKTRAV_B02,0.689699237628851,0.01818724347264644,False,8,0,65.5,54,0.0,False,False,False
12,122,disty1,ACTTRAV_C03,0.68722395680373,WALKTRAV_B02,0.6690190469120476,0.01820490989168244,False,8,0,51.5,41,0.0,False,False,False
12,122,disty10,ACTTRAV_C03,0.7060655121771955,WALKTRAV_B02,0.6879079046953133,0.01815760748188222,False,7,7,4.0,1,1.0,True,True,True
12,122,disty11,ACTTRAV_C03,0.6964703796915748,WALKTRAV_B02,0.6783127722096925,0.01815760748188222,False,6,6,3.0,1,1.0,True,True,True
12,122,disty12,ACTTRAV_C03,0.6952269031538586,WALKTRAV_B02,0.6770692956719765,0.01815760748188211,False,8,8,7.5,3,1.0,True,False,True
12,122,disty13,ACTTRAV_C03,0.7009887714549209,WALKTRAV_B02,0.6828311639730387,0.01815760748188222,False,8,8,5.0,2,1.0,True,False,True
12,122,disty2,ACTTRAV_C03,0.6932801837977369,WALKTRAV_B02,0.6750716787111674,0.01820850508656957,False,8,2,32.5,21,0.25,False,False,False
12,122,disty3,ACTTRAV_C03,0.6858132797591736,WALKTRAV_B02,0.6676556722772914,0.01815760748188222,False,8,0,54.0,47,0.0,False,False,False
12,122,disty4,ACTTRAV_C03,0.6844906722333981,WALKTRAV_B02,0.6663330647515159,0.01815760748188222,False,8,8,17.5,11,1.0,True,False,True
12,122,disty5,ACTTRAV_C03,0.6957426238550598,WALKTRAV_B02,0.6774796915100366,0.018262932345023186,False,8,8,23.0,11,1.0,True,False,True
12,122,disty6,ACTTRAV_C03,0.6868687022759118,WALKTRAV_B02,0.6687110947940297,0.01815760748188211,False,8,8,8.0,1,1.0,True,False,True
12,122,disty7,ACTTRAV_C03,0.6888157883797629,WALKTRAV_B02,0.6706581808978808,0.01815760748188211,False,8,5,24.5,19,0.625,True,False,True
12,122,disty8,ACTTRAV_C03,0.6913231804721738,WALKTRAV_B02,0.6731655729902917,0.01815760748188211,False,8,8,13.5,5,1.0,True,False,True
12,122,disty9,ACTTRAV_C03,0.6918793120091461,WALKTRAV_B02,0.673721704527264,0.01815760748188211,False,8,8,13.0,8,1.0,True,False,True
12,122,limiting_disability,ACTTRAV_C03,0.692455242569321,WALKTRAV_B02,0.6742756295996155,0.018179612969705494,False,8,0,83.5,70,0.0,False,False,False
12,122,no_disability,ACTTRAV_C03,0.7034980630808562,WALKTRAV_B02,0.6851996617315881,0.01829840134926808,False,8,0,300.0,269,0.0,False,False,False
12,122,non_limiting_disability,ACTTRAV_C03,0.7037115946674777,WALKTRAV_B02,0.6855539871855955,0.01815760748188222,False,8,0,79.0,65,0.0,False,False,False
12,126,disty1,ACTTRAV_C03,0.6893562816956466,WALKTRAV_B02,0.6710972621753538,0.01825901952029274,False,8,0,36.0,33,0.0,False,False,False
12,126,disty10,ACTTRAV_C03,0.7088025489277748,WALKTRAV_B02,0.6906449414458927,0.01815760748188211,False,8,8,4.0,1,1.0,True,False,True
12,126,disty11,ACTTRAV_C03,0.6925078669149588,WALKTRAV_B02,0.6737994494085423,0.018708417506416497,False,8,8,2.5,2,1.0,True,False,True
12,126,disty12,ACTTRAV_C03,0.7003057446232043,WALKTRAV_B02,0.682148137141322,0.01815760748188222,False,8,8,6.5,1,1.0,True,False,True
12,126,disty13,ACTTRAV_C03,0.7081103804818117,WALKTRAV_B02,0.6894434575744849,0.018666922907326855,False,8,8,5.0,2,1.0,True,False,True
12,126,disty2,ACTTRAV_C03,0.6934710705959138,WALKTRAV_B02,0.6752152858921848,0.018255784703729017,False,8,7,24.5,19,0.875,True,False,True
12,126,disty3,ACTTRAV_C03,0.6865350578986046,WALKTRAV_B02,0.6681967226487195,0.01833833524988504,False,8,0,36.0,30,0.0,False,False,False
12,126,disty4,ACTTRAV_C03,0.6848360023717299,WALKTRAV_B02,0.6664853448327764,0.018350657538953485,False,8,8,11.0,5,1.0,True,False,True
12,126,disty5,ACTTRAV_C03,0.6983081963761179,WALKTRAV_B02,0.680070175160048,0.018238021216069877,False,8,8,22.0,16,1.0,True,False,True
12,126,disty6,ACTTRAV_C03,0.689018584249874,WALKTRAV_B02,0.670860976767992,0.01815760748188211,False,8,8,6.0,5,1.0,True,False,True
12,126,disty7,ACTTRAV_C03,0.6896435615666059,WALKTRAV_B02,0.6713804828720481,0.01826307869455779,False,8,8,18.5,12,1.0,True,False,True
12,126,disty8,ACTTRAV_C03,0.6940311840117394,WALKTRAV_B02,0.6756514994685214,0.018379684543217922,False,8,8,10.5,7,1.0,True,False,True
12,126,disty9,ACTTRAV_C03,0.6898450949740448,WALKTRAV_B02,0.6716874874921627,0.01815760748188211,False,8,8,9.5,7,1.0,True,False,True
12,126,limiting_disability,ACTTRAV_C03,0.6947160182104983,WALKTRAV_B02,0.6764555582565318,0.018260459953966524,False,8,0,65.5,51,0.0,False,False,False
12,126,no_disability,ACTTRAV_C03,0.7028402265065598,WALKTRAV_B02,0.6843786049335857,0.01846162157297404,False,8,0,316.0,301,0.0,False,False,False
12,126,non_limiting_disability,ACTTRAV_C03,0.7075759734353684,WALKTRAV_B02,0.6894183659534862,0.01815760748188222,False,8,0,74.5,51,0.0,False,False,False
12,129,disty1,ACTTRAV_C03,0.6903395928405779,WALKTRAV_B02,0.6711062177375527,0.01923337510302514,False,8,0,40.0,30,0.0,False,False,False
12,129,disty10,ACTTRAV_C03,0.7052074302499975,WALKTRAV_B02,0.6870498227681153,0.01815760748188222,False,7,7,5.0,3,1.0,True,True,True
12,129,disty11,ACTTRAV_C03,0.6967596682910483,WALKTRAV_B02,0.6786020608091661,0.01815760748188222,False,8,8,2.0,2,1.0,True,False,True
12,129,disty12,ACTTRAV_C03,0.7033037731128621,WALKTRAV_B02,0.68514616563098,0.01815760748188211,False,8,8,11.5,1,1.0,True,False,True
12,129,disty13,ACTTRAV_C03,0.7091937813304369,WALKTRAV_B02,0.6910361738485548,0.01815760748188211,False,7,7,6.0,2,1.0,True,True,True
12,129,disty2,ACTTRAV_C03,0.6943817070094417,WALKTRAV_B02,0.6762240995275595,0.01815760748188222,False,8,4,29.0,21,0.5,True,False,True
12,129,disty3,ACTTRAV_C03,0.6898655851558729,WALKTRAV_B02,0.6706093100652158,0.019256275090657082,False,8,0,41.0,32,0.0,False,False,False
12,129,disty4,ACTTRAV_C03,0.6851666287823266,WALKTRAV_B02,0.6670090213004444,0.01815760748188222,False,8,8,10.5,7,1.0,True,False,True
12,129,disty5,ACTTRAV_C03,0.6981113128031076,WALKTRAV_B02,0.6798605475952619,0.01825076520784563,False,8,3,32.5,13,0.375,False,False,False
12,129,disty6,ACTTRAV_C03,0.6889290412894032,WALKTRAV_B02,0.6699116043758586,0.019017436913544628,False,8,8,6.5,3,1.0,True,False,True
12,129,disty7,ACTTRAV_C03,0.6903700311760618,WALKTRAV_B02,0.6722124236941796,0.01815760748188222,False,8,6,22.0,10,0.75,True,False,True
12,129,disty8,ACTTRAV_C03,0.6980050519954532,WALKTRAV_B02,0.6798474445135709,0.01815760748188222,False,8,8,11.5,8,1.0,True,False,True
12,129,disty9,ACTTRAV_C03,0.6932971498724819,WALKTRAV_B02,0.6751395423905998,0.01815760748188211,False,8,8,10.5,4,1.0,True,False,True
12,129,limiting_disability,ACTTRAV_C03,0.6966840480252982,WALKTRAV_B02,0.67804825187705,0.018635796148248174,False,8,0,84.0,56,0.0,False,False,False
12,129,no_disability,ACTTRAV_C03,0.7052866064961947,WALKTRAV_B02,0.6868546904444032,0.018431916051791508,False,8,0,322.5,298,0.0,False,False,False
12,129,non_limiting_disability,ACTTRAV_C03,0.709500585448675,WALKTRAV_B02,0.6912515428618907,0.01824904258678428,False,8,0,70.0,56,0.0,False,False,False
12,135,disty1,ACTTRAV_C03,0.7036974980674314,WALKTRAV_B02,0.6855398905855492,0.01815760748188222,False,8,0,35.0,32,0.0,False,False,False
12,135,disty10,ACTTRAV_C03,0.7244986763526081,WALKTRAV_B02,0.7063410688707259,0.01815760748188222,False,8,8,6.5,3,1.0,True,False,True
12,135,disty11,ACTTRAV_C03,0.7162099429592,WALKTRAV_B02,0.6980523354773179,0.01815760748188211,False,8,8,4.0,1,1.0,True,False,True
12,135,disty12,ACTTRAV_C03,0.7199601018386305,WALKTRAV_B02,0.7017165989527524,0.01824350288587806,False,8,8,10.0,3,1.0,True,False,True
12,135,disty13,ACTTRAV_C03,0.7195563268548296,WALKTRAV_B02,0.7013987193729475,0.01815760748188211,False,8,8,8.0,5,1.0,True,False,True
12,135,disty2,ACTTRAV_C03,0.7102924157971653,WALKTRAV_B02,0.6919239649240289,0.018368450873136433,False,8,4,29.5,25,0.5,True,False,True
12,135,disty3,ACTTRAV_C03,0.7007228686472687,WALKTRAV_B02,0.6825652611653866,0.01815760748188211,False,8,1,36.5,22,0.125,False,False,False
12,135,disty4,ACTTRAV_C03,0.7021150134691678,WALKTRAV_B02,0.6839574059872857,0.01815760748188211,False,8,8,9.0,5,1.0,True,False,True
12,135,disty5,ACTTRAV_C03,0.7152020176295933,WALKTRAV_B02,0.6965809176218641,0.018621100007729208,False,8,1,33.5,18,0.125,False,False,False
12,135,disty6,ACTTRAV_C03,0.6959387610345905,WALKTRAV_B02,0.6777811535527084,0.01815760748188211,False,8,8,5.0,1,1.0,True,False,True
12,135,disty7,ACTTRAV_C03,0.705172988018944,WALKTRAV_B02,0.6870153805370618,0.01815760748188222,False,8,7,17.5,14,0.875,True,False,True
12,135,disty8,ACTTRAV_C03,0.7107639250179177,WALKTRAV_B02,0.6923294185991169,0.018434506418800845,False,8,8,15.5,11,1.0,True,False,True
12,135,disty9,ACTTRAV_C03,0.7043799622794392,WALKTRAV_B02,0.6846386392397222,0.019741323039716985,False,8,8,8.0,5,1.0,True,False,True
12,135,limiting_disability,ACTTRAV_C03,0.7107412555771265,WALKTRAV_B02,0.6923992592196273,0.018341996357499224,False,8,0,73.0,64,0.0,False,False,False
12,135,no_disability,ACTTRAV_C03,0.71844661423365,WALKTRAV_B02,0.6998046951015919,0.018641919132058038,False,8,0,315.0,302,0.0,False,False,False
12,135,non_limiting_disability,ACTTRAV_C03,0.7230593739212082,WALKTRAV_B02,0.7044128516445708,0.018646522276637434,False,8,0,73.0,53,0.0,False,False,False
12,136,disty1,ACTTRAV_C03,0.6974676158876788,WALKTRAV_B02,0.6792616247584272,0.018205991129251586,False,8,2,36.5,24,0.25,False,False,False
12,136,disty10,ACTTRAV_C03,0.7120438462303337,WALKTRAV_B02,0.6935827760180298,0.01846107021230392,False,8,8,4.0,3,1.0,True,False,True
12,136,disty11,ACTTRAV_C03,0.7003465061366051,WALKTRAV_B02,0.682188898654723,0.01815760748188211,False,8,8,3.5,1,1.0,True,False,True
12,136,disty12,ACTTRAV_C03,0.7035318725106867,WALKTRAV_B02,0.6852999119468052,0.018231960563881544,False,8,8,6.5,3,1.0,True,False,True
12,136,disty13,ACTTRAV_C03,0.710567288214603,WALKTRAV_B02,0.6924096807327209,0.01815760748188211,False,7,7,5.0,1,1.0,True,True,True
12,136,disty2,ACTTRAV_C03,0.7013266953768752,WALKTRAV_B02,0.6831690878949931,0.01815760748188211,False,8,5,27.5,20,0.625,True,False,True
12,136,disty3,ACTTRAV_C03,0.6949224860291786,WALKTRAV_B02,0.6767372377580598,0.01818524827111878,False,8,1,38.0,27,0.125,False,False,False
12,136,disty4,ACTTRAV_C03,0.6918923268722224,WALKTRAV_B02,0.6736237693862076,0.018268557486014747,False,8,8,13.0,6,1.0,True,False,True
12,136,disty5,ACTTRAV_C03,0.70268743770832,WALKTRAV_B02,0.6841824540440445,0.018504983664275443,False,8,5,24.5,16,0.625,True,False,True
12,136,disty6,ACTTRAV_C03,0.6958687756733626,WALKTRAV_B02,0.6777111681914805,0.01815760748188211,False,8,8,6.5,3,1.0,True,False,True
12,136,disty7,ACTTRAV_C03,0.6965545787435586,WALKTRAV_B02,0.6782570585080754,0.018297520235483256,False,8,8,17.0,10,1.0,True,False,True
12,136,disty8,ACTTRAV_C03,0.7006529194946112,WALKTRAV_B02,0.6824059368803636,0.01824698261424762,False,8,8,11.0,7,1.0,True,False,True
12,136,disty9,ACTTRAV_C03,0.6988472124621544,WALKTRAV_B02,0.6806896049802723,0.01815760748188211,False,8,8,8.0,4,1.0,True,False,True
12,136,limiting_disability,ACTTRAV_C03,0.7014717549627031,WALKTRAV_B02,0.6831283264665768,0.018343428496126246,False,8,0,66.0,51,0.0,False,False,False
12,136,no_disability,ACTTRAV_C03,0.7125634051810635,WALKTRAV_B02,0.6936877585654031,0.018875646615660435,False,8,0,315.5,291,0.0,False,False,False
12,136,non_limiting_disability,ACTTRAV_C03,0.7162163136046295,WALKTRAV_B02,0.6979348496144382,0.01828146399019126,False,8,0,71.5,64,0.0,False,False,False
12,139,disty1,ACTTRAV_C03,0.7006921055795501,WALKTRAV_B02,0.682534498097668,0.01815760748188211,False,8,4,30.0,19,0.5,True,False,True
12,139,disty10,ACTTRAV_C03,0.7158440443786227,WALKTRAV_B02,0.6976864368967406,0.01815760748188211,False,8,8,2.5,1,1.0,True,False,True
12,139,disty11,ACTTRAV_C03,0.7119782771921778,WALKTRAV_B02,0.6938206697102955,0.01815760748188222,False,7,7,2.0,1,1.0,True,True,True
12,139,disty12,ACTTRAV_C03,0.7148538563575226,WALKTRAV_B02,0.6966545583770459,0.018199297980476703,False,8,8,6.5,2,1.0,True,False,True
12,139,disty13,ACTTRAV_C03,0.719179720229827,WALKTRAV_B02,0.7010221127479448,0.01815760748188222,False,8,8,3.0,1,1.0,True,False,True
12,139,disty2,ACTTRAV_C03,0.7060923313018536,WALKTRAV_B02,0.6879347238199713,0.01815760748188222,False,8,6,24.5,14,0.75,True,False,True
12,139,disty3,ACTTRAV_C03,0.699641686814083,WALKTRAV_B02,0.6814840793322009,0.01815760748188211,False,8,2,35.0,22,0.25,False,False,False
12,139,disty4,ACTTRAV_C03,0.7009170513984697,WALKTRAV_B02,0.6827594439165875,0.01815760748188222,False,8,8,10.0,6,1.0,True,False,True
12,139,disty5,ACTTRAV_C03,0.7098990485373936,WALKTRAV_B02,0.6917213901674178,0.018177658369975758,False,8,6,20.0,14,0.75,True,False,True
12,139,disty6,ACTTRAV_C03,0.6954503841385907,WALKTRAV_B02,0.6772927766567086,0.01815760748188211,False,8,8,5.5,4,1.0,True,False,True
12,139,disty7,ACTTRAV_C03,0.7012024156707531,WALKTRAV_B02,0.6830448081888709,0.01815760748188222,False,8,8,15.0,12,1.0,True,False,True
12,139,disty8,ACTTRAV_C03,0.7005807553669977,WALKTRAV_B02,0.6824231478851156,0.01815760748188211,False,8,8,5.5,4,1.0,True,False,True
12,139,disty9,ACTTRAV_C03,0.7003299161913538,WALKTRAV_B02,0.6821723087094717,0.01815760748188211,False,8,8,7.0,2,1.0,True,False,True
12,139,limiting_disability,ACTTRAV_C03,0.7065654847138598,WALKTRAV_B02,0.68839769796568,0.01816778674817987,False,8,0,63.0,48,0.0,False,False,False
12,139,no_disability,ACTTRAV_C03,0.7149916465852798,WALKTRAV_B02,0.6961742514718473,0.0188173951134325,False,8,0,317.5,306,0.0,False,False,False
12,139,non_limiting_disability,ACTTRAV_C03,0.7180172100731935,WALKTRAV_B02,0.6997243859964294,0.018292824076764136,False,8,0,75.0,70,0.0,False,False,False
12,142,disty1,ACTTRAV_C03,0.7071002015845522,WALKTRAV_B02,0.6886244168212156,0.018475784763336667,False,8,3,35.0,24,0.375,False,False,False
12,142,disty10,ACTTRAV_C03,0.7285048480516916,WALKTRAV_B02,0.7103472405698094,0.01815760748188222,False,8,8,7.5,2,1.0,True,False,True
12,142,disty11,ACTTRAV_C03,0.7153988250565685,WALKTRAV_B02,0.6972412175746863,0.01815760748188222,False,8,8,5.0,2,1.0,True,False,True
12,142,disty12,ACTTRAV_C03,0.7181745386444383,WALKTRAV_B02,0.7000169311625561,0.01815760748188211,False,8,8,10.5,8,1.0,True,False,True
12,142,disty13,ACTTRAV_C03,0.7222653749717515,WALKTRAV_B02,0.7041077674898694,0.01815760748188211,False,8,8,7.0,3,1.0,True,False,True
12,142,disty2,ACTTRAV_C03,0.7121057839891782,WALKTRAV_B02,0.693948176507296,0.01815760748188222,False,8,4,30.5,14,0.5,True,False,True
12,142,disty3,ACTTRAV_C03,0.705755544196545,WALKTRAV_B02,0.6873159317145393,0.01843961248200565,False,8,3,40.5,24,0.375,False,False,False
12,142,disty4,ACTTRAV_C03,0.7032093758728221,WALKTRAV_B02,0.6850517683909398,0.01815760748188222,False,8,8,10.0,5,1.0,True,False,True
12,142,disty5,ACTTRAV_C03,0.7140678751249847,WALKTRAV_B02,0.695643907241606,0.018423967883378745,False,8,4,32.5,20,0.5,True,False,True
12,142,disty6,ACTTRAV_C03,0.7008503131268703,WALKTRAV_B02,0.6826927056449882,0.01815760748188211,False,8,8,8.0,1,1.0,True,False,True
12,142,disty7,ACTTRAV_C03,0.7076203443679184,WALKTRAV_B02,0.6894627368860363,0.01815760748188211,False,8,7,23.5,11,0.875,True,False,True
12,142,disty8,ACTTRAV_C03,0.7107479303342733,WALKTRAV_B02,0.6925903228523912,0.01815760748188211,False,8,8,11.5,8,1.0,True,False,True
12,142,disty9,ACTTRAV_C03,0.7035303147240793,WALKTRAV_B02,0.6853727072421972,0.01815760748188211,False,8,8,7.0,3,1.0,True,False,True
12,142,limiting_disability,ACTTRAV_C03,0.7123213180528516,WALKTRAV_B02,0.6938642030336517,0.018457115019199888,False,8,0,71.5,46,0.0,False,False,False
12,142,no_disability,ACTTRAV_C03,0.7210417138826819,WALKTRAV_B02,0.7026698219840178,0.01837189189866406,False,8,0,326.0,306,0.0,False,False,False
12,142,non_limiting_disability,ACTTRAV_C03,0.7230986740932911,WALKTRAV_B02,0.7045065420903387,0.0185921320029524,False,8,0,84.5,74,0.0,False,False,False
12,147,disty1,ACTTRAV_C03,0.702086775507,WALKTRAV_B02,0.6837951904176522,0.018291585089347806,False,8,2,33.5,25,0.25,False,False,False
12,147,disty10,ACTTRAV_C03,0.7202664695927107,WALKTRAV_B02,0.7021088621108286,0.01815760748188211,False,8,8,4.0,2,1.0,True,False,True
12,147,disty11,ACTTRAV_C03,0.7124187904623535,WALKTRAV_B02,0.6942611829804713,0.01815760748188211,False,7,7,4.0,1,1.0,True,True,True
12,147,disty12,ACTTRAV_C03,0.7142581778758922,WALKTRAV_B02,0.6961005703940101,0.01815760748188211,False,8,8,8.5,4,1.0,True,False,True
12,147,disty13,ACTTRAV_C03,0.7167343884951939,WALKTRAV_B02,0.6985767810133117,0.01815760748188222,False,8,8,4.0,1,1.0,True,False,True
12,147,disty2,ACTTRAV_C03,0.7081513897732795,WALKTRAV_B02,0.6897876730045932,0.01836371676868631,False,8,7,27.5,23,0.875,True,False,True
12,147,disty3,ACTTRAV_C03,0.7000490746160876,WALKTRAV_B02,0.6817112757777556,0.018337798838331976,False,8,2,33.5,24,0.25,False,False,False
12,147,disty4,ACTTRAV_C03,0.698130638443036,WALKTRAV_B02,0.6799730309611538,0.01815760748188222,False,8,8,10.5,8,1.0,True,False,True
12,147,disty5,ACTTRAV_C03,0.7102202484019182,WALKTRAV_B02,0.6919416058724185,0.018278642529499733,False,8,4,29.5,17,0.5,True,False,True
12,147,disty6,ACTTRAV_C03,0.7039025292063842,WALKTRAV_B02,0.6857449217245021,0.01815760748188211,False,8,8,4.5,4,1.0,True,False,True
12,147,disty7,ACTTRAV_C03,0.7018557080384493,WALKTRAV_B02,0.6836981005565671,0.01815760748188222,False,8,8,17.0,15,1.0,True,False,True
12,147,disty8,ACTTRAV_C03,0.7040084088091539,WALKTRAV_B02,0.6858508013272718,0.01815760748188211,False,8,8,9.5,6,1.0,True,False,True
12,147,disty9,ACTTRAV_C03,0.7034534224572533,WALKTRAV_B02,0.6852958149753711,0.01815760748188222,False,8,8,8.5,4,1.0,True,False,True
12,147,limiting_disability,ACTTRAV_C03,0.7076533061790401,WALKTRAV_B02,0.689416943009691,0.018236363169349068,False,8,0,69.5,63,0.0,False,False,False
12,147,no_disability,ACTTRAV_C03,0.7153471955176217,WALKTRAV_B02,0.6969275694361674,0.01841962608145431,False,8,0,324.0,301,0.0,False,False,False
12,147,non_limiting_disability,ACTTRAV_C03,0.7167246663221861,WALKTRAV_B02,0.6974537587774096,0.01927090754477656,False,8,0,80.0,66,0.0,False,False,False
12,160,disty1,ACTTRAV_C03,0.6976712859559251,WALKTRAV_B02,0.679513678474043,0.01815760748188211,False,8,7,27.0,21,0.875,True,False,True
12,160,disty10,ACTTRAV_C03,0.7114005899422505,WALKTRAV_B02,0.6932429824603684,0.01815760748188211,False,8,8,2.0,1,1.0,True,False,True
12,160,disty11,ACTTRAV_C03,0.7004548110005195,WALKTRAV_B02,0.6822972035186373,0.01815760748188222,False,7,7,2.0,1,1.0,True,True,True
12,160,disty12,ACTTRAV_C03,0.7101139647849382,WALKTRAV_B02,0.6919563573030559,0.01815760748188222,False,8,8,4.5,2,1.0,True,False,True
12,160,disty13,ACTTRAV_C03,0.7137985789587357,WALKTRAV_B02,0.6956409714768534,0.01815760748188222,False,7,7,4.0,2,1.0,True,True,True
12,160,disty2,ACTTRAV_C03,0.7008356491206197,WALKTRAV_B02,0.6826780416387376,0.01815760748188211,False,8,8,21.0,14,1.0,True,False,True
12,160,disty3,ACTTRAV_C03,0.6944305554885126,WALKTRAV_B02,0.6762729480066304,0.01815760748188222,False,8,4,29.5,24,0.5,True,False,True
12,160,disty4,ACTTRAV_C03,0.6900649142295744,WALKTRAV_B02,0.6719073067476922,0.01815760748188222,False,8,8,9.0,4,1.0,True,False,True
12,160,disty5,ACTTRAV_C03,0.7058933502431204,WALKTRAV_B02,0.6877357427612382,0.01815760748188222,False,8,7,25.0,8,0.875,True,False,True
12,160,disty6,ACTTRAV_C03,0.6935150131184511,WALKTRAV_B02,0.675357405636569,0.01815760748188211,False,8,8,5.0,2,1.0,True,False,True
12,160,disty7,ACTTRAV_C03,0.697310230389633,WALKTRAV_B02,0.6791526229077509,0.01815760748188211,False,8,8,14.0,9,1.0,True,False,True
12,160,disty8,ACTTRAV_C03,0.7022103610281946,WALKTRAV_B02,0.6840527535463125,0.01815760748188211,False,8,8,10.5,3,1.0,True,False,True
12,160,disty9,ACTTRAV_C03,0.6971981673410262,WALKTRAV_B02,0.679040559859144,0.01815760748188222,False,8,8,8.0,5,1.0,True,False,True
12,160,limiting_disability,ACTTRAV_C03,0.7028318614941454,WALKTRAV_B02,0.6846742540122632,0.01815760748188222,False,8,0,59.0,46,0.0,False,False,False
12,160,no_disability,ACTTRAV_C03,0.7136854317109341,WALKTRAV_B02,0.695304942340676,0.018380489370258157,False,8,0,339.0,308,0.0,False,False,False
12,160,non_limiting_disability,ACTTRAV_C03,0.7157361756834086,WALKTRAV_B02,0.6973667196974623,0.018369455985946304,False,8,0,77.0,62,0.0,False,False,False
12,17,disty1,ACTTRAV_C03,0.6909334070815447,WALKTRAV_B02,0.6727757995996625,0.01815760748188222,False,8,1,43.5,28,0.125,False,False,False
12,17,disty10,ACTTRAV_C03,0.7033646503788842,WALKTRAV_B02,0.685207042897002,0.01815760748188222,False,7,7,2.0,1,1.0,True,True,True
12,17,disty11,ACTTRAV_C03,0.6941413335793681,WALKTRAV_B02,0.6759837260974859,0.01815760748188222,False,8,8,2.0,1,1.0,True,False,True
12,17,disty12,ACTTRAV_C03,0.7033550781570277,WALKTRAV_B02,0.6851974706751456,0.01815760748188211,False,7,7,8.0,5,1.0,True,True,True
12,17,disty13,ACTTRAV_C03,0.7132627277212287,WALKTRAV_B02,0.6951051202393466,0.01815760748188211,False,8,8,6.0,3,1.0,True,False,True
12,17,disty2,ACTTRAV_C03,0.6949449609849477,WALKTRAV_B02,0.6767873535030656,0.01815760748188211,False,8,4,29.0,18,0.5,True,False,True
12,17,disty3,ACTTRAV_C03,0.6881974893968038,WALKTRAV_B02,0.6700398819149217,0.01815760748188211,False,8,0,51.0,40,0.0,False,False,False
12,17,disty4,ACTTRAV_C03,0.6874009399948795,WALKTRAV_B02,0.6692433325129973,0.01815760748188222,False,8,8,10.5,8,1.0,True,False,True
12,17,disty5,ACTTRAV_C03,0.7002703525353301,WALKTRAV_B02,0.6821127450534479,0.01815760748188222,False,8,5,25.0,18,0.625,True,False,True
12,17,disty6,ACTTRAV_C03,0.6839707187241051,WALKTRAV_B02,0.6658131112422229,0.01815760748188222,False,8,8,5.5,1,1.0,True,False,True
12,17,disty7,ACTTRAV_C03,0.690237780113213,WALKTRAV_B02,0.6720801726313309,0.01815760748188211,False,8,7,23.5,12,0.875,True,False,True
12,17,disty8,ACTTRAV_C03,0.6964204697038222,WALKTRAV_B02,0.67826286222194,0.01815760748188222,False,8,8,12.0,7,1.0,True,False,True
12,17,disty9,ACTTRAV_C03,0.690763281156278,WALKTRAV_B02,0.6726056736743958,0.01815760748188222,False,8,8,11.0,7,1.0,True,False,True
12,17,limiting_disability,ACTTRAV_C03,0.6957705348719065,WALKTRAV_B02,0.6776129273900243,0.01815760748188222,False,8,0,78.0,71,0.0,False,False,False
12,17,no_disability,ACTTRAV_C03,0.7048372155007575,WALKTRAV_B02,0.6865504501045666,0.018286765396190896,False,8,0,315.5,291,0.0,False,False,False
12,17,non_limiting_disability,ACTTRAV_C03,0.7080916670260164,WALKTRAV_B02,0.6899340595441343,0.01815760748188211,False,8,0,73.0,63,0.0,False,False,False
12,171,disty1,ACTTRAV_C03,0.691253880667338,WALKTRAV_B02,0.6730962731854557,0.01815760748188222,False,8,0,38.0,32,0.0,False,False,False
12,171,disty10,ACTTRAV_C03,0.714471430984121,WALKTRAV_B02,0.6963138235022389,0.01815760748188211,False,8,8,5.0,2,1.0,True,False,True
12,171,disty11,ACTTRAV_C03,0.7023596886890527,WALKTRAV_B02,0.6842020812071705,0.01815760748188222,False,8,8,3.0,1,1.0,True,False,True
12,171,disty12,ACTTRAV_C03,0.7083580562520594,WALKTRAV_B02,0.6902004487701772,0.01815760748188222,False,8,8,6.5,4,1.0,True,False,True
12,171,disty13,ACTTRAV_C03,0.7106723345374786,WALKTRAV_B02,0.6925147270555965,0.01815760748188211,False,8,8,5.5,4,1.0,True,False,True
12,171,disty2,ACTTRAV_C03,0.6975013113431312,WALKTRAV_B02,0.679343703861249,0.01815760748188222,False,8,7,25.0,20,0.875,True,False,True
12,171,disty3,ACTTRAV_C03,0.6930597130468329,WALKTRAV_B02,0.6749021055649508,0.01815760748188211,False,8,1,33.5,26,0.125,False,False,False
12,171,disty4,ACTTRAV_C03,0.6919188701971133,WALKTRAV_B02,0.6737612627152311,0.01815760748188222,False,8,8,7.5,3,1.0,True,False,True
12,171,disty5,ACTTRAV_C03,0.700895911443157,WALKTRAV_B02,0.6827383039612748,0.01815760748188222,False,8,5,25.5,14,0.625,True,False,True
12,171,disty6,ACTTRAV_C03,0.6913679319301986,WALKTRAV_B02,0.6732103244483164,0.01815760748188222,False,8,8,5.5,1,1.0,True,False,True
12,171,disty7,ACTTRAV_C03,0.6950774451690046,WALKTRAV_B02,0.6769198376871225,0.01815760748188211,False,8,8,18.0,12,1.0,True,False,True
12,171,disty8,ACTTRAV_C03,0.7034453929455918,WALKTRAV_B02,0.6852877854637095,0.018157607481882332,False,8,8,10.0,6,1.0,True,False,True
12,171,disty9,ACTTRAV_C03,0.6941395275096455,WALKTRAV_B02,0.6759819200277634,0.01815760748188211,False,8,8,10.0,7,1.0,True,False,True
12,171,limiting_disability,ACTTRAV_C03,0.6987613807553774,WALKTRAV_B02,0.6806037732734952,0.01815760748188222,False,8,0,69.5,58,0.0,False,False,False
12,171,no_disability,ACTTRAV_C03,0.7062923149395457,WALKTRAV_B02,0.6878551042518801,0.018437210687665573,False,8,0,329.5,305,0.0,False,False,False
12,171,non_limiting_disability,ACTTRAV_C03,0.7074782630107959,WALKTRAV_B02,0.6891505157116473,0.018327747299148545,False,8,0,55.5,47,0.0,False,False,False
12,196,disty1,ACTTRAV_C03,0.6916840700691085,WALKTRAV_B02,0.6735264625872263,0.01815760748188222,False,8,0,40.0,32,0.0,False,False,False
12,196,disty10,ACTTRAV_C03,0.7178983072000821,WALKTRAV_B02,0.6997406997182,0.01815760748188211,False,8,8,3.0,1,1.0,True,False,True
12,196,disty11,ACTTRAV_C03,0.6947279186706057,WALKTRAV_B02,0.6765703111887235,0.01815760748188222,False,8,8,2.0,1,1.0,True,False,True
12,196,disty12,ACTTRAV_C03,0.7016794002150071,WALKTRAV_B02,0.6834356226350987,0.01824377757990836,False,8,8,7.5,4,1.0,True,False,True
12,196,disty13,ACTTRAV_C03,0.7079521587362734,WALKTRAV_B02,0.6897945512543913,0.01815760748188211,False,8,8,5.5,3,1.0,True,False,True
12,196,disty2,ACTTRAV_C03,0.6984564131853487,WALKTRAV_B02,0.6802988057034665,0.01815760748188222,False,8,5,28.5,24,0.625,True,False,True
12,196,disty3,ACTTRAV_C03,0.6897808772335015,WALKTRAV_B02,0.6716232697516192,0.01815760748188222,False,8,0,38.0,31,0.0,False,False,False
12,196,disty4,ACTTRAV_C03,0.6860908919556434,WALKTRAV_B02,0.6677550047594039,0.018335887196239575,False,8,8,12.0,3,1.0,True,False,True
12,196,disty5,ACTTRAV_C03,0.6973149113702325,WALKTRAV_B02,0.679114042455309,0.01820086891492345,False,8,7,21.0,10,0.875,True,False,True
12,196,disty6,ACTTRAV_C03,0.6930716288630845,WALKTRAV_B02,0.6749140213812024,0.01815760748188211,False,8,8,7.0,4,1.0,True,False,True
12,196,disty7,ACTTRAV_C03,0.6924230858333517,WALKTRAV_B02,0.6742654783514695,0.01815760748188211,False,8,8,20.0,14,1.0,True,False,True
12,196,disty8,ACTTRAV_C03,0.6970417187540033,WALKTRAV_B02,0.6788841112721212,0.01815760748188211,False,8,8,10.5,6,1.0,True,False,True
12,196,disty9,ACTTRAV_C03,0.6937478643551033,WALKTRAV_B02,0.6755902568732212,0.01815760748188211,False,8,8,11.0,5,1.0,True,False,True
12,196,limiting_disability,ACTTRAV_C03,0.6968956105818536,WALKTRAV_B02,0.678569267954182,0.01832634262767152,False,8,0,74.5,60,0.0,False,False,False
12,196,no_disability,ACTTRAV_C03,0.7057951429730513,WALKTRAV_B02,0.6874847963199399,0.018310346653111487,False,8,0,330.0,301,0.0,False,False,False
12,196,non_limiting_disability,ACTTRAV_C03,0.7086264531142015,WALKTRAV_B02,0.6902118540467472,0.01841459906745424,False,8,0,76.0,63,0.0,False,False,False
12,201,disty1,ACTTRAV_C03,0.7095384704302535,WALKTRAV_B02,0.6913808629483714,0.01815760748188211,False,8,7,23.0,20,0.875,True,False,True
12,201,disty10,ACTTRAV_C03,0.7317908026849327,WALKTRAV_B02,0.7136331952030505,0.01815760748188222,False,7,7,3.0,2,1.0,True,True,True
12,201,disty11,ACTTRAV_C03,0.7200569601262187,WALKTRAV_B02,0.7018993526443364,0.01815760748188222,False,7,7,2.0,1,1.0,True,True,True
12,201,disty12,ACTTRAV_C03,0.7232937451662725,WALKTRAV_B02,0.7051361376843904,0.01815760748188211,False,8,8,5.5,3,1.0,True,False,True
12,201,disty13,ACTTRAV_C03,0.7278850531870337,WALKTRAV_B02,0.7097274457051514,0.01815760748188222,False,8,8,3.5,1,1.0,True,False,True
12,201,disty2,ACTTRAV_C03,0.7133661033002813,WALKTRAV_B02,0.6952084958183992,0.01815760748188211,False,8,8,19.5,14,1.0,True,False,True
12,201,disty3,ACTTRAV_C03,0.7066881312176282,WALKTRAV_B02,0.6884642925652436,0.01822383865238464,False,8,6,27.5,23,0.75,True,False,True
12,201,disty4,ACTTRAV_C03,0.7046828065638685,WALKTRAV_B02,0.6862056207608083,0.018477185803060237,False,8,8,9.0,6,1.0,True,False,True
12,201,disty5,ACTTRAV_C03,0.7198049199905332,WALKTRAV_B02,0.7016473125086511,0.01815760748188211,False,8,8,16.0,8,1.0,True,False,True
12,201,disty6,ACTTRAV_C03,0.713060355328107,WALKTRAV_B02,0.6949027478462249,0.01815760748188211,False,8,8,5.5,2,1.0,True,False,True
12,201,disty7,ACTTRAV_C03,0.7096777317692645,WALKTRAV_B02,0.6915201242873824,0.01815760748188211,False,8,8,12.5,7,1.0,True,False,True
12,201,disty8,ACTTRAV_C03,0.7190087247551545,WALKTRAV_B02,0.7008511172732724,0.01815760748188211,False,8,8,6.5,3,1.0,True,False,True
12,201,disty9,ACTTRAV_C03,0.7083309051666359,WALKTRAV_B02,0.6901732976847538,0.01815760748188211,False,8,8,5.0,2,1.0,True,False,True
12,201,limiting_disability,ACTTRAV_C03,0.7150677776162695,WALKTRAV_B02,0.6967300304387166,0.018337747177552877,False,8,0,52.5,42,0.0,False,False,False
12,201,no_disability,ACTTRAV_C03,0.720851587180627,WALKTRAV_B02,0.702068527136167,0.018783060044460065,False,8,0,336.0,295,0.0,False,False,False
12,201,non_limiting_disability,ACTTRAV_C03,0.7229769645195651,WALKTRAV_B02,0.7043205228801995,0.01865644163936553,False,8,0,84.0,68,0.0,False,False,False
12,241,disty1,ACTTRAV_C03,0.703903308835852,WALKTRAV_B02,0.6853632720519464,0.01854003678390559,False,8,3,31.0,24,0.375,False,False,False
12,241,disty10,ACTTRAV_C03,0.7292102034818199,WALKTRAV_B02,0.7110525959999376,0.01815760748188222,False,8,8,4.0,3,1.0,True,False,True
12,241,disty11,ACTTRAV_C03,0.7172906858974403,WALKTRAV_B02,0.6991330784155582,0.01815760748188211,False,6,6,3.0,2,1.0,True,True,True
12,241,disty12,ACTTRAV_C03,0.7189442185877604,WALKTRAV_B02,0.7007866111058781,0.01815760748188222,False,8,8,8.5,4,1.0,True,False,True
12,241,disty13,ACTTRAV_C03,0.7220724330400191,WALKTRAV_B02,0.703914825558137,0.01815760748188211,False,8,8,5.0,2,1.0,True,False,True
12,241,disty2,ACTTRAV_C03,0.7097899781794038,WALKTRAV_B02,0.6916323706975217,0.01815760748188211,False,8,6,22.0,14,0.75,True,False,True
12,241,disty3,ACTTRAV_C03,0.7029785037842812,WALKTRAV_B02,0.684820896302399,0.01815760748188222,False,8,2,31.0,24,0.25,False,False,False
12,241,disty4,ACTTRAV_C03,0.7053559033552865,WALKTRAV_B02,0.6871982958734043,0.01815760748188222,False,8,8,8.0,5,1.0,True,False,True
12,241,disty5,ACTTRAV_C03,0.7157934442242458,WALKTRAV_B02,0.6957665563755221,0.02002688784872375,False,8,5,24.5,16,0.625,True,False,True
12,241,disty6,ACTTRAV_C03,0.7107452282449458,WALKTRAV_B02,0.6925876207630637,0.01815760748188211,False,8,8,5.0,3,1.0,True,False,True
12,241,disty7,ACTTRAV_C03,0.7068068492337872,WALKTRAV_B02,0.6881842747343063,0.018622574499480904,False,8,8,16.5,14,1.0,True,False,True
12,241,disty8,ACTTRAV_C03,0.7129478974707649,WALKTRAV_B02,0.6947902899888828,0.01815760748188211,False,8,8,10.0,6,1.0,True,False,True
12,241,disty9,ACTTRAV_C03,0.7127283542347261,WALKTRAV_B02,0.694570746752844,0.01815760748188211,False,8,8,6.0,5,1.0,True,False,True
12,241,limiting_disability,ACTTRAV_C03,0.7106442105031726,WALKTRAV_B02,0.6915419995145468,0.019102210988625856,False,8,0,61.0,50,0.0,False,False,False
12,241,no_disability,ACTTRAV_C03,0.7193975330871271,WALKTRAV_B02,0.7007172455706443,0.018680287516482763,False,8,0,342.0,312,0.0,False,False,False
12,241,non_limiting_disability,ACTTRAV_C03,0.7228135122398036,WALKTRAV_B02,0.7043897168074544,0.018423795432349177,False,8,0,75.0,54,0.0,False,False,False
12,255,disty1,ACTTRAV_C03,0.6952012422633601,WALKTRAV_B02,0.6766877645268489,0.01851347773651124,False,8,0,39.5,31,0.0,False,False,False
12,255,disty10,ACTTRAV_C03,0.7084869370490101,WALKTRAV_B02,0.690329329567128,0.01815760748188211,False,8,8,3.0,2,1.0,True,False,True
12,255,disty11,ACTTRAV_C03,0.7025899519681481,WALKTRAV_B02,0.6844323444862659,0.01815760748188222,False,6,6,3.0,1,1.0,True,True,True
12,255,disty12,ACTTRAV_C03,0.7099695360265242,WALKTRAV_B02,0.6913975740322021,0.018571961994322095,False,8,8,5.5,2,1.0,True,False,True
12,255,disty13,ACTTRAV_C03,0.7150650504760402,WALKTRAV_B02,0.696907442994158,0.01815760748188222,False,8,8,5.0,2,1.0,True,False,True
12,255,disty2,ACTTRAV_C03,0.6999872460746592,WALKTRAV_B02,0.6818296385927771,0.01815760748188211,False,8,6,27.0,23,0.75,True,False,True
12,255,disty3,ACTTRAV_C03,0.6906673291893034,WALKTRAV_B02,0.6723938463587156,0.01827348283058783,False,8,0,43.0,33,0.0,False,False,False
12,255,disty4,ACTTRAV_C03,0.6881995727037761,WALKTRAV_B02,0.6700419652218939,0.01815760748188222,False,8,8,13.0,7,1.0,True,False,True
12,255,disty5,ACTTRAV_C03,0.7039296233075084,WALKTRAV_B02,0.6856138720852148,0.018315751222293564,False,8,6,23.5,15,0.75,True,False,True
12,255,disty6,ACTTRAV_C03,0.6939262220541419,WALKTRAV_B02,0.6757686145722597,0.01815760748188222,False,8,8,6.5,2,1.0,True,False,True
12,255,disty7,ACTTRAV_C03,0.694075098084346,WALKTRAV_B02,0.6757303957747582,0.018344702309587735,False,8,7,25.0,19,0.875,True,False,True
12,255,disty8,ACTTRAV_C03,0.7005500442886857,WALKTRAV_B02,0.6821479949322059,0.01840204935647982,False,8,8,12.0,7,1.0,True,False,True
12,255,disty9,ACTTRAV_C03,0.6993790081084412,WALKTRAV_B02,0.681221400626559,0.01815760748188222,False,8,8,11.5,9,1.0,True,False,True
12,255,limiting_disability,ACTTRAV_C03,0.6987055063258946,WALKTRAV_B02,0.6803140345556667,0.01839147177022782,False,8,0,76.0,59,0.0,False,False,False
12,255,no_disability,ACTTRAV_C03,0.7072638004145279,WALKTRAV_B02,0.6890321461719732,0.018231654242554685,False,8,0,328.0,273,0.0,False,False,False
12,255,non_limiting_disability,ACTTRAV_C03,0.7097204104207224,WALKTRAV_B02,0.6914472791376123,0.018273131283110144,False,8,0,78.0,59,0.0,False,False,False
12,272,disty1,ACTTRAV_C03,0.6993340488253853,WALKTRAV_B02,0.6811764413435032,0.01815760748188211,False,8,5,27.0,23,0.625,True,False,True
12,272,disty10,ACTTRAV_C03,0.7180828273206993,WALKTRAV_B02,0.6999252198388172,0.01815760748188211,False,8,8,3.5,2,1.0,True,False,True
12,272,disty11,ACTTRAV_C03,0.708177444436496,WALKTRAV_B02,0.6900198369546138,0.01815760748188222,False,6,6,1.5,1,1.0,True,True,True
12,272,disty12,ACTTRAV_C03,0.7105737168376725,WALKTRAV_B02,0.6924161093557903,0.01815760748188211,False,8,8,9.0,1,1.0,True,False,True
12,272,disty13,ACTTRAV_C03,0.7115198744808633,WALKTRAV_B02,0.6933622669989812,0.01815760748188211,False,8,8,5.0,3,1.0,True,False,True
12,272,disty2,ACTTRAV_C03,0.704583135708422,WALKTRAV_B02,0.6864255282265398,0.01815760748188222,False,8,8,21.5,18,1.0,True,False,True
12,272,disty3,ACTTRAV_C03,0.6963945734834687,WALKTRAV_B02,0.677829132472389,0.01856544101107971,False,8,8,23.0,17,1.0,True,False,True
12,272,disty4,ACTTRAV_C03,0.6970914197670507,WALKTRAV_B02,0.6789338122851686,0.01815760748188211,False,8,8,4.5,3,1.0,True,False,True
12,272,disty5,ACTTRAV_C03,0.7067003634687894,WALKTRAV_B02,0.6883452157714676,0.018355147697321827,False,8,6,24.5,16,0.75,True,False,True
12,272,disty6,ACTTRAV_C03,0.700134399376387,WALKTRAV_B02,0.6819767918945048,0.01815760748188222,False,8,8,5.5,3,1.0,True,False,True
12,272,disty7,ACTTRAV_C03,0.699026556512013,WALKTRAV_B02,0.6808689490301308,0.01815760748188211,False,8,8,15.0,11,1.0,True,False,True
12,272,disty8,ACTTRAV_C03,0.704089789686354,WALKTRAV_B02,0.6859321822044718,0.01815760748188222,False,8,8,7.5,4,1.0,True,False,True
12,272,disty9,ACTTRAV_C03,0.7005595578305537,WALKTRAV_B02,0.6824019503486715,0.01815760748188222,False,8,8,5.0,2,1.0,True,False,True
12,272,limiting_disability,ACTTRAV_C03,0.7047971960441151,WALKTRAV_B02,0.6864637411968977,0.01833345484721738,False,8,0,56.5,43,0.0,False,False,False
12,272,no_disability,ACTTRAV_C03,0.7150954646627253,WALKTRAV_B02,0.696609104754341,0.01848635990838432,False,8,0,356.5,311,0.0,False,False,False
12,272,non_limiting_disability,ACTTRAV_C03,0.7178433410886497,WALKTRAV_B02,0.6986977775225202,0.01914556356612951,False,8,0,58.0,41,0.0,False,False,False
12,279,disty1,ACTTRAV_C03,0.6992472559293196,WALKTRAV_B02,0.6809727429730937,0.01827451295622584,False,8,1,38.0,24,0.125,False,False,False
12,279,disty10,ACTTRAV_C03,0.7217883312588739,WALKTRAV_B02,0.7036307237769917,0.01815760748188222,False,8,8,3.0,2,1.0,True,False,True
12,279,disty11,ACTTRAV_C03,0.7088625246382212,WALKTRAV_B02,0.6907049171563391,0.01815760748188211,False,8,8,2.0,1,1.0,True,False,True
12,279,disty12,ACTTRAV_C03,0.7101068018220411,WALKTRAV_B02,0.691949194340159,0.01815760748188211,False,8,8,5.5,3,1.0,True,False,True
12,279,disty13,ACTTRAV_C03,0.7181796844711349,WALKTRAV_B02,0.6947989907246995,0.023380693746435366,False,8,8,3.5,1,1.0,True,False,True
12,279,disty2,ACTTRAV_C03,0.7030434029270017,WALKTRAV_B02,0.6847466035985222,0.018296799328479496,False,8,7,27.0,19,0.875,True,False,True
12,279,disty3,ACTTRAV_C03,0.6975355161053783,WALKTRAV_B02,0.6793779086234962,0.01815760748188211,False,8,1,40.0,22,0.125,False,False,False
12,279,disty4,ACTTRAV_C03,0.6978603170865588,WALKTRAV_B02,0.6797027096046767,0.01815760748188211,False,8,8,8.5,2,1.0,True,False,True
12,279,disty5,ACTTRAV_C03,0.70419030524521,WALKTRAV_B02,0.6858766211948738,0.018313684050336176,False,8,7,24.0,11,0.875,True,False,True
12,279,disty6,ACTTRAV_C03,0.7032937584938697,WALKTRAV_B02,0.6851361510119874,0.01815760748188222,False,8,8,4.5,1,1.0,True,False,True
12,279,disty7,ACTTRAV_C03,0.7032849064063983,WALKTRAV_B02,0.6851272989245162,0.01815760748188211,False,8,8,19.0,16,1.0,True,False,True
12,279,disty8,ACTTRAV_C03,0.7039359447469257,WALKTRAV_B02,0.6857783372650434,0.01815760748188222,False,8,8,7.0,6,1.0,True,False,True
12,279,disty9,ACTTRAV_C03,0.6992552393457273,WALKTRAV_B02,0.6810976318638452,0.01815760748188211,False,8,8,7.5,4,1.0,True,False,True
12,279,limiting_disability,ACTTRAV_C03,0.703020104855944,WALKTRAV_B02,0.6846452885736054,0.018374816282338613,False,8,0,65.5,50,0.0,False,False,False
12,279,no_disability,ACTTRAV_C03,0.7107860354718657,WALKTRAV_B02,0.6922571986332007,0.01852883683866502,False,8,0,333.5,308,0.0,False,False,False
12,279,non_limiting_disability,ACTTRAV_C03,0.7164675325154275,WALKTRAV_B02,0.697628160886851,0.018839371628576518,False,8,0,71.5,60,0.0,False,False,False
12,280,disty1,ACTTRAV_C03,0.7146015955687158,WALKTRAV_B02,0.6964439880868336,0.01815760748188222,False,8,8,21.5,13,1.0,True,False,True
12,280,disty10,ACTTRAV_C03,0.7313195657568176,WALKTRAV_B02,0.7131619582749354,0.01815760748188211,False,8,8,3.0,1,1.0,True,False,True
12,280,disty11,ACTTRAV_C03,0.7139665559240282,WALKTRAV_B02,0.695808948442146,0.01815760748188222,False,5,5,2.0,1,1.0,True,True,True
12,280,disty12,ACTTRAV_C03,0.7265447033050804,WALKTRAV_B02,0.7083870958231983,0.01815760748188211,False,8,8,4.5,1,1.0,True,False,True
12,280,disty13,ACTTRAV_C03,0.7333447297986865,WALKTRAV_B02,0.7151871223168044,0.01815760748188211,False,8,8,3.5,1,1.0,True,False,True
12,280,disty2,ACTTRAV_C03,0.7201557954683813,WALKTRAV_B02,0.701998187986499,0.01815760748188222,False,8,8,18.0,12,1.0,True,False,True
12,280,disty3,ACTTRAV_C03,0.7116237143578902,WALKTRAV_B02,0.6934661068760081,0.01815760748188211,False,8,6,23.0,18,0.75,True,False,True
12,280,disty4,ACTTRAV_C03,0.7056745873086935,WALKTRAV_B02,0.6875169798268113,0.01815760748188222,False,8,8,5.5,2,1.0,True,False,True
12,280,disty5,ACTTRAV_C03,0.723240674205844,WALKTRAV_B02,0.7050830667239619,0.01815760748188211,False,8,6,17.5,8,0.75,True,False,True
12,280,disty6,ACTTRAV_C03,0.7181763527739767,WALKTRAV_B02,0.7000187452920945,0.01815760748188222,False,8,8,3.0,1,1.0,True,False,True
12,280,disty7,ACTTRAV_C03,0.71743707127401,WALKTRAV_B02,0.6992794637921278,0.01815760748188222,False,8,8,14.5,9,1.0,True,False,True
12,280,disty8,ACTTRAV_C03,0.718630123932802,WALKTRAV_B02,0.7004725164509198,0.01815760748188222,False,8,8,6.0,4,1.0,True,False,True
12,280,disty9,ACTTRAV_C03,0.7207340207254115,WALKTRAV_B02,0.7025764132435294,0.01815760748188211,False,8,8,5.5,3,1.0,True,False,True
12,280,limiting_disability,ACTTRAV_C03,0.7205021533863264,WALKTRAV_B02,0.7023445459044442,0.01815760748188222,False,8,0,47.5,38,0.0,False,False,False
12,280,no_disability,ACTTRAV_C03,0.7274716477883175,WALKTRAV_B02,0.7078872981429304,0.019584349645387134,False,8,0,346.0,329,0.0,False,False,False
12,280,non_limiting_disability,ACTTRAV_C03,0.7293087880306287,WALKTRAV_B02,0.7110614247789289,0.018247363251699844,False,8,0,70.0,59,0.0,False,False,False
12,293,disty1,ACTTRAV_C03,0.6986877847911662,WALKTRAV_B02,0.680530177309284,0.01815760748188222,False,8,2,34.0,27,0.25,False,False,False
12,293,disty10,ACTTRAV_C03,0.7165088525205989,WALKTRAV_B02,0.6983512450387168,0.01815760748188211,False,8,8,5.5,2,1.0,True,False,True
12,293,disty11,ACTTRAV_C03,0.713870031090398,WALKTRAV_B02,0.6957124236085158,0.01815760748188222,False,7,7,3.0,1,1.0,True,True,True
12,293,disty12,ACTTRAV_C03,0.7104095519241712,WALKTRAV_B02,0.692251944442289,0.01815760748188222,False,8,8,10.0,6,1.0,True,False,True
12,293,disty13,ACTTRAV_C03,0.7164678184347106,WALKTRAV_B02,0.6983102109528284,0.01815760748188222,False,8,8,3.5,1,1.0,True,False,True
12,293,disty2,ACTTRAV_C03,0.7023991818730051,WALKTRAV_B02,0.6842415743911229,0.01815760748188222,False,8,5,26.0,23,0.625,True,False,True
12,293,disty3,ACTTRAV_C03,0.6967016550243657,WALKTRAV_B02,0.6785440475424834,0.01815760748188222,False,8,1,37.5,25,0.125,False,False,False
12,293,disty4,ACTTRAV_C03,0.6932648419969121,WALKTRAV_B02,0.67510723451503,0.01815760748188211,False,8,8,13.5,9,1.0,True,False,True
12,293,disty5,ACTTRAV_C03,0.7068497502527431,WALKTRAV_B02,0.6886921427708609,0.01815760748188222,False,8,6,24.0,13,0.75,True,False,True
12,293,disty6,ACTTRAV_C03,0.6947833427402405,WALKTRAV_B02,0.6766257352583582,0.01815760748188222,False,8,8,8.0,5,1.0,True,False,True
12,293,disty7,ACTTRAV_C03,0.6998881990482773,WALKTRAV_B02,0.681730591566395,0.01815760748188222,False,8,8,16.0,11,1.0,True,False,True
12,293,disty8,ACTTRAV_C03,0.7040931297282778,WALKTRAV_B02,0.6859355222463955,0.01815760748188222,False,8,8,13.0,5,1.0,True,False,True
12,293,disty9,ACTTRAV_C03,0.701728568983634,WALKTRAV_B02,0.6835709615017519,0.01815760748188211,False,8,8,10.0,4,1.0,True,False,True
12,293,limiting_disability,ACTTRAV_C03,0.7044641010485072,WALKTRAV_B02,0.686306493566625,0.01815760748188222,False,8,0,69.5,47,0.0,False,False,False
12,293,no_disability,ACTTRAV_C03,0.7142351374462464,WALKTRAV_B02,0.6956817286277747,0.018553408818471784,False,8,0,325.5,289,0.0,False,False,False
12,293,non_limiting_disability,ACTTRAV_C03,0.716268627545812,WALKTRAV_B02,0.6976227861213554,0.018645841424456577,False,8,0,75.0,57,0.0,False,False,False
12,30,disty1,ACTTRAV_C03,0.6905762224823416,WALKTRAV_B02,0.6723711295308432,0.018205092951498414,False,8,1,36.5,27,0.125,False,False,False
12,30,disty10,ACTTRAV_C03,0.7134988163130805,WALKTRAV_B02,0.6953412088311984,0.01815760748188211,False,7,7,5.0,2,1.0,True,True,True
12,30,disty11,ACTTRAV_C03,0.7046288566192558,WALKTRAV_B02,0.6864712491373736,0.01815760748188222,False,7,7,4.0,2,1.0,True,True,True
12,30,disty12,ACTTRAV_C03,0.708011452688816,WALKTRAV_B02,0.6898538452069338,0.01815760748188222,False,8,8,8.5,4,1.0,True,False,True
12,30,disty13,ACTTRAV_C03,0.7079142778627643,WALKTRAV_B02,0.6897566703808821,0.01815760748188222,False,8,8,6.0,3,1.0,True,False,True
12,30,disty2,ACTTRAV_C03,0.6955586395241521,WALKTRAV_B02,0.67740103204227,0.01815760748188211,False,8,3,30.5,25,0.375,False,False,False
12,30,disty3,ACTTRAV_C03,0.6908317566909118,WALKTRAV_B02,0.6726741492090296,0.01815760748188222,False,8,2,37.5,28,0.25,False,False,False
12,30,disty4,ACTTRAV_C03,0.6905158029978777,WALKTRAV_B02,0.6723581955159955,0.01815760748188222,False,8,8,9.5,5,1.0,True,False,True
12,30,disty5,ACTTRAV_C03,0.7019673299915099,WALKTRAV_B02,0.6837809430641947,0.018186386927315223,False,8,5,19.0,13,0.625,True,False,True
12,30,disty6,ACTTRAV_C03,0.6916375843317976,WALKTRAV_B02,0.6734799768499155,0.01815760748188211,False,8,8,6.5,3,1.0,True,False,True
12,30,disty7,ACTTRAV_C03,0.6946987335672968,WALKTRAV_B02,0.6765411260854146,0.01815760748188222,False,8,8,19.5,14,1.0,True,False,True
12,30,disty8,ACTTRAV_C03,0.7005316987293685,WALKTRAV_B02,0.6823740912474864,0.01815760748188211,False,8,8,13.5,7,1.0,True,False,True
12,30,disty9,ACTTRAV_C03,0.6978590578026718,WALKTRAV_B02,0.6797014503207895,0.01815760748188222,False,8,8,10.0,6,1.0,True,False,True
12,30,limiting_disability,ACTTRAV_C03,0.6984721590689786,WALKTRAV_B02,0.6803006645363686,0.018171494532610022,False,8,0,64.0,52,0.0,False,False,False
12,30,no_disability,ACTTRAV_C03,0.7057022163616615,WALKTRAV_B02,0.6872394999222509,0.018462716439410665,False,8,0,331.5,320,0.0,False,False,False
12,30,non_limiting_disability,ACTTRAV_C03,0.7090338650257199,WALKTRAV_B02,0.690416294833965,0.018617570191754806,False,8,0,62.5,52,0.0,False,False,False
12,35,disty1,ACTTRAV_C03,0.695701360260214,WALKTRAV_B02,0.6775437527783319,0.01815760748188211,False,8,2,36.5,28,0.25,False,False,False
12,35,disty10,ACTTRAV_C03,0.7162908670301505,WALKTRAV_B02,0.6981332595482682,0.018157607481882332,False,8,8,3.0,1,1.0,True,False,True
12,35,disty11,ACTTRAV_C03,0.708076689311303,WALKTRAV_B02,0.6899190818294209,0.01815760748188211,False,7,7,3.0,1,1.0,True,True,True
12,35,disty12,ACTTRAV_C03,0.7124048501710223,WALKTRAV_B02,0.6942472426891401,0.01815760748188222,False,8,8,6.5,2,1.0,True,False,True
12,35,disty13,ACTTRAV_C03,0.7086484223850522,WALKTRAV_B02,0.6904908149031701,0.01815760748188211,False,8,8,5.0,2,1.0,True,False,True
12,35,disty2,ACTTRAV_C03,0.6969811523670276,WALKTRAV_B02,0.6783502933772598,0.018630858989767796,False,8,8,21.0,18,1.0,True,False,True
12,35,disty3,ACTTRAV_C03,0.69494857544294,WALKTRAV_B02,0.6767909679610579,0.01815760748188211,False,8,0,40.5,35,0.0,False,False,False
12,35,disty4,ACTTRAV_C03,0.690535150676519,WALKTRAV_B02,0.6723775431946369,0.01815760748188211,False,8,8,12.0,10,1.0,True,False,True
12,35,disty5,ACTTRAV_C03,0.7065065884959177,WALKTRAV_B02,0.6883489810140356,0.01815760748188211,False,8,7,22.5,10,0.875,True,False,True
12,35,disty6,ACTTRAV_C03,0.696861011243338,WALKTRAV_B02,0.6787034037614558,0.01815760748188222,False,8,8,4.0,3,1.0,True,False,True
12,35,disty7,ACTTRAV_C03,0.697789243316277,WALKTRAV_B02,0.6796316358343949,0.01815760748188211,False,8,8,16.5,11,1.0,True,False,True
12,35,disty8,ACTTRAV_C03,0.7046794911181484,WALKTRAV_B02,0.6865218836362662,0.01815760748188222,False,8,8,10.5,7,1.0,True,False,True
12,35,disty9,ACTTRAV_C03,0.6993205443008387,WALKTRAV_B02,0.6811629368189566,0.01815760748188211,False,8,8,9.5,5,1.0,True,False,True
12,35,limiting_disability,ACTTRAV_C03,0.7022912785952101,WALKTRAV_B02,0.6840095270656655,0.018281751529544588,False,8,0,67.0,56,0.0,False,False,False
12,35,no_disability,ACTTRAV_C03,0.7112247631068624,WALKTRAV_B02,0.6928249561775384,0.01839980692932408,False,8,0,300.5,290,0.0,False,False,False
12,35,non_limiting_disability,ACTTRAV_C03,0.7130753687959621,WALKTRAV_B02,0.6948862686235064,0.018189100172455674,False,8,0,81.5,77,0.0,False,False,False
12,44,disty1,ACTTRAV_C03,0.7027381849131843,WALKTRAV_B02,0.684360697532718,0.018377487380466295,False,8,3,31.0,26,0.375,False,False,False
12,44,disty10,ACTTRAV_C03,0.7192804633210685,WALKTRAV_B02,0.7011228558391864,0.01815760748188211,False,8,8,4.5,3,1.0,True,False,True
12,44,disty11,ACTTRAV_C03,0.7046422242500804,WALKTRAV_B02,0.6864846167681982,0.01815760748188222,False,8,8,3.0,2,1.0,True,False,True
12,44,disty12,ACTTRAV_C03,0.7122593845415462,WALKTRAV_B02,0.6939756345811442,0.01828374996040205,False,8,8,8.0,3,1.0,True,False,True
12,44,disty13,ACTTRAV_C03,0.718817429840566,WALKTRAV_B02,0.7005075581113763,0.01830987172918963,False,8,8,5.5,2,1.0,True,False,True
12,44,disty2,ACTTRAV_C03,0.7074955127173103,WALKTRAV_B02,0.6893379052354281,0.01815760748188211,False,8,3,30.5,24,0.375,False,False,False
12,44,disty3,ACTTRAV_C03,0.7010830411768222,WALKTRAV_B02,0.682690782275716,0.018392258901106184,False,8,0,41.0,31,0.0,False,False,False
12,44,disty4,ACTTRAV_C03,0.6989690928601394,WALKTRAV_B02,0.6808114853782572,0.01815760748188222,False,8,8,12.0,7,1.0,True,False,True
12,44,disty5,ACTTRAV_C03,0.7094383929841099,WALKTRAV_B02,0.6911979861697527,0.018240406814357235,False,8,3,32.5,21,0.375,False,False,False
12,44,disty6,ACTTRAV_C03,0.695898533168905,WALKTRAV_B02,0.6777409256870228,0.01815760748188222,False,8,8,8.5,6,1.0,True,False,True
12,44,disty7,ACTTRAV_C03,0.7004656324392433,WALKTRAV_B02,0.6823080249573611,0.01815760748188222,False,8,8,19.5,13,1.0,True,False,True
12,44,disty8,ACTTRAV_C03,0.7066462123050807,WALKTRAV_B02,0.6884886048231985,0.01815760748188222,False,8,8,15.0,7,1.0,True,False,True
12,44,disty9,ACTTRAV_C03,0.702846640164687,WALKTRAV_B02,0.6846890326828048,0.01815760748188222,False,8,8,10.5,8,1.0,True,False,True
12,44,limiting_disability,ACTTRAV_C03,0.7082223257787575,WALKTRAV_B02,0.6899157446950857,0.01830658108367189,False,8,0,72.5,59,0.0,False,False,False
12,44,no_disability,ACTTRAV_C03,0.71619171969095,WALKTRAV_B02,0.6977589232644571,0.01843279642649287,False,8,0,315.5,287,0.0,False,False,False
12,44,non_limiting_disability,ACTTRAV_C03,0.7186667939043854,WALKTRAV_B02,0.6999086196054382,0.018758174298947217,False,8,0,76.5,58,0.0,False,False,False
12,68,disty1,ACTTRAV_C03,0.6938429867008479,WALKTRAV_B02,0.6756853792189658,0.01815760748188211,False,8,1,37.5,24,0.125,False,False,False
12,68,disty10,ACTTRAV_C03,0.7122786401391213,WALKTRAV_B02,0.6939852960886188,0.018293344050502536,False,8,8,3.0,1,1.0,True,False,True
12,68,disty11,ACTTRAV_C03,0.702148355055429,WALKTRAV_B02,0.6839907475735468,0.01815760748188222,False,8,8,2.5,1,1.0,True,False,True
12,68,disty12,ACTTRAV_C03,0.7044239754952143,WALKTRAV_B02,0.6862258228606123,0.018198152634602005,False,8,8,7.0,3,1.0,True,False,True
12,68,disty13,ACTTRAV_C03,0.7109546825870795,WALKTRAV_B02,0.6927970751051974,0.01815760748188211,False,8,8,4.5,2,1.0,True,False,True
12,68,disty2,ACTTRAV_C03,0.6994796122563275,WALKTRAV_B02,0.6813220047744453,0.01815760748188222,False,8,7,24.5,18,0.875,True,False,True
12,68,disty3,ACTTRAV_C03,0.6916358470502356,WALKTRAV_B02,0.6734782395683534,0.01815760748188222,False,8,1,37.0,29,0.125,False,False,False
12,68,disty4,ACTTRAV_C03,0.6852522636202736,WALKTRAV_B02,0.6670946561383914,0.01815760748188222,False,8,8,12.0,7,1.0,True,False,True
12,68,disty5,ACTTRAV_C03,0.700624970831656,WALKTRAV_B02,0.6824538992479845,0.018171071583671483,False,8,6,23.0,14,0.75,True,False,True
12,68,disty6,ACTTRAV_C03,0.6907887481257335,WALKTRAV_B02,0.6726311406438513,0.01815760748188222,False,8,8,6.0,4,1.0,True,False,True
12,68,disty7,ACTTRAV_C03,0.691989627699625,WALKTRAV_B02,0.6738320202177428,0.01815760748188222,False,8,8,18.0,14,1.0,True,False,True
12,68,disty8,ACTTRAV_C03,0.7003540851927045,WALKTRAV_B02,0.6821617079018244,0.01819237729088008,False,8,8,12.0,6,1.0,True,False,True
12,68,disty9,ACTTRAV_C03,0.6944026754910041,WALKTRAV_B02,0.676245068009122,0.01815760748188211,False,8,8,8.0,4,1.0,True,False,True
12,68,limiting_disability,ACTTRAV_C03,0.6992233071596101,WALKTRAV_B02,0.6810596755420273,0.01816363161758283,False,8,0,70.0,57,0.0,False,False,False
12,68,no_disability,ACTTRAV_C03,0.7071930830086993,WALKTRAV_B02,0.6889428854015472,0.018250197607152074,False,8,0,323.0,288,0.0,False,False,False
12,68,non_limiting_disability,ACTTRAV_C03,0.7109368435985971,WALKTRAV_B02,0.692779236116715,0.01815760748188211,False,8,0,72.0,57,0.0,False,False,False
12,78,disty1,ACTTRAV_C03,0.6975684617234721,WALKTRAV_B02,0.6791561724905805,0.01841228923289162,False,8,4,31.0,25,0.5,True,False,True
12,78,disty10,ACTTRAV_C03,0.7200738419434991,WALKTRAV_B02,0.701916234461617,0.01815760748188211,False,7,7,3.0,1,1.0,True,True,True
12,78,disty11,ACTTRAV_C03,0.7083105405890976,WALKTRAV_B02,0.6901529331072155,0.01815760748188211,False,6,6,2.0,1,1.0,True,True,True
12,78,disty12,ACTTRAV_C03,0.7085115012332227,WALKTRAV_B02,0.6903538937513405,0.01815760748188222,False,8,8,6.0,3,1.0,True,False,True
12,78,disty13,ACTTRAV_C03,0.7166220056357,WALKTRAV_B02,0.6984643981538178,0.01815760748188222,False,8,8,5.5,2,1.0,True,False,True
12,78,disty2,ACTTRAV_C03,0.7036318075075517,WALKTRAV_B02,0.6854742000256696,0.01815760748188211,False,8,7,23.0,14,0.875,True,False,True
12,78,disty3,ACTTRAV_C03,0.6945789760162197,WALKTRAV_B02,0.6760495540864386,0.01852942192978102,False,8,3,31.0,19,0.375,False,False,False
12,78,disty4,ACTTRAV_C03,0.696049397152544,WALKTRAV_B02,0.6778917896706619,0.01815760748188211,False,8,8,6.5,2,1.0,True,False,True
12,78,disty5,ACTTRAV_C03,0.7058482530817836,WALKTRAV_B02,0.6874580794963304,0.01839017358545314,False,8,8,20.0,11,1.0,True,False,True
12,78,disty6,ACTTRAV_C03,0.7014021581939908,WALKTRAV_B02,0.6832445507121087,0.01815760748188211,False,8,8,5.0,2,1.0,True,False,True
12,78,disty7,ACTTRAV_C03,0.6968411250309329,WALKTRAV_B02,0.6786835175490508,0.01815760748188211,False,8,8,17.0,14,1.0,True,False,True
12,78,disty8,ACTTRAV_C03,0.701940637961531,WALKTRAV_B02,0.683783030479649,0.01815760748188211,False,8,8,7.5,4,1.0,True,False,True
12,78,disty9,ACTTRAV_C03,0.6988056650126967,WALKTRAV_B02,0.6806480575308146,0.01815760748188211,False,8,8,9.0,5,1.0,True,False,True
12,78,limiting_disability,ACTTRAV_C03,0.7033192168179393,WALKTRAV_B02,0.6849736151665756,0.018345601651363674,False,8,0,62.0,45,0.0,False,False,False
12,78,no_disability,ACTTRAV_C03,0.7099141680576982,WALKTRAV_B02,0.6913270841884936,0.0185870838692046,False,8,0,327.0,317,0.0,False,False,False
12,78,non_limiting_disability,ACTTRAV_C03,0.714374933193475,WALKTRAV_B02,0.6959361007478844,0.018438832445590636,False,8,0,75.5,60,0.0,False,False,False
12,8,disty1,ACTTRAV_C03,0.6898823267311543,WALKTRAV_B02,0.6717247192492722,0.01815760748188211,False,8,0,47.0,42,0.0,False,False,False
12,8,disty10,ACTTRAV_C03,0.7092544449440357,WALKTRAV_B02,0.6910968374621534,0.01815760748188222,False,7,7,8.0,3,1.0,True,True,True
12,8,disty11,ACTTRAV_C03,0.6998498241708824,WALKTRAV_B02,0.6816922166890002,0.01815760748188222,False,8,8,4.0,1,1.0,True,False,True
12,8,disty12,ACTTRAV_C03,0.700249734169444,WALKTRAV_B02,0.6820921266875618,0.01815760748188222,False,8,8,13.0,3,1.0,True,False,True
12,8,disty13,ACTTRAV_C03,0.7034315557399985,WALKTRAV_B02,0.6852739482581164,0.01815760748188211,False,8,8,6.0,4,1.0,True,False,True
12,8,disty2,ACTTRAV_C03,0.6933267716744018,WALKTRAV_B02,0.6751691641925196,0.01815760748188222,False,8,4,30.0,23,0.5,True,False,True
12,8,disty3,ACTTRAV_C03,0.6882112034307807,WALKTRAV_B02,0.6700535959488985,0.01815760748188222,False,8,0,47.5,36,0.0,False,False,False
12,8,disty4,ACTTRAV_C03,0.688289255184278,WALKTRAV_B02,0.6701316477023959,0.01815760748188211,False,8,8,10.5,4,1.0,True,False,True
12,8,disty5,ACTTRAV_C03,0.6968611697464593,WALKTRAV_B02,0.6787035622645772,0.01815760748188211,False,8,3,38.0,21,0.375,False,False,False
12,8,disty6,ACTTRAV_C03,0.6897851149456508,WALKTRAV_B02,0.6716275074637686,0.01815760748188211,False,8,8,10.0,5,1.0,True,False,True
12,8,disty7,ACTTRAV_C03,0.6905235115845202,WALKTRAV_B02,0.672365904102638,0.01815760748188222,False,8,4,31.0,18,0.5,True,False,True
12,8,disty8,ACTTRAV_C03,0.6917267351948413,WALKTRAV_B02,0.6735691277129591,0.01815760748188222,False,8,8,14.0,7,1.0,True,False,True
12,8,disty9,ACTTRAV_C03,0.691769114093648,WALKTRAV_B02,0.6736115066117659,0.01815760748188211,False,8,8,13.5,5,1.0,True,False,True
12,8,limiting_disability,ACTTRAV_C03,0.694756383809183,WALKTRAV_B02,0.6765987763273009,0.01815760748188211,False,8,0,87.0,73,0.0,False,False,False
12,8,no_disability,ACTTRAV_C03,0.7026695998226725,WALKTRAV_B02,0.6843858640146764,0.018283735807996138,False,8,0,318.5,294,0.0,False,False,False
12,8,non_limiting_disability,ACTTRAV_C03,0.7064636029231179,WALKTRAV_B02,0.6882520368311383,0.018211566091979603,False,8,0,68.5,44,0.0,False,False,False
12,9,disty1,ACTTRAV_C03,0.6964180020131804,WALKTRAV_B02,0.6782603945312982,0.01815760748188222,False,8,3,33.0,26,0.375,False,False,False
12,9,disty10,ACTTRAV_C03,0.7121525066027584,WALKTRAV_B02,0.6939948991208763,0.01815760748188211,False,7,7,3.0,1,1.0,True,True,True
12,9,disty11,ACTTRAV_C03,0.6955627224575032,WALKTRAV_B02,0.6774051149756211,0.01815760748188211,False,6,6,2.5,1,1.0,True,True,True
12,9,disty12,ACTTRAV_C03,0.7076053157382641,WALKTRAV_B02,0.689447708256382,0.01815760748188211,False,8,8,7.5,5,1.0,True,False,True
12,9,disty13,ACTTRAV_C03,0.7166313998800491,WALKTRAV_B02,0.6984737923981669,0.01815760748188222,False,8,8,6.5,3,1.0,True,False,True
12,9,disty2,ACTTRAV_C03,0.701226763348746,WALKTRAV_B02,0.6830691558668638,0.01815760748188222,False,8,3,30.5,12,0.375,False,False,False
12,9,disty3,ACTTRAV_C03,0.6956699136580194,WALKTRAV_B02,0.6775123061761373,0.01815760748188211,False,8,2,37.0,28,0.25,False,False,False
12,9,disty4,ACTTRAV_C03,0.692611916268217,WALKTRAV_B02,0.6744543087863348,0.01815760748188222,False,8,8,11.0,8,1.0,True,False,True
12,9,disty5,ACTTRAV_C03,0.7038069511703545,WALKTRAV_B02,0.6856493436884723,0.01815760748188222,False,8,8,23.5,12,1.0,True,False,True
12,9,disty6,ACTTRAV_C03,0.695905742545561,WALKTRAV_B02,0.6777481350636788,0.01815760748188222,False,8,8,6.0,2,1.0,True,False,True
12,9,disty7,ACTTRAV_C03,0.6956129728368858,WALKTRAV_B02,0.6774553653550036,0.01815760748188222,False,8,6,13.0,8,0.75,True,False,True
12,9,disty8,ACTTRAV_C03,0.7029476289814779,WALKTRAV_B02,0.6847900214995958,0.01815760748188211,False,8,8,10.0,6,1.0,True,False,True
12,9,disty9,ACTTRAV_C03,0.6959813685276713,WALKTRAV_B02,0.6778237610457891,0.01815760748188222,False,8,8,9.5,7,1.0,True,False,True
12,9,limiting_disability,ACTTRAV_C03,0.701074668514733,WALKTRAV_B02,0.6829170610328509,0.01815760748188211,False,8,0,71.0,49,0.0,False,False,False
12,9,no_disability,ACTTRAV_C03,0.7088942275149527,WALKTRAV_B02,0.6905876264880122,0.018306601026940483,False,8,0,333.0,288,0.0,False,False,False
12,9,non_limiting_disability,ACTTRAV_C03,0.7133910020081519,WALKTRAV_B02,0.6949769574484242,0.018414044559727616,False,8,0,82.5,57,0.0,False,False,False
12,91,disty1,ACTTRAV_C03,0.6907002036662391,WALKTRAV_B02,0.6722979233378791,0.01840228032836,False,8,0,43.0,36,0.0,False,False,False
12,91,disty10,ACTTRAV_C03,0.7075524698427546,WALKTRAV_B02,0.6893948623608723,0.01815760748188222,False,8,8,4.5,2,1.0,True,False,True
12,91,disty11,ACTTRAV_C03,0.6942012913097899,WALKTRAV_B02,0.6760436838279077,0.01815760748188222,False,8,8,4.0,2,1.0,True,False,True
12,91,disty12,ACTTRAV_C03,0.6990031548204317,WALKTRAV_B02,0.6808455473385495,0.01815760748188222,False,8,8,8.5,5,1.0,True,False,True
12,91,disty13,ACTTRAV_C03,0.7021217057265262,WALKTRAV_B02,0.683964098244644,0.01815760748188222,False,8,8,6.0,3,1.0,True,False,True
12,91,disty2,ACTTRAV_C03,0.6936819579512911,WALKTRAV_B02,0.675524350469409,0.01815760748188211,False,8,4,32.5,18,0.5,True,False,True
12,91,disty3,ACTTRAV_C03,0.6900579126495529,WALKTRAV_B02,0.6716148870345005,0.0184430256150524,False,8,0,48.5,35,0.0,False,False,False
12,91,disty4,ACTTRAV_C03,0.6895333606133502,WALKTRAV_B02,0.6713757531314681,0.01815760748188211,False,8,8,15.5,7,1.0,True,False,True
12,91,disty5,ACTTRAV_C03,0.6965518873930315,WALKTRAV_B02,0.6783942799111493,0.01815760748188222,False,8,6,26.5,19,0.75,True,False,True
12,91,disty6,ACTTRAV_C03,0.6940206316050871,WALKTRAV_B02,0.6758630241232049,0.01815760748188222,False,8,8,8.0,1,1.0,True,False,True
12,91,disty7,ACTTRAV_C03,0.6922982465495338,WALKTRAV_B02,0.6741406390676516,0.01815760748188211,False,8,6,25.0,16,0.75,True,False,True
12,91,disty8,ACTTRAV_C03,0.6962753475286688,WALKTRAV_B02,0.6781177400467867,0.01815760748188211,False,8,8,16.0,5,1.0,True,False,True
12,91,disty9,ACTTRAV_C03,0.6948445848116772,WALKTRAV_B02,0.6766869773297951,0.01815760748188211,False,8,8,12.5,5,1.0,True,False,True
12,91,limiting_disability,ACTTRAV_C03,0.6970516315192222,WALKTRAV_B02,0.6787475450628027,0.018304086456419566,False,8,0,79.5,66,0.0,False,False,False
12,91,no_disability,ACTTRAV_C03,0.7050785155093047,WALKTRAV_B02,0.6867814264197178,0.018297089089586827,False,8,0,312.0,286,0.0,False,False,False
12,91,non_limiting_disability,ACTTRAV_C03,0.708523273495388,WALKTRAV_B02,0.6900083880176056,0.01851488547778246,False,8,0,79.5,59,0.0,False,False,False
13,107,disty1,ACTTRAV_C03,0.6958654945874313,WALKTRAV_B02,0.6773681621702815,0.018497332417149792,False,8,1,44.5,28,0.125,False,False,False
13,107,disty10,ACTTRAV_C03,0.7153700338430432,WALKTRAV_B02,0.6970237849674956,0.01834624887554759,False,8,8,5.5,1,1.0,True,False,True
13,107,disty11,ACTTRAV_C03,0.703783921836966,WALKTRAV_B02,0.6854376729614184,0.01834624887554759,False,7,7,5.0,1,1.0,True,True,True
13,107,disty12,ACTTRAV_C03,0.7071989400732215,WALKTRAV_B02,0.688852691197674,0.018346248875547477,False,8,8,9.5,3,1.0,True,False,True
13,107,disty13,ACTTRAV_C03,0.7123085620432457,WALKTRAV_B02,0.6939623131676981,0.01834624887554759,False,8,8,7.0,4,1.0,True,False,True
13,107,disty2,ACTTRAV_C03,0.7010197737158453,WALKTRAV_B02,0.6826735248402979,0.018346248875547477,False,8,4,33.0,18,0.5,True,False,True
13,107,disty3,ACTTRAV_C03,0.6940667514826119,WALKTRAV_B02,0.6756271402869506,0.018439611195661287,False,8,2,44.0,25,0.25,False,False,False
13,107,disty4,ACTTRAV_C03,0.6914944920854676,WALKTRAV_B02,0.6731482432099202,0.018346248875547477,False,8,8,13.0,8,1.0,True,False,True
13,107,disty5,ACTTRAV_C03,0.7030880404790153,WALKTRAV_B02,0.6847417916034678,0.018346248875547477,False,8,3,35.0,20,0.375,False,False,False
13,107,disty6,ACTTRAV_C03,0.6951076372105546,WALKTRAV_B02,0.6767613883350071,0.018346248875547477,False,8,8,7.0,2,1.0,True,False,True
13,107,disty7,ACTTRAV_C03,0.6961912793913972,WALKTRAV_B02,0.6778450305158497,0.01834624887554759,False,8,4,25.5,16,0.5,True,False,True
13,107,disty8,ACTTRAV_C03,0.7023671357794418,WALKTRAV_B02,0.6840208869038943,0.018346248875547477,False,8,8,16.0,7,1.0,True,False,True
13,107,disty9,ACTTRAV_C03,0.6995542724153393,WALKTRAV_B02,0.6812080235397918,0.018346248875547477,False,8,8,14.5,4,1.0,True,False,True
13,107,limiting_disability,ACTTRAV_C03,0.7007054360515995,WALKTRAV_B02,0.6823231252592913,0.018382310792308232,False,8,0,87.5,57,0.0,False,False,False
13,107,no_disability,ACTTRAV_C03,0.7060625527632288,WALKTRAV_B02,0.6875991295196022,0.018463423243626598,False,8,0,325.5,300,0.0,False,False,False
13,107,non_limiting_disability,ACTTRAV_C03,0.7102064681453839,WALKTRAV_B02,0.69182558426917,0.01838088387621395,False,8,0,88.0,60,0.0,False,False,False
13,109,disty1,ACTTRAV_C03,0.704300480047412,WALKTRAV_B02,0.685657561552954,0.018642918494457983,False,8,2,38.0,23,0.25,False,False,False
13,109,disty10,ACTTRAV_C03,0.7248845331125778,WALKTRAV_B02,0.706003720286939,0.018880812825638804,False,8,8,5.5,1,1.0,True,False,True
13,109,disty11,ACTTRAV_C03,0.7139803958564873,WALKTRAV_B02,0.6956341469809398,0.018346248875547477,False,8,8,4.0,2,1.0,True,False,True
13,109,disty12,ACTTRAV_C03,0.7162031731015129,WALKTRAV_B02,0.6973649594425972,0.018838213658915692,False,8,8,11.5,2,1.0,True,False,True
13,109,disty13,ACTTRAV_C03,0.7212697539912284,WALKTRAV_B02,0.7012601281287286,0.02000962586249977,False,8,8,7.0,2,1.0,True,False,True
13,109,disty2,ACTTRAV_C03,0.7091425466279241,WALKTRAV_B02,0.6902476509513974,0.01889489567652669,False,8,4,29.5,16,0.5,True,False,True
13,109,disty3,ACTTRAV_C03,0.7029997428492805,WALKTRAV_B02,0.6845163956773019,0.018483347171978526,False,8,2,35.5,24,0.25,False,False,False
13,109,disty4,ACTTRAV_C03,0.7018056712324447,WALKTRAV_B02,0.6825718901695216,0.019233781062923172,False,8,8,12.0,5,1.0,True,False,True
13,109,disty5,ACTTRAV_C03,0.7122950691362776,WALKTRAV_B02,0.6936241657138877,0.018670903422389862,False,8,3,31.5,16,0.375,False,False,False
13,109,disty6,ACTTRAV_C03,0.7055114370981482,WALKTRAV_B02,0.6871651882226006,0.01834624887554759,False,8,8,7.0,3,1.0,True,False,True
13,109,disty7,ACTTRAV_C03,0.7049880904502078,WALKTRAV_B02,0.6866418415746602,0.01834624887554759,False,8,8,17.0,14,1.0,True,False,True
13,109,disty8,ACTTRAV_C03,0.7114055710366081,WALKTRAV_B02,0.6930593221610605,0.01834624887554759,False,8,8,14.0,10,1.0,True,False,True
13,109,disty9,ACTTRAV_C03,0.7096574549001321,WALKTRAV_B02,0.6913112060245846,0.018346248875547477,False,8,8,8.5,1,1.0,True,False,True
13,109,limiting_disability,ACTTRAV_C03,0.7097137023986888,WALKTRAV_B02,0.6911838302254277,0.018529872173261075,False,8,0,65.5,49,0.0,False,False,False
13,109,no_disability,ACTTRAV_C03,0.7155073350896155,WALKTRAV_B02,0.6970609893934819,0.01844634569613357,False,8,0,328.0,302,0.0,False,False,False
13,109,non_limiting_disability,ACTTRAV_C03,0.7197982405588413,WALKTRAV_B02,0.7011471460193855,0.018651094539455793,False,8,0,73.0,59,0.0,False,False,False
13,112,disty1,ACTTRAV_C03,0.7054746571463745,WALKTRAV_B02,0.686915918109986,0.018558739036388494,False,8,2,35.0,26,0.25,False,False,False
13,112,disty10,ACTTRAV_C03,0.7264055886300785,WALKTRAV_B02,0.707259310325585,0.019146278304493558,False,6,6,3.5,1,1.0,True,True,True
13,112,disty11,ACTTRAV_C03,0.7117054556797777,WALKTRAV_B02,0.6933592068042301,0.01834624887554759,False,6,6,2.5,1,1.0,True,True,True
13,112,disty12,ACTTRAV_C03,0.7160544166241501,WALKTRAV_B02,0.6975332662621467,0.018521150362003413,False,7,7,10.0,3,1.0,True,True,True
13,112,disty13,ACTTRAV_C03,0.7226879954837172,WALKTRAV_B02,0.7043417466081697,0.018346248875547477,False,7,7,5.0,3,1.0,True,True,True
13,112,disty2,ACTTRAV_C03,0.7110160431852358,WALKTRAV_B02,0.6926697943096882,0.01834624887554759,False,8,7,24.5,22,0.875,True,False,True
13,112,disty3,ACTTRAV_C03,0.7037142096080433,WALKTRAV_B02,0.6853042940045443,0.018409915603499027,False,8,0,32.5,31,0.0,False,False,False
13,112,disty4,ACTTRAV_C03,0.7040511882627498,WALKTRAV_B02,0.6857049393872022,0.01834624887554759,False,8,8,9.0,7,1.0,True,False,True
13,112,disty5,ACTTRAV_C03,0.7125565448186859,WALKTRAV_B02,0.6940942982854482,0.01846224653323769,False,8,7,21.0,8,0.875,True,False,True
13,112,disty6,ACTTRAV_C03,0.7071832182959312,WALKTRAV_B02,0.6888369694203836,0.01834624887554759,False,8,8,6.0,3,1.0,True,False,True
13,112,disty7,ACTTRAV_C03,0.7060141839065226,WALKTRAV_B02,0.6873031033867063,0.018711080519816292,False,8,8,18.0,12,1.0,True,False,True
13,112,disty8,ACTTRAV_C03,0.7107522242209008,WALKTRAV_B02,0.6923575868621848,0.018394637358715937,False,8,8,6.0,4,1.0,True,False,True
13,112,disty9,ACTTRAV_C03,0.7110530455812784,WALKTRAV_B02,0.6922559335777921,0.018797112003486216,False,8,8,6.0,3,1.0,True,False,True
13,112,limiting_disability,ACTTRAV_C03,0.7106221705898869,WALKTRAV_B02,0.6921489358818943,0.01847323470799256,False,8,0,62.5,60,0.0,False,False,False
13,112,no_disability,ACTTRAV_C03,0.7165630613543407,WALKTRAV_B02,0.6980368444131103,0.018526216941230356,False,8,0,337.0,320,0.0,False,False,False
13,112,non_limiting_disability,ACTTRAV_C03,0.7203180494337146,WALKTRAV_B02,0.7019587505734459,0.018359298860268658,False,8,0,66.0,55,0.0,False,False,False
13,114,disty1,ACTTRAV_C03,0.7019130934211929,WALKTRAV_B02,0.6835668445456454,0.018346248875547477,False,8,2,37.0,20,0.25,False,False,False
13,114,disty10,ACTTRAV_C03,0.7233103013411281,WALKTRAV_B02,0.7049640524655806,0.018346248875547477,False,7,7,4.0,2,1.0,True,True,True
13,114,disty11,ACTTRAV_C03,0.7097750842263569,WALKTRAV_B02,0.6914288353508093,0.01834624887554759,False,6,6,3.0,1,1.0,True,True,True
13,114,disty12,ACTTRAV_C03,0.7135322744996443,WALKTRAV_B02,0.6951165911705551,0.01841568332908916,False,8,8,8.0,2,1.0,True,False,True
13,114,disty13,ACTTRAV_C03,0.7187976404558735,WALKTRAV_B02,0.700451391580326,0.018346248875547477,False,8,8,6.0,3,1.0,True,False,True
13,114,disty2,ACTTRAV_C03,0.7070605965505122,WALKTRAV_B02,0.6887143476749646,0.01834624887554759,False,8,3,30.5,20,0.375,False,False,False
13,114,disty3,ACTTRAV_C03,0.7001305658874026,WALKTRAV_B02,0.681784317011855,0.01834624887554759,False,8,2,38.0,19,0.25,False,False,False
13,114,disty4,ACTTRAV_C03,0.6965109843978342,WALKTRAV_B02,0.6781647355222866,0.01834624887554759,False,8,8,10.5,5,1.0,True,False,True
13,114,disty5,ACTTRAV_C03,0.7092138951679219,WALKTRAV_B02,0.6906450458002614,0.018568849367660456,False,8,3,30.5,14,0.375,False,False,False
13,114,disty6,ACTTRAV_C03,0.7026621785380174,WALKTRAV_B02,0.6843159296624699,0.018346248875547477,False,8,8,7.0,5,1.0,True,False,True
13,114,disty7,ACTTRAV_C03,0.7023723162829968,WALKTRAV_B02,0.6840260674074493,0.018346248875547477,False,8,7,21.0,7,0.875,True,False,True
13,114,disty8,ACTTRAV_C03,0.7088173128436754,WALKTRAV_B02,0.690471063968128,0.018346248875547477,False,8,8,12.5,5,1.0,True,False,True
13,114,disty9,ACTTRAV_C03,0.706515962239361,WALKTRAV_B02,0.6881697133638134,0.01834624887554759,False,8,8,10.5,6,1.0,True,False,True
13,114,limiting_disability,ACTTRAV_C03,0.707158299137249,WALKTRAV_B02,0.6887164853658282,0.018441813771420845,False,8,0,76.5,47,0.0,False,False,False
13,114,no_disability,ACTTRAV_C03,0.7125325774441349,WALKTRAV_B02,0.6940531483870043,0.018479429057130625,False,8,0,324.5,273,0.0,False,False,False
13,114,non_limiting_disability,ACTTRAV_C03,0.7165541124223863,WALKTRAV_B02,0.6981398032042139,0.018414309218172442,False,8,0,81.5,66,0.0,False,False,False
13,117,disty1,ACTTRAV_C03,0.6937687412602512,WALKTRAV_B02,0.6754224923847036,0.01834624887554759,False,8,3,32.0,23,0.375,False,False,False
13,117,disty10,ACTTRAV_C03,0.7129119245132703,WALKTRAV_B02,0.6945656756377229,0.018346248875547477,False,8,8,3.0,1,1.0,True,False,True
13,117,disty11,ACTTRAV_C03,0.7033671855961808,WALKTRAV_B02,0.6850209367206332,0.01834624887554759,False,6,6,2.5,2,1.0,True,True,True
13,117,disty12,ACTTRAV_C03,0.7062078429584201,WALKTRAV_B02,0.6878615940828726,0.018346248875547477,False,7,7,7.0,1,1.0,True,True,True
13,117,disty13,ACTTRAV_C03,0.7095524421652244,WALKTRAV_B02,0.6912061932896768,0.01834624887554759,False,8,8,4.0,2,1.0,True,False,True
13,117,disty2,ACTTRAV_C03,0.6984931916391971,WALKTRAV_B02,0.6801469427636496,0.018346248875547477,False,8,5,22.5,17,0.625,True,False,True
13,117,disty3,ACTTRAV_C03,0.6927717133590335,WALKTRAV_B02,0.6744254644834861,0.018346248875547477,False,8,0,36.5,30,0.0,False,False,False
13,117,disty4,ACTTRAV_C03,0.6901236926119607,WALKTRAV_B02,0.6717774437364131,0.01834624887554759,False,8,8,8.5,3,1.0,True,False,True
13,117,disty5,ACTTRAV_C03,0.6988624520208973,WALKTRAV_B02,0.6805162031453497,0.01834624887554759,False,8,8,16.0,9,1.0,True,False,True
13,117,disty6,ACTTRAV_C03,0.694212903559628,WALKTRAV_B02,0.6758666546840804,0.01834624887554759,False,8,8,6.0,1,1.0,True,False,True
13,117,disty7,ACTTRAV_C03,0.6945431178226772,WALKTRAV_B02,0.6761968689471296,0.01834624887554759,False,8,8,17.0,13,1.0,True,False,True
13,117,disty8,ACTTRAV_C03,0.7007576184902692,WALKTRAV_B02,0.6824113696147217,0.018346248875547477,False,8,8,8.5,3,1.0,True,False,True
13,117,disty9,ACTTRAV_C03,0.6987313508590863,WALKTRAV_B02,0.6803851019835387,0.01834624887554759,False,8,8,10.5,4,1.0,True,False,True
13,117,limiting_disability,ACTTRAV_C03,0.6985174561614704,WALKTRAV_B02,0.6801712072859228,0.01834624887554759,False,8,0,65.5,51,0.0,False,False,False
13,117,no_disability,ACTTRAV_C03,0.7034333156612407,WALKTRAV_B02,0.6850071949007118,0.018426120760528852,False,8,0,331.5,298,0.0,False,False,False
13,117,non_limiting_disability,ACTTRAV_C03,0.7074173482552192,WALKTRAV_B02,0.6890572052462525,0.01836014300896671,False,8,0,65.5,54,0.0,False,False,False
13,122,disty1,ACTTRAV_C03,0.6899868793010191,WALKTRAV_B02,0.671618453809274,0.01836842549174511,False,8,0,51.5,41,0.0,False,False,False
13,122,disty10,ACTTRAV_C03,0.7103608462601594,WALKTRAV_B02,0.6920145973846118,0.01834624887554759,False,7,7,4.0,1,1.0,True,True,True
13,122,disty11,ACTTRAV_C03,0.6996929521201137,WALKTRAV_B02,0.6813467032445663,0.018346248875547477,False,6,6,3.0,1,1.0,True,True,True
13,122,disty12,ACTTRAV_C03,0.700213014453545,WALKTRAV_B02,0.6818667655779975,0.018346248875547477,False,8,8,7.5,3,1.0,True,False,True
13,122,disty13,ACTTRAV_C03,0.7052117426091717,WALKTRAV_B02,0.6868654937336242,0.01834624887554759,False,8,8,5.0,2,1.0,True,False,True
13,122,disty2,ACTTRAV_C03,0.6955488875081904,WALKTRAV_B02,0.6771787764943439,0.018370111013846557,False,8,2,32.5,21,0.25,False,False,False
13,122,disty3,ACTTRAV_C03,0.6889514699111354,WALKTRAV_B02,0.6706052210355878,0.01834624887554759,False,8,0,54.0,47,0.0,False,False,False
13,122,disty4,ACTTRAV_C03,0.6866735467952129,WALKTRAV_B02,0.6683272979196653,0.01834624887554759,False,8,8,17.5,11,1.0,True,False,True
13,122,disty5,ACTTRAV_C03,0.6972856833001118,WALKTRAV_B02,0.6788900553532694,0.018395627946842352,False,8,8,23.0,11,1.0,True,False,True
13,122,disty6,ACTTRAV_C03,0.6905229818698565,WALKTRAV_B02,0.6721767329943089,0.01834624887554759,False,8,8,8.0,1,1.0,True,False,True
13,122,disty7,ACTTRAV_C03,0.6912846086849953,WALKTRAV_B02,0.6729383598094477,0.01834624887554759,False,8,5,24.5,19,0.625,True,False,True
13,122,disty8,ACTTRAV_C03,0.6964323351793281,WALKTRAV_B02,0.6780860863037805,0.01834624887554759,False,8,8,13.5,5,1.0,True,False,True
13,122,disty9,ACTTRAV_C03,0.6951471390749461,WALKTRAV_B02,0.6768008901993986,0.018346248875547477,False,8,8,13.0,8,1.0,True,False,True
13,122,limiting_disability,ACTTRAV_C03,0.6950349349830901,WALKTRAV_B02,0.6766783693549762,0.01835656562811394,False,8,0,83.5,70,0.0,False,False,False
13,122,no_disability,ACTTRAV_C03,0.7011781524758199,WALKTRAV_B02,0.6827785026228173,0.018399649853002686,False,8,0,300.0,269,0.0,False,False,False
13,122,non_limiting_disability,ACTTRAV_C03,0.7043763770561805,WALKTRAV_B02,0.686030128180633,0.018346248875547477,False,8,0,79.0,65,0.0,False,False,False
13,126,disty1,ACTTRAV_C03,0.6916157168106306,WALKTRAV_B02,0.6732219232991301,0.0183937935115005,False,8,0,36.0,33,0.0,False,False,False
13,126,disty10,ACTTRAV_C03,0.7118763407007908,WALKTRAV_B02,0.6935300918252433,0.018346248875547477,False,8,8,4.0,1,1.0,True,False,True
13,126,disty11,ACTTRAV_C03,0.6989875187983852,WALKTRAV_B02,0.6803830356687375,0.018604483129647686,False,8,8,2.5,2,1.0,True,False,True
13,126,disty12,ACTTRAV_C03,0.7028611449311363,WALKTRAV_B02,0.6845148960555888,0.018346248875547477,False,8,8,6.5,1,1.0,True,False,True
13,126,disty13,ACTTRAV_C03,0.7083899220504846,WALKTRAV_B02,0.6898048926823297,0.01858502936815487,False,8,8,5.0,2,1.0,True,False,True
13,126,disty2,ACTTRAV_C03,0.6965320859942091,WALKTRAV_B02,0.6781398090499554,0.018392276944253716,False,8,7,24.5,19,0.875,True,False,True
13,126,disty3,ACTTRAV_C03,0.6900672893706952,WALKTRAV_B02,0.6716508379852937,0.01841645138540149,False,8,0,36.0,30,0.0,False,False,False
13,126,disty4,ACTTRAV_C03,0.6877223773355615,WALKTRAV_B02,0.6692856215061256,0.018436755829435936,False,8,8,11.0,5,1.0,True,False,True
13,126,disty5,ACTTRAV_C03,0.6990547670550109,WALKTRAV_B02,0.6806708181018643,0.018383948953146656,False,8,8,22.0,16,1.0,True,False,True
13,126,disty6,ACTTRAV_C03,0.6919476776881768,WALKTRAV_B02,0.6736014288126292,0.01834624887554759,False,8,8,6.0,5,1.0,True,False,True
13,126,disty7,ACTTRAV_C03,0.6924902170985535,WALKTRAV_B02,0.6740945205391927,0.018395696559360797,False,8,8,18.5,12,1.0,True,False,True
13,126,disty8,ACTTRAV_C03,0.6981319071580713,WALKTRAV_B02,0.6796815427041348,0.01845036445393644,False,8,8,10.5,7,1.0,True,False,True
13,126,disty9,ACTTRAV_C03,0.6953560350780104,WALKTRAV_B02,0.6770097862024628,0.01834624887554759,False,8,8,9.5,7,1.0,True,False,True
13,126,limiting_disability,ACTTRAV_C03,0.696679581616516,WALKTRAV_B02,0.6782935231611394,0.018386058455376553,False,8,0,65.5,51,0.0,False,False,False
13,126,no_disability,ACTTRAV_C03,0.7018378618527542,WALKTRAV_B02,0.6833800671106127,0.018457794742141487,False,8,0,316.0,301,0.0,False,False,False
13,126,non_limiting_disability,ACTTRAV_C03,0.7065167974998304,WALKTRAV_B02,0.6881705486242828,0.01834624887554759,False,8,0,74.5,51,0.0,False,False,False
13,129,disty1,ACTTRAV_C03,0.6929794334688765,WALKTRAV_B02,0.6742785372840794,0.01870089618479709,False,8,0,40.0,30,0.0,False,False,False
13,129,disty10,ACTTRAV_C03,0.7116492587836604,WALKTRAV_B02,0.6933030099081128,0.01834624887554759,False,7,7,5.0,3,1.0,True,True,True
13,129,disty11,ACTTRAV_C03,0.7013803492021273,WALKTRAV_B02,0.6830341003265797,0.01834624887554759,False,8,8,2.0,2,1.0,True,False,True
13,129,disty12,ACTTRAV_C03,0.7048807709932888,WALKTRAV_B02,0.6865345221177414,0.018346248875547477,False,8,8,11.5,1,1.0,True,False,True
13,129,disty13,ACTTRAV_C03,0.7097261496119691,WALKTRAV_B02,0.6913799007364216,0.018346248875547477,False,7,7,6.0,2,1.0,True,True,True
13,129,disty2,ACTTRAV_C03,0.6978440991560788,WALKTRAV_B02,0.6794978502805312,0.01834624887554759,False,8,4,29.0,21,0.5,True,False,True
13,129,disty3,ACTTRAV_C03,0.6921895554195938,WALKTRAV_B02,0.6734811098172127,0.018708445602381163,False,8,0,41.0,32,0.0,False,False,False
13,129,disty4,ACTTRAV_C03,0.6888807491346782,WALKTRAV_B02,0.6705345002591308,0.018346248875547477,False,8,8,10.5,7,1.0,True,False,True
13,129,disty5,ACTTRAV_C03,0.6999730455077263,WALKTRAV_B02,0.6815960854114659,0.018376960096260442,False,8,3,32.5,13,0.375,False,False,False
13,129,disty6,ACTTRAV_C03,0.6929413428785504,WALKTRAV_B02,0.6743116348354656,0.018629708043084725,False,8,8,6.5,3,1.0,True,False,True
13,129,disty7,ACTTRAV_C03,0.6938054776804828,WALKTRAV_B02,0.6754592288049354,0.018346248875547477,False,8,6,22.0,10,0.75,True,False,True
13,129,disty8,ACTTRAV_C03,0.7005623670350372,WALKTRAV_B02,0.6822161181594897,0.018346248875547477,False,8,8,11.5,8,1.0,True,False,True
13,129,disty9,ACTTRAV_C03,0.6975394934754788,WALKTRAV_B02,0.6791932445999312,0.01834624887554759,False,8,8,10.5,4,1.0,True,False,True
13,129,limiting_disability,ACTTRAV_C03,0.6983667561390432,WALKTRAV_B02,0.6798628632514365,0.018503892887606677,False,8,0,84.0,56,0.0,False,False,False
13,129,no_disability,ACTTRAV_C03,0.7036580465946094,WALKTRAV_B02,0.6852069938822789,0.018451052712330496,False,8,0,322.5,298,0.0,False,False,False
13,129,non_limiting_disability,ACTTRAV_C03,0.7081297831320721,WALKTRAV_B02,0.6897491107198616,0.01838067241221053,False,8,0,70.0,56,0.0,False,False,False
13,135,disty1,ACTTRAV_C03,0.7048478549662691,WALKTRAV_B02,0.6865016060907215,0.01834624887554759,False,8,0,35.0,32,0.0,False,False,False
13,135,disty10,ACTTRAV_C03,0.7255864340510595,WALKTRAV_B02,0.7072401851755119,0.01834624887554759,False,8,8,6.5,3,1.0,True,False,True
13,135,disty11,ACTTRAV_C03,0.7153222753538012,WALKTRAV_B02,0.6969760264782537,0.018346248875547477,False,8,8,4.0,1,1.0,True,False,True
13,135,disty12,ACTTRAV_C03,0.7177304142211672,WALKTRAV_B02,0.6993438953167649,0.01838651890440235,False,8,8,10.0,3,1.0,True,False,True
13,135,disty13,ACTTRAV_C03,0.720755444382021,WALKTRAV_B02,0.7024091955064735,0.018346248875547477,False,8,8,8.0,5,1.0,True,False,True
13,135,disty2,ACTTRAV_C03,0.7105312522801094,WALKTRAV_B02,0.6921154948602334,0.018415757419876,False,8,4,29.5,25,0.5,True,False,True
13,135,disty3,ACTTRAV_C03,0.7031700115353662,WALKTRAV_B02,0.6848237626598186,0.01834624887554759,False,8,1,36.5,22,0.125,False,False,False
13,135,disty4,ACTTRAV_C03,0.7018711974897773,WALKTRAV_B02,0.6835249486142299,0.018346248875547477,False,8,8,9.0,5,1.0,True,False,True
13,135,disty5,ACTTRAV_C03,0.7130796831515487,WALKTRAV_B02,0.6945610640778291,0.018518619073719544,False,8,1,33.5,18,0.125,False,False,False
13,135,disty6,ACTTRAV_C03,0.7026448186105009,WALKTRAV_B02,0.6842985697349534,0.018346248875547477,False,8,8,5.0,1,1.0,True,False,True
13,135,disty7,ACTTRAV_C03,0.7061404872388544,WALKTRAV_B02,0.6877942383633068,0.01834624887554759,False,8,7,17.5,14,0.875,True,False,True
13,135,disty8,ACTTRAV_C03,0.7121232642209877,WALKTRAV_B02,0.6936471978271465,0.01847606639384125,False,8,8,15.5,11,1.0,True,False,True
13,135,disty9,ACTTRAV_C03,0.7086412918112842,WALKTRAV_B02,0.6897729409035097,0.0188683509077745,False,8,8,8.0,5,1.0,True,False,True
13,135,limiting_disability,ACTTRAV_C03,0.7104678860085514,WALKTRAV_B02,0.6920587102749167,0.018409175733634653,False,8,0,73.0,64,0.0,False,False,False
13,135,no_disability,ACTTRAV_C03,0.7154724872923028,WALKTRAV_B02,0.6969480209186057,0.01852446637369709,False,8,0,315.0,302,0.0,False,False,False
13,135,non_limiting_disability,ACTTRAV_C03,0.7201568481625936,WALKTRAV_B02,0.7016395777208927,0.018517270441700928,False,8,0,73.0,53,0.0,False,False,False
13,136,disty1,ACTTRAV_C03,0.6989116360827654,WALKTRAV_B02,0.6805427036783557,0.018368932404409732,False,8,2,36.5,24,0.25,False,False,False
13,136,disty10,ACTTRAV_C03,0.7175822679713391,WALKTRAV_B02,0.6990937477711113,0.01848852020022773,False,8,8,4.0,3,1.0,True,False,True
13,136,disty11,ACTTRAV_C03,0.7062692320253366,WALKTRAV_B02,0.6879229831497892,0.018346248875547477,False,8,8,3.5,1,1.0,True,False,True
13,136,disty12,ACTTRAV_C03,0.7085821043658519,WALKTRAV_B02,0.6902009968061574,0.018381107559694465,False,8,8,6.5,3,1.0,True,False,True
13,136,disty13,ACTTRAV_C03,0.7138276390567065,WALKTRAV_B02,0.6954813901811591,0.018346248875547477,False,7,7,5.0,1,1.0,True,True,True
13,136,disty2,ACTTRAV_C03,0.7036791183429149,WALKTRAV_B02,0.6853328694673674,0.018346248875547477,False,8,5,27.5,20,0.625,True,False,True
13,136,disty3,ACTTRAV_C03,0.6974860239350288,WALKTRAV_B02,0.6791268163291144,0.018359207605914363,False,8,1,38.0,27,0.125,False,False,False
13,136,disty4,ACTTRAV_C03,0.6945977558986753,WALKTRAV_B02,0.6761994907375058,0.01839826516116949,False,8,8,13.0,6,1.0,True,False,True
13,136,disty5,ACTTRAV_C03,0.7051006149685558,WALKTRAV_B02,0.6866341179688156,0.018466496999740234,False,8,5,24.5,16,0.625,True,False,True
13,136,disty6,ACTTRAV_C03,0.6988630749518344,WALKTRAV_B02,0.6805168260762869,0.018346248875547477,False,8,8,6.5,3,1.0,True,False,True
13,136,disty7,ACTTRAV_C03,0.699353898315791,WALKTRAV_B02,0.6809420546544627,0.01841184366132831,False,8,8,17.0,10,1.0,True,False,True
13,136,disty8,ACTTRAV_C03,0.7049851278907145,WALKTRAV_B02,0.6865969775979569,0.018388150292757643,False,8,8,11.0,7,1.0,True,False,True
13,136,disty9,ACTTRAV_C03,0.7029419073035909,WALKTRAV_B02,0.6845956584280434,0.018346248875547477,False,8,8,8.0,4,1.0,True,False,True
13,136,limiting_disability,ACTTRAV_C03,0.7035634682353231,WALKTRAV_B02,0.6851469308992394,0.018416537336083727,False,8,0,66.0,51,0.0,False,False,False
13,136,no_disability,ACTTRAV_C03,0.7097055461278501,WALKTRAV_B02,0.6911051520073088,0.018600394120541264,False,8,0,315.5,291,0.0,False,False,False
13,136,non_limiting_disability,ACTTRAV_C03,0.7140144623711292,WALKTRAV_B02,0.6956249045562455,0.018389557814883717,False,8,0,71.5,64,0.0,False,False,False
13,139,disty1,ACTTRAV_C03,0.7018320053249186,WALKTRAV_B02,0.683485756449371,0.01834624887554759,False,8,4,30.0,19,0.5,True,False,True
13,139,disty10,ACTTRAV_C03,0.7206082306648621,WALKTRAV_B02,0.7022619817893146,0.018346248875547477,False,8,8,2.5,1,1.0,True,False,True
13,139,disty11,ACTTRAV_C03,0.7119292071655055,WALKTRAV_B02,0.693582958289958,0.018346248875547477,False,7,7,2.0,1,1.0,True,True,True
13,139,disty12,ACTTRAV_C03,0.7140969618776325,WALKTRAV_B02,0.6957311673977421,0.018365794479890396,False,8,8,6.5,2,1.0,True,False,True
13,139,disty13,ACTTRAV_C03,0.7185308565888922,WALKTRAV_B02,0.7001846077133446,0.01834624887554759,False,8,8,3.0,1,1.0,True,False,True
13,139,disty2,ACTTRAV_C03,0.7071350410785936,WALKTRAV_B02,0.6887887922030461,0.018346248875547477,False,8,6,24.5,14,0.75,True,False,True
13,139,disty3,ACTTRAV_C03,0.7008724265652745,WALKTRAV_B02,0.682526177689727,0.018346248875547477,False,8,2,35.0,22,0.25,False,False,False
13,139,disty4,ACTTRAV_C03,0.6994329607570211,WALKTRAV_B02,0.6810867118814735,0.01834624887554759,False,8,8,10.0,6,1.0,True,False,True
13,139,disty5,ACTTRAV_C03,0.7093398940104411,WALKTRAV_B02,0.6909842447501868,0.018355649260254236,False,8,6,20.0,14,0.75,True,False,True
13,139,disty6,ACTTRAV_C03,0.7005041544018961,WALKTRAV_B02,0.6821579055263486,0.018346248875547477,False,8,8,5.5,4,1.0,True,False,True
13,139,disty7,ACTTRAV_C03,0.702651339065069,WALKTRAV_B02,0.6843050901895215,0.01834624887554759,False,8,8,15.0,12,1.0,True,False,True
13,139,disty8,ACTTRAV_C03,0.7068291913216006,WALKTRAV_B02,0.688482942446053,0.01834624887554759,False,8,8,5.5,4,1.0,True,False,True
13,139,disty9,ACTTRAV_C03,0.7053498066375451,WALKTRAV_B02,0.6870035577619976,0.018346248875547477,False,8,8,7.0,2,1.0,True,False,True
13,139,limiting_disability,ACTTRAV_C03,0.7070635104294817,WALKTRAV_B02,0.6887124892456562,0.018351021183825478,False,8,0,63.0,48,0.0,False,False,False
13,139,no_disability,ACTTRAV_C03,0.7123294398214314,WALKTRAV_B02,0.6937541848057299,0.018575255015701453,False,8,0,317.5,306,0.0,False,False,False
13,139,non_limiting_disability,ACTTRAV_C03,0.7164361841040932,WALKTRAV_B02,0.6980453584997073,0.018390825604385874,False,8,0,75.0,70,0.0,False,False,False
13,142,disty1,ACTTRAV_C03,0.7070016707736232,WALKTRAV_B02,0.6885062520041227,0.01849541876950045,False,8,3,35.0,24,0.375,False,False,False
13,142,disty10,ACTTRAV_C03,0.7280199242074038,WALKTRAV_B02,0.7096736753318563,0.018346248875547477,False,8,8,7.5,2,1.0,True,False,True
13,142,disty11,ACTTRAV_C03,0.7161982711517156,WALKTRAV_B02,0.6978520222761682,0.018346248875547477,False,8,8,5.0,2,1.0,True,False,True
13,142,disty12,ACTTRAV_C03,0.7182595630870178,WALKTRAV_B02,0.6999133142114703,0.018346248875547477,False,8,8,10.5,8,1.0,True,False,True
13,142,disty13,ACTTRAV_C03,0.7227273252073497,WALKTRAV_B02,0.7043810763318022,0.018346248875547477,False,8,8,7.0,3,1.0,True,False,True
13,142,disty2,ACTTRAV_C03,0.7122271652908777,WALKTRAV_B02,0.6938809164153301,0.01834624887554759,False,8,4,30.5,14,0.5,True,False,True
13,142,disty3,ACTTRAV_C03,0.7059977168107424,WALKTRAV_B02,0.6875192565599192,0.018478460250823225,False,8,3,40.5,24,0.375,False,False,False
13,142,disty4,ACTTRAV_C03,0.7033672204412542,WALKTRAV_B02,0.6850209715657066,0.01834624887554759,False,8,8,10.0,5,1.0,True,False,True
13,142,disty5,ACTTRAV_C03,0.7137552155423926,WALKTRAV_B02,0.6953175709907445,0.01843764455164809,False,8,4,32.5,20,0.5,True,False,True
13,142,disty6,ACTTRAV_C03,0.7053040295687303,WALKTRAV_B02,0.6869577806931827,0.01834624887554759,False,8,8,8.0,1,1.0,True,False,True
13,142,disty7,ACTTRAV_C03,0.7079313826194344,WALKTRAV_B02,0.6895851337438869,0.01834624887554759,False,8,7,23.5,11,0.875,True,False,True
13,142,disty8,ACTTRAV_C03,0.7131699779649409,WALKTRAV_B02,0.6948237290893934,0.018346248875547477,False,8,8,11.5,8,1.0,True,False,True
13,142,disty9,ACTTRAV_C03,0.7093689726398273,WALKTRAV_B02,0.6910227237642798,0.01834624887554759,False,8,8,7.0,3,1.0,True,False,True
13,142,limiting_disability,ACTTRAV_C03,0.7120431705443836,WALKTRAV_B02,0.6935738365664331,0.018469333977950475,False,8,0,71.5,46,0.0,False,False,False
13,142,no_disability,ACTTRAV_C03,0.7174310023775384,WALKTRAV_B02,0.6990060275419965,0.018424974835541952,False,8,0,326.0,306,0.0,False,False,False
13,142,non_limiting_disability,ACTTRAV_C03,0.7212458709027404,WALKTRAV_B02,0.7027367545058363,0.018509116396904113,False,8,0,84.5,74,0.0,False,False,False
13,147,disty1,ACTTRAV_C03,0.7022047373305665,WALKTRAV_B02,0.6837956762221457,0.018409061108420888,False,8,2,33.5,25,0.25,False,False,False
13,147,disty10,ACTTRAV_C03,0.7221485487726106,WALKTRAV_B02,0.7038022998970631,0.018346248875547477,False,8,8,4.0,2,1.0,True,False,True
13,147,disty11,ACTTRAV_C03,0.7119557950461802,WALKTRAV_B02,0.6936095461706326,0.01834624887554759,False,7,7,4.0,1,1.0,True,True,True
13,147,disty12,ACTTRAV_C03,0.7138290755902919,WALKTRAV_B02,0.6954828267147443,0.01834624887554759,False,8,8,8.5,4,1.0,True,False,True
13,147,disty13,ACTTRAV_C03,0.7173551085722829,WALKTRAV_B02,0.6990088596967354,0.018346248875547477,False,8,8,4.0,1,1.0,True,False,True
13,147,disty2,ACTTRAV_C03,0.7077528763304329,WALKTRAV_B02,0.6893099979899696,0.01844287834046332,False,8,7,27.5,23,0.875,True,False,True
13,147,disty3,ACTTRAV_C03,0.7009024387925458,WALKTRAV_B02,0.6824717114608057,0.018430727331740115,False,8,2,33.5,24,0.25,False,False,False
13,147,disty4,ACTTRAV_C03,0.6984095036166785,WALKTRAV_B02,0.680063254741131,0.018346248875547477,False,8,8,10.5,8,1.0,True,False,True
13,147,disty5,ACTTRAV_C03,0.7093426066913309,WALKTRAV_B02,0.690939613396021,0.018402993295309922,False,8,4,29.5,17,0.5,True,False,True
13,147,disty6,ACTTRAV_C03,0.7032582908877342,WALKTRAV_B02,0.6849120420121866,0.01834624887554759,False,8,8,4.5,4,1.0,True,False,True
13,147,disty7,ACTTRAV_C03,0.7028688712661748,WALKTRAV_B02,0.6845226223906272,0.01834624887554759,False,8,8,17.0,15,1.0,True,False,True
13,147,disty8,ACTTRAV_C03,0.7078838604272047,WALKTRAV_B02,0.6895376115516573,0.018346248875547477,False,8,8,9.5,6,1.0,True,False,True
13,147,disty9,ACTTRAV_C03,0.7061981379855607,WALKTRAV_B02,0.6878518891100133,0.018346248875547477,False,8,8,8.5,4,1.0,True,False,True
13,147,limiting_disability,ACTTRAV_C03,0.7073248298387315,WALKTRAV_B02,0.6889416582215793,0.018383171617152194,False,8,0,69.5,63,0.0,False,False,False
13,147,no_disability,ACTTRAV_C03,0.7122891609865091,WALKTRAV_B02,0.6938515722498821,0.01843758873662693,False,8,0,324.0,301,0.0,False,False,False
13,147,non_limiting_disability,ACTTRAV_C03,0.7158620129841239,WALKTRAV_B02,0.6971443012324051,0.01871771175171877,False,8,0,80.0,66,0.0,False,False,False
13,160,disty1,ACTTRAV_C03,0.6998158080840663,WALKTRAV_B02,0.6814695592085188,0.018346248875547477,False,8,7,27.0,21,0.875,True,False,True
13,160,disty10,ACTTRAV_C03,0.7182728933079066,WALKTRAV_B02,0.699926644432359,0.01834624887554759,False,8,8,2.0,1,1.0,True,False,True
13,160,disty11,ACTTRAV_C03,0.707105830561357,WALKTRAV_B02,0.6887595816858094,0.01834624887554759,False,7,7,2.0,1,1.0,True,True,True
13,160,disty12,ACTTRAV_C03,0.7114531033956266,WALKTRAV_B02,0.693106854520079,0.01834624887554759,False,8,8,4.5,2,1.0,True,False,True
13,160,disty13,ACTTRAV_C03,0.7154826837226353,WALKTRAV_B02,0.6971364348470878,0.01834624887554759,False,7,7,4.0,2,1.0,True,True,True
13,160,disty2,ACTTRAV_C03,0.7044056184631283,WALKTRAV_B02,0.6860593695875808,0.018346248875547477,False,8,8,21.0,14,1.0,True,False,True
13,160,disty3,ACTTRAV_C03,0.6980849510151598,WALKTRAV_B02,0.6797387021396122,0.01834624887554759,False,8,4,29.5,24,0.5,True,False,True
13,160,disty4,ACTTRAV_C03,0.6948487645583088,WALKTRAV_B02,0.6765025156827612,0.01834624887554759,False,8,8,9.0,4,1.0,True,False,True
13,160,disty5,ACTTRAV_C03,0.7069092072695741,WALKTRAV_B02,0.6885629583940266,0.018346248875547477,False,8,7,25.0,8,0.875,True,False,True
13,160,disty6,ACTTRAV_C03,0.698926011310879,WALKTRAV_B02,0.6805797624353315,0.018346248875547477,False,8,8,5.0,2,1.0,True,False,True
13,160,disty7,ACTTRAV_C03,0.7004754826294189,WALKTRAV_B02,0.6821292337538715,0.018346248875547477,False,8,8,14.0,9,1.0,True,False,True
13,160,disty8,ACTTRAV_C03,0.7064016196470392,WALKTRAV_B02,0.6880553707714917,0.018346248875547477,False,8,8,10.5,3,1.0,True,False,True
13,160,disty9,ACTTRAV_C03,0.7033315058940254,WALKTRAV_B02,0.6849852570184778,0.01834624887554759,False,8,8,8.0,5,1.0,True,False,True
13,160,limiting_disability,ACTTRAV_C03,0.7047595823151372,WALKTRAV_B02,0.6864133334395897,0.01834624887554759,False,8,0,59.0,46,0.0,False,False,False
13,160,no_disability,ACTTRAV_C03,0.7108306490479647,WALKTRAV_B02,0.6924052546348421,0.01842539441312252,False,8,0,339.0,308,0.0,False,False,False
13,160,non_limiting_disability,ACTTRAV_C03,0.714616858410881,WALKTRAV_B02,0.6961893996866778,0.01842745872420315,False,8,0,77.0,62,0.0,False,False,False
13,17,disty1,ACTTRAV_C03,0.6925994273086669,WALKTRAV_B02,0.6742531784331193,0.01834624887554759,False,8,1,43.5,28,0.125,False,False,False
13,17,disty10,ACTTRAV_C03,0.7107345028975028,WALKTRAV_B02,0.6923882540219554,0.018346248875547477,False,7,7,2.0,1,1.0,True,True,True
13,17,disty11,ACTTRAV_C03,0.6999620038088352,WALKTRAV_B02,0.6816157549332877,0.018346248875547477,False,8,8,2.0,1,1.0,True,False,True
13,17,disty12,ACTTRAV_C03,0.7044111855118141,WALKTRAV_B02,0.6860649366362666,0.01834624887554759,False,7,7,8.0,5,1.0,True,True,True
13,17,disty13,ACTTRAV_C03,0.7106817477907396,WALKTRAV_B02,0.692335498915192,0.01834624887554759,False,8,8,6.0,3,1.0,True,False,True
13,17,disty2,ACTTRAV_C03,0.697491560078718,WALKTRAV_B02,0.6791453112031705,0.01834624887554759,False,8,4,29.0,18,0.5,True,False,True
13,17,disty3,ACTTRAV_C03,0.6910719747647665,WALKTRAV_B02,0.672725725889219,0.018346248875547477,False,8,0,51.0,40,0.0,False,False,False
13,17,disty4,ACTTRAV_C03,0.688997104651318,WALKTRAV_B02,0.6706508557757705,0.018346248875547477,False,8,8,10.5,8,1.0,True,False,True
13,17,disty5,ACTTRAV_C03,0.7001168251724261,WALKTRAV_B02,0.6817705762968785,0.01834624887554759,False,8,5,25.0,18,0.625,True,False,True
13,17,disty6,ACTTRAV_C03,0.690729729612774,WALKTRAV_B02,0.6723834807372264,0.01834624887554759,False,8,8,5.5,1,1.0,True,False,True
13,17,disty7,ACTTRAV_C03,0.6931018346294537,WALKTRAV_B02,0.6747555857539063,0.018346248875547477,False,8,7,23.5,12,0.875,True,False,True
13,17,disty8,ACTTRAV_C03,0.6994187832327776,WALKTRAV_B02,0.68107253435723,0.01834624887554759,False,8,8,12.0,7,1.0,True,False,True
13,17,disty9,ACTTRAV_C03,0.6960769119798196,WALKTRAV_B02,0.677730663104272,0.01834624887554759,False,8,8,11.0,7,1.0,True,False,True
13,17,limiting_disability,ACTTRAV_C03,0.6974838723466928,WALKTRAV_B02,0.6791376234711454,0.018346248875547477,False,8,0,78.0,71,0.0,False,False,False
13,17,no_disability,ACTTRAV_C03,0.7029904844583773,WALKTRAV_B02,0.6846007430795805,0.018389741378796787,False,8,0,315.5,291,0.0,False,False,False
13,17,non_limiting_disability,ACTTRAV_C03,0.7072125007548733,WALKTRAV_B02,0.6888662518793258,0.018346248875547477,False,8,0,73.0,63,0.0,False,False,False
13,171,disty1,ACTTRAV_C03,0.6927610235272597,WALKTRAV_B02,0.6744147746517121,0.01834624887554759,False,8,0,38.0,32,0.0,False,False,False
13,171,disty10,ACTTRAV_C03,0.7142358767383705,WALKTRAV_B02,0.6958896278628229,0.01834624887554759,False,8,8,5.0,2,1.0,True,False,True
13,171,disty11,ACTTRAV_C03,0.7027469955996859,WALKTRAV_B02,0.6844007467241384,0.018346248875547477,False,8,8,3.0,1,1.0,True,False,True
13,171,disty12,ACTTRAV_C03,0.7061174961042894,WALKTRAV_B02,0.6877712472287418,0.01834624887554759,False,8,8,6.5,4,1.0,True,False,True
13,171,disty13,ACTTRAV_C03,0.709738134214128,WALKTRAV_B02,0.6913918853385805,0.018346248875547477,False,8,8,5.5,4,1.0,True,False,True
13,171,disty2,ACTTRAV_C03,0.6983511734177357,WALKTRAV_B02,0.6800049245421881,0.01834624887554759,False,8,7,25.0,20,0.875,True,False,True
13,171,disty3,ACTTRAV_C03,0.6927770628723272,WALKTRAV_B02,0.6744308139967797,0.018346248875547477,False,8,1,33.5,26,0.125,False,False,False
13,171,disty4,ACTTRAV_C03,0.6906105537150682,WALKTRAV_B02,0.6722643048395206,0.01834624887554759,False,8,8,7.5,3,1.0,True,False,True
13,171,disty5,ACTTRAV_C03,0.700411265147569,WALKTRAV_B02,0.6820650162720215,0.018346248875547477,False,8,5,25.5,14,0.625,True,False,True
13,171,disty6,ACTTRAV_C03,0.6933923545247805,WALKTRAV_B02,0.6750461056492331,0.018346248875547477,False,8,8,5.5,1,1.0,True,False,True
13,171,disty7,ACTTRAV_C03,0.6948057812939621,WALKTRAV_B02,0.6764595324184146,0.018346248875547477,False,8,8,18.0,12,1.0,True,False,True
13,171,disty8,ACTTRAV_C03,0.7018750081433495,WALKTRAV_B02,0.683528759267802,0.018346248875547477,False,8,8,10.0,6,1.0,True,False,True
13,171,disty9,ACTTRAV_C03,0.6974098171691757,WALKTRAV_B02,0.6790635682936282,0.018346248875547477,False,8,8,10.0,7,1.0,True,False,True
13,171,limiting_disability,ACTTRAV_C03,0.6985754651245951,WALKTRAV_B02,0.6802292162490475,0.01834624887554759,False,8,0,69.5,58,0.0,False,False,False
13,171,no_disability,ACTTRAV_C03,0.7035385521088939,WALKTRAV_B02,0.6850933751260486,0.018445176982845313,False,8,0,329.5,305,0.0,False,False,False
13,171,non_limiting_disability,ACTTRAV_C03,0.7070596065858441,WALKTRAV_B02,0.6886492274329781,0.01841037915286603,False,8,0,55.5,47,0.0,False,False,False
13,196,disty1,ACTTRAV_C03,0.6931956454501188,WALKTRAV_B02,0.6748493965745713,0.018346248875547477,False,8,0,40.0,32,0.0,False,False,False
13,196,disty10,ACTTRAV_C03,0.7159141685412022,WALKTRAV_B02,0.6975679196656547,0.018346248875547477,False,8,8,3.0,1,1.0,True,False,True
13,196,disty11,ACTTRAV_C03,0.7007709323907593,WALKTRAV_B02,0.6824246835152118,0.018346248875547477,False,8,8,2.0,1,1.0,True,False,True
13,196,disty12,ACTTRAV_C03,0.7041950749563155,WALKTRAV_B02,0.6858084272681132,0.018386647688202307,False,8,8,7.5,4,1.0,True,False,True
13,196,disty13,ACTTRAV_C03,0.7089549303578387,WALKTRAV_B02,0.6906086814822913,0.018346248875547477,False,8,8,5.5,3,1.0,True,False,True
13,196,disty2,ACTTRAV_C03,0.6990178776123942,WALKTRAV_B02,0.6806716287368466,0.01834624887554759,False,8,5,28.5,24,0.625,True,False,True
13,196,disty3,ACTTRAV_C03,0.6919724409111447,WALKTRAV_B02,0.6736261920355971,0.01834624887554759,False,8,0,38.0,31,0.0,False,False,False
13,196,disty4,ACTTRAV_C03,0.6890605904839959,WALKTRAV_B02,0.6706307593804431,0.018429831103552785,False,8,8,12.0,3,1.0,True,False,True
13,196,disty5,ACTTRAV_C03,0.6995576804014773,WALKTRAV_B02,0.6811911494261219,0.018366530975355344,False,8,7,21.0,10,0.875,True,False,True
13,196,disty6,ACTTRAV_C03,0.6943455677994405,WALKTRAV_B02,0.675999318923893,0.018346248875547477,False,8,8,7.0,4,1.0,True,False,True
13,196,disty7,ACTTRAV_C03,0.6941894759561493,WALKTRAV_B02,0.6758432270806018,0.018346248875547477,False,8,8,20.0,14,1.0,True,False,True
13,196,disty8,ACTTRAV_C03,0.6999867781355532,WALKTRAV_B02,0.6816405292600057,0.018346248875547477,False,8,8,10.5,6,1.0,True,False,True
13,196,disty9,ACTTRAV_C03,0.6973540255975311,WALKTRAV_B02,0.6790077767219836,0.018346248875547477,False,8,8,11.0,5,1.0,True,False,True
13,196,limiting_disability,ACTTRAV_C03,0.6982309771683205,WALKTRAV_B02,0.67982910153449,0.018401875633830445,False,8,0,74.5,60,0.0,False,False,False
13,196,no_disability,ACTTRAV_C03,0.7036048306772706,WALKTRAV_B02,0.6852031951339027,0.018401635543367934,False,8,0,330.0,301,0.0,False,False,False
13,196,non_limiting_disability,ACTTRAV_C03,0.7076721084552619,WALKTRAV_B02,0.6892411374031665,0.018430971052095346,False,8,0,76.0,63,0.0,False,False,False
13,201,disty1,ACTTRAV_C03,0.7085204111488834,WALKTRAV_B02,0.6901741622733358,0.01834624887554759,False,8,7,23.0,20,0.875,True,False,True
13,201,disty10,ACTTRAV_C03,0.729950994699153,WALKTRAV_B02,0.7116047458236056,0.018346248875547477,False,7,7,3.0,2,1.0,True,True,True
13,201,disty11,ACTTRAV_C03,0.7183140595928882,WALKTRAV_B02,0.6999678107173407,0.018346248875547477,False,7,7,2.0,1,1.0,True,True,True
13,201,disty12,ACTTRAV_C03,0.720690934906976,WALKTRAV_B02,0.7023446860314285,0.018346248875547477,False,8,8,5.5,3,1.0,True,False,True
13,201,disty13,ACTTRAV_C03,0.7252820948955065,WALKTRAV_B02,0.706935846019959,0.01834624887554759,False,8,8,3.5,1,1.0,True,False,True
13,201,disty2,ACTTRAV_C03,0.7132824170262339,WALKTRAV_B02,0.6949361681506863,0.01834624887554759,False,8,8,19.5,14,1.0,True,False,True
13,201,disty3,ACTTRAV_C03,0.7069964059480925,WALKTRAV_B02,0.6886191061545314,0.018377299793561175,False,8,6,27.5,23,0.75,True,False,True
13,201,disty4,ACTTRAV_C03,0.7044845093641604,WALKTRAV_B02,0.6859884337503181,0.018496075613842256,False,8,8,9.0,6,1.0,True,False,True
13,201,disty5,ACTTRAV_C03,0.7163916828136287,WALKTRAV_B02,0.6980454339380812,0.01834624887554759,False,8,8,16.0,8,1.0,True,False,True
13,201,disty6,ACTTRAV_C03,0.7102572803370245,WALKTRAV_B02,0.691911031461477,0.018346248875547477,False,8,8,5.5,2,1.0,True,False,True
13,201,disty7,ACTTRAV_C03,0.7092838208201339,WALKTRAV_B02,0.6909375719445864,0.018346248875547477,False,8,8,12.5,7,1.0,True,False,True
13,201,disty8,ACTTRAV_C03,0.7167799965309126,WALKTRAV_B02,0.6984337476553651,0.018346248875547477,False,8,8,6.5,3,1.0,True,False,True
13,201,disty9,ACTTRAV_C03,0.7116449569734532,WALKTRAV_B02,0.6932987080979057,0.018346248875547477,False,8,8,5.0,2,1.0,True,False,True
13,201,limiting_disability,ACTTRAV_C03,0.7136506110978902,WALKTRAV_B02,0.695241655081163,0.018408956016727207,False,8,0,52.5,42,0.0,False,False,False
13,201,no_disability,ACTTRAV_C03,0.7180744799715032,WALKTRAV_B02,0.6995057246023879,0.018568755369115286,False,8,0,336.0,295,0.0,False,False,False
13,201,non_limiting_disability,ACTTRAV_C03,0.7218563110400885,WALKTRAV_B02,0.703328108326929,0.01852820271315947,False,8,0,84.0,68,0.0,False,False,False
13,241,disty1,ACTTRAV_C03,0.704967114681106,WALKTRAV_B02,0.6864947906939125,0.01847232398719345,False,8,3,31.0,24,0.375,False,False,False
13,241,disty10,ACTTRAV_C03,0.7273435853653194,WALKTRAV_B02,0.7089973364897718,0.01834624887554759,False,8,8,4.0,3,1.0,True,False,True
13,241,disty11,ACTTRAV_C03,0.7158217961774309,WALKTRAV_B02,0.6974755473018834,0.018346248875547477,False,6,6,3.0,2,1.0,True,True,True
13,241,disty12,ACTTRAV_C03,0.7175358143260125,WALKTRAV_B02,0.6991895654504651,0.018346248875547477,False,8,8,8.5,4,1.0,True,False,True
13,241,disty13,ACTTRAV_C03,0.7216474958436053,WALKTRAV_B02,0.7033012469680577,0.01834624887554759,False,8,8,5.0,2,1.0,True,False,True
13,241,disty2,ACTTRAV_C03,0.7104786981952961,WALKTRAV_B02,0.6921324493197486,0.018346248875547477,False,8,6,22.0,14,0.75,True,False,True
13,241,disty3,ACTTRAV_C03,0.7040355697116086,WALKTRAV_B02,0.685689320836061,0.01834624887554759,False,8,2,31.0,24,0.25,False,False,False
13,241,disty4,ACTTRAV_C03,0.7030214108979408,WALKTRAV_B02,0.6846751620223932,0.01834624887554759,False,8,8,8.0,5,1.0,True,False,True
13,241,disty5,ACTTRAV_C03,0.7133595996149772,WALKTRAV_B02,0.6943683061439627,0.01899129347101447,False,8,5,24.5,16,0.625,True,False,True
13,241,disty6,ACTTRAV_C03,0.7077743313285781,WALKTRAV_B02,0.6894280824530306,0.01834624887554759,False,8,8,5.0,3,1.0,True,False,True
13,241,disty7,ACTTRAV_C03,0.7067449308515487,WALKTRAV_B02,0.6881806931856332,0.018564237665915417,False,8,8,16.5,14,1.0,True,False,True
13,241,disty8,ACTTRAV_C03,0.7131234808552334,WALKTRAV_B02,0.6947772319796859,0.018346248875547477,False,8,8,10.0,6,1.0,True,False,True
13,241,disty9,ACTTRAV_C03,0.7115268487690896,WALKTRAV_B02,0.6931805998935421,0.018346248875547477,False,8,8,6.0,5,1.0,True,False,True
13,241,limiting_disability,ACTTRAV_C03,0.7104908194449705,WALKTRAV_B02,0.6918167995629015,0.01867401988206896,False,8,0,61.0,50,0.0,False,False,False
13,241,no_disability,ACTTRAV_C03,0.7158329743873786,WALKTRAV_B02,0.6972976564547114,0.01853531793266716,False,8,0,342.0,312,0.0,False,False,False
13,241,non_limiting_disability,ACTTRAV_C03,0.7200846310272249,WALKTRAV_B02,0.7016491620150876,0.018435469012137218,False,8,0,75.0,54,0.0,False,False,False
13,255,disty1,ACTTRAV_C03,0.695372005046507,WALKTRAV_B02,0.6769084367557199,0.018463568290787102,False,8,0,39.5,31,0.0,False,False,False
13,255,disty10,ACTTRAV_C03,0.7136365569732546,WALKTRAV_B02,0.695290308097707,0.01834624887554759,False,8,8,3.0,2,1.0,True,False,True
13,255,disty11,ACTTRAV_C03,0.7041083228004389,WALKTRAV_B02,0.6857620739248913,0.01834624887554759,False,6,6,3.0,1,1.0,True,True,True
13,255,disty12,ACTTRAV_C03,0.7079249383634904,WALKTRAV_B02,0.689442089621927,0.018482848741563362,False,8,8,5.5,2,1.0,True,False,True
13,255,disty13,ACTTRAV_C03,0.7125346226164869,WALKTRAV_B02,0.6941883737409393,0.01834624887554759,False,8,8,5.0,2,1.0,True,False,True
13,255,disty2,ACTTRAV_C03,0.7004224995508795,WALKTRAV_B02,0.682076250675332,0.01834624887554759,False,8,6,27.0,23,0.75,True,False,True
13,255,disty3,ACTTRAV_C03,0.6932272678877635,WALKTRAV_B02,0.6748428184939822,0.018384449393781255,False,8,0,43.0,33,0.0,False,False,False
13,255,disty4,ACTTRAV_C03,0.6905674976143167,WALKTRAV_B02,0.6722212487387692,0.018346248875547477,False,8,8,13.0,7,1.0,True,False,True
13,255,disty5,ACTTRAV_C03,0.702693912696277,WALKTRAV_B02,0.6842955287211882,0.01839838397508886,False,8,6,23.5,15,0.75,True,False,True
13,255,disty6,ACTTRAV_C03,0.6954203709911904,WALKTRAV_B02,0.6770741221156428,0.01834624887554759,False,8,8,6.5,2,1.0,True,False,True
13,255,disty7,ACTTRAV_C03,0.6956985384017481,WALKTRAV_B02,0.6772906101486881,0.018407928253060035,False,8,7,25.0,19,0.875,True,False,True
13,255,disty8,ACTTRAV_C03,0.702160012056096,WALKTRAV_B02,0.6837331782555236,0.018426833800572417,False,8,8,12.0,7,1.0,True,False,True
13,255,disty9,ACTTRAV_C03,0.7003313950075931,WALKTRAV_B02,0.6819851461320455,0.01834624887554759,False,8,8,11.5,9,1.0,True,False,True
13,255,limiting_disability,ACTTRAV_C03,0.6997898318501578,WALKTRAV_B02,0.6813664851525888,0.018423346697568954,False,8,0,76.0,59,0.0,False,False,False
13,255,no_disability,ACTTRAV_C03,0.7050677966818791,WALKTRAV_B02,0.686690419924613,0.01837737675726614,False,8,0,328.0,273,0.0,False,False,False
13,255,non_limiting_disability,ACTTRAV_C03,0.7090038361375991,WALKTRAV_B02,0.6906165831403159,0.018387252997283166,False,8,0,78.0,59,0.0,False,False,False
13,272,disty1,ACTTRAV_C03,0.7005929047292884,WALKTRAV_B02,0.6822466558537408,0.01834624887554759,False,8,5,27.0,23,0.625,True,False,True
13,272,disty10,ACTTRAV_C03,0.7206634427674529,WALKTRAV_B02,0.7023171938919054,0.018346248875547477,False,8,8,3.5,2,1.0,True,False,True
13,272,disty11,ACTTRAV_C03,0.7099786958372223,WALKTRAV_B02,0.6916324469616748,0.018346248875547477,False,6,6,1.5,1,1.0,True,True,True
13,272,disty12,ACTTRAV_C03,0.7119266970812527,WALKTRAV_B02,0.6935804482057051,0.01834624887554759,False,8,8,9.0,1,1.0,True,False,True
13,272,disty13,ACTTRAV_C03,0.7150153139418747,WALKTRAV_B02,0.6966690650663271,0.01834624887554759,False,8,8,5.0,3,1.0,True,False,True
13,272,disty2,ACTTRAV_C03,0.7058675886575194,WALKTRAV_B02,0.6875213397819719,0.018346248875547477,False,8,8,21.5,18,1.0,True,False,True
13,272,disty3,ACTTRAV_C03,0.699005919836924,WALKTRAV_B02,0.6805252208618299,0.01848069897509408,False,8,8,23.0,17,1.0,True,False,True
13,272,disty4,ACTTRAV_C03,0.6975058389733295,WALKTRAV_B02,0.6791595900977819,0.01834624887554759,False,8,8,4.5,3,1.0,True,False,True
13,272,disty5,ACTTRAV_C03,0.7074355107040348,WALKTRAV_B02,0.6890241389297335,0.0184113717743013,False,8,6,24.5,16,0.75,True,False,True
13,272,disty6,ACTTRAV_C03,0.7014478155930354,WALKTRAV_B02,0.6831015667174878,0.01834624887554759,False,8,8,5.5,3,1.0,True,False,True
13,272,disty7,ACTTRAV_C03,0.7012115547479091,WALKTRAV_B02,0.6828653058723616,0.018346248875547477,False,8,8,15.0,11,1.0,True,False,True
13,272,disty8,ACTTRAV_C03,0.7071924164090403,WALKTRAV_B02,0.6888461675334927,0.01834624887554759,False,8,8,7.5,4,1.0,True,False,True
13,272,disty9,ACTTRAV_C03,0.7045858508647801,WALKTRAV_B02,0.6862396019892326,0.018346248875547477,False,8,8,5.0,2,1.0,True,False,True
13,272,limiting_disability,ACTTRAV_C03,0.7056658462250966,WALKTRAV_B02,0.6872579643719653,0.018407881853131358,False,8,0,56.5,43,0.0,False,False,False
13,272,no_disability,ACTTRAV_C03,0.7114838862965722,WALKTRAV_B02,0.6930177201429297,0.018466166153642494,False,8,0,356.5,311,0.0,False,False,False
13,272,non_limiting_disability,ACTTRAV_C03,0.7155578778938411,WALKTRAV_B02,0.6968724049773265,0.018685472916514567,False,8,0,58.0,41,0.0,False,False,False
13,279,disty1,ACTTRAV_C03,0.6990519610851983,WALKTRAV_B02,0.6806509038426591,0.018401057242539154,False,8,1,38.0,24,0.125,False,False,False
13,279,disty10,ACTTRAV_C03,0.7203946779467268,WALKTRAV_B02,0.7020484290711793,0.01834624887554759,False,8,8,3.0,2,1.0,True,False,True
13,279,disty11,ACTTRAV_C03,0.708756676223346,WALKTRAV_B02,0.6904104273477986,0.018346248875547477,False,8,8,2.0,1,1.0,True,False,True
13,279,disty12,ACTTRAV_C03,0.7103430521531926,WALKTRAV_B02,0.691996803277645,0.01834624887554759,False,8,8,5.5,3,1.0,True,False,True
13,279,disty13,ACTTRAV_C03,0.7158650677226666,WALKTRAV_B02,0.6957969288652159,0.020068138857450624,False,8,8,3.5,1,1.0,True,False,True
13,279,disty2,ACTTRAV_C03,0.7038048450746232,WALKTRAV_B02,0.685393339393495,0.01841150568112815,False,8,7,27.0,19,0.875,True,False,True
13,279,disty3,ACTTRAV_C03,0.6979101623826695,WALKTRAV_B02,0.679563913507122,0.018346248875547477,False,8,1,40.0,22,0.125,False,False,False
13,279,disty4,ACTTRAV_C03,0.6962325738373963,WALKTRAV_B02,0.6778863249618489,0.018346248875547477,False,8,8,8.5,2,1.0,True,False,True
13,279,disty5,ACTTRAV_C03,0.705198340799224,WALKTRAV_B02,0.6867789191155539,0.018419421683670167,False,8,7,24.0,11,0.875,True,False,True
13,279,disty6,ACTTRAV_C03,0.7009611050857563,WALKTRAV_B02,0.6826148562102087,0.01834624887554759,False,8,8,4.5,1,1.0,True,False,True
13,279,disty7,ACTTRAV_C03,0.7011835320891099,WALKTRAV_B02,0.6828372832135624,0.018346248875547477,False,8,8,19.0,16,1.0,True,False,True
13,279,disty8,ACTTRAV_C03,0.7055862965924261,WALKTRAV_B02,0.6872400477168786,0.018346248875547477,False,8,8,7.0,6,1.0,True,False,True
13,279,disty9,ACTTRAV_C03,0.7026243771673365,WALKTRAV_B02,0.684278128291789,0.018346248875547477,False,8,8,7.5,4,1.0,True,False,True
13,279,limiting_disability,ACTTRAV_C03,0.7035971641894182,WALKTRAV_B02,0.6851706092136133,0.01842655497580492,False,8,0,65.5,50,0.0,False,False,False
13,279,no_disability,ACTTRAV_C03,0.7086347500154166,WALKTRAV_B02,0.690157780382778,0.018476969632638673,False,8,0,333.5,308,0.0,False,False,False
13,279,non_limiting_disability,ACTTRAV_C03,0.7136394108085257,WALKTRAV_B02,0.6950618536033809,0.018577557205144757,False,8,0,71.5,60,0.0,False,False,False
13,280,disty1,ACTTRAV_C03,0.7139236180422613,WALKTRAV_B02,0.6955773691667139,0.018346248875547477,False,8,8,21.5,13,1.0,True,False,True
13,280,disty10,ACTTRAV_C03,0.7334095419276544,WALKTRAV_B02,0.7150632930521069,0.018346248875547477,False,8,8,3.0,1,1.0,True,False,True
13,280,disty11,ACTTRAV_C03,0.7202094419757833,WALKTRAV_B02,0.7018631931002358,0.018346248875547477,False,5,5,2.0,1,1.0,True,True,True
13,280,disty12,ACTTRAV_C03,0.725470511282627,WALKTRAV_B02,0.7071242624070794,0.01834624887554759,False,8,8,4.5,1,1.0,True,False,True
13,280,disty13,ACTTRAV_C03,0.7307370064488146,WALKTRAV_B02,0.712390757573267,0.01834624887554759,False,8,8,3.5,1,1.0,True,False,True
13,280,disty2,ACTTRAV_C03,0.7193495527438138,WALKTRAV_B02,0.7010033038682663,0.01834624887554759,False,8,8,18.0,12,1.0,True,False,True
13,280,disty3,ACTTRAV_C03,0.7122213233825291,WALKTRAV_B02,0.6938750745069816,0.018346248875547477,False,8,6,23.0,18,0.75,True,False,True
13,280,disty4,ACTTRAV_C03,0.7084273663346988,WALKTRAV_B02,0.6900811174591513,0.018346248875547477,False,8,8,5.5,2,1.0,True,False,True
13,280,disty5,ACTTRAV_C03,0.7212459511222131,WALKTRAV_B02,0.7028997022466656,0.018346248875547477,False,8,6,17.5,8,0.75,True,False,True
13,280,disty6,ACTTRAV_C03,0.7157179447067451,WALKTRAV_B02,0.6973716958311976,0.018346248875547477,False,8,8,3.0,1,1.0,True,False,True
13,280,disty7,ACTTRAV_C03,0.7156372224157386,WALKTRAV_B02,0.697290973540191,0.01834624887554759,False,8,8,14.5,9,1.0,True,False,True
13,280,disty8,ACTTRAV_C03,0.7203609904596752,WALKTRAV_B02,0.7020147415841277,0.018346248875547477,False,8,8,6.0,4,1.0,True,False,True
13,280,disty9,ACTTRAV_C03,0.719524282166322,WALKTRAV_B02,0.7011780332907745,0.018346248875547477,False,8,8,5.5,3,1.0,True,False,True
13,280,limiting_disability,ACTTRAV_C03,0.7191617895615953,WALKTRAV_B02,0.7008155406860477,0.01834624887554759,False,8,0,47.5,38,0.0,False,False,False
13,280,no_disability,ACTTRAV_C03,0.723915642099064,WALKTRAV_B02,0.705087659740772,0.018827982358291973,False,8,0,346.0,329,0.0,False,False,False
13,280,non_limiting_disability,ACTTRAV_C03,0.727649319028551,WALKTRAV_B02,0.7092705383476822,0.018378780680868845,False,8,0,70.0,59,0.0,False,False,False
13,293,disty1,ACTTRAV_C03,0.6997715572800133,WALKTRAV_B02,0.6814253084044658,0.018346248875547477,False,8,2,34.0,27,0.25,False,False,False
13,293,disty10,ACTTRAV_C03,0.7196447603467978,WALKTRAV_B02,0.7012985114712503,0.018346248875547477,False,8,8,5.5,2,1.0,True,False,True
13,293,disty11,ACTTRAV_C03,0.7112525167038716,WALKTRAV_B02,0.6929062678283241,0.018346248875547477,False,7,7,3.0,1,1.0,True,True,True
13,293,disty12,ACTTRAV_C03,0.7112321124660426,WALKTRAV_B02,0.6928858635904951,0.018346248875547477,False,8,8,10.0,6,1.0,True,False,True
13,293,disty13,ACTTRAV_C03,0.716267490743062,WALKTRAV_B02,0.6979212418675144,0.01834624887554759,False,8,8,3.5,1,1.0,True,False,True
13,293,disty2,ACTTRAV_C03,0.7045486653619224,WALKTRAV_B02,0.6862024164863749,0.018346248875547477,False,8,5,26.0,23,0.625,True,False,True
13,293,disty3,ACTTRAV_C03,0.6985031922796535,WALKTRAV_B02,0.6801569434041059,0.01834624887554759,False,8,1,37.5,25,0.125,False,False,False
13,293,disty4,ACTTRAV_C03,0.6955787706472194,WALKTRAV_B02,0.6772325217716718,0.01834624887554759,False,8,8,13.5,9,1.0,True,False,True
13,293,disty5,ACTTRAV_C03,0.7068867518827252,WALKTRAV_B02,0.6885405030071776,0.01834624887554759,False,8,6,24.0,13,0.75,True,False,True
13,293,disty6,ACTTRAV_C03,0.6989278147283676,WALKTRAV_B02,0.68058156585282,0.01834624887554759,False,8,8,8.0,5,1.0,True,False,True
13,293,disty7,ACTTRAV_C03,0.7009307491403192,WALKTRAV_B02,0.6825845002647716,0.01834624887554759,False,8,8,16.0,11,1.0,True,False,True
13,293,disty8,ACTTRAV_C03,0.7065881643182034,WALKTRAV_B02,0.6882419154426559,0.018346248875547477,False,8,8,13.0,5,1.0,True,False,True
13,293,disty9,ACTTRAV_C03,0.7044456123605616,WALKTRAV_B02,0.6860993634850141,0.018346248875547477,False,8,8,10.0,4,1.0,True,False,True
13,293,limiting_disability,ACTTRAV_C03,0.7049705498864669,WALKTRAV_B02,0.6866243010109194,0.018346248875547477,False,8,0,69.5,47,0.0,False,False,False
13,293,no_disability,ACTTRAV_C03,0.7106461819001512,WALKTRAV_B02,0.692161102509191,0.018485079390960113,False,8,0,325.5,289,0.0,False,False,False
13,293,non_limiting_disability,ACTTRAV_C03,0.7144498473470396,WALKTRAV_B02,0.6959426428425856,0.01850720450445409,False,8,0,75.0,57,0.0,False,False,False
13,30,disty1,ACTTRAV_C03,0.6926372900012672,WALKTRAV_B02,0.6742687786862565,0.018368511315010716,False,8,1,36.5,27,0.125,False,False,False
13,30,disty10,ACTTRAV_C03,0.713980525864636,WALKTRAV_B02,0.6956342769890884,0.01834624887554759,False,7,7,5.0,2,1.0,True,True,True
13,30,disty11,ACTTRAV_C03,0.7036003646981616,WALKTRAV_B02,0.685254115822614,0.01834624887554759,False,7,7,4.0,2,1.0,True,True,True
13,30,disty12,ACTTRAV_C03,0.7061299517913358,WALKTRAV_B02,0.6877837029157883,0.018346248875547477,False,8,8,8.5,4,1.0,True,False,True
13,30,disty13,ACTTRAV_C03,0.7090801167154167,WALKTRAV_B02,0.6907338678398692,0.018346248875547477,False,8,8,6.0,3,1.0,True,False,True
13,30,disty2,ACTTRAV_C03,0.6978162501761968,WALKTRAV_B02,0.6794700013006492,0.01834624887554759,False,8,3,30.5,25,0.375,False,False,False
13,30,disty3,ACTTRAV_C03,0.6921297021144408,WALKTRAV_B02,0.6737834532388932,0.01834624887554759,False,8,2,37.5,28,0.25,False,False,False
13,30,disty4,ACTTRAV_C03,0.6902048517362399,WALKTRAV_B02,0.6718586028606923,0.01834624887554759,False,8,8,9.5,5,1.0,True,False,True
13,30,disty5,ACTTRAV_C03,0.7008897379989224,WALKTRAV_B02,0.682529996560978,0.018359741437944388,False,8,5,19.0,13,0.625,True,False,True
13,30,disty6,ACTTRAV_C03,0.6934466551076194,WALKTRAV_B02,0.6751004062320718,0.01834624887554759,False,8,8,6.5,3,1.0,True,False,True
13,30,disty7,ACTTRAV_C03,0.6948377511079206,WALKTRAV_B02,0.6764915022323731,0.018346248875547477,False,8,8,19.5,14,1.0,True,False,True
13,30,disty8,ACTTRAV_C03,0.7008694348218746,WALKTRAV_B02,0.682523185946327,0.01834624887554759,False,8,8,13.5,7,1.0,True,False,True
13,30,disty9,ACTTRAV_C03,0.6986032458452668,WALKTRAV_B02,0.6802569969697192,0.01834624887554759,False,8,8,10.0,6,1.0,True,False,True
13,30,limiting_disability,ACTTRAV_C03,0.6985965237124462,WALKTRAV_B02,0.6802437642215746,0.018352759490871562,False,8,0,64.0,52,0.0,False,False,False
13,30,no_disability,ACTTRAV_C03,0.7034349301356656,WALKTRAV_B02,0.6849811115912099,0.018453818544455713,False,8,0,331.5,320,0.0,False,False,False
13,30,non_limiting_disability,ACTTRAV_C03,0.7077093061516266,WALKTRAV_B02,0.6892037399838941,0.01850556616773258,False,8,0,62.5,52,0.0,False,False,False
13,35,disty1,ACTTRAV_C03,0.6978990767298389,WALKTRAV_B02,0.6795528278542914,0.018346248875547477,False,8,2,36.5,28,0.25,False,False,False
13,35,disty10,ACTTRAV_C03,0.7185583796220096,WALKTRAV_B02,0.700212130746462,0.01834624887554759,False,8,8,3.0,1,1.0,True,False,True
13,35,disty11,ACTTRAV_C03,0.708619072854571,WALKTRAV_B02,0.6902728239790235,0.01834624887554759,False,7,7,3.0,1,1.0,True,True,True
13,35,disty12,ACTTRAV_C03,0.7111458290397064,WALKTRAV_B02,0.6927995801641588,0.01834624887554759,False,8,8,6.5,2,1.0,True,False,True
13,35,disty13,ACTTRAV_C03,0.7128580834438983,WALKTRAV_B02,0.6945118345683509,0.018346248875547477,False,8,8,5.0,2,1.0,True,False,True
13,35,disty2,ACTTRAV_C03,0.7018178568298638,WALKTRAV_B02,0.6833155915706928,0.01850226525917098,False,8,8,21.0,18,1.0,True,False,True
13,35,disty3,ACTTRAV_C03,0.6970540587173668,WALKTRAV_B02,0.6787078098418193,0.018346248875547477,False,8,0,40.5,35,0.0,False,False,False
13,35,disty4,ACTTRAV_C03,0.6937958694160906,WALKTRAV_B02,0.675449620540543,0.01834624887554759,False,8,8,12.0,10,1.0,True,False,True
13,35,disty5,ACTTRAV_C03,0.7060132518971617,WALKTRAV_B02,0.6876670030216142,0.018346248875547477,False,8,7,22.5,10,0.875,True,False,True
13,35,disty6,ACTTRAV_C03,0.6988035182940971,WALKTRAV_B02,0.6804572694185497,0.018346248875547477,False,8,8,4.0,3,1.0,True,False,True
13,35,disty7,ACTTRAV_C03,0.6994812910295586,WALKTRAV_B02,0.6811350421540111,0.018346248875547477,False,8,8,16.5,11,1.0,True,False,True
13,35,disty8,ACTTRAV_C03,0.7058922483134552,WALKTRAV_B02,0.6875459994379077,0.018346248875547477,False,8,8,10.5,7,1.0,True,False,True
13,35,disty9,ACTTRAV_C03,0.7026812056581154,WALKTRAV_B02,0.6843349567825678,0.01834624887554759,False,8,8,9.5,5,1.0,True,False,True
13,35,limiting_disability,ACTTRAV_C03,0.7034197639109556,WALKTRAV_B02,0.6850325885828941,0.018387175328061556,False,8,0,67.0,56,0.0,False,False,False
13,35,no_disability,ACTTRAV_C03,0.7088502311469519,WALKTRAV_B02,0.6904215224293988,0.01842870871755309,False,8,0,300.5,290,0.0,False,False,False
13,35,non_limiting_disability,ACTTRAV_C03,0.7125578510676013,WALKTRAV_B02,0.6941968375888374,0.018361013478763843,False,8,0,81.5,77,0.0,False,False,False
13,44,disty1,ACTTRAV_C03,0.7028300038505608,WALKTRAV_B02,0.6844112673737337,0.018418736476827124,False,8,3,31.0,26,0.375,False,False,False
13,44,disty10,ACTTRAV_C03,0.7220954616519123,WALKTRAV_B02,0.7037492127763648,0.018346248875547477,False,8,8,4.5,3,1.0,True,False,True
13,44,disty11,ACTTRAV_C03,0.7098024925684866,WALKTRAV_B02,0.691456243692939,0.01834624887554759,False,8,8,3.0,2,1.0,True,False,True
13,44,disty12,ACTTRAV_C03,0.7136481892740648,WALKTRAV_B02,0.6952428014805602,0.018405387793504646,False,8,8,8.0,3,1.0,True,False,True
13,44,disty13,ACTTRAV_C03,0.7188024020622484,WALKTRAV_B02,0.7003847676951918,0.01841763436705668,False,8,8,5.5,2,1.0,True,False,True
13,44,disty2,ACTTRAV_C03,0.7079353217050002,WALKTRAV_B02,0.6895890728294527,0.018346248875547477,False,8,3,30.5,24,0.375,False,False,False
13,44,disty3,ACTTRAV_C03,0.7017258647387942,WALKTRAV_B02,0.683302258548522,0.018423606190272168,False,8,0,41.0,31,0.0,False,False,False
13,44,disty4,ACTTRAV_C03,0.6991835119274129,WALKTRAV_B02,0.6808372630518653,0.01834624887554759,False,8,8,12.0,7,1.0,True,False,True
13,44,disty5,ACTTRAV_C03,0.7095292416511937,WALKTRAV_B02,0.691144174266706,0.01838506738448764,False,8,3,32.5,21,0.375,False,False,False
13,44,disty6,ACTTRAV_C03,0.7010534126246292,WALKTRAV_B02,0.6827071637490817,0.018346248875547477,False,8,8,8.5,6,1.0,True,False,True
13,44,disty7,ACTTRAV_C03,0.7028437176857221,WALKTRAV_B02,0.6844974688101745,0.01834624887554759,False,8,8,19.5,13,1.0,True,False,True
13,44,disty8,ACTTRAV_C03,0.709180875799568,WALKTRAV_B02,0.6908346269240204,0.01834624887554759,False,8,8,15.0,7,1.0,True,False,True
13,44,disty9,ACTTRAV_C03,0.7064645436874161,WALKTRAV_B02,0.6881182948118686,0.018346248875547477,False,8,8,10.5,8,1.0,True,False,True
13,44,limiting_disability,ACTTRAV_C03,0.7079505109659274,WALKTRAV_B02,0.6895505696648887,0.018399941301038725,False,8,0,72.5,59,0.0,False,False,False
13,44,no_disability,ACTTRAV_C03,0.7130390385456128,WALKTRAV_B02,0.6945914724252816,0.01844756612033116,False,8,0,315.5,287,0.0,False,False,False
13,44,non_limiting_disability,ACTTRAV_C03,0.716975040761752,WALKTRAV_B02,0.6984308035832377,0.018544237178514278,False,8,0,76.5,58,0.0,False,False,False
13,68,disty1,ACTTRAV_C03,0.6951747896309041,WALKTRAV_B02,0.6768285407553565,0.01834624887554759,False,8,1,37.5,24,0.125,False,False,False
13,68,disty10,ACTTRAV_C03,0.7149283626476691,WALKTRAV_B02,0.6965184768919078,0.0184098857557613,False,8,8,3.0,1,1.0,True,False,True
13,68,disty11,ACTTRAV_C03,0.7044024698131741,WALKTRAV_B02,0.6860562209376265,0.01834624887554759,False,8,8,2.5,1,1.0,True,False,True
13,68,disty12,ACTTRAV_C03,0.7063353146560308,WALKTRAV_B02,0.6879700571444679,0.018365257511562927,False,8,8,7.0,3,1.0,True,False,True
13,68,disty13,ACTTRAV_C03,0.7113018787279325,WALKTRAV_B02,0.692955629852385,0.018346248875547477,False,8,8,4.5,2,1.0,True,False,True
13,68,disty2,ACTTRAV_C03,0.7005064058964435,WALKTRAV_B02,0.6821601570208959,0.01834624887554759,False,8,7,24.5,18,0.875,True,False,True
13,68,disty3,ACTTRAV_C03,0.6937854170289847,WALKTRAV_B02,0.6754391681534372,0.018346248875547477,False,8,1,37.0,29,0.125,False,False,False
13,68,disty4,ACTTRAV_C03,0.6898754218672843,WALKTRAV_B02,0.6715291729917369,0.018346248875547477,False,8,8,12.0,7,1.0,True,False,True
13,68,disty5,ACTTRAV_C03,0.7017902146972884,WALKTRAV_B02,0.6834376534960246,0.01835256120126383,False,8,6,23.0,14,0.75,True,False,True
13,68,disty6,ACTTRAV_C03,0.6946461097378088,WALKTRAV_B02,0.6762998608622612,0.01834624887554759,False,8,8,6.0,4,1.0,True,False,True
13,68,disty7,ACTTRAV_C03,0.6953286932918249,WALKTRAV_B02,0.6769824444162774,0.018346248875547477,False,8,8,18.0,14,1.0,True,False,True
13,68,disty8,ACTTRAV_C03,0.702260881957219,WALKTRAV_B02,0.6838983320789812,0.01836254987823782,False,8,8,12.0,6,1.0,True,False,True
13,68,disty9,ACTTRAV_C03,0.6987988935131436,WALKTRAV_B02,0.6804526446375961,0.018346248875547477,False,8,8,8.0,4,1.0,True,False,True
13,68,limiting_disability,ACTTRAV_C03,0.7002069337037115,WALKTRAV_B02,0.6818578605546032,0.018349073149108275,False,8,0,70.0,57,0.0,False,False,False
13,68,no_disability,ACTTRAV_C03,0.7052516673258903,WALKTRAV_B02,0.6868731638684994,0.018378503457390893,False,8,0,323.0,288,0.0,False,False,False
13,68,non_limiting_disability,ACTTRAV_C03,0.7096148948599662,WALKTRAV_B02,0.6912686459844187,0.018346248875547477,False,8,0,72.0,57,0.0,False,False,False
13,78,disty1,ACTTRAV_C03,0.6979340145314697,WALKTRAV_B02,0.6795038049603823,0.01843020957108743,False,8,4,31.0,25,0.5,True,False,True
13,78,disty10,ACTTRAV_C03,0.7191582617579645,WALKTRAV_B02,0.700812012882417,0.018346248875547477,False,7,7,3.0,1,1.0,True,True,True
13,78,disty11,ACTTRAV_C03,0.7080443532330284,WALKTRAV_B02,0.6896981043574808,0.01834624887554759,False,6,6,2.0,1,1.0,True,True,True
13,78,disty12,ACTTRAV_C03,0.7090984064247874,WALKTRAV_B02,0.6907521575492398,0.01834624887554759,False,8,8,6.0,3,1.0,True,False,True
13,78,disty13,ACTTRAV_C03,0.7149205828710855,WALKTRAV_B02,0.6965743339955379,0.01834624887554759,False,8,8,5.5,2,1.0,True,False,True
13,78,disty2,ACTTRAV_C03,0.7034889237501661,WALKTRAV_B02,0.6851426748746187,0.018346248875547477,False,8,7,23.0,14,0.875,True,False,True
13,78,disty3,ACTTRAV_C03,0.6963264678675547,WALKTRAV_B02,0.6778576432694293,0.018468824598125377,False,8,3,31.0,19,0.375,False,False,False
13,78,disty4,ACTTRAV_C03,0.6950716460619158,WALKTRAV_B02,0.6767253971863684,0.018346248875547477,False,8,8,6.5,2,1.0,True,False,True
13,78,disty5,ACTTRAV_C03,0.705106576350638,WALKTRAV_B02,0.686683657624434,0.01842291872620405,False,8,8,20.0,11,1.0,True,False,True
13,78,disty6,ACTTRAV_C03,0.6997782656719882,WALKTRAV_B02,0.6814320167964407,0.018346248875547477,False,8,8,5.0,2,1.0,True,False,True
13,78,disty7,ACTTRAV_C03,0.6984843251081552,WALKTRAV_B02,0.6801380762326077,0.018346248875547477,False,8,8,17.0,14,1.0,True,False,True
13,78,disty8,ACTTRAV_C03,0.7043256384455432,WALKTRAV_B02,0.6859793895699956,0.01834624887554759,False,8,8,7.5,4,1.0,True,False,True
13,78,disty9,ACTTRAV_C03,0.7019367932985701,WALKTRAV_B02,0.6835905444230225,0.01834624887554759,False,8,8,9.0,5,1.0,True,False,True
13,78,limiting_disability,ACTTRAV_C03,0.7031204064302571,WALKTRAV_B02,0.6847088148395373,0.01841159159071981,False,8,0,62.0,45,0.0,False,False,False
13,78,no_disability,ACTTRAV_C03,0.7077793169846341,WALKTRAV_B02,0.6892770247795349,0.018502292205099247,False,8,0,327.0,317,0.0,False,False,False
13,78,non_limiting_disability,ACTTRAV_C03,0.7123707615451916,WALKTRAV_B02,0.6939292742285782,0.018441487316613436,False,8,0,75.5,60,0.0,False,False,False
13,8,disty1,ACTTRAV_C03,0.6909560856411586,WALKTRAV_B02,0.672609836765611,0.01834624887554759,False,8,0,47.0,42,0.0,False,False,False
13,8,disty10,ACTTRAV_C03,0.7112367149686388,WALKTRAV_B02,0.6928904660930912,0.01834624887554759,False,7,7,8.0,3,1.0,True,True,True
13,8,disty11,ACTTRAV_C03,0.7005816833076646,WALKTRAV_B02,0.682235434432117,0.01834624887554759,False,8,8,4.0,1,1.0,True,False,True
13,8,disty12,ACTTRAV_C03,0.7019725759428244,WALKTRAV_B02,0.6836263270672768,0.01834624887554759,False,8,8,13.0,3,1.0,True,False,True
13,8,disty13,ACTTRAV_C03,0.7060776204269057,WALKTRAV_B02,0.6877313715513581,0.01834624887554759,False,8,8,6.0,4,1.0,True,False,True
13,8,disty2,ACTTRAV_C03,0.695647271654851,WALKTRAV_B02,0.6773010227793035,0.018346248875547477,False,8,4,30.0,23,0.5,True,False,True
13,8,disty3,ACTTRAV_C03,0.6898155206237221,WALKTRAV_B02,0.6714692717481746,0.018346248875547477,False,8,0,47.5,36,0.0,False,False,False
13,8,disty4,ACTTRAV_C03,0.6879780762786446,WALKTRAV_B02,0.6696318274030971,0.018346248875547477,False,8,8,10.5,4,1.0,True,False,True
13,8,disty5,ACTTRAV_C03,0.6976767187256113,WALKTRAV_B02,0.6793304698500638,0.018346248875547477,False,8,3,38.0,21,0.375,False,False,False
13,8,disty6,ACTTRAV_C03,0.6914928273168706,WALKTRAV_B02,0.673146578441323,0.01834624887554759,False,8,8,10.0,5,1.0,True,False,True
13,8,disty7,ACTTRAV_C03,0.6919609045760552,WALKTRAV_B02,0.6736146557005076,0.01834624887554759,False,8,4,31.0,18,0.5,True,False,True
13,8,disty8,ACTTRAV_C03,0.6965748434463324,WALKTRAV_B02,0.6782285945707848,0.01834624887554759,False,8,8,14.0,7,1.0,True,False,True
13,8,disty9,ACTTRAV_C03,0.6952017664104501,WALKTRAV_B02,0.6768555175349026,0.018346248875547477,False,8,8,13.5,5,1.0,True,False,True
13,8,limiting_disability,ACTTRAV_C03,0.6958838380046551,WALKTRAV_B02,0.6775375891291076,0.01834624887554759,False,8,0,87.0,73,0.0,False,False,False
13,8,no_disability,ACTTRAV_C03,0.700992349670893,WALKTRAV_B02,0.6826004917291284,0.018391857941764567,False,8,0,318.5,294,0.0,False,False,False
13,8,non_limiting_disability,ACTTRAV_C03,0.7053843788845255,WALKTRAV_B02,0.687012832790681,0.018371546093844504,False,8,0,68.5,44,0.0,False,False,False
13,9,disty1,ACTTRAV_C03,0.696992723793695,WALKTRAV_B02,0.6786464749181474,0.01834624887554759,False,8,3,33.0,26,0.375,False,False,False
13,9,disty10,ACTTRAV_C03,0.7159009562050204,WALKTRAV_B02,0.6975547073294728,0.01834624887554759,False,7,7,3.0,1,1.0,True,True,True
13,9,disty11,ACTTRAV_C03,0.7029271417700403,WALKTRAV_B02,0.6845808928944928,0.01834624887554759,False,6,6,2.5,1,1.0,True,True,True
13,9,disty12,ACTTRAV_C03,0.7083638424284754,WALKTRAV_B02,0.6900175935529279,0.018346248875547477,False,8,8,7.5,5,1.0,True,False,True
13,9,disty13,ACTTRAV_C03,0.7142472588534046,WALKTRAV_B02,0.6959010099778571,0.018346248875547477,False,8,8,6.5,3,1.0,True,False,True
13,9,disty2,ACTTRAV_C03,0.7021617285920264,WALKTRAV_B02,0.6838154797164788,0.01834624887554759,False,8,3,30.5,12,0.375,False,False,False
13,9,disty3,ACTTRAV_C03,0.6961078404089166,WALKTRAV_B02,0.677761591533369,0.01834624887554759,False,8,2,37.0,28,0.25,False,False,False
13,9,disty4,ACTTRAV_C03,0.6933239731613191,WALKTRAV_B02,0.6749777242857716,0.018346248875547477,False,8,8,11.0,8,1.0,True,False,True
13,9,disty5,ACTTRAV_C03,0.703945973251174,WALKTRAV_B02,0.6855997243756264,0.01834624887554759,False,8,8,23.5,12,1.0,True,False,True
13,9,disty6,ACTTRAV_C03,0.6973699589962394,WALKTRAV_B02,0.6790237101206918,0.01834624887554759,False,8,8,6.0,2,1.0,True,False,True
13,9,disty7,ACTTRAV_C03,0.6975509800518895,WALKTRAV_B02,0.679204731176342,0.01834624887554759,False,8,6,13.0,8,0.75,True,False,True
13,9,disty8,ACTTRAV_C03,0.704306935405372,WALKTRAV_B02,0.6859606865298246,0.018346248875547477,False,8,8,10.0,6,1.0,True,False,True
13,9,disty9,ACTTRAV_C03,0.7004492475468161,WALKTRAV_B02,0.6821029986712686,0.01834624887554759,False,8,8,9.5,7,1.0,True,False,True
13,9,limiting_disability,ACTTRAV_C03,0.7018478286848534,WALKTRAV_B02,0.6835015798093059,0.018346248875547477,False,8,0,71.0,49,0.0,False,False,False
13,9,no_disability,ACTTRAV_C03,0.7068210107056131,WALKTRAV_B02,0.688423812824536,0.018397197881077076,False,8,0,333.0,288,0.0,False,False,False
13,9,non_limiting_disability,ACTTRAV_C03,0.7114873701058012,WALKTRAV_B02,0.6930456911054059,0.018441679000395284,False,8,0,82.5,57,0.0,False,False,False
13,91,disty1,ACTTRAV_C03,0.6928310359168769,WALKTRAV_B02,0.67440412597202,0.01842690994485685,False,8,0,43.0,36,0.0,False,False,False
13,91,disty10,ACTTRAV_C03,0.7124369834786938,WALKTRAV_B02,0.6940907346031463,0.018346248875547477,False,8,8,4.5,2,1.0,True,False,True
13,91,disty11,ACTTRAV_C03,0.7005114516030687,WALKTRAV_B02,0.6821652027275211,0.01834624887554759,False,8,8,4.0,2,1.0,True,False,True
13,91,disty12,ACTTRAV_C03,0.7032697024031525,WALKTRAV_B02,0.684923453527605,0.018346248875547477,False,8,8,8.5,5,1.0,True,False,True
13,91,disty13,ACTTRAV_C03,0.7072532494565551,WALKTRAV_B02,0.6889070005810075,0.01834624887554759,False,8,8,6.0,3,1.0,True,False,True
13,91,disty2,ACTTRAV_C03,0.6973522966603759,WALKTRAV_B02,0.6790060477848284,0.018346248875547477,False,8,4,32.5,18,0.5,True,False,True
13,91,disty3,ACTTRAV_C03,0.6920124204285621,WALKTRAV_B02,0.6735665871383496,0.018445833290212543,False,8,0,48.5,35,0.0,False,False,False
13,91,disty4,ACTTRAV_C03,0.6900074810682777,WALKTRAV_B02,0.6716612321927301,0.01834624887554759,False,8,8,15.5,7,1.0,True,False,True
13,91,disty5,ACTTRAV_C03,0.6992474632831768,WALKTRAV_B02,0.6809012144076292,0.01834624887554759,False,8,6,26.5,19,0.75,True,False,True
13,91,disty6,ACTTRAV_C03,0.6944676712021532,WALKTRAV_B02,0.6761214223266058,0.018346248875547477,False,8,8,8.0,1,1.0,True,False,True
13,91,disty7,ACTTRAV_C03,0.6941982231780356,WALKTRAV_B02,0.6758519743024881,0.018346248875547477,False,8,6,25.0,16,0.75,True,False,True
13,91,disty8,ACTTRAV_C03,0.6997146956104147,WALKTRAV_B02,0.6813684467348672,0.018346248875547477,False,8,8,16.0,5,1.0,True,False,True
13,91,disty9,ACTTRAV_C03,0.6977648996532936,WALKTRAV_B02,0.679418650777746,0.01834624887554759,False,8,8,12.5,5,1.0,True,False,True
13,91,limiting_disability,ACTTRAV_C03,0.698226615402027,WALKTRAV_B02,0.6798290136214721,0.01839760178055494,False,8,0,79.5,66,0.0,False,False,False
13,91,no_disability,ACTTRAV_C03,0.7033531917111989,WALKTRAV_B02,0.6849522722607201,0.018400919450478836,False,8,0,312.0,286,0.0,False,False,False
13,91,non_limiting_disability,ACTTRAV_C03,0.7076042385457931,WALKTRAV_B02,0.6891273122831333,0.018476926262659843,False,8,0,79.5,59,0.0,False,False,False
14,107,disty1,ACTTRAV_C03,0.6957070730245168,WALKTRAV_B02,0.6772382869182193,0.01846878610629754,False,8,1,44.5,28,0.125,False,False,False
14,107,disty10,ACTTRAV_C03,0.7170977405187272,WALKTRAV_B02,0.6986893024107083,0.018408438108018954,False,8,8,5.5,1,1.0,True,False,True
14,107,disty11,ACTTRAV_C03,0.7051297386690667,WALKTRAV_B02,0.6867213005610477,0.018408438108018954,False,7,7,5.0,1,1.0,True,True,True
14,107,disty12,ACTTRAV_C03,0.7072522511500309,WALKTRAV_B02,0.6888438130420119,0.018408438108018954,False,8,8,9.5,3,1.0,True,False,True
14,107,disty13,ACTTRAV_C03,0.7122450882368618,WALKTRAV_B02,0.6938366501288428,0.018408438108019065,False,8,8,7.0,4,1.0,True,False,True
14,107,disty2,ACTTRAV_C03,0.7012833898290196,WALKTRAV_B02,0.6828749517210007,0.018408438108018954,False,8,4,33.0,18,0.5,True,False,True
14,107,disty3,ACTTRAV_C03,0.6946787139399576,WALKTRAV_B02,0.6762334319048201,0.01844528203513751,False,8,2,44.0,25,0.25,False,False,False
14,107,disty4,ACTTRAV_C03,0.6917096155314476,WALKTRAV_B02,0.6733011774234287,0.018408438108018954,False,8,8,13.0,8,1.0,True,False,True
14,107,disty5,ACTTRAV_C03,0.702259836304718,WALKTRAV_B02,0.6838513981966992,0.018408438108018843,False,8,3,35.0,20,0.375,False,False,False
14,107,disty6,ACTTRAV_C03,0.6960400338486866,WALKTRAV_B02,0.6776315957406677,0.018408438108018954,False,8,8,7.0,2,1.0,True,False,True
14,107,disty7,ACTTRAV_C03,0.6966241516908193,WALKTRAV_B02,0.6782157135828003,0.018408438108018954,False,8,4,25.5,16,0.5,True,False,True
14,107,disty8,ACTTRAV_C03,0.7034834608966266,WALKTRAV_B02,0.6850750227886077,0.018408438108018954,False,8,8,16.0,7,1.0,True,False,True
14,107,disty9,ACTTRAV_C03,0.7011570983119843,WALKTRAV_B02,0.6827486602039653,0.018408438108018954,False,8,8,14.5,4,1.0,True,False,True
14,107,limiting_disability,ACTTRAV_C03,0.700565468032519,WALKTRAV_B02,0.6821428498608785,0.01842261817164048,False,8,0,87.5,57,0.0,False,False,False
14,107,no_disability,ACTTRAV_C03,0.7037242126115428,WALKTRAV_B02,0.6852721037519486,0.01845210885959425,False,8,0,325.5,300,0.0,False,False,False
14,107,non_limiting_disability,ACTTRAV_C03,0.7090027457276736,WALKTRAV_B02,0.6905828895312582,0.018419856196415396,False,8,0,88.0,60,0.0,False,False,False
14,109,disty1,ACTTRAV_C03,0.7044536726191335,WALKTRAV_B02,0.6859269993475182,0.01852667327161528,False,8,2,38.0,23,0.25,False,False,False
14,109,disty10,ACTTRAV_C03,0.7262567682366164,WALKTRAV_B02,0.7076310794901014,0.018625688746515046,False,8,8,5.5,1,1.0,True,False,True
14,109,disty11,ACTTRAV_C03,0.7145841176483105,WALKTRAV_B02,0.6961756795402916,0.018408438108018954,False,8,8,4.0,2,1.0,True,False,True
14,109,disty12,ACTTRAV_C03,0.7162140725661775,WALKTRAV_B02,0.6976094559635376,0.0186046166026399,False,8,8,11.5,2,1.0,True,False,True
14,109,disty13,ACTTRAV_C03,0.7211790832276834,WALKTRAV_B02,0.7021053514713024,0.01907373175638105,False,8,8,7.0,2,1.0,True,False,True
14,109,disty2,ACTTRAV_C03,0.7099044462077359,WALKTRAV_B02,0.6912730340892149,0.01863141211852093,False,8,4,29.5,16,0.5,True,False,True
14,109,disty3,ACTTRAV_C03,0.703635030910115,WALKTRAV_B02,0.6851708750672371,0.018464155842877972,False,8,2,35.5,24,0.25,False,False,False
14,109,disty4,ACTTRAV_C03,0.7012279377939993,WALKTRAV_B02,0.6824588002142701,0.0187691375797292,False,8,8,12.0,5,1.0,True,False,True
14,109,disty5,ACTTRAV_C03,0.711321150329197,WALKTRAV_B02,0.692782606702055,0.018538543627141912,False,8,3,31.5,16,0.375,False,False,False
14,109,disty6,ACTTRAV_C03,0.7055753558834618,WALKTRAV_B02,0.6871669177754427,0.018408438108019065,False,8,8,7.0,3,1.0,True,False,True
14,109,disty7,ACTTRAV_C03,0.7055431630018639,WALKTRAV_B02,0.6871347248938449,0.018408438108019065,False,8,8,17.0,14,1.0,True,False,True
14,109,disty8,ACTTRAV_C03,0.7124738779479439,WALKTRAV_B02,0.694065439839925,0.018408438108018954,False,8,8,14.0,10,1.0,True,False,True
14,109,disty9,ACTTRAV_C03,0.7105493668697818,WALKTRAV_B02,0.6921409287617628,0.018408438108018954,False,8,8,8.5,1,1.0,True,False,True
14,109,limiting_disability,ACTTRAV_C03,0.7095435993039918,WALKTRAV_B02,0.6910623980807994,0.01848120122319241,False,8,0,65.5,49,0.0,False,False,False
14,109,no_disability,ACTTRAV_C03,0.7128842747282367,WALKTRAV_B02,0.694438332781741,0.018445941946495625,False,8,0,328.0,302,0.0,False,False,False
14,109,non_limiting_disability,ACTTRAV_C03,0.7182335695837009,WALKTRAV_B02,0.6997088369106996,0.018524732673001254,False,8,0,73.0,59,0.0,False,False,False
14,112,disty1,ACTTRAV_C03,0.7054845695674278,WALKTRAV_B02,0.6870005791309303,0.01848399043649751,False,8,2,35.0,26,0.25,False,False,False
14,112,disty10,ACTTRAV_C03,0.7274544133666895,WALKTRAV_B02,0.708720837538058,0.018733575828631444,False,6,6,3.5,1,1.0,True,True,True
14,112,disty11,ACTTRAV_C03,0.7142597323801935,WALKTRAV_B02,0.6958512942721744,0.018408438108019065,False,6,6,2.5,1,1.0,True,True,True
14,112,disty12,ACTTRAV_C03,0.7166920830661829,WALKTRAV_B02,0.6982125637346733,0.018479519331509597,False,7,7,10.0,3,1.0,True,True,True
14,112,disty13,ACTTRAV_C03,0.7223351324642493,WALKTRAV_B02,0.7039266943562302,0.018408438108019065,False,7,7,5.0,3,1.0,True,True,True
14,112,disty2,ACTTRAV_C03,0.7112095931611054,WALKTRAV_B02,0.6928011550530865,0.018408438108018954,False,8,7,24.5,22,0.875,True,False,True
14,112,disty3,ACTTRAV_C03,0.704472003659755,WALKTRAV_B02,0.6860384729613552,0.018433530698399814,False,8,0,32.5,31,0.0,False,False,False
14,112,disty4,ACTTRAV_C03,0.7026855489579665,WALKTRAV_B02,0.6842771108499476,0.018408438108018954,False,8,8,9.0,7,1.0,True,False,True
14,112,disty5,ACTTRAV_C03,0.711976005227396,WALKTRAV_B02,0.6935293262796544,0.018446678947741657,False,8,7,21.0,8,0.875,True,False,True
14,112,disty6,ACTTRAV_C03,0.7068270769975993,WALKTRAV_B02,0.6884186388895803,0.018408438108018954,False,8,8,6.0,3,1.0,True,False,True
14,112,disty7,ACTTRAV_C03,0.7064952789499286,WALKTRAV_B02,0.6879665671336979,0.018528711816230725,False,8,8,18.0,12,1.0,True,False,True
14,112,disty8,ACTTRAV_C03,0.7127439989013552,WALKTRAV_B02,0.694319608607179,0.018424390294176196,False,8,8,6.0,4,1.0,True,False,True
14,112,disty9,ACTTRAV_C03,0.7116993006743754,WALKTRAV_B02,0.6931129510048696,0.018586349669505786,False,8,8,6.0,3,1.0,True,False,True
14,112,limiting_disability,ACTTRAV_C03,0.7104607479909111,WALKTRAV_B02,0.6920059757272694,0.018454772263641672,False,8,0,62.5,60,0.0,False,False,False
14,112,no_disability,ACTTRAV_C03,0.7138616302635818,WALKTRAV_B02,0.6953820875796288,0.01847954268395302,False,8,0,337.0,320,0.0,False,False,False
14,112,non_limiting_disability,ACTTRAV_C03,0.7189868273112817,WALKTRAV_B02,0.7005740870269599,0.018412740284321827,False,8,0,66.0,55,0.0,False,False,False
14,114,disty1,ACTTRAV_C03,0.7017513395943166,WALKTRAV_B02,0.6833429014862976,0.018408438108018954,False,8,2,37.0,20,0.25,False,False,False
14,114,disty10,ACTTRAV_C03,0.7238854682790162,WALKTRAV_B02,0.7054770301709973,0.018408438108018954,False,7,7,4.0,2,1.0,True,True,True
14,114,disty11,ACTTRAV_C03,0.7111555806131183,WALKTRAV_B02,0.6927471425050994,0.018408438108018954,False,6,6,3.0,1,1.0,True,True,True
14,114,disty12,ACTTRAV_C03,0.7134058519573918,WALKTRAV_B02,0.6949745234577736,0.01843132849961826,False,8,8,8.0,2,1.0,True,False,True
14,114,disty13,ACTTRAV_C03,0.7184185828791666,WALKTRAV_B02,0.7000101447711476,0.018408438108018954,False,8,8,6.0,3,1.0,True,False,True
14,114,disty2,ACTTRAV_C03,0.7073227194754833,WALKTRAV_B02,0.6889142813674644,0.018408438108018954,False,8,3,30.5,20,0.375,False,False,False
14,114,disty3,ACTTRAV_C03,0.7007169034784879,WALKTRAV_B02,0.682308465370469,0.018408438108018954,False,8,2,38.0,19,0.25,False,False,False
14,114,disty4,ACTTRAV_C03,0.697351482957026,WALKTRAV_B02,0.678943044849007,0.018408438108018954,False,8,8,10.5,5,1.0,True,False,True
14,114,disty5,ACTTRAV_C03,0.7083345889066632,WALKTRAV_B02,0.6898356843557932,0.01849890455087,False,8,3,30.5,14,0.375,False,False,False
14,114,disty6,ACTTRAV_C03,0.7026768500609869,WALKTRAV_B02,0.684268411952968,0.018408438108018954,False,8,8,7.0,5,1.0,True,False,True
14,114,disty7,ACTTRAV_C03,0.7027066407451209,WALKTRAV_B02,0.684298202637102,0.018408438108018954,False,8,7,21.0,7,0.875,True,False,True
14,114,disty8,ACTTRAV_C03,0.7096664632160564,WALKTRAV_B02,0.6912580251080375,0.018408438108018954,False,8,8,12.5,5,1.0,True,False,True
14,114,disty9,ACTTRAV_C03,0.7075551430292633,WALKTRAV_B02,0.6891467049212443,0.018408438108018954,False,8,8,10.5,6,1.0,True,False,True
14,114,limiting_disability,ACTTRAV_C03,0.7067659417525984,WALKTRAV_B02,0.6883195372686371,0.018446404483961287,False,8,0,76.5,47,0.0,False,False,False
14,114,no_disability,ACTTRAV_C03,0.7099380265990428,WALKTRAV_B02,0.6914782847322093,0.018459741866833523,False,8,0,324.5,273,0.0,False,False,False
14,114,non_limiting_disability,ACTTRAV_C03,0.7151629974718837,WALKTRAV_B02,0.696732121974131,0.018430875497752686,False,8,0,81.5,66,0.0,False,False,False
14,117,disty1,ACTTRAV_C03,0.6935114786967546,WALKTRAV_B02,0.6751030405887356,0.018408438108018954,False,8,3,32.0,23,0.375,False,False,False
14,117,disty10,ACTTRAV_C03,0.7147560207411924,WALKTRAV_B02,0.6963475826331734,0.018408438108018954,False,8,8,3.0,1,1.0,True,False,True
14,117,disty11,ACTTRAV_C03,0.7036476303021998,WALKTRAV_B02,0.6852391921941808,0.018408438108018954,False,6,6,2.5,2,1.0,True,True,True
14,117,disty12,ACTTRAV_C03,0.7055026814965569,WALKTRAV_B02,0.687094243388538,0.018408438108018954,False,7,7,7.0,1,1.0,True,True,True
14,117,disty13,ACTTRAV_C03,0.7097680692050019,WALKTRAV_B02,0.691359631096983,0.018408438108018954,False,8,8,4.0,2,1.0,True,False,True
14,117,disty2,ACTTRAV_C03,0.6989072989397901,WALKTRAV_B02,0.6804988608317711,0.018408438108018954,False,8,5,22.5,17,0.625,True,False,True
14,117,disty3,ACTTRAV_C03,0.6928089830562877,WALKTRAV_B02,0.6744005449482687,0.018408438108018954,False,8,0,36.5,30,0.0,False,False,False
14,117,disty4,ACTTRAV_C03,0.6898110582318644,WALKTRAV_B02,0.6714026201238454,0.018408438108018954,False,8,8,8.5,3,1.0,True,False,True
14,117,disty5,ACTTRAV_C03,0.6992046130404603,WALKTRAV_B02,0.6807961749324414,0.018408438108018954,False,8,8,16.0,9,1.0,True,False,True
14,117,disty6,ACTTRAV_C03,0.6943309380289172,WALKTRAV_B02,0.6759224999208983,0.018408438108018954,False,8,8,6.0,1,1.0,True,False,True
14,117,disty7,ACTTRAV_C03,0.6946202814593033,WALKTRAV_B02,0.6762118433512844,0.018408438108018954,False,8,8,17.0,13,1.0,True,False,True
14,117,disty8,ACTTRAV_C03,0.7014872584257288,WALKTRAV_B02,0.6830788203177098,0.018408438108018954,False,8,8,8.5,3,1.0,True,False,True
14,117,disty9,ACTTRAV_C03,0.6994673972134094,WALKTRAV_B02,0.6810589591053905,0.018408438108018954,False,8,8,10.5,4,1.0,True,False,True
14,117,limiting_disability,ACTTRAV_C03,0.6983322585486876,WALKTRAV_B02,0.6799238204406687,0.018408438108018954,False,8,0,65.5,51,0.0,False,False,False
14,117,no_disability,ACTTRAV_C03,0.701318965230452,WALKTRAV_B02,0.6828790567146513,0.018439908515800685,False,8,0,331.5,298,0.0,False,False,False
14,117,non_limiting_disability,ACTTRAV_C03,0.706533967045075,WALKTRAV_B02,0.6881209484710384,0.018413018574036544,False,8,0,65.5,54,0.0,False,False,False
14,122,disty1,ACTTRAV_C03,0.6905468626069821,WALKTRAV_B02,0.6721311135545657,0.018415749052416386,False,8,0,51.5,41,0.0,False,False,False
14,122,disty10,ACTTRAV_C03,0.7122016018761241,WALKTRAV_B02,0.6937931637681052,0.018408438108018954,False,7,7,4.0,1,1.0,True,True,True
14,122,disty11,ACTTRAV_C03,0.7006202116814623,WALKTRAV_B02,0.6822117735734434,0.018408438108018843,False,6,6,3.0,1,1.0,True,True,True
14,122,disty12,ACTTRAV_C03,0.7016392534620749,WALKTRAV_B02,0.6832308153540559,0.018408438108018954,False,8,8,7.5,3,1.0,True,False,True
14,122,disty13,ACTTRAV_C03,0.7065384479284906,WALKTRAV_B02,0.6881300098204717,0.018408438108018954,False,8,8,5.0,2,1.0,True,False,True
14,122,disty2,ACTTRAV_C03,0.6962754195428588,WALKTRAV_B02,0.6778591148259417,0.01841630471691702,False,8,2,32.5,21,0.25,False,False,False
14,122,disty3,ACTTRAV_C03,0.6898152009232709,WALKTRAV_B02,0.6714067628152519,0.018408438108018954,False,8,0,54.0,47,0.0,False,False,False
14,122,disty4,ACTTRAV_C03,0.6869812773397569,WALKTRAV_B02,0.6685728392317379,0.018408438108018954,False,8,8,17.5,11,1.0,True,False,True
14,122,disty5,ACTTRAV_C03,0.6971201330899883,WALKTRAV_B02,0.6786954162295477,0.01842471686044067,False,8,8,23.0,11,1.0,True,False,True
14,122,disty6,ACTTRAV_C03,0.6913586749566506,WALKTRAV_B02,0.6729502368486316,0.018408438108018954,False,8,8,8.0,1,1.0,True,False,True
14,122,disty7,ACTTRAV_C03,0.691861547002413,WALKTRAV_B02,0.673453108894394,0.018408438108018954,False,8,5,24.5,19,0.625,True,False,True
14,122,disty8,ACTTRAV_C03,0.6982746624105299,WALKTRAV_B02,0.679866224302511,0.018408438108018954,False,8,8,13.5,5,1.0,True,False,True
14,122,disty9,ACTTRAV_C03,0.6965645552090094,WALKTRAV_B02,0.6781561171009904,0.018408438108018954,False,8,8,13.0,8,1.0,True,False,True
14,122,limiting_disability,ACTTRAV_C03,0.6954800514113507,WALKTRAV_B02,0.6770682121891264,0.018411839222224335,False,8,0,83.5,70,0.0,False,False,False
14,122,no_disability,ACTTRAV_C03,0.6989583870940183,WALKTRAV_B02,0.6805300524563749,0.018428334637643373,False,8,0,300.0,269,0.0,False,False,False
14,122,non_limiting_disability,ACTTRAV_C03,0.7038593039331281,WALKTRAV_B02,0.6854508658251092,0.018408438108018954,False,8,0,79.0,65,0.0,False,False,False
14,126,disty1,ACTTRAV_C03,0.6919556196477423,WALKTRAV_B02,0.6735315075438915,0.018424112103850865,False,8,0,36.0,33,0.0,False,False,False
14,126,disty10,ACTTRAV_C03,0.7136451384387098,WALKTRAV_B02,0.6952367003306908,0.018408438108018954,False,8,8,4.0,1,1.0,True,False,True
14,126,disty11,ACTTRAV_C03,0.7011643254976805,WALKTRAV_B02,0.682670755543738,0.018493569953942468,False,8,8,2.5,2,1.0,True,False,True
14,126,disty12,ACTTRAV_C03,0.7034498701878976,WALKTRAV_B02,0.6850414320798787,0.018408438108018954,False,8,8,6.5,1,1.0,True,False,True
14,126,disty13,ACTTRAV_C03,0.7086015510927334,WALKTRAV_B02,0.690114394442215,0.018487156650518366,False,8,8,5.0,2,1.0,True,False,True
14,126,disty2,ACTTRAV_C03,0.6974232338178846,WALKTRAV_B02,0.6789996216793448,0.018423612138539824,False,8,7,24.5,19,0.875,True,False,True
14,126,disty3,ACTTRAV_C03,0.6910278744977812,WALKTRAV_B02,0.6725936517701513,0.018434222727629956,False,8,0,36.0,30,0.0,False,False,False
14,126,disty4,ACTTRAV_C03,0.6881519601481936,WALKTRAV_B02,0.6697136846970216,0.018438275451171937,False,8,8,11.0,5,1.0,True,False,True
14,126,disty5,ACTTRAV_C03,0.6985865547739671,WALKTRAV_B02,0.6801656881164954,0.01842086665747178,False,8,8,22.0,16,1.0,True,False,True
14,126,disty6,ACTTRAV_C03,0.6927387412679911,WALKTRAV_B02,0.6743303031599721,0.018408438108018954,False,8,8,6.0,5,1.0,True,False,True
14,126,disty7,ACTTRAV_C03,0.693096531997072,WALKTRAV_B02,0.6746717925172062,0.01842473947986578,False,8,8,18.5,12,1.0,True,False,True
14,126,disty8,ACTTRAV_C03,0.699742944630349,WALKTRAV_B02,0.6813001828366188,0.018442761793730278,False,8,8,10.5,7,1.0,True,False,True
14,126,disty9,ACTTRAV_C03,0.6974082238140654,WALKTRAV_B02,0.6789997857060465,0.018408438108018954,False,8,8,9.5,7,1.0,True,False,True
14,126,limiting_disability,ACTTRAV_C03,0.6969020941345528,WALKTRAV_B02,0.6784790030708857,0.01842309106366713,False,8,0,65.5,51,0.0,False,False,False
14,126,no_disability,ACTTRAV_C03,0.6999860287339407,WALKTRAV_B02,0.6815351846566329,0.018450844077307793,False,8,0,316.0,301,0.0,False,False,False
14,126,non_limiting_disability,ACTTRAV_C03,0.7054913344667089,WALKTRAV_B02,0.6870828963586899,0.018408438108018954,False,8,0,74.5,51,0.0,False,False,False
14,129,disty1,ACTTRAV_C03,0.6934018681539947,WALKTRAV_B02,0.6748492988258248,0.018552569328169954,False,8,0,40.0,30,0.0,False,False,False
14,129,disty10,ACTTRAV_C03,0.7144659278415988,WALKTRAV_B02,0.6960574897335798,0.018408438108018954,False,7,7,5.0,3,1.0,True,True,True
14,129,disty11,ACTTRAV_C03,0.7030413279256765,WALKTRAV_B02,0.6846328898176576,0.018408438108018954,False,8,8,2.0,2,1.0,True,False,True
14,129,disty12,ACTTRAV_C03,0.7051648258099935,WALKTRAV_B02,0.6867563877019746,0.018408438108018954,False,8,8,11.5,1,1.0,True,False,True
14,129,disty13,ACTTRAV_C03,0.7100522653968359,WALKTRAV_B02,0.6916438272888169,0.018408438108018954,False,7,7,6.0,2,1.0,True,True,True
14,129,disty2,ACTTRAV_C03,0.6988556426410486,WALKTRAV_B02,0.6804472045330295,0.018408438108019065,False,8,4,29.0,21,0.5,True,False,True
14,129,disty3,ACTTRAV_C03,0.6927863469120702,WALKTRAV_B02,0.6742307094462336,0.01855563746583655,False,8,0,41.0,32,0.0,False,False,False
14,129,disty4,ACTTRAV_C03,0.6895122149024928,WALKTRAV_B02,0.6711037767944739,0.018408438108018954,False,8,8,10.5,7,1.0,True,False,True
14,129,disty5,ACTTRAV_C03,0.6998663461166459,WALKTRAV_B02,0.6814454267473902,0.018420919369255717,False,8,3,32.5,13,0.375,False,False,False
14,129,disty6,ACTTRAV_C03,0.6940388290091547,WALKTRAV_B02,0.6755151910543736,0.01852363795478107,False,8,8,6.5,3,1.0,True,False,True
14,129,disty7,ACTTRAV_C03,0.6945137243818263,WALKTRAV_B02,0.6761052862738074,0.018408438108018954,False,8,6,22.0,10,0.75,True,False,True
14,129,disty8,ACTTRAV_C03,0.7016018230299778,WALKTRAV_B02,0.6831933849219589,0.018408438108018843,False,8,8,11.5,8,1.0,True,False,True
14,129,disty9,ACTTRAV_C03,0.6991861028228229,WALKTRAV_B02,0.6807776647148039,0.018408438108018954,False,8,8,10.5,4,1.0,True,False,True
14,129,limiting_disability,ACTTRAV_C03,0.6984801016151763,WALKTRAV_B02,0.6800075958455256,0.01847250576965065,False,8,0,84.0,56,0.0,False,False,False
14,129,no_disability,ACTTRAV_C03,0.7016244749584987,WALKTRAV_B02,0.6831771596673121,0.018447315291186595,False,8,0,322.5,298,0.0,False,False,False
14,129,non_limiting_disability,ACTTRAV_C03,0.7070546708575854,WALKTRAV_B02,0.6886333493554877,0.018421321502097743,False,8,0,70.0,56,0.0,False,False,False
14,135,disty1,ACTTRAV_C03,0.7047914929551452,WALKTRAV_B02,0.6863830548471261,0.018408438108019065,False,8,0,35.0,32,0.0,False,False,False
14,135,disty10,ACTTRAV_C03,0.7266671684845111,WALKTRAV_B02,0.7082587303764921,0.018408438108018954,False,8,8,6.5,3,1.0,True,False,True
14,135,disty11,ACTTRAV_C03,0.7152568251966865,WALKTRAV_B02,0.6968483870886676,0.018408438108018954,False,8,8,4.0,1,1.0,True,False,True
14,135,disty12,ACTTRAV_C03,0.7169806738069704,WALKTRAV_B02,0.698558959916063,0.01842171389090741,False,8,8,10.0,3,1.0,True,False,True
14,135,disty13,ACTTRAV_C03,0.7210625093825508,WALKTRAV_B02,0.7026540712745318,0.018408438108018954,False,8,8,8.0,5,1.0,True,False,True
14,135,disty2,ACTTRAV_C03,0.7105839130429467,WALKTRAV_B02,0.6921472261620097,0.018436686880936914,False,8,4,29.5,25,0.5,True,False,True
14,135,disty3,ACTTRAV_C03,0.7038315357682076,WALKTRAV_B02,0.6854230976601886,0.018408438108018954,False,8,1,36.5,22,0.125,False,False,False
14,135,disty4,ACTTRAV_C03,0.7013737763371847,WALKTRAV_B02,0.6829653382291657,0.018408438108018954,False,8,8,9.0,5,1.0,True,False,True
14,135,disty5,ACTTRAV_C03,0.7117572188883224,WALKTRAV_B02,0.6932837880679182,0.018473430820404202,False,8,1,33.5,18,0.125,False,False,False
14,135,disty6,ACTTRAV_C03,0.7045672562784238,WALKTRAV_B02,0.6861588181704048,0.018408438108018954,False,8,8,5.0,1,1.0,True,False,True
14,135,disty7,ACTTRAV_C03,0.7060955077578936,WALKTRAV_B02,0.6876870696498747,0.018408438108018954,False,8,7,17.5,14,0.875,True,False,True
14,135,disty8,ACTTRAV_C03,0.7128949172910134,WALKTRAV_B02,0.694443682362704,0.018451234928309357,False,8,8,15.5,11,1.0,True,False,True
14,135,disty9,ACTTRAV_C03,0.7102684569306482,WALKTRAV_B02,0.6916478327972863,0.018620624133361963,False,8,8,8.0,5,1.0,True,False,True
14,135,limiting_disability,ACTTRAV_C03,0.7099637397492989,WALKTRAV_B02,0.6915302808588079,0.018433458890491083,False,8,0,73.0,64,0.0,False,False,False
14,135,no_disability,ACTTRAV_C03,0.7129892505142857,WALKTRAV_B02,0.6945131806073741,0.01847606990691164,False,8,0,315.0,302,0.0,False,False,False
14,135,non_limiting_disability,ACTTRAV_C03,0.7184848762181276,WALKTRAV_B02,0.7000094780695526,0.018475398148575017,False,8,0,73.0,53,0.0,False,False,False
14,136,disty1,ACTTRAV_C03,0.6990066962333692,WALKTRAV_B02,0.680590780067527,0.01841591616584215,False,8,2,36.5,24,0.25,False,False,False
14,136,disty10,ACTTRAV_C03,0.7200460213492146,WALKTRAV_B02,0.7015906807861584,0.0184553405630562,False,8,8,4.0,3,1.0,True,False,True
14,136,disty11,ACTTRAV_C03,0.7081900594333974,WALKTRAV_B02,0.6897816213253785,0.018408438108018954,False,8,8,3.5,1,1.0,True,False,True
14,136,disty12,ACTTRAV_C03,0.709851683057707,WALKTRAV_B02,0.691431753119767,0.01841992993793995,False,8,8,6.5,3,1.0,True,False,True
14,136,disty13,ACTTRAV_C03,0.7148959188479326,WALKTRAV_B02,0.6964874807399136,0.018408438108018954,False,7,7,5.0,1,1.0,True,True,True
14,136,disty2,ACTTRAV_C03,0.7044304997208881,WALKTRAV_B02,0.6860220616128692,0.018408438108018954,False,8,5,27.5,20,0.625,True,False,True
14,136,disty3,ACTTRAV_C03,0.6981206438500964,WALKTRAV_B02,0.6797079336495125,0.01841271020058388,False,8,1,38.0,27,0.125,False,False,False
14,136,disty4,ACTTRAV_C03,0.6950509308419455,WALKTRAV_B02,0.6766253445735149,0.018425586268430605,False,8,8,13.0,6,1.0,True,False,True
14,136,disty5,ACTTRAV_C03,0.705134690554161,WALKTRAV_B02,0.6866788638676072,0.018455826686553767,False,8,5,24.5,16,0.625,True,False,True
14,136,disty6,ACTTRAV_C03,0.6996260608198877,WALKTRAV_B02,0.6812176227118687,0.018408438108018954,False,8,8,6.5,3,1.0,True,False,True
14,136,disty7,ACTTRAV_C03,0.69998138833526,WALKTRAV_B02,0.6815513256553346,0.01843006267992542,False,8,8,17.0,10,1.0,True,False,True
14,136,disty8,ACTTRAV_C03,0.7066015984912184,WALKTRAV_B02,0.688179346782032,0.018422251709186432,False,8,8,11.0,7,1.0,True,False,True
14,136,disty9,ACTTRAV_C03,0.704578098720932,WALKTRAV_B02,0.6861696606129131,0.018408438108018954,False,8,8,8.0,4,1.0,True,False,True
14,136,limiting_disability,ACTTRAV_C03,0.7037767036722161,WALKTRAV_B02,0.6853420341343787,0.018434669537837456,False,8,0,66.0,51,0.0,False,False,False
14,136,no_disability,ACTTRAV_C03,0.7072590326230667,WALKTRAV_B02,0.6887518142891015,0.01850721833396518,False,8,0,315.5,291,0.0,False,False,False
14,136,non_limiting_disability,ACTTRAV_C03,0.7126173313558732,WALKTRAV_B02,0.6941919326435341,0.01842539871233917,False,8,0,71.5,64,0.0,False,False,False
14,139,disty1,ACTTRAV_C03,0.7018049605157334,WALKTRAV_B02,0.6833965224077143,0.018408438108019065,False,8,4,30.0,19,0.5,True,False,True
14,139,disty10,ACTTRAV_C03,0.7229089680681503,WALKTRAV_B02,0.7045005299601315,0.018408438108018843,False,8,8,2.5,1,1.0,True,False,True
14,139,disty11,ACTTRAV_C03,0.7121099961648792,WALKTRAV_B02,0.6937015580568603,0.018408438108018954,False,7,7,2.0,1,1.0,True,True,True
14,139,disty12,ACTTRAV_C03,0.7137237574024669,WALKTRAV_B02,0.6953088757132769,0.01841488168918992,False,8,8,6.5,2,1.0,True,False,True
14,139,disty13,ACTTRAV_C03,0.7184170365103181,WALKTRAV_B02,0.7000085984022991,0.018408438108018954,False,8,8,3.0,1,1.0,True,False,True
14,139,disty2,ACTTRAV_C03,0.7074393109334741,WALKTRAV_B02,0.6890308728254552,0.018408438108018954,False,8,6,24.5,14,0.75,True,False,True
14,139,disty3,ACTTRAV_C03,0.7011152171925654,WALKTRAV_B02,0.6827067790845465,0.018408438108018954,False,8,2,35.0,22,0.25,False,False,False
14,139,disty4,ACTTRAV_C03,0.6986267058558414,WALKTRAV_B02,0.6802182677478225,0.018408438108018954,False,8,8,10.0,6,1.0,True,False,True
14,139,disty5,ACTTRAV_C03,0.7084678112283752,WALKTRAV_B02,0.6900562741042894,0.01841153712408583,False,8,6,20.0,14,0.75,True,False,True
14,139,disty6,ACTTRAV_C03,0.7019246672273559,WALKTRAV_B02,0.683516229119337,0.018408438108018954,False,8,8,5.5,4,1.0,True,False,True
14,139,disty7,ACTTRAV_C03,0.7029567241964559,WALKTRAV_B02,0.684548286088437,0.018408438108018954,False,8,8,15.0,12,1.0,True,False,True
14,139,disty8,ACTTRAV_C03,0.7089597300004413,WALKTRAV_B02,0.6905512918924224,0.018408438108018954,False,8,8,5.5,4,1.0,True,False,True
14,139,disty9,ACTTRAV_C03,0.7071521288790747,WALKTRAV_B02,0.6887436907710559,0.018408438108018843,False,8,8,7.0,2,1.0,True,False,True
14,139,limiting_disability,ACTTRAV_C03,0.7068200026106255,WALKTRAV_B02,0.6884099912201834,0.01841001139044207,False,8,0,63.0,48,0.0,False,False,False
14,139,no_disability,ACTTRAV_C03,0.7099455913403669,WALKTRAV_B02,0.6914470552217405,0.018498536118626396,False,8,0,317.5,306,0.0,False,False,False
14,139,non_limiting_disability,ACTTRAV_C03,0.7152205252345847,WALKTRAV_B02,0.6967939708229868,0.018426554411597906,False,8,0,75.0,70,0.0,False,False,False
14,142,disty1,ACTTRAV_C03,0.706642588725223,WALKTRAV_B02,0.6881849739172629,0.018457614807960154,False,8,3,35.0,24,0.375,False,False,False
14,142,disty10,ACTTRAV_C03,0.7286110546065203,WALKTRAV_B02,0.7102026164985014,0.018408438108018954,False,8,8,7.5,2,1.0,True,False,True
14,142,disty11,ACTTRAV_C03,0.7165598188636827,WALKTRAV_B02,0.6981513807556637,0.018408438108018954,False,8,8,5.0,2,1.0,True,False,True
14,142,disty12,ACTTRAV_C03,0.7181493254842729,WALKTRAV_B02,0.699740887376254,0.018408438108018954,False,8,8,10.5,8,1.0,True,False,True
14,142,disty13,ACTTRAV_C03,0.722827581145189,WALKTRAV_B02,0.70441914303717,0.018408438108018954,False,8,8,7.0,3,1.0,True,False,True
14,142,disty2,ACTTRAV_C03,0.7122318371720819,WALKTRAV_B02,0.693823399064063,0.018408438108018954,False,8,4,30.5,14,0.5,True,False,True
14,142,disty3,ACTTRAV_C03,0.7059212053573879,WALKTRAV_B02,0.6874691812484779,0.018452024108910003,False,8,3,40.5,24,0.375,False,False,False
14,142,disty4,ACTTRAV_C03,0.7029308607516527,WALKTRAV_B02,0.6845224226436337,0.018408438108018954,False,8,8,10.0,5,1.0,True,False,True
14,142,disty5,ACTTRAV_C03,0.7130030377682172,WALKTRAV_B02,0.6945583826146856,0.018444655153531553,False,8,4,32.5,20,0.5,True,False,True
14,142,disty6,ACTTRAV_C03,0.7066216866130095,WALKTRAV_B02,0.6882132485049905,0.018408438108018954,False,8,8,8.0,1,1.0,True,False,True
14,142,disty7,ACTTRAV_C03,0.7078115124399983,WALKTRAV_B02,0.6894030743319793,0.018408438108018954,False,8,7,23.5,11,0.875,True,False,True
14,142,disty8,ACTTRAV_C03,0.7142909244261273,WALKTRAV_B02,0.6958824863181083,0.018408438108018954,False,8,8,11.5,8,1.0,True,False,True
14,142,disty9,ACTTRAV_C03,0.7115462348509373,WALKTRAV_B02,0.6931377967429183,0.018408438108018954,False,8,8,7.0,3,1.0,True,False,True
14,142,limiting_disability,ACTTRAV_C03,0.7115739413493538,WALKTRAV_B02,0.6931217750220325,0.018452166327321273,False,8,0,71.5,46,0.0,False,False,False
14,142,no_disability,ACTTRAV_C03,0.7147426339439965,WALKTRAV_B02,0.69630429077165,0.018438343172346494,False,8,0,326.0,306,0.0,False,False,False
14,142,non_limiting_disability,ACTTRAV_C03,0.7198918525423942,WALKTRAV_B02,0.7014222958754639,0.018469556666930287,False,8,0,84.5,74,0.0,False,False,False
14,147,disty1,ACTTRAV_C03,0.7018128727385022,WALKTRAV_B02,0.683383727380201,0.018429145358301202,False,8,2,33.5,25,0.25,False,False,False
14,147,disty10,ACTTRAV_C03,0.7233475926119521,WALKTRAV_B02,0.7049391545039332,0.018408438108018954,False,8,8,4.0,2,1.0,True,False,True
14,147,disty11,ACTTRAV_C03,0.711985399536729,WALKTRAV_B02,0.6935769614287101,0.018408438108018954,False,7,7,4.0,1,1.0,True,True,True
14,147,disty12,ACTTRAV_C03,0.7134673006370298,WALKTRAV_B02,0.6950588625290108,0.018408438108018954,False,8,8,8.5,4,1.0,True,False,True
14,147,disty13,ACTTRAV_C03,0.7178686840872655,WALKTRAV_B02,0.6994602459792466,0.018408438108018843,False,8,8,4.0,1,1.0,True,False,True
14,147,disty2,ACTTRAV_C03,0.7075400936394439,WALKTRAV_B02,0.6890997997857667,0.01844029385367718,False,8,7,27.5,23,0.875,True,False,True
14,147,disty3,ACTTRAV_C03,0.7009883036310322,WALKTRAV_B02,0.6825520155890781,0.018436288041954074,False,8,2,33.5,24,0.25,False,False,False
14,147,disty4,ACTTRAV_C03,0.6980718026514168,WALKTRAV_B02,0.6796633645433978,0.018408438108018954,False,8,8,10.5,8,1.0,True,False,True
14,147,disty5,ACTTRAV_C03,0.7083295149407439,WALKTRAV_B02,0.6899023699527369,0.018427144988007016,False,8,4,29.5,17,0.5,True,False,True
14,147,disty6,ACTTRAV_C03,0.7028862386489344,WALKTRAV_B02,0.6844778005409154,0.018408438108018954,False,8,8,4.5,4,1.0,True,False,True
14,147,disty7,ACTTRAV_C03,0.7028784984460396,WALKTRAV_B02,0.6844700603380206,0.018408438108018954,False,8,8,17.0,15,1.0,True,False,True
14,147,disty8,ACTTRAV_C03,0.7092417549799218,WALKTRAV_B02,0.6908333168719029,0.018408438108018954,False,8,8,9.5,6,1.0,True,False,True
14,147,disty9,ACTTRAV_C03,0.707377719345304,WALKTRAV_B02,0.6889692812372851,0.018408438108018954,False,8,8,8.5,4,1.0,True,False,True
14,147,limiting_disability,ACTTRAV_C03,0.7067852869960951,WALKTRAV_B02,0.6883646766022564,0.018420610393838688,False,8,0,69.5,63,0.0,False,False,False
14,147,no_disability,ACTTRAV_C03,0.7098038653416389,WALKTRAV_B02,0.6913595884960085,0.018444276845630325,False,8,0,324.0,301,0.0,False,False,False
14,147,non_limiting_disability,ACTTRAV_C03,0.7148593828450741,WALKTRAV_B02,0.6963011280293425,0.01855825481573159,False,8,0,80.0,66,0.0,False,False,False
14,160,disty1,ACTTRAV_C03,0.7000335510119876,WALKTRAV_B02,0.6816251129039687,0.018408438108018954,False,8,7,27.0,21,0.875,True,False,True
14,160,disty10,ACTTRAV_C03,0.7209691142186401,WALKTRAV_B02,0.7025606761106211,0.018408438108018954,False,8,8,2.0,1,1.0,True,False,True
14,160,disty11,ACTTRAV_C03,0.7091987938599494,WALKTRAV_B02,0.6907903557519304,0.018408438108019065,False,7,7,2.0,1,1.0,True,True,True
14,160,disty12,ACTTRAV_C03,0.7117130159670401,WALKTRAV_B02,0.6933045778590211,0.018408438108018954,False,8,8,4.5,2,1.0,True,False,True
14,160,disty13,ACTTRAV_C03,0.7162918536337984,WALKTRAV_B02,0.6978834155257795,0.018408438108018954,False,7,7,4.0,2,1.0,True,True,True
14,160,disty2,ACTTRAV_C03,0.7053718704681738,WALKTRAV_B02,0.6869634323601549,0.018408438108018954,False,8,8,21.0,14,1.0,True,False,True
14,160,disty3,ACTTRAV_C03,0.6990430745676629,WALKTRAV_B02,0.680634636459644,0.018408438108018954,False,8,4,29.5,24,0.5,True,False,True
14,160,disty4,ACTTRAV_C03,0.695808089744506,WALKTRAV_B02,0.677399651636487,0.018408438108019065,False,8,8,9.0,4,1.0,True,False,True
14,160,disty5,ACTTRAV_C03,0.7065511679540649,WALKTRAV_B02,0.688142729846046,0.018408438108018954,False,8,7,25.0,8,0.875,True,False,True
14,160,disty6,ACTTRAV_C03,0.7003105477143091,WALKTRAV_B02,0.6819021096062902,0.018408438108018954,False,8,8,5.0,2,1.0,True,False,True
14,160,disty7,ACTTRAV_C03,0.7010874383318724,WALKTRAV_B02,0.6826790002238534,0.018408438108018954,False,8,8,14.0,9,1.0,True,False,True
14,160,disty8,ACTTRAV_C03,0.7078195944855467,WALKTRAV_B02,0.6894111563775277,0.018408438108018954,False,8,8,10.5,3,1.0,True,False,True
14,160,disty9,ACTTRAV_C03,0.7053709537596681,WALKTRAV_B02,0.6869625156516491,0.018408438108018954,False,8,8,8.0,5,1.0,True,False,True
14,160,limiting_disability,ACTTRAV_C03,0.7049452926871815,WALKTRAV_B02,0.6865368545791626,0.018408438108018954,False,8,0,59.0,46,0.0,False,False,False
14,160,no_disability,ACTTRAV_C03,0.7083968292758526,WALKTRAV_B02,0.6899576912915512,0.018439137984301412,False,8,0,339.0,308,0.0,False,False,False
14,160,non_limiting_disability,ACTTRAV_C03,0.7135412801322824,WALKTRAV_B02,0.6951027772731067,0.0184385028591757,False,8,0,77.0,62,0.0,False,False,False
14,17,disty1,ACTTRAV_C03,0.6928222771218997,WALKTRAV_B02,0.6744138390138807,0.018408438108018954,False,8,1,43.5,28,0.125,False,False,False
14,17,disty10,ACTTRAV_C03,0.7135995891833832,WALKTRAV_B02,0.6951911510753643,0.018408438108018843,False,7,7,2.0,1,1.0,True,True,True
14,17,disty11,ACTTRAV_C03,0.7020344207678987,WALKTRAV_B02,0.6836259826598797,0.018408438108018954,False,8,8,2.0,1,1.0,True,False,True
14,17,disty12,ACTTRAV_C03,0.7045257499980123,WALKTRAV_B02,0.6861173118899934,0.018408438108018954,False,7,7,8.0,5,1.0,True,True,True
14,17,disty13,ACTTRAV_C03,0.7099663623113125,WALKTRAV_B02,0.6915579242032935,0.018408438108018954,False,8,8,6.0,3,1.0,True,False,True
14,17,disty2,ACTTRAV_C03,0.6982775085909299,WALKTRAV_B02,0.6798690704829109,0.018408438108018954,False,8,4,29.0,18,0.5,True,False,True
14,17,disty3,ACTTRAV_C03,0.6919049042918836,WALKTRAV_B02,0.6734964661838646,0.018408438108018954,False,8,0,51.0,40,0.0,False,False,False
14,17,disty4,ACTTRAV_C03,0.6891458430948197,WALKTRAV_B02,0.6707374049868009,0.018408438108018843,False,8,8,10.5,8,1.0,True,False,True
14,17,disty5,ACTTRAV_C03,0.6994976141787764,WALKTRAV_B02,0.6810891760707575,0.018408438108018954,False,8,5,25.0,18,0.625,True,False,True
14,17,disty6,ACTTRAV_C03,0.6927151800714831,WALKTRAV_B02,0.6743067419634642,0.018408438108018954,False,8,8,5.5,1,1.0,True,False,True
14,17,disty7,ACTTRAV_C03,0.6938243930812958,WALKTRAV_B02,0.6754159549732769,0.018408438108018954,False,8,7,23.5,12,0.875,True,False,True
14,17,disty8,ACTTRAV_C03,0.7007236531376398,WALKTRAV_B02,0.6823152150296209,0.018408438108018954,False,8,8,12.0,7,1.0,True,False,True
14,17,disty9,ACTTRAV_C03,0.6981798534080325,WALKTRAV_B02,0.6797714153000135,0.018408438108018954,False,8,8,11.0,7,1.0,True,False,True
14,17,limiting_disability,ACTTRAV_C03,0.6976976779438149,WALKTRAV_B02,0.6792892398357959,0.018408438108018954,False,8,0,78.0,71,0.0,False,False,False
14,17,no_disability,ACTTRAV_C03,0.7009134490423857,WALKTRAV_B02,0.6824875713438577,0.018425877698527993,False,8,0,315.5,291,0.0,False,False,False
14,17,non_limiting_disability,ACTTRAV_C03,0.7062249368660797,WALKTRAV_B02,0.6878164987580607,0.018408438108018954,False,8,0,73.0,63,0.0,False,False,False
14,171,disty1,ACTTRAV_C03,0.692894316883546,WALKTRAV_B02,0.674485878775527,0.018408438108018954,False,8,0,38.0,32,0.0,False,False,False
14,171,disty10,ACTTRAV_C03,0.7150848166013045,WALKTRAV_B02,0.6966763784932856,0.018408438108018954,False,8,8,5.0,2,1.0,True,False,True
14,171,disty11,ACTTRAV_C03,0.7031675321111427,WALKTRAV_B02,0.6847590940031237,0.018408438108018954,False,8,8,3.0,1,1.0,True,False,True
14,171,disty12,ACTTRAV_C03,0.7052253045815959,WALKTRAV_B02,0.686816866473577,0.018408438108018954,False,8,8,6.5,4,1.0,True,False,True
14,171,disty13,ACTTRAV_C03,0.7096268760270746,WALKTRAV_B02,0.6912184379190558,0.018408438108018843,False,8,8,5.5,4,1.0,True,False,True
14,171,disty2,ACTTRAV_C03,0.6986433316291177,WALKTRAV_B02,0.6802348935210988,0.018408438108018954,False,8,7,25.0,20,0.875,True,False,True
14,171,disty3,ACTTRAV_C03,0.6925922815179372,WALKTRAV_B02,0.6741838434099182,0.018408438108018954,False,8,1,33.5,26,0.125,False,False,False
14,171,disty4,ACTTRAV_C03,0.6897903250081663,WALKTRAV_B02,0.6713818869001472,0.018408438108019065,False,8,8,7.5,3,1.0,True,False,True
14,171,disty5,ACTTRAV_C03,0.6996153006031673,WALKTRAV_B02,0.6812068624951484,0.018408438108018954,False,8,5,25.5,14,0.625,True,False,True
14,171,disty6,ACTTRAV_C03,0.6937602101963773,WALKTRAV_B02,0.6753517720883584,0.018408438108018954,False,8,8,5.5,1,1.0,True,False,True
14,171,disty7,ACTTRAV_C03,0.6945096788359478,WALKTRAV_B02,0.6761012407279289,0.018408438108018954,False,8,8,18.0,12,1.0,True,False,True
14,171,disty8,ACTTRAV_C03,0.7017064316949867,WALKTRAV_B02,0.6832979935869677,0.018408438108018954,False,8,8,10.0,6,1.0,True,False,True
14,171,disty9,ACTTRAV_C03,0.6986855439504831,WALKTRAV_B02,0.6802771058424641,0.018408438108018954,False,8,8,10.0,7,1.0,True,False,True
14,171,limiting_disability,ACTTRAV_C03,0.6981348368851398,WALKTRAV_B02,0.6797263987771208,0.018408438108018954,False,8,0,69.5,58,0.0,False,False,False
14,171,no_disability,ACTTRAV_C03,0.7011393424878908,WALKTRAV_B02,0.6826924447959698,0.018446897691920983,False,8,0,329.5,305,0.0,False,False,False
14,171,non_limiting_disability,ACTTRAV_C03,0.7061708769191257,WALKTRAV_B02,0.6877384545305798,0.01843242238854592,False,8,0,55.5,47,0.0,False,False,False
14,196,disty1,ACTTRAV_C03,0.6932928995282417,WALKTRAV_B02,0.6748844614202227,0.018408438108018954,False,8,0,40.0,32,0.0,False,False,False
14,196,disty10,ACTTRAV_C03,0.7159227143511517,WALKTRAV_B02,0.6975142762431328,0.018408438108018954,False,8,8,3.0,1,1.0,True,False,True
14,196,disty11,ACTTRAV_C03,0.7025225129383342,WALKTRAV_B02,0.6841140748303153,0.018408438108018954,False,8,8,2.0,1,1.0,True,False,True
14,196,disty12,ACTTRAV_C03,0.7046694521114915,WALKTRAV_B02,0.6862476957645488,0.018421756346942653,False,8,8,7.5,4,1.0,True,False,True
14,196,disty13,ACTTRAV_C03,0.7095768671223045,WALKTRAV_B02,0.6911684290142855,0.018408438108018954,False,8,8,5.5,3,1.0,True,False,True
14,196,disty2,ACTTRAV_C03,0.6991209716703028,WALKTRAV_B02,0.6807125335622839,0.018408438108018954,False,8,5,28.5,24,0.625,True,False,True
14,196,disty3,ACTTRAV_C03,0.6924914905218714,WALKTRAV_B02,0.6740830524138525,0.018408438108018954,False,8,0,38.0,31,0.0,False,False,False
14,196,disty4,ACTTRAV_C03,0.6893620529348483,WALKTRAV_B02,0.6709260603516057,0.018435992583242578,False,8,8,12.0,3,1.0,True,False,True
14,196,disty5,ACTTRAV_C03,0.6994815156743182,WALKTRAV_B02,0.6810663911853546,0.01841512448896354,False,8,7,21.0,10,0.875,True,False,True
14,196,disty6,ACTTRAV_C03,0.6943440205167084,WALKTRAV_B02,0.6759355824086895,0.018408438108018954,False,8,8,7.0,4,1.0,True,False,True
14,196,disty7,ACTTRAV_C03,0.6944899593620101,WALKTRAV_B02,0.6760815212539912,0.018408438108018843,False,8,8,20.0,14,1.0,True,False,True
14,196,disty8,ACTTRAV_C03,0.7011790720508362,WALKTRAV_B02,0.6827706339428172,0.018408438108018954,False,8,8,10.5,6,1.0,True,False,True
14,196,disty9,ACTTRAV_C03,0.69894156049599,WALKTRAV_B02,0.680533122387971,0.018408438108018954,False,8,8,11.0,5,1.0,True,False,True
14,196,limiting_disability,ACTTRAV_C03,0.6982225238970013,WALKTRAV_B02,0.6797914786738705,0.018431045223130882,False,8,0,74.5,60,0.0,False,False,False
14,196,no_disability,ACTTRAV_C03,0.7014044173840089,WALKTRAV_B02,0.6829747710102377,0.018429646373771202,False,8,0,330.0,301,0.0,False,False,False
14,196,non_limiting_disability,ACTTRAV_C03,0.7066569589037264,WALKTRAV_B02,0.6882140890931082,0.018442869810618157,False,8,0,76.0,63,0.0,False,False,False
14,201,disty1,ACTTRAV_C03,0.7079054345616594,WALKTRAV_B02,0.6894969964536404,0.018408438108019065,False,8,7,23.0,20,0.875,True,False,True
14,201,disty10,ACTTRAV_C03,0.7300071218676146,WALKTRAV_B02,0.7115986837595957,0.018408438108018954,False,7,7,3.0,2,1.0,True,True,True
14,201,disty11,ACTTRAV_C03,0.7181001527488324,WALKTRAV_B02,0.6996917146408135,0.018408438108018954,False,7,7,2.0,1,1.0,True,True,True
14,201,disty12,ACTTRAV_C03,0.7197756231549631,WALKTRAV_B02,0.7013671850469442,0.018408438108018954,False,8,8,5.5,3,1.0,True,False,True
14,201,disty13,ACTTRAV_C03,0.7245147815786864,WALKTRAV_B02,0.7061063434706675,0.018408438108018954,False,8,8,3.5,1,1.0,True,False,True
14,201,disty2,ACTTRAV_C03,0.7133257480237983,WALKTRAV_B02,0.6949173099157794,0.018408438108018954,False,8,8,19.5,14,1.0,True,False,True
14,201,disty3,ACTTRAV_C03,0.7069788192876338,WALKTRAV_B02,0.6885601446524069,0.01841867463522695,False,8,6,27.5,23,0.75,True,False,True
14,201,disty4,ACTTRAV_C03,0.7040521088632301,WALKTRAV_B02,0.6855942775140078,0.018457831349222298,False,8,8,9.0,6,1.0,True,False,True
14,201,disty5,ACTTRAV_C03,0.7147123223316089,WALKTRAV_B02,0.6963038842235899,0.018408438108018954,False,8,8,16.0,8,1.0,True,False,True
14,201,disty6,ACTTRAV_C03,0.7092252592608799,WALKTRAV_B02,0.6908168211528609,0.018408438108018954,False,8,8,5.5,2,1.0,True,False,True
14,201,disty7,ACTTRAV_C03,0.7090173038547312,WALKTRAV_B02,0.6906088657467122,0.018408438108018954,False,8,8,12.5,7,1.0,True,False,True
14,201,disty8,ACTTRAV_C03,0.7163592720138928,WALKTRAV_B02,0.6979508339058739,0.018408438108018954,False,8,8,6.5,3,1.0,True,False,True
14,201,disty9,ACTTRAV_C03,0.7131223990060441,WALKTRAV_B02,0.6947139608980252,0.018408438108018954,False,8,8,5.0,2,1.0,True,False,True
14,201,limiting_disability,ACTTRAV_C03,0.7128761708613836,WALKTRAV_B02,0.6944431066213,0.018433064240083508,False,8,0,52.5,42,0.0,False,False,False
14,201,no_disability,ACTTRAV_C03,0.7156520319748515,WALKTRAV_B02,0.6971573833794034,0.018494648595448138,False,8,0,336.0,295,0.0,False,False,False
14,201,non_limiting_disability,ACTTRAV_C03,0.7208021964438457,WALKTRAV_B02,0.7023243362697646,0.01847786017408104,False,8,0,84.0,68,0.0,False,False,False
14,241,disty1,ACTTRAV_C03,0.7048889730350706,WALKTRAV_B02,0.6864292970938627,0.018459675941207898,False,8,3,31.0,24,0.375,False,False,False
14,241,disty10,ACTTRAV_C03,0.7273908740629682,WALKTRAV_B02,0.7089824359549493,0.018408438108018954,False,8,8,4.0,3,1.0,True,False,True
14,241,disty11,ACTTRAV_C03,0.7154851067727099,WALKTRAV_B02,0.697076668664691,0.018408438108018954,False,6,6,3.0,2,1.0,True,True,True
14,241,disty12,ACTTRAV_C03,0.7169276166901679,WALKTRAV_B02,0.698519178582149,0.018408438108018954,False,8,8,8.5,4,1.0,True,False,True
14,241,disty13,ACTTRAV_C03,0.7214711726637099,WALKTRAV_B02,0.7030627345556909,0.018408438108018954,False,8,8,5.0,2,1.0,True,False,True
14,241,disty2,ACTTRAV_C03,0.7105956220004598,WALKTRAV_B02,0.6921871838924408,0.018408438108018954,False,8,6,22.0,14,0.75,True,False,True
14,241,disty3,ACTTRAV_C03,0.7042140812953536,WALKTRAV_B02,0.6858056431873346,0.018408438108018954,False,8,2,31.0,24,0.25,False,False,False
14,241,disty4,ACTTRAV_C03,0.7018823886511302,WALKTRAV_B02,0.6834739505431112,0.018408438108018954,False,8,8,8.0,5,1.0,True,False,True
14,241,disty5,ACTTRAV_C03,0.7119113220956749,WALKTRAV_B02,0.6932481791677354,0.01866314292793947,False,8,5,24.5,16,0.625,True,False,True
14,241,disty6,ACTTRAV_C03,0.7066500421757302,WALKTRAV_B02,0.6882416040677113,0.018408438108018954,False,8,8,5.0,3,1.0,True,False,True
14,241,disty7,ACTTRAV_C03,0.7063864472229886,WALKTRAV_B02,0.6879061449535736,0.018480302269414994,False,8,8,16.5,14,1.0,True,False,True
14,241,disty8,ACTTRAV_C03,0.7132912673718605,WALKTRAV_B02,0.6948828292638416,0.018408438108018954,False,8,8,10.0,6,1.0,True,False,True
14,241,disty9,ACTTRAV_C03,0.7114689958476755,WALKTRAV_B02,0.6930605577396566,0.018408438108018954,False,8,8,6.0,5,1.0,True,False,True
14,241,limiting_disability,ACTTRAV_C03,0.7100211631507006,WALKTRAV_B02,0.6914837473082733,0.018537415842427296,False,8,0,61.0,50,0.0,False,False,False
14,241,no_disability,ACTTRAV_C03,0.7131859077140369,WALKTRAV_B02,0.6947049629899239,0.01848094472411299,False,8,0,342.0,312,0.0,False,False,False
14,241,non_limiting_disability,ACTTRAV_C03,0.7185155456517646,WALKTRAV_B02,0.7000712269008021,0.01844431875096242,False,8,0,75.0,54,0.0,False,False,False
14,255,disty1,ACTTRAV_C03,0.6950461323438942,WALKTRAV_B02,0.6765900147807522,0.018456117563142027,False,8,0,39.5,31,0.0,False,False,False
14,255,disty10,ACTTRAV_C03,0.7159154159193336,WALKTRAV_B02,0.6975069778113147,0.018408438108018954,False,8,8,3.0,2,1.0,True,False,True
14,255,disty11,ACTTRAV_C03,0.7048177464289533,WALKTRAV_B02,0.6864093083209344,0.018408438108018954,False,6,6,3.0,1,1.0,True,True,True
14,255,disty12,ACTTRAV_C03,0.70705920935639,WALKTRAV_B02,0.6885952560792218,0.01846395327716821,False,8,8,5.5,2,1.0,True,False,True
14,255,disty13,ACTTRAV_C03,0.7118440808382479,WALKTRAV_B02,0.693435642730229,0.018408438108018954,False,8,8,5.0,2,1.0,True,False,True
14,255,disty2,ACTTRAV_C03,0.7005907881272487,WALKTRAV_B02,0.6821823500192298,0.018408438108018954,False,8,6,27.0,23,0.75,True,False,True
14,255,disty3,ACTTRAV_C03,0.6938842353179597,WALKTRAV_B02,0.6754602722442641,0.01842396307369565,False,8,0,43.0,33,0.0,False,False,False
14,255,disty4,ACTTRAV_C03,0.6908962449672478,WALKTRAV_B02,0.6724878068592288,0.018408438108018954,False,8,8,13.0,7,1.0,True,False,True
14,255,disty5,ACTTRAV_C03,0.7016406932902302,WALKTRAV_B02,0.6832110671023538,0.018429626187876358,False,8,6,23.5,15,0.75,True,False,True
14,255,disty6,ACTTRAV_C03,0.6957074292388468,WALKTRAV_B02,0.6772989911308277,0.018408438108019065,False,8,8,6.5,2,1.0,True,False,True
14,255,disty7,ACTTRAV_C03,0.6959855479824368,WALKTRAV_B02,0.6775520429312685,0.018433505051168364,False,8,7,25.0,19,0.875,True,False,True
14,255,disty8,ACTTRAV_C03,0.7029310886560923,WALKTRAV_B02,0.6844899002542838,0.018441188401808528,False,8,8,12.0,7,1.0,True,False,True
14,255,disty9,ACTTRAV_C03,0.7009934164165371,WALKTRAV_B02,0.6825849783085182,0.018408438108018954,False,8,8,11.5,9,1.0,True,False,True
14,255,limiting_disability,ACTTRAV_C03,0.6997389319690415,WALKTRAV_B02,0.6812991607510027,0.018439771218038747,False,8,0,76.0,59,0.0,False,False,False
14,255,no_disability,ACTTRAV_C03,0.702877562127351,WALKTRAV_B02,0.6844582099838702,0.018419352143480783,False,8,0,328.0,273,0.0,False,False,False
14,255,non_limiting_disability,ACTTRAV_C03,0.7080787610737459,WALKTRAV_B02,0.6896544133842134,0.018424347689532494,False,8,0,78.0,59,0.0,False,False,False
14,272,disty1,ACTTRAV_C03,0.7005030940265341,WALKTRAV_B02,0.6820946559185151,0.018408438108018954,False,8,5,27.0,23,0.625,True,False,True
14,272,disty10,ACTTRAV_C03,0.7221050567955053,WALKTRAV_B02,0.7036966186874863,0.018408438108018954,False,8,8,3.5,2,1.0,True,False,True
14,272,disty11,ACTTRAV_C03,0.7104947316963673,WALKTRAV_B02,0.6920862935883484,0.018408438108018954,False,6,6,1.5,1,1.0,True,True,True
14,272,disty12,ACTTRAV_C03,0.7120351456385571,WALKTRAV_B02,0.6936267075305381,0.018408438108018954,False,8,8,9.0,1,1.0,True,False,True
14,272,disty13,ACTTRAV_C03,0.7162414395521921,WALKTRAV_B02,0.6978330014441732,0.018408438108018954,False,8,8,5.0,3,1.0,True,False,True
14,272,disty2,ACTTRAV_C03,0.7061203703103416,WALKTRAV_B02,0.6877119322023225,0.018408438108019065,False,8,8,21.5,18,1.0,True,False,True
14,272,disty3,ACTTRAV_C03,0.6995595686052131,WALKTRAV_B02,0.6810964890086175,0.018463079596595544,False,8,8,23.0,17,1.0,True,False,True
14,272,disty4,ACTTRAV_C03,0.6970127864564318,WALKTRAV_B02,0.6786043483484129,0.018408438108018954,False,8,8,4.5,3,1.0,True,False,True
14,272,disty5,ACTTRAV_C03,0.7069106892713003,WALKTRAV_B02,0.6884757847483042,0.01843490452299612,False,8,6,24.5,16,0.75,True,False,True
14,272,disty6,ACTTRAV_C03,0.701460542552448,WALKTRAV_B02,0.6830521044444291,0.018408438108018954,False,8,8,5.5,3,1.0,True,False,True
14,272,disty7,ACTTRAV_C03,0.701555480137071,WALKTRAV_B02,0.6831470420290521,0.018408438108018954,False,8,8,15.0,11,1.0,True,False,True
14,272,disty8,ACTTRAV_C03,0.7083096299363826,WALKTRAV_B02,0.6899011918283636,0.018408438108018954,False,8,8,7.5,4,1.0,True,False,True
14,272,disty9,ACTTRAV_C03,0.7060558441515387,WALKTRAV_B02,0.6876474060435197,0.018408438108018954,False,8,8,5.0,2,1.0,True,False,True
14,272,limiting_disability,ACTTRAV_C03,0.7054597244699056,WALKTRAV_B02,0.6870271849079161,0.018432539561989425,False,8,0,56.5,43,0.0,False,False,False
14,272,no_disability,ACTTRAV_C03,0.7088265164577232,WALKTRAV_B02,0.6903723260082306,0.01845419044949259,False,8,0,356.5,311,0.0,False,False,False
14,272,non_limiting_disability,ACTTRAV_C03,0.7140729396680117,WALKTRAV_B02,0.695530135260427,0.018542804407584712,False,8,0,58.0,41,0.0,False,False,False
14,279,disty1,ACTTRAV_C03,0.6986259282453876,WALKTRAV_B02,0.6801994215140935,0.01842650673129409,False,8,1,38.0,24,0.125,False,False,False
14,279,disty10,ACTTRAV_C03,0.7207392321465057,WALKTRAV_B02,0.7023307940384867,0.018408438108018954,False,8,8,3.0,2,1.0,True,False,True
14,279,disty11,ACTTRAV_C03,0.7087305135021881,WALKTRAV_B02,0.6903220753941691,0.018408438108018954,False,8,8,2.0,1,1.0,True,False,True
14,279,disty12,ACTTRAV_C03,0.7101192674397171,WALKTRAV_B02,0.6917108293316981,0.018408438108018954,False,8,8,5.5,3,1.0,True,False,True
14,279,disty13,ACTTRAV_C03,0.715292811323488,WALKTRAV_B02,0.6961845847281893,0.01910822659529865,False,8,8,3.5,1,1.0,True,False,True
14,279,disty2,ACTTRAV_C03,0.7040422092632673,WALKTRAV_B02,0.6856122580049597,0.018429951258307598,False,8,7,27.0,19,0.875,True,False,True
14,279,disty3,ACTTRAV_C03,0.6978528746516919,WALKTRAV_B02,0.6794444365436729,0.018408438108018954,False,8,1,40.0,22,0.125,False,False,False
14,279,disty4,ACTTRAV_C03,0.6952481341941547,WALKTRAV_B02,0.6768396960861357,0.018408438108018954,False,8,8,8.5,2,1.0,True,False,True
14,279,disty5,ACTTRAV_C03,0.7047240337968969,WALKTRAV_B02,0.6862914728774074,0.018432560919489416,False,8,7,24.0,11,0.875,True,False,True
14,279,disty6,ACTTRAV_C03,0.700015941283843,WALKTRAV_B02,0.6816075031758241,0.018408438108018954,False,8,8,4.5,1,1.0,True,False,True
14,279,disty7,ACTTRAV_C03,0.7002723742421758,WALKTRAV_B02,0.6818639361341569,0.018408438108018954,False,8,8,19.0,16,1.0,True,False,True
14,279,disty8,ACTTRAV_C03,0.7064171114464833,WALKTRAV_B02,0.6880086733384644,0.018408438108018954,False,8,8,7.0,6,1.0,True,False,True
14,279,disty9,ACTTRAV_C03,0.7040127227282721,WALKTRAV_B02,0.6856042846202531,0.018408438108018954,False,8,8,7.5,4,1.0,True,False,True
14,279,limiting_disability,ACTTRAV_C03,0.7033604550862741,WALKTRAV_B02,0.6849216290062358,0.01843882608003833,False,8,0,65.5,50,0.0,False,False,False
14,279,no_disability,ACTTRAV_C03,0.7063960059721898,WALKTRAV_B02,0.6879365976414553,0.01845940833073445,False,8,0,333.5,308,0.0,False,False,False
14,279,non_limiting_disability,ACTTRAV_C03,0.7120300846370587,WALKTRAV_B02,0.6935293350144381,0.018500749622620605,False,8,0,71.5,60,0.0,False,False,False
14,280,disty1,ACTTRAV_C03,0.7133015319611163,WALKTRAV_B02,0.6948930938530974,0.018408438108018954,False,8,8,21.5,13,1.0,True,False,True
14,280,disty10,ACTTRAV_C03,0.734643958844564,WALKTRAV_B02,0.7162355207365451,0.018408438108018954,False,8,8,3.0,1,1.0,True,False,True
14,280,disty11,ACTTRAV_C03,0.7220269142486739,WALKTRAV_B02,0.703618476140655,0.018408438108018954,False,5,5,2.0,1,1.0,True,True,True
14,280,disty12,ACTTRAV_C03,0.7249250501134226,WALKTRAV_B02,0.7065166120054035,0.018408438108019065,False,8,8,4.5,1,1.0,True,False,True
14,280,disty13,ACTTRAV_C03,0.7299523230393405,WALKTRAV_B02,0.7115438849313216,0.018408438108018954,False,8,8,3.5,1,1.0,True,False,True
14,280,disty2,ACTTRAV_C03,0.7189671791766027,WALKTRAV_B02,0.7005587410685837,0.018408438108018954,False,8,8,18.0,12,1.0,True,False,True
14,280,disty3,ACTTRAV_C03,0.7123376819353284,WALKTRAV_B02,0.6939292438273095,0.018408438108018954,False,8,6,23.0,18,0.75,True,False,True
14,280,disty4,ACTTRAV_C03,0.7088852562383138,WALKTRAV_B02,0.6904768181302947,0.018408438108019065,False,8,8,5.5,2,1.0,True,False,True
14,280,disty5,ACTTRAV_C03,0.7198885445203574,WALKTRAV_B02,0.7014801064123385,0.018408438108018954,False,8,6,17.5,8,0.75,True,False,True
14,280,disty6,ACTTRAV_C03,0.7146343594318205,WALKTRAV_B02,0.6962259213238016,0.018408438108018954,False,8,8,3.0,1,1.0,True,False,True
14,280,disty7,ACTTRAV_C03,0.7147837097370966,WALKTRAV_B02,0.6963752716290776,0.018408438108018954,False,8,8,14.5,9,1.0,True,False,True
14,280,disty8,ACTTRAV_C03,0.7210221110331051,WALKTRAV_B02,0.7026136729250861,0.018408438108018954,False,8,8,6.0,4,1.0,True,False,True
14,280,disty9,ACTTRAV_C03,0.7195102402048402,WALKTRAV_B02,0.7011018020968213,0.018408438108018954,False,8,8,5.5,3,1.0,True,False,True
14,280,limiting_disability,ACTTRAV_C03,0.7183198762967896,WALKTRAV_B02,0.6999114381887707,0.018408438108018954,False,8,0,47.5,38,0.0,False,False,False
14,280,no_disability,ACTTRAV_C03,0.7212455898421349,WALKTRAV_B02,0.7026443140793529,0.018601275762782032,False,8,0,346.0,329,0.0,False,False,False
14,280,non_limiting_disability,ACTTRAV_C03,0.7263640669758944,WALKTRAV_B02,0.7079431683412997,0.01842089863459473,False,8,0,70.0,59,0.0,False,False,False
14,293,disty1,ACTTRAV_C03,0.6997003351420027,WALKTRAV_B02,0.6812918970339837,0.018408438108018954,False,8,2,34.0,27,0.25,False,False,False
14,293,disty10,ACTTRAV_C03,0.7211940479773546,WALKTRAV_B02,0.7027856098693357,0.018408438108018954,False,8,8,5.5,2,1.0,True,False,True
14,293,disty11,ACTTRAV_C03,0.7105420565037041,WALKTRAV_B02,0.6921336183956851,0.018408438108018954,False,7,7,3.0,1,1.0,True,True,True
14,293,disty12,ACTTRAV_C03,0.7112922212006128,WALKTRAV_B02,0.6928837830925939,0.018408438108018843,False,8,8,10.0,6,1.0,True,False,True
14,293,disty13,ACTTRAV_C03,0.7162220974403003,WALKTRAV_B02,0.6978136593322813,0.018408438108018954,False,8,8,3.5,1,1.0,True,False,True
14,293,disty2,ACTTRAV_C03,0.7051129749738677,WALKTRAV_B02,0.6867045368658488,0.018408438108018954,False,8,5,26.0,23,0.625,True,False,True
14,293,disty3,ACTTRAV_C03,0.698885179340149,WALKTRAV_B02,0.6804767412321301,0.018408438108018954,False,8,1,37.5,25,0.125,False,False,False
14,293,disty4,ACTTRAV_C03,0.6957754608264937,WALKTRAV_B02,0.6773670227184747,0.018408438108018954,False,8,8,13.5,9,1.0,True,False,True
14,293,disty5,ACTTRAV_C03,0.7062160527885312,WALKTRAV_B02,0.6878076146805122,0.018408438108018954,False,8,6,24.0,13,0.75,True,False,True
14,293,disty6,ACTTRAV_C03,0.7000056057262529,WALKTRAV_B02,0.681597167618234,0.018408438108018954,False,8,8,8.0,5,1.0,True,False,True
14,293,disty7,ACTTRAV_C03,0.7009611727907766,WALKTRAV_B02,0.6825527346827577,0.018408438108018954,False,8,8,16.0,11,1.0,True,False,True
14,293,disty8,ACTTRAV_C03,0.707594339823997,WALKTRAV_B02,0.689185901715978,0.018408438108018954,False,8,8,13.0,5,1.0,True,False,True
14,293,disty9,ACTTRAV_C03,0.7055085201522545,WALKTRAV_B02,0.6871000820442356,0.018408438108018954,False,8,8,10.0,4,1.0,True,False,True
14,293,limiting_disability,ACTTRAV_C03,0.7047022967762832,WALKTRAV_B02,0.6862938586682642,0.018408438108018954,False,8,0,69.5,47,0.0,False,False,False
14,293,no_disability,ACTTRAV_C03,0.7080030940839962,WALKTRAV_B02,0.6895403922512137,0.018462701832782535,False,8,0,325.5,289,0.0,False,False,False
14,293,non_limiting_disability,ACTTRAV_C03,0.7131486556734674,WALKTRAV_B02,0.6946748040388844,0.01847385163458304,False,8,0,75.0,57,0.0,False,False,False
14,30,disty1,ACTTRAV_C03,0.69294884828644,WALKTRAV_B02,0.6745330709407477,0.01841577734569233,False,8,1,36.5,27,0.125,False,False,False
14,30,disty10,ACTTRAV_C03,0.7150947459813932,WALKTRAV_B02,0.6966863078733742,0.018408438108019065,False,7,7,5.0,2,1.0,True,True,True
14,30,disty11,ACTTRAV_C03,0.7036177107508333,WALKTRAV_B02,0.6852092726428144,0.018408438108018954,False,7,7,4.0,2,1.0,True,True,True
14,30,disty12,ACTTRAV_C03,0.7053281907300823,WALKTRAV_B02,0.6869197526220634,0.018408438108018954,False,8,8,8.5,4,1.0,True,False,True
14,30,disty13,ACTTRAV_C03,0.7094250874397063,WALKTRAV_B02,0.6910166493316873,0.018408438108019065,False,8,8,6.0,3,1.0,True,False,True
14,30,disty2,ACTTRAV_C03,0.6985292411434295,WALKTRAV_B02,0.6801208030354106,0.018408438108018954,False,8,3,30.5,25,0.375,False,False,False
14,30,disty3,ACTTRAV_C03,0.692437249542628,WALKTRAV_B02,0.674028811434609,0.018408438108018954,False,8,2,37.5,28,0.25,False,False,False
14,30,disty4,ACTTRAV_C03,0.6897413337329712,WALKTRAV_B02,0.6713328956249522,0.018408438108018954,False,8,8,9.5,5,1.0,True,False,True
14,30,disty5,ACTTRAV_C03,0.6999079571654959,WALKTRAV_B02,0.6814950709770041,0.018412886188491795,False,8,5,19.0,13,0.625,True,False,True
14,30,disty6,ACTTRAV_C03,0.6939218079526509,WALKTRAV_B02,0.675513369844632,0.018408438108018954,False,8,8,6.5,3,1.0,True,False,True
14,30,disty7,ACTTRAV_C03,0.6946127140180158,WALKTRAV_B02,0.676204275909997,0.018408438108018843,False,8,8,19.5,14,1.0,True,False,True
14,30,disty8,ACTTRAV_C03,0.7014399837601244,WALKTRAV_B02,0.6830315456521053,0.018408438108019065,False,8,8,13.5,7,1.0,True,False,True
14,30,disty9,ACTTRAV_C03,0.6993096236037147,WALKTRAV_B02,0.6809011854956958,0.018408438108018954,False,8,8,10.0,6,1.0,True,False,True
14,30,limiting_disability,ACTTRAV_C03,0.6982438858652482,WALKTRAV_B02,0.679833301408742,0.01841058445650623,False,8,0,64.0,52,0.0,False,False,False
14,30,no_disability,ACTTRAV_C03,0.7012043106119025,WALKTRAV_B02,0.6827539611924287,0.018450349419473766,False,8,0,331.5,320,0.0,False,False,False
14,30,non_limiting_disability,ACTTRAV_C03,0.7065301206040909,WALKTRAV_B02,0.6880589208098267,0.01847119979426426,False,8,0,62.5,52,0.0,False,False,False
14,35,disty1,ACTTRAV_C03,0.6982768845139701,WALKTRAV_B02,0.6798684464059511,0.018408438108018954,False,8,2,36.5,28,0.25,False,False,False
14,35,disty10,ACTTRAV_C03,0.720122796313371,WALKTRAV_B02,0.701714358205352,0.018408438108018954,False,8,8,3.0,1,1.0,True,False,True
14,35,disty11,ACTTRAV_C03,0.7087668444153377,WALKTRAV_B02,0.6903584063073187,0.018408438108018954,False,7,7,3.0,1,1.0,True,True,True
14,35,disty12,ACTTRAV_C03,0.7105574968242436,WALKTRAV_B02,0.6921490587162247,0.018408438108018954,False,8,8,6.5,2,1.0,True,False,True
14,35,disty13,ACTTRAV_C03,0.7141594591809374,WALKTRAV_B02,0.6957510210729184,0.018408438108018954,False,8,8,5.0,2,1.0,True,False,True
14,35,disty2,ACTTRAV_C03,0.7033553533237247,WALKTRAV_B02,0.6848835090339902,0.018471844289734474,False,8,8,21.0,18,1.0,True,False,True
14,35,disty3,ACTTRAV_C03,0.697629449197442,WALKTRAV_B02,0.679221011089423,0.018408438108018954,False,8,0,40.5,35,0.0,False,False,False
14,35,disty4,ACTTRAV_C03,0.694387138121874,WALKTRAV_B02,0.6759787000138551,0.018408438108018954,False,8,8,12.0,10,1.0,True,False,True
14,35,disty5,ACTTRAV_C03,0.7051656116802035,WALKTRAV_B02,0.6867571735721846,0.018408438108018954,False,8,7,22.5,10,0.875,True,False,True
14,35,disty6,ACTTRAV_C03,0.6992722807020304,WALKTRAV_B02,0.6808638425940114,0.018408438108018954,False,8,8,4.0,3,1.0,True,False,True
14,35,disty7,ACTTRAV_C03,0.6996759154273188,WALKTRAV_B02,0.6812674773192998,0.018408438108018954,False,8,8,16.5,11,1.0,True,False,True
14,35,disty8,ACTTRAV_C03,0.7066493824730686,WALKTRAV_B02,0.6882409443650497,0.018408438108018954,False,8,8,10.5,7,1.0,True,False,True
14,35,disty9,ACTTRAV_C03,0.7041503481343921,WALKTRAV_B02,0.6857419100263732,0.018408438108018954,False,8,8,9.5,5,1.0,True,False,True
14,35,limiting_disability,ACTTRAV_C03,0.7033957600107061,WALKTRAV_B02,0.6849706890976905,0.018425070913015595,False,8,0,67.0,56,0.0,False,False,False
14,35,no_disability,ACTTRAV_C03,0.7065889189223918,WALKTRAV_B02,0.6881476443935899,0.018441274528801954,False,8,0,300.5,290,0.0,False,False,False
14,35,non_limiting_disability,ACTTRAV_C03,0.7117046905851451,WALKTRAV_B02,0.6932913850441416,0.01841330554100351,False,8,0,81.5,77,0.0,False,False,False
14,44,disty1,ACTTRAV_C03,0.7024794932164851,WALKTRAV_B02,0.6840415956253522,0.0184378975911329,False,8,3,31.0,26,0.375,False,False,False
14,44,disty10,ACTTRAV_C03,0.7237743447120374,WALKTRAV_B02,0.7053659066040184,0.018408438108018954,False,8,8,4.5,3,1.0,True,False,True
14,44,disty11,ACTTRAV_C03,0.7115228221752633,WALKTRAV_B02,0.6931143840672443,0.018408438108018954,False,8,8,3.0,2,1.0,True,False,True
14,44,disty12,ACTTRAV_C03,0.7137888341933871,WALKTRAV_B02,0.6953608998133916,0.01842793437999557,False,8,8,8.0,3,1.0,True,False,True
14,44,disty13,ACTTRAV_C03,0.7187788793399742,WALKTRAV_B02,0.7003469076434873,0.018431971696486915,False,8,8,5.5,2,1.0,True,False,True
14,44,disty2,ACTTRAV_C03,0.7080298118430335,WALKTRAV_B02,0.6896213737350145,0.018408438108018954,False,8,3,30.5,24,0.375,False,False,False
14,44,disty3,ACTTRAV_C03,0.701716832193223,WALKTRAV_B02,0.6832769555154812,0.01843987667774183,False,8,0,41.0,31,0.0,False,False,False
14,44,disty4,ACTTRAV_C03,0.6987763600433639,WALKTRAV_B02,0.6803679219353449,0.018408438108018954,False,8,8,12.0,7,1.0,True,False,True
14,44,disty5,ACTTRAV_C03,0.7088091154624282,WALKTRAV_B02,0.6903878800927384,0.01842123536968976,False,8,3,32.5,21,0.375,False,False,False
14,44,disty6,ACTTRAV_C03,0.7023966506213627,WALKTRAV_B02,0.6839882125133437,0.018408438108018954,False,8,8,8.5,6,1.0,True,False,True
14,44,disty7,ACTTRAV_C03,0.7032749421067179,WALKTRAV_B02,0.684866503998699,0.018408438108018954,False,8,8,19.5,13,1.0,True,False,True
14,44,disty8,ACTTRAV_C03,0.7101770107993948,WALKTRAV_B02,0.6917685726913758,0.018408438108018954,False,8,8,15.0,7,1.0,True,False,True
14,44,disty9,ACTTRAV_C03,0.7078840374252583,WALKTRAV_B02,0.6894755993172393,0.018408438108018954,False,8,8,10.5,8,1.0,True,False,True
14,44,limiting_disability,ACTTRAV_C03,0.7074449466515812,WALKTRAV_B02,0.6890158717529242,0.018429074898656972,False,8,0,72.5,59,0.0,False,False,False
14,44,no_disability,ACTTRAV_C03,0.7105053717657432,WALKTRAV_B02,0.692058497013981,0.01844687475176221,False,8,0,315.5,287,0.0,False,False,False
14,44,non_limiting_disability,ACTTRAV_C03,0.7157081389206859,WALKTRAV_B02,0.6972192369407074,0.018488901979978434,False,8,0,76.5,58,0.0,False,False,False
14,68,disty1,ACTTRAV_C03,0.6951262418458092,WALKTRAV_B02,0.6767178037377902,0.018408438108018954,False,8,1,37.5,24,0.125,False,False,False
14,68,disty10,ACTTRAV_C03,0.7166546460796878,WALKTRAV_B02,0.6982252288606664,0.01842941721902136,False,8,8,3.0,1,1.0,True,False,True
14,68,disty11,ACTTRAV_C03,0.7050486427315069,WALKTRAV_B02,0.686640204623488,0.018408438108018954,False,8,8,2.5,1,1.0,True,False,True
14,68,disty12,ACTTRAV_C03,0.7065765322068813,WALKTRAV_B02,0.6881618275395396,0.01841470466734174,False,8,8,7.0,3,1.0,True,False,True
14,68,disty13,ACTTRAV_C03,0.7115364990446333,WALKTRAV_B02,0.6931280609366144,0.018408438108018954,False,8,8,4.5,2,1.0,True,False,True
14,68,disty2,ACTTRAV_C03,0.7007849670590097,WALKTRAV_B02,0.6823765289509908,0.018408438108018954,False,8,7,24.5,18,0.875,True,False,True
14,68,disty3,ACTTRAV_C03,0.6942743554331913,WALKTRAV_B02,0.6758659173251723,0.018408438108018954,False,8,1,37.0,29,0.125,False,False,False
14,68,disty4,ACTTRAV_C03,0.6907677418095085,WALKTRAV_B02,0.6723593037014896,0.018408438108018954,False,8,8,12.0,7,1.0,True,False,True
14,68,disty5,ACTTRAV_C03,0.7014504402380627,WALKTRAV_B02,0.6830399211515067,0.018410519086556,False,8,6,23.0,14,0.75,True,False,True
14,68,disty6,ACTTRAV_C03,0.6955505651671924,WALKTRAV_B02,0.6771421270591734,0.018408438108018954,False,8,8,6.0,4,1.0,True,False,True
14,68,disty7,ACTTRAV_C03,0.6959781491922569,WALKTRAV_B02,0.6775697110842379,0.018408438108018954,False,8,8,18.0,14,1.0,True,False,True
14,68,disty8,ACTTRAV_C03,0.7031543402675403,WALKTRAV_B02,0.6847405282231539,0.018413812044386413,False,8,8,12.0,6,1.0,True,False,True
14,68,disty9,ACTTRAV_C03,0.7005677017553803,WALKTRAV_B02,0.6821592636473613,0.018408438108018954,False,8,8,8.0,4,1.0,True,False,True
14,68,limiting_disability,ACTTRAV_C03,0.7000697800610599,WALKTRAV_B02,0.6816604108774079,0.01840936918365199,False,8,0,70.0,57,0.0,False,False,False
14,68,no_disability,ACTTRAV_C03,0.7031237617656919,WALKTRAV_B02,0.6847026625512912,0.018421099214400716,False,8,0,323.0,288,0.0,False,False,False
14,68,non_limiting_disability,ACTTRAV_C03,0.7084978350785829,WALKTRAV_B02,0.6900893969705639,0.018408438108018954,False,8,0,72.0,57,0.0,False,False,False
14,78,disty1,ACTTRAV_C03,0.6976950989940435,WALKTRAV_B02,0.6792525386547901,0.0184425603392534,False,8,4,31.0,25,0.5,True,False,True
14,78,disty10,ACTTRAV_C03,0.7197878420698822,WALKTRAV_B02,0.7013794039618634,0.018408438108018843,False,7,7,3.0,1,1.0,True,True,True
14,78,disty11,ACTTRAV_C03,0.7079557038894603,WALKTRAV_B02,0.6895472657814413,0.018408438108018954,False,6,6,2.0,1,1.0,True,True,True
14,78,disty12,ACTTRAV_C03,0.7091768189585096,WALKTRAV_B02,0.6907683808504906,0.018408438108018954,False,8,8,6.0,3,1.0,True,False,True
14,78,disty13,ACTTRAV_C03,0.7143979551817188,WALKTRAV_B02,0.6959895170736998,0.018408438108018954,False,8,8,5.5,2,1.0,True,False,True
14,78,disty2,ACTTRAV_C03,0.7034232129169051,WALKTRAV_B02,0.6850147748088862,0.018408438108018954,False,8,7,23.0,14,0.875,True,False,True
14,78,disty3,ACTTRAV_C03,0.6967442706202743,WALKTRAV_B02,0.6782860168559814,0.018458253764292887,False,8,3,31.0,19,0.375,False,False,False
14,78,disty4,ACTTRAV_C03,0.694299688008716,WALKTRAV_B02,0.6758912499006972,0.018408438108018843,False,8,8,6.5,2,1.0,True,False,True
14,78,disty5,ACTTRAV_C03,0.7042293420978107,WALKTRAV_B02,0.6857897448104163,0.018439597287394416,False,8,8,20.0,11,1.0,True,False,True
14,78,disty6,ACTTRAV_C03,0.6990573785142815,WALKTRAV_B02,0.6806489404062626,0.018408438108018954,False,8,8,5.0,2,1.0,True,False,True
14,78,disty7,ACTTRAV_C03,0.6987015959331524,WALKTRAV_B02,0.6802931578251334,0.018408438108018954,False,8,8,17.0,14,1.0,True,False,True
14,78,disty8,ACTTRAV_C03,0.7054382023897464,WALKTRAV_B02,0.6870297642817275,0.018408438108018954,False,8,8,7.5,4,1.0,True,False,True
14,78,disty9,ACTTRAV_C03,0.703250299814643,WALKTRAV_B02,0.6848418617066241,0.018408438108018954,False,8,8,9.0,5,1.0,True,False,True
14,78,limiting_disability,ACTTRAV_C03,0.7026930187255834,WALKTRAV_B02,0.6842588953127188,0.018434123412864656,False,8,0,62.0,45,0.0,False,False,False
14,78,no_disability,ACTTRAV_C03,0.7055727703402637,WALKTRAV_B02,0.6871046530453307,0.018468117294932918,False,8,0,327.0,317,0.0,False,False,False
14,78,non_limiting_disability,ACTTRAV_C03,0.7110417016062373,WALKTRAV_B02,0.6925952112944918,0.0184464903117455,False,8,0,75.5,60,0.0,False,False,False
14,8,disty1,ACTTRAV_C03,0.6909938749087102,WALKTRAV_B02,0.6725854368006913,0.018408438108018954,False,8,0,47.0,42,0.0,False,False,False
14,8,disty10,ACTTRAV_C03,0.7126800322073791,WALKTRAV_B02,0.6942715940993601,0.018408438108018954,False,7,7,8.0,3,1.0,True,True,True
14,8,disty11,ACTTRAV_C03,0.7011167814572857,WALKTRAV_B02,0.6827083433492668,0.018408438108018954,False,8,8,4.0,1,1.0,True,False,True
14,8,disty12,ACTTRAV_C03,0.7024046626975756,WALKTRAV_B02,0.6839962245895567,0.018408438108018954,False,8,8,13.0,3,1.0,True,False,True
14,8,disty13,ACTTRAV_C03,0.7069518061966423,WALKTRAV_B02,0.6885433680886234,0.018408438108018954,False,8,8,6.0,4,1.0,True,False,True
14,8,disty2,ACTTRAV_C03,0.6963710566620737,WALKTRAV_B02,0.6779626185540547,0.018408438108018954,False,8,4,30.0,23,0.5,True,False,True
14,8,disty3,ACTTRAV_C03,0.6902244655145474,WALKTRAV_B02,0.6718160274065285,0.018408438108018954,False,8,0,47.5,36,0.0,False,False,False
14,8,disty4,ACTTRAV_C03,0.6875750560508561,WALKTRAV_B02,0.6691666179428372,0.018408438108018954,False,8,8,10.5,4,1.0,True,False,True
14,8,disty5,ACTTRAV_C03,0.6973504091693548,WALKTRAV_B02,0.6789419710613358,0.018408438108018954,False,8,3,38.0,21,0.375,False,False,False
14,8,disty6,ACTTRAV_C03,0.6918277749006776,WALKTRAV_B02,0.6734193367926586,0.018408438108018954,False,8,8,10.0,5,1.0,True,False,True
14,8,disty7,ACTTRAV_C03,0.692184221452694,WALKTRAV_B02,0.673775783344675,0.018408438108018954,False,8,4,31.0,18,0.5,True,False,True
14,8,disty8,ACTTRAV_C03,0.6984072488094719,WALKTRAV_B02,0.6799988107014528,0.018408438108019065,False,8,8,14.0,7,1.0,True,False,True
14,8,disty9,ACTTRAV_C03,0.6966403589132489,WALKTRAV_B02,0.67823192080523,0.018408438108018954,False,8,8,13.5,5,1.0,True,False,True
14,8,limiting_disability,ACTTRAV_C03,0.6958788272379256,WALKTRAV_B02,0.6774703891299065,0.018408438108019065,False,8,0,87.0,73,0.0,False,False,False
14,8,no_disability,ACTTRAV_C03,0.6989374193917994,WALKTRAV_B02,0.6805114869234601,0.018425932468339346,False,8,0,318.5,294,0.0,False,False,False
14,8,non_limiting_disability,ACTTRAV_C03,0.704320033906383,WALKTRAV_B02,0.6859032560879803,0.018416777818402674,False,8,0,68.5,44,0.0,False,False,False
14,9,disty1,ACTTRAV_C03,0.6967970146545628,WALKTRAV_B02,0.6783885765465439,0.018408438108018843,False,8,3,33.0,26,0.375,False,False,False
14,9,disty10,ACTTRAV_C03,0.7179701949704922,WALKTRAV_B02,0.6995617568624732,0.018408438108018954,False,7,7,3.0,1,1.0,True,True,True
14,9,disty11,ACTTRAV_C03,0.7054516621639683,WALKTRAV_B02,0.6870432240559493,0.018408438108018954,False,6,6,2.5,1,1.0,True,True,True
14,9,disty12,ACTTRAV_C03,0.708330123644823,WALKTRAV_B02,0.689921685536804,0.018408438108018954,False,8,8,7.5,5,1.0,True,False,True
14,9,disty13,ACTTRAV_C03,0.7136383510351737,WALKTRAV_B02,0.6952299129271547,0.018408438108018954,False,8,8,6.5,3,1.0,True,False,True
14,9,disty2,ACTTRAV_C03,0.7023611345975357,WALKTRAV_B02,0.6839526964895166,0.018408438108019065,False,8,3,30.5,12,0.375,False,False,False
14,9,disty3,ACTTRAV_C03,0.6961440845913641,WALKTRAV_B02,0.6777356464833452,0.018408438108018954,False,8,2,37.0,28,0.25,False,False,False
14,9,disty4,ACTTRAV_C03,0.6930874370157826,WALKTRAV_B02,0.6746789989077636,0.018408438108018954,False,8,8,11.0,8,1.0,True,False,True
14,9,disty5,ACTTRAV_C03,0.7032229002824156,WALKTRAV_B02,0.6848144621743967,0.018408438108018954,False,8,8,23.5,12,1.0,True,False,True
14,9,disty6,ACTTRAV_C03,0.6975719531197978,WALKTRAV_B02,0.6791635150117789,0.018408438108018954,False,8,8,6.0,2,1.0,True,False,True
14,9,disty7,ACTTRAV_C03,0.6977980647724731,WALKTRAV_B02,0.679389626664454,0.018408438108019065,False,8,6,13.0,8,0.75,True,False,True
14,9,disty8,ACTTRAV_C03,0.7048604250480028,WALKTRAV_B02,0.686451986939984,0.018408438108018843,False,8,8,10.0,6,1.0,True,False,True
14,9,disty9,ACTTRAV_C03,0.7021287767812633,WALKTRAV_B02,0.6837203386732443,0.018408438108018954,False,8,8,9.5,7,1.0,True,False,True
14,9,limiting_disability,ACTTRAV_C03,0.7016526960263781,WALKTRAV_B02,0.6832442579183592,0.018408438108018954,False,8,0,71.0,49,0.0,False,False,False
14,9,no_disability,ACTTRAV_C03,0.7046832940802802,WALKTRAV_B02,0.6862546231607368,0.018428670919543366,False,8,0,333.0,288,0.0,False,False,False
14,9,non_limiting_disability,ACTTRAV_C03,0.7101663723585475,WALKTRAV_B02,0.6917219663880226,0.01844440597052488,False,8,0,82.5,57,0.0,False,False,False
14,91,disty1,ACTTRAV_C03,0.6931370227111998,WALKTRAV_B02,0.6746958033638057,0.018441219347394067,False,8,0,43.0,36,0.0,False,False,False
14,91,disty10,ACTTRAV_C03,0.7145086440325019,WALKTRAV_B02,0.696100205924483,0.018408438108018954,False,8,8,4.5,2,1.0,True,False,True
14,91,disty11,ACTTRAV_C03,0.7024211526220472,WALKTRAV_B02,0.6840127145140282,0.018408438108018954,False,8,8,4.0,2,1.0,True,False,True
14,91,disty12,ACTTRAV_C03,0.7042864108879986,WALKTRAV_B02,0.6858779727799796,0.018408438108018954,False,8,8,8.5,5,1.0,True,False,True
14,91,disty13,ACTTRAV_C03,0.7088101955504527,WALKTRAV_B02,0.6904017574424337,0.018408438108018954,False,8,8,6.0,3,1.0,True,False,True
14,91,disty2,ACTTRAV_C03,0.6984496416356916,WALKTRAV_B02,0.6800412035276726,0.018408438108018954,False,8,4,32.5,18,0.5,True,False,True
14,91,disty3,ACTTRAV_C03,0.6925029090780989,WALKTRAV_B02,0.6740554187260669,0.01844749035203197,False,8,0,48.5,35,0.0,False,False,False
14,91,disty4,ACTTRAV_C03,0.6897773712767911,WALKTRAV_B02,0.6713689331687722,0.018408438108018843,False,8,8,15.5,7,1.0,True,False,True
14,91,disty5,ACTTRAV_C03,0.699352504580067,WALKTRAV_B02,0.6809440664720481,0.018408438108018954,False,8,6,26.5,19,0.75,True,False,True
14,91,disty6,ACTTRAV_C03,0.694424855184845,WALKTRAV_B02,0.676016417076826,0.018408438108018954,False,8,8,8.0,1,1.0,True,False,True
14,91,disty7,ACTTRAV_C03,0.6944625074738087,WALKTRAV_B02,0.6760540693657896,0.018408438108019065,False,8,6,25.0,16,0.75,True,False,True
14,91,disty8,ACTTRAV_C03,0.7010554147613304,WALKTRAV_B02,0.6826469766533114,0.018408438108018954,False,8,8,16.0,5,1.0,True,False,True
14,91,disty9,ACTTRAV_C03,0.6990776867360468,WALKTRAV_B02,0.6806692486280278,0.018408438108018954,False,8,8,12.5,5,1.0,True,False,True
14,91,limiting_disability,ACTTRAV_C03,0.6982170714204802,WALKTRAV_B02,0.6797885550932711,0.0184285163272091,False,8,0,79.5,66,0.0,False,False,False
14,91,no_disability,ACTTRAV_C03,0.7012880228436721,WALKTRAV_B02,0.6828596123109768,0.018428410532695283,False,8,0,312.0,286,0.0,False,False,False
14,91,non_limiting_disability,ACTTRAV_C03,0.7066200234443859,WALKTRAV_B02,0.6881618106096491,0.01845821283473681,False,8,0,79.5,59,0.0,False,False,False
15,107,disty1,ACTTRAV_C03,0.69527118329083,WALKTRAV_B02,0.6768156702265756,0.018455513064254414,False,8,1,44.5,28,0.125,False,False,False
15,107,disty10,ACTTRAV_C03,0.7183552133935822,WALKTRAV_B02,0.6999215011336873,0.018433712259894874,False,8,8,5.5,1,1.0,True,False,True
15,107,disty11,ACTTRAV_C03,0.7057640684564361,WALKTRAV_B02,0.6873303561965413,0.018433712259894874,False,7,7,5.0,1,1.0,True,True,True
15,107,disty12,ACTTRAV_C03,0.7070765413415955,WALKTRAV_B02,0.6886428290817007,0.018433712259894763,False,8,8,9.5,3,1.0,True,False,True
15,107,disty13,ACTTRAV_C03,0.712209249554037,WALKTRAV_B02,0.693775537294142,0.018433712259894985,False,8,8,7.0,4,1.0,True,False,True
15,107,disty2,ACTTRAV_C03,0.7013139205070228,WALKTRAV_B02,0.6828802082471279,0.018433712259894874,False,8,4,33.0,18,0.5,True,False,True
15,107,disty3,ACTTRAV_C03,0.6947443849122454,WALKTRAV_B02,0.6762972670891682,0.018447117823077286,False,8,2,44.0,25,0.25,False,False,False
15,107,disty4,ACTTRAV_C03,0.6913733956875754,WALKTRAV_B02,0.6729396834276805,0.018433712259894874,False,8,8,13.0,8,1.0,True,False,True
15,107,disty5,ACTTRAV_C03,0.7013188885378804,WALKTRAV_B02,0.6828851762779855,0.018433712259894874,False,8,3,35.0,20,0.375,False,False,False
15,107,disty6,ACTTRAV_C03,0.6962046867313972,WALKTRAV_B02,0.6777709744715023,0.018433712259894985,False,8,8,7.0,2,1.0,True,False,True
15,107,disty7,ACTTRAV_C03,0.6965407939220534,WALKTRAV_B02,0.6781070816621585,0.018433712259894874,False,8,4,25.5,16,0.5,True,False,True
15,107,disty8,ACTTRAV_C03,0.7041115101664542,WALKTRAV_B02,0.6856777979065594,0.018433712259894874,False,8,8,16.0,7,1.0,True,False,True
15,107,disty9,ACTTRAV_C03,0.7020491329078472,WALKTRAV_B02,0.6836154206479522,0.018433712259894985,False,8,8,14.5,4,1.0,True,False,True
15,107,limiting_disability,ACTTRAV_C03,0.7001329403189595,WALKTRAV_B02,0.6816940576261011,0.018438882692858316,False,8,0,87.5,57,0.0,False,False,False
15,107,no_disability,ACTTRAV_C03,0.7014428992685503,WALKTRAV_B02,0.682992742424682,0.018450156843868304,False,8,0,325.5,300,0.0,False,False,False
15,107,non_limiting_disability,ACTTRAV_C03,0.7078906226984945,WALKTRAV_B02,0.6894522700452582,0.018438352653236234,False,8,0,88.0,60,0.0,False,False,False
15,109,disty1,ACTTRAV_C03,0.7041745439722364,WALKTRAV_B02,0.6856980625475361,0.018476481424700375,False,8,2,38.0,23,0.25,False,False,False
15,109,disty10,ACTTRAV_C03,0.7274115688315257,WALKTRAV_B02,0.7089001697756014,0.01851139905592425,False,8,8,5.5,1,1.0,True,False,True
15,109,disty11,ACTTRAV_C03,0.7149222236061198,WALKTRAV_B02,0.6964885113462248,0.018433712259894985,False,8,8,4.0,2,1.0,True,False,True
15,109,disty12,ACTTRAV_C03,0.7160602449162016,WALKTRAV_B02,0.6975555926223899,0.018504652293811708,False,8,8,11.5,2,1.0,True,False,True
15,109,disty13,ACTTRAV_C03,0.7211851699232822,WALKTRAV_B02,0.7025113078134958,0.018673862109786388,False,8,8,7.0,2,1.0,True,False,True
15,109,disty2,ACTTRAV_C03,0.7101721066239209,WALKTRAV_B02,0.6916586609437073,0.018513445680213625,False,8,4,29.5,16,0.5,True,False,True
15,109,disty3,ACTTRAV_C03,0.7037212025566922,WALKTRAV_B02,0.6852675661560299,0.018453636400662332,False,8,2,35.5,24,0.25,False,False,False
15,109,disty4,ACTTRAV_C03,0.7005507827349787,WALKTRAV_B02,0.6819880877182062,0.018562695016772546,False,8,8,12.0,5,1.0,True,False,True
15,109,disty5,ACTTRAV_C03,0.7103345888159366,WALKTRAV_B02,0.691853966909236,0.018480621906700634,False,8,3,31.5,16,0.375,False,False,False
15,109,disty6,ACTTRAV_C03,0.7053924817136885,WALKTRAV_B02,0.6869587694537936,0.018433712259894874,False,8,8,7.0,3,1.0,True,False,True
15,109,disty7,ACTTRAV_C03,0.7055004883230366,WALKTRAV_B02,0.6870667760631417,0.018433712259894874,False,8,8,17.0,14,1.0,True,False,True
15,109,disty8,ACTTRAV_C03,0.7131023573515813,WALKTRAV_B02,0.6946686450916865,0.018433712259894874,False,8,8,14.0,10,1.0,True,False,True
15,109,disty9,ACTTRAV_C03,0.7111901522845208,WALKTRAV_B02,0.6927564400246259,0.018433712259894874,False,8,8,8.5,1,1.0,True,False,True
15,109,limiting_disability,ACTTRAV_C03,0.7091193994497835,WALKTRAV_B02,0.6906592771371058,0.018460122312677685,False,8,0,65.5,49,0.0,False,False,False
15,109,no_disability,ACTTRAV_C03,0.7104934656503284,WALKTRAV_B02,0.6920456762584483,0.018447789391880187,False,8,0,328.0,302,0.0,False,False,False
15,109,non_limiting_disability,ACTTRAV_C03,0.7169641809125806,WALKTRAV_B02,0.698487289601687,0.018476891310893584,False,8,0,73.0,59,0.0,False,False,False
15,112,disty1,ACTTRAV_C03,0.7051301946241111,WALKTRAV_B02,0.6866671995211261,0.01846299510298499,False,8,2,35.0,26,0.25,False,False,False
15,112,disty10,ACTTRAV_C03,0.7284214417597367,WALKTRAV_B02,0.7098714632924902,0.018549978467246486,False,6,6,3.5,1,1.0,True,True,True
15,112,disty11,ACTTRAV_C03,0.7153834937394977,WALKTRAV_B02,0.6969497814796027,0.018433712259894985,False,6,6,2.5,1,1.0,True,True,True
15,112,disty12,ACTTRAV_C03,0.7168213839482267,WALKTRAV_B02,0.6983622537077493,0.018459130240477406,False,7,7,10.0,3,1.0,True,True,True
15,112,disty13,ACTTRAV_C03,0.7221801290244003,WALKTRAV_B02,0.7037464167645054,0.018433712259894874,False,7,7,5.0,3,1.0,True,True,True
15,112,disty2,ACTTRAV_C03,0.711227914972361,WALKTRAV_B02,0.6927942027124662,0.018433712259894874,False,8,7,24.5,22,0.875,True,False,True
15,112,disty3,ACTTRAV_C03,0.7046089955903498,WALKTRAV_B02,0.6861661464504806,0.018442849139869266,False,8,0,32.5,31,0.0,False,False,False
15,112,disty4,ACTTRAV_C03,0.7016608440122519,WALKTRAV_B02,0.6832271317523569,0.018433712259894985,False,8,8,9.0,7,1.0,True,False,True
15,112,disty5,ACTTRAV_C03,0.7111568427631354,WALKTRAV_B02,0.6927075891506204,0.018449253612515037,False,8,7,21.0,8,0.875,True,False,True
15,112,disty6,ACTTRAV_C03,0.7064231974813402,WALKTRAV_B02,0.6879894852214453,0.018433712259894874,False,8,8,6.0,3,1.0,True,False,True
15,112,disty7,ACTTRAV_C03,0.706431868102687,WALKTRAV_B02,0.6879492757417325,0.01848259236095451,False,8,8,18.0,12,1.0,True,False,True
15,112,disty8,ACTTRAV_C03,0.713789748512882,WALKTRAV_B02,0.6953495531696675,0.018440195343214505,False,8,8,6.0,4,1.0,True,False,True
15,112,disty9,ACTTRAV_C03,0.7121822765337703,WALKTRAV_B02,0.693683828552195,0.018498447981575294,False,8,8,6.0,3,1.0,True,False,True
15,112,limiting_disability,ACTTRAV_C03,0.7100355832301285,WALKTRAV_B02,0.6915841963026923,0.018451386927436197,False,8,0,62.5,60,0.0,False,False,False
15,112,no_disability,ACTTRAV_C03,0.7114311033158176,WALKTRAV_B02,0.6929715377945936,0.018459565521223964,False,8,0,337.0,320,0.0,False,False,False
15,112,non_limiting_disability,ACTTRAV_C03,0.7178230039132383,WALKTRAV_B02,0.6993875432179157,0.018435460695322536,False,8,0,66.0,55,0.0,False,False,False
15,114,disty1,ACTTRAV_C03,0.7013200654647155,WALKTRAV_B02,0.6828863532048206,0.018433712259894874,False,8,2,37.0,20,0.25,False,False,False
15,114,disty10,ACTTRAV_C03,0.7246753469842138,WALKTRAV_B02,0.7062416347243189,0.018433712259894874,False,7,7,4.0,2,1.0,True,True,True
15,114,disty11,ACTTRAV_C03,0.7118054160064179,WALKTRAV_B02,0.6933717037465229,0.018433712259894985,False,6,6,3.0,1,1.0,True,True,True
15,114,disty12,ACTTRAV_C03,0.7131659445564024,WALKTRAV_B02,0.694722929476537,0.018443015079865344,False,8,8,8.0,2,1.0,True,False,True
15,114,disty13,ACTTRAV_C03,0.7183148686901966,WALKTRAV_B02,0.6998811564303017,0.018433712259894874,False,8,8,6.0,3,1.0,True,False,True
15,114,disty2,ACTTRAV_C03,0.707361495118768,WALKTRAV_B02,0.688927782858873,0.018433712259894985,False,8,3,30.5,20,0.375,False,False,False
15,114,disty3,ACTTRAV_C03,0.7007937505174374,WALKTRAV_B02,0.6823600382575424,0.018433712259894985,False,8,2,38.0,19,0.25,False,False,False
15,114,disty4,ACTTRAV_C03,0.6972748919061161,WALKTRAV_B02,0.6788411796462213,0.018433712259894874,False,8,8,10.5,5,1.0,True,False,True
15,114,disty5,ACTTRAV_C03,0.7073789485783453,WALKTRAV_B02,0.688912886364766,0.01846606221357927,False,8,3,30.5,14,0.375,False,False,False
15,114,disty6,ACTTRAV_C03,0.7024696288460183,WALKTRAV_B02,0.6840359165861234,0.018433712259894874,False,8,8,7.0,5,1.0,True,False,True
15,114,disty7,ACTTRAV_C03,0.7026067011899181,WALKTRAV_B02,0.6841729889300232,0.018433712259894874,False,8,7,21.0,7,0.875,True,False,True
15,114,disty8,ACTTRAV_C03,0.7102152196504324,WALKTRAV_B02,0.6917815073905376,0.018433712259894874,False,8,8,12.5,5,1.0,True,False,True
15,114,disty9,ACTTRAV_C03,0.7082282379811916,WALKTRAV_B02,0.6897945257212966,0.018433712259894985,False,8,8,10.5,6,1.0,True,False,True
15,114,limiting_disability,ACTTRAV_C03,0.7062394622898823,WALKTRAV_B02,0.6877919907596263,0.018447471530256054,False,8,0,76.5,47,0.0,False,False,False
15,114,no_disability,ACTTRAV_C03,0.7075528566033328,WALKTRAV_B02,0.6891002068556439,0.0184526497476889,False,8,0,324.5,273,0.0,False,False,False
15,114,non_limiting_disability,ACTTRAV_C03,0.7139822290470934,WALKTRAV_B02,0.6955393980704482,0.01844283097664523,False,8,0,81.5,66,0.0,False,False,False
15,117,disty1,ACTTRAV_C03,0.6930310838613384,WALKTRAV_B02,0.6745973716014435,0.018433712259894874,False,8,3,32.0,23,0.375,False,False,False
15,117,disty10,ACTTRAV_C03,0.7160627073086071,WALKTRAV_B02,0.6976289950487122,0.018433712259894874,False,8,8,3.0,1,1.0,True,False,True
15,117,disty11,ACTTRAV_C03,0.7037726634843765,WALKTRAV_B02,0.6853389512244816,0.018433712259894874,False,6,6,2.5,2,1.0,True,True,True
15,117,disty12,ACTTRAV_C03,0.7049966328379512,WALKTRAV_B02,0.6865629205780563,0.018433712259894874,False,7,7,7.0,1,1.0,True,True,True
15,117,disty13,ACTTRAV_C03,0.7098713366906148,WALKTRAV_B02,0.6914376244307199,0.018433712259894874,False,8,8,4.0,2,1.0,True,False,True
15,117,disty2,ACTTRAV_C03,0.6990104958755691,WALKTRAV_B02,0.6805767836156741,0.018433712259894985,False,8,5,22.5,17,0.625,True,False,True
15,117,disty3,ACTTRAV_C03,0.6926208026848876,WALKTRAV_B02,0.6741870904249927,0.018433712259894874,False,8,0,36.5,30,0.0,False,False,False
15,117,disty4,ACTTRAV_C03,0.6892390936149183,WALKTRAV_B02,0.6708053813550234,0.018433712259894874,False,8,8,8.5,3,1.0,True,False,True
15,117,disty5,ACTTRAV_C03,0.6987702309623608,WALKTRAV_B02,0.6803365187024658,0.018433712259894985,False,8,8,16.0,9,1.0,True,False,True
15,117,disty6,ACTTRAV_C03,0.6941389763468894,WALKTRAV_B02,0.6757052640869945,0.018433712259894874,False,8,8,6.0,1,1.0,True,False,True
15,117,disty7,ACTTRAV_C03,0.6943672791308224,WALKTRAV_B02,0.6759335668709275,0.018433712259894874,False,8,8,17.0,13,1.0,True,False,True
15,117,disty8,ACTTRAV_C03,0.7019424229079806,WALKTRAV_B02,0.6835087106480857,0.018433712259894874,False,8,8,8.5,3,1.0,True,False,True
15,117,disty9,ACTTRAV_C03,0.699992411074333,WALKTRAV_B02,0.6815586988144381,0.018433712259894874,False,8,8,10.5,4,1.0,True,False,True
15,117,limiting_disability,ACTTRAV_C03,0.6978795033138684,WALKTRAV_B02,0.6794457910539735,0.018433712259894874,False,8,0,65.5,51,0.0,False,False,False
15,117,no_disability,ACTTRAV_C03,0.6991264138184942,WALKTRAV_B02,0.6806812403938509,0.018445173424643246,False,8,0,331.5,298,0.0,False,False,False
15,117,non_limiting_disability,ACTTRAV_C03,0.7055511157531617,WALKTRAV_B02,0.6871155419588951,0.018435573794266524,False,8,0,65.5,54,0.0,False,False,False
15,122,disty1,ACTTRAV_C03,0.6904012093486595,WALKTRAV_B02,0.6719645258683183,0.01843668348034111,False,8,0,51.5,41,0.0,False,False,False
15,122,disty10,ACTTRAV_C03,0.7135983904845212,WALKTRAV_B02,0.6951646782246265,0.018433712259894763,False,7,7,4.0,1,1.0,True,True,True
15,122,disty11,ACTTRAV_C03,0.701142675385916,WALKTRAV_B02,0.6827089631260211,0.018433712259894874,False,6,6,3.0,1,1.0,True,True,True
15,122,disty12,ACTTRAV_C03,0.7020452354836643,WALKTRAV_B02,0.6836115232237693,0.018433712259894985,False,8,8,7.5,3,1.0,True,False,True
15,122,disty13,ACTTRAV_C03,0.7071546448963232,WALKTRAV_B02,0.6887209326364282,0.018433712259894985,False,8,8,5.0,2,1.0,True,False,True
15,122,disty2,ACTTRAV_C03,0.6965012098238903,WALKTRAV_B02,0.678064300517495,0.0184369093063953,False,8,2,32.5,21,0.25,False,False,False
15,122,disty3,ACTTRAV_C03,0.6899833440127143,WALKTRAV_B02,0.6715496317528193,0.018433712259894985,False,8,0,54.0,47,0.0,False,False,False
15,122,disty4,ACTTRAV_C03,0.6866574300067515,WALKTRAV_B02,0.6682237177468566,0.018433712259894874,False,8,8,17.5,11,1.0,True,False,True
15,122,disty5,ACTTRAV_C03,0.6964584465894635,WALKTRAV_B02,0.6780181185273678,0.018440328062095723,False,8,8,23.0,11,1.0,True,False,True
15,122,disty6,ACTTRAV_C03,0.6915158071722471,WALKTRAV_B02,0.6730820949123523,0.018433712259894874,False,8,8,8.0,1,1.0,True,False,True
15,122,disty7,ACTTRAV_C03,0.6918124547093306,WALKTRAV_B02,0.6733787424494356,0.018433712259894985,False,8,5,24.5,19,0.625,True,False,True
15,122,disty8,ACTTRAV_C03,0.6992295626329711,WALKTRAV_B02,0.6807958503730762,0.018433712259894874,False,8,8,13.5,5,1.0,True,False,True
15,122,disty9,ACTTRAV_C03,0.6973885171480724,WALKTRAV_B02,0.6789548048881775,0.018433712259894874,False,8,8,13.0,8,1.0,True,False,True
15,122,limiting_disability,ACTTRAV_C03,0.69529176408894,WALKTRAV_B02,0.676856669591742,0.018435094497198046,False,8,0,83.5,70,0.0,False,False,False
15,122,no_disability,ACTTRAV_C03,0.6967159819017813,WALKTRAV_B02,0.6782747760771625,0.018441205824618834,False,8,0,300.0,269,0.0,False,False,False
15,122,non_limiting_disability,ACTTRAV_C03,0.7030272641359372,WALKTRAV_B02,0.6845935518760423,0.018433712259894874,False,8,0,79.0,65,0.0,False,False,False
15,126,disty1,ACTTRAV_C03,0.6917345098109325,WALKTRAV_B02,0.6732944275262694,0.018440082284663095,False,8,0,36.0,33,0.0,False,False,False
15,126,disty10,ACTTRAV_C03,0.7149271736168726,WALKTRAV_B02,0.6964934613569778,0.018433712259894874,False,8,8,4.0,1,1.0,True,False,True
15,126,disty11,ACTTRAV_C03,0.7021491668161254,WALKTRAV_B02,0.6836808563610471,0.01846831045507824,False,8,8,2.5,2,1.0,True,False,True
15,126,disty12,ACTTRAV_C03,0.7035248352534745,WALKTRAV_B02,0.6850911229935795,0.018433712259894985,False,8,8,6.5,1,1.0,True,False,True
15,126,disty13,ACTTRAV_C03,0.7087167570854205,WALKTRAV_B02,0.6902510530430334,0.01846570404238712,False,8,8,5.0,2,1.0,True,False,True
15,126,disty2,ACTTRAV_C03,0.6977408955917485,WALKTRAV_B02,0.6793010164965878,0.01843987909516065,False,8,7,24.5,19,0.875,True,False,True
15,126,disty3,ACTTRAV_C03,0.6912439241108829,WALKTRAV_B02,0.6728004155897321,0.01844350852115073,False,8,0,36.0,30,0.0,False,False,False
15,126,disty4,ACTTRAV_C03,0.6879060912816037,WALKTRAV_B02,0.6694602529106047,0.018445838370999,False,8,8,11.0,5,1.0,True,False,True
15,126,disty5,ACTTRAV_C03,0.697812227390041,WALKTRAV_B02,0.6793734640781555,0.018438763311885542,False,8,8,22.0,16,1.0,True,False,True
15,126,disty6,ACTTRAV_C03,0.6928274659213048,WALKTRAV_B02,0.6743937536614099,0.018433712259894985,False,8,8,6.0,5,1.0,True,False,True
15,126,disty7,ACTTRAV_C03,0.6930839868390809,WALKTRAV_B02,0.6746436495842879,0.018440337254792993,False,8,8,18.5,12,1.0,True,False,True
15,126,disty8,ACTTRAV_C03,0.7005776940275952,WALKTRAV_B02,0.6821300323746762,0.018447661652919,False,8,8,10.5,7,1.0,True,False,True
15,126,disty9,ACTTRAV_C03,0.6985172335976901,WALKTRAV_B02,0.6800835213377953,0.018433712259894874,False,8,8,9.5,7,1.0,True,False,True
15,126,limiting_disability,ACTTRAV_C03,0.696628376571465,WALKTRAV_B02,0.6781891045349084,0.018439272036556598,False,8,0,65.5,51,0.0,False,False,False
15,126,no_disability,ACTTRAV_C03,0.6979103261633051,WALKTRAV_B02,0.6794608360676249,0.0184494900956802,False,8,0,316.0,301,0.0,False,False,False
15,126,non_limiting_disability,ACTTRAV_C03,0.7044371833287265,WALKTRAV_B02,0.6860034710688316,0.018433712259894874,False,8,0,74.5,51,0.0,False,False,False
15,129,disty1,ACTTRAV_C03,0.6932253847703884,WALKTRAV_B02,0.6747401325344601,0.01848525223592834,False,8,0,40.0,30,0.0,False,False,False
15,129,disty10,ACTTRAV_C03,0.716189975097707,WALKTRAV_B02,0.6977562628378121,0.018433712259894874,False,7,7,5.0,3,1.0,True,True,True
15,129,disty11,ACTTRAV_C03,0.7037914508033619,WALKTRAV_B02,0.685357738543467,0.018433712259894874,False,8,8,2.0,2,1.0,True,False,True
15,129,disty12,ACTTRAV_C03,0.7051113483989259,WALKTRAV_B02,0.686677636139031,0.018433712259894874,False,8,8,11.5,1,1.0,True,False,True
15,129,disty13,ACTTRAV_C03,0.7102059495057164,WALKTRAV_B02,0.6917722372458215,0.018433712259894874,False,7,7,6.0,2,1.0,True,True,True
15,129,disty2,ACTTRAV_C03,0.6992253173104025,WALKTRAV_B02,0.6807916050505075,0.018433712259894985,False,8,4,29.0,21,0.5,True,False,True
15,129,disty3,ACTTRAV_C03,0.6928456202998995,WALKTRAV_B02,0.6743592709266428,0.01848634937325666,False,8,0,41.0,32,0.0,False,False,False
15,129,disty4,ACTTRAV_C03,0.6893667483872652,WALKTRAV_B02,0.6709330361273703,0.018433712259894874,False,8,8,10.5,7,1.0,True,False,True
15,129,disty5,ACTTRAV_C03,0.6992405227981427,WALKTRAV_B02,0.6808023473559871,0.018438175442155647,False,8,3,32.5,13,0.375,False,False,False
15,129,disty6,ACTTRAV_C03,0.6942651878834377,WALKTRAV_B02,0.6757902812359913,0.018474906647446443,False,8,8,6.5,3,1.0,True,False,True
15,129,disty7,ACTTRAV_C03,0.6945664352304893,WALKTRAV_B02,0.6761327229705945,0.018433712259894874,False,8,6,22.0,10,0.75,True,False,True
15,129,disty8,ACTTRAV_C03,0.7022205051350217,WALKTRAV_B02,0.6837867928751268,0.018433712259894874,False,8,8,11.5,8,1.0,True,False,True
15,129,disty9,ACTTRAV_C03,0.7001270149662073,WALKTRAV_B02,0.6816933027063125,0.018433712259894874,False,8,8,10.5,4,1.0,True,False,True
15,129,limiting_disability,ACTTRAV_C03,0.6981663036858461,WALKTRAV_B02,0.6797096814294802,0.018456622256365907,False,8,0,84.0,56,0.0,False,False,False
15,129,no_disability,ACTTRAV_C03,0.699468527100981,WALKTRAV_B02,0.6810201334461541,0.018448393654826867,False,8,0,322.5,298,0.0,False,False,False
15,129,non_limiting_disability,ACTTRAV_C03,0.7059666178159529,WALKTRAV_B02,0.6875280665061573,0.01843855130979566,False,8,0,70.0,56,0.0,False,False,False
15,135,disty1,ACTTRAV_C03,0.704417258688703,WALKTRAV_B02,0.685983546428808,0.018433712259894985,False,8,0,35.0,32,0.0,False,False,False
15,135,disty10,ACTTRAV_C03,0.7276781865316757,WALKTRAV_B02,0.7092444742717808,0.018433712259894874,False,8,8,6.5,3,1.0,True,False,True
15,135,disty11,ACTTRAV_C03,0.7152821753343476,WALKTRAV_B02,0.6968484630744526,0.018433712259894985,False,8,8,4.0,1,1.0,True,False,True
15,135,disty12,ACTTRAV_C03,0.7164498795063541,WALKTRAV_B02,0.6980107718726998,0.018439107633654306,False,8,8,10.0,3,1.0,True,False,True
15,135,disty13,ACTTRAV_C03,0.721270203818938,WALKTRAV_B02,0.7028364915590432,0.018433712259894874,False,8,8,8.0,5,1.0,True,False,True
15,135,disty2,ACTTRAV_C03,0.7105370488918492,WALKTRAV_B02,0.6920932351350153,0.018443813756833904,False,8,4,29.5,25,0.5,True,False,True
15,135,disty3,ACTTRAV_C03,0.7039108794832362,WALKTRAV_B02,0.6854771672233413,0.018433712259894874,False,8,1,36.5,22,0.125,False,False,False
15,135,disty4,ACTTRAV_C03,0.7007240402012136,WALKTRAV_B02,0.6822903279413187,0.018433712259894874,False,8,8,9.0,5,1.0,True,False,True
15,135,disty5,ACTTRAV_C03,0.7106120518614357,WALKTRAV_B02,0.6921540376931093,0.018458014168326375,False,8,1,33.5,18,0.125,False,False,False
15,135,disty6,ACTTRAV_C03,0.705145193971448,WALKTRAV_B02,0.6867114817115532,0.018433712259894874,False,8,8,5.0,1,1.0,True,False,True
15,135,disty7,ACTTRAV_C03,0.7058264918704072,WALKTRAV_B02,0.6873927796105124,0.018433712259894874,False,8,7,17.5,14,0.875,True,False,True
15,135,disty8,ACTTRAV_C03,0.7133718942735602,WALKTRAV_B02,0.6949207890777367,0.01845110519582349,False,8,8,15.5,11,1.0,True,False,True
15,135,disty9,ACTTRAV_C03,0.7112081119714899,WALKTRAV_B02,0.6926985239738518,0.018509587997638133,False,8,8,8.0,5,1.0,True,False,True
15,135,limiting_disability,ACTTRAV_C03,0.7093919135491993,WALKTRAV_B02,0.6909491380873566,0.018442775461842698,False,8,0,73.0,64,0.0,False,False,False
15,135,no_disability,ACTTRAV_C03,0.7106521256609682,WALKTRAV_B02,0.6921932228730647,0.01845890278790352,False,8,0,315.0,302,0.0,False,False,False
15,135,non_limiting_disability,ACTTRAV_C03,0.7171780138023941,WALKTRAV_B02,0.698719823663228,0.018458190139166053,False,8,0,73.0,53,0.0,False,False,False
15,136,disty1,ACTTRAV_C03,0.698679882375963,WALKTRAV_B02,0.6802431309795223,0.018436751396440743,False,8,2,36.5,24,0.25,False,False,False
15,136,disty10,ACTTRAV_C03,0.7216408838623435,WALKTRAV_B02,0.7031881101069958,0.018452773755347707,False,8,8,4.0,3,1.0,True,False,True
15,136,disty11,ACTTRAV_C03,0.7090895810872377,WALKTRAV_B02,0.6906558688273429,0.018433712259894874,False,8,8,3.5,1,1.0,True,False,True
15,136,disty12,ACTTRAV_C03,0.7102399642154404,WALKTRAV_B02,0.6918015815931177,0.01843838262232278,False,8,8,6.5,3,1.0,True,False,True
15,136,disty13,ACTTRAV_C03,0.7153918568513901,WALKTRAV_B02,0.6969581445914952,0.018433712259894874,False,7,7,5.0,1,1.0,True,True,True
15,136,disty2,ACTTRAV_C03,0.7046671000008945,WALKTRAV_B02,0.6862333877409996,0.018433712259894874,False,8,5,27.5,20,0.625,True,False,True
15,136,disty3,ACTTRAV_C03,0.6982059295477939,WALKTRAV_B02,0.679770481078719,0.018435448469074966,False,8,1,38.0,27,0.125,False,False,False
15,136,disty4,ACTTRAV_C03,0.6947931284952333,WALKTRAV_B02,0.6763524470994702,0.01844068139576316,False,8,8,13.0,6,1.0,True,False,True
15,136,disty5,ACTTRAV_C03,0.7045766840580707,WALKTRAV_B02,0.6861257154683683,0.01845096858970241,False,8,5,24.5,16,0.625,True,False,True
15,136,disty6,ACTTRAV_C03,0.699716191058241,WALKTRAV_B02,0.6812824787983461,0.018433712259894874,False,8,8,6.5,3,1.0,True,False,True
15,136,disty7,ACTTRAV_C03,0.6999679399429934,WALKTRAV_B02,0.681525439301366,0.018442500641627446,False,8,8,17.0,10,1.0,True,False,True
15,136,disty8,ACTTRAV_C03,0.7074568809283126,WALKTRAV_B02,0.6890175547214371,0.018439326206875495,False,8,8,11.0,7,1.0,True,False,True
15,136,disty9,ACTTRAV_C03,0.7055048861382066,WALKTRAV_B02,0.6870711738783117,0.018433712259894874,False,8,8,8.0,4,1.0,True,False,True
15,136,limiting_disability,ACTTRAV_C03,0.7035125365642612,WALKTRAV_B02,0.68506895464613,0.018443581918131113,False,8,0,66.0,51,0.0,False,False,False
15,136,no_disability,ACTTRAV_C03,0.704937247746524,WALKTRAV_B02,0.6864672675674871,0.018469980179036893,False,8,0,315.5,291,0.0,False,False,False
15,136,non_limiting_disability,ACTTRAV_C03,0.7114108295118184,WALKTRAV_B02,0.6929709179828841,0.018439911528934316,False,8,0,71.5,64,0.0,False,False,False
15,139,disty1,ACTTRAV_C03,0.7014341702148152,WALKTRAV_B02,0.6830004579549204,0.018433712259894874,False,8,4,30.0,19,0.5,True,False,True
15,139,disty10,ACTTRAV_C03,0.7244137363064999,WALKTRAV_B02,0.705980024046605,0.018433712259894874,False,8,8,2.5,1,1.0,True,False,True
15,139,disty11,ACTTRAV_C03,0.7122432326956358,WALKTRAV_B02,0.693809520435741,0.018433712259894874,False,7,7,2.0,1,1.0,True,True,True
15,139,disty12,ACTTRAV_C03,0.7133741697878586,WALKTRAV_B02,0.6949378388101782,0.018436330977680382,False,8,8,6.5,2,1.0,True,False,True
15,139,disty13,ACTTRAV_C03,0.718404988704209,WALKTRAV_B02,0.6999712764443141,0.018433712259894874,False,8,8,3.0,1,1.0,True,False,True
15,139,disty2,ACTTRAV_C03,0.7074981676748837,WALKTRAV_B02,0.6890644554149888,0.018433712259894874,False,8,6,24.5,14,0.75,True,False,True
15,139,disty3,ACTTRAV_C03,0.7010289665795878,WALKTRAV_B02,0.6825952543196929,0.018433712259894874,False,8,2,35.0,22,0.25,False,False,False
15,139,disty4,ACTTRAV_C03,0.6978255920752924,WALKTRAV_B02,0.6793918798153975,0.018433712259894874,False,8,8,10.0,6,1.0,True,False,True
15,139,disty5,ACTTRAV_C03,0.7075224744018219,WALKTRAV_B02,0.6890875026794827,0.01843497172233921,False,8,6,20.0,14,0.75,True,False,True
15,139,disty6,ACTTRAV_C03,0.7022875581539064,WALKTRAV_B02,0.6838538458940115,0.018433712259894874,False,8,8,5.5,4,1.0,True,False,True
15,139,disty7,ACTTRAV_C03,0.7027805499889805,WALKTRAV_B02,0.6843468377290857,0.018433712259894874,False,8,8,15.0,12,1.0,True,False,True
15,139,disty8,ACTTRAV_C03,0.7100543506489128,WALKTRAV_B02,0.6916206383890179,0.018433712259894874,False,8,8,5.5,4,1.0,True,False,True
15,139,disty9,ACTTRAV_C03,0.7081823375973609,WALKTRAV_B02,0.6897486253374662,0.018433712259894763,False,8,8,7.0,2,1.0,True,False,True
15,139,limiting_disability,ACTTRAV_C03,0.706352464383701,WALKTRAV_B02,0.6879181127305007,0.018434351653200287,False,8,0,63.0,48,0.0,False,False,False
15,139,no_disability,ACTTRAV_C03,0.7076497485153616,WALKTRAV_B02,0.6891831948259508,0.018466553689410747,False,8,0,317.5,306,0.0,False,False,False
15,139,non_limiting_disability,ACTTRAV_C03,0.7140937716012842,WALKTRAV_B02,0.6956535811207006,0.01844019048058354,False,8,0,75.0,70,0.0,False,False,False
15,142,disty1,ACTTRAV_C03,0.7061171467744536,WALKTRAV_B02,0.6876634487496011,0.018453698024852527,False,8,3,35.0,24,0.375,False,False,False
15,142,disty10,ACTTRAV_C03,0.7294156326540335,WALKTRAV_B02,0.7109819203941387,0.018433712259894874,False,8,8,7.5,2,1.0,True,False,True
15,142,disty11,ACTTRAV_C03,0.716792104333692,WALKTRAV_B02,0.6983583920737971,0.018433712259894874,False,8,8,5.0,2,1.0,True,False,True
15,142,disty12,ACTTRAV_C03,0.7179103809274003,WALKTRAV_B02,0.6994766686675055,0.018433712259894874,False,8,8,10.5,8,1.0,True,False,True
15,142,disty13,ACTTRAV_C03,0.7229418648145681,WALKTRAV_B02,0.7045081525546734,0.018433712259894763,False,8,8,7.0,3,1.0,True,False,True
15,142,disty2,ACTTRAV_C03,0.7121678659664826,WALKTRAV_B02,0.6937341537065879,0.018433712259894763,False,8,4,30.5,14,0.5,True,False,True
15,142,disty3,ACTTRAV_C03,0.7057034822928482,WALKTRAV_B02,0.687252056368346,0.01845142592450222,False,8,3,40.5,24,0.375,False,False,False
15,142,disty4,ACTTRAV_C03,0.7023243877487897,WALKTRAV_B02,0.6838906754888948,0.018433712259894874,False,8,8,10.0,5,1.0,True,False,True
15,142,disty5,ACTTRAV_C03,0.7120964406148995,WALKTRAV_B02,0.6936495831091799,0.018446857505719616,False,8,4,32.5,20,0.5,True,False,True
15,142,disty6,ACTTRAV_C03,0.7069182249617952,WALKTRAV_B02,0.6884845127019003,0.018433712259894985,False,8,8,8.0,1,1.0,True,False,True
15,142,disty7,ACTTRAV_C03,0.7074754716526853,WALKTRAV_B02,0.6890417593927903,0.018433712259894985,False,8,7,23.5,11,0.875,True,False,True
15,142,disty8,ACTTRAV_C03,0.7149101278838699,WALKTRAV_B02,0.696476415623975,0.018433712259894874,False,8,8,11.5,8,1.0,True,False,True
15,142,disty9,ACTTRAV_C03,0.7127016712596862,WALKTRAV_B02,0.6942679589997914,0.018433712259894763,False,8,8,7.0,3,1.0,True,False,True
15,142,limiting_disability,ACTTRAV_C03,0.7110068712282898,WALKTRAV_B02,0.6925562021110936,0.018450669117196172,False,8,0,71.5,46,0.0,False,False,False
15,142,no_disability,ACTTRAV_C03,0.7123209190929188,WALKTRAV_B02,0.6938760748088282,0.018444844284090656,False,8,0,326.0,306,0.0,False,False,False
15,142,non_limiting_disability,ACTTRAV_C03,0.7187214754849517,WALKTRAV_B02,0.7002648441197051,0.018456631365246556,False,8,0,84.5,74,0.0,False,False,False
15,147,disty1,ACTTRAV_C03,0.7013010349160532,WALKTRAV_B02,0.6828589070805392,0.01844212783551402,False,8,2,33.5,25,0.25,False,False,False
15,147,disty10,ACTTRAV_C03,0.7244438059646426,WALKTRAV_B02,0.7060100937047478,0.018433712259894874,False,8,8,4.0,2,1.0,True,False,True
15,147,disty11,ACTTRAV_C03,0.7120610007917376,WALKTRAV_B02,0.6936272885318427,0.018433712259894874,False,7,7,4.0,1,1.0,True,True,True
15,147,disty12,ACTTRAV_C03,0.7131473410672856,WALKTRAV_B02,0.6947136288073906,0.018433712259894985,False,8,8,8.5,4,1.0,True,False,True
15,147,disty13,ACTTRAV_C03,0.7180576187831371,WALKTRAV_B02,0.6996239065232422,0.018433712259894874,False,8,8,4.0,1,1.0,True,False,True
15,147,disty2,ACTTRAV_C03,0.7073996557464974,WALKTRAV_B02,0.6889529970821867,0.018446658664310722,False,8,7,27.5,23,0.875,True,False,True
15,147,disty3,ACTTRAV_C03,0.7008466839219117,WALKTRAV_B02,0.6824016532483296,0.018445030673582163,False,8,2,33.5,24,0.25,False,False,False
15,147,disty4,ACTTRAV_C03,0.6974902333091387,WALKTRAV_B02,0.6790565210492437,0.018433712259894985,False,8,8,10.5,8,1.0,True,False,True
15,147,disty5,ACTTRAV_C03,0.7073361817850511,WALKTRAV_B02,0.6888948669144284,0.018441314870622727,False,8,4,29.5,17,0.5,True,False,True
15,147,disty6,ACTTRAV_C03,0.7024984122124259,WALKTRAV_B02,0.684064699952531,0.018433712259894874,False,8,8,4.5,4,1.0,True,False,True
15,147,disty7,ACTTRAV_C03,0.7026214494025658,WALKTRAV_B02,0.6841877371426709,0.018433712259894874,False,8,8,17.0,15,1.0,True,False,True
15,147,disty8,ACTTRAV_C03,0.710019871242656,WALKTRAV_B02,0.6915861589827611,0.018433712259894874,False,8,8,9.5,6,1.0,True,False,True
15,147,disty9,ACTTRAV_C03,0.7081219267376837,WALKTRAV_B02,0.6896882144777888,0.018433712259894874,False,8,8,8.5,4,1.0,True,False,True
15,147,limiting_disability,ACTTRAV_C03,0.7062035297994699,WALKTRAV_B02,0.6877648706349702,0.018438659164499716,False,8,0,69.5,63,0.0,False,False,False
15,147,no_disability,ACTTRAV_C03,0.7074592845431916,WALKTRAV_B02,0.6890124877363021,0.018446796806889543,False,8,0,324.0,301,0.0,False,False,False
15,147,non_limiting_disability,ACTTRAV_C03,0.7138253578222977,WALKTRAV_B02,0.6953378316531803,0.01848752616911742,False,8,0,80.0,66,0.0,False,False,False
15,160,disty1,ACTTRAV_C03,0.6997845828699553,WALKTRAV_B02,0.6813508706100604,0.018433712259894874,False,8,7,27.0,21,0.875,True,False,True
15,160,disty10,ACTTRAV_C03,0.7227120400196398,WALKTRAV_B02,0.704278327759745,0.018433712259894874,False,8,8,2.0,1,1.0,True,False,True
15,160,disty11,ACTTRAV_C03,0.7101858427364441,WALKTRAV_B02,0.6917521304765492,0.018433712259894985,False,7,7,2.0,1,1.0,True,True,True
15,160,disty12,ACTTRAV_C03,0.7116356956735259,WALKTRAV_B02,0.693201983413631,0.018433712259894874,False,8,8,4.5,2,1.0,True,False,True
15,160,disty13,ACTTRAV_C03,0.716615131788842,WALKTRAV_B02,0.6981814195289471,0.018433712259894874,False,7,7,4.0,2,1.0,True,True,True
15,160,disty2,ACTTRAV_C03,0.7057440165994912,WALKTRAV_B02,0.6873103043395963,0.018433712259894874,False,8,8,21.0,14,1.0,True,False,True
15,160,disty3,ACTTRAV_C03,0.6992691722938591,WALKTRAV_B02,0.6808354600339642,0.018433712259894874,False,8,4,29.5,24,0.5,True,False,True
15,160,disty4,ACTTRAV_C03,0.6958022786403835,WALKTRAV_B02,0.6773685663804886,0.018433712259894874,False,8,8,9.0,4,1.0,True,False,True
15,160,disty5,ACTTRAV_C03,0.7058160836577552,WALKTRAV_B02,0.6873823713978603,0.018433712259894874,False,8,7,25.0,8,0.875,True,False,True
15,160,disty6,ACTTRAV_C03,0.7006985654317736,WALKTRAV_B02,0.6822648531718787,0.018433712259894874,False,8,8,5.0,2,1.0,True,False,True
15,160,disty7,ACTTRAV_C03,0.7011028814844834,WALKTRAV_B02,0.6826691692245885,0.018433712259894874,False,8,8,14.0,9,1.0,True,False,True
15,160,disty8,ACTTRAV_C03,0.7086335114428256,WALKTRAV_B02,0.6901997991829307,0.018433712259894874,False,8,8,10.5,3,1.0,True,False,True
15,160,disty9,ACTTRAV_C03,0.7065311268947474,WALKTRAV_B02,0.6880974146348525,0.018433712259894874,False,8,8,8.0,5,1.0,True,False,True
15,160,limiting_disability,ACTTRAV_C03,0.7046630781802338,WALKTRAV_B02,0.686229365920339,0.018433712259894763,False,8,0,59.0,46,0.0,False,False,False
15,160,no_disability,ACTTRAV_C03,0.7060771836675207,WALKTRAV_B02,0.6876321860910235,0.018444997576497202,False,8,0,339.0,308,0.0,False,False,False
15,160,non_limiting_disability,ACTTRAV_C03,0.7124745923999133,WALKTRAV_B02,0.694029512799087,0.01844507960082631,False,8,0,77.0,62,0.0,False,False,False
15,17,disty1,ACTTRAV_C03,0.6925332811527355,WALKTRAV_B02,0.6740995688928406,0.018433712259894874,False,8,1,43.5,28,0.125,False,False,False
15,17,disty10,ACTTRAV_C03,0.7154098920930536,WALKTRAV_B02,0.6969761798331587,0.018433712259894874,False,7,7,2.0,1,1.0,True,True,True
15,17,disty11,ACTTRAV_C03,0.702947660222829,WALKTRAV_B02,0.6845139479629342,0.018433712259894763,False,8,8,2.0,1,1.0,True,False,True
15,17,disty12,ACTTRAV_C03,0.7044028136650048,WALKTRAV_B02,0.6859691014051099,0.018433712259894874,False,7,7,8.0,5,1.0,True,True,True
15,17,disty13,ACTTRAV_C03,0.7097006835596388,WALKTRAV_B02,0.6912669712997439,0.018433712259894874,False,8,8,6.0,3,1.0,True,False,True
15,17,disty2,ACTTRAV_C03,0.698535770177355,WALKTRAV_B02,0.68010205791746,0.018433712259894985,False,8,4,29.0,18,0.5,True,False,True
15,17,disty3,ACTTRAV_C03,0.6920460169458824,WALKTRAV_B02,0.6736123046859875,0.018433712259894874,False,8,0,51.0,40,0.0,False,False,False
15,17,disty4,ACTTRAV_C03,0.6887484794243398,WALKTRAV_B02,0.6703147671644449,0.018433712259894874,False,8,8,10.5,8,1.0,True,False,True
15,17,disty5,ACTTRAV_C03,0.6986242422110369,WALKTRAV_B02,0.680190529951142,0.018433712259894874,False,8,5,25.0,18,0.625,True,False,True
15,17,disty6,ACTTRAV_C03,0.6933069489234667,WALKTRAV_B02,0.6748732366635717,0.018433712259894985,False,8,8,5.5,1,1.0,True,False,True
15,17,disty7,ACTTRAV_C03,0.6938305201807071,WALKTRAV_B02,0.6753968079208122,0.018433712259894874,False,8,7,23.5,12,0.875,True,False,True
15,17,disty8,ACTTRAV_C03,0.7014191694668434,WALKTRAV_B02,0.6829854572069485,0.018433712259894874,False,8,8,12.0,7,1.0,True,False,True
15,17,disty9,ACTTRAV_C03,0.6992795513792393,WALKTRAV_B02,0.6808458391193445,0.018433712259894763,False,8,8,11.0,7,1.0,True,False,True
15,17,limiting_disability,ACTTRAV_C03,0.6974013459546075,WALKTRAV_B02,0.6789676336947126,0.018433712259894874,False,8,0,78.0,71,0.0,False,False,False
15,17,no_disability,ACTTRAV_C03,0.6987324791918988,WALKTRAV_B02,0.6802924811883782,0.018439998003520697,False,8,0,315.5,291,0.0,False,False,False
15,17,non_limiting_disability,ACTTRAV_C03,0.7051917323342011,WALKTRAV_B02,0.6867580200743062,0.018433712259894874,False,8,0,73.0,63,0.0,False,False,False
15,171,disty1,ACTTRAV_C03,0.6925785366830086,WALKTRAV_B02,0.6741448244231137,0.018433712259894874,False,8,0,38.0,32,0.0,False,False,False
15,171,disty10,ACTTRAV_C03,0.7159487717339499,WALKTRAV_B02,0.697515059474055,0.018433712259894874,False,8,8,5.0,2,1.0,True,False,True
15,171,disty11,ACTTRAV_C03,0.7033734135904386,WALKTRAV_B02,0.6849397013305437,0.018433712259894874,False,8,8,3.0,1,1.0,True,False,True
15,171,disty12,ACTTRAV_C03,0.7046725188763139,WALKTRAV_B02,0.686238806616419,0.018433712259894874,False,8,8,6.5,4,1.0,True,False,True
15,171,disty13,ACTTRAV_C03,0.7095908876426043,WALKTRAV_B02,0.6911571753827094,0.018433712259894874,False,8,8,5.5,4,1.0,True,False,True
15,171,disty2,ACTTRAV_C03,0.6986839608568028,WALKTRAV_B02,0.680250248596908,0.018433712259894874,False,8,7,25.0,20,0.875,True,False,True
15,171,disty3,ACTTRAV_C03,0.692313817256585,WALKTRAV_B02,0.6738801049966902,0.018433712259894874,False,8,1,33.5,26,0.125,False,False,False
15,171,disty4,ACTTRAV_C03,0.6890021262086395,WALKTRAV_B02,0.6705684139487447,0.018433712259894874,False,8,8,7.5,3,1.0,True,False,True
15,171,disty5,ACTTRAV_C03,0.698687570021261,WALKTRAV_B02,0.6802538577613662,0.018433712259894874,False,8,5,25.5,14,0.625,True,False,True
15,171,disty6,ACTTRAV_C03,0.6937092480187715,WALKTRAV_B02,0.6752755357588767,0.018433712259894874,False,8,8,5.5,1,1.0,True,False,True
15,171,disty7,ACTTRAV_C03,0.6940979139325166,WALKTRAV_B02,0.6756642016726218,0.018433712259894874,False,8,8,18.0,12,1.0,True,False,True
15,171,disty8,ACTTRAV_C03,0.7017946716159396,WALKTRAV_B02,0.6833609593560447,0.018433712259894874,False,8,8,10.0,6,1.0,True,False,True
15,171,disty9,ACTTRAV_C03,0.6994887636888064,WALKTRAV_B02,0.6810550514289114,0.018433712259894985,False,8,8,10.0,7,1.0,True,False,True
15,171,limiting_disability,ACTTRAV_C03,0.6975798570625954,WALKTRAV_B02,0.6791461448027005,0.018433712259894874,False,8,0,69.5,58,0.0,False,False,False
15,171,no_disability,ACTTRAV_C03,0.6988334247809342,WALKTRAV_B02,0.6803855936698342,0.018447831111100044,False,8,0,329.5,305,0.0,False,False,False
15,171,non_limiting_disability,ACTTRAV_C03,0.7051915368678624,WALKTRAV_B02,0.6867488121089744,0.018442724758887974,False,8,0,55.5,47,0.0,False,False,False
15,196,disty1,ACTTRAV_C03,0.6929721678628075,WALKTRAV_B02,0.6745384556029126,0.018433712259894874,False,8,0,40.0,32,0.0,False,False,False
15,196,disty10,ACTTRAV_C03,0.7165133646590944,WALKTRAV_B02,0.6980796523991996,0.018433712259894874,False,8,8,3.0,1,1.0,True,False,True
15,196,disty11,ACTTRAV_C03,0.7034072596831619,WALKTRAV_B02,0.6849735474232669,0.018433712259894985,False,8,8,2.0,1,1.0,True,False,True
15,196,disty12,ACTTRAV_C03,0.7047241222987929,WALKTRAV_B02,0.6862849974107001,0.01843912488809274,False,8,8,7.5,4,1.0,True,False,True
15,196,disty13,ACTTRAV_C03,0.7098143880455006,WALKTRAV_B02,0.6913806757856057,0.018433712259894874,False,8,8,5.5,3,1.0,True,False,True
15,196,disty2,ACTTRAV_C03,0.6991090630332752,WALKTRAV_B02,0.6806753507733804,0.018433712259894874,False,8,5,28.5,24,0.625,True,False,True
15,196,disty3,ACTTRAV_C03,0.6925279828602726,WALKTRAV_B02,0.6740942706003777,0.018433712259894874,False,8,0,38.0,31,0.0,False,False,False
15,196,disty4,ACTTRAV_C03,0.6891043401889231,WALKTRAV_B02,0.6706594295918886,0.01844491059703446,False,8,8,12.0,3,1.0,True,False,True
15,196,disty5,ACTTRAV_C03,0.6988926835722095,WALKTRAV_B02,0.6804562539189528,0.018436429653256647,False,8,7,21.0,10,0.875,True,False,True
15,196,disty6,ACTTRAV_C03,0.6941744692955992,WALKTRAV_B02,0.6757407570357044,0.018433712259894874,False,8,8,7.0,4,1.0,True,False,True
15,196,disty7,ACTTRAV_C03,0.6943401181964501,WALKTRAV_B02,0.6759064059365553,0.018433712259894874,False,8,8,20.0,14,1.0,True,False,True
15,196,disty8,ACTTRAV_C03,0.7018534025010931,WALKTRAV_B02,0.6834196902411982,0.018433712259894874,False,8,8,10.5,6,1.0,True,False,True
15,196,disty9,ACTTRAV_C03,0.6998195149001796,WALKTRAV_B02,0.6813858026402847,0.018433712259894874,False,8,8,11.0,5,1.0,True,False,True
15,196,limiting_disability,ACTTRAV_C03,0.697861111046849,WALKTRAV_B02,0.6794193146940709,0.018441796352778095,False,8,0,74.5,60,0.0,False,False,False
15,196,no_disability,ACTTRAV_C03,0.6991759195917383,WALKTRAV_B02,0.68073435055465,0.018441569037088268,False,8,0,330.0,301,0.0,False,False,False
15,196,non_limiting_disability,ACTTRAV_C03,0.7056132676871693,WALKTRAV_B02,0.6871672429725204,0.018446024714648845,False,8,0,76.0,63,0.0,False,False,False
15,201,disty1,ACTTRAV_C03,0.7072637806556795,WALKTRAV_B02,0.6888300683957846,0.018433712259894874,False,8,7,23.0,20,0.875,True,False,True
15,201,disty10,ACTTRAV_C03,0.7306171095822707,WALKTRAV_B02,0.7121833973223758,0.018433712259894874,False,7,7,3.0,2,1.0,True,True,True
15,201,disty11,ACTTRAV_C03,0.7180306580808681,WALKTRAV_B02,0.6995969458209732,0.018433712259894874,False,7,7,2.0,1,1.0,True,True,True
15,201,disty12,ACTTRAV_C03,0.7191885437912945,WALKTRAV_B02,0.7007548315313996,0.018433712259894874,False,8,8,5.5,3,1.0,True,False,True
15,201,disty13,ACTTRAV_C03,0.7242395508514488,WALKTRAV_B02,0.7058058385915539,0.018433712259894874,False,8,8,3.5,1,1.0,True,False,True
15,201,disty2,ACTTRAV_C03,0.7132500154432836,WALKTRAV_B02,0.6948163031833887,0.018433712259894874,False,8,8,19.5,14,1.0,True,False,True
15,201,disty3,ACTTRAV_C03,0.7067754435561189,WALKTRAV_B02,0.6883375710978575,0.01843787245826134,False,8,6,27.5,23,0.75,True,False,True
15,201,disty4,ACTTRAV_C03,0.7034158671458248,WALKTRAV_B02,0.6849620811170442,0.018453786028780672,False,8,8,9.0,6,1.0,True,False,True
15,201,disty5,ACTTRAV_C03,0.713404355440851,WALKTRAV_B02,0.694970643180956,0.018433712259894985,False,8,8,16.0,8,1.0,True,False,True
15,201,disty6,ACTTRAV_C03,0.7085558420507788,WALKTRAV_B02,0.6901221297908839,0.018433712259894874,False,8,8,5.5,2,1.0,True,False,True
15,201,disty7,ACTTRAV_C03,0.708599494668903,WALKTRAV_B02,0.6901657824090082,0.018433712259894874,False,8,8,12.5,7,1.0,True,False,True
15,201,disty8,ACTTRAV_C03,0.7163541149389766,WALKTRAV_B02,0.6979204026790816,0.018433712259894985,False,8,8,6.5,3,1.0,True,False,True
15,201,disty9,ACTTRAV_C03,0.7139591769419503,WALKTRAV_B02,0.6955254646820554,0.018433712259894874,False,8,8,5.0,2,1.0,True,False,True
15,201,limiting_disability,ACTTRAV_C03,0.7121668888768833,WALKTRAV_B02,0.6937241904999477,0.018442698376935573,False,8,0,52.5,42,0.0,False,False,False
15,201,no_disability,ACTTRAV_C03,0.7133406882746618,WALKTRAV_B02,0.6948752634153142,0.018465424859347546,False,8,0,336.0,295,0.0,False,False,False
15,201,non_limiting_disability,ACTTRAV_C03,0.7197385687338677,WALKTRAV_B02,0.7012790827626166,0.018459485971251022,False,8,0,84.0,68,0.0,False,False,False
15,241,disty1,ACTTRAV_C03,0.7045041413421131,WALKTRAV_B02,0.6860521069123803,0.018452034429732866,False,8,3,31.0,24,0.375,False,False,False
15,241,disty10,ACTTRAV_C03,0.7279972697594437,WALKTRAV_B02,0.7095635574995488,0.018433712259894874,False,8,8,4.0,3,1.0,True,False,True
15,241,disty11,ACTTRAV_C03,0.7154208099311861,WALKTRAV_B02,0.6969870976712912,0.018433712259894874,False,6,6,3.0,2,1.0,True,True,True
15,241,disty12,ACTTRAV_C03,0.7164877512697763,WALKTRAV_B02,0.6980540390098814,0.018433712259894874,False,8,8,8.5,4,1.0,True,False,True
15,241,disty13,ACTTRAV_C03,0.7214689676934599,WALKTRAV_B02,0.703035255433565,0.018433712259894874,False,8,8,5.0,2,1.0,True,False,True
15,241,disty2,ACTTRAV_C03,0.710596604484466,WALKTRAV_B02,0.6921628922245712,0.018433712259894874,False,8,6,22.0,14,0.75,True,False,True
15,241,disty3,ACTTRAV_C03,0.704103523197808,WALKTRAV_B02,0.685669810937913,0.018433712259894985,False,8,2,31.0,24,0.25,False,False,False
15,241,disty4,ACTTRAV_C03,0.7009595871761907,WALKTRAV_B02,0.6825258749162958,0.018433712259894874,False,8,8,8.0,5,1.0,True,False,True
15,241,disty5,ACTTRAV_C03,0.7107210004399042,WALKTRAV_B02,0.6921946465754311,0.0185263538644731,False,8,5,24.5,16,0.625,True,False,True
15,241,disty6,ACTTRAV_C03,0.705952677407801,WALKTRAV_B02,0.6875189651479061,0.018433712259894874,False,8,8,5.0,3,1.0,True,False,True
15,241,disty7,ACTTRAV_C03,0.7059833345348442,WALKTRAV_B02,0.6875204161622931,0.018462918372551096,False,8,8,16.5,14,1.0,True,False,True
15,241,disty8,ACTTRAV_C03,0.7135780563346208,WALKTRAV_B02,0.6951443440747259,0.018433712259894874,False,8,8,10.0,6,1.0,True,False,True
15,241,disty9,ACTTRAV_C03,0.7116938808550929,WALKTRAV_B02,0.6932601685951979,0.018433712259894985,False,8,8,6.0,5,1.0,True,False,True
15,241,limiting_disability,ACTTRAV_C03,0.7094646629389744,WALKTRAV_B02,0.690983942183956,0.018480720755018387,False,8,0,61.0,50,0.0,False,False,False
15,241,no_disability,ACTTRAV_C03,0.7107742339263307,WALKTRAV_B02,0.6923136853977573,0.018460548528573373,False,8,0,342.0,312,0.0,False,False,False
15,241,non_limiting_disability,ACTTRAV_C03,0.7172386972520295,WALKTRAV_B02,0.6987920749138259,0.0184466223382036,False,8,0,75.0,54,0.0,False,False,False
15,255,disty1,ACTTRAV_C03,0.694548553224759,WALKTRAV_B02,0.6760977912377352,0.018450761987023778,False,8,0,39.5,31,0.0,False,False,False
15,255,disty10,ACTTRAV_C03,0.7174497996520912,WALKTRAV_B02,0.6990160873921963,0.018433712259894874,False,8,8,3.0,2,1.0,True,False,True
15,255,disty11,ACTTRAV_C03,0.7051627478802948,WALKTRAV_B02,0.6867290356203999,0.018433712259894874,False,6,6,3.0,1,1.0,True,True,True
15,255,disty12,ACTTRAV_C03,0.7065270387521191,WALKTRAV_B02,0.6880734747870596,0.018453563965059483,False,8,8,5.5,2,1.0,True,False,True
15,255,disty13,ACTTRAV_C03,0.711586384392487,WALKTRAV_B02,0.6931526721325921,0.018433712259894874,False,8,8,5.0,2,1.0,True,False,True
15,255,disty2,ACTTRAV_C03,0.7005777629926753,WALKTRAV_B02,0.6821440507327804,0.018433712259894874,False,8,6,27.0,23,0.75,True,False,True
15,255,disty3,ACTTRAV_C03,0.6939725188565579,WALKTRAV_B02,0.6755332550141671,0.018439263842390807,False,8,0,43.0,33,0.0,False,False,False
15,255,disty4,ACTTRAV_C03,0.6905912774121098,WALKTRAV_B02,0.672157565152215,0.018433712259894763,False,8,8,13.0,7,1.0,True,False,True
15,255,disty5,ACTTRAV_C03,0.7006109078969692,WALKTRAV_B02,0.6821696189779237,0.018441288919045506,False,8,6,23.5,15,0.75,True,False,True
15,255,disty6,ACTTRAV_C03,0.6955993237327801,WALKTRAV_B02,0.6771656114728851,0.018433712259894985,False,8,8,6.5,2,1.0,True,False,True
15,255,disty7,ACTTRAV_C03,0.6958215306999097,WALKTRAV_B02,0.6773788547356362,0.018442675964273514,False,8,7,25.0,19,0.875,True,False,True
15,255,disty8,ACTTRAV_C03,0.7034293416146559,WALKTRAV_B02,0.6849839181560683,0.018445423458587573,False,8,8,12.0,7,1.0,True,False,True
15,255,disty9,ACTTRAV_C03,0.701508329221367,WALKTRAV_B02,0.683074616961472,0.018433712259894985,False,8,8,11.5,9,1.0,True,False,True
15,255,limiting_disability,ACTTRAV_C03,0.6993498460155168,WALKTRAV_B02,0.6809049293285881,0.018444916686928603,False,8,0,76.0,59,0.0,False,False,False
15,255,no_disability,ACTTRAV_C03,0.7006500844154534,WALKTRAV_B02,0.682212105212068,0.018437979203385413,False,8,0,328.0,273,0.0,False,False,False
15,255,non_limiting_disability,ACTTRAV_C03,0.7070686547892727,WALKTRAV_B02,0.6886290951196402,0.01843955966963251,False,8,0,78.0,59,0.0,False,False,False
15,272,disty1,ACTTRAV_C03,0.7001331610219956,WALKTRAV_B02,0.6816994487621008,0.018433712259894874,False,8,5,27.0,23,0.625,True,False,True
15,272,disty10,ACTTRAV_C03,0.7232966764901214,WALKTRAV_B02,0.7048629642302265,0.018433712259894874,False,8,8,3.5,2,1.0,True,False,True
15,272,disty11,ACTTRAV_C03,0.7108352463149924,WALKTRAV_B02,0.6924015340550976,0.018433712259894763,False,6,6,1.5,1,1.0,True,True,True
15,272,disty12,ACTTRAV_C03,0.7119366075739377,WALKTRAV_B02,0.6935028953140429,0.018433712259894874,False,8,8,9.0,1,1.0,True,False,True
15,272,disty13,ACTTRAV_C03,0.7167807554985081,WALKTRAV_B02,0.6983470432386131,0.018433712259894985,False,8,8,5.0,3,1.0,True,False,True
15,272,disty2,ACTTRAV_C03,0.7061922172286663,WALKTRAV_B02,0.6877585049687714,0.018433712259894874,False,8,8,21.5,18,1.0,True,False,True
15,272,disty3,ACTTRAV_C03,0.6996369555648134,WALKTRAV_B02,0.6811837040197538,0.018453251545059612,False,8,8,23.0,17,1.0,True,False,True
15,272,disty4,ACTTRAV_C03,0.6964197980993204,WALKTRAV_B02,0.6779860858394255,0.018433712259894874,False,8,8,4.5,3,1.0,True,False,True
15,272,disty5,ACTTRAV_C03,0.7061270172717037,WALKTRAV_B02,0.6876838408693962,0.018443176402307526,False,8,6,24.5,16,0.75,True,False,True
15,272,disty6,ACTTRAV_C03,0.7012964667842542,WALKTRAV_B02,0.6828627545243593,0.018433712259894874,False,8,8,5.5,3,1.0,True,False,True
15,272,disty7,ACTTRAV_C03,0.7014477411029137,WALKTRAV_B02,0.6830140288430189,0.018433712259894874,False,8,8,15.0,11,1.0,True,False,True
15,272,disty8,ACTTRAV_C03,0.7089862875505352,WALKTRAV_B02,0.6905525752906403,0.018433712259894874,False,8,8,7.5,4,1.0,True,False,True
15,272,disty9,ACTTRAV_C03,0.7069522253565365,WALKTRAV_B02,0.6885185130966417,0.018433712259894763,False,8,8,5.0,2,1.0,True,False,True
15,272,limiting_disability,ACTTRAV_C03,0.705029303190195,WALKTRAV_B02,0.6865867739508009,0.018442529239394045,False,8,0,56.5,43,0.0,False,False,False
15,272,no_disability,ACTTRAV_C03,0.7064093115917577,WALKTRAV_B02,0.6879586131562324,0.01845069843552527,False,8,0,356.5,311,0.0,False,False,False
15,272,non_limiting_disability,ACTTRAV_C03,0.7128463271746371,WALKTRAV_B02,0.6943638334451719,0.0184824937294652,False,8,0,58.0,41,0.0,False,False,False
15,279,disty1,ACTTRAV_C03,0.6980823387964558,WALKTRAV_B02,0.6796412833179569,0.018441055478498836,False,8,1,38.0,24,0.125,False,False,False
15,279,disty10,ACTTRAV_C03,0.7214298965788998,WALKTRAV_B02,0.7029961843190049,0.018433712259894874,False,8,8,3.0,2,1.0,True,False,True
15,279,disty11,ACTTRAV_C03,0.7088283081188459,WALKTRAV_B02,0.690394595858951,0.018433712259894874,False,8,8,2.0,1,1.0,True,False,True
15,279,disty12,ACTTRAV_C03,0.7098764213551666,WALKTRAV_B02,0.6914427090952717,0.018433712259894874,False,8,8,5.5,3,1.0,True,False,True
15,279,disty13,ACTTRAV_C03,0.7150709998496715,WALKTRAV_B02,0.6963870497729797,0.01868395007669177,False,8,8,3.5,1,1.0,True,False,True
15,279,disty2,ACTTRAV_C03,0.7040671998288421,WALKTRAV_B02,0.6856247444697624,0.018442455359079735,False,8,7,27.0,19,0.875,True,False,True
15,279,disty3,ACTTRAV_C03,0.6976492850732814,WALKTRAV_B02,0.6792155728133865,0.018433712259894874,False,8,1,40.0,22,0.125,False,False,False
15,279,disty4,ACTTRAV_C03,0.6944084280299192,WALKTRAV_B02,0.6759747157700243,0.018433712259894874,False,8,8,8.5,2,1.0,True,False,True
15,279,disty5,ACTTRAV_C03,0.7039710899714763,WALKTRAV_B02,0.6855275740273011,0.01844351594417515,False,8,7,24.0,11,0.875,True,False,True
15,279,disty6,ACTTRAV_C03,0.6993994622653095,WALKTRAV_B02,0.6809657500054146,0.018433712259894874,False,8,8,4.5,1,1.0,True,False,True
15,279,disty7,ACTTRAV_C03,0.699613711693387,WALKTRAV_B02,0.6811799994334922,0.018433712259894874,False,8,8,19.0,16,1.0,True,False,True
15,279,disty8,ACTTRAV_C03,0.7069276400637673,WALKTRAV_B02,0.6884939278038724,0.018433712259894874,False,8,8,7.0,6,1.0,True,False,True
15,279,disty9,ACTTRAV_C03,0.7048410206778605,WALKTRAV_B02,0.6864073084179657,0.018433712259894763,False,8,8,7.5,4,1.0,True,False,True
15,279,limiting_disability,ACTTRAV_C03,0.7029006582906311,WALKTRAV_B02,0.6844556079210407,0.018445050369590432,False,8,0,65.5,50,0.0,False,False,False
15,279,no_disability,ACTTRAV_C03,0.7041651663614342,WALKTRAV_B02,0.6857127755530711,0.01845239080836314,False,8,0,333.5,308,0.0,False,False,False
15,279,non_limiting_disability,ACTTRAV_C03,0.7107388273672636,WALKTRAV_B02,0.6922717501424823,0.018467077224781248,False,8,0,71.5,60,0.0,False,False,False
15,280,disty1,ACTTRAV_C03,0.7126878121188545,WALKTRAV_B02,0.6942540998589596,0.018433712259894874,False,8,8,21.5,13,1.0,True,False,True
15,280,disty10,ACTTRAV_C03,0.7357631221185464,WALKTRAV_B02,0.7173294098586515,0.018433712259894985,False,8,8,3.0,1,1.0,True,False,True
15,280,disty11,ACTTRAV_C03,0.7229384398651296,WALKTRAV_B02,0.7045047276052346,0.018433712259894985,False,5,5,2.0,1,1.0,True,True,True
15,280,disty12,ACTTRAV_C03,0.7245229468554711,WALKTRAV_B02,0.7060892345955763,0.018433712259894874,False,8,8,4.5,1,1.0,True,False,True
15,280,disty13,ACTTRAV_C03,0.7296741176083721,WALKTRAV_B02,0.7112404053484772,0.018433712259894874,False,8,8,3.5,1,1.0,True,False,True
15,280,disty2,ACTTRAV_C03,0.7187669122933528,WALKTRAV_B02,0.7003332000334579,0.018433712259894874,False,8,8,18.0,12,1.0,True,False,True
15,280,disty3,ACTTRAV_C03,0.7121787732733175,WALKTRAV_B02,0.6937450610134226,0.018433712259894874,False,8,6,23.0,18,0.75,True,False,True
15,280,disty4,ACTTRAV_C03,0.7086321867773456,WALKTRAV_B02,0.6901984745174508,0.018433712259894874,False,8,8,5.5,2,1.0,True,False,True
15,280,disty5,ACTTRAV_C03,0.7187490868449212,WALKTRAV_B02,0.7003153745850265,0.018433712259894763,False,8,6,17.5,8,0.75,True,False,True
15,280,disty6,ACTTRAV_C03,0.713986693412887,WALKTRAV_B02,0.6955529811529922,0.018433712259894763,False,8,8,3.0,1,1.0,True,False,True
15,280,disty7,ACTTRAV_C03,0.7141592705694587,WALKTRAV_B02,0.6957255583095637,0.018433712259894985,False,8,8,14.5,9,1.0,True,False,True
15,280,disty8,ACTTRAV_C03,0.7215144086907535,WALKTRAV_B02,0.7030806964308586,0.018433712259894874,False,8,8,6.0,4,1.0,True,False,True
15,280,disty9,ACTTRAV_C03,0.7197409019772828,WALKTRAV_B02,0.7013071897173878,0.018433712259894985,False,8,8,5.5,3,1.0,True,False,True
15,280,limiting_disability,ACTTRAV_C03,0.7176071627838451,WALKTRAV_B02,0.6991734505239501,0.018433712259894985,False,8,0,47.5,38,0.0,False,False,False
15,280,no_disability,ACTTRAV_C03,0.7188312460757287,WALKTRAV_B02,0.7003279598231266,0.018503286252602114,False,8,0,346.0,329,0.0,False,False,False
15,280,non_limiting_disability,ACTTRAV_C03,0.7252203366146027,WALKTRAV_B02,0.7067820090690503,0.018438327545552413,False,8,0,70.0,59,0.0,False,False,False
15,293,disty1,ACTTRAV_C03,0.699318228429186,WALKTRAV_B02,0.6808845161692912,0.018433712259894763,False,8,2,34.0,27,0.25,False,False,False
15,293,disty10,ACTTRAV_C03,0.722448917633301,WALKTRAV_B02,0.7040152053734061,0.018433712259894874,False,8,8,5.5,2,1.0,True,False,True
15,293,disty11,ACTTRAV_C03,0.7103245909377165,WALKTRAV_B02,0.6918908786778216,0.018433712259894874,False,7,7,3.0,1,1.0,True,True,True
15,293,disty12,ACTTRAV_C03,0.7111413269765711,WALKTRAV_B02,0.6927076147166763,0.018433712259894763,False,8,8,10.0,6,1.0,True,False,True
15,293,disty13,ACTTRAV_C03,0.7162583971194506,WALKTRAV_B02,0.6978246848595556,0.018433712259894985,False,8,8,3.5,1,1.0,True,False,True
15,293,disty2,ACTTRAV_C03,0.7053046156606606,WALKTRAV_B02,0.6868709034007657,0.018433712259894874,False,8,5,26.0,23,0.625,True,False,True
15,293,disty3,ACTTRAV_C03,0.698868161588195,WALKTRAV_B02,0.6804344493283002,0.018433712259894763,False,8,1,37.5,25,0.125,False,False,False
15,293,disty4,ACTTRAV_C03,0.6954463633923945,WALKTRAV_B02,0.6770126511324996,0.018433712259894874,False,8,8,13.5,9,1.0,True,False,True
15,293,disty5,ACTTRAV_C03,0.7053513059979442,WALKTRAV_B02,0.6869175937380493,0.018433712259894874,False,8,6,24.0,13,0.75,True,False,True
15,293,disty6,ACTTRAV_C03,0.7002403171751106,WALKTRAV_B02,0.6818066049152157,0.018433712259894874,False,8,8,8.0,5,1.0,True,False,True
15,293,disty7,ACTTRAV_C03,0.7007097036523245,WALKTRAV_B02,0.6822759913924297,0.018433712259894874,False,8,8,16.0,11,1.0,True,False,True
15,293,disty8,ACTTRAV_C03,0.7082027924297977,WALKTRAV_B02,0.6897690801699028,0.018433712259894874,False,8,8,13.0,5,1.0,True,False,True
15,293,disty9,ACTTRAV_C03,0.7062331161113838,WALKTRAV_B02,0.6877994038514889,0.018433712259894985,False,8,8,10.0,4,1.0,True,False,True
15,293,limiting_disability,ACTTRAV_C03,0.7042318172862139,WALKTRAV_B02,0.685798105026319,0.018433712259894874,False,8,0,69.5,47,0.0,False,False,False
15,293,no_disability,ACTTRAV_C03,0.7055899293058788,WALKTRAV_B02,0.6871363602766137,0.018453569029265093,False,8,0,325.5,289,0.0,False,False,False
15,293,non_limiting_disability,ACTTRAV_C03,0.7119889900785141,WALKTRAV_B02,0.6935318865534384,0.01845710352507568,False,8,0,75.0,57,0.0,False,False,False
15,30,disty1,ACTTRAV_C03,0.6927066400564105,WALKTRAV_B02,0.6742699450774783,0.01843669497893219,False,8,1,36.5,27,0.125,False,False,False
15,30,disty10,ACTTRAV_C03,0.7160590618294277,WALKTRAV_B02,0.6976253495695328,0.018433712259894874,False,7,7,5.0,2,1.0,True,True,True
15,30,disty11,ACTTRAV_C03,0.7036433017075072,WALKTRAV_B02,0.6852095894476123,0.018433712259894874,False,7,7,4.0,2,1.0,True,True,True
15,30,disty12,ACTTRAV_C03,0.7048193801183701,WALKTRAV_B02,0.6863856678584752,0.018433712259894874,False,8,8,8.5,4,1.0,True,False,True
15,30,disty13,ACTTRAV_C03,0.7096355507639815,WALKTRAV_B02,0.6912018385040867,0.018433712259894874,False,8,8,6.0,3,1.0,True,False,True
15,30,disty2,ACTTRAV_C03,0.6987520835925976,WALKTRAV_B02,0.6803183713327027,0.018433712259894874,False,8,3,30.5,25,0.375,False,False,False
15,30,disty3,ACTTRAV_C03,0.6923663027183748,WALKTRAV_B02,0.67393259045848,0.018433712259894874,False,8,2,37.5,28,0.25,False,False,False
15,30,disty4,ACTTRAV_C03,0.6890908889918431,WALKTRAV_B02,0.6706571767319482,0.018433712259894874,False,8,8,9.5,5,1.0,True,False,True
15,30,disty5,ACTTRAV_C03,0.6989022121815163,WALKTRAV_B02,0.6804666921896884,0.01843551999182791,False,8,5,19.0,13,0.625,True,False,True
15,30,disty6,ACTTRAV_C03,0.6938683576122094,WALKTRAV_B02,0.6754346453523145,0.018433712259894985,False,8,8,6.5,3,1.0,True,False,True
15,30,disty7,ACTTRAV_C03,0.6942464604132439,WALKTRAV_B02,0.675812748153349,0.018433712259894874,False,8,8,19.5,14,1.0,True,False,True
15,30,disty8,ACTTRAV_C03,0.7018001509504074,WALKTRAV_B02,0.6833664386905125,0.018433712259894874,False,8,8,13.5,7,1.0,True,False,True
15,30,disty9,ACTTRAV_C03,0.6998133506220606,WALKTRAV_B02,0.6813796383621658,0.018433712259894874,False,8,8,10.0,6,1.0,True,False,True
15,30,limiting_disability,ACTTRAV_C03,0.6977283628539539,WALKTRAV_B02,0.6792937783025788,0.018434584551375144,False,8,0,64.0,52,0.0,False,False,False
15,30,no_disability,ACTTRAV_C03,0.6989647855874973,WALKTRAV_B02,0.6805157075322403,0.018449078055256973,False,8,0,331.5,320,0.0,False,False,False
15,30,non_limiting_disability,ACTTRAV_C03,0.7054306192476497,WALKTRAV_B02,0.6869740474956759,0.018456571751973794,False,8,0,62.5,52,0.0,False,False,False
15,35,disty1,ACTTRAV_C03,0.6980561194946736,WALKTRAV_B02,0.6796224072347787,0.018433712259894874,False,8,2,36.5,28,0.25,False,False,False
15,35,disty10,ACTTRAV_C03,0.7213058893163943,WALKTRAV_B02,0.7028721770564994,0.018433712259894874,False,8,8,3.0,1,1.0,True,False,True
15,35,disty11,ACTTRAV_C03,0.7089456084817525,WALKTRAV_B02,0.6905118962218576,0.018433712259894874,False,7,7,3.0,1,1.0,True,True,True
15,35,disty12,ACTTRAV_C03,0.7101333009839508,WALKTRAV_B02,0.6916995887240559,0.018433712259894874,False,8,8,6.5,2,1.0,True,False,True
15,35,disty13,ACTTRAV_C03,0.714770776149536,WALKTRAV_B02,0.696337063889641,0.018433712259894985,False,8,8,5.0,2,1.0,True,False,True
15,35,disty2,ACTTRAV_C03,0.7039199359135073,WALKTRAV_B02,0.6854635501961716,0.018456385717335766,False,8,8,21.0,18,1.0,True,False,True
15,35,disty3,ACTTRAV_C03,0.6976669361692124,WALKTRAV_B02,0.6792332239093176,0.018433712259894763,False,8,0,40.5,35,0.0,False,False,False
15,35,disty4,ACTTRAV_C03,0.694197083842313,WALKTRAV_B02,0.6757633715824182,0.018433712259894874,False,8,8,12.0,10,1.0,True,False,True
15,35,disty5,ACTTRAV_C03,0.7042294989602328,WALKTRAV_B02,0.6857957867003379,0.018433712259894874,False,8,7,22.5,10,0.875,True,False,True
15,35,disty6,ACTTRAV_C03,0.6992292582383525,WALKTRAV_B02,0.6807955459784576,0.018433712259894874,False,8,8,4.0,3,1.0,True,False,True
15,35,disty7,ACTTRAV_C03,0.6995040842807915,WALKTRAV_B02,0.6810703720208966,0.018433712259894874,False,8,8,16.5,11,1.0,True,False,True
15,35,disty8,ACTTRAV_C03,0.7071117192235666,WALKTRAV_B02,0.6886780069636718,0.018433712259894874,False,8,8,10.5,7,1.0,True,False,True
15,35,disty9,ACTTRAV_C03,0.7049898713460511,WALKTRAV_B02,0.6865561590861561,0.018433712259894985,False,8,8,9.5,5,1.0,True,False,True
15,35,limiting_disability,ACTTRAV_C03,0.703014415022953,WALKTRAV_B02,0.6845747550275849,0.01843965999536812,False,8,0,67.0,56,0.0,False,False,False
15,35,no_disability,ACTTRAV_C03,0.7043357146461122,WALKTRAV_B02,0.6858901186513496,0.018445595994762587,False,8,0,300.5,290,0.0,False,False,False
15,35,non_limiting_disability,ACTTRAV_C03,0.7107221842634801,WALKTRAV_B02,0.6922864938437719,0.01843569041970816,False,8,0,81.5,77,0.0,False,False,False
15,44,disty1,ACTTRAV_C03,0.7019715423715666,WALKTRAV_B02,0.6835272956760924,0.018444246695474176,False,8,3,31.0,26,0.375,False,False,False
15,44,disty10,ACTTRAV_C03,0.725021026781385,WALKTRAV_B02,0.7065873145214902,0.018433712259894874,False,8,8,4.5,3,1.0,True,False,True
15,44,disty11,ACTTRAV_C03,0.7123277108245015,WALKTRAV_B02,0.6938939985646065,0.018433712259894985,False,8,8,3.0,2,1.0,True,False,True
15,44,disty12,ACTTRAV_C03,0.7136981104572631,WALKTRAV_B02,0.6952564747720521,0.018441635685210955,False,8,8,8.0,3,1.0,True,False,True
15,44,disty13,ACTTRAV_C03,0.7188342063177305,WALKTRAV_B02,0.7003909298380263,0.01844327647970423,False,8,8,5.5,2,1.0,True,False,True
15,44,disty2,ACTTRAV_C03,0.7080062621499845,WALKTRAV_B02,0.6895725498900896,0.018433712259894874,False,8,3,30.5,24,0.375,False,False,False
15,44,disty3,ACTTRAV_C03,0.7015432351824868,WALKTRAV_B02,0.6830982807841549,0.018444954398331936,False,8,0,41.0,31,0.0,False,False,False
15,44,disty4,ACTTRAV_C03,0.6981790279765363,WALKTRAV_B02,0.6797453157166414,0.018433712259894874,False,8,8,12.0,7,1.0,True,False,True
15,44,disty5,ACTTRAV_C03,0.7079416491331502,WALKTRAV_B02,0.6895027359739644,0.018438913159185777,False,8,3,32.5,21,0.375,False,False,False
15,44,disty6,ACTTRAV_C03,0.7027567322509757,WALKTRAV_B02,0.6843230199910808,0.018433712259894874,False,8,8,8.5,6,1.0,True,False,True
15,44,disty7,ACTTRAV_C03,0.7031965691988804,WALKTRAV_B02,0.6847628569389855,0.018433712259894874,False,8,8,19.5,13,1.0,True,False,True
15,44,disty8,ACTTRAV_C03,0.7107873562761963,WALKTRAV_B02,0.6923536440163013,0.018433712259894985,False,8,8,15.0,7,1.0,True,False,True
15,44,disty9,ACTTRAV_C03,0.7087381438099462,WALKTRAV_B02,0.6903044315500513,0.018433712259894874,False,8,8,10.5,8,1.0,True,False,True
15,44,limiting_disability,ACTTRAV_C03,0.7068730432715769,WALKTRAV_B02,0.6884317031417424,0.01844134012983445,False,8,0,72.5,59,0.0,False,False,False
15,44,no_disability,ACTTRAV_C03,0.7081455713753244,WALKTRAV_B02,0.6896975400288646,0.01844803134645978,False,8,0,315.5,287,0.0,False,False,False
15,44,non_limiting_disability,ACTTRAV_C03,0.7145643704715522,WALKTRAV_B02,0.6961018850837534,0.01846248538779882,False,8,0,76.5,58,0.0,False,False,False
15,68,disty1,ACTTRAV_C03,0.6947686278481281,WALKTRAV_B02,0.6763349155882331,0.018433712259894985,False,8,1,37.5,24,0.125,False,False,False
15,68,disty10,ACTTRAV_C03,0.7178942508481195,WALKTRAV_B02,0.6994520125264511,0.01844223832166847,False,8,8,3.0,1,1.0,True,False,True
15,68,disty11,ACTTRAV_C03,0.7054469989735126,WALKTRAV_B02,0.6870132867136177,0.018433712259894874,False,8,8,2.5,1,1.0,True,False,True
15,68,disty12,ACTTRAV_C03,0.7065452164076996,WALKTRAV_B02,0.688108957372973,0.018436259034726676,False,8,8,7.0,3,1.0,True,False,True
15,68,disty13,ACTTRAV_C03,0.7116608710748432,WALKTRAV_B02,0.6932271588149483,0.018433712259894874,False,8,8,4.5,2,1.0,True,False,True
15,68,disty2,ACTTRAV_C03,0.7008386656264555,WALKTRAV_B02,0.6824049533665606,0.018433712259894874,False,8,7,24.5,18,0.875,True,False,True
15,68,disty3,ACTTRAV_C03,0.6943028159767609,WALKTRAV_B02,0.675869103716866,0.018433712259894874,False,8,1,37.0,29,0.125,False,False,False
15,68,disty4,ACTTRAV_C03,0.6907383265297916,WALKTRAV_B02,0.6723046142698968,0.018433712259894763,False,8,8,12.0,7,1.0,True,False,True
15,68,disty5,ACTTRAV_C03,0.7007307891570644,WALKTRAV_B02,0.6822962311725078,0.01843455798455662,False,8,6,23.0,14,0.75,True,False,True
15,68,disty6,ACTTRAV_C03,0.6957351743058876,WALKTRAV_B02,0.6773014620459927,0.018433712259894874,False,8,8,6.0,4,1.0,True,False,True
15,68,disty7,ACTTRAV_C03,0.69601395184208,WALKTRAV_B02,0.6775802395821852,0.018433712259894874,False,8,8,18.0,14,1.0,True,False,True
15,68,disty8,ACTTRAV_C03,0.7036959891388496,WALKTRAV_B02,0.6852600928725193,0.018435896266330243,False,8,8,12.0,6,1.0,True,False,True
15,68,disty9,ACTTRAV_C03,0.7015397986748299,WALKTRAV_B02,0.6831060864149349,0.018433712259894985,False,8,8,8.0,4,1.0,True,False,True
15,68,limiting_disability,ACTTRAV_C03,0.6996593568353244,WALKTRAV_B02,0.681225266179588,0.018434090655736424,False,8,0,70.0,57,0.0,False,False,False
15,68,no_disability,ACTTRAV_C03,0.7009271995452014,WALKTRAV_B02,0.6824888659671483,0.018438333578053134,False,8,0,323.0,288,0.0,False,False,False
15,68,non_limiting_disability,ACTTRAV_C03,0.7074077429349915,WALKTRAV_B02,0.6889740306750965,0.018433712259894985,False,8,0,72.0,57,0.0,False,False,False
15,78,disty1,ACTTRAV_C03,0.6972269805971502,WALKTRAV_B02,0.6787810665465662,0.018445914050583934,False,8,4,31.0,25,0.5,True,False,True
15,78,disty10,ACTTRAV_C03,0.7205614007430722,WALKTRAV_B02,0.7021276884831772,0.018433712259894985,False,7,7,3.0,1,1.0,True,True,True
15,78,disty11,ACTTRAV_C03,0.7080305926129203,WALKTRAV_B02,0.6895968803530255,0.018433712259894874,False,6,6,2.0,1,1.0,True,True,True
15,78,disty12,ACTTRAV_C03,0.7090085463351005,WALKTRAV_B02,0.6905748340752056,0.018433712259894874,False,8,8,6.0,3,1.0,True,False,True
15,78,disty13,ACTTRAV_C03,0.7142357453604343,WALKTRAV_B02,0.6958020331005393,0.018433712259894985,False,8,8,5.5,2,1.0,True,False,True
15,78,disty2,ACTTRAV_C03,0.7033263105115498,WALKTRAV_B02,0.6848925982516549,0.018433712259894874,False,8,7,23.0,14,0.875,True,False,True
15,78,disty3,ACTTRAV_C03,0.6967279427354819,WALKTRAV_B02,0.6782764168629098,0.01845152587257204,False,8,3,31.0,19,0.375,False,False,False
15,78,disty4,ACTTRAV_C03,0.6935468014394096,WALKTRAV_B02,0.6751130891795147,0.018433712259894874,False,8,8,6.5,2,1.0,True,False,True
15,78,disty5,ACTTRAV_C03,0.7032676870303639,WALKTRAV_B02,0.6848228325394067,0.01844485449095723,False,8,8,20.0,11,1.0,True,False,True
15,78,disty6,ACTTRAV_C03,0.6985344721590382,WALKTRAV_B02,0.6801007598991432,0.018433712259894985,False,8,8,5.0,2,1.0,True,False,True
15,78,disty7,ACTTRAV_C03,0.698528950278373,WALKTRAV_B02,0.680095238018478,0.018433712259894985,False,8,8,17.0,14,1.0,True,False,True
15,78,disty8,ACTTRAV_C03,0.7060530087458441,WALKTRAV_B02,0.6876192964859492,0.018433712259894874,False,8,8,7.5,4,1.0,True,False,True
15,78,disty9,ACTTRAV_C03,0.7040472453654293,WALKTRAV_B02,0.6856135331055344,0.018433712259894874,False,8,8,9.0,5,1.0,True,False,True
15,78,limiting_disability,ACTTRAV_C03,0.7021388977984406,WALKTRAV_B02,0.6836958181664758,0.018443079631964787,False,8,0,62.0,45,0.0,False,False,False
15,78,no_disability,ACTTRAV_C03,0.7033480925811721,WALKTRAV_B02,0.6848922556906838,0.018455836890488353,False,8,0,327.0,317,0.0,False,False,False
15,78,non_limiting_disability,ACTTRAV_C03,0.7098621140128226,WALKTRAV_B02,0.6914146576148548,0.018447456397967854,False,8,0,75.5,60,0.0,False,False,False
15,8,disty1,ACTTRAV_C03,0.6906270346219265,WALKTRAV_B02,0.6721933223620317,0.018433712259894874,False,8,0,47.0,42,0.0,False,False,False
15,8,disty10,ACTTRAV_C03,0.7138209064277489,WALKTRAV_B02,0.695387194167854,0.018433712259894874,False,7,7,8.0,3,1.0,True,True,True
15,8,disty11,ACTTRAV_C03,0.7013689699475251,WALKTRAV_B02,0.6829352576876302,0.018433712259894874,False,8,8,4.0,1,1.0,True,False,True
15,8,disty12,ACTTRAV_C03,0.7023855056365013,WALKTRAV_B02,0.6839517933766064,0.018433712259894874,False,8,8,13.0,3,1.0,True,False,True
15,8,disty13,ACTTRAV_C03,0.7073666868815635,WALKTRAV_B02,0.6889329746216686,0.018433712259894874,False,8,8,6.0,4,1.0,True,False,True
15,8,disty2,ACTTRAV_C03,0.6966008553574571,WALKTRAV_B02,0.6781671430975623,0.018433712259894763,False,8,4,30.0,23,0.5,True,False,True
15,8,disty3,ACTTRAV_C03,0.6901946249267067,WALKTRAV_B02,0.6717609126668119,0.018433712259894763,False,8,0,47.5,36,0.0,False,False,False
15,8,disty4,ACTTRAV_C03,0.686933537920411,WALKTRAV_B02,0.668499825660516,0.018433712259894985,False,8,8,10.5,4,1.0,True,False,True
15,8,disty5,ACTTRAV_C03,0.6966029444878223,WALKTRAV_B02,0.6781692322279275,0.018433712259894874,False,8,3,38.0,21,0.375,False,False,False
15,8,disty6,ACTTRAV_C03,0.6917449530921599,WALKTRAV_B02,0.673311240832265,0.018433712259894874,False,8,8,10.0,5,1.0,True,False,True
15,8,disty7,ACTTRAV_C03,0.6919949287887389,WALKTRAV_B02,0.6735612165288439,0.018433712259894985,False,8,4,31.0,18,0.5,True,False,True
15,8,disty8,ACTTRAV_C03,0.6993384327077143,WALKTRAV_B02,0.6809047204478195,0.018433712259894874,False,8,8,14.0,7,1.0,True,False,True
15,8,disty9,ACTTRAV_C03,0.6974815004278857,WALKTRAV_B02,0.6790477881679907,0.018433712259894985,False,8,8,13.5,5,1.0,True,False,True
15,8,limiting_disability,ACTTRAV_C03,0.6955002029467776,WALKTRAV_B02,0.6770664906868827,0.018433712259894874,False,8,0,87.0,73,0.0,False,False,False
15,8,no_disability,ACTTRAV_C03,0.6967741632599236,WALKTRAV_B02,0.6783339767614914,0.018440186498432154,False,8,0,318.5,294,0.0,False,False,False
15,8,non_limiting_disability,ACTTRAV_C03,0.7032584244505768,WALKTRAV_B02,0.6848213228723311,0.01843710157824574,False,8,0,68.5,44,0.0,False,False,False
15,9,disty1,ACTTRAV_C03,0.6963531129306225,WALKTRAV_B02,0.6779194006707275,0.018433712259894985,False,8,3,33.0,26,0.375,False,False,False
15,9,disty10,ACTTRAV_C03,0.7193541588760483,WALKTRAV_B02,0.7009204466161535,0.018433712259894763,False,7,7,3.0,1,1.0,True,True,True
15,9,disty11,ACTTRAV_C03,0.7065633303460529,WALKTRAV_B02,0.6881296180861579,0.018433712259894985,False,6,6,2.5,1,1.0,True,True,True
15,9,disty12,ACTTRAV_C03,0.7081598971818369,WALKTRAV_B02,0.6897261849219419,0.018433712259894985,False,8,8,7.5,5,1.0,True,False,True
15,9,disty13,ACTTRAV_C03,0.7134051941953987,WALKTRAV_B02,0.6949714819355038,0.018433712259894874,False,8,8,6.5,3,1.0,True,False,True
15,9,disty2,ACTTRAV_C03,0.7023953016327441,WALKTRAV_B02,0.6839615893728492,0.018433712259894874,False,8,3,30.5,12,0.375,False,False,False
15,9,disty3,ACTTRAV_C03,0.6959597193289492,WALKTRAV_B02,0.6775260070690543,0.018433712259894874,False,8,2,37.0,28,0.25,False,False,False
15,9,disty4,ACTTRAV_C03,0.6925577484474822,WALKTRAV_B02,0.6741240361875873,0.018433712259894874,False,8,8,11.0,8,1.0,True,False,True
15,9,disty5,ACTTRAV_C03,0.7023591040512182,WALKTRAV_B02,0.6839253917913233,0.018433712259894874,False,8,8,23.5,12,1.0,True,False,True
15,9,disty6,ACTTRAV_C03,0.6974487177273508,WALKTRAV_B02,0.6790150054674559,0.018433712259894985,False,8,8,6.0,2,1.0,True,False,True
15,9,disty7,ACTTRAV_C03,0.6976549543869003,WALKTRAV_B02,0.6792212421270053,0.018433712259894985,False,8,6,13.0,8,0.75,True,False,True
15,9,disty8,ACTTRAV_C03,0.7053051386648048,WALKTRAV_B02,0.68687142640491,0.018433712259894874,False,8,8,10.0,6,1.0,True,False,True
15,9,disty9,ACTTRAV_C03,0.7030937794176794,WALKTRAV_B02,0.6846600671577844,0.018433712259894985,False,8,8,9.5,7,1.0,True,False,True
15,9,limiting_disability,ACTTRAV_C03,0.7012157610719314,WALKTRAV_B02,0.6827820488120365,0.018433712259894874,False,8,0,71.0,49,0.0,False,False,False
15,9,no_disability,ACTTRAV_C03,0.7024740475761594,WALKTRAV_B02,0.6840330010074019,0.018441046568757447,False,8,0,333.0,288,0.0,False,False,False
15,9,non_limiting_disability,ACTTRAV_C03,0.708996546010931,WALKTRAV_B02,0.6905493814943043,0.018447164516626646,False,8,0,82.5,57,0.0,False,False,False
15,91,disty1,ACTTRAV_C03,0.6928999366950693,WALKTRAV_B02,0.6744545021706299,0.018445434524439475,False,8,0,43.0,36,0.0,False,False,False
15,91,disty10,ACTTRAV_C03,0.7159897934649607,WALKTRAV_B02,0.6975560812050658,0.018433712259894874,False,8,8,4.5,2,1.0,True,False,True
15,91,disty11,ACTTRAV_C03,0.7033520502418876,WALKTRAV_B02,0.6849183379819928,0.018433712259894874,False,8,8,4.0,2,1.0,True,False,True
15,91,disty12,ACTTRAV_C03,0.7045705053900605,WALKTRAV_B02,0.6861367931301656,0.018433712259894874,False,8,8,8.5,5,1.0,True,False,True
15,91,disty13,ACTTRAV_C03,0.709537877186286,WALKTRAV_B02,0.6911041649263912,0.018433712259894874,False,8,8,6.0,3,1.0,True,False,True
15,91,disty2,ACTTRAV_C03,0.6988497274731695,WALKTRAV_B02,0.6804160152132745,0.018433712259894985,False,8,4,32.5,18,0.5,True,False,True
15,91,disty3,ACTTRAV_C03,0.6925149735952189,WALKTRAV_B02,0.6740669989079769,0.018447974687241908,False,8,0,48.5,35,0.0,False,False,False
15,91,disty4,ACTTRAV_C03,0.6892283535322379,WALKTRAV_B02,0.670794641272343,0.018433712259894874,False,8,8,15.5,7,1.0,True,False,True
15,91,disty5,ACTTRAV_C03,0.6988290610284207,WALKTRAV_B02,0.6803953487685258,0.018433712259894874,False,8,6,26.5,19,0.75,True,False,True
15,91,disty6,ACTTRAV_C03,0.6941787242956248,WALKTRAV_B02,0.6757450120357299,0.018433712259894874,False,8,8,8.0,1,1.0,True,False,True
15,91,disty7,ACTTRAV_C03,0.694318699078872,WALKTRAV_B02,0.675884986818977,0.018433712259894985,False,8,6,25.0,16,0.75,True,False,True
15,91,disty8,ACTTRAV_C03,0.7017938218766231,WALKTRAV_B02,0.6833601096167282,0.018433712259894874,False,8,8,16.0,5,1.0,True,False,True
15,91,disty9,ACTTRAV_C03,0.6998565581473647,WALKTRAV_B02,0.6814228458874699,0.018433712259894763,False,8,8,12.5,5,1.0,True,False,True
15,91,limiting_disability,ACTTRAV_C03,0.6978418277706893,WALKTRAV_B02,0.6794007696374377,0.018441058133251587,False,8,0,79.5,66,0.0,False,False,False
15,91,no_disability,ACTTRAV_C03,0.6991191553514382,WALKTRAV_B02,0.6806778300954155,0.01844132525602271,False,8,0,312.0,286,0.0,False,False,False
15,91,non_limiting_disability,ACTTRAV_C03,0.7055839160781294,WALKTRAV_B02,0.6871317057482961,0.018452210329833352,False,8,0,79.5,59,0.0,False,False,False
16,107,disty1,ACTTRAV_C03,0.69472927900084,WALKTRAV_B02,0.6762781616856349,0.0184511173152051,False,8,1,44.5,28,0.125,False,False,False
16,107,disty10,ACTTRAV_C03,0.7194469095877973,WALKTRAV_B02,0.7010041595276216,0.018442750060175706,False,8,8,5.5,1,1.0,True,False,True
16,107,disty11,ACTTRAV_C03,0.7060832586453438,WALKTRAV_B02,0.6876405085851681,0.018442750060175706,False,7,7,5.0,1,1.0,True,True,True
16,107,disty12,ACTTRAV_C03,0.7068252122369031,WALKTRAV_B02,0.6883824621767274,0.018442750060175706,False,8,8,9.5,3,1.0,True,False,True
16,107,disty13,ACTTRAV_C03,0.7122586262450015,WALKTRAV_B02,0.6938158761848258,0.018442750060175706,False,8,8,7.0,4,1.0,True,False,True
16,107,disty2,ACTTRAV_C03,0.7012658958871377,WALKTRAV_B02,0.6828231458269621,0.018442750060175594,False,8,4,33.0,18,0.5,True,False,True
16,107,disty3,ACTTRAV_C03,0.6945792042559422,WALKTRAV_B02,0.6761313316396265,0.018447872616315752,False,8,2,44.0,25,0.25,False,False,False
16,107,disty4,ACTTRAV_C03,0.6907866126186739,WALKTRAV_B02,0.6723438625584982,0.018442750060175706,False,8,8,13.0,8,1.0,True,False,True
16,107,disty5,ACTTRAV_C03,0.7003404371501661,WALKTRAV_B02,0.6818976870899905,0.018442750060175594,False,8,3,35.0,20,0.375,False,False,False
16,107,disty6,ACTTRAV_C03,0.696030602245164,WALKTRAV_B02,0.6775878521849884,0.018442750060175594,False,8,8,7.0,2,1.0,True,False,True
16,107,disty7,ACTTRAV_C03,0.6962205363376329,WALKTRAV_B02,0.6777777862774572,0.018442750060175706,False,8,4,25.5,16,0.5,True,False,True
16,107,disty8,ACTTRAV_C03,0.7045465397299401,WALKTRAV_B02,0.6861037896697644,0.018442750060175706,False,8,8,16.0,7,1.0,True,False,True
16,107,disty9,ACTTRAV_C03,0.702653495849129,WALKTRAV_B02,0.6842107457889532,0.018442750060175706,False,8,8,14.5,4,1.0,True,False,True
16,107,limiting_disability,ACTTRAV_C03,0.699583074490968,WALKTRAV_B02,0.6811383512859912,0.01844472320497681,False,8,0,87.5,57,0.0,False,False,False
16,107,no_disability,ACTTRAV_C03,0.6991898220076974,WALKTRAV_B02,0.6807409181467043,0.01844890386099307,False,8,0,325.5,300,0.0,False,False,False
16,107,non_limiting_disability,ACTTRAV_C03,0.7068113370685118,WALKTRAV_B02,0.6883669276470864,0.018444409421425445,False,8,0,88.0,60,0.0,False,False,False
16,109,disty1,ACTTRAV_C03,0.7036823795369475,WALKTRAV_B02,0.685223227801288,0.018459151735659485,False,8,2,38.0,23,0.25,False,False,False
16,109,disty10,ACTTRAV_C03,0.7284577854742862,WALKTRAV_B02,0.7099850312016824,0.018472754272603753,False,8,8,5.5,1,1.0,True,False,True
16,109,disty11,ACTTRAV_C03,0.7151343609657825,WALKTRAV_B02,0.6966916109056068,0.018442750060175706,False,8,8,4.0,2,1.0,True,False,True
16,109,disty12,ACTTRAV_C03,0.7158085368343402,WALKTRAV_B02,0.6973385762197907,0.01846996061454953,False,8,8,11.5,2,1.0,True,False,True
16,109,disty13,ACTTRAV_C03,0.7212384282505792,WALKTRAV_B02,0.7027034630402685,0.018534965210310617,False,8,8,7.0,2,1.0,True,False,True
16,109,disty2,ACTTRAV_C03,0.7102016161834672,WALKTRAV_B02,0.6917280714631545,0.018473544720312707,False,8,4,29.5,16,0.5,True,False,True
16,109,disty3,ACTTRAV_C03,0.7035610414601585,WALKTRAV_B02,0.6851105962937024,0.01845044516645611,False,8,2,35.5,24,0.25,False,False,False
16,109,disty4,ACTTRAV_C03,0.6998460087494006,WALKTRAV_B02,0.6813534429388695,0.01849256581053116,False,8,8,12.0,5,1.0,True,False,True
16,109,disty5,ACTTRAV_C03,0.7093369730233349,WALKTRAV_B02,0.6908761973030303,0.01846077572030458,False,8,3,31.5,16,0.375,False,False,False
16,109,disty6,ACTTRAV_C03,0.7050929863334398,WALKTRAV_B02,0.686650236273264,0.018442750060175706,False,8,8,7.0,3,1.0,True,False,True
16,109,disty7,ACTTRAV_C03,0.7051966618859238,WALKTRAV_B02,0.6867539118257481,0.018442750060175706,False,8,8,17.0,14,1.0,True,False,True
16,109,disty8,ACTTRAV_C03,0.7135333579003705,WALKTRAV_B02,0.6950906078401949,0.018442750060175594,False,8,8,14.0,10,1.0,True,False,True
16,109,disty9,ACTTRAV_C03,0.7116967705363068,WALKTRAV_B02,0.6932540204761312,0.018442750060175594,False,8,8,8.5,1,1.0,True,False,True
16,109,limiting_disability,ACTTRAV_C03,0.7085681966605304,WALKTRAV_B02,0.6901153396122531,0.01845285704827726,False,8,0,65.5,49,0.0,False,False,False
16,109,no_disability,ACTTRAV_C03,0.7081999300090782,WALKTRAV_B02,0.6897519018409525,0.01844802816812574,False,8,0,328.0,302,0.0,False,False,False
16,109,non_limiting_disability,ACTTRAV_C03,0.7158308760155998,WALKTRAV_B02,0.6973718290670339,0.018459046948565927,False,8,0,73.0,59,0.0,False,False,False
16,112,disty1,ACTTRAV_C03,0.7046146914097954,WALKTRAV_B02,0.686161171825895,0.018453519583900402,False,8,2,35.0,26,0.25,False,False,False
16,112,disty10,ACTTRAV_C03,0.7294123274265821,WALKTRAV_B02,0.7109246730047659,0.018487654421816213,False,6,6,3.5,1,1.0,True,True,True
16,112,disty11,ACTTRAV_C03,0.7158780555969574,WALKTRAV_B02,0.6974353055367818,0.018442750060175594,False,6,6,2.5,1,1.0,True,True,True
16,112,disty12,ACTTRAV_C03,0.7166649627702494,WALKTRAV_B02,0.6982123957717022,0.018452566998547137,False,7,7,10.0,3,1.0,True,True,True
16,112,disty13,ACTTRAV_C03,0.7221872196016906,WALKTRAV_B02,0.7037444695415149,0.018442750060175706,False,7,7,5.0,3,1.0,True,True,True
16,112,disty2,ACTTRAV_C03,0.7111721132073274,WALKTRAV_B02,0.6927293631471518,0.018442750060175594,False,8,7,24.5,22,0.875,True,False,True
16,112,disty3,ACTTRAV_C03,0.7044667907209587,WALKTRAV_B02,0.6860205509027973,0.018446239818161403,False,8,0,32.5,31,0.0,False,False,False
16,112,disty4,ACTTRAV_C03,0.7008375229540954,WALKTRAV_B02,0.6823947728939197,0.018442750060175706,False,8,8,9.0,7,1.0,True,False,True
16,112,disty5,ACTTRAV_C03,0.7102175087832541,WALKTRAV_B02,0.6917692012807649,0.01844830750248916,False,8,7,21.0,8,0.875,True,False,True
16,112,disty6,ACTTRAV_C03,0.7060552193157399,WALKTRAV_B02,0.6876124692555642,0.018442750060175706,False,8,8,6.0,3,1.0,True,False,True
16,112,disty7,ACTTRAV_C03,0.7061186701907151,WALKTRAV_B02,0.6876584410636551,0.018460229127059913,False,8,8,18.0,12,1.0,True,False,True
16,112,disty8,ACTTRAV_C03,0.7143611599375979,WALKTRAV_B02,0.6959160915874739,0.01844506835012394,False,8,8,6.0,4,1.0,True,False,True
16,112,disty9,ACTTRAV_C03,0.7126446214662995,WALKTRAV_B02,0.6941771352061173,0.01846748626018213,False,8,8,6.0,3,1.0,True,False,True
16,112,limiting_disability,ACTTRAV_C03,0.7094849776006199,WALKTRAV_B02,0.6910356648394632,0.01844931276115669,False,8,0,62.5,60,0.0,False,False,False
16,112,no_disability,ACTTRAV_C03,0.7091250148737811,WALKTRAV_B02,0.6906723815184392,0.018452633355341863,False,8,0,337.0,320,0.0,False,False,False
16,112,non_limiting_disability,ACTTRAV_C03,0.7167252062977764,WALKTRAV_B02,0.6982818310134477,0.01844337528432871,False,8,0,66.0,55,0.0,False,False,False
16,114,disty1,ACTTRAV_C03,0.7007785596890571,WALKTRAV_B02,0.6823358096288814,0.018442750060175706,False,8,2,37.0,20,0.25,False,False,False
16,114,disty10,ACTTRAV_C03,0.7255996667869802,WALKTRAV_B02,0.7071569167268046,0.018442750060175594,False,7,7,4.0,2,1.0,True,True,True
16,114,disty11,ACTTRAV_C03,0.7121298548212239,WALKTRAV_B02,0.6936871047610482,0.018442750060175706,False,6,6,3.0,1,1.0,True,True,True
16,114,disty12,ACTTRAV_C03,0.7128898035316537,WALKTRAV_B02,0.6944437268700809,0.01844607666157272,False,8,8,8.0,2,1.0,True,False,True
16,114,disty13,ACTTRAV_C03,0.7183273110067939,WALKTRAV_B02,0.6998845609466182,0.018442750060175706,False,8,8,6.0,3,1.0,True,False,True
16,114,disty2,ACTTRAV_C03,0.7073145624447778,WALKTRAV_B02,0.6888718123846019,0.018442750060175817,False,8,3,30.5,20,0.375,False,False,False
16,114,disty3,ACTTRAV_C03,0.7006280384818342,WALKTRAV_B02,0.6821852884216585,0.018442750060175706,False,8,2,38.0,19,0.25,False,False,False
16,114,disty4,ACTTRAV_C03,0.6967798021249293,WALKTRAV_B02,0.6783370520647537,0.018442750060175594,False,8,8,10.5,5,1.0,True,False,True
16,114,disty5,ACTTRAV_C03,0.706393969090265,WALKTRAV_B02,0.6879387248234544,0.018455244266810555,False,8,3,30.5,14,0.375,False,False,False
16,114,disty6,ACTTRAV_C03,0.7021623358116836,WALKTRAV_B02,0.6837195857515079,0.018442750060175706,False,8,8,7.0,5,1.0,True,False,True
16,114,disty7,ACTTRAV_C03,0.7022755923096453,WALKTRAV_B02,0.6838328422494696,0.018442750060175706,False,8,7,21.0,7,0.875,True,False,True
16,114,disty8,ACTTRAV_C03,0.7106157524498735,WALKTRAV_B02,0.6921730023896978,0.018442750060175706,False,8,8,12.5,5,1.0,True,False,True
16,114,disty9,ACTTRAV_C03,0.708752185763272,WALKTRAV_B02,0.6903094357030964,0.018442750060175594,False,8,8,10.5,6,1.0,True,False,True
16,114,limiting_disability,ACTTRAV_C03,0.705654192200762,WALKTRAV_B02,0.6872061716135799,0.01844802058718209,False,8,0,76.5,47,0.0,False,False,False
16,114,no_disability,ACTTRAV_C03,0.7052625847153652,WALKTRAV_B02,0.6868126616544439,0.018449923060921303,False,8,0,324.5,273,0.0,False,False,False
16,114,non_limiting_disability,ACTTRAV_C03,0.7128768210114664,WALKTRAV_B02,0.694430810183483,0.018446010827983472,False,8,0,81.5,66,0.0,False,False,False
16,117,disty1,ACTTRAV_C03,0.6924741741729078,WALKTRAV_B02,0.6740314241127322,0.018442750060175594,False,8,3,32.0,23,0.375,False,False,False
16,117,disty10,ACTTRAV_C03,0.7171716008501138,WALKTRAV_B02,0.6987288507899381,0.018442750060175706,False,8,8,3.0,1,1.0,True,False,True
16,117,disty11,ACTTRAV_C03,0.7039257399471488,WALKTRAV_B02,0.6854829898869731,0.018442750060175706,False,6,6,2.5,2,1.0,True,True,True
16,117,disty12,ACTTRAV_C03,0.7046318103354056,WALKTRAV_B02,0.6861890602752299,0.018442750060175706,False,7,7,7.0,1,1.0,True,True,True
16,117,disty13,ACTTRAV_C03,0.709965071416352,WALKTRAV_B02,0.6915223213561764,0.018442750060175594,False,8,8,4.0,2,1.0,True,False,True
16,117,disty2,ACTTRAV_C03,0.6989860431164973,WALKTRAV_B02,0.6805432930563214,0.018442750060175817,False,8,5,22.5,17,0.625,True,False,True
16,117,disty3,ACTTRAV_C03,0.692369102758948,WALKTRAV_B02,0.6739263526987724,0.018442750060175594,False,8,0,36.5,30,0.0,False,False,False
16,117,disty4,ACTTRAV_C03,0.6885724690490429,WALKTRAV_B02,0.6701297189888672,0.018442750060175706,False,8,8,8.5,3,1.0,True,False,True
16,117,disty5,ACTTRAV_C03,0.6979664380920253,WALKTRAV_B02,0.6795236880318496,0.018442750060175706,False,8,8,16.0,9,1.0,True,False,True
16,117,disty6,ACTTRAV_C03,0.6938427494768483,WALKTRAV_B02,0.6753999994166727,0.018442750060175594,False,8,8,6.0,1,1.0,True,False,True
16,117,disty7,ACTTRAV_C03,0.6939916183658218,WALKTRAV_B02,0.6755488683056462,0.018442750060175594,False,8,8,17.0,13,1.0,True,False,True
16,117,disty8,ACTTRAV_C03,0.7023189300003042,WALKTRAV_B02,0.6838761799401284,0.018442750060175817,False,8,8,8.5,3,1.0,True,False,True
16,117,disty9,ACTTRAV_C03,0.7004686252721283,WALKTRAV_B02,0.6820258752119527,0.018442750060175594,False,8,8,10.5,4,1.0,True,False,True
16,117,limiting_disability,ACTTRAV_C03,0.6973227914281531,WALKTRAV_B02,0.6788800413679774,0.018442750060175706,False,8,0,65.5,51,0.0,False,False,False
16,117,no_disability,ACTTRAV_C03,0.6969055528641253,WALKTRAV_B02,0.678458425760882,0.018447127103243255,False,8,0,331.5,298,0.0,False,False,False
16,117,non_limiting_disability,ACTTRAV_C03,0.7045182488473557,WALKTRAV_B02,0.6860748331199027,0.018443415727453005,False,8,0,65.5,54,0.0,False,False,False
16,122,disty1,ACTTRAV_C03,0.6899634533900726,WALKTRAV_B02,0.67151964084926,0.01844381254081262,False,8,0,51.5,41,0.0,False,False,False
16,122,disty10,ACTTRAV_C03,0.7147203230005754,WALKTRAV_B02,0.6962775729403997,0.018442750060175706,False,7,7,4.0,1,1.0,True,True,True
16,122,disty11,ACTTRAV_C03,0.7014096496711776,WALKTRAV_B02,0.6829668996110019,0.018442750060175706,False,6,6,3.0,1,1.0,True,True,True
16,122,disty12,ACTTRAV_C03,0.7019969385975575,WALKTRAV_B02,0.6835541885373818,0.018442750060175706,False,8,8,7.5,3,1.0,True,False,True
16,122,disty13,ACTTRAV_C03,0.7074189261166062,WALKTRAV_B02,0.6889761760564305,0.018442750060175706,False,8,8,5.0,2,1.0,True,False,True
16,122,disty2,ACTTRAV_C03,0.6965215135066206,WALKTRAV_B02,0.6780776202125236,0.018443893294097014,False,8,2,32.5,21,0.25,False,False,False
16,122,disty3,ACTTRAV_C03,0.6898547746414194,WALKTRAV_B02,0.6714120245812437,0.018442750060175706,False,8,0,54.0,47,0.0,False,False,False
16,122,disty4,ACTTRAV_C03,0.6860803694610594,WALKTRAV_B02,0.6676376194008837,0.018442750060175706,False,8,8,17.5,11,1.0,True,False,True
16,122,disty5,ACTTRAV_C03,0.6955777689089179,WALKTRAV_B02,0.6771326530997636,0.01844511580915431,False,8,8,23.0,11,1.0,True,False,True
16,122,disty6,ACTTRAV_C03,0.6913323684784397,WALKTRAV_B02,0.6728896184182641,0.018442750060175594,False,8,8,8.0,1,1.0,True,False,True
16,122,disty7,ACTTRAV_C03,0.6915095429097889,WALKTRAV_B02,0.6730667928496132,0.018442750060175706,False,8,5,24.5,19,0.625,True,False,True
16,122,disty8,ACTTRAV_C03,0.6997748023534955,WALKTRAV_B02,0.6813320522933198,0.018442750060175706,False,8,8,13.5,5,1.0,True,False,True
16,122,disty9,ACTTRAV_C03,0.6979670113692327,WALKTRAV_B02,0.679524261309057,0.018442750060175706,False,8,8,13.0,8,1.0,True,False,True
16,122,limiting_disability,ACTTRAV_C03,0.6948278820158148,WALKTRAV_B02,0.6763846376805098,0.018443244335304976,False,8,0,83.5,70,0.0,False,False,False
16,122,no_disability,ACTTRAV_C03,0.6944787643199075,WALKTRAV_B02,0.6760332103677192,0.018445553952188276,False,8,0,300.0,269,0.0,False,False,False
16,122,non_limiting_disability,ACTTRAV_C03,0.7020479188961917,WALKTRAV_B02,0.683605168836016,0.018442750060175706,False,8,0,79.0,65,0.0,False,False,False
16,126,disty1,ACTTRAV_C03,0.6912668382416981,WALKTRAV_B02,0.6728218103202545,0.018445027921443646,False,8,0,36.0,33,0.0,False,False,False
16,126,disty10,ACTTRAV_C03,0.7160260041383727,WALKTRAV_B02,0.697583254078197,0.018442750060175706,False,8,8,4.0,1,1.0,True,False,True
16,126,disty11,ACTTRAV_C03,0.7025910141009398,WALKTRAV_B02,0.6841358920498195,0.01845512205112032,False,8,8,2.5,2,1.0,True,False,True
16,126,disty12,ACTTRAV_C03,0.7033562079663951,WALKTRAV_B02,0.6849134579062194,0.018442750060175706,False,8,8,6.5,1,1.0,True,False,True
16,126,disty13,ACTTRAV_C03,0.7088119164473278,WALKTRAV_B02,0.6903577264250037,0.01845419002232407,False,8,8,5.0,2,1.0,True,False,True
16,126,disty2,ACTTRAV_C03,0.6977888149272049,WALKTRAV_B02,0.6793438596644266,0.01844495526277834,False,8,7,24.5,19,0.875,True,False,True
16,126,disty3,ACTTRAV_C03,0.691130693774483,WALKTRAV_B02,0.6726842974692968,0.018446396305186186,False,8,0,36.0,30,0.0,False,False,False
16,126,disty4,ACTTRAV_C03,0.6873509472191655,WALKTRAV_B02,0.668903860975094,0.01844708624407143,False,8,8,11.0,5,1.0,True,False,True
16,126,disty5,ACTTRAV_C03,0.6968890970498051,WALKTRAV_B02,0.6784445407806883,0.018444556269116785,False,8,8,22.0,16,1.0,True,False,True
16,126,disty6,ACTTRAV_C03,0.6926301077681154,WALKTRAV_B02,0.6741873577079397,0.018442750060175706,False,8,8,6.0,5,1.0,True,False,True
16,126,disty7,ACTTRAV_C03,0.6927889831727307,WALKTRAV_B02,0.6743438640763538,0.018445119096376916,False,8,8,18.5,12,1.0,True,False,True
16,126,disty8,ACTTRAV_C03,0.7010854536719767,WALKTRAV_B02,0.6826377154393469,0.018447738232629796,False,8,8,10.5,7,1.0,True,False,True
16,126,disty9,ACTTRAV_C03,0.699191980862159,WALKTRAV_B02,0.6807492308019832,0.018442750060175706,False,8,8,9.5,7,1.0,True,False,True
16,126,limiting_disability,ACTTRAV_C03,0.6961328889737631,WALKTRAV_B02,0.6776880678903355,0.0184448210834276,False,8,0,65.5,51,0.0,False,False,False
16,126,no_disability,ACTTRAV_C03,0.6957291185522294,WALKTRAV_B02,0.6772804210837123,0.018448697468517072,False,8,0,316.0,301,0.0,False,False,False
16,126,non_limiting_disability,ACTTRAV_C03,0.7033816633531782,WALKTRAV_B02,0.6849389132930025,0.018442750060175706,False,8,0,74.5,51,0.0,False,False,False
16,129,disty1,ACTTRAV_C03,0.6927713465055423,WALKTRAV_B02,0.6743086906638376,0.0184626558417047,False,8,0,40.0,30,0.0,False,False,False
16,129,disty10,ACTTRAV_C03,0.717443478148198,WALKTRAV_B02,0.6990007280880224,0.018442750060175594,False,7,7,5.0,3,1.0,True,True,True
16,129,disty11,ACTTRAV_C03,0.7041546251466629,WALKTRAV_B02,0.6857118750864872,0.018442750060175706,False,8,8,2.0,2,1.0,True,False,True
16,129,disty12,ACTTRAV_C03,0.7048977606420462,WALKTRAV_B02,0.6864550105818706,0.018442750060175594,False,8,8,11.5,1,1.0,True,False,True
16,129,disty13,ACTTRAV_C03,0.7103165565309425,WALKTRAV_B02,0.6918738064707669,0.018442750060175594,False,7,7,6.0,2,1.0,True,True,True
16,129,disty2,ACTTRAV_C03,0.6992911893639006,WALKTRAV_B02,0.6808484393037249,0.018442750060175706,False,8,4,29.0,21,0.5,True,False,True
16,129,disty3,ACTTRAV_C03,0.6926782005806088,WALKTRAV_B02,0.6742151210022701,0.018463079578338704,False,8,0,41.0,32,0.0,False,False,False
16,129,disty4,ACTTRAV_C03,0.6888436577673633,WALKTRAV_B02,0.6704009077071877,0.018442750060175594,False,8,8,10.5,7,1.0,True,False,True
16,129,disty5,ACTTRAV_C03,0.6983701642190229,WALKTRAV_B02,0.6799256903875565,0.018444473831466413,False,8,3,32.5,13,0.375,False,False,False
16,129,disty6,ACTTRAV_C03,0.6941142987481431,WALKTRAV_B02,0.6756556385820278,0.018458660166115304,False,8,8,6.5,3,1.0,True,False,True
16,129,disty7,ACTTRAV_C03,0.6942897689007438,WALKTRAV_B02,0.6758470188405682,0.018442750060175594,False,8,6,22.0,10,0.75,True,False,True
16,129,disty8,ACTTRAV_C03,0.7026475979431192,WALKTRAV_B02,0.6842048478829436,0.018442750060175594,False,8,8,11.5,8,1.0,True,False,True
16,129,disty9,ACTTRAV_C03,0.7007423372869345,WALKTRAV_B02,0.6822995872267588,0.018442750060175706,False,8,8,10.5,4,1.0,True,False,True
16,129,limiting_disability,ACTTRAV_C03,0.6976555848958669,WALKTRAV_B02,0.6792039865315266,0.018451598364340294,False,8,0,84.0,56,0.0,False,False,False
16,129,no_disability,ACTTRAV_C03,0.6972599636637572,WALKTRAV_B02,0.678811729090224,0.018448234573533173,False,8,0,322.5,298,0.0,False,False,False
16,129,non_limiting_disability,ACTTRAV_C03,0.7049018530158196,WALKTRAV_B02,0.6864572893295005,0.018444563686319193,False,8,0,70.0,56,0.0,False,False,False
16,135,disty1,ACTTRAV_C03,0.7038931701993638,WALKTRAV_B02,0.6854504201391881,0.018442750060175706,False,8,0,35.0,32,0.0,False,False,False
16,135,disty10,ACTTRAV_C03,0.7286782967813995,WALKTRAV_B02,0.7102355467212239,0.018442750060175594,False,8,8,6.5,3,1.0,True,False,True
16,135,disty11,ACTTRAV_C03,0.7153910305009488,WALKTRAV_B02,0.6969482804407731,0.018442750060175706,False,8,8,4.0,1,1.0,True,False,True
16,135,disty12,ACTTRAV_C03,0.7160775982906687,WALKTRAV_B02,0.6976329188953084,0.01844467939536032,False,8,8,10.0,3,1.0,True,False,True
16,135,disty13,ACTTRAV_C03,0.7213871738263612,WALKTRAV_B02,0.7029444237661856,0.018442750060175594,False,8,8,8.0,5,1.0,True,False,True
16,135,disty2,ACTTRAV_C03,0.7104595997848132,WALKTRAV_B02,0.6920129483221407,0.018446651462672548,False,8,4,29.5,25,0.5,True,False,True
16,135,disty3,ACTTRAV_C03,0.7037519448415589,WALKTRAV_B02,0.6853091947813832,0.018442750060175706,False,8,1,36.5,22,0.125,False,False,False
16,135,disty4,ACTTRAV_C03,0.70003016580911,WALKTRAV_B02,0.6815874157489343,0.018442750060175706,False,8,8,9.0,5,1.0,True,False,True
16,135,disty5,ACTTRAV_C03,0.7095612757940787,WALKTRAV_B02,0.6911093927603353,0.018451883033743344,False,8,1,33.5,18,0.125,False,False,False
16,135,disty6,ACTTRAV_C03,0.705116605105114,WALKTRAV_B02,0.6866738550449384,0.018442750060175594,False,8,8,5.0,1,1.0,True,False,True
16,135,disty7,ACTTRAV_C03,0.7054380527956082,WALKTRAV_B02,0.6869953027354326,0.018442750060175594,False,8,7,17.5,14,0.875,True,False,True
16,135,disty8,ACTTRAV_C03,0.7137552076591646,WALKTRAV_B02,0.6953062380478051,0.018448969611359445,False,8,8,15.5,11,1.0,True,False,True
16,135,disty9,ACTTRAV_C03,0.7118215911571273,WALKTRAV_B02,0.6933495363518759,0.01847205480525138,False,8,8,8.0,5,1.0,True,False,True
16,135,limiting_disability,ACTTRAV_C03,0.7087904100511443,WALKTRAV_B02,0.6903441872482351,0.018446222802909196,False,8,0,73.0,64,0.0,False,False,False
16,135,no_disability,ACTTRAV_C03,0.7083784457361844,WALKTRAV_B02,0.6899262063683235,0.01845223936786089,False,8,0,315.0,302,0.0,False,False,False
16,135,non_limiting_disability,ACTTRAV_C03,0.7160300222096573,WALKTRAV_B02,0.6975779454779618,0.018452076731695466,False,8,0,73.0,53,0.0,False,False,False
16,136,disty1,ACTTRAV_C03,0.6981757119049533,WALKTRAV_B02,0.6797318750779788,0.01844383682697448,False,8,2,36.5,24,0.25,False,False,False
16,136,disty10,ACTTRAV_C03,0.7228452047112642,WALKTRAV_B02,0.7043956384386277,0.018449566272636497,False,8,8,4.0,3,1.0,True,False,True
16,136,disty11,ACTTRAV_C03,0.7094969945952956,WALKTRAV_B02,0.6910542445351199,0.018442750060175706,False,8,8,3.5,1,1.0,True,False,True
16,136,disty12,ACTTRAV_C03,0.7101756975907266,WALKTRAV_B02,0.6917312774526362,0.018444420138090445,False,8,8,6.5,3,1.0,True,False,True
16,136,disty13,ACTTRAV_C03,0.7156163292069818,WALKTRAV_B02,0.6971735791468061,0.018442750060175706,False,7,7,5.0,1,1.0,True,True,True
16,136,disty2,ACTTRAV_C03,0.704691120119346,WALKTRAV_B02,0.6862483700591703,0.018442750060175706,False,8,5,27.5,20,0.625,True,False,True
16,136,disty3,ACTTRAV_C03,0.6980455804965117,WALKTRAV_B02,0.6796022095841748,0.01844337091233683,False,8,1,38.0,27,0.125,False,False,False
16,136,disty4,ACTTRAV_C03,0.6942382305595188,WALKTRAV_B02,0.6757929884015502,0.01844524215796861,False,8,8,13.0,6,1.0,True,False,True
16,136,disty5,ACTTRAV_C03,0.7037283521187945,WALKTRAV_B02,0.6852790113495812,0.01844934076921323,False,8,5,24.5,16,0.625,True,False,True
16,136,disty6,ACTTRAV_C03,0.6995166476737557,WALKTRAV_B02,0.68107389761358,0.018442750060175706,False,8,8,6.5,3,1.0,True,False,True
16,136,disty7,ACTTRAV_C03,0.6996746074803716,WALKTRAV_B02,0.6812287147771002,0.01844589270327135,False,8,8,17.0,10,1.0,True,False,True
16,136,disty8,ACTTRAV_C03,0.707968139932232,WALKTRAV_B02,0.6895233823771324,0.018444757555099556,False,8,8,11.0,7,1.0,True,False,True
16,136,disty9,ACTTRAV_C03,0.7061172318610593,WALKTRAV_B02,0.6876744818008836,0.018442750060175706,False,8,8,8.0,4,1.0,True,False,True
16,136,limiting_disability,ACTTRAV_C03,0.703017670533908,WALKTRAV_B02,0.6845712252933613,0.018446445240546616,False,8,0,66.0,51,0.0,False,False,False
16,136,no_disability,ACTTRAV_C03,0.7026689661428305,WALKTRAV_B02,0.6842124339244263,0.018456532218404154,False,8,0,315.5,291,0.0,False,False,False
16,136,non_limiting_disability,ACTTRAV_C03,0.7103011034347435,WALKTRAV_B02,0.6918559911051317,0.018445112329611768,False,8,0,71.5,64,0.0,False,False,False
16,139,disty1,ACTTRAV_C03,0.7009130897188758,WALKTRAV_B02,0.6824703396587001,0.018442750060175706,False,8,4,30.0,19,0.5,True,False,True
16,139,disty10,ACTTRAV_C03,0.725590840659133,WALKTRAV_B02,0.7071480905989573,0.018442750060175706,False,8,8,2.5,1,1.0,True,False,True
16,139,disty11,ACTTRAV_C03,0.7123890285008572,WALKTRAV_B02,0.6939462784406816,0.018442750060175594,False,7,7,2.0,1,1.0,True,True,True
16,139,disty12,ACTTRAV_C03,0.7130607766049603,WALKTRAV_B02,0.6946170901158015,0.018443686489158728,False,8,8,6.5,2,1.0,True,False,True
16,139,disty13,ACTTRAV_C03,0.718453592390936,WALKTRAV_B02,0.7000108423307604,0.018442750060175594,False,8,8,3.0,1,1.0,True,False,True
16,139,disty2,ACTTRAV_C03,0.7074577966692716,WALKTRAV_B02,0.6890150466090957,0.018442750060175817,False,8,6,24.5,14,0.75,True,False,True
16,139,disty3,ACTTRAV_C03,0.7008098560258355,WALKTRAV_B02,0.6823671059656597,0.018442750060175706,False,8,2,35.0,22,0.25,False,False,False
16,139,disty4,ACTTRAV_C03,0.6970830108704403,WALKTRAV_B02,0.6786402608102647,0.018442750060175594,False,8,8,10.0,6,1.0,True,False,True
16,139,disty5,ACTTRAV_C03,0.7065396341891768,WALKTRAV_B02,0.6880964337570128,0.018443200432163964,False,8,6,20.0,14,0.75,True,False,True
16,139,disty6,ACTTRAV_C03,0.7021843902360608,WALKTRAV_B02,0.6837416401758852,0.018442750060175594,False,8,8,5.5,4,1.0,True,False,True
16,139,disty7,ACTTRAV_C03,0.7024357015137574,WALKTRAV_B02,0.6839929514535817,0.018442750060175706,False,8,8,15.0,12,1.0,True,False,True
16,139,disty8,ACTTRAV_C03,0.710644815738527,WALKTRAV_B02,0.6922020656783513,0.018442750060175706,False,8,8,5.5,4,1.0,True,False,True
16,139,disty9,ACTTRAV_C03,0.7088241360099101,WALKTRAV_B02,0.6903813859497344,0.018442750060175706,False,8,8,7.0,2,1.0,True,False,True
16,139,limiting_disability,ACTTRAV_C03,0.7057885966730834,WALKTRAV_B02,0.6873456179718429,0.018442978701240453,False,8,0,63.0,48,0.0,False,False,False
16,139,no_disability,ACTTRAV_C03,0.7053906440285245,WALKTRAV_B02,0.6869353584872001,0.018455285541324362,False,8,0,317.5,306,0.0,False,False,False
16,139,non_limiting_disability,ACTTRAV_C03,0.7130113051430061,WALKTRAV_B02,0.6945660530629296,0.018445252080076524,False,8,0,75.0,70,0.0,False,False,False
16,142,disty1,ACTTRAV_C03,0.7055448976801963,WALKTRAV_B02,0.687095000897431,0.018449896782765318,False,8,3,35.0,24,0.375,False,False,False
16,142,disty10,ACTTRAV_C03,0.7303434866740401,WALKTRAV_B02,0.7119007366138644,0.018442750060175706,False,8,8,7.5,2,1.0,True,False,True
16,142,disty11,ACTTRAV_C03,0.7169679530160974,WALKTRAV_B02,0.6985252029559218,0.018442750060175594,False,8,8,5.0,2,1.0,True,False,True
16,142,disty12,ACTTRAV_C03,0.7176357617336597,WALKTRAV_B02,0.699193011673484,0.018442750060175706,False,8,8,10.5,8,1.0,True,False,True
16,142,disty13,ACTTRAV_C03,0.7230273953938858,WALKTRAV_B02,0.7045846453337102,0.018442750060175594,False,8,8,7.0,3,1.0,True,False,True
16,142,disty2,ACTTRAV_C03,0.7120837970600712,WALKTRAV_B02,0.6936410469998956,0.018442750060175594,False,8,4,30.5,14,0.5,True,False,True
16,142,disty3,ACTTRAV_C03,0.7054377161531726,WALKTRAV_B02,0.686988631852238,0.018449084300934615,False,8,3,40.5,24,0.375,False,False,False
16,142,disty4,ACTTRAV_C03,0.7016421151286708,WALKTRAV_B02,0.6831993650684951,0.018442750060175706,False,8,8,10.0,5,1.0,True,False,True
16,142,disty5,ACTTRAV_C03,0.7111295485448578,WALKTRAV_B02,0.6926817678520493,0.018447780692808502,False,8,4,32.5,20,0.5,True,False,True
16,142,disty6,ACTTRAV_C03,0.7067964788024043,WALKTRAV_B02,0.6883537287422287,0.018442750060175594,False,8,8,8.0,1,1.0,True,False,True
16,142,disty7,ACTTRAV_C03,0.7070707383982997,WALKTRAV_B02,0.688627988338124,0.018442750060175706,False,8,7,23.5,11,0.875,True,False,True
16,142,disty8,ACTTRAV_C03,0.7153442432667565,WALKTRAV_B02,0.6969014932065808,0.018442750060175706,False,8,8,11.5,8,1.0,True,False,True
16,142,disty9,ACTTRAV_C03,0.7133939438741276,WALKTRAV_B02,0.6949511938139519,0.018442750060175706,False,8,8,7.0,3,1.0,True,False,True
16,142,limiting_disability,ACTTRAV_C03,0.7104090470299166,WALKTRAV_B02,0.6919600625193068,0.018448984510609834,False,8,0,71.5,46,0.0,False,False,False
16,142,no_disability,ACTTRAV_C03,0.710017247063742,WALKTRAV_B02,0.691570302046785,0.018446945016956984,False,8,0,326.0,306,0.0,False,False,False
16,142,non_limiting_disability,ACTTRAV_C03,0.7176207658206405,WALKTRAV_B02,0.6991694174631061,0.01845134835753437,False,8,0,84.5,74,0.0,False,False,False
16,147,disty1,ACTTRAV_C03,0.7007280034352017,WALKTRAV_B02,0.6822822440439091,0.01844575939129256,False,8,2,33.5,25,0.25,False,False,False
16,147,disty10,ACTTRAV_C03,0.7254665979160572,WALKTRAV_B02,0.7070238478558815,0.018442750060175706,False,8,8,4.0,2,1.0,True,False,True
16,147,disty11,ACTTRAV_C03,0.7121853883266595,WALKTRAV_B02,0.6937426382664837,0.018442750060175706,False,7,7,4.0,1,1.0,True,True,True
16,147,disty12,ACTTRAV_C03,0.7128393032295902,WALKTRAV_B02,0.6943965531694146,0.018442750060175594,False,8,8,8.5,4,1.0,True,False,True
16,147,disty13,ACTTRAV_C03,0.7181894157367406,WALKTRAV_B02,0.699746665676565,0.018442750060175594,False,8,8,4.0,1,1.0,True,False,True
16,147,disty2,ACTTRAV_C03,0.707285745667911,WALKTRAV_B02,0.688838366094625,0.018447379573286016,False,8,7,27.5,23,0.875,True,False,True
16,147,disty3,ACTTRAV_C03,0.7006060108729019,WALKTRAV_B02,0.682159213453871,0.01844679741903088,False,8,2,33.5,24,0.25,False,False,False
16,147,disty4,ACTTRAV_C03,0.6968200520198248,WALKTRAV_B02,0.6783773019596492,0.018442750060175594,False,8,8,10.5,8,1.0,True,False,True
16,147,disty5,ACTTRAV_C03,0.7063342259134107,WALKTRAV_B02,0.6878887572307582,0.01844546868265251,False,8,4,29.5,17,0.5,True,False,True
16,147,disty6,ACTTRAV_C03,0.702131451771761,WALKTRAV_B02,0.6836887017115852,0.018442750060175706,False,8,8,4.5,4,1.0,True,False,True
16,147,disty7,ACTTRAV_C03,0.7022394340638721,WALKTRAV_B02,0.6837966840036964,0.018442750060175706,False,8,8,17.0,15,1.0,True,False,True
16,147,disty8,ACTTRAV_C03,0.7104976808312046,WALKTRAV_B02,0.692054930771029,0.018442750060175594,False,8,8,9.5,6,1.0,True,False,True
16,147,disty9,ACTTRAV_C03,0.7086683565829991,WALKTRAV_B02,0.6902256065228235,0.018442750060175594,False,8,8,8.5,4,1.0,True,False,True
16,147,limiting_disability,ACTTRAV_C03,0.7055975408992882,WALKTRAV_B02,0.6871530218723022,0.01844451902698596,False,8,0,69.5,63,0.0,False,False,False
16,147,no_disability,ACTTRAV_C03,0.7051843266038696,WALKTRAV_B02,0.6867365871302107,0.018447739473658964,False,8,0,324.0,301,0.0,False,False,False
16,147,non_limiting_disability,ACTTRAV_C03,0.712774760025272,WALKTRAV_B02,0.6943112833518277,0.01846347667344428,False,8,0,80.0,66,0.0,False,False,False
16,160,disty1,ACTTRAV_C03,0.6993023800366412,WALKTRAV_B02,0.6808596299764657,0.018442750060175594,False,8,7,27.0,21,0.875,True,False,True
16,160,disty10,ACTTRAV_C03,0.7239580688383663,WALKTRAV_B02,0.7055153187781906,0.018442750060175706,False,8,8,2.0,1,1.0,True,False,True
16,160,disty11,ACTTRAV_C03,0.7106208704378386,WALKTRAV_B02,0.6921781203776629,0.018442750060175706,False,7,7,2.0,1,1.0,True,True,True
16,160,disty12,ACTTRAV_C03,0.7114165245302656,WALKTRAV_B02,0.6929737744700899,0.018442750060175706,False,8,8,4.5,2,1.0,True,False,True
16,160,disty13,ACTTRAV_C03,0.7167919882541269,WALKTRAV_B02,0.6983492381939512,0.018442750060175706,False,7,7,4.0,2,1.0,True,True,True
16,160,disty2,ACTTRAV_C03,0.705806393896928,WALKTRAV_B02,0.6873636438367522,0.018442750060175817,False,8,8,21.0,14,1.0,True,False,True
16,160,disty3,ACTTRAV_C03,0.6991572180048432,WALKTRAV_B02,0.6807144679446675,0.018442750060175706,False,8,4,29.5,24,0.5,True,False,True
16,160,disty4,ACTTRAV_C03,0.6953277829955627,WALKTRAV_B02,0.676885032935387,0.018442750060175706,False,8,8,9.0,4,1.0,True,False,True
16,160,disty5,ACTTRAV_C03,0.7049081464340087,WALKTRAV_B02,0.6864653963738331,0.018442750060175594,False,8,7,25.0,8,0.875,True,False,True
16,160,disty6,ACTTRAV_C03,0.7005960468067097,WALKTRAV_B02,0.682153296746534,0.018442750060175706,False,8,8,5.0,2,1.0,True,False,True
16,160,disty7,ACTTRAV_C03,0.700812497314372,WALKTRAV_B02,0.6823697472541963,0.018442750060175706,False,8,8,14.0,9,1.0,True,False,True
16,160,disty8,ACTTRAV_C03,0.7091217356807403,WALKTRAV_B02,0.6906789856205646,0.018442750060175706,False,8,8,10.5,3,1.0,True,False,True
16,160,disty9,ACTTRAV_C03,0.7072123539470216,WALKTRAV_B02,0.6887696038868459,0.018442750060175706,False,8,8,8.0,5,1.0,True,False,True
16,160,limiting_disability,ACTTRAV_C03,0.7041631974417446,WALKTRAV_B02,0.685720447381569,0.018442750060175594,False,8,0,59.0,46,0.0,False,False,False
16,160,no_disability,ACTTRAV_C03,0.7038103002990671,WALKTRAV_B02,0.6853632648719454,0.018447035427121672,False,8,0,339.0,308,0.0,False,False,False
16,160,non_limiting_disability,ACTTRAV_C03,0.7114129472433074,WALKTRAV_B02,0.6929659538190573,0.018446993424250047,False,8,0,77.0,62,0.0,False,False,False
16,17,disty1,ACTTRAV_C03,0.6920455945306121,WALKTRAV_B02,0.6736028444704364,0.018442750060175706,False,8,1,43.5,28,0.125,False,False,False
16,17,disty10,ACTTRAV_C03,0.716680276690906,WALKTRAV_B02,0.6982375266307302,0.018442750060175706,False,7,7,2.0,1,1.0,True,True,True
16,17,disty11,ACTTRAV_C03,0.7033700222960296,WALKTRAV_B02,0.684927272235854,0.018442750060175594,False,8,8,2.0,1,1.0,True,False,True
16,17,disty12,ACTTRAV_C03,0.7041645090188385,WALKTRAV_B02,0.6857217589586628,0.018442750060175706,False,7,7,8.0,5,1.0,True,True,True
16,17,disty13,ACTTRAV_C03,0.7096605101967051,WALKTRAV_B02,0.6912177601365294,0.018442750060175706,False,8,8,6.0,3,1.0,True,False,True
16,17,disty2,ACTTRAV_C03,0.6985659396045247,WALKTRAV_B02,0.680123189544349,0.018442750060175706,False,8,4,29.0,18,0.5,True,False,True
16,17,disty3,ACTTRAV_C03,0.6919108252629098,WALKTRAV_B02,0.6734680752027341,0.018442750060175706,False,8,0,51.0,40,0.0,False,False,False
16,17,disty4,ACTTRAV_C03,0.6881469967757524,WALKTRAV_B02,0.6697042467155767,0.018442750060175706,False,8,8,10.5,8,1.0,True,False,True
16,17,disty5,ACTTRAV_C03,0.697673596100052,WALKTRAV_B02,0.6792308460398763,0.018442750060175706,False,8,5,25.0,18,0.625,True,False,True
16,17,disty6,ACTTRAV_C03,0.6932857759352864,WALKTRAV_B02,0.6748430258751107,0.018442750060175706,False,8,8,5.5,1,1.0,True,False,True
16,17,disty7,ACTTRAV_C03,0.6935481851516303,WALKTRAV_B02,0.6751054350914546,0.018442750060175706,False,8,7,23.5,12,0.875,True,False,True
16,17,disty8,ACTTRAV_C03,0.7018802453987302,WALKTRAV_B02,0.6834374953385545,0.018442750060175706,False,8,8,12.0,7,1.0,True,False,True
16,17,disty9,ACTTRAV_C03,0.6999572473561043,WALKTRAV_B02,0.6815144972959286,0.018442750060175706,False,8,8,11.0,7,1.0,True,False,True
16,17,limiting_disability,ACTTRAV_C03,0.696901772188378,WALKTRAV_B02,0.6784590221282023,0.018442750060175706,False,8,0,78.0,71,0.0,False,False,False
16,17,no_disability,ACTTRAV_C03,0.6965165112233814,WALKTRAV_B02,0.678071345282201,0.018445165941180397,False,8,0,315.5,291,0.0,False,False,False
16,17,non_limiting_disability,ACTTRAV_C03,0.7041425399713802,WALKTRAV_B02,0.6856997899112046,0.018442750060175594,False,8,0,73.0,63,0.0,False,False,False
16,171,disty1,ACTTRAV_C03,0.6920792564352752,WALKTRAV_B02,0.6736365063750995,0.018442750060175706,False,8,0,38.0,32,0.0,False,False,False
16,171,disty10,ACTTRAV_C03,0.7169073792994739,WALKTRAV_B02,0.6984646292392982,0.018442750060175706,False,8,8,5.0,2,1.0,True,False,True
16,171,disty11,ACTTRAV_C03,0.7035503854746876,WALKTRAV_B02,0.6851076354145119,0.018442750060175706,False,8,8,3.0,1,1.0,True,False,True
16,171,disty12,ACTTRAV_C03,0.7042848445242895,WALKTRAV_B02,0.6858420944641139,0.018442750060175594,False,8,8,6.5,4,1.0,True,False,True
16,171,disty13,ACTTRAV_C03,0.709636169505679,WALKTRAV_B02,0.6911934194455033,0.018442750060175706,False,8,8,5.5,4,1.0,True,False,True
16,171,disty2,ACTTRAV_C03,0.6986398622038815,WALKTRAV_B02,0.6801971121437057,0.018442750060175817,False,8,7,25.0,20,0.875,True,False,True
16,171,disty3,ACTTRAV_C03,0.6920298412008182,WALKTRAV_B02,0.6735870911406425,0.018442750060175706,False,8,1,33.5,26,0.125,False,False,False
16,171,disty4,ACTTRAV_C03,0.6882602637904729,WALKTRAV_B02,0.6698175137302972,0.018442750060175706,False,8,8,7.5,3,1.0,True,False,True
16,171,disty5,ACTTRAV_C03,0.6977138209065783,WALKTRAV_B02,0.6792710708464026,0.018442750060175706,False,8,5,25.5,14,0.625,True,False,True
16,171,disty6,ACTTRAV_C03,0.6934551636362248,WALKTRAV_B02,0.6750124135760491,0.018442750060175706,False,8,8,5.5,1,1.0,True,False,True
16,171,disty7,ACTTRAV_C03,0.6936669627129418,WALKTRAV_B02,0.6752242126527662,0.018442750060175594,False,8,8,18.0,12,1.0,True,False,True
16,171,disty8,ACTTRAV_C03,0.7020403648057276,WALKTRAV_B02,0.683597614745552,0.018442750060175594,False,8,8,10.0,6,1.0,True,False,True
16,171,disty9,ACTTRAV_C03,0.7000521144225752,WALKTRAV_B02,0.6816093643623996,0.018442750060175594,False,8,8,10.0,7,1.0,True,False,True
16,171,limiting_disability,ACTTRAV_C03,0.6969862583743448,WALKTRAV_B02,0.6785435083141691,0.018442750060175706,False,8,0,69.5,58,0.0,False,False,False
16,171,no_disability,ACTTRAV_C03,0.6965715212478225,WALKTRAV_B02,0.6781234054517857,0.01844811579603678,False,8,0,329.5,305,0.0,False,False,False
16,171,non_limiting_disability,ACTTRAV_C03,0.7041587333291036,WALKTRAV_B02,0.6857126063654868,0.018446126963616805,False,8,0,55.5,47,0.0,False,False,False
16,196,disty1,ACTTRAV_C03,0.6924690837760595,WALKTRAV_B02,0.6740263337158839,0.018442750060175594,False,8,0,40.0,32,0.0,False,False,False
16,196,disty10,ACTTRAV_C03,0.7173599304240583,WALKTRAV_B02,0.6989171803638826,0.018442750060175706,False,8,8,3.0,1,1.0,True,False,True
16,196,disty11,ACTTRAV_C03,0.7037980633649945,WALKTRAV_B02,0.6853553133048188,0.018442750060175706,False,8,8,2.0,1,1.0,True,False,True
16,196,disty12,ACTTRAV_C03,0.704542747982415,WALKTRAV_B02,0.6860980624170289,0.018444685565386143,False,8,8,7.5,4,1.0,True,False,True
16,196,disty13,ACTTRAV_C03,0.7099626053039788,WALKTRAV_B02,0.6915198552438032,0.018442750060175594,False,8,8,5.5,3,1.0,True,False,True
16,196,disty2,ACTTRAV_C03,0.6990410813771603,WALKTRAV_B02,0.6805983313169846,0.018442750060175706,False,8,5,28.5,24,0.625,True,False,True
16,196,disty3,ACTTRAV_C03,0.6923505684427981,WALKTRAV_B02,0.6739078183826224,0.018442750060175706,False,8,0,38.0,31,0.0,False,False,False
16,196,disty4,ACTTRAV_C03,0.6885365249574223,WALKTRAV_B02,0.6700897704766416,0.018446754480780703,False,8,8,12.0,3,1.0,True,False,True
16,196,disty5,ACTTRAV_C03,0.6980303974981846,WALKTRAV_B02,0.679586675723563,0.018443721774621613,False,8,7,21.0,10,0.875,True,False,True
16,196,disty6,ACTTRAV_C03,0.6938713643136664,WALKTRAV_B02,0.6754286142534907,0.018442750060175706,False,8,8,7.0,4,1.0,True,False,True
16,196,disty7,ACTTRAV_C03,0.6939987459012108,WALKTRAV_B02,0.6755559958410351,0.018442750060175706,False,8,8,20.0,14,1.0,True,False,True
16,196,disty8,ACTTRAV_C03,0.7023017506865189,WALKTRAV_B02,0.6838590006263431,0.018442750060175817,False,8,8,10.5,6,1.0,True,False,True
16,196,disty9,ACTTRAV_C03,0.7004204924945661,WALKTRAV_B02,0.6819777424343904,0.018442750060175706,False,8,8,11.0,5,1.0,True,False,True
16,196,limiting_disability,ACTTRAV_C03,0.6973329702965176,WALKTRAV_B02,0.6788870979961087,0.01844587230040895,False,8,0,74.5,60,0.0,False,False,False
16,196,no_disability,ACTTRAV_C03,0.6969424079345894,WALKTRAV_B02,0.6784966884728861,0.01844571946170326,False,8,0,330.0,301,0.0,False,False,False
16,196,non_limiting_disability,ACTTRAV_C03,0.7045601734800957,WALKTRAV_B02,0.6861126681007818,0.018447505379313944,False,8,0,76.0,63,0.0,False,False,False
16,201,disty1,ACTTRAV_C03,0.7066525368595246,WALKTRAV_B02,0.6882097867993489,0.018442750060175706,False,8,7,23.0,20,0.875,True,False,True
16,201,disty10,ACTTRAV_C03,0.7314705902229813,WALKTRAV_B02,0.7130278401628056,0.018442750060175706,False,7,7,3.0,2,1.0,True,True,True
16,201,disty11,ACTTRAV_C03,0.7181128351706302,WALKTRAV_B02,0.6996700851104544,0.018442750060175817,False,7,7,2.0,1,1.0,True,True,True
16,201,disty12,ACTTRAV_C03,0.7187938277679429,WALKTRAV_B02,0.7003510777077672,0.018442750060175706,False,8,8,5.5,3,1.0,True,False,True
16,201,disty13,ACTTRAV_C03,0.724193539164968,WALKTRAV_B02,0.7057507891047924,0.018442750060175594,False,8,8,3.5,1,1.0,True,False,True
16,201,disty2,ACTTRAV_C03,0.7131675022814761,WALKTRAV_B02,0.6947247522213004,0.018442750060175706,False,8,8,19.5,14,1.0,True,False,True
16,201,disty3,ACTTRAV_C03,0.7065168212005458,WALKTRAV_B02,0.6880725834923513,0.018444237708194477,False,8,6,27.5,23,0.75,True,False,True
16,201,disty4,ACTTRAV_C03,0.7027295299680906,WALKTRAV_B02,0.6842796017159437,0.018449928252146863,False,8,8,9.0,6,1.0,True,False,True
16,201,disty5,ACTTRAV_C03,0.7122990871253925,WALKTRAV_B02,0.6938563370652168,0.018442750060175706,False,8,8,16.0,8,1.0,True,False,True
16,201,disty6,ACTTRAV_C03,0.7080909922856848,WALKTRAV_B02,0.6896482422255091,0.018442750060175706,False,8,8,5.5,2,1.0,True,False,True
16,201,disty7,ACTTRAV_C03,0.708170171249638,WALKTRAV_B02,0.6897274211894623,0.018442750060175706,False,8,8,12.5,7,1.0,True,False,True
16,201,disty8,ACTTRAV_C03,0.7165645064667796,WALKTRAV_B02,0.6981217564066039,0.018442750060175706,False,8,8,6.5,3,1.0,True,False,True
16,201,disty9,ACTTRAV_C03,0.7145446823511795,WALKTRAV_B02,0.6961019322910038,0.018442750060175706,False,8,8,5.0,2,1.0,True,False,True
16,201,limiting_disability,ACTTRAV_C03,0.7115220220066262,WALKTRAV_B02,0.6930758442388132,0.018446177767812988,False,8,0,52.5,42,0.0,False,False,False
16,201,no_disability,ACTTRAV_C03,0.7110760017608921,WALKTRAV_B02,0.6926212144794263,0.01845478728146588,False,8,0,336.0,295,0.0,False,False,False
16,201,non_limiting_disability,ACTTRAV_C03,0.7186792054355637,WALKTRAV_B02,0.7002267272448587,0.018452478190705057,False,8,0,84.0,68,0.0,False,False,False
16,241,disty1,ACTTRAV_C03,0.7039766294839294,WALKTRAV_B02,0.6855268030310581,0.0184498264528713,False,8,3,31.0,24,0.375,False,False,False
16,241,disty10,ACTTRAV_C03,0.7288494659280549,WALKTRAV_B02,0.7104067158678792,0.018442750060175706,False,8,8,4.0,3,1.0,True,False,True
16,241,disty11,ACTTRAV_C03,0.7154932908111304,WALKTRAV_B02,0.6970505407509547,0.018442750060175706,False,6,6,3.0,2,1.0,True,True,True
16,241,disty12,ACTTRAV_C03,0.7161409797931381,WALKTRAV_B02,0.6976982297329624,0.018442750060175706,False,8,8,8.5,4,1.0,True,False,True
16,241,disty13,ACTTRAV_C03,0.7215136996977276,WALKTRAV_B02,0.7030709496375519,0.018442750060175706,False,8,8,5.0,2,1.0,True,False,True
16,241,disty2,ACTTRAV_C03,0.7105317078000251,WALKTRAV_B02,0.6920889577398494,0.018442750060175706,False,8,6,22.0,14,0.75,True,False,True
16,241,disty3,ACTTRAV_C03,0.7038753396723423,WALKTRAV_B02,0.6854325896121666,0.018442750060175706,False,8,2,31.0,24,0.25,False,False,False
16,241,disty4,ACTTRAV_C03,0.7001706496384247,WALKTRAV_B02,0.681727899578249,0.018442750060175706,False,8,8,8.0,5,1.0,True,False,True
16,241,disty5,ACTTRAV_C03,0.7096528240650345,WALKTRAV_B02,0.691174666131746,0.01847815793328844,False,8,5,24.5,16,0.625,True,False,True
16,241,disty6,ACTTRAV_C03,0.7054758308790825,WALKTRAV_B02,0.6870330808189068,0.018442750060175706,False,8,8,5.0,3,1.0,True,False,True
16,241,disty7,ACTTRAV_C03,0.705548345963907,WALKTRAV_B02,0.6870951520710575,0.018453193892849495,False,8,8,16.5,14,1.0,True,False,True
16,241,disty8,ACTTRAV_C03,0.7138817780643332,WALKTRAV_B02,0.6954390280041575,0.018442750060175706,False,8,8,10.0,6,1.0,True,False,True
16,241,disty9,ACTTRAV_C03,0.712058049468806,WALKTRAV_B02,0.6936152994086303,0.018442750060175706,False,8,8,6.0,5,1.0,True,False,True
16,241,limiting_disability,ACTTRAV_C03,0.7088683653473152,WALKTRAV_B02,0.6904076711317294,0.018460694215585827,False,8,0,61.0,50,0.0,False,False,False
16,241,no_disability,ACTTRAV_C03,0.7084755668769501,WALKTRAV_B02,0.6900226686642391,0.01845289821271101,False,8,0,342.0,312,0.0,False,False,False
16,241,non_limiting_disability,ACTTRAV_C03,0.7161039130175247,WALKTRAV_B02,0.6976561957715307,0.018447717245994033,False,8,0,75.0,54,0.0,False,False,False
16,255,disty1,ACTTRAV_C03,0.6939832547548461,WALKTRAV_B02,0.6755339197450939,0.01844933500975221,False,8,0,39.5,31,0.0,False,False,False
16,255,disty10,ACTTRAV_C03,0.7186294186353104,WALKTRAV_B02,0.7001866685751347,0.018442750060175706,False,8,8,3.0,2,1.0,True,False,True
16,255,disty11,ACTTRAV_C03,0.7053849139301536,WALKTRAV_B02,0.6869421638699779,0.018442750060175706,False,6,6,3.0,1,1.0,True,True,True
16,255,disty12,ACTTRAV_C03,0.7061446682414069,WALKTRAV_B02,0.6876942510510461,0.01845041719036078,False,8,8,5.5,2,1.0,True,False,True
16,255,disty13,ACTTRAV_C03,0.7115495088437519,WALKTRAV_B02,0.6931067587835761,0.018442750060175817,False,8,8,5.0,2,1.0,True,False,True
16,255,disty2,ACTTRAV_C03,0.7005151728035761,WALKTRAV_B02,0.6820724227434004,0.018442750060175706,False,8,6,27.0,23,0.75,True,False,True
16,255,disty3,ACTTRAV_C03,0.6938145177981773,WALKTRAV_B02,0.675369623604519,0.018444894193658246,False,8,0,43.0,33,0.0,False,False,False
16,255,disty4,ACTTRAV_C03,0.6900187999587206,WALKTRAV_B02,0.6715760498985449,0.018442750060175706,False,8,8,13.0,7,1.0,True,False,True
16,255,disty5,ACTTRAV_C03,0.6996001416045391,WALKTRAV_B02,0.6811544652853044,0.01844567631923466,False,8,6,23.5,15,0.75,True,False,True
16,255,disty6,ACTTRAV_C03,0.6953299029586907,WALKTRAV_B02,0.676887152898515,0.018442750060175706,False,8,8,6.5,2,1.0,True,False,True
16,255,disty7,ACTTRAV_C03,0.6954769137517034,WALKTRAV_B02,0.6770307017275382,0.018446212024165187,False,8,7,25.0,19,0.875,True,False,True
16,255,disty8,ACTTRAV_C03,0.7038157520186997,WALKTRAV_B02,0.6853684788566415,0.018447273162058186,False,8,8,12.0,7,1.0,True,False,True
16,255,disty9,ACTTRAV_C03,0.7019767405516312,WALKTRAV_B02,0.6835339904914556,0.018442750060175594,False,8,8,11.5,9,1.0,True,False,True
16,255,limiting_disability,ACTTRAV_C03,0.6988139953991389,WALKTRAV_B02,0.6803669179625487,0.018447077436590242,False,8,0,76.0,59,0.0,False,False,False
16,255,no_disability,ACTTRAV_C03,0.698417591140993,WALKTRAV_B02,0.6799732799036033,0.018444311237389655,False,8,0,328.0,273,0.0,False,False,False
16,255,non_limiting_disability,ACTTRAV_C03,0.7060282040027419,WALKTRAV_B02,0.6875832332830629,0.018444970719678988,False,8,0,78.0,59,0.0,False,False,False
16,272,disty1,ACTTRAV_C03,0.6996068577232119,WALKTRAV_B02,0.6811641076630361,0.018442750060175706,False,8,5,27.0,23,0.625,True,False,True
16,272,disty10,ACTTRAV_C03,0.7243542509040263,WALKTRAV_B02,0.7059115008438507,0.018442750060175594,False,8,8,3.5,2,1.0,True,False,True
16,272,disty11,ACTTRAV_C03,0.7110402663277184,WALKTRAV_B02,0.6925975162675427,0.018442750060175706,False,6,6,1.5,1,1.0,True,True,True
16,272,disty12,ACTTRAV_C03,0.711701389518908,WALKTRAV_B02,0.6932586394587323,0.018442750060175706,False,8,8,9.0,1,1.0,True,False,True
16,272,disty13,ACTTRAV_C03,0.7170250955912457,WALKTRAV_B02,0.6985823455310699,0.018442750060175817,False,8,8,5.0,3,1.0,True,False,True
16,272,disty2,ACTTRAV_C03,0.7061493787550498,WALKTRAV_B02,0.6877066286948742,0.018442750060175594,False,8,8,21.5,18,1.0,True,False,True
16,272,disty3,ACTTRAV_C03,0.6994685372814434,WALKTRAV_B02,0.6810182407540076,0.018450296527435794,False,8,8,23.0,17,1.0,True,False,True
16,272,disty4,ACTTRAV_C03,0.695734687536711,WALKTRAV_B02,0.6772919374765353,0.018442750060175706,False,8,8,4.5,3,1.0,True,False,True
16,272,disty5,ACTTRAV_C03,0.7051976802797539,WALKTRAV_B02,0.6867512749762948,0.01844640530345909,False,8,6,24.5,16,0.75,True,False,True
16,272,disty6,ACTTRAV_C03,0.7009953880783569,WALKTRAV_B02,0.6825526380181812,0.018442750060175706,False,8,8,5.5,3,1.0,True,False,True
16,272,disty7,ACTTRAV_C03,0.7011162971797035,WALKTRAV_B02,0.6826735471195279,0.018442750060175594,False,8,8,15.0,11,1.0,True,False,True
16,272,disty8,ACTTRAV_C03,0.7094285807158213,WALKTRAV_B02,0.6909858306556457,0.018442750060175594,False,8,8,7.5,4,1.0,True,False,True
16,272,disty9,ACTTRAV_C03,0.7075459096439546,WALKTRAV_B02,0.6891031595837789,0.018442750060175706,False,8,8,5.0,2,1.0,True,False,True
16,272,limiting_disability,ACTTRAV_C03,0.7044741105257666,WALKTRAV_B02,0.686028002487524,0.018446108038242537,False,8,0,56.5,43,0.0,False,False,False
16,272,no_disability,ACTTRAV_C03,0.7041089484980396,WALKTRAV_B02,0.6856597871348997,0.0184491613631399,False,8,0,356.5,311,0.0,False,False,False
16,272,non_limiting_disability,ACTTRAV_C03,0.7117261434066506,WALKTRAV_B02,0.6932647277446793,0.018461415661971348,False,8,0,58.0,41,0.0,False,False,False
16,279,disty1,ACTTRAV_C03,0.6975016999140884,WALKTRAV_B02,0.6790563239876329,0.018445375926455454,False,8,1,38.0,24,0.125,False,False,False
16,279,disty10,ACTTRAV_C03,0.7223198899679962,WALKTRAV_B02,0.7038771399078205,0.018442750060175706,False,8,8,3.0,2,1.0,True,False,True
16,279,disty11,ACTTRAV_C03,0.7089512243896373,WALKTRAV_B02,0.6905084743294617,0.018442750060175594,False,8,8,2.0,1,1.0,True,False,True
16,279,disty12,ACTTRAV_C03,0.7095915475418565,WALKTRAV_B02,0.6911487974816809,0.018442750060175594,False,8,8,5.5,3,1.0,True,False,True
16,279,disty13,ACTTRAV_C03,0.7150495122671768,WALKTRAV_B02,0.6965101152992065,0.018539396967970356,False,8,8,3.5,1,1.0,True,False,True
16,279,disty2,ACTTRAV_C03,0.7040161185065521,WALKTRAV_B02,0.6855702419958963,0.018445876510655768,False,8,7,27.0,19,0.875,True,False,True
16,279,disty3,ACTTRAV_C03,0.6973872473497409,WALKTRAV_B02,0.6789444972895652,0.018442750060175706,False,8,1,40.0,22,0.125,False,False,False
16,279,disty4,ACTTRAV_C03,0.6936449532464978,WALKTRAV_B02,0.6752022031863221,0.018442750060175706,False,8,8,8.5,2,1.0,True,False,True
16,279,disty5,ACTTRAV_C03,0.7030506022344558,WALKTRAV_B02,0.6846043464684912,0.018446255765964592,False,8,7,24.0,11,0.875,True,False,True
16,279,disty6,ACTTRAV_C03,0.6989498435484078,WALKTRAV_B02,0.6805070934882321,0.018442750060175706,False,8,8,4.5,1,1.0,True,False,True
16,279,disty7,ACTTRAV_C03,0.6990938293406229,WALKTRAV_B02,0.6806510792804471,0.018442750060175817,False,8,8,19.0,16,1.0,True,False,True
16,279,disty8,ACTTRAV_C03,0.7073209572381264,WALKTRAV_B02,0.6888782071779508,0.018442750060175594,False,8,8,7.0,6,1.0,True,False,True
16,279,disty9,ACTTRAV_C03,0.7054176783776003,WALKTRAV_B02,0.6869749283174246,0.018442750060175706,False,8,8,7.5,4,1.0,True,False,True
16,279,limiting_disability,ACTTRAV_C03,0.7023385147904835,WALKTRAV_B02,0.6838914981404511,0.018447016650032344,False,8,0,65.5,50,0.0,False,False,False
16,279,no_disability,ACTTRAV_C03,0.7019280414591132,WALKTRAV_B02,0.6834781851159142,0.018449856343199067,False,8,0,333.5,308,0.0,False,False,False
16,279,non_limiting_disability,ACTTRAV_C03,0.7095984826970579,WALKTRAV_B02,0.6911429310805152,0.018455551616542776,False,8,0,71.5,60,0.0,False,False,False
16,280,disty1,ACTTRAV_C03,0.7120800930818468,WALKTRAV_B02,0.6936373430216711,0.018442750060175706,False,8,8,21.5,13,1.0,True,False,True
16,280,disty10,ACTTRAV_C03,0.7367923226215927,WALKTRAV_B02,0.718349572561417,0.018442750060175706,False,8,8,3.0,1,1.0,True,False,True
16,280,disty11,ACTTRAV_C03,0.7233388194209502,WALKTRAV_B02,0.7048960693607745,0.018442750060175706,False,5,5,2.0,1,1.0,True,True,True
16,280,disty12,ACTTRAV_C03,0.7241871064650266,WALKTRAV_B02,0.7057443564048509,0.018442750060175706,False,8,8,4.5,1,1.0,True,False,True
16,280,disty13,ACTTRAV_C03,0.7296261855790204,WALKTRAV_B02,0.7111834355188447,0.018442750060175706,False,8,8,3.5,1,1.0,True,False,True
16,280,disty2,ACTTRAV_C03,0.7186297007668268,WALKTRAV_B02,0.7001869507066512,0.018442750060175594,False,8,8,18.0,12,1.0,True,False,True
16,280,disty3,ACTTRAV_C03,0.7119381426450156,WALKTRAV_B02,0.69349539258484,0.018442750060175594,False,8,6,23.0,18,0.75,True,False,True
16,280,disty4,ACTTRAV_C03,0.7080783905684847,WALKTRAV_B02,0.689635640508309,0.018442750060175706,False,8,8,5.5,2,1.0,True,False,True
16,280,disty5,ACTTRAV_C03,0.7176961768827194,WALKTRAV_B02,0.6992534268225437,0.018442750060175706,False,8,6,17.5,8,0.75,True,False,True
16,280,disty6,ACTTRAV_C03,0.7135206652236766,WALKTRAV_B02,0.695077915163501,0.018442750060175594,False,8,8,3.0,1,1.0,True,False,True
16,280,disty7,ACTTRAV_C03,0.7136493620768328,WALKTRAV_B02,0.6952066120166572,0.018442750060175594,False,8,8,14.5,9,1.0,True,False,True
16,280,disty8,ACTTRAV_C03,0.7218905668469818,WALKTRAV_B02,0.7034478167868062,0.018442750060175594,False,8,8,6.0,4,1.0,True,False,True
16,280,disty9,ACTTRAV_C03,0.7201096588549908,WALKTRAV_B02,0.7016669087948152,0.018442750060175594,False,8,8,5.5,3,1.0,True,False,True
16,280,limiting_disability,ACTTRAV_C03,0.7169560377156785,WALKTRAV_B02,0.6985132876555028,0.018442750060175706,False,8,0,47.5,38,0.0,False,False,False
16,280,no_disability,ACTTRAV_C03,0.7165302251325995,WALKTRAV_B02,0.6980607512609892,0.018469473871610242,False,8,0,346.0,329,0.0,False,False,False
16,280,non_limiting_disability,ACTTRAV_C03,0.7241294282813938,WALKTRAV_B02,0.7056849337251055,0.01844449455628827,False,8,0,70.0,59,0.0,False,False,False
16,293,disty1,ACTTRAV_C03,0.6987917092768899,WALKTRAV_B02,0.6803489592167143,0.018442750060175594,False,8,2,34.0,27,0.25,False,False,False
16,293,disty10,ACTTRAV_C03,0.7235250221200084,WALKTRAV_B02,0.7050822720598326,0.018442750060175706,False,8,8,5.5,2,1.0,True,False,True
16,293,disty11,ACTTRAV_C03,0.7103425655289368,WALKTRAV_B02,0.6918998154687611,0.018442750060175706,False,7,7,3.0,1,1.0,True,True,True
16,293,disty12,ACTTRAV_C03,0.7108942468055798,WALKTRAV_B02,0.6924514967454041,0.018442750060175706,False,8,8,10.0,6,1.0,True,False,True
16,293,disty13,ACTTRAV_C03,0.7163199821686627,WALKTRAV_B02,0.697877232108487,0.018442750060175706,False,8,8,3.5,1,1.0,True,False,True
16,293,disty2,ACTTRAV_C03,0.705306043213196,WALKTRAV_B02,0.6868632931530203,0.018442750060175706,False,8,5,26.0,23,0.625,True,False,True
16,293,disty3,ACTTRAV_C03,0.6986711525285639,WALKTRAV_B02,0.6802284024683883,0.018442750060175594,False,8,1,37.5,25,0.125,False,False,False
16,293,disty4,ACTTRAV_C03,0.6948590624603675,WALKTRAV_B02,0.6764163124001918,0.018442750060175706,False,8,8,13.5,9,1.0,True,False,True
16,293,disty5,ACTTRAV_C03,0.7043975469601674,WALKTRAV_B02,0.6859547968999917,0.018442750060175706,False,8,6,24.0,13,0.75,True,False,True
16,293,disty6,ACTTRAV_C03,0.7000889845357802,WALKTRAV_B02,0.6816462344756045,0.018442750060175706,False,8,8,8.0,5,1.0,True,False,True
16,293,disty7,ACTTRAV_C03,0.7003302859287406,WALKTRAV_B02,0.6818875358685649,0.018442750060175706,False,8,8,16.0,11,1.0,True,False,True
16,293,disty8,ACTTRAV_C03,0.708625536051113,WALKTRAV_B02,0.6901827859909374,0.018442750060175594,False,8,8,13.0,5,1.0,True,False,True
16,293,disty9,ACTTRAV_C03,0.7067667017898727,WALKTRAV_B02,0.688323951729697,0.018442750060175706,False,8,8,10.0,4,1.0,True,False,True
16,293,limiting_disability,ACTTRAV_C03,0.7036654055851588,WALKTRAV_B02,0.6852226555249831,0.018442750060175706,False,8,0,69.5,47,0.0,False,False,False
16,293,no_disability,ACTTRAV_C03,0.703291380898997,WALKTRAV_B02,0.6848410696211192,0.018450311277877773,False,8,0,325.5,289,0.0,False,False,False
16,293,non_limiting_disability,ACTTRAV_C03,0.7108943668045099,WALKTRAV_B02,0.6924425825644567,0.018451784240053226,False,8,0,75.0,57,0.0,False,False,False
16,30,disty1,ACTTRAV_C03,0.692233432772723,WALKTRAV_B02,0.6737896161201217,0.018443816652601308,False,8,1,36.5,27,0.125,False,False,False
16,30,disty10,ACTTRAV_C03,0.7170551200698528,WALKTRAV_B02,0.6986123700096772,0.018442750060175594,False,7,7,5.0,2,1.0,True,True,True
16,30,disty11,ACTTRAV_C03,0.7037592492547157,WALKTRAV_B02,0.6853164991945401,0.018442750060175594,False,7,7,4.0,2,1.0,True,True,True
16,30,disty12,ACTTRAV_C03,0.7044459159554474,WALKTRAV_B02,0.6860031658952718,0.018442750060175594,False,8,8,8.5,4,1.0,True,False,True
16,30,disty13,ACTTRAV_C03,0.709756160943555,WALKTRAV_B02,0.6913134108833793,0.018442750060175706,False,8,8,6.0,3,1.0,True,False,True
16,30,disty2,ACTTRAV_C03,0.6987707972561733,WALKTRAV_B02,0.6803280471959977,0.018442750060175594,False,8,3,30.5,25,0.375,False,False,False
16,30,disty3,ACTTRAV_C03,0.6921549744485871,WALKTRAV_B02,0.6737122243884114,0.018442750060175706,False,8,2,37.5,28,0.25,False,False,False
16,30,disty4,ACTTRAV_C03,0.688399799401319,WALKTRAV_B02,0.6699570493411434,0.018442750060175594,False,8,8,9.5,5,1.0,True,False,True
16,30,disty5,ACTTRAV_C03,0.6979010895783565,WALKTRAV_B02,0.6794576930901522,0.018443396488204256,False,8,5,19.0,13,0.625,True,False,True
16,30,disty6,ACTTRAV_C03,0.693623050298,WALKTRAV_B02,0.6751803002378243,0.018442750060175706,False,8,8,6.5,3,1.0,True,False,True
16,30,disty7,ACTTRAV_C03,0.6938282960483244,WALKTRAV_B02,0.6753855459881487,0.018442750060175706,False,8,8,19.5,14,1.0,True,False,True
16,30,disty8,ACTTRAV_C03,0.7021490510486678,WALKTRAV_B02,0.683706300988492,0.018442750060175706,False,8,8,13.5,7,1.0,True,False,True
16,30,disty9,ACTTRAV_C03,0.700283888389705,WALKTRAV_B02,0.6818411383295294,0.018442750060175594,False,8,8,10.0,6,1.0,True,False,True
16,30,limiting_disability,ACTTRAV_C03,0.6971480982524112,WALKTRAV_B02,0.6787050362689622,0.018443061983449027,False,8,0,64.0,52,0.0,False,False,False
16,30,no_disability,ACTTRAV_C03,0.6967270688009566,WALKTRAV_B02,0.6782784744222452,0.01844859437871138,False,8,0,331.5,320,0.0,False,False,False
16,30,non_limiting_disability,ACTTRAV_C03,0.7043552913195125,WALKTRAV_B02,0.6859038117324832,0.018451479587029307,False,8,0,62.5,52,0.0,False,False,False
16,35,disty1,ACTTRAV_C03,0.6975917295758127,WALKTRAV_B02,0.679148979515637,0.018442750060175706,False,8,2,36.5,28,0.25,False,False,False
16,35,disty10,ACTTRAV_C03,0.7223726694028049,WALKTRAV_B02,0.7039299193426292,0.018442750060175706,False,8,8,3.0,1,1.0,True,False,True
16,35,disty11,ACTTRAV_C03,0.7090953225035408,WALKTRAV_B02,0.6906525724433651,0.018442750060175706,False,7,7,3.0,1,1.0,True,True,True
16,35,disty12,ACTTRAV_C03,0.7097905397632152,WALKTRAV_B02,0.6913477897030395,0.018442750060175706,False,8,8,6.5,2,1.0,True,False,True
16,35,disty13,ACTTRAV_C03,0.715032176892384,WALKTRAV_B02,0.6965894268322083,0.018442750060175706,False,8,8,5.0,2,1.0,True,False,True
16,35,disty2,ACTTRAV_C03,0.7040594569533137,WALKTRAV_B02,0.6856079499451327,0.01845150700818099,False,8,8,21.0,18,1.0,True,False,True
16,35,disty3,ACTTRAV_C03,0.697494470797156,WALKTRAV_B02,0.6790517207369803,0.018442750060175706,False,8,0,40.5,35,0.0,False,False,False
16,35,disty4,ACTTRAV_C03,0.6936639738578986,WALKTRAV_B02,0.675221223797723,0.018442750060175594,False,8,8,12.0,10,1.0,True,False,True
16,35,disty5,ACTTRAV_C03,0.7032501060020321,WALKTRAV_B02,0.6848073559418564,0.018442750060175706,False,8,7,22.5,10,0.875,True,False,True
16,35,disty6,ACTTRAV_C03,0.6989849482692058,WALKTRAV_B02,0.6805421982090301,0.018442750060175706,False,8,8,4.0,3,1.0,True,False,True
16,35,disty7,ACTTRAV_C03,0.6991504378260758,WALKTRAV_B02,0.6807076877659001,0.018442750060175706,False,8,8,16.5,11,1.0,True,False,True
16,35,disty8,ACTTRAV_C03,0.7074916302526876,WALKTRAV_B02,0.689048880192512,0.018442750060175594,False,8,8,10.5,7,1.0,True,False,True
16,35,disty9,ACTTRAV_C03,0.7055750753325043,WALKTRAV_B02,0.6871323252723286,0.018442750060175706,False,8,8,9.5,5,1.0,True,False,True
16,35,limiting_disability,ACTTRAV_C03,0.7024820014499914,WALKTRAV_B02,0.6840369542540381,0.0184450471959533,False,8,0,67.0,56,0.0,False,False,False
16,35,no_disability,ACTTRAV_C03,0.7020933591048022,WALKTRAV_B02,0.6836460530885754,0.018447306016226794,False,8,0,300.5,290,0.0,False,False,False
16,35,non_limiting_disability,ACTTRAV_C03,0.7096919441000799,WALKTRAV_B02,0.6912484866684598,0.018443457431620014,False,8,0,81.5,77,0.0,False,False,False
16,44,disty1,ACTTRAV_C03,0.7014026102936444,WALKTRAV_B02,0.6829557916213095,0.018446818672334886,False,8,3,31.0,26,0.375,False,False,False
16,44,disty10,ACTTRAV_C03,0.7261069660366944,WALKTRAV_B02,0.7076642159765187,0.018442750060175706,False,8,8,4.5,3,1.0,True,False,True
16,44,disty11,ACTTRAV_C03,0.7127040420805401,WALKTRAV_B02,0.6942612920203644,0.018442750060175706,False,8,8,3.0,2,1.0,True,False,True
16,44,disty12,ACTTRAV_C03,0.7134667920486633,WALKTRAV_B02,0.6950212086457151,0.018445583402948107,False,8,8,8.0,3,1.0,True,False,True
16,44,disty13,ACTTRAV_C03,0.718900469041142,WALKTRAV_B02,0.7004542989054321,0.018446170135709927,False,8,8,5.5,2,1.0,True,False,True
16,44,disty2,ACTTRAV_C03,0.7079358257739382,WALKTRAV_B02,0.6894930757137625,0.018442750060175706,False,8,3,30.5,24,0.375,False,False,False
16,44,disty3,ACTTRAV_C03,0.7012897453804409,WALKTRAV_B02,0.6828426533789437,0.01844709200149719,False,8,0,41.0,31,0.0,False,False,False
16,44,disty4,ACTTRAV_C03,0.697500596456407,WALKTRAV_B02,0.6790578463962315,0.018442750060175594,False,8,8,12.0,7,1.0,True,False,True
16,44,disty5,ACTTRAV_C03,0.7069832752474164,WALKTRAV_B02,0.6885386653943067,0.018444609853109695,False,8,3,32.5,21,0.375,False,False,False
16,44,disty6,ACTTRAV_C03,0.7026465627334798,WALKTRAV_B02,0.6842038126733041,0.018442750060175706,False,8,8,8.5,6,1.0,True,False,True
16,44,disty7,ACTTRAV_C03,0.7028769082932379,WALKTRAV_B02,0.6844341582330623,0.018442750060175594,False,8,8,19.5,13,1.0,True,False,True
16,44,disty8,ACTTRAV_C03,0.7112095240445631,WALKTRAV_B02,0.6927667739843874,0.018442750060175706,False,8,8,15.0,7,1.0,True,False,True
16,44,disty9,ACTTRAV_C03,0.7093212726687489,WALKTRAV_B02,0.6908785226085732,0.018442750060175706,False,8,8,10.5,8,1.0,True,False,True
16,44,limiting_disability,ACTTRAV_C03,0.706271407498992,WALKTRAV_B02,0.6878257705937486,0.018445636905243368,False,8,0,72.5,59,0.0,False,False,False
16,44,no_disability,ACTTRAV_C03,0.7058642401624847,WALKTRAV_B02,0.687416096712164,0.018448143450320753,False,8,0,315.5,287,0.0,False,False,False
16,44,non_limiting_disability,ACTTRAV_C03,0.7134750205055392,WALKTRAV_B02,0.6950211576812134,0.018453862824325817,False,8,0,76.5,58,0.0,False,False,False
16,68,disty1,ACTTRAV_C03,0.6942476630658599,WALKTRAV_B02,0.6758049130056843,0.018442750060175594,False,8,1,37.5,24,0.125,False,False,False
16,68,disty10,ACTTRAV_C03,0.7189831835204444,WALKTRAV_B02,0.7005373846203365,0.01844579890010789,False,8,8,3.0,1,1.0,True,False,True
16,68,disty11,ACTTRAV_C03,0.7056716638833008,WALKTRAV_B02,0.6872289138231251,0.018442750060175706,False,8,8,2.5,1,1.0,True,False,True
16,68,disty12,ACTTRAV_C03,0.7063312547186678,WALKTRAV_B02,0.6878875939556364,0.01844366076303139,False,8,8,7.0,3,1.0,True,False,True
16,68,disty13,ACTTRAV_C03,0.7117593454099644,WALKTRAV_B02,0.6933165953497887,0.018442750060175706,False,8,8,4.5,2,1.0,True,False,True
16,68,disty2,ACTTRAV_C03,0.7007953406969876,WALKTRAV_B02,0.6823525906368119,0.018442750060175706,False,8,7,24.5,18,0.875,True,False,True
16,68,disty3,ACTTRAV_C03,0.6941216474744006,WALKTRAV_B02,0.6756788974142249,0.018442750060175706,False,8,1,37.0,29,0.125,False,False,False
16,68,disty4,ACTTRAV_C03,0.6902546295582873,WALKTRAV_B02,0.6718118794981116,0.018442750060175706,False,8,8,12.0,7,1.0,True,False,True
16,68,disty5,ACTTRAV_C03,0.6998266908201276,WALKTRAV_B02,0.6813836383367243,0.018443052483403277,False,8,6,23.0,14,0.75,True,False,True
16,68,disty6,ACTTRAV_C03,0.6955616593737323,WALKTRAV_B02,0.6771189093135566,0.018442750060175706,False,8,8,6.0,4,1.0,True,False,True
16,68,disty7,ACTTRAV_C03,0.6957297744644638,WALKTRAV_B02,0.6772870244042881,0.018442750060175706,False,8,8,18.0,14,1.0,True,False,True
16,68,disty8,ACTTRAV_C03,0.7040992473103656,WALKTRAV_B02,0.6856557162699192,0.01844353104044638,False,8,8,12.0,6,1.0,True,False,True
16,68,disty9,ACTTRAV_C03,0.7021701474790284,WALKTRAV_B02,0.6837273974188527,0.018442750060175706,False,8,8,8.0,4,1.0,True,False,True
16,68,limiting_disability,ACTTRAV_C03,0.6991129995444934,WALKTRAV_B02,0.6806701141735044,0.018442885370988926,False,8,0,70.0,57,0.0,False,False,False
16,68,no_disability,ACTTRAV_C03,0.698704590187173,WALKTRAV_B02,0.6802600776433029,0.01844451254387014,False,8,0,323.0,288,0.0,False,False,False
16,68,non_limiting_disability,ACTTRAV_C03,0.7063391013950838,WALKTRAV_B02,0.6878963513349081,0.018442750060175706,False,8,0,72.0,57,0.0,False,False,False
16,78,disty1,ACTTRAV_C03,0.6966734499955313,WALKTRAV_B02,0.6782259873569182,0.018447462638613077,False,8,4,31.0,25,0.5,True,False,True
16,78,disty10,ACTTRAV_C03,0.72148794493092,WALKTRAV_B02,0.7030451948707445,0.018442750060175594,False,7,7,3.0,1,1.0,True,True,True
16,78,disty11,ACTTRAV_C03,0.7081447959392192,WALKTRAV_B02,0.6897020458790436,0.018442750060175594,False,6,6,2.0,1,1.0,True,True,True
16,78,disty12,ACTTRAV_C03,0.7087604564043898,WALKTRAV_B02,0.6903177063442142,0.018442750060175594,False,8,8,6.0,3,1.0,True,False,True
16,78,disty13,ACTTRAV_C03,0.7142273011623484,WALKTRAV_B02,0.6957845511021727,0.018442750060175706,False,8,8,5.5,2,1.0,True,False,True
16,78,disty2,ACTTRAV_C03,0.7032313731956954,WALKTRAV_B02,0.6847886231355197,0.018442750060175706,False,8,7,23.0,14,0.875,True,False,True
16,78,disty3,ACTTRAV_C03,0.6965340882814751,WALKTRAV_B02,0.6780844582436688,0.01844963003780631,False,8,3,31.0,19,0.375,False,False,False
16,78,disty4,ACTTRAV_C03,0.6928142748977991,WALKTRAV_B02,0.6743715248376235,0.018442750060175594,False,8,8,6.5,2,1.0,True,False,True
16,78,disty5,ACTTRAV_C03,0.7022819947207457,WALKTRAV_B02,0.683834941305498,0.01844705341524766,False,8,8,20.0,11,1.0,True,False,True
16,78,disty6,ACTTRAV_C03,0.6981178055826913,WALKTRAV_B02,0.6796750555225157,0.018442750060175594,False,8,8,5.0,2,1.0,True,False,True
16,78,disty7,ACTTRAV_C03,0.69817711354791,WALKTRAV_B02,0.6797343634877343,0.018442750060175706,False,8,8,17.0,14,1.0,True,False,True
16,78,disty8,ACTTRAV_C03,0.706485759467401,WALKTRAV_B02,0.6880430094072253,0.018442750060175706,False,8,8,7.5,4,1.0,True,False,True
16,78,disty9,ACTTRAV_C03,0.7046128883027488,WALKTRAV_B02,0.6861701382425731,0.018442750060175706,False,8,8,9.0,5,1.0,True,False,True
16,78,limiting_disability,ACTTRAV_C03,0.7015465546165918,WALKTRAV_B02,0.6831002301973721,0.018446324419219673,False,8,0,62.0,45,0.0,False,False,False
16,78,no_disability,ACTTRAV_C03,0.7011146230562523,WALKTRAV_B02,0.6826635148589426,0.018451108197309662,False,8,0,327.0,317,0.0,False,False,False
16,78,non_limiting_disability,ACTTRAV_C03,0.7087621695760652,WALKTRAV_B02,0.6903141439113936,0.01844802566467163,False,8,0,75.5,60,0.0,False,False,False
16,8,disty1,ACTTRAV_C03,0.6901120640747476,WALKTRAV_B02,0.6716693140145719,0.018442750060175706,False,8,0,47.0,42,0.0,False,False,False
16,8,disty10,ACTTRAV_C03,0.7148711221005205,WALKTRAV_B02,0.6964283720403449,0.018442750060175594,False,7,7,8.0,3,1.0,True,True,True
16,8,disty11,ACTTRAV_C03,0.70156255356392,WALKTRAV_B02,0.6831198035037443,0.018442750060175706,False,8,8,4.0,1,1.0,True,False,True
16,8,disty12,ACTTRAV_C03,0.7021896097966613,WALKTRAV_B02,0.6837468597364857,0.018442750060175594,False,8,8,13.0,3,1.0,True,False,True
16,8,disty13,ACTTRAV_C03,0.7075626302661878,WALKTRAV_B02,0.6891198802060122,0.018442750060175594,False,8,8,6.0,4,1.0,True,False,True
16,8,disty2,ACTTRAV_C03,0.6966215176473513,WALKTRAV_B02,0.6781787675871757,0.018442750060175594,False,8,4,30.0,23,0.5,True,False,True
16,8,disty3,ACTTRAV_C03,0.6899980173422948,WALKTRAV_B02,0.6715552672821192,0.018442750060175594,False,8,0,47.5,36,0.0,False,False,False
16,8,disty4,ACTTRAV_C03,0.6862489245994771,WALKTRAV_B02,0.6678061745393014,0.018442750060175706,False,8,8,10.5,4,1.0,True,False,True
16,8,disty5,ACTTRAV_C03,0.695695880880309,WALKTRAV_B02,0.6772531308201334,0.018442750060175594,False,8,3,38.0,21,0.375,False,False,False
16,8,disty6,ACTTRAV_C03,0.6914833527412908,WALKTRAV_B02,0.6730406026811151,0.018442750060175706,False,8,8,10.0,5,1.0,True,False,True
16,8,disty7,ACTTRAV_C03,0.6916411457166628,WALKTRAV_B02,0.6731983956564872,0.018442750060175594,False,8,4,31.0,18,0.5,True,False,True
16,8,disty8,ACTTRAV_C03,0.6998793197676115,WALKTRAV_B02,0.6814365697074358,0.018442750060175706,False,8,8,14.0,7,1.0,True,False,True
16,8,disty9,ACTTRAV_C03,0.698064339926045,WALKTRAV_B02,0.6796215898658694,0.018442750060175594,False,8,8,13.5,5,1.0,True,False,True
16,8,limiting_disability,ACTTRAV_C03,0.6949698104885167,WALKTRAV_B02,0.676527060428341,0.018442750060175706,False,8,0,87.0,73,0.0,False,False,False
16,8,no_disability,ACTTRAV_C03,0.6945626987134218,WALKTRAV_B02,0.676117500230791,0.01844519848263082,False,8,0,318.5,294,0.0,False,False,False
16,8,non_limiting_disability,ACTTRAV_C03,0.7021984876569246,WALKTRAV_B02,0.6837545256082125,0.018443962048712126,False,8,0,68.5,44,0.0,False,False,False
16,9,disty1,ACTTRAV_C03,0.6958068458380883,WALKTRAV_B02,0.6773640957779126,0.018442750060175706,False,8,3,33.0,26,0.375,False,False,False
16,9,disty10,ACTTRAV_C03,0.720493668713264,WALKTRAV_B02,0.7020509186530884,0.018442750060175594,False,7,7,3.0,1,1.0,True,True,True
16,9,disty11,ACTTRAV_C03,0.7070535677964659,WALKTRAV_B02,0.6886108177362902,0.018442750060175706,False,6,6,2.5,1,1.0,True,True,True
16,9,disty12,ACTTRAV_C03,0.70790196131176,WALKTRAV_B02,0.6894592112515843,0.018442750060175706,False,8,8,7.5,5,1.0,True,False,True
16,9,disty13,ACTTRAV_C03,0.713378905112748,WALKTRAV_B02,0.6949361550525723,0.018442750060175706,False,8,8,6.5,3,1.0,True,False,True
16,9,disty2,ACTTRAV_C03,0.7023423420680207,WALKTRAV_B02,0.683899592007845,0.018442750060175706,False,8,3,30.5,12,0.375,False,False,False
16,9,disty3,ACTTRAV_C03,0.6957084961509872,WALKTRAV_B02,0.6772657460908115,0.018442750060175706,False,8,2,37.0,28,0.25,False,False,False
16,9,disty4,ACTTRAV_C03,0.6919038612829616,WALKTRAV_B02,0.6734611112227858,0.018442750060175706,False,8,8,11.0,8,1.0,True,False,True
16,9,disty5,ACTTRAV_C03,0.7014010217196367,WALKTRAV_B02,0.682958271659461,0.018442750060175706,False,8,8,23.5,12,1.0,True,False,True
16,9,disty6,ACTTRAV_C03,0.697169809579677,WALKTRAV_B02,0.6787270595195013,0.018442750060175706,False,8,8,6.0,2,1.0,True,False,True
16,9,disty7,ACTTRAV_C03,0.6973100261936173,WALKTRAV_B02,0.6788672761334416,0.018442750060175706,False,8,6,13.0,8,0.75,True,False,True
16,9,disty8,ACTTRAV_C03,0.7056650869583926,WALKTRAV_B02,0.6872223368982169,0.018442750060175706,False,8,8,10.0,6,1.0,True,False,True
16,9,disty9,ACTTRAV_C03,0.7037154698634085,WALKTRAV_B02,0.6852727198032328,0.018442750060175706,False,8,8,9.5,7,1.0,True,False,True
16,9,limiting_disability,ACTTRAV_C03,0.7006605418153536,WALKTRAV_B02,0.6822177917551779,0.018442750060175706,False,8,0,71.0,49,0.0,False,False,False
16,9,no_disability,ACTTRAV_C03,0.7002487263468624,WALKTRAV_B02,0.6818031672828778,0.018445559063984596,False,8,0,333.0,288,0.0,False,False,False
16,9,non_limiting_disability,ACTTRAV_C03,0.7078987321483274,WALKTRAV_B02,0.6894509272947814,0.018447804853546024,False,8,0,82.5,57,0.0,False,False,False
16,91,disty1,ACTTRAV_C03,0.6924270119892081,WALKTRAV_B02,0.6739797345532941,0.01844727743591401,False,8,0,43.0,36,0.0,False,False,False
16,91,disty10,ACTTRAV_C03,0.7171438808687884,WALKTRAV_B02,0.6987011308086127,0.018442750060175706,False,8,8,4.5,2,1.0,True,False,True
16,91,disty11,ACTTRAV_C03,0.703763155112604,WALKTRAV_B02,0.6853204050524283,0.018442750060175706,False,8,8,4.0,2,1.0,True,False,True
16,91,disty12,ACTTRAV_C03,0.7044692800511961,WALKTRAV_B02,0.6860265299910203,0.018442750060175817,False,8,8,8.5,5,1.0,True,False,True
16,91,disty13,ACTTRAV_C03,0.7098382675828606,WALKTRAV_B02,0.691395517522685,0.018442750060175594,False,8,8,6.0,3,1.0,True,False,True
16,91,disty2,ACTTRAV_C03,0.6989274094417944,WALKTRAV_B02,0.6804846593816187,0.018442750060175706,False,8,4,32.5,18,0.5,True,False,True
16,91,disty3,ACTTRAV_C03,0.6923315126846913,WALKTRAV_B02,0.6738833251447881,0.018448187539903182,False,8,0,48.5,35,0.0,False,False,False
16,91,disty4,ACTTRAV_C03,0.6885721558182866,WALKTRAV_B02,0.6701294057581109,0.018442750060175706,False,8,8,15.5,7,1.0,True,False,True
16,91,disty5,ACTTRAV_C03,0.6979918884794171,WALKTRAV_B02,0.6795491384192415,0.018442750060175594,False,8,6,26.5,19,0.75,True,False,True
16,91,disty6,ACTTRAV_C03,0.6938607778576963,WALKTRAV_B02,0.6754180277975207,0.018442750060175594,False,8,8,8.0,1,1.0,True,False,True
16,91,disty7,ACTTRAV_C03,0.6939751335985126,WALKTRAV_B02,0.675532383538337,0.018442750060175594,False,8,6,25.0,16,0.75,True,False,True
16,91,disty8,ACTTRAV_C03,0.7022642956681225,WALKTRAV_B02,0.683821545607947,0.018442750060175594,False,8,8,16.0,5,1.0,True,False,True
16,91,disty9,ACTTRAV_C03,0.7004194670821549,WALKTRAV_B02,0.6819767170219792,0.018442750060175706,False,8,8,12.5,5,1.0,True,False,True
16,91,limiting_disability,ACTTRAV_C03,0.6973115488508478,WALKTRAV_B02,0.6788660012527779,0.018445547598069933,False,8,0,79.5,66,0.0,False,False,False
16,91,no_disability,ACTTRAV_C03,0.6969059883929527,WALKTRAV_B02,0.6784604103114542,0.018445578081498493,False,8,0,312.0,286,0.0,False,False,False
16,91,non_limiting_disability,ACTTRAV_C03,0.7045345798823912,WALKTRAV_B02,0.6860848521199996,0.01844972776239162,False,8,0,79.5,59,0.0,False,False,False
