survey_year,survey_wave,scenario,geography_level,group_a_code,group_a,group_b_code,group_b,contrast,indoor_exposure_share_difference_a_minus_b,indoor_rate_difference_a_minus_b,outdoor_rate_difference_a_minus_b,borough_id,borough_name,borough_code
2023,2023/24,legacy_recovery,London,2,Active,0,Inactive,Active minus Inactive,-0.23907341954272887,0.17541498185013238,0.12937688245003046,,,
2023,2023/24,legacy_recovery,London,2,Active,1,Insufficiently Active,Active minus Insufficiently Active,-0.20403679066419256,0.10119766875870105,0.10841758381235649,,,
2023,2023/24,legacy_recovery,London,1,Insufficiently Active,0,Inactive,Insufficiently Active minus Inactive,-0.03503662887853631,0.07421731309143131,0.020959298637673967,,,
2023,2023/24,persistent_legacy,London,2,Active,0,Inactive,Active minus Inactive,-0.2536627283327282,0.17616486059389067,0.13560366634177654,,,
2023,2023/24,persistent_legacy,London,2,Active,1,Insufficiently Active,Active minus Insufficiently Active,-0.208966480008555,0.10284447596086005,0.11422110507342167,,,
2023,2023/24,persistent_legacy,London,1,Insufficiently Active,0,Inactive,Insufficiently Active minus Inactive,-0.04469624832417318,0.07332038463303062,0.021382561268354854,,,
2024,2024/25,legacy_recovery,London,2,Active,0,Inactive,Active minus Inactive,-0.27192856254150366,0.16967644368208049,0.12633398574885452,,,
2024,2024/25,legacy_recovery,London,2,Active,1,Insufficiently Active,Active minus Insufficiently Active,-0.1886052958560488,0.09831980071640697,0.10402636154847973,,,
2024,2024/25,legacy_recovery,London,1,Insufficiently Active,0,Inactive,Insufficiently Active minus Inactive,-0.08332326668545487,0.07135664296567351,0.022307624200374777,,,
2024,2024/25,persistent_legacy,London,2,Active,0,Inactive,Active minus Inactive,-0.29779249285628107,0.17228105611410202,0.1364134618927163,,,
2024,2024/25,persistent_legacy,London,2,Active,1,Insufficiently Active,Active minus Insufficiently Active,-0.1947033506550434,0.10206593030849624,0.11334477138223178,,,
2024,2024/25,persistent_legacy,London,1,Insufficiently Active,0,Inactive,Insufficiently Active minus Inactive,-0.10308914220123766,0.07021512580560578,0.023068690510484526,,,
2025,2025/26,legacy_recovery,London,2,Active,0,Inactive,Active minus Inactive,-0.26604808416013725,0.16890719073024602,0.12584361072324987,,,
2025,2025/26,legacy_recovery,London,2,Active,1,Insufficiently Active,Active minus Insufficiently Active,-0.1833333951139796,0.09767290112306382,0.10290231122936909,,,
2025,2025/26,legacy_recovery,London,1,Insufficiently Active,0,Inactive,Insufficiently Active minus Inactive,-0.08271468904615764,0.07123428960718219,0.022941299493880782,,,
2025,2025/26,persistent_legacy,London,2,Active,0,Inactive,Active minus Inactive,-0.2862445895135546,0.17215225649012023,0.13665419754071118,,,
2025,2025/26,persistent_legacy,London,2,Active,1,Insufficiently Active,Active minus Insufficiently Active,-0.19123383406843641,0.10183339018549888,0.1130465023230345,,,
2025,2025/26,persistent_legacy,London,1,Insufficiently Active,0,Inactive,Insufficiently Active minus Inactive,-0.09501075544511817,0.07031886630462135,0.023607695217676666,,,
2026,2026/27,legacy_recovery,London,2,Active,0,Inactive,Active minus Inactive,-0.27206192455321,0.16868194981220833,0.12564797503430314,,,
2026,2026/27,legacy_recovery,London,2,Active,1,Insufficiently Active,Active minus Insufficiently Active,-0.18339253729137028,0.09745077402005041,0.10271876025024956,,,
2026,2026/27,legacy_recovery,London,1,Insufficiently Active,0,Inactive,Insufficiently Active minus Inactive,-0.0886693872618397,0.07123117579215792,0.02292921478405358,,,
2026,2026/27,persistent_legacy,London,2,Active,0,Inactive,Active minus Inactive,-0.29167581117860164,0.17232659391166574,0.13711928699985024,,,
2026,2026/27,persistent_legacy,London,2,Active,1,Insufficiently Active,Active minus Insufficiently Active,-0.19058504803955023,0.10205739564906793,0.11336912805020842,,,
2026,2026/27,persistent_legacy,London,1,Insufficiently Active,0,Inactive,Insufficiently Active minus Inactive,-0.10109076313905141,0.0702691982625978,0.02375015894964181,,,
2027,2027/28,legacy_recovery,London,2,Active,0,Inactive,Active minus Inactive,-0.2745351036753856,0.1686287961763033,0.12552740234261792,,,
2027,2027/28,legacy_recovery,London,2,Active,1,Insufficiently Active,Active minus Insufficiently Active,-0.18318001528554329,0.09743579502402742,0.10260207002418248,,,
2027,2027/28,legacy_recovery,London,1,Insufficiently Active,0,Inactive,Insufficiently Active minus Inactive,-0.0913550883898423,0.07119300115227588,0.022925332318435437,,,
2027,2027/28,persistent_legacy,London,2,Active,0,Inactive,Active minus Inactive,-0.3000890184824837,0.1723985895832291,0.13730695101062984,,,
2027,2027/28,persistent_legacy,London,2,Active,1,Insufficiently Active,Active minus Insufficiently Active,-0.19108288309628263,0.10214440167399236,0.11358921815352058,,,
2027,2027/28,persistent_legacy,London,1,Insufficiently Active,0,Inactive,Insufficiently Active minus Inactive,-0.10900613538620108,0.07025418790923675,0.023717732857109253,,,
2028,2028/29,legacy_recovery,London,2,Active,0,Inactive,Active minus Inactive,-0.27810070406040177,0.16856847836084687,0.1254560990783659,,,
2028,2028/29,legacy_recovery,London,2,Active,1,Insufficiently Active,Active minus Insufficiently Active,-0.18312527783758037,0.09737375350925435,0.10252788869569837,,,
2028,2028/29,legacy_recovery,London,1,Insufficiently Active,0,Inactive,Insufficiently Active minus Inactive,-0.0949754262228214,0.0711947248515925,0.02292821038266753,,,
2028,2028/29,persistent_legacy,London,2,Active,0,Inactive,Active minus Inactive,-0.2971213555489438,0.17242440484235963,0.13743328788586667,,,
2028,2028/29,persistent_legacy,London,2,Active,1,Insufficiently Active,Active minus Insufficiently Active,-0.19127142837604072,0.10213190979498757,0.11370552013499752,,,
2028,2028/29,persistent_legacy,London,1,Insufficiently Active,0,Inactive,Insufficiently Active minus Inactive,-0.10584992717290309,0.07029249504737207,0.02372776775086914,,,
2023,2023/24,legacy_recovery,Borough,2,Active,0,Inactive,Active minus Inactive,-0.1077602399992098,0.15802910789050587,0.12159907192737596,8.0,Barking and Dagenham,E09000002
2023,2023/24,legacy_recovery,Borough,2,Active,1,Insufficiently Active,Active minus Insufficiently Active,-0.2250637343982731,0.0827379407925373,0.10175570451213128,8.0,Barking and Dagenham,E09000002
2023,2023/24,legacy_recovery,Borough,1,Insufficiently Active,0,Inactive,Insufficiently Active minus Inactive,0.11730349439906329,0.07529116709796857,0.019843367415244676,8.0,Barking and Dagenham,E09000002
2023,2023/24,legacy_recovery,Borough,2,Active,0,Inactive,Active minus Inactive,-0.27599797261221193,0.16093340781277735,0.12441621479346439,9.0,Barnet,E09000003
2023,2023/24,legacy_recovery,Borough,2,Active,1,Insufficiently Active,Active minus Insufficiently Active,-0.2365055559268332,0.08501693524842886,0.10551838977538805,9.0,Barnet,E09000003
2023,2023/24,legacy_recovery,Borough,1,Insufficiently Active,0,Inactive,Insufficiently Active minus Inactive,-0.03949241668537873,0.0759164725643485,0.01889782501807635,9.0,Barnet,E09000003
2023,2023/24,legacy_recovery,Borough,2,Active,0,Inactive,Active minus Inactive,-0.2362911496844804,0.15734181413353884,0.11418961818153503,17.0,Bexley,E09000004
2023,2023/24,legacy_recovery,Borough,2,Active,1,Insufficiently Active,Active minus Insufficiently Active,-0.2268941661421292,0.08065856228054481,0.0958163832318023,17.0,Bexley,E09000004
2023,2023/24,legacy_recovery,Borough,1,Insufficiently Active,0,Inactive,Insufficiently Active minus Inactive,-0.00939698354235119,0.07668325185299402,0.01837323494973274,17.0,Bexley,E09000004
2023,2023/24,legacy_recovery,Borough,2,Active,0,Inactive,Active minus Inactive,-0.2569918597023172,0.1578940981746183,0.12225133300539653,30.0,Brent,E09000005
2023,2023/24,legacy_recovery,Borough,2,Active,1,Insufficiently Active,Active minus Insufficiently Active,-0.1927569124448566,0.08784053993298481,0.09970319649167628,30.0,Brent,E09000005
2023,2023/24,legacy_recovery,Borough,1,Insufficiently Active,0,Inactive,Insufficiently Active minus Inactive,-0.0642349472574606,0.07005355824163349,0.022548136513720247,30.0,Brent,E09000005
2023,2023/24,legacy_recovery,Borough,2,Active,0,Inactive,Active minus Inactive,-0.22949036804776612,0.16793633789651366,0.1280670856733408,35.0,Bromley,E09000006
2023,2023/24,legacy_recovery,Borough,2,Active,1,Insufficiently Active,Active minus Insufficiently Active,-0.20436766391447558,0.09695188476297054,0.10709467682565363,35.0,Bromley,E09000006
2023,2023/24,legacy_recovery,Borough,1,Insufficiently Active,0,Inactive,Insufficiently Active minus Inactive,-0.02512270413329054,0.07098445313354312,0.02097240884768717,35.0,Bromley,E09000006
2023,2023/24,legacy_recovery,Borough,2,Active,0,Inactive,Active minus Inactive,-0.2802099248623394,0.19936707940120746,0.14193720276476568,44.0,Camden,E09000007
2023,2023/24,legacy_recovery,Borough,2,Active,1,Insufficiently Active,Active minus Insufficiently Active,-0.17649208072057443,0.12636487981925748,0.11894969575665645,44.0,Camden,E09000007
2023,2023/24,legacy_recovery,Borough,1,Insufficiently Active,0,Inactive,Insufficiently Active minus Inactive,-0.10371784414176499,0.07300219958194998,0.022987507008109215,44.0,Camden,E09000007
2023,2023/24,legacy_recovery,Borough,2,Active,0,Inactive,Active minus Inactive,-0.2618789800424167,0.15867846848318348,0.12240943636238513,68.0,Croydon,E09000008
2023,2023/24,legacy_recovery,Borough,2,Active,1,Insufficiently Active,Active minus Insufficiently Active,-0.21034600691698047,0.08607133552344066,0.10133898788599559,68.0,Croydon,E09000008
2023,2023/24,legacy_recovery,Borough,1,Insufficiently Active,0,Inactive,Insufficiently Active minus Inactive,-0.051532973125436254,0.0726071329597428,0.02107044847638954,68.0,Croydon,E09000008
2023,2023/24,legacy_recovery,Borough,2,Active,0,Inactive,Active minus Inactive,-0.2738294289859071,0.16221757520415717,0.12696677266258297,78.0,Ealing,E09000009
2023,2023/24,legacy_recovery,Borough,2,Active,1,Insufficiently Active,Active minus Insufficiently Active,-0.19275804327463564,0.09160949674898854,0.10389965411197213,78.0,Ealing,E09000009
2023,2023/24,legacy_recovery,Borough,1,Insufficiently Active,0,Inactive,Insufficiently Active minus Inactive,-0.08107138571127148,0.07060807845516862,0.023067118550610825,78.0,Ealing,E09000009
2023,2023/24,legacy_recovery,Borough,2,Active,0,Inactive,Active minus Inactive,-0.22850624786646223,0.16127411037957107,0.12670975507026214,91.0,Enfield,E09000010
2023,2023/24,legacy_recovery,Borough,2,Active,1,Insufficiently Active,Active minus Insufficiently Active,-0.20734257430297043,0.08915006600642762,0.1048887844664376,91.0,Enfield,E09000010
2023,2023/24,legacy_recovery,Borough,1,Insufficiently Active,0,Inactive,Insufficiently Active minus Inactive,-0.021163673563491803,0.07212404437314346,0.021820970603824544,91.0,Enfield,E09000010
2023,2023/24,legacy_recovery,Borough,2,Active,0,Inactive,Active minus Inactive,-0.19033619435461502,0.16623317940998988,0.12670425424048148,107.0,Greenwich,E09000011
2023,2023/24,legacy_recovery,Borough,2,Active,1,Insufficiently Active,Active minus Insufficiently Active,-0.23108582488831453,0.09140913733747369,0.10794364196018709,107.0,Greenwich,E09000011
2023,2023/24,legacy_recovery,Borough,1,Insufficiently Active,0,Inactive,Insufficiently Active minus Inactive,0.04074963053369951,0.07482404207251621,0.018760612280294412,107.0,Greenwich,E09000011
2023,2023/24,legacy_recovery,Borough,2,Active,0,Inactive,Active minus Inactive,-0.2169692460330921,0.19691926163256435,0.1392958435992504,109.0,Hackney,E09000012
2023,2023/24,legacy_recovery,Borough,2,Active,1,Insufficiently Active,Active minus Insufficiently Active,-0.20854819725916007,0.11862019173030325,0.1190454708480208,109.0,Hackney,E09000012
2023,2023/24,legacy_recovery,Borough,1,Insufficiently Active,0,Inactive,Insufficiently Active minus Inactive,-0.008421048773932016,0.0782990699022611,0.02025037275122959,109.0,Hackney,E09000012
2023,2023/24,legacy_recovery,Borough,2,Active,0,Inactive,Active minus Inactive,-0.28098653876158286,0.19088530699160786,0.13747515653241463,112.0,Hammersmith and Fulham,E09000013
2023,2023/24,legacy_recovery,Borough,2,Active,1,Insufficiently Active,Active minus Insufficiently Active,-0.17222871139761053,0.11811131937325012,0.11366131012541064,112.0,Hammersmith and Fulham,E09000013
2023,2023/24,legacy_recovery,Borough,1,Insufficiently Active,0,Inactive,Insufficiently Active minus Inactive,-0.10875782736397233,0.07277398761835774,0.023813846407003993,112.0,Hammersmith and Fulham,E09000013
2023,2023/24,legacy_recovery,Borough,2,Active,0,Inactive,Active minus Inactive,-0.2329094411996704,0.20194546115845546,0.14138200786053443,114.0,Haringey,E09000014
2023,2023/24,legacy_recovery,Borough,2,Active,1,Insufficiently Active,Active minus Insufficiently Active,-0.19063514687958338,0.12221268660852562,0.11875735688742692,114.0,Haringey,E09000014
2023,2023/24,legacy_recovery,Borough,1,Insufficiently Active,0,Inactive,Insufficiently Active minus Inactive,-0.042274294320087,0.07973277454992983,0.022624650973107518,114.0,Haringey,E09000014
2023,2023/24,legacy_recovery,Borough,2,Active,0,Inactive,Active minus Inactive,-0.24726367552797468,0.15928638560658934,0.12088965123680087,117.0,Harrow,E09000015
2023,2023/24,legacy_recovery,Borough,2,Active,1,Insufficiently Active,Active minus Insufficiently Active,-0.19975725686913903,0.08388907172417412,0.09817249278193502,117.0,Harrow,E09000015
2023,2023/24,legacy_recovery,Borough,1,Insufficiently Active,0,Inactive,Insufficiently Active minus Inactive,-0.04750641865883565,0.0753973138824152,0.02271715845486586,117.0,Harrow,E09000015
2023,2023/24,legacy_recovery,Borough,2,Active,0,Inactive,Active minus Inactive,-0.228473760011368,0.16102193161067663,0.11296658887617418,122.0,Havering,E09000016
2023,2023/24,legacy_recovery,Borough,2,Active,1,Insufficiently Active,Active minus Insufficiently Active,-0.18316577475129603,0.08956199344912909,0.09175328685421515,122.0,Havering,E09000016
2023,2023/24,legacy_recovery,Borough,1,Insufficiently Active,0,Inactive,Insufficiently Active minus Inactive,-0.04530798526007196,0.07145993816154753,0.021213302021959042,122.0,Havering,E09000016
2023,2023/24,legacy_recovery,Borough,2,Active,0,Inactive,Active minus Inactive,-0.1990281895918009,0.15770496420340424,0.11078027960433953,126.0,Hillingdon,E09000017
2023,2023/24,legacy_recovery,Borough,2,Active,1,Insufficiently Active,Active minus Insufficiently Active,-0.2222125274149761,0.0822512191606891,0.09309431127428504,126.0,Hillingdon,E09000017
2023,2023/24,legacy_recovery,Borough,1,Insufficiently Active,0,Inactive,Insufficiently Active minus Inactive,0.023184337823175194,0.07545374504271514,0.0176859683300545,126.0,Hillingdon,E09000017
2023,2023/24,legacy_recovery,Borough,2,Active,0,Inactive,Active minus Inactive,-0.24994424614955024,0.15525699230811743,0.11446679353715837,129.0,Hounslow,E09000018
2023,2023/24,legacy_recovery,Borough,2,Active,1,Insufficiently Active,Active minus Insufficiently Active,-0.22839997510315457,0.08100369340526374,0.0963995154721673,129.0,Hounslow,E09000018
2023,2023/24,legacy_recovery,Borough,1,Insufficiently Active,0,Inactive,Insufficiently Active minus Inactive,-0.02154427104639567,0.07425329890285369,0.018067278064991078,129.0,Hounslow,E09000018
2023,2023/24,legacy_recovery,Borough,2,Active,0,Inactive,Active minus Inactive,-0.245097312400404,0.19985531111215338,0.14191751110425022,135.0,Islington,E09000019
2023,2023/24,legacy_recovery,Borough,2,Active,1,Insufficiently Active,Active minus Insufficiently Active,-0.19170664415437377,0.12522247759305088,0.12044175497409854,135.0,Islington,E09000019
2023,2023/24,legacy_recovery,Borough,1,Insufficiently Active,0,Inactive,Insufficiently Active minus Inactive,-0.053390668246030226,0.0746328335191025,0.02147575613015167,135.0,Islington,E09000019
2023,2023/24,legacy_recovery,Borough,2,Active,0,Inactive,Active minus Inactive,-0.22028768907760654,0.19124883650365815,0.1369978594656353,136.0,Kensington and Chelsea,E09000020
2023,2023/24,legacy_recovery,Borough,2,Active,1,Insufficiently Active,Active minus Insufficiently Active,-0.21156314965364487,0.11359800067771786,0.11691171013992163,136.0,Kensington and Chelsea,E09000020
2023,2023/24,legacy_recovery,Borough,1,Insufficiently Active,0,Inactive,Insufficiently Active minus Inactive,-0.008724539423961675,0.0776508358259403,0.020086149325713662,136.0,Kensington and Chelsea,E09000020
2023,2023/24,legacy_recovery,Borough,2,Active,0,Inactive,Active minus Inactive,-0.3017627758079733,0.16164017781073145,0.12808946648997546,139.0,Kingston upon Thames,E09000021
2023,2023/24,legacy_recovery,Borough,2,Active,1,Insufficiently Active,Active minus Insufficiently Active,-0.22145945404573342,0.08628363323302456,0.10676980571641047,139.0,Kingston upon Thames,E09000021
2023,2023/24,legacy_recovery,Borough,1,Insufficiently Active,0,Inactive,Insufficiently Active minus Inactive,-0.08030332176223987,0.0753565445777069,0.021319660773564997,139.0,Kingston upon Thames,E09000021
2023,2023/24,legacy_recovery,Borough,2,Active,0,Inactive,Active minus Inactive,-0.24368213071003664,0.1931251330825018,0.1358361682972075,142.0,Lambeth,E09000022
2023,2023/24,legacy_recovery,Borough,2,Active,1,Insufficiently Active,Active minus Insufficiently Active,-0.1639957212874249,0.12487459921501863,0.11320748023440028,142.0,Lambeth,E09000022
2023,2023/24,legacy_recovery,Borough,1,Insufficiently Active,0,Inactive,Insufficiently Active minus Inactive,-0.07968640942261174,0.06825053386748316,0.022628688062807205,142.0,Lambeth,E09000022
2023,2023/24,legacy_recovery,Borough,2,Active,0,Inactive,Active minus Inactive,-0.23796513692950005,0.20077590986102814,0.1418298413799413,147.0,Lewisham,E09000023
2023,2023/24,legacy_recovery,Borough,2,Active,1,Insufficiently Active,Active minus Insufficiently Active,-0.2002096456230833,0.12402806269468344,0.12098213516948567,147.0,Lewisham,E09000023
2023,2023/24,legacy_recovery,Borough,1,Insufficiently Active,0,Inactive,Insufficiently Active minus Inactive,-0.037755491306416755,0.0767478471663447,0.020847706210455647,147.0,Lewisham,E09000023
2023,2023/24,legacy_recovery,Borough,2,Active,0,Inactive,Active minus Inactive,-0.2811538976364599,0.1726958192111368,0.13369695952670538,160.0,Merton,E09000024
2023,2023/24,legacy_recovery,Borough,2,Active,1,Insufficiently Active,Active minus Insufficiently Active,-0.23530642652316858,0.09943094222919342,0.11528632724413278,160.0,Merton,E09000024
2023,2023/24,legacy_recovery,Borough,1,Insufficiently Active,0,Inactive,Insufficiently Active minus Inactive,-0.04584747111329135,0.07326487698194337,0.018410632282572593,160.0,Merton,E09000024
2023,2023/24,legacy_recovery,Borough,2,Active,0,Inactive,Active minus Inactive,-0.25794229330215634,0.18626658066948582,0.13149634673537555,171.0,Newham,E09000025
2023,2023/24,legacy_recovery,Borough,2,Active,1,Insufficiently Active,Active minus Insufficiently Active,-0.15832102378987256,0.11563401873831124,0.10723602979829536,171.0,Newham,E09000025
2023,2023/24,legacy_recovery,Borough,1,Insufficiently Active,0,Inactive,Insufficiently Active minus Inactive,-0.09962126951228378,0.07063256193117458,0.024260316937080174,171.0,Newham,E09000025
2023,2023/24,legacy_recovery,Borough,2,Active,0,Inactive,Active minus Inactive,-0.26283924845459306,0.16362108701967484,0.12706747270856142,196.0,Redbridge,E09000026
2023,2023/24,legacy_recovery,Borough,2,Active,1,Insufficiently Active,Active minus Insufficiently Active,-0.22382616062467875,0.08637190357964508,0.10615892217072238,196.0,Redbridge,E09000026
2023,2023/24,legacy_recovery,Borough,1,Insufficiently Active,0,Inactive,Insufficiently Active minus Inactive,-0.039013087829914306,0.07724918344002976,0.02090855053783903,196.0,Redbridge,E09000026
2023,2023/24,legacy_recovery,Borough,2,Active,0,Inactive,Active minus Inactive,-0.2683794231106744,0.15978487723370766,0.1192001763725374,201.0,Richmond upon Thames,E09000027
2023,2023/24,legacy_recovery,Borough,2,Active,1,Insufficiently Active,Active minus Insufficiently Active,-0.18964208277177286,0.09223074750764404,0.09814756081857168,201.0,Richmond upon Thames,E09000027
2023,2023/24,legacy_recovery,Borough,1,Insufficiently Active,0,Inactive,Insufficiently Active minus Inactive,-0.07873734033890156,0.06755412972606362,0.02105261555396571,201.0,Richmond upon Thames,E09000027
2023,2023/24,legacy_recovery,Borough,2,Active,0,Inactive,Active minus Inactive,-0.2497569830005072,0.18955536691032715,0.13663601556221394,241.0,Southwark,E09000028
2023,2023/24,legacy_recovery,Borough,2,Active,1,Insufficiently Active,Active minus Insufficiently Active,-0.20778315707897344,0.11122326331663561,0.11569223549545302,241.0,Southwark,E09000028
2023,2023/24,legacy_recovery,Borough,1,Insufficiently Active,0,Inactive,Insufficiently Active minus Inactive,-0.04197382592153376,0.07833210359369155,0.020943780066760932,241.0,Southwark,E09000028
2023,2023/24,legacy_recovery,Borough,2,Active,0,Inactive,Active minus Inactive,-0.2748936665690591,0.16057618930421827,0.12330086798092581,255.0,Sutton,E09000029
2023,2023/24,legacy_recovery,Borough,2,Active,1,Insufficiently Active,Active minus Insufficiently Active,-0.23885868646207553,0.08392791320014935,0.10470085547374315,255.0,Sutton,E09000029
2023,2023/24,legacy_recovery,Borough,1,Insufficiently Active,0,Inactive,Insufficiently Active minus Inactive,-0.03603498010698358,0.07664827610406892,0.01860001250718265,255.0,Sutton,E09000029
2023,2023/24,legacy_recovery,Borough,2,Active,0,Inactive,Active minus Inactive,-0.24429705766063714,0.19908343963021768,0.1403764033402924,272.0,Tower Hamlets,E09000030
2023,2023/24,legacy_recovery,Borough,2,Active,1,Insufficiently Active,Active minus Insufficiently Active,-0.20083436722835035,0.1196464529996936,0.11893478835018692,272.0,Tower Hamlets,E09000030
2023,2023/24,legacy_recovery,Borough,1,Insufficiently Active,0,Inactive,Insufficiently Active minus Inactive,-0.04346269043228679,0.07943698663052408,0.021441614990105457,272.0,Tower Hamlets,E09000030
2023,2023/24,legacy_recovery,Borough,2,Active,0,Inactive,Active minus Inactive,-0.2924826149466624,0.1607843674039331,0.12608616264824626,279.0,Waltham Forest,E09000031
2023,2023/24,legacy_recovery,Borough,2,Active,1,Insufficiently Active,Active minus Insufficiently Active,-0.2243230052749915,0.08664779699438982,0.10577761500124556,279.0,Waltham Forest,E09000031
2023,2023/24,legacy_recovery,Borough,1,Insufficiently Active,0,Inactive,Insufficiently Active minus Inactive,-0.0681596096716709,0.07413657040954329,0.02030854764700071,279.0,Waltham Forest,E09000031
2023,2023/24,legacy_recovery,Borough,2,Active,0,Inactive,Active minus Inactive,-0.3232825598673168,0.19822831003467226,0.14099982227705543,280.0,Wandsworth,E09000032
2023,2023/24,legacy_recovery,Borough,2,Active,1,Insufficiently Active,Active minus Insufficiently Active,-0.1815861446134711,0.12181330121823969,0.11761386389223791,280.0,Wandsworth,E09000032
2023,2023/24,legacy_recovery,Borough,1,Insufficiently Active,0,Inactive,Insufficiently Active minus Inactive,-0.1416964152538457,0.07641500881643257,0.02338595838481753,280.0,Wandsworth,E09000032
2023,2023/24,legacy_recovery,Borough,2,Active,0,Inactive,Active minus Inactive,-0.23617936802530515,0.18914010749669932,0.13483510786183817,293.0,Westminster,E09000033
2023,2023/24,legacy_recovery,Borough,2,Active,1,Insufficiently Active,Active minus Insufficiently Active,-0.21004456192449905,0.11395530579218344,0.1153353986806463,293.0,Westminster,E09000033
2023,2023/24,legacy_recovery,Borough,1,Insufficiently Active,0,Inactive,Insufficiently Active minus Inactive,-0.026134806100806096,0.07518480170451589,0.019499709181191854,293.0,Westminster,E09000033
2023,2023/24,persistent_legacy,Borough,2,Active,0,Inactive,Active minus Inactive,-0.1185343753420709,0.15774368294804725,0.12742799755486645,8.0,Barking and Dagenham,E09000002
2023,2023/24,persistent_legacy,Borough,2,Active,1,Insufficiently Active,Active minus Insufficiently Active,-0.23347678372165204,0.0832616377381449,0.10738664170670509,8.0,Barking and Dagenham,E09000002
2023,2023/24,persistent_legacy,Borough,1,Insufficiently Active,0,Inactive,Insufficiently Active minus Inactive,0.11494240837958114,0.07448204520990233,0.020041355848161364,8.0,Barking and Dagenham,E09000002
2023,2023/24,persistent_legacy,Borough,2,Active,0,Inactive,Active minus Inactive,-0.2910091161673145,0.16064638176973256,0.12948049205642964,9.0,Barnet,E09000003
2023,2023/24,persistent_legacy,Borough,2,Active,1,Insufficiently Active,Active minus Insufficiently Active,-0.24061834246889902,0.08558563083091764,0.11006662878235715,9.0,Barnet,E09000003
2023,2023/24,persistent_legacy,Borough,1,Insufficiently Active,0,Inactive,Insufficiently Active minus Inactive,-0.05039077369841549,0.07506075093881492,0.019413863274072494,9.0,Barnet,E09000003
2023,2023/24,persistent_legacy,Borough,2,Active,0,Inactive,Active minus Inactive,-0.24496582310018078,0.15733396607510586,0.11667155565253562,17.0,Bexley,E09000004
2023,2023/24,persistent_legacy,Borough,2,Active,1,Insufficiently Active,Active minus Insufficiently Active,-0.22889381130404163,0.08143032664092698,0.09810262244683544,17.0,Bexley,E09000004
2023,2023/24,persistent_legacy,Borough,1,Insufficiently Active,0,Inactive,Insufficiently Active minus Inactive,-0.016072011796139152,0.07590363943417887,0.018568933205700175,17.0,Bexley,E09000004
2023,2023/24,persistent_legacy,Borough,2,Active,0,Inactive,Active minus Inactive,-0.2784859569239515,0.15697378214909505,0.1279620309948623,30.0,Brent,E09000005
2023,2023/24,persistent_legacy,Borough,2,Active,1,Insufficiently Active,Active minus Insufficiently Active,-0.20289274094007215,0.0877856387367698,0.10537654100394342,30.0,Brent,E09000005
2023,2023/24,persistent_legacy,Borough,1,Insufficiently Active,0,Inactive,Insufficiently Active minus Inactive,-0.07559321598387936,0.06918814341232524,0.022585489990918875,30.0,Brent,E09000005
2023,2023/24,persistent_legacy,Borough,2,Active,0,Inactive,Active minus Inactive,-0.24260160081323978,0.16759506355260603,0.13411739016849092,35.0,Bromley,E09000006
2023,2023/24,persistent_legacy,Borough,2,Active,1,Insufficiently Active,Active minus Insufficiently Active,-0.21416239664026482,0.09742643523120038,0.11314210815895612,35.0,Bromley,E09000006
2023,2023/24,persistent_legacy,Borough,1,Insufficiently Active,0,Inactive,Insufficiently Active minus Inactive,-0.028439204172974963,0.07016862832140566,0.02097528200953481,35.0,Bromley,E09000006
2023,2023/24,persistent_legacy,Borough,2,Active,0,Inactive,Active minus Inactive,-0.2912770611473712,0.2013998912742084,0.14706558418176777,44.0,Camden,E09000007
2023,2023/24,persistent_legacy,Borough,2,Active,1,Insufficiently Active,Active minus Insufficiently Active,-0.1752757854925977,0.12923494749035402,0.12340330421098714,44.0,Camden,E09000007
2023,2023/24,persistent_legacy,Borough,1,Insufficiently Active,0,Inactive,Insufficiently Active minus Inactive,-0.11600127565477347,0.07216494378385437,0.023662279970780634,44.0,Camden,E09000007
2023,2023/24,persistent_legacy,Borough,2,Active,0,Inactive,Active minus Inactive,-0.27610978175920065,0.157910320613022,0.1274494736841974,68.0,Croydon,E09000008
2023,2023/24,persistent_legacy,Borough,2,Active,1,Insufficiently Active,Active minus Insufficiently Active,-0.21582366853821433,0.08658582066190758,0.10607046691679611,68.0,Croydon,E09000008
2023,2023/24,persistent_legacy,Borough,1,Insufficiently Active,0,Inactive,Insufficiently Active minus Inactive,-0.060286113220986315,0.07132449995111441,0.021379006767401308,68.0,Croydon,E09000008
2023,2023/24,persistent_legacy,Borough,2,Active,0,Inactive,Active minus Inactive,-0.29373793909311496,0.16200552944233082,0.13327343171232683,78.0,Ealing,E09000009
2023,2023/24,persistent_legacy,Borough,2,Active,1,Insufficiently Active,Active minus Insufficiently Active,-0.19747988651202864,0.09269900422088845,0.10968893682221065,78.0,Ealing,E09000009
2023,2023/24,persistent_legacy,Borough,1,Insufficiently Active,0,Inactive,Insufficiently Active minus Inactive,-0.09625805258108633,0.06930652522144237,0.02358449489011619,78.0,Ealing,E09000009
2023,2023/24,persistent_legacy,Borough,2,Active,0,Inactive,Active minus Inactive,-0.24858883113081076,0.16014950357895397,0.13357621138079165,91.0,Enfield,E09000010
2023,2023/24,persistent_legacy,Borough,2,Active,1,Insufficiently Active,Active minus Insufficiently Active,-0.21491566502206016,0.08901872113007075,0.11117437664159004,91.0,Enfield,E09000010
2023,2023/24,persistent_legacy,Borough,1,Insufficiently Active,0,Inactive,Insufficiently Active minus Inactive,-0.033673166108750596,0.07113078244888321,0.022401834739201612,91.0,Enfield,E09000010
2023,2023/24,persistent_legacy,Borough,2,Active,0,Inactive,Active minus Inactive,-0.2101780073841325,0.16551636684197762,0.1326689987746333,107.0,Greenwich,E09000011
2023,2023/24,persistent_legacy,Borough,2,Active,1,Insufficiently Active,Active minus Insufficiently Active,-0.236865128154521,0.09160924967860246,0.11336745664443033,107.0,Greenwich,E09000011
2023,2023/24,persistent_legacy,Borough,1,Insufficiently Active,0,Inactive,Insufficiently Active minus Inactive,0.026687120770388484,0.07390711716337517,0.01930154213020299,107.0,Greenwich,E09000011
2023,2023/24,persistent_legacy,Borough,2,Active,0,Inactive,Active minus Inactive,-0.22448886947856672,0.19948172722097066,0.1446656920118414,109.0,Hackney,E09000012
2023,2023/24,persistent_legacy,Borough,2,Active,1,Insufficiently Active,Active minus Insufficiently Active,-0.2091430584193268,0.12166323895869688,0.12385962266573489,109.0,Hackney,E09000012
2023,2023/24,persistent_legacy,Borough,1,Insufficiently Active,0,Inactive,Insufficiently Active minus Inactive,-0.015345811059239933,0.07781848826227379,0.020806069346106522,109.0,Hackney,E09000012
2023,2023/24,persistent_legacy,Borough,2,Active,0,Inactive,Active minus Inactive,-0.2967988317331215,0.19425474405522505,0.14639501085385634,112.0,Hammersmith and Fulham,E09000013
2023,2023/24,persistent_legacy,Borough,2,Active,1,Insufficiently Active,Active minus Insufficiently Active,-0.17372178869265775,0.12266818621120681,0.12173618257620347,112.0,Hammersmith and Fulham,E09000013
2023,2023/24,persistent_legacy,Borough,1,Insufficiently Active,0,Inactive,Insufficiently Active minus Inactive,-0.12307704304046374,0.07158655784401825,0.024658828277652856,112.0,Hammersmith and Fulham,E09000013
2023,2023/24,persistent_legacy,Borough,2,Active,0,Inactive,Active minus Inactive,-0.2399176932026602,0.203893821115672,0.14597440205142714,114.0,Haringey,E09000014
2023,2023/24,persistent_legacy,Borough,2,Active,1,Insufficiently Active,Active minus Insufficiently Active,-0.19025854693770328,0.1247859504895372,0.12276137091032903,114.0,Haringey,E09000014
2023,2023/24,persistent_legacy,Borough,1,Insufficiently Active,0,Inactive,Insufficiently Active minus Inactive,-0.04965914626495693,0.07910787062613481,0.023213031141098104,114.0,Haringey,E09000014
2023,2023/24,persistent_legacy,Borough,2,Active,0,Inactive,Active minus Inactive,-0.26038757775566135,0.15919219745585117,0.12568917031799912,117.0,Harrow,E09000015
2023,2023/24,persistent_legacy,Borough,2,Active,1,Insufficiently Active,Active minus Insufficiently Active,-0.20389005928818005,0.08454864950772684,0.10248499451404713,117.0,Harrow,E09000015
2023,2023/24,persistent_legacy,Borough,1,Insufficiently Active,0,Inactive,Insufficiently Active minus Inactive,-0.0564975184674813,0.07464354794812433,0.023204175803951985,117.0,Harrow,E09000015
2023,2023/24,persistent_legacy,Borough,2,Active,0,Inactive,Active minus Inactive,-0.25610297285107664,0.15837136489631107,0.11817429421962512,122.0,Havering,E09000016
2023,2023/24,persistent_legacy,Borough,2,Active,1,Insufficiently Active,Active minus Insufficiently Active,-0.19240715434440925,0.08828168752225875,0.09667486310578415,122.0,Havering,E09000016
2023,2023/24,persistent_legacy,Borough,1,Insufficiently Active,0,Inactive,Insufficiently Active minus Inactive,-0.06369581850666739,0.07008967737405232,0.021499431113840978,122.0,Havering,E09000016
2023,2023/24,persistent_legacy,Borough,2,Active,0,Inactive,Active minus Inactive,-0.2196439375275534,0.156075412346162,0.11416882256731661,126.0,Hillingdon,E09000017
2023,2023/24,persistent_legacy,Borough,2,Active,1,Insufficiently Active,Active minus Insufficiently Active,-0.22628437647569677,0.0813563046960167,0.09599093185976851,126.0,Hillingdon,E09000017
2023,2023/24,persistent_legacy,Borough,1,Insufficiently Active,0,Inactive,Insufficiently Active minus Inactive,0.006640438948143368,0.07471910765014532,0.018177890707548116,126.0,Hillingdon,E09000017
2023,2023/24,persistent_legacy,Borough,2,Active,0,Inactive,Active minus Inactive,-0.2599551628821557,0.15512364164799827,0.1172461964087973,129.0,Hounslow,E09000018
2023,2023/24,persistent_legacy,Borough,2,Active,1,Insufficiently Active,Active minus Insufficiently Active,-0.22872943336557705,0.08171630029239092,0.09872524229510338,129.0,Hounslow,E09000018
2023,2023/24,persistent_legacy,Borough,1,Insufficiently Active,0,Inactive,Insufficiently Active minus Inactive,-0.03122572951657865,0.07340734135560736,0.018520954113693915,129.0,Hounslow,E09000018
2023,2023/24,persistent_legacy,Borough,2,Active,0,Inactive,Active minus Inactive,-0.256618392951972,0.20261390503831994,0.14824090966416784,135.0,Islington,E09000019
2023,2023/24,persistent_legacy,Borough,2,Active,1,Insufficiently Active,Active minus Insufficiently Active,-0.1937015542051469,0.12871357832412034,0.1263194909104722,135.0,Islington,E09000019
2023,2023/24,persistent_legacy,Borough,1,Insufficiently Active,0,Inactive,Insufficiently Active minus Inactive,-0.06291683874682508,0.07390032671419962,0.02192141875369564,135.0,Islington,E09000019
2023,2023/24,persistent_legacy,Borough,2,Active,0,Inactive,Active minus Inactive,-0.23322866654601715,0.19486417697913666,0.14630684219438694,136.0,Kensington and Chelsea,E09000020
2023,2023/24,persistent_legacy,Borough,2,Active,1,Insufficiently Active,Active minus Insufficiently Active,-0.2182485909292684,0.11773676368464288,0.12576577742650805,136.0,Kensington and Chelsea,E09000020
2023,2023/24,persistent_legacy,Borough,1,Insufficiently Active,0,Inactive,Insufficiently Active minus Inactive,-0.014980075616748745,0.07712741329449377,0.020541064767878897,136.0,Kensington and Chelsea,E09000020
2023,2023/24,persistent_legacy,Borough,2,Active,0,Inactive,Active minus Inactive,-0.3139082775157316,0.16092626490208006,0.13554800862739483,139.0,Kingston upon Thames,E09000021
2023,2023/24,persistent_legacy,Borough,2,Active,1,Insufficiently Active,Active minus Insufficiently Active,-0.2297285134342376,0.0866663204576373,0.11369487561610414,139.0,Kingston upon Thames,E09000021
2023,2023/24,persistent_legacy,Borough,1,Insufficiently Active,0,Inactive,Insufficiently Active minus Inactive,-0.08417976408149397,0.07425994444444275,0.02185313301129068,139.0,Kingston upon Thames,E09000021
2023,2023/24,persistent_legacy,Borough,2,Active,0,Inactive,Active minus Inactive,-0.25977969636258647,0.19534039983437254,0.1442581145089147,142.0,Lambeth,E09000022
2023,2023/24,persistent_legacy,Borough,2,Active,1,Insufficiently Active,Active minus Insufficiently Active,-0.1730136615612744,0.12802359984680756,0.12159325280301247,142.0,Lambeth,E09000022
2023,2023/24,persistent_legacy,Borough,1,Insufficiently Active,0,Inactive,Insufficiently Active minus Inactive,-0.08676603480131206,0.067316799987565,0.022664861705902213,142.0,Lambeth,E09000022
2023,2023/24,persistent_legacy,Borough,2,Active,0,Inactive,Active minus Inactive,-0.24591575262734655,0.20364151785148757,0.14768078765689163,147.0,Lewisham,E09000023
2023,2023/24,persistent_legacy,Borough,2,Active,1,Insufficiently Active,Active minus Insufficiently Active,-0.1995107721683289,0.12778537964301784,0.1261944217147268,147.0,Lewisham,E09000023
2023,2023/24,persistent_legacy,Borough,1,Insufficiently Active,0,Inactive,Insufficiently Active minus Inactive,-0.04640498045901764,0.07585613820846974,0.021486365942164815,147.0,Lewisham,E09000023
2023,2023/24,persistent_legacy,Borough,2,Active,0,Inactive,Active minus Inactive,-0.2896360916256705,0.1728380705828414,0.13999732181258429,160.0,Merton,E09000024
2023,2023/24,persistent_legacy,Borough,2,Active,1,Insufficiently Active,Active minus Insufficiently Active,-0.2377909344620427,0.10073252752729142,0.12088553018504941,160.0,Merton,E09000024
2023,2023/24,persistent_legacy,Borough,1,Insufficiently Active,0,Inactive,Insufficiently Active minus Inactive,-0.05184515716362781,0.07210554305554998,0.019111791627534874,160.0,Merton,E09000024
2023,2023/24,persistent_legacy,Borough,2,Active,0,Inactive,Active minus Inactive,-0.2783270826777191,0.18953441987698924,0.14110979105344246,171.0,Newham,E09000025
2023,2023/24,persistent_legacy,Borough,2,Active,1,Insufficiently Active,Active minus Insufficiently Active,-0.16483234081325304,0.11990890736630684,0.11636541044534296,171.0,Newham,E09000025
2023,2023/24,persistent_legacy,Borough,1,Insufficiently Active,0,Inactive,Insufficiently Active minus Inactive,-0.11349474186446606,0.06962551251068239,0.024744380608099494,171.0,Newham,E09000025
2023,2023/24,persistent_legacy,Borough,2,Active,0,Inactive,Active minus Inactive,-0.2794587580020724,0.1629817643140649,0.1337189225427522,196.0,Redbridge,E09000026
2023,2023/24,persistent_legacy,Borough,2,Active,1,Insufficiently Active,Active minus Insufficiently Active,-0.2316839757189526,0.08662968566979627,0.112342893952833,196.0,Redbridge,E09000026
2023,2023/24,persistent_legacy,Borough,1,Insufficiently Active,0,Inactive,Insufficiently Active minus Inactive,-0.04777478228311982,0.07635207864426863,0.021376028589919174,196.0,Redbridge,E09000026
2023,2023/24,persistent_legacy,Borough,2,Active,0,Inactive,Active minus Inactive,-0.2860717570412147,0.15945645852133555,0.12532070652533228,201.0,Richmond upon Thames,E09000027
2023,2023/24,persistent_legacy,Borough,2,Active,1,Insufficiently Active,Active minus Insufficiently Active,-0.2000817753355264,0.09295990834049289,0.10432457094591906,201.0,Richmond upon Thames,E09000027
2023,2023/24,persistent_legacy,Borough,1,Insufficiently Active,0,Inactive,Insufficiently Active minus Inactive,-0.08598998170568828,0.06649655018084266,0.020996135579413214,201.0,Richmond upon Thames,E09000027
2023,2023/24,persistent_legacy,Borough,2,Active,0,Inactive,Active minus Inactive,-0.26763643935850545,0.19296559789187895,0.14618187578197273,241.0,Southwark,E09000028
2023,2023/24,persistent_legacy,Borough,2,Active,1,Insufficiently Active,Active minus Insufficiently Active,-0.2151195199066568,0.11532365265958253,0.12481632197783084,241.0,Southwark,E09000028
2023,2023/24,persistent_legacy,Borough,1,Insufficiently Active,0,Inactive,Insufficiently Active minus Inactive,-0.052516919451848665,0.07764194523229641,0.0213655538041419,241.0,Southwark,E09000028
2023,2023/24,persistent_legacy,Borough,2,Active,0,Inactive,Active minus Inactive,-0.29510753538802004,0.15938003599714753,0.13032269309884745,255.0,Sutton,E09000029
2023,2023/24,persistent_legacy,Borough,2,Active,1,Insufficiently Active,Active minus Insufficiently Active,-0.24807413597560235,0.08369773914478877,0.11121526788674022,255.0,Sutton,E09000029
2023,2023/24,persistent_legacy,Borough,1,Insufficiently Active,0,Inactive,Insufficiently Active minus Inactive,-0.04703339941241769,0.07568229685235876,0.019107425212107232,255.0,Sutton,E09000029
2023,2023/24,persistent_legacy,Borough,2,Active,0,Inactive,Active minus Inactive,-0.2552381319942426,0.20122351448479248,0.1458528904314688,272.0,Tower Hamlets,E09000030
2023,2023/24,persistent_legacy,Borough,2,Active,1,Insufficiently Active,Active minus Insufficiently Active,-0.20310816657373687,0.12221467196160161,0.12395546043514605,272.0,Tower Hamlets,E09000030
2023,2023/24,persistent_legacy,Borough,1,Insufficiently Active,0,Inactive,Insufficiently Active minus Inactive,-0.05212996542050574,0.07900884252319088,0.021897429996322722,272.0,Tower Hamlets,E09000030
2023,2023/24,persistent_legacy,Borough,2,Active,0,Inactive,Active minus Inactive,-0.30486085788752315,0.1596293661597301,0.13291669537369918,279.0,Waltham Forest,E09000031
2023,2023/24,persistent_legacy,Borough,2,Active,1,Insufficiently Active,Active minus Insufficiently Active,-0.23318145035153204,0.08633667861439774,0.11212409076477185,279.0,Waltham Forest,E09000031
2023,2023/24,persistent_legacy,Borough,1,Insufficiently Active,0,Inactive,Insufficiently Active minus Inactive,-0.07167940753599111,0.07329268754533239,0.02079260460892732,279.0,Waltham Forest,E09000031
2023,2023/24,persistent_legacy,Borough,2,Active,0,Inactive,Active minus Inactive,-0.3284317516480635,0.20109387518120028,0.1473290890835142,280.0,Wandsworth,E09000032
2023,2023/24,persistent_legacy,Borough,2,Active,1,Insufficiently Active,Active minus Insufficiently Active,-0.18154294404267557,0.12563753085699686,0.12328873651077991,280.0,Wandsworth,E09000032
2023,2023/24,persistent_legacy,Borough,1,Insufficiently Active,0,Inactive,Insufficiently Active minus Inactive,-0.14688880760538792,0.0754563443242034,0.02404035257273428,280.0,Wandsworth,E09000032
2023,2023/24,persistent_legacy,Borough,2,Active,0,Inactive,Active minus Inactive,-0.25857905371492496,0.19269403699400034,0.14449228460534425,293.0,Westminster,E09000033
2023,2023/24,persistent_legacy,Borough,2,Active,1,Insufficiently Active,Active minus Insufficiently Active,-0.21603713160818228,0.1182165087706807,0.12441563446581241,293.0,Westminster,E09000033
2023,2023/24,persistent_legacy,Borough,1,Insufficiently Active,0,Inactive,Insufficiently Active minus Inactive,-0.04254192210674268,0.07447752822331964,0.020076650139531832,293.0,Westminster,E09000033
2024,2024/25,legacy_recovery,Borough,2,Active,0,Inactive,Active minus Inactive,-0.19815011947944705,0.15842198818279177,0.12156894375298165,8.0,Barking and Dagenham,E09000002
2024,2024/25,legacy_recovery,Borough,2,Active,1,Insufficiently Active,Active minus Insufficiently Active,-0.1985092757282425,0.08772349682542854,0.0998518538487228,8.0,Barking and Dagenham,E09000002
2024,2024/25,legacy_recovery,Borough,1,Insufficiently Active,0,Inactive,Insufficiently Active minus Inactive,0.0003591562487954558,0.07069849135736324,0.021717089904258843,8.0,Barking and Dagenham,E09000002
2024,2024/25,legacy_recovery,Borough,2,Active,0,Inactive,Active minus Inactive,-0.2609021039389501,0.16064246774741375,0.12316944636187585,9.0,Barnet,E09000003
2024,2024/25,legacy_recovery,Borough,2,Active,1,Insufficiently Active,Active minus Insufficiently Active,-0.19703562049645873,0.08988992033489192,0.10121064153692924,9.0,Barnet,E09000003
2024,2024/25,legacy_recovery,Borough,1,Insufficiently Active,0,Inactive,Insufficiently Active minus Inactive,-0.06386648344249135,0.07075254741252184,0.02195880482494662,9.0,Barnet,E09000003
2024,2024/25,legacy_recovery,Borough,2,Active,0,Inactive,Active minus Inactive,-0.2506832381087707,0.1569057713241518,0.11853882903346413,17.0,Bexley,E09000004
2024,2024/25,legacy_recovery,Borough,2,Active,1,Insufficiently Active,Active minus Insufficiently Active,-0.19559800133389627,0.0861408676463913,0.09685139467968756,17.0,Bexley,E09000004
2024,2024/25,legacy_recovery,Borough,1,Insufficiently Active,0,Inactive,Insufficiently Active minus Inactive,-0.055085236774874424,0.07076490367776049,0.021687434353776576,17.0,Bexley,E09000004
2024,2024/25,legacy_recovery,Borough,2,Active,0,Inactive,Active minus Inactive,-0.29957336376274313,0.158990334692096,0.12167151692357907,30.0,Brent,E09000005
2024,2024/25,legacy_recovery,Borough,2,Active,1,Insufficiently Active,Active minus Insufficiently Active,-0.2042440416648813,0.08753168513616956,0.10041759685573225,30.0,Brent,E09000005
2024,2024/25,legacy_recovery,Borough,1,Insufficiently Active,0,Inactive,Insufficiently Active minus Inactive,-0.09532932209786182,0.07145864955592643,0.02125392006784682,30.0,Brent,E09000005
2024,2024/25,legacy_recovery,Borough,2,Active,0,Inactive,Active minus Inactive,-0.25933374242096996,0.16014921977189417,0.12425641860340321,35.0,Bromley,E09000006
2024,2024/25,legacy_recovery,Borough,2,Active,1,Insufficiently Active,Active minus Insufficiently Active,-0.20378391673366247,0.08898965836597669,0.10264656789241497,35.0,Bromley,E09000006
2024,2024/25,legacy_recovery,Borough,1,Insufficiently Active,0,Inactive,Insufficiently Active minus Inactive,-0.055549825687307486,0.07115956140591748,0.021609850710988237,35.0,Bromley,E09000006
2024,2024/25,legacy_recovery,Borough,2,Active,0,Inactive,Active minus Inactive,-0.2700937337549344,0.1854672764830637,0.13302620490630226,44.0,Camden,E09000007
2024,2024/25,legacy_recovery,Borough,2,Active,1,Insufficiently Active,Active minus Insufficiently Active,-0.16935168517869426,0.11347900210429866,0.10922982210910173,44.0,Camden,E09000007
2024,2024/25,legacy_recovery,Borough,1,Insufficiently Active,0,Inactive,Insufficiently Active minus Inactive,-0.10074204857624014,0.07198827437876501,0.023796382797200522,44.0,Camden,E09000007
2024,2024/25,legacy_recovery,Borough,2,Active,0,Inactive,Active minus Inactive,-0.2836762216068869,0.160076970655427,0.12266929957658063,68.0,Croydon,E09000008
2024,2024/25,legacy_recovery,Borough,2,Active,1,Insufficiently Active,Active minus Insufficiently Active,-0.19674956825219492,0.0894080161905288,0.10071031426215146,68.0,Croydon,E09000008
2024,2024/25,legacy_recovery,Borough,1,Insufficiently Active,0,Inactive,Insufficiently Active minus Inactive,-0.08692665335469196,0.0706689544648982,0.02195898531442916,68.0,Croydon,E09000008
2024,2024/25,legacy_recovery,Borough,2,Active,0,Inactive,Active minus Inactive,-0.2967116411839431,0.16028099954407285,0.12416922636091127,78.0,Ealing,E09000009
2024,2024/25,legacy_recovery,Borough,2,Active,1,Insufficiently Active,Active minus Insufficiently Active,-0.19479929641694171,0.08941378076605398,0.10157496461755629,78.0,Ealing,E09000009
2024,2024/25,legacy_recovery,Borough,1,Insufficiently Active,0,Inactive,Insufficiently Active minus Inactive,-0.1019123447670014,0.07086721877801885,0.02259426174335499,78.0,Ealing,E09000009
2024,2024/25,legacy_recovery,Borough,2,Active,0,Inactive,Active minus Inactive,-0.2952324132132339,0.1608982890884879,0.12415070872238955,91.0,Enfield,E09000010
2024,2024/25,legacy_recovery,Borough,2,Active,1,Insufficiently Active,Active minus Insufficiently Active,-0.19382657213140408,0.09012020271086284,0.10158541452119313,91.0,Enfield,E09000010
2024,2024/25,legacy_recovery,Borough,1,Insufficiently Active,0,Inactive,Insufficiently Active minus Inactive,-0.10140584108182982,0.07077808637762507,0.022565294201196424,91.0,Enfield,E09000010
2024,2024/25,legacy_recovery,Borough,2,Active,0,Inactive,Active minus Inactive,-0.25979126480624903,0.16074468336747708,0.12367391982531896,107.0,Greenwich,E09000011
2024,2024/25,legacy_recovery,Borough,2,Active,1,Insufficiently Active,Active minus Insufficiently Active,-0.19841481975556174,0.0898893828157982,0.10174840970548249,107.0,Greenwich,E09000011
2024,2024/25,legacy_recovery,Borough,1,Insufficiently Active,0,Inactive,Insufficiently Active minus Inactive,-0.06137644505068729,0.07085530055167887,0.02192551011983647,107.0,Greenwich,E09000011
2024,2024/25,legacy_recovery,Borough,2,Active,0,Inactive,Active minus Inactive,-0.30052068780857755,0.18433193361834968,0.13239480846587628,109.0,Hackney,E09000012
2024,2024/25,legacy_recovery,Borough,2,Active,1,Insufficiently Active,Active minus Insufficiently Active,-0.18133917637427088,0.11212555133185644,0.10997952430656127,109.0,Hackney,E09000012
2024,2024/25,legacy_recovery,Borough,1,Insufficiently Active,0,Inactive,Insufficiently Active minus Inactive,-0.11918151143430666,0.07220638228649325,0.022415284159315003,109.0,Hackney,E09000012
2024,2024/25,legacy_recovery,Borough,2,Active,0,Inactive,Active minus Inactive,-0.27338705470008307,0.18304458670800985,0.13148908211822521,112.0,Hammersmith and Fulham,E09000013
2024,2024/25,legacy_recovery,Borough,2,Active,1,Insufficiently Active,Active minus Insufficiently Active,-0.1699604927509787,0.11097494192768975,0.10769391722959384,112.0,Hammersmith and Fulham,E09000013
2024,2024/25,legacy_recovery,Borough,1,Insufficiently Active,0,Inactive,Insufficiently Active minus Inactive,-0.10342656194910438,0.07206964478032012,0.023795164888631374,112.0,Hammersmith and Fulham,E09000013
2024,2024/25,legacy_recovery,Borough,2,Active,0,Inactive,Active minus Inactive,-0.2727308372349688,0.18560664514718295,0.13325533037117085,114.0,Haringey,E09000014
2024,2024/25,legacy_recovery,Borough,2,Active,1,Insufficiently Active,Active minus Insufficiently Active,-0.17982108181885514,0.11338528987760005,0.11067494444677078,114.0,Haringey,E09000014
2024,2024/25,legacy_recovery,Borough,1,Insufficiently Active,0,Inactive,Insufficiently Active minus Inactive,-0.09290975541611368,0.07222135526958291,0.022580385924400058,114.0,Haringey,E09000014
2024,2024/25,legacy_recovery,Borough,2,Active,0,Inactive,Active minus Inactive,-0.2533276333509209,0.15795267432631724,0.12091815517744695,117.0,Harrow,E09000015
2024,2024/25,legacy_recovery,Borough,2,Active,1,Insufficiently Active,Active minus Insufficiently Active,-0.19622332801677134,0.0870935233143002,0.0988824237613177,117.0,Harrow,E09000015
2024,2024/25,legacy_recovery,Borough,1,Insufficiently Active,0,Inactive,Insufficiently Active minus Inactive,-0.05710430533414956,0.07085915101201704,0.02203573141612925,117.0,Harrow,E09000015
2024,2024/25,legacy_recovery,Borough,2,Active,0,Inactive,Active minus Inactive,-0.29027124275235316,0.15626869470930585,0.11770494655016848,122.0,Havering,E09000016
2024,2024/25,legacy_recovery,Borough,2,Active,1,Insufficiently Active,Active minus Insufficiently Active,-0.1955835615185434,0.08516631635786868,0.09598239114123275,122.0,Havering,E09000016
2024,2024/25,legacy_recovery,Borough,1,Insufficiently Active,0,Inactive,Insufficiently Active minus Inactive,-0.09468768123380977,0.07110237835143715,0.02172255540893574,122.0,Havering,E09000016
2024,2024/25,legacy_recovery,Borough,2,Active,0,Inactive,Active minus Inactive,-0.2875408521419127,0.15553617804658923,0.1164458978018394,126.0,Hillingdon,E09000017
2024,2024/25,legacy_recovery,Borough,2,Active,1,Insufficiently Active,Active minus Insufficiently Active,-0.188432866533207,0.08477969786509912,0.09413733599288861,126.0,Hillingdon,E09000017
2024,2024/25,legacy_recovery,Borough,1,Insufficiently Active,0,Inactive,Insufficiently Active minus Inactive,-0.0991079856087057,0.07075648018149011,0.02230856180895078,126.0,Hillingdon,E09000017
2024,2024/25,legacy_recovery,Borough,2,Active,0,Inactive,Active minus Inactive,-0.25521101820108394,0.15593414969006142,0.11713364452544928,129.0,Hounslow,E09000018
2024,2024/25,legacy_recovery,Borough,2,Active,1,Insufficiently Active,Active minus Insufficiently Active,-0.18874165112033414,0.08540236896454817,0.0948507863793257,129.0,Hounslow,E09000018
2024,2024/25,legacy_recovery,Borough,1,Insufficiently Active,0,Inactive,Insufficiently Active minus Inactive,-0.0664693670807498,0.07053178072551325,0.022282858146123578,129.0,Hounslow,E09000018
2024,2024/25,legacy_recovery,Borough,2,Active,0,Inactive,Active minus Inactive,-0.2658658522842977,0.18515339642698894,0.13279778843627385,135.0,Islington,E09000019
2024,2024/25,legacy_recovery,Borough,2,Active,1,Insufficiently Active,Active minus Insufficiently Active,-0.17048893083125638,0.11344149322520546,0.10923635237368008,135.0,Islington,E09000019
2024,2024/25,legacy_recovery,Borough,1,Insufficiently Active,0,Inactive,Insufficiently Active minus Inactive,-0.09537692145304133,0.07171190320178349,0.02356143606259376,135.0,Islington,E09000019
2024,2024/25,legacy_recovery,Borough,2,Active,0,Inactive,Active minus Inactive,-0.29490546158882147,0.1831753676313762,0.13175291955394638,136.0,Kensington and Chelsea,E09000020
2024,2024/25,legacy_recovery,Borough,2,Active,1,Insufficiently Active,Active minus Insufficiently Active,-0.18092251793638836,0.11090593181008325,0.10923043195188077,136.0,Kensington and Chelsea,E09000020
2024,2024/25,legacy_recovery,Borough,1,Insufficiently Active,0,Inactive,Insufficiently Active minus Inactive,-0.11398294365243311,0.07226943582129296,0.022522487602065624,136.0,Kensington and Chelsea,E09000020
2024,2024/25,legacy_recovery,Borough,2,Active,0,Inactive,Active minus Inactive,-0.26678484568974814,0.16083061351054087,0.12453166593960412,139.0,Kingston upon Thames,E09000021
2024,2024/25,legacy_recovery,Borough,2,Active,1,Insufficiently Active,Active minus Insufficiently Active,-0.20081506814197148,0.0901163185477401,0.10275587776190834,139.0,Kingston upon Thames,E09000021
2024,2024/25,legacy_recovery,Borough,1,Insufficiently Active,0,Inactive,Insufficiently Active minus Inactive,-0.06596977754777666,0.07071429496280077,0.02177578817769577,139.0,Kingston upon Thames,E09000021
2024,2024/25,legacy_recovery,Borough,2,Active,0,Inactive,Active minus Inactive,-0.2665074412401307,0.18351796912934187,0.13165546054778968,142.0,Lambeth,E09000022
2024,2024/25,legacy_recovery,Borough,2,Active,1,Insufficiently Active,Active minus Insufficiently Active,-0.18311707198537097,0.1106107987888759,0.10930531509061005,142.0,Lambeth,E09000022
2024,2024/25,legacy_recovery,Borough,1,Insufficiently Active,0,Inactive,Insufficiently Active minus Inactive,-0.08339036925475973,0.07290717034046597,0.022350145457179636,142.0,Lambeth,E09000022
2024,2024/25,legacy_recovery,Borough,2,Active,0,Inactive,Active minus Inactive,-0.273502682834161,0.1853377932061582,0.13304729115538755,147.0,Lewisham,E09000023
2024,2024/25,legacy_recovery,Borough,2,Active,1,Insufficiently Active,Active minus Insufficiently Active,-0.18041681728560988,0.11319039615816473,0.11056729268495877,147.0,Lewisham,E09000023
2024,2024/25,legacy_recovery,Borough,1,Insufficiently Active,0,Inactive,Insufficiently Active minus Inactive,-0.09308586554855114,0.07214739704799347,0.022479998470428784,147.0,Lewisham,E09000023
2024,2024/25,legacy_recovery,Borough,2,Active,0,Inactive,Active minus Inactive,-0.2600559094553895,0.16088529182133496,0.12576734266933776,160.0,Merton,E09000024
2024,2024/25,legacy_recovery,Borough,2,Active,1,Insufficiently Active,Active minus Insufficiently Active,-0.19687494189035437,0.09019341821256446,0.10323195897074133,160.0,Merton,E09000024
2024,2024/25,legacy_recovery,Borough,1,Insufficiently Active,0,Inactive,Insufficiently Active minus Inactive,-0.0631809675650351,0.0706918736087705,0.022535383698596433,160.0,Merton,E09000024
2024,2024/25,legacy_recovery,Borough,2,Active,0,Inactive,Active minus Inactive,-0.3119020564736229,0.18262185806962203,0.13134393243026635,171.0,Newham,E09000025
2024,2024/25,legacy_recovery,Borough,2,Active,1,Insufficiently Active,Active minus Insufficiently Active,-0.17170503345881616,0.11037708581297243,0.10764196392172919,171.0,Newham,E09000025
2024,2024/25,legacy_recovery,Borough,1,Insufficiently Active,0,Inactive,Insufficiently Active minus Inactive,-0.14019702301480674,0.07224477225664962,0.023701968508537175,171.0,Newham,E09000025
2024,2024/25,legacy_recovery,Borough,2,Active,0,Inactive,Active minus Inactive,-0.28398335964595767,0.1608620727357513,0.12395386007224539,196.0,Redbridge,E09000026
2024,2024/25,legacy_recovery,Borough,2,Active,1,Insufficiently Active,Active minus Insufficiently Active,-0.20358553878707653,0.09007670375250344,0.10262374576988618,196.0,Redbridge,E09000026
2024,2024/25,legacy_recovery,Borough,1,Insufficiently Active,0,Inactive,Insufficiently Active minus Inactive,-0.08039782085888114,0.07078536898324785,0.021330114302359208,196.0,Redbridge,E09000026
2024,2024/25,legacy_recovery,Borough,2,Active,0,Inactive,Active minus Inactive,-0.25877268912650153,0.15838115865966487,0.12038871073117093,201.0,Richmond upon Thames,E09000027
2024,2024/25,legacy_recovery,Borough,2,Active,1,Insufficiently Active,Active minus Insufficiently Active,-0.20102673567952467,0.08679998682513516,0.09892244149191237,201.0,Richmond upon Thames,E09000027
2024,2024/25,legacy_recovery,Borough,1,Insufficiently Active,0,Inactive,Insufficiently Active minus Inactive,-0.05774595344697686,0.07158117183452971,0.021466269239258554,201.0,Richmond upon Thames,E09000027
2024,2024/25,legacy_recovery,Borough,2,Active,0,Inactive,Active minus Inactive,-0.25751868469718253,0.1830010856008822,0.13159140784732204,241.0,Southwark,E09000028
2024,2024/25,legacy_recovery,Borough,2,Active,1,Insufficiently Active,Active minus Insufficiently Active,-0.17952823529482753,0.11069069795632741,0.10891096801355803,241.0,Southwark,E09000028
2024,2024/25,legacy_recovery,Borough,1,Insufficiently Active,0,Inactive,Insufficiently Active minus Inactive,-0.077990449402355,0.07231038764455479,0.02268043983376402,241.0,Southwark,E09000028
2024,2024/25,legacy_recovery,Borough,2,Active,0,Inactive,Active minus Inactive,-0.2604385283672711,0.16047076548824363,0.1228058107931455,255.0,Sutton,E09000029
2024,2024/25,legacy_recovery,Borough,2,Active,1,Insufficiently Active,Active minus Insufficiently Active,-0.1980555304086249,0.08979645298141295,0.10105166030009882,255.0,Sutton,E09000029
2024,2024/25,legacy_recovery,Borough,1,Insufficiently Active,0,Inactive,Insufficiently Active minus Inactive,-0.062382997958646214,0.07067431250683068,0.021754150493046676,255.0,Sutton,E09000029
2024,2024/25,legacy_recovery,Borough,2,Active,0,Inactive,Active minus Inactive,-0.2664427023377458,0.18509431233722154,0.1327479954047406,272.0,Tower Hamlets,E09000030
2024,2024/25,legacy_recovery,Borough,2,Active,1,Insufficiently Active,Active minus Insufficiently Active,-0.17963503244419377,0.11285881144951679,0.11017671411512499,272.0,Tower Hamlets,E09000030
2024,2024/25,legacy_recovery,Borough,1,Insufficiently Active,0,Inactive,Insufficiently Active minus Inactive,-0.08680766989355204,0.07223550088770475,0.022571281289615625,272.0,Tower Hamlets,E09000030
2024,2024/25,legacy_recovery,Borough,2,Active,0,Inactive,Active minus Inactive,-0.26316034543307276,0.1606330693271297,0.1239484289632332,279.0,Waltham Forest,E09000031
2024,2024/25,legacy_recovery,Borough,2,Active,1,Insufficiently Active,Active minus Insufficiently Active,-0.19274815523810485,0.08999581953429044,0.10131212137874139,279.0,Waltham Forest,E09000031
2024,2024/25,legacy_recovery,Borough,1,Insufficiently Active,0,Inactive,Insufficiently Active minus Inactive,-0.07041219019496792,0.07063724979283928,0.02263630758449181,279.0,Waltham Forest,E09000031
2024,2024/25,legacy_recovery,Borough,2,Active,0,Inactive,Active minus Inactive,-0.27036861331849393,0.18519506325616283,0.13283115716924473,280.0,Wandsworth,E09000032
2024,2024/25,legacy_recovery,Borough,2,Active,1,Insufficiently Active,Active minus Insufficiently Active,-0.1738873375050065,0.11294955171584135,0.1095295185483472,280.0,Wandsworth,E09000032
2024,2024/25,legacy_recovery,Borough,1,Insufficiently Active,0,Inactive,Insufficiently Active minus Inactive,-0.09648127581348742,0.07224551154032148,0.023301638620897538,280.0,Wandsworth,E09000032
2024,2024/25,legacy_recovery,Borough,2,Active,0,Inactive,Active minus Inactive,-0.26403645307288537,0.18314568901647182,0.13156337684940458,293.0,Westminster,E09000033
2024,2024/25,legacy_recovery,Borough,2,Active,1,Insufficiently Active,Active minus Insufficiently Active,-0.17701972983809544,0.11075264796243285,0.10856934008721611,293.0,Westminster,E09000033
2024,2024/25,legacy_recovery,Borough,1,Insufficiently Active,0,Inactive,Insufficiently Active minus Inactive,-0.08701672323478993,0.07239304105403897,0.022994036762188457,293.0,Westminster,E09000033
2024,2024/25,persistent_legacy,Borough,2,Active,0,Inactive,Active minus Inactive,-0.21749437360480217,0.15966065163851406,0.13015928269558627,8.0,Barking and Dagenham,E09000002
2024,2024/25,persistent_legacy,Borough,2,Active,1,Insufficiently Active,Active minus Insufficiently Active,-0.20506575042491726,0.09023578637419427,0.10782699755248697,8.0,Barking and Dagenham,E09000002
2024,2024/25,persistent_legacy,Borough,1,Insufficiently Active,0,Inactive,Insufficiently Active minus Inactive,-0.012428623179884912,0.0694248652643198,0.02233228514309931,8.0,Barking and Dagenham,E09000002
2024,2024/25,persistent_legacy,Borough,2,Active,0,Inactive,Active minus Inactive,-0.28014153114606544,0.1611853555905599,0.13153127073068718,9.0,Barnet,E09000003
2024,2024/25,persistent_legacy,Borough,2,Active,1,Insufficiently Active,Active minus Insufficiently Active,-0.19937572650792013,0.0915810386271955,0.1083380750948074,9.0,Barnet,E09000003
2024,2024/25,persistent_legacy,Borough,1,Insufficiently Active,0,Inactive,Insufficiently Active minus Inactive,-0.08076580463814531,0.06960431696336442,0.023193195635879783,9.0,Barnet,E09000003
2024,2024/25,persistent_legacy,Borough,2,Active,0,Inactive,Active minus Inactive,-0.2687851617131318,0.15627273290293056,0.1239913025700326,17.0,Bexley,E09000004
2024,2024/25,persistent_legacy,Borough,2,Active,1,Insufficiently Active,Active minus Insufficiently Active,-0.19744648165577683,0.08647426290116755,0.10135943548827776,17.0,Bexley,E09000004
2024,2024/25,persistent_legacy,Borough,1,Insufficiently Active,0,Inactive,Insufficiently Active minus Inactive,-0.071338680057355,0.06979847000176301,0.022631867081754842,17.0,Bexley,E09000004
2024,2024/25,persistent_legacy,Borough,2,Active,0,Inactive,Active minus Inactive,-0.32455289830758216,0.16058270702767863,0.13109839127910689,30.0,Brent,E09000005
2024,2024/25,persistent_legacy,Borough,2,Active,1,Insufficiently Active,Active minus Insufficiently Active,-0.2112345608586521,0.09042279583113232,0.10914688971868652,30.0,Brent,E09000005
2024,2024/25,persistent_legacy,Borough,1,Insufficiently Active,0,Inactive,Insufficiently Active minus Inactive,-0.11331833744893005,0.07015991119654631,0.021951501560420358,30.0,Brent,E09000005
2024,2024/25,persistent_legacy,Borough,2,Active,0,Inactive,Active minus Inactive,-0.2848371501370677,0.16128798532302593,0.13430694444939448,35.0,Bromley,E09000006
2024,2024/25,persistent_legacy,Borough,2,Active,1,Insufficiently Active,Active minus Insufficiently Active,-0.21287415255488618,0.09117315507245895,0.11199746223642705,35.0,Bromley,E09000006
2024,2024/25,persistent_legacy,Borough,1,Insufficiently Active,0,Inactive,Insufficiently Active minus Inactive,-0.0719629975821815,0.07011483025056699,0.02230948221296742,35.0,Bromley,E09000006
2024,2024/25,persistent_legacy,Borough,2,Active,0,Inactive,Active minus Inactive,-0.28976477464259787,0.19104889332700048,0.14547083783019246,44.0,Camden,E09000007
2024,2024/25,persistent_legacy,Borough,2,Active,1,Insufficiently Active,Active minus Insufficiently Active,-0.17631954471195077,0.12021635424405781,0.1210779302490199,44.0,Camden,E09000007
2024,2024/25,persistent_legacy,Borough,1,Insufficiently Active,0,Inactive,Insufficiently Active minus Inactive,-0.1134452299306471,0.07083253908294267,0.02439290758117256,44.0,Camden,E09000007
2024,2024/25,persistent_legacy,Borough,2,Active,0,Inactive,Active minus Inactive,-0.3024042373440665,0.1607765652536612,0.13109423518911437,68.0,Croydon,E09000008
2024,2024/25,persistent_legacy,Borough,2,Active,1,Insufficiently Active,Active minus Insufficiently Active,-0.20570660105451322,0.09090591063037795,0.10861045263607888,68.0,Croydon,E09000008
2024,2024/25,persistent_legacy,Borough,1,Insufficiently Active,0,Inactive,Insufficiently Active minus Inactive,-0.0966976362895533,0.06987065462328326,0.02248378255303548,68.0,Croydon,E09000008
2024,2024/25,persistent_legacy,Borough,2,Active,0,Inactive,Active minus Inactive,-0.312498629646241,0.16177818437769292,0.1341617836892498,78.0,Ealing,E09000009
2024,2024/25,persistent_legacy,Borough,2,Active,1,Insufficiently Active,Active minus Insufficiently Active,-0.20411998742233417,0.09171899967915322,0.11089849583374553,78.0,Ealing,E09000009
2024,2024/25,persistent_legacy,Borough,1,Insufficiently Active,0,Inactive,Insufficiently Active minus Inactive,-0.10837864222390681,0.07005918469853971,0.023263287855504276,78.0,Ealing,E09000009
2024,2024/25,persistent_legacy,Borough,2,Active,0,Inactive,Active minus Inactive,-0.32375468283400854,0.16106113798033403,0.13323043065577372,91.0,Enfield,E09000010
2024,2024/25,persistent_legacy,Borough,2,Active,1,Insufficiently Active,Active minus Insufficiently Active,-0.20266455484984858,0.09173722166765802,0.11009784057768016,91.0,Enfield,E09000010
2024,2024/25,persistent_legacy,Borough,1,Insufficiently Active,0,Inactive,Insufficiently Active minus Inactive,-0.12109012798415997,0.06932391631267602,0.023132590078093564,91.0,Enfield,E09000010
2024,2024/25,persistent_legacy,Borough,2,Active,0,Inactive,Active minus Inactive,-0.28493997184426023,0.16085262927896285,0.13302516440177756,107.0,Greenwich,E09000011
2024,2024/25,persistent_legacy,Borough,2,Active,1,Insufficiently Active,Active minus Insufficiently Active,-0.20738796680992844,0.09116485803103411,0.11038561339119078,107.0,Greenwich,E09000011
2024,2024/25,persistent_legacy,Borough,1,Insufficiently Active,0,Inactive,Insufficiently Active minus Inactive,-0.0775520050343318,0.06968777124792874,0.022639551010586782,107.0,Greenwich,E09000011
2024,2024/25,persistent_legacy,Borough,2,Active,0,Inactive,Active minus Inactive,-0.32245443293928056,0.190375575674555,0.14495153661952137,109.0,Hackney,E09000012
2024,2024/25,persistent_legacy,Borough,2,Active,1,Insufficiently Active,Active minus Insufficiently Active,-0.18815141839156224,0.11931682898242038,0.12195609058970362,109.0,Hackney,E09000012
2024,2024/25,persistent_legacy,Borough,1,Insufficiently Active,0,Inactive,Insufficiently Active minus Inactive,-0.1343030145477183,0.07105874669213459,0.022995446029817748,109.0,Hackney,E09000012
2024,2024/25,persistent_legacy,Borough,2,Active,0,Inactive,Active minus Inactive,-0.2904905187439625,0.1883803425366356,0.14382621867954754,112.0,Hammersmith and Fulham,E09000013
2024,2024/25,persistent_legacy,Borough,2,Active,1,Insufficiently Active,Active minus Insufficiently Active,-0.17649304928639342,0.11749749291181828,0.11935003895225257,112.0,Hammersmith and Fulham,E09000013
2024,2024/25,persistent_legacy,Borough,1,Insufficiently Active,0,Inactive,Insufficiently Active minus Inactive,-0.11399746945756906,0.07088284962481732,0.02447617972729495,112.0,Hammersmith and Fulham,E09000013
2024,2024/25,persistent_legacy,Borough,2,Active,0,Inactive,Active minus Inactive,-0.3275268915030728,0.19050937602075615,0.14491525352788182,114.0,Haringey,E09000014
2024,2024/25,persistent_legacy,Borough,2,Active,1,Insufficiently Active,Active minus Insufficiently Active,-0.18517628118748575,0.11932104490070672,0.12151949063379656,114.0,Haringey,E09000014
2024,2024/25,persistent_legacy,Borough,1,Insufficiently Active,0,Inactive,Insufficiently Active minus Inactive,-0.14235061031558705,0.07118833112004944,0.023395762894085258,114.0,Haringey,E09000014
2024,2024/25,persistent_legacy,Borough,2,Active,0,Inactive,Active minus Inactive,-0.2722856285564148,0.1586038805009695,0.12793938999951002,117.0,Harrow,E09000015
2024,2024/25,persistent_legacy,Borough,2,Active,1,Insufficiently Active,Active minus Insufficiently Active,-0.19871502215290737,0.08904549354397705,0.10503831024598889,117.0,Harrow,E09000015
2024,2024/25,persistent_legacy,Borough,1,Insufficiently Active,0,Inactive,Insufficiently Active minus Inactive,-0.07357060640350743,0.06955838695699246,0.022901079753521115,117.0,Harrow,E09000015
2024,2024/25,persistent_legacy,Borough,2,Active,0,Inactive,Active minus Inactive,-0.32939704872061504,0.15681599948732738,0.12461648574686943,122.0,Havering,E09000016
2024,2024/25,persistent_legacy,Borough,2,Active,1,Insufficiently Active,Active minus Insufficiently Active,-0.2001366210529405,0.08682285258071377,0.10217596308473444,122.0,Havering,E09000016
2024,2024/25,persistent_legacy,Borough,1,Insufficiently Active,0,Inactive,Insufficiently Active minus Inactive,-0.12926042766767454,0.06999314690661361,0.022440522662134987,122.0,Havering,E09000016
2024,2024/25,persistent_legacy,Borough,2,Active,0,Inactive,Active minus Inactive,-0.3012461819582811,0.15573450235204014,0.12215096892911069,126.0,Hillingdon,E09000017
2024,2024/25,persistent_legacy,Borough,2,Active,1,Insufficiently Active,Active minus Insufficiently Active,-0.1938746574709368,0.0860499662578705,0.09944733666219957,126.0,Hillingdon,E09000017
2024,2024/25,persistent_legacy,Borough,1,Insufficiently Active,0,Inactive,Insufficiently Active minus Inactive,-0.10737152448734433,0.06968453609416965,0.022703632266911116,126.0,Hillingdon,E09000017
2024,2024/25,persistent_legacy,Borough,2,Active,0,Inactive,Active minus Inactive,-0.27313468694057097,0.15660938530334448,0.12437070373992844,129.0,Hounslow,E09000018
2024,2024/25,persistent_legacy,Borough,2,Active,1,Insufficiently Active,Active minus Insufficiently Active,-0.19197784283350305,0.0870719351625933,0.10111851782922365,129.0,Hounslow,E09000018
2024,2024/25,persistent_legacy,Borough,1,Insufficiently Active,0,Inactive,Insufficiently Active minus Inactive,-0.08115684410706792,0.06953745014075119,0.023252185910704774,129.0,Hounslow,E09000018
2024,2024/25,persistent_legacy,Borough,2,Active,0,Inactive,Active minus Inactive,-0.2957279323709685,0.19107097352494562,0.1455507006706901,135.0,Islington,E09000019
2024,2024/25,persistent_legacy,Borough,2,Active,1,Insufficiently Active,Active minus Insufficiently Active,-0.17592356803845355,0.12039254922347913,0.12113037037593787,135.0,Islington,E09000019
2024,2024/25,persistent_legacy,Borough,1,Insufficiently Active,0,Inactive,Insufficiently Active minus Inactive,-0.11980436433251496,0.07067842430146651,0.02442033029475223,135.0,Islington,E09000019
2024,2024/25,persistent_legacy,Borough,2,Active,0,Inactive,Active minus Inactive,-0.31942867683847664,0.18868954903710247,0.14384889972635165,136.0,Kensington and Chelsea,E09000020
2024,2024/25,persistent_legacy,Borough,2,Active,1,Insufficiently Active,Active minus Insufficiently Active,-0.18646022647145,0.1176475134029666,0.12061348035828172,136.0,Kensington and Chelsea,E09000020
2024,2024/25,persistent_legacy,Borough,1,Insufficiently Active,0,Inactive,Insufficiently Active minus Inactive,-0.13296845036702665,0.07104203563413586,0.023235419368069922,136.0,Kensington and Chelsea,E09000020
2024,2024/25,persistent_legacy,Borough,2,Active,0,Inactive,Active minus Inactive,-0.2844662775620158,0.16155122285132312,0.13369242895356062,139.0,Kingston upon Thames,E09000021
2024,2024/25,persistent_legacy,Borough,2,Active,1,Insufficiently Active,Active minus Insufficiently Active,-0.20413041428196999,0.09203210358047775,0.11068912547774738,139.0,Kingston upon Thames,E09000021
2024,2024/25,persistent_legacy,Borough,1,Insufficiently Active,0,Inactive,Insufficiently Active minus Inactive,-0.08033586328004583,0.06951911927084536,0.023003303475813246,139.0,Kingston upon Thames,E09000021
2024,2024/25,persistent_legacy,Borough,2,Active,0,Inactive,Active minus Inactive,-0.2939809304533433,0.18759431591439857,0.14322125016520443,142.0,Lambeth,E09000022
2024,2024/25,persistent_legacy,Borough,2,Active,1,Insufficiently Active,Active minus Insufficiently Active,-0.1893699312006547,0.11601183010480311,0.12015038659481975,142.0,Lambeth,E09000022
2024,2024/25,persistent_legacy,Borough,1,Insufficiently Active,0,Inactive,Insufficiently Active minus Inactive,-0.10461099925268857,0.07158248580959546,0.023070863570384695,142.0,Lambeth,E09000022
2024,2024/25,persistent_legacy,Borough,2,Active,0,Inactive,Active minus Inactive,-0.3282987049482686,0.19094182957128916,0.1454215913704282,147.0,Lewisham,E09000023
2024,2024/25,persistent_legacy,Borough,2,Active,1,Insufficiently Active,Active minus Insufficiently Active,-0.18227939883664845,0.12021826786570441,0.12177204554648816,147.0,Lewisham,E09000023
2024,2024/25,persistent_legacy,Borough,1,Insufficiently Active,0,Inactive,Insufficiently Active minus Inactive,-0.14601930611162017,0.07072356170558473,0.023649545823940042,147.0,Lewisham,E09000023
2024,2024/25,persistent_legacy,Borough,2,Active,0,Inactive,Active minus Inactive,-0.2914860449210833,0.16091150322994208,0.1354879735021711,160.0,Merton,E09000024
2024,2024/25,persistent_legacy,Borough,2,Active,1,Insufficiently Active,Active minus Insufficiently Active,-0.20707219654110753,0.09161449136751151,0.11238964993764823,160.0,Merton,E09000024
2024,2024/25,persistent_legacy,Borough,1,Insufficiently Active,0,Inactive,Insufficiently Active minus Inactive,-0.08441384837997579,0.06929701186243056,0.02309832356452287,160.0,Merton,E09000024
2024,2024/25,persistent_legacy,Borough,2,Active,0,Inactive,Active minus Inactive,-0.33368054514030543,0.18747675416378048,0.1436005724543417,171.0,Newham,E09000025
2024,2024/25,persistent_legacy,Borough,2,Active,1,Insufficiently Active,Active minus Insufficiently Active,-0.17909349728950985,0.11639156070735061,0.11923808633353211,171.0,Newham,E09000025
2024,2024/25,persistent_legacy,Borough,1,Insufficiently Active,0,Inactive,Insufficiently Active minus Inactive,-0.15458704785079558,0.07108519345642988,0.0243624861208096,171.0,Newham,E09000025
2024,2024/25,persistent_legacy,Borough,2,Active,0,Inactive,Active minus Inactive,-0.30641794571824355,0.16119221981346837,0.13358200560743744,196.0,Redbridge,E09000026
2024,2024/25,persistent_legacy,Borough,2,Active,1,Insufficiently Active,Active minus Insufficiently Active,-0.21155777403377252,0.09149722306739559,0.11137893663990256,196.0,Redbridge,E09000026
2024,2024/25,persistent_legacy,Borough,1,Insufficiently Active,0,Inactive,Insufficiently Active minus Inactive,-0.09486017168447103,0.06969499674607278,0.022203068967534864,196.0,Redbridge,E09000026
2024,2024/25,persistent_legacy,Borough,2,Active,0,Inactive,Active minus Inactive,-0.2806554827877946,0.16031339739532943,0.13090781908732474,201.0,Richmond upon Thames,E09000027
2024,2024/25,persistent_legacy,Borough,2,Active,1,Insufficiently Active,Active minus Insufficiently Active,-0.20933661676770787,0.08994417663992005,0.10867476432640186,201.0,Richmond upon Thames,E09000027
2024,2024/25,persistent_legacy,Borough,1,Insufficiently Active,0,Inactive,Insufficiently Active minus Inactive,-0.07131886602008675,0.07036922075540937,0.02223305476092289,201.0,Richmond upon Thames,E09000027
2024,2024/25,persistent_legacy,Borough,2,Active,0,Inactive,Active minus Inactive,-0.27779655416119753,0.18821886124703388,0.14356577492419323,241.0,Southwark,E09000028
2024,2024/25,persistent_legacy,Borough,2,Active,1,Insufficiently Active,Active minus Insufficiently Active,-0.18533676116270348,0.11703832062322243,0.12016164380991219,241.0,Southwark,E09000028
2024,2024/25,persistent_legacy,Borough,1,Insufficiently Active,0,Inactive,Insufficiently Active minus Inactive,-0.09245979299849405,0.07118054062381145,0.023404131114281038,241.0,Southwark,E09000028
2024,2024/25,persistent_legacy,Borough,2,Active,0,Inactive,Active minus Inactive,-0.2800128639421109,0.16119061329296466,0.13146712085519427,255.0,Sutton,E09000029
2024,2024/25,persistent_legacy,Borough,2,Active,1,Insufficiently Active,Active minus Insufficiently Active,-0.2031463095353807,0.09153646815675107,0.10873962028967141,255.0,Sutton,E09000029
2024,2024/25,persistent_legacy,Borough,1,Insufficiently Active,0,Inactive,Insufficiently Active minus Inactive,-0.07686655440673018,0.0696541451362136,0.02272750056552287,255.0,Sutton,E09000029
2024,2024/25,persistent_legacy,Borough,2,Active,0,Inactive,Active minus Inactive,-0.29327044103740985,0.19038659534046892,0.14492615765567543,272.0,Tower Hamlets,E09000030
2024,2024/25,persistent_legacy,Borough,2,Active,1,Insufficiently Active,Active minus Insufficiently Active,-0.18556678479343702,0.1193243660894088,0.12163342247862188,272.0,Tower Hamlets,E09000030
2024,2024/25,persistent_legacy,Borough,1,Insufficiently Active,0,Inactive,Insufficiently Active minus Inactive,-0.10770365624397282,0.07106222925106012,0.02329273517705356,272.0,Tower Hamlets,E09000030
2024,2024/25,persistent_legacy,Borough,2,Active,0,Inactive,Active minus Inactive,-0.29171010041840284,0.16129828156822817,0.1321731923411943,279.0,Waltham Forest,E09000031
2024,2024/25,persistent_legacy,Borough,2,Active,1,Insufficiently Active,Active minus Insufficiently Active,-0.19853552652286532,0.09185407927719103,0.10879619169751444,279.0,Waltham Forest,E09000031
2024,2024/25,persistent_legacy,Borough,1,Insufficiently Active,0,Inactive,Insufficiently Active minus Inactive,-0.09317457389553752,0.06944420229103715,0.023377000643679854,279.0,Waltham Forest,E09000031
2024,2024/25,persistent_legacy,Borough,2,Active,0,Inactive,Active minus Inactive,-0.2898349592088496,0.19105124875999274,0.1454712766651809,280.0,Wandsworth,E09000032
2024,2024/25,persistent_legacy,Borough,2,Active,1,Insufficiently Active,Active minus Insufficiently Active,-0.17983313188005046,0.11972724609761086,0.12136330117556442,280.0,Wandsworth,E09000032
2024,2024/25,persistent_legacy,Borough,1,Insufficiently Active,0,Inactive,Insufficiently Active minus Inactive,-0.11000182732879915,0.0713240026623819,0.024107975489616466,280.0,Wandsworth,E09000032
2024,2024/25,persistent_legacy,Borough,2,Active,0,Inactive,Active minus Inactive,-0.2781602964305536,0.18807369162244483,0.14370802600850185,293.0,Westminster,E09000033
2024,2024/25,persistent_legacy,Borough,2,Active,1,Insufficiently Active,Active minus Insufficiently Active,-0.1842484177993674,0.11686608270741988,0.12010313706452144,293.0,Westminster,E09000033
2024,2024/25,persistent_legacy,Borough,1,Insufficiently Active,0,Inactive,Insufficiently Active minus Inactive,-0.09391187863118622,0.07120760891502495,0.02360488894398041,293.0,Westminster,E09000033
2025,2025/26,legacy_recovery,Borough,2,Active,0,Inactive,Active minus Inactive,-0.2583040596370184,0.15862539582432766,0.12132947631128757,8.0,Barking and Dagenham,E09000002
2025,2025/26,legacy_recovery,Borough,2,Active,1,Insufficiently Active,Active minus Insufficiently Active,-0.19191424139400592,0.08767177388526327,0.09875208126401964,8.0,Barking and Dagenham,E09000002
2025,2025/26,legacy_recovery,Borough,1,Insufficiently Active,0,Inactive,Insufficiently Active minus Inactive,-0.06638981824301249,0.07095362193906439,0.02257739504726793,8.0,Barking and Dagenham,E09000002
2025,2025/26,legacy_recovery,Borough,2,Active,0,Inactive,Active minus Inactive,-0.2615644421345219,0.15839853831354794,0.12156748500628779,9.0,Barnet,E09000003
2025,2025/26,legacy_recovery,Borough,2,Active,1,Insufficiently Active,Active minus Insufficiently Active,-0.19293376424805375,0.08766805936361863,0.09908991785570269,9.0,Barnet,E09000003
2025,2025/26,legacy_recovery,Borough,1,Insufficiently Active,0,Inactive,Insufficiently Active minus Inactive,-0.06863067788646815,0.07073047894992933,0.022477567150585107,9.0,Barnet,E09000003
2025,2025/26,legacy_recovery,Borough,2,Active,0,Inactive,Active minus Inactive,-0.2814367351801025,0.15835872625170216,0.12051132119935914,17.0,Bexley,E09000004
2025,2025/26,legacy_recovery,Borough,2,Active,1,Insufficiently Active,Active minus Insufficiently Active,-0.19137322699246895,0.08712048471891706,0.09792327479132118,17.0,Bexley,E09000004
2025,2025/26,legacy_recovery,Borough,1,Insufficiently Active,0,Inactive,Insufficiently Active minus Inactive,-0.09006350818763353,0.07123824153278509,0.022588046408037958,17.0,Bexley,E09000004
2025,2025/26,legacy_recovery,Borough,2,Active,0,Inactive,Active minus Inactive,-0.2536252687898848,0.1586572941665766,0.12124206322972289,30.0,Brent,E09000005
2025,2025/26,legacy_recovery,Borough,2,Active,1,Insufficiently Active,Active minus Insufficiently Active,-0.19167939180211013,0.0877156218828244,0.09866945811722826,30.0,Brent,E09000005
2025,2025/26,legacy_recovery,Borough,1,Insufficiently Active,0,Inactive,Insufficiently Active minus Inactive,-0.06194587698777465,0.07094167228375219,0.022572605112494638,30.0,Brent,E09000005
2025,2025/26,legacy_recovery,Borough,2,Active,0,Inactive,Active minus Inactive,-0.2851356438079137,0.15988639161421925,0.12325410006795352,35.0,Bromley,E09000006
2025,2025/26,legacy_recovery,Borough,2,Active,1,Insufficiently Active,Active minus Insufficiently Active,-0.19369037811583822,0.08903676315258542,0.10068313313418985,35.0,Bromley,E09000006
2025,2025/26,legacy_recovery,Borough,1,Insufficiently Active,0,Inactive,Insufficiently Active minus Inactive,-0.09144526569207545,0.07084962846163381,0.022570966933763682,35.0,Bromley,E09000006
2025,2025/26,legacy_recovery,Borough,2,Active,0,Inactive,Active minus Inactive,-0.17232972158994553,0.1829961479752077,0.13151770421753603,44.0,Camden,E09000007
2025,2025/26,legacy_recovery,Borough,2,Active,1,Insufficiently Active,Active minus Insufficiently Active,-0.17061395335298157,0.11114653086117657,0.10793865954189891,44.0,Camden,E09000007
2025,2025/26,legacy_recovery,Borough,1,Insufficiently Active,0,Inactive,Insufficiently Active minus Inactive,-0.0017157682369639549,0.07184961711403114,0.02357904467563713,44.0,Camden,E09000007
2025,2025/26,legacy_recovery,Borough,2,Active,0,Inactive,Active minus Inactive,-0.25766601161480396,0.15861513232821045,0.12161052827983482,68.0,Croydon,E09000008
2025,2025/26,legacy_recovery,Borough,2,Active,1,Insufficiently Active,Active minus Insufficiently Active,-0.19293376424805375,0.08766805936361863,0.09908991785570269,68.0,Croydon,E09000008
2025,2025/26,legacy_recovery,Borough,1,Insufficiently Active,0,Inactive,Insufficiently Active minus Inactive,-0.0647322473667502,0.07094707296459182,0.02252061042413213,68.0,Croydon,E09000008
2025,2025/26,legacy_recovery,Borough,2,Active,0,Inactive,Active minus Inactive,-0.25754945551940767,0.15993087443893508,0.12335972302642763,78.0,Ealing,E09000009
2025,2025/26,legacy_recovery,Borough,2,Active,1,Insufficiently Active,Active minus Insufficiently Active,-0.19424072527388958,0.08923170634708516,0.10090408628886885,78.0,Ealing,E09000009
2025,2025/26,legacy_recovery,Borough,1,Insufficiently Active,0,Inactive,Insufficiently Active minus Inactive,-0.06330873024551809,0.07069916809184992,0.022455636737558776,78.0,Ealing,E09000009
2025,2025/26,legacy_recovery,Borough,2,Active,0,Inactive,Active minus Inactive,-0.25702208121376613,0.15985134228139317,0.12309812951392743,91.0,Enfield,E09000010
2025,2025/26,legacy_recovery,Borough,2,Active,1,Insufficiently Active,Active minus Insufficiently Active,-0.19408567345243188,0.08893105979498714,0.1005950279451124,91.0,Enfield,E09000010
2025,2025/26,legacy_recovery,Borough,1,Insufficiently Active,0,Inactive,Insufficiently Active minus Inactive,-0.06293640776133425,0.07092028248640603,0.022503101568815038,91.0,Enfield,E09000010
2025,2025/26,legacy_recovery,Borough,2,Active,0,Inactive,Active minus Inactive,-0.2689955703271948,0.15975139930291907,0.12283762652037791,107.0,Greenwich,E09000011
2025,2025/26,legacy_recovery,Borough,2,Active,1,Insufficiently Active,Active minus Insufficiently Active,-0.19371061941225776,0.08882773954707185,0.10032783833018426,107.0,Greenwich,E09000011
2025,2025/26,legacy_recovery,Borough,1,Insufficiently Active,0,Inactive,Insufficiently Active minus Inactive,-0.07528495091493703,0.0709236597558472,0.022509788190193652,107.0,Greenwich,E09000011
2025,2025/26,legacy_recovery,Borough,2,Active,0,Inactive,Active minus Inactive,-0.24982289957962633,0.18324289735177063,0.1316487287573597,109.0,Hackney,E09000012
2025,2025/26,legacy_recovery,Borough,2,Active,1,Insufficiently Active,Active minus Insufficiently Active,-0.17013452085866188,0.11118612529448234,0.10789032638030403,109.0,Hackney,E09000012
2025,2025/26,legacy_recovery,Borough,1,Insufficiently Active,0,Inactive,Insufficiently Active minus Inactive,-0.07968837872096446,0.07205677205728828,0.023758402377055676,109.0,Hackney,E09000012
2025,2025/26,legacy_recovery,Borough,2,Active,0,Inactive,Active minus Inactive,-0.21074106308746,0.18258659717183964,0.13136139710992145,112.0,Hammersmith and Fulham,E09000013
2025,2025/26,legacy_recovery,Borough,2,Active,1,Insufficiently Active,Active minus Insufficiently Active,-0.16996113325200402,0.11080092615251677,0.10765850711634654,112.0,Hammersmith and Fulham,E09000013
2025,2025/26,legacy_recovery,Borough,1,Insufficiently Active,0,Inactive,Insufficiently Active minus Inactive,-0.040779929835455975,0.07178567101932287,0.023702889993574918,112.0,Hammersmith and Fulham,E09000013
2025,2025/26,legacy_recovery,Borough,2,Active,0,Inactive,Active minus Inactive,-0.3100661035554704,0.18297694463759223,0.13165005252404133,114.0,Haringey,E09000014
2025,2025/26,legacy_recovery,Borough,2,Active,1,Insufficiently Active,Active minus Insufficiently Active,-0.1706417570505404,0.1112175185854855,0.10796550630398699,114.0,Haringey,E09000014
2025,2025/26,legacy_recovery,Borough,1,Insufficiently Active,0,Inactive,Insufficiently Active minus Inactive,-0.13942434650492996,0.07175942605210675,0.02368454622005434,114.0,Haringey,E09000014
2025,2025/26,legacy_recovery,Borough,2,Active,0,Inactive,Active minus Inactive,-0.28276981203375473,0.15853153837512535,0.12130007460996439,117.0,Harrow,E09000015
2025,2025/26,legacy_recovery,Borough,2,Active,1,Insufficiently Active,Active minus Insufficiently Active,-0.19236434023380655,0.08770789507542179,0.09880090465795405,117.0,Harrow,E09000015
2025,2025/26,legacy_recovery,Borough,1,Insufficiently Active,0,Inactive,Insufficiently Active minus Inactive,-0.09040547179994818,0.07082364329970355,0.02249916995201034,117.0,Harrow,E09000015
2025,2025/26,legacy_recovery,Borough,2,Active,0,Inactive,Active minus Inactive,-0.26099344152632753,0.1579184750638063,0.12015193240892733,122.0,Havering,E09000016
2025,2025/26,legacy_recovery,Borough,2,Active,1,Insufficiently Active,Active minus Insufficiently Active,-0.19086250659990156,0.08722139750563082,0.09769117115597048,122.0,Havering,E09000016
2025,2025/26,legacy_recovery,Borough,1,Insufficiently Active,0,Inactive,Insufficiently Active minus Inactive,-0.07013093492642597,0.07069707755817549,0.022460761252956853,122.0,Havering,E09000016
2025,2025/26,legacy_recovery,Borough,2,Active,0,Inactive,Active minus Inactive,-0.25966431409092505,0.15669777735558624,0.11853613855765337,126.0,Hillingdon,E09000017
2025,2025/26,legacy_recovery,Borough,2,Active,1,Insufficiently Active,Active minus Insufficiently Active,-0.18937363680998176,0.0859735474300144,0.09605850302516646,126.0,Hillingdon,E09000017
2025,2025/26,legacy_recovery,Borough,1,Insufficiently Active,0,Inactive,Insufficiently Active minus Inactive,-0.07029067728094329,0.07072422992557184,0.02247763553248691,126.0,Hillingdon,E09000017
2025,2025/26,legacy_recovery,Borough,2,Active,0,Inactive,Active minus Inactive,-0.29520789838029016,0.1571352922827425,0.11914028498780528,129.0,Hounslow,E09000018
2025,2025/26,legacy_recovery,Borough,2,Active,1,Insufficiently Active,Active minus Insufficiently Active,-0.18989707619999419,0.08639790233121436,0.09663297940302314,129.0,Hounslow,E09000018
2025,2025/26,legacy_recovery,Borough,1,Insufficiently Active,0,Inactive,Insufficiently Active minus Inactive,-0.10531082218029597,0.07073738995152815,0.022507305584782138,129.0,Hounslow,E09000018
2025,2025/26,legacy_recovery,Borough,2,Active,0,Inactive,Active minus Inactive,-0.31075429514864494,0.18297031906311448,0.1316498443620869,135.0,Islington,E09000019
2025,2025/26,legacy_recovery,Borough,2,Active,1,Insufficiently Active,Active minus Insufficiently Active,-0.17061395335298157,0.11114653086117657,0.10793865954189891,135.0,Islington,E09000019
2025,2025/26,legacy_recovery,Borough,1,Insufficiently Active,0,Inactive,Insufficiently Active minus Inactive,-0.14014034179566337,0.07182378820193792,0.023711184820187997,135.0,Islington,E09000019
2025,2025/26,legacy_recovery,Borough,2,Active,0,Inactive,Active minus Inactive,-0.2515241142534179,0.1829688411416549,0.13148805245893694,136.0,Kensington and Chelsea,E09000020
2025,2025/26,legacy_recovery,Borough,2,Active,1,Insufficiently Active,Active minus Insufficiently Active,-0.1707168998127716,0.11093244499078893,0.10780166856724865,136.0,Kensington and Chelsea,E09000020
2025,2025/26,legacy_recovery,Borough,1,Insufficiently Active,0,Inactive,Insufficiently Active minus Inactive,-0.08080721444064631,0.07203639615086596,0.023686383891688274,136.0,Kensington and Chelsea,E09000020
2025,2025/26,legacy_recovery,Borough,2,Active,0,Inactive,Active minus Inactive,-0.2952204039841003,0.1597177180555978,0.12311592310863807,139.0,Kingston upon Thames,E09000021
2025,2025/26,legacy_recovery,Borough,2,Active,1,Insufficiently Active,Active minus Insufficiently Active,-0.19357931830268194,0.08893591722767193,0.10054986546641477,139.0,Kingston upon Thames,E09000021
2025,2025/26,legacy_recovery,Borough,1,Insufficiently Active,0,Inactive,Insufficiently Active minus Inactive,-0.10164108568141839,0.07078180082792589,0.022566057642223313,139.0,Kingston upon Thames,E09000021
2025,2025/26,legacy_recovery,Borough,2,Active,0,Inactive,Active minus Inactive,-0.31075429514864494,0.18297031906311448,0.1316498443620869,142.0,Lambeth,E09000022
2025,2025/26,legacy_recovery,Borough,2,Active,1,Insufficiently Active,Active minus Insufficiently Active,-0.17003964815043948,0.11114793492689042,0.10786561094532492,142.0,Lambeth,E09000022
2025,2025/26,legacy_recovery,Borough,1,Insufficiently Active,0,Inactive,Insufficiently Active minus Inactive,-0.14071464699820546,0.07182238413622408,0.023784233416761995,142.0,Lambeth,E09000022
2025,2025/26,legacy_recovery,Borough,2,Active,0,Inactive,Active minus Inactive,-0.3100661035554704,0.18297694463759223,0.13165005252404133,147.0,Lewisham,E09000023
2025,2025/26,legacy_recovery,Borough,2,Active,1,Insufficiently Active,Active minus Insufficiently Active,-0.1706417570505404,0.1112175185854855,0.10796550630398699,147.0,Lewisham,E09000023
2025,2025/26,legacy_recovery,Borough,1,Insufficiently Active,0,Inactive,Insufficiently Active minus Inactive,-0.13942434650492996,0.07175942605210675,0.02368454622005434,147.0,Lewisham,E09000023
2025,2025/26,legacy_recovery,Borough,2,Active,0,Inactive,Active minus Inactive,-0.2920446186263259,0.16051094951924225,0.12371404284065454,160.0,Merton,E09000024
2025,2025/26,legacy_recovery,Borough,2,Active,1,Insufficiently Active,Active minus Insufficiently Active,-0.19410369532059013,0.08972848770437589,0.10121726615927737,160.0,Merton,E09000024
2025,2025/26,legacy_recovery,Borough,1,Insufficiently Active,0,Inactive,Insufficiently Active minus Inactive,-0.09794092330573578,0.07078246181486637,0.02249677668137717,160.0,Merton,E09000024
2025,2025/26,legacy_recovery,Borough,2,Active,0,Inactive,Active minus Inactive,-0.24683681308245642,0.18293744063153247,0.13139128946986292,171.0,Newham,E09000025
2025,2025/26,legacy_recovery,Borough,2,Active,1,Insufficiently Active,Active minus Insufficiently Active,-0.1708510712895439,0.11074616684975651,0.10769085804341424,171.0,Newham,E09000025
2025,2025/26,legacy_recovery,Borough,1,Insufficiently Active,0,Inactive,Insufficiently Active minus Inactive,-0.07598574179291251,0.07219127378177598,0.023700431426448683,171.0,Newham,E09000025
2025,2025/26,legacy_recovery,Borough,2,Active,0,Inactive,Active minus Inactive,-0.2581484968569079,0.1597034152516549,0.12280820403117053,196.0,Redbridge,E09000026
2025,2025/26,legacy_recovery,Borough,2,Active,1,Insufficiently Active,Active minus Insufficiently Active,-0.19394579666375777,0.08876758609067746,0.10032607258501618,196.0,Redbridge,E09000026
2025,2025/26,legacy_recovery,Borough,1,Insufficiently Active,0,Inactive,Insufficiently Active minus Inactive,-0.06420270019315011,0.07093582916097743,0.02248213144615436,196.0,Redbridge,E09000026
2025,2025/26,legacy_recovery,Borough,2,Active,0,Inactive,Active minus Inactive,-0.2602623057799739,0.15844119279255453,0.12095626819786486,201.0,Richmond upon Thames,E09000027
2025,2025/26,legacy_recovery,Borough,2,Active,1,Insufficiently Active,Active minus Insufficiently Active,-0.19118569464271618,0.08771428961014911,0.09842467040681278,201.0,Richmond upon Thames,E09000027
2025,2025/26,legacy_recovery,Borough,1,Insufficiently Active,0,Inactive,Insufficiently Active minus Inactive,-0.06907661113725772,0.07072690318240543,0.02253159779105208,201.0,Richmond upon Thames,E09000027
2025,2025/26,legacy_recovery,Borough,2,Active,0,Inactive,Active minus Inactive,-0.23080931864663068,0.18266327034952182,0.13131891384229222,241.0,Southwark,E09000028
2025,2025/26,legacy_recovery,Borough,2,Active,1,Insufficiently Active,Active minus Insufficiently Active,-0.17058992309928234,0.11089530318736014,0.10770636572869133,241.0,Southwark,E09000028
2025,2025/26,legacy_recovery,Borough,1,Insufficiently Active,0,Inactive,Insufficiently Active minus Inactive,-0.06021939554734834,0.07176796716216166,0.023612548113600893,241.0,Southwark,E09000028
2025,2025/26,legacy_recovery,Borough,2,Active,0,Inactive,Active minus Inactive,-0.2615644421345219,0.15839853831354794,0.12156748500628779,255.0,Sutton,E09000029
2025,2025/26,legacy_recovery,Borough,2,Active,1,Insufficiently Active,Active minus Insufficiently Active,-0.19333489132415727,0.08728847108225754,0.09901944774274735,255.0,Sutton,E09000029
2025,2025/26,legacy_recovery,Borough,1,Insufficiently Active,0,Inactive,Insufficiently Active minus Inactive,-0.06822955081036464,0.07111006723129042,0.022548037263540446,255.0,Sutton,E09000029
2025,2025/26,legacy_recovery,Borough,2,Active,0,Inactive,Active minus Inactive,-0.31075429514864494,0.18297031906311448,0.1316498443620869,272.0,Tower Hamlets,E09000030
2025,2025/26,legacy_recovery,Borough,2,Active,1,Insufficiently Active,Active minus Insufficiently Active,-0.1706417570505404,0.1112175185854855,0.10796550630398699,272.0,Tower Hamlets,E09000030
2025,2025/26,legacy_recovery,Borough,1,Insufficiently Active,0,Inactive,Insufficiently Active minus Inactive,-0.14011253809810453,0.071752800477629,0.02368433805809992,272.0,Tower Hamlets,E09000030
2025,2025/26,legacy_recovery,Borough,2,Active,0,Inactive,Active minus Inactive,-0.2853213343453428,0.1595989136729941,0.12294811340251662,279.0,Waltham Forest,E09000031
2025,2025/26,legacy_recovery,Borough,2,Active,1,Insufficiently Active,Active minus Insufficiently Active,-0.19404049957200475,0.08876819456803428,0.10044717940619523,279.0,Waltham Forest,E09000031
2025,2025/26,legacy_recovery,Borough,1,Insufficiently Active,0,Inactive,Insufficiently Active minus Inactive,-0.09128083477333804,0.07083071910495983,0.022500933996321387,279.0,Waltham Forest,E09000031
2025,2025/26,legacy_recovery,Borough,2,Active,0,Inactive,Active minus Inactive,-0.17232972158994553,0.1829961479752077,0.13151770421753603,280.0,Wandsworth,E09000032
2025,2025/26,legacy_recovery,Borough,2,Active,1,Insufficiently Active,Active minus Insufficiently Active,-0.17061395335298157,0.11114653086117657,0.10793865954189891,280.0,Wandsworth,E09000032
2025,2025/26,legacy_recovery,Borough,1,Insufficiently Active,0,Inactive,Insufficiently Active minus Inactive,-0.0017157682369639549,0.07184961711403114,0.02357904467563713,280.0,Wandsworth,E09000032
2025,2025/26,legacy_recovery,Borough,2,Active,0,Inactive,Active minus Inactive,-0.24241097307584691,0.1827045057345852,0.131426535873273,293.0,Westminster,E09000033
2025,2025/26,legacy_recovery,Borough,2,Active,1,Insufficiently Active,Active minus Insufficiently Active,-0.16991493136220148,0.1109009582707179,0.10768871883875816,293.0,Westminster,E09000033
2025,2025/26,legacy_recovery,Borough,1,Insufficiently Active,0,Inactive,Insufficiently Active minus Inactive,-0.07249604171364543,0.07180354746386727,0.023737817034514816,293.0,Westminster,E09000033
2025,2025/26,persistent_legacy,Borough,2,Active,0,Inactive,Active minus Inactive,-0.2825772440257438,0.16108716721918726,0.1319975505329463,8.0,Barking and Dagenham,E09000002
2025,2025/26,persistent_legacy,Borough,2,Active,1,Insufficiently Active,Active minus Insufficiently Active,-0.2027501441819728,0.09096900363866875,0.10892626151889387,8.0,Barking and Dagenham,E09000002
2025,2025/26,persistent_legacy,Borough,1,Insufficiently Active,0,Inactive,Insufficiently Active minus Inactive,-0.07982709984377101,0.0701181635805185,0.023071289014052435,8.0,Barking and Dagenham,E09000002
2025,2025/26,persistent_legacy,Borough,2,Active,0,Inactive,Active minus Inactive,-0.2841984781242235,0.16088269134175395,0.13325480068781673,9.0,Barnet,E09000003
2025,2025/26,persistent_legacy,Borough,2,Active,1,Insufficiently Active,Active minus Insufficiently Active,-0.20446235119470635,0.09089504396262833,0.11011254744797117,9.0,Barnet,E09000003
2025,2025/26,persistent_legacy,Borough,1,Insufficiently Active,0,Inactive,Insufficiently Active minus Inactive,-0.07973612692951715,0.06998764737912562,0.02314225323984558,9.0,Barnet,E09000003
2025,2025/26,persistent_legacy,Borough,2,Active,0,Inactive,Active minus Inactive,-0.29835455287308765,0.15925758100728432,0.12797165503078023,17.0,Bexley,E09000004
2025,2025/26,persistent_legacy,Borough,2,Active,1,Insufficiently Active,Active minus Insufficiently Active,-0.1977860797496097,0.08922694433112643,0.10490428732836068,17.0,Bexley,E09000004
2025,2025/26,persistent_legacy,Borough,1,Insufficiently Active,0,Inactive,Insufficiently Active minus Inactive,-0.10056847312347794,0.0700306366761579,0.023067367702419555,17.0,Bexley,E09000004
2025,2025/26,persistent_legacy,Borough,2,Active,0,Inactive,Active minus Inactive,-0.274624364898866,0.1614118736983517,0.132442610099531,30.0,Brent,E09000005
2025,2025/26,persistent_legacy,Borough,2,Active,1,Insufficiently Active,Active minus Insufficiently Active,-0.2011965281304583,0.09154115245138329,0.10922092256898971,30.0,Brent,E09000005
2025,2025/26,persistent_legacy,Borough,1,Insufficiently Active,0,Inactive,Insufficiently Active minus Inactive,-0.0734278367684077,0.0698707212469684,0.023221687530541303,30.0,Brent,E09000005
2025,2025/26,persistent_legacy,Borough,2,Active,0,Inactive,Active minus Inactive,-0.3052201586615152,0.16129110900206597,0.1334141336024655,35.0,Bromley,E09000006
2025,2025/26,persistent_legacy,Borough,2,Active,1,Insufficiently Active,Active minus Insufficiently Active,-0.2035722297726439,0.09140764478885531,0.11022360923865908,35.0,Bromley,E09000006
2025,2025/26,persistent_legacy,Borough,1,Insufficiently Active,0,Inactive,Insufficiently Active minus Inactive,-0.10164792888887131,0.06988346421321065,0.02319052436380642,35.0,Bromley,E09000006
2025,2025/26,persistent_legacy,Borough,2,Active,0,Inactive,Active minus Inactive,-0.2251417051286544,0.18788477348327087,0.14329435404602947,44.0,Camden,E09000007
2025,2025/26,persistent_legacy,Borough,2,Active,1,Insufficiently Active,Active minus Insufficiently Active,-0.17519732395439713,0.1169339703847863,0.11871084317970902,44.0,Camden,E09000007
2025,2025/26,persistent_legacy,Borough,1,Insufficiently Active,0,Inactive,Insufficiently Active minus Inactive,-0.04994438117425726,0.07095080309848457,0.02458351086632045,44.0,Camden,E09000007
2025,2025/26,persistent_legacy,Borough,2,Active,0,Inactive,Active minus Inactive,-0.276492269027627,0.1614163352204438,0.13244453982182042,68.0,Croydon,E09000008
2025,2025/26,persistent_legacy,Borough,2,Active,1,Insufficiently Active,Active minus Insufficiently Active,-0.20215429375536775,0.09136157334299894,0.10928079985328817,68.0,Croydon,E09000008
2025,2025/26,persistent_legacy,Borough,1,Insufficiently Active,0,Inactive,Insufficiently Active minus Inactive,-0.07433797527225927,0.07005476187744487,0.02316373996853225,68.0,Croydon,E09000008
2025,2025/26,persistent_legacy,Borough,2,Active,0,Inactive,Active minus Inactive,-0.28540421768859414,0.1611608553610038,0.1334306170095416,78.0,Ealing,E09000009
2025,2025/26,persistent_legacy,Borough,2,Active,1,Insufficiently Active,Active minus Insufficiently Active,-0.20296646026940346,0.09132934213455421,0.11016492934169834,78.0,Ealing,E09000009
2025,2025/26,persistent_legacy,Borough,1,Insufficiently Active,0,Inactive,Insufficiently Active minus Inactive,-0.08243775741919068,0.06983151322644959,0.02326568766784324,78.0,Ealing,E09000009
2025,2025/26,persistent_legacy,Borough,2,Active,0,Inactive,Active minus Inactive,-0.2830877517048912,0.16152918027102517,0.13356492722071986,91.0,Enfield,E09000010
2025,2025/26,persistent_legacy,Borough,2,Active,1,Insufficiently Active,Active minus Insufficiently Active,-0.20431595166767613,0.0913101683817414,0.11037641952198537,91.0,Enfield,E09000010
2025,2025/26,persistent_legacy,Borough,1,Insufficiently Active,0,Inactive,Insufficiently Active minus Inactive,-0.07877180003721507,0.07021901188928377,0.023188507698734498,91.0,Enfield,E09000010
2025,2025/26,persistent_legacy,Borough,2,Active,0,Inactive,Active minus Inactive,-0.28995174066907237,0.16134499890107515,0.13330320304624968,107.0,Greenwich,E09000011
2025,2025/26,persistent_legacy,Borough,2,Active,1,Insufficiently Active,Active minus Insufficiently Active,-0.20482217812027215,0.09119543770999142,0.11022294783898237,107.0,Greenwich,E09000011
2025,2025/26,persistent_legacy,Borough,1,Insufficiently Active,0,Inactive,Insufficiently Active minus Inactive,-0.08512956254880022,0.07014956119108373,0.02308025520726732,107.0,Greenwich,E09000011
2025,2025/26,persistent_legacy,Borough,2,Active,0,Inactive,Active minus Inactive,-0.26764522824095616,0.18823341747897868,0.14341328928535135,109.0,Hackney,E09000012
2025,2025/26,persistent_legacy,Borough,2,Active,1,Insufficiently Active,Active minus Insufficiently Active,-0.17637577108641833,0.11702321521919139,0.11889430397696399,109.0,Hackney,E09000012
2025,2025/26,persistent_legacy,Borough,1,Insufficiently Active,0,Inactive,Insufficiently Active minus Inactive,-0.09126945715453783,0.07121020225978729,0.024518985308387357,109.0,Hackney,E09000012
2025,2025/26,persistent_legacy,Borough,2,Active,0,Inactive,Active minus Inactive,-0.23184051687216822,0.18788798386049807,0.14286114165784478,112.0,Hammersmith and Fulham,E09000013
2025,2025/26,persistent_legacy,Borough,2,Active,1,Insufficiently Active,Active minus Insufficiently Active,-0.17495774728717683,0.11727142322838337,0.11845194046765889,112.0,Hammersmith and Fulham,E09000013
2025,2025/26,persistent_legacy,Borough,1,Insufficiently Active,0,Inactive,Insufficiently Active minus Inactive,-0.05688276958499139,0.07061656063211472,0.02440920119018588,112.0,Hammersmith and Fulham,E09000013
2025,2025/26,persistent_legacy,Borough,2,Active,0,Inactive,Active minus Inactive,-0.2908634424402424,0.18814514752891653,0.14334584177420903,114.0,Haringey,E09000014
2025,2025/26,persistent_legacy,Borough,2,Active,1,Insufficiently Active,Active minus Insufficiently Active,-0.17682330343727026,0.1171453896105404,0.11894678787775897,114.0,Haringey,E09000014
2025,2025/26,persistent_legacy,Borough,1,Insufficiently Active,0,Inactive,Insufficiently Active minus Inactive,-0.11404013900297216,0.07099975791837614,0.024399053896450074,114.0,Haringey,E09000014
2025,2025/26,persistent_legacy,Borough,2,Active,0,Inactive,Active minus Inactive,-0.30238225241133687,0.16050878872671664,0.13109481006954887,117.0,Harrow,E09000015
2025,2025/26,persistent_legacy,Borough,2,Active,1,Insufficiently Active,Active minus Insufficiently Active,-0.20207038189972715,0.09041030008758208,0.10803710359924047,117.0,Harrow,E09000015
2025,2025/26,persistent_legacy,Borough,1,Insufficiently Active,0,Inactive,Insufficiently Active minus Inactive,-0.10031187051160972,0.07009848863913458,0.023057706470308414,117.0,Harrow,E09000015
2025,2025/26,persistent_legacy,Borough,2,Active,0,Inactive,Active minus Inactive,-0.2838819904736086,0.1593499603752095,0.12798452814266922,122.0,Havering,E09000016
2025,2025/26,persistent_legacy,Borough,2,Active,1,Insufficiently Active,Active minus Insufficiently Active,-0.1967594975224276,0.08937675919895136,0.10482985878574932,122.0,Havering,E09000016
2025,2025/26,persistent_legacy,Borough,1,Insufficiently Active,0,Inactive,Insufficiently Active minus Inactive,-0.08712249295118102,0.06997320117625812,0.023154669356919906,122.0,Havering,E09000016
2025,2025/26,persistent_legacy,Borough,2,Active,0,Inactive,Active minus Inactive,-0.2787792227345032,0.15893085814085792,0.12772518786880427,126.0,Hillingdon,E09000017
2025,2025/26,persistent_legacy,Borough,2,Active,1,Insufficiently Active,Active minus Insufficiently Active,-0.19767993720146304,0.08903836584331362,0.10469814583686085,126.0,Hillingdon,E09000017
2025,2025/26,persistent_legacy,Borough,1,Insufficiently Active,0,Inactive,Insufficiently Active minus Inactive,-0.08109928553304013,0.06989249229754431,0.023027042031943425,126.0,Hillingdon,E09000017
2025,2025/26,persistent_legacy,Borough,2,Active,0,Inactive,Active minus Inactive,-0.3177278009077106,0.1591090256488119,0.12796217924486442,129.0,Hounslow,E09000018
2025,2025/26,persistent_legacy,Borough,2,Active,1,Insufficiently Active,Active minus Insufficiently Active,-0.1970892262849957,0.08914052879700067,0.10478904161126207,129.0,Hounslow,E09000018
2025,2025/26,persistent_legacy,Borough,1,Insufficiently Active,0,Inactive,Insufficiently Active minus Inactive,-0.12063857462271488,0.06996849685181124,0.023173137633602348,129.0,Hounslow,E09000018
2025,2025/26,persistent_legacy,Borough,2,Active,0,Inactive,Active minus Inactive,-0.33038641956260384,0.18778504307036484,0.1433264462761693,135.0,Islington,E09000019
2025,2025/26,persistent_legacy,Borough,2,Active,1,Insufficiently Active,Active minus Insufficiently Active,-0.17568674932700856,0.11709034207075579,0.11878127871292661,135.0,Islington,E09000019
2025,2025/26,persistent_legacy,Borough,1,Insufficiently Active,0,Inactive,Insufficiently Active minus Inactive,-0.15469967023559528,0.07069470099960905,0.024545167563242706,135.0,Islington,E09000019
2025,2025/26,persistent_legacy,Borough,2,Active,0,Inactive,Active minus Inactive,-0.2680224499383965,0.18851094903104565,0.14342686987593953,136.0,Kensington and Chelsea,E09000020
2025,2025/26,persistent_legacy,Borough,2,Active,1,Insufficiently Active,Active minus Insufficiently Active,-0.17616650405349477,0.11756641757013245,0.11901525036596207,136.0,Kensington and Chelsea,E09000020
2025,2025/26,persistent_legacy,Borough,1,Insufficiently Active,0,Inactive,Insufficiently Active minus Inactive,-0.09185594588490176,0.07094453146091322,0.024411619509977465,136.0,Kensington and Chelsea,E09000020
2025,2025/26,persistent_legacy,Borough,2,Active,0,Inactive,Active minus Inactive,-0.3135273592457569,0.1613784757089693,0.13361217902659742,139.0,Kingston upon Thames,E09000021
2025,2025/26,persistent_legacy,Borough,2,Active,1,Insufficiently Active,Active minus Insufficiently Active,-0.2044095195138973,0.09131845593599992,0.11043375071412431,139.0,Kingston upon Thames,E09000021
2025,2025/26,persistent_legacy,Borough,1,Insufficiently Active,0,Inactive,Insufficiently Active minus Inactive,-0.10911783973185962,0.07006001977296937,0.0231784283124731,139.0,Kingston upon Thames,E09000021
2025,2025/26,persistent_legacy,Borough,2,Active,0,Inactive,Active minus Inactive,-0.32915022311161535,0.1879340012475137,0.14297752615877118,142.0,Lambeth,E09000022
2025,2025/26,persistent_legacy,Borough,2,Active,1,Insufficiently Active,Active minus Insufficiently Active,-0.17655890255010087,0.11732168528647033,0.11867545110946363,142.0,Lambeth,E09000022
2025,2025/26,persistent_legacy,Borough,1,Insufficiently Active,0,Inactive,Insufficiently Active minus Inactive,-0.15259132056151448,0.07061231596104338,0.02430207504930756,142.0,Lambeth,E09000022
2025,2025/26,persistent_legacy,Borough,2,Active,0,Inactive,Active minus Inactive,-0.30072583951435083,0.18813914881304766,0.1433504410714287,147.0,Lewisham,E09000023
2025,2025/26,persistent_legacy,Borough,2,Active,1,Insufficiently Active,Active minus Insufficiently Active,-0.1772900640062811,0.11714075330365885,0.11900525365971086,147.0,Lewisham,E09000023
2025,2025/26,persistent_legacy,Borough,1,Insufficiently Active,0,Inactive,Insufficiently Active minus Inactive,-0.12343577550806972,0.0709983955093888,0.024345187411717824,147.0,Lewisham,E09000023
2025,2025/26,persistent_legacy,Borough,2,Active,0,Inactive,Active minus Inactive,-0.3064298248883257,0.16143183722511842,0.1335590521348649,160.0,Merton,E09000024
2025,2025/26,persistent_legacy,Borough,2,Active,1,Insufficiently Active,Active minus Insufficiently Active,-0.20503988982644783,0.09132351135035394,0.1104699974122706,160.0,Merton,E09000024
2025,2025/26,persistent_legacy,Borough,1,Insufficiently Active,0,Inactive,Insufficiently Active minus Inactive,-0.10138993506187788,0.07010832587476447,0.02308905472259431,160.0,Merton,E09000024
2025,2025/26,persistent_legacy,Borough,2,Active,0,Inactive,Active minus Inactive,-0.2724144822036002,0.18850127079506437,0.14334527344826378,171.0,Newham,E09000025
2025,2025/26,persistent_legacy,Borough,2,Active,1,Insufficiently Active,Active minus Insufficiently Active,-0.17529940480494133,0.11748123425693736,0.11881063515665796,171.0,Newham,E09000025
2025,2025/26,persistent_legacy,Borough,1,Insufficiently Active,0,Inactive,Insufficiently Active minus Inactive,-0.09711507739865888,0.07102003653812701,0.024534638291605838,171.0,Newham,E09000025
2025,2025/26,persistent_legacy,Borough,2,Active,0,Inactive,Active minus Inactive,-0.27831859821622207,0.16134399630236532,0.13336586174626025,196.0,Redbridge,E09000026
2025,2025/26,persistent_legacy,Borough,2,Active,1,Insufficiently Active,Active minus Insufficiently Active,-0.2052975455282099,0.09120278580003682,0.11033753903961613,196.0,Redbridge,E09000026
2025,2025/26,persistent_legacy,Borough,1,Insufficiently Active,0,Inactive,Insufficiently Active minus Inactive,-0.07302105268801218,0.07014121050232851,0.02302832270664414,196.0,Redbridge,E09000026
2025,2025/26,persistent_legacy,Borough,2,Active,0,Inactive,Active minus Inactive,-0.2817178655846716,0.16106606179641927,0.13207522191618692,201.0,Richmond upon Thames,E09000027
2025,2025/26,persistent_legacy,Borough,2,Active,1,Insufficiently Active,Active minus Insufficiently Active,-0.19966513831122923,0.09142215305759922,0.10875771298216498,201.0,Richmond upon Thames,E09000027
2025,2025/26,persistent_legacy,Borough,1,Insufficiently Active,0,Inactive,Insufficiently Active minus Inactive,-0.08205272727344237,0.06964390873882005,0.023317508934021954,201.0,Richmond upon Thames,E09000027
2025,2025/26,persistent_legacy,Borough,2,Active,0,Inactive,Active minus Inactive,-0.2556578836836302,0.1879828122098891,0.14291096521388055,241.0,Southwark,E09000028
2025,2025/26,persistent_legacy,Borough,2,Active,1,Insufficiently Active,Active minus Insufficiently Active,-0.17549357130215915,0.11699553308878106,0.11842629984529304,241.0,Southwark,E09000028
2025,2025/26,persistent_legacy,Borough,1,Insufficiently Active,0,Inactive,Insufficiently Active minus Inactive,-0.08016431238147104,0.07098727912110803,0.0244846653685875,241.0,Southwark,E09000028
2025,2025/26,persistent_legacy,Borough,2,Active,0,Inactive,Active minus Inactive,-0.2841984781242235,0.16088269134175395,0.13325480068781673,255.0,Sutton,E09000029
2025,2025/26,persistent_legacy,Borough,2,Active,1,Insufficiently Active,Active minus Insufficiently Active,-0.20515920465932036,0.0909814594967541,0.11022779316506978,255.0,Sutton,E09000029
2025,2025/26,persistent_legacy,Borough,1,Insufficiently Active,0,Inactive,Insufficiently Active minus Inactive,-0.07903927346490314,0.06990123184499986,0.023027007522746955,255.0,Sutton,E09000029
2025,2025/26,persistent_legacy,Borough,2,Active,0,Inactive,Active minus Inactive,-0.329943356067107,0.18789489463364423,0.14341106476284848,272.0,Tower Hamlets,E09000030
2025,2025/26,persistent_legacy,Borough,2,Active,1,Insufficiently Active,Active minus Insufficiently Active,-0.17650590120029608,0.1172876379036912,0.11900187329349633,272.0,Tower Hamlets,E09000030
2025,2025/26,persistent_legacy,Borough,1,Insufficiently Active,0,Inactive,Insufficiently Active minus Inactive,-0.15343745486681093,0.07060725672995304,0.024409191469352165,272.0,Tower Hamlets,E09000030
2025,2025/26,persistent_legacy,Borough,2,Active,0,Inactive,Active minus Inactive,-0.30677878985037754,0.16110691368767863,0.13345555206136647,279.0,Waltham Forest,E09000031
2025,2025/26,persistent_legacy,Borough,2,Active,1,Insufficiently Active,Active minus Insufficiently Active,-0.2046140602519848,0.0909894780674959,0.11027229545255735,279.0,Waltham Forest,E09000031
2025,2025/26,persistent_legacy,Borough,1,Insufficiently Active,0,Inactive,Insufficiently Active minus Inactive,-0.10216472959839273,0.07011743562018273,0.02318325660880913,279.0,Waltham Forest,E09000031
2025,2025/26,persistent_legacy,Borough,2,Active,0,Inactive,Active minus Inactive,-0.2251417051286544,0.18788477348327087,0.14329435404602947,280.0,Wandsworth,E09000032
2025,2025/26,persistent_legacy,Borough,2,Active,1,Insufficiently Active,Active minus Insufficiently Active,-0.1757508802426685,0.1172323166145139,0.11888547907173619,280.0,Wandsworth,E09000032
2025,2025/26,persistent_legacy,Borough,1,Insufficiently Active,0,Inactive,Insufficiently Active minus Inactive,-0.049390824885985896,0.07065245686875697,0.02440887497429329,280.0,Wandsworth,E09000032
2025,2025/26,persistent_legacy,Borough,2,Active,0,Inactive,Active minus Inactive,-0.26793669025517464,0.18801460861179947,0.1422753525283591,293.0,Westminster,E09000033
2025,2025/26,persistent_legacy,Borough,2,Active,1,Insufficiently Active,Active minus Insufficiently Active,-0.17530531307509178,0.1173597591230469,0.11801449850906702,293.0,Westminster,E09000033
2025,2025/26,persistent_legacy,Borough,1,Insufficiently Active,0,Inactive,Insufficiently Active minus Inactive,-0.09263137718008285,0.07065484948875256,0.02426085401929207,293.0,Westminster,E09000033
2026,2026/27,legacy_recovery,Borough,2,Active,0,Inactive,Active minus Inactive,-0.2677054562162927,0.15859099829928358,0.12130748906930945,8.0,Barking and Dagenham,E09000002
2026,2026/27,legacy_recovery,Borough,2,Active,1,Insufficiently Active,Active minus Insufficiently Active,-0.19242050530135546,0.08766733854343645,0.09879770087911582,8.0,Barking and Dagenham,E09000002
2026,2026/27,legacy_recovery,Borough,1,Insufficiently Active,0,Inactive,Insufficiently Active minus Inactive,-0.07528495091493725,0.07092365975584712,0.02250978819019363,8.0,Barking and Dagenham,E09000002
2026,2026/27,legacy_recovery,Borough,2,Active,0,Inactive,Active minus Inactive,-0.2838700313414819,0.15879432546005132,0.12160261063427605,9.0,Barnet,E09000003
2026,2026/27,legacy_recovery,Borough,2,Active,1,Insufficiently Active,Active minus Insufficiently Active,-0.19257775064272764,0.08796326395603973,0.0991016098361018,9.0,Barnet,E09000003
2026,2026/27,legacy_recovery,Borough,1,Insufficiently Active,0,Inactive,Insufficiently Active minus Inactive,-0.09129228069875428,0.07083106150401158,0.022501000798174253,9.0,Barnet,E09000003
2026,2026/27,legacy_recovery,Borough,2,Active,0,Inactive,Active minus Inactive,-0.25611476885771145,0.1586591015822073,0.12099946688198053,17.0,Bexley,E09000004
2026,2026/27,legacy_recovery,Borough,2,Active,1,Insufficiently Active,Active minus Insufficiently Active,-0.1919443740533704,0.08767739062323268,0.09850680940759685,17.0,Bexley,E09000004
2026,2026/27,legacy_recovery,Borough,1,Insufficiently Active,0,Inactive,Insufficiently Active minus Inactive,-0.06417039480434106,0.07098171095897461,0.022492657474383695,17.0,Bexley,E09000004
2026,2026/27,legacy_recovery,Borough,2,Active,0,Inactive,Active minus Inactive,-0.2657478226078054,0.15845597628461078,0.1211231181577129,30.0,Brent,E09000005
2026,2026/27,legacy_recovery,Borough,2,Active,1,Insufficiently Active,Active minus Insufficiently Active,-0.19200850664523517,0.08775082993991193,0.09865782910956805,30.0,Brent,E09000005
2026,2026/27,legacy_recovery,Borough,1,Insufficiently Active,0,Inactive,Insufficiently Active minus Inactive,-0.07373931596257022,0.07070514634469886,0.022465289048144852,30.0,Brent,E09000005
2026,2026/27,legacy_recovery,Borough,2,Active,0,Inactive,Active minus Inactive,-0.25804286836540935,0.15871677706686615,0.12187530523646625,35.0,Bromley,E09000006
2026,2026/27,legacy_recovery,Borough,2,Active,1,Insufficiently Active,Active minus Insufficiently Active,-0.19336978446244768,0.08780471405399487,0.09937310115540643,35.0,Bromley,E09000006
2026,2026/27,legacy_recovery,Borough,1,Insufficiently Active,0,Inactive,Insufficiently Active minus Inactive,-0.06467308390296167,0.07091206301287128,0.02250220408105983,35.0,Bromley,E09000006
2026,2026/27,legacy_recovery,Borough,2,Active,0,Inactive,Active minus Inactive,-0.31664363996873246,0.1825731122821053,0.13147834853651075,44.0,Camden,E09000007
2026,2026/27,legacy_recovery,Borough,2,Active,1,Insufficiently Active,Active minus Insufficiently Active,-0.17068909611521266,0.11086145726648003,0.10777482180516057,44.0,Camden,E09000007
2026,2026/27,legacy_recovery,Borough,1,Insufficiently Active,0,Inactive,Insufficiently Active minus Inactive,-0.1459545438535198,0.07171165501562526,0.02370352673135018,44.0,Camden,E09000007
2026,2026/27,legacy_recovery,Borough,2,Active,0,Inactive,Active minus Inactive,-0.2657534614045085,0.15864929095170005,0.12156260760019767,68.0,Croydon,E09000008
2026,2026/27,legacy_recovery,Borough,2,Active,1,Insufficiently Active,Active minus Insufficiently Active,-0.19257775064272764,0.08796326395603973,0.0991016098361018,68.0,Croydon,E09000008
2026,2026/27,legacy_recovery,Borough,1,Insufficiently Active,0,Inactive,Insufficiently Active minus Inactive,-0.07317571076178087,0.0706860269956603,0.02246099776409588,68.0,Croydon,E09000008
2026,2026/27,legacy_recovery,Borough,2,Active,0,Inactive,Active minus Inactive,-0.28466206516120196,0.15863577555800645,0.12187410195358067,78.0,Ealing,E09000009
2026,2026/27,legacy_recovery,Borough,2,Active,1,Insufficiently Active,Active minus Insufficiently Active,-0.19336978446244768,0.08780471405399487,0.09937310115540643,78.0,Ealing,E09000009
2026,2026/27,legacy_recovery,Borough,1,Insufficiently Active,0,Inactive,Insufficiently Active minus Inactive,-0.09129228069875428,0.07083106150401158,0.022501000798174253,78.0,Ealing,E09000009
2026,2026/27,legacy_recovery,Borough,2,Active,0,Inactive,Active minus Inactive,-0.2650752377313367,0.15835903176930055,0.12169309640048828,91.0,Enfield,E09000010
2026,2026/27,legacy_recovery,Borough,2,Active,1,Insufficiently Active,Active minus Insufficiently Active,-0.19332444997072162,0.08764395601085753,0.09922736856218684,91.0,Enfield,E09000010
2026,2026/27,legacy_recovery,Borough,1,Insufficiently Active,0,Inactive,Insufficiently Active minus Inactive,-0.07175078776061505,0.07071507575844303,0.02246572783830145,91.0,Enfield,E09000010
2026,2026/27,legacy_recovery,Borough,2,Active,0,Inactive,Active minus Inactive,-0.2601755130652442,0.15836540503509164,0.1216905859513617,107.0,Greenwich,E09000011
2026,2026/27,legacy_recovery,Borough,2,Active,1,Insufficiently Active,Active minus Insufficiently Active,-0.19332444997072162,0.08764395601085753,0.09922736856218684,107.0,Greenwich,E09000011
2026,2026/27,legacy_recovery,Borough,1,Insufficiently Active,0,Inactive,Insufficiently Active minus Inactive,-0.0668510630945226,0.0707214490242341,0.022463217389174877,107.0,Greenwich,E09000011
2026,2026/27,legacy_recovery,Borough,2,Active,0,Inactive,Active minus Inactive,-0.2665864567728782,0.1827208220335615,0.13145240818047835,109.0,Hackney,E09000012
2026,2026/27,legacy_recovery,Borough,2,Active,1,Insufficiently Active,Active minus Insufficiently Active,-0.17068909611521266,0.11086145726648003,0.10777482180516057,109.0,Hackney,E09000012
2026,2026/27,legacy_recovery,Borough,1,Insufficiently Active,0,Inactive,Insufficiently Active minus Inactive,-0.09589736065766552,0.07185936476708146,0.023677586375317767,109.0,Hackney,E09000012
2026,2026/27,legacy_recovery,Borough,2,Active,0,Inactive,Active minus Inactive,-0.28989789276607625,0.18292976124328655,0.1315080971863655,112.0,Hammersmith and Fulham,E09000013
2026,2026/27,legacy_recovery,Borough,2,Active,1,Insufficiently Active,Active minus Insufficiently Active,-0.16992160270086265,0.11085804152213477,0.10767810732996631,112.0,Hammersmith and Fulham,E09000013
2026,2026/27,legacy_recovery,Borough,1,Insufficiently Active,0,Inactive,Insufficiently Active minus Inactive,-0.1199762900652136,0.07207171972115178,0.023829989856399194,112.0,Hammersmith and Fulham,E09000013
2026,2026/27,legacy_recovery,Borough,2,Active,0,Inactive,Active minus Inactive,-0.25311781987162396,0.18296061835590946,0.13148734857721622,114.0,Haringey,E09000014
2026,2026/27,legacy_recovery,Borough,2,Active,1,Insufficiently Active,Active minus Insufficiently Active,-0.17068909611521266,0.11086145726648003,0.10777482180516057,114.0,Haringey,E09000014
2026,2026/27,legacy_recovery,Borough,1,Insufficiently Active,0,Inactive,Insufficiently Active minus Inactive,-0.0824287237564113,0.07209916108942944,0.023712526772055636,114.0,Haringey,E09000014
2026,2026/27,legacy_recovery,Borough,2,Active,0,Inactive,Active minus Inactive,-0.2568444828017724,0.158580716331298,0.1213000603707443,117.0,Harrow,E09000015
2026,2026/27,legacy_recovery,Borough,2,Active,1,Insufficiently Active,Active minus Insufficiently Active,-0.19242050530135546,0.08766733854343645,0.09879770087911582,117.0,Harrow,E09000015
2026,2026/27,legacy_recovery,Borough,1,Insufficiently Active,0,Inactive,Insufficiently Active minus Inactive,-0.06442397750041695,0.07091337778786154,0.022502359491628484,117.0,Harrow,E09000015
2026,2026/27,legacy_recovery,Borough,2,Active,0,Inactive,Active minus Inactive,-0.2829830720560488,0.15857678529835734,0.1209981081885263,122.0,Havering,E09000016
2026,2026/27,legacy_recovery,Borough,2,Active,1,Insufficiently Active,Active minus Insufficiently Active,-0.1916907913572945,0.08774572379434575,0.09849710739035206,122.0,Havering,E09000016
2026,2026/27,legacy_recovery,Borough,1,Insufficiently Active,0,Inactive,Insufficiently Active minus Inactive,-0.09129228069875428,0.07083106150401158,0.022501000798174253,122.0,Havering,E09000016
2026,2026/27,legacy_recovery,Borough,2,Active,0,Inactive,Active minus Inactive,-0.28282181875663337,0.15852029876070994,0.12087559454842917,126.0,Hillingdon,E09000017
2026,2026/27,legacy_recovery,Borough,2,Active,1,Insufficiently Active,Active minus Insufficiently Active,-0.1915295380578791,0.08768923725669836,0.09837459375025492,126.0,Hillingdon,E09000017
2026,2026/27,legacy_recovery,Borough,1,Insufficiently Active,0,Inactive,Insufficiently Active minus Inactive,-0.09129228069875428,0.07083106150401158,0.022501000798174253,126.0,Hillingdon,E09000017
2026,2026/27,legacy_recovery,Borough,2,Active,0,Inactive,Active minus Inactive,-0.2577902797754802,0.1585957397133542,0.12087642341819925,129.0,Hounslow,E09000018
2026,2026/27,legacy_recovery,Borough,2,Active,1,Insufficiently Active,Active minus Insufficiently Active,-0.1915295380578791,0.08768923725669836,0.09837459375025492,129.0,Hounslow,E09000018
2026,2026/27,legacy_recovery,Borough,1,Insufficiently Active,0,Inactive,Insufficiently Active minus Inactive,-0.0662607417176011,0.07090650245665583,0.022501829667944336,129.0,Hounslow,E09000018
2026,2026/27,legacy_recovery,Borough,2,Active,0,Inactive,Active minus Inactive,-0.2524467530809824,0.18296517858930497,0.13148785823804676,135.0,Islington,E09000019
2026,2026/27,legacy_recovery,Borough,2,Active,1,Insufficiently Active,Active minus Insufficiently Active,-0.17068909611521266,0.11086145726648003,0.10777482180516057,135.0,Islington,E09000019
2026,2026/27,legacy_recovery,Borough,1,Insufficiently Active,0,Inactive,Insufficiently Active minus Inactive,-0.08175765696576975,0.07210372132282494,0.023713036432886195,135.0,Islington,E09000019
2026,2026/27,legacy_recovery,Borough,2,Active,0,Inactive,Active minus Inactive,-0.2650332529024463,0.18267976411300169,0.13135511395884186,136.0,Kensington and Chelsea,E09000020
2026,2026/27,legacy_recovery,Borough,2,Active,1,Insufficiently Active,Active minus Insufficiently Active,-0.1705621194017234,0.11082431546305124,0.10767951896660324,136.0,Kensington and Chelsea,E09000020
2026,2026/27,legacy_recovery,Borough,1,Insufficiently Active,0,Inactive,Insufficiently Active minus Inactive,-0.09447113350072289,0.07185544864995043,0.023675594992238622,136.0,Kensington and Chelsea,E09000020
2026,2026/27,legacy_recovery,Borough,2,Active,0,Inactive,Active minus Inactive,-0.2556535741901621,0.15856195609688462,0.1217296743695438,139.0,Kingston upon Thames,E09000021
2026,2026/27,legacy_recovery,Borough,2,Active,1,Insufficiently Active,Active minus Insufficiently Active,-0.19332444997072162,0.08764395601085753,0.09922736856218684,139.0,Kingston upon Thames,E09000021
2026,2026/27,legacy_recovery,Borough,1,Insufficiently Active,0,Inactive,Insufficiently Active minus Inactive,-0.06232912421944048,0.07091800008602707,0.022502305807356966,139.0,Kingston upon Thames,E09000021
2026,2026/27,legacy_recovery,Borough,2,Active,0,Inactive,Active minus Inactive,-0.2524467530809824,0.18296517858930497,0.13148785823804676,142.0,Lambeth,E09000022
2026,2026/27,legacy_recovery,Borough,2,Active,1,Insufficiently Active,Active minus Insufficiently Active,-0.17068909611521266,0.11086145726648003,0.10777482180516057,142.0,Lambeth,E09000022
2026,2026/27,legacy_recovery,Borough,1,Insufficiently Active,0,Inactive,Insufficiently Active minus Inactive,-0.08175765696576975,0.07210372132282494,0.023713036432886195,142.0,Lambeth,E09000022
2026,2026/27,legacy_recovery,Borough,2,Active,0,Inactive,Active minus Inactive,-0.25311781987162396,0.18296061835590946,0.13148734857721622,147.0,Lewisham,E09000023
2026,2026/27,legacy_recovery,Borough,2,Active,1,Insufficiently Active,Active minus Insufficiently Active,-0.17068909611521266,0.11086145726648003,0.10777482180516057,147.0,Lewisham,E09000023
2026,2026/27,legacy_recovery,Borough,1,Insufficiently Active,0,Inactive,Insufficiently Active minus Inactive,-0.0824287237564113,0.07209916108942944,0.023712526772055636,147.0,Lewisham,E09000023
2026,2026/27,legacy_recovery,Borough,2,Active,0,Inactive,Active minus Inactive,-0.25642100990828565,0.1596880990851868,0.12294992384982384,160.0,Merton,E09000024
2026,2026/27,legacy_recovery,Borough,2,Active,1,Insufficiently Active,Active minus Insufficiently Active,-0.19404049957200464,0.08876819456803436,0.1004471794061953,160.0,Merton,E09000024
2026,2026/27,legacy_recovery,Borough,1,Insufficiently Active,0,Inactive,Insufficiently Active minus Inactive,-0.062380510336281,0.07091990451715244,0.022502744443628545,160.0,Merton,E09000024
2026,2026/27,legacy_recovery,Borough,2,Active,0,Inactive,Active minus Inactive,-0.2650332529024463,0.18267976411300169,0.13135511395884186,171.0,Newham,E09000025
2026,2026/27,legacy_recovery,Borough,2,Active,1,Insufficiently Active,Active minus Insufficiently Active,-0.1705621194017234,0.11082431546305124,0.10767951896660324,171.0,Newham,E09000025
2026,2026/27,legacy_recovery,Borough,1,Insufficiently Active,0,Inactive,Insufficiently Active minus Inactive,-0.09447113350072289,0.07185544864995043,0.023675594992238622,171.0,Newham,E09000025
2026,2026/27,legacy_recovery,Borough,2,Active,0,Inactive,Active minus Inactive,-0.2665001607325025,0.15832998300651785,0.1216883663262827,196.0,Redbridge,E09000026
2026,2026/27,legacy_recovery,Borough,2,Active,1,Insufficiently Active,Active minus Insufficiently Active,-0.19332444997072162,0.08764395601085753,0.09922736856218684,196.0,Redbridge,E09000026
2026,2026/27,legacy_recovery,Borough,1,Insufficiently Active,0,Inactive,Insufficiently Active minus Inactive,-0.07317571076178087,0.0706860269956603,0.02246099776409588,196.0,Redbridge,E09000026
2026,2026/27,legacy_recovery,Borough,2,Active,0,Inactive,Active minus Inactive,-0.28327004255637755,0.15854007595982372,0.12111176764529502,201.0,Richmond upon Thames,E09000027
2026,2026/27,legacy_recovery,Borough,2,Active,1,Insufficiently Active,Active minus Insufficiently Active,-0.19197776185762327,0.08770901445581214,0.09861076684712078,201.0,Richmond upon Thames,E09000027
2026,2026/27,legacy_recovery,Borough,1,Insufficiently Active,0,Inactive,Insufficiently Active minus Inactive,-0.09129228069875428,0.07083106150401158,0.022501000798174253,201.0,Richmond upon Thames,E09000027
2026,2026/27,legacy_recovery,Borough,2,Active,0,Inactive,Active minus Inactive,-0.3124022746469044,0.18262905183343098,0.13138991869242556,241.0,Southwark,E09000028
2026,2026/27,legacy_recovery,Borough,2,Active,1,Insufficiently Active,Active minus Insufficiently Active,-0.1705621194017234,0.11082431546305124,0.10767951896660324,241.0,Southwark,E09000028
2026,2026/27,legacy_recovery,Borough,1,Insufficiently Active,0,Inactive,Insufficiently Active minus Inactive,-0.141840155245181,0.07180473637037973,0.02371039972582232,241.0,Southwark,E09000028
2026,2026/27,legacy_recovery,Borough,2,Active,0,Inactive,Active minus Inactive,-0.2838700313414819,0.15879432546005132,0.12160261063427605,255.0,Sutton,E09000029
2026,2026/27,legacy_recovery,Borough,2,Active,1,Insufficiently Active,Active minus Insufficiently Active,-0.19283133333880353,0.08789493078492666,0.0991113118533466,255.0,Sutton,E09000029
2026,2026/27,legacy_recovery,Borough,1,Insufficiently Active,0,Inactive,Insufficiently Active minus Inactive,-0.09103869800267839,0.07089939467512466,0.022491298780929463,255.0,Sutton,E09000029
2026,2026/27,legacy_recovery,Borough,2,Active,0,Inactive,Active minus Inactive,-0.2524467530809824,0.18296517858930497,0.13148785823804676,272.0,Tower Hamlets,E09000030
2026,2026/27,legacy_recovery,Borough,2,Active,1,Insufficiently Active,Active minus Insufficiently Active,-0.17068909611521266,0.11086145726648003,0.10777482180516057,272.0,Tower Hamlets,E09000030
2026,2026/27,legacy_recovery,Borough,1,Insufficiently Active,0,Inactive,Insufficiently Active minus Inactive,-0.08175765696576975,0.07210372132282494,0.023713036432886195,272.0,Tower Hamlets,E09000030
2026,2026/27,legacy_recovery,Borough,2,Active,0,Inactive,Active minus Inactive,-0.2628316537921832,0.15872327392364552,0.12187904940705226,279.0,Waltham Forest,E09000031
2026,2026/27,legacy_recovery,Borough,2,Active,1,Insufficiently Active,Active minus Insufficiently Active,-0.19336978446244768,0.08780471405399487,0.09937310115540643,279.0,Waltham Forest,E09000031
2026,2026/27,legacy_recovery,Borough,1,Insufficiently Active,0,Inactive,Insufficiently Active minus Inactive,-0.06946186932973553,0.07091855986965066,0.022505948251645837,279.0,Waltham Forest,E09000031
2026,2026/27,legacy_recovery,Borough,2,Active,0,Inactive,Active minus Inactive,-0.31664363996873246,0.1825731122821053,0.13147834853651075,280.0,Wandsworth,E09000032
2026,2026/27,legacy_recovery,Borough,2,Active,1,Insufficiently Active,Active minus Insufficiently Active,-0.17068909611521266,0.11086145726648003,0.10777482180516057,280.0,Wandsworth,E09000032
2026,2026/27,legacy_recovery,Borough,1,Insufficiently Active,0,Inactive,Insufficiently Active minus Inactive,-0.1459545438535198,0.07171165501562526,0.02370352673135018,280.0,Wandsworth,E09000032
2026,2026/27,legacy_recovery,Borough,2,Active,0,Inactive,Active minus Inactive,-0.3147533297985967,0.1825855504570227,0.1313869899619439,293.0,Westminster,E09000033
2026,2026/27,legacy_recovery,Borough,2,Active,1,Insufficiently Active,Active minus Insufficiently Active,-0.1705621194017234,0.11082431546305124,0.10767951896660324,293.0,Westminster,E09000033
2026,2026/27,legacy_recovery,Borough,1,Insufficiently Active,0,Inactive,Insufficiently Active minus Inactive,-0.14419121039687333,0.07176123499397145,0.023707470995340638,293.0,Westminster,E09000033
2026,2026/27,persistent_legacy,Borough,2,Active,0,Inactive,Active minus Inactive,-0.29026792049094663,0.16136230688317552,0.13348784103280195,8.0,Barking and Dagenham,E09000002
2026,2026/27,persistent_legacy,Borough,2,Active,1,Insufficiently Active,Active minus Insufficiently Active,-0.20305583969110874,0.09127548321440491,0.11016864280725482,8.0,Barking and Dagenham,E09000002
2026,2026/27,persistent_legacy,Borough,1,Insufficiently Active,0,Inactive,Insufficiently Active minus Inactive,-0.08721208079983789,0.0700868236687706,0.023319198225547146,8.0,Barking and Dagenham,E09000002
2026,2026/27,persistent_legacy,Borough,2,Active,0,Inactive,Active minus Inactive,-0.3067080362010328,0.1612317874551098,0.13336111951920043,9.0,Barnet,E09000003
2026,2026/27,persistent_legacy,Borough,2,Active,1,Insufficiently Active,Active minus Insufficiently Active,-0.20196538139324205,0.09138165312699192,0.10998126285577928,9.0,Barnet,E09000003
2026,2026/27,persistent_legacy,Borough,1,Insufficiently Active,0,Inactive,Insufficiently Active minus Inactive,-0.10474265480779077,0.06985013432811789,0.02337985666342115,9.0,Barnet,E09000003
2026,2026/27,persistent_legacy,Borough,2,Active,0,Inactive,Active minus Inactive,-0.27537563046671176,0.16065109193741167,0.13122389726425293,17.0,Bexley,E09000004
2026,2026/27,persistent_legacy,Borough,2,Active,1,Insufficiently Active,Active minus Insufficiently Active,-0.19991702408548462,0.09057176905522114,0.1079122091740455,17.0,Bexley,E09000004
2026,2026/27,persistent_legacy,Borough,1,Insufficiently Active,0,Inactive,Insufficiently Active minus Inactive,-0.07545860638122714,0.07007932288219054,0.023311688090207446,17.0,Bexley,E09000004
2026,2026/27,persistent_legacy,Borough,2,Active,0,Inactive,Active minus Inactive,-0.2878561503212267,0.16113031613192702,0.13344097296979338,30.0,Brent,E09000005
2026,2026/27,persistent_legacy,Borough,2,Active,1,Insufficiently Active,Active minus Insufficiently Active,-0.20347798149317775,0.09121360128236054,0.11020087008170881,30.0,Brent,E09000005
2026,2026/27,persistent_legacy,Borough,1,Insufficiently Active,0,Inactive,Insufficiently Active minus Inactive,-0.08437816882804894,0.06991671484956646,0.023240102888084563,30.0,Brent,E09000005
2026,2026/27,persistent_legacy,Borough,2,Active,0,Inactive,Active minus Inactive,-0.2783837023667708,0.16146217880054609,0.13349849143957204,35.0,Bromley,E09000006
2026,2026/27,persistent_legacy,Borough,2,Active,1,Insufficiently Active,Active minus Insufficiently Active,-0.20334723778761266,0.09132097398631119,0.1102190306238186,35.0,Bromley,E09000006
2026,2026/27,persistent_legacy,Borough,1,Insufficiently Active,0,Inactive,Insufficiently Active minus Inactive,-0.07503646457915814,0.07014120481423491,0.02327946081575345,35.0,Bromley,E09000006
2026,2026/27,persistent_legacy,Borough,2,Active,0,Inactive,Active minus Inactive,-0.3166551437083014,0.18806194615491648,0.14298189718113546,44.0,Camden,E09000007
2026,2026/27,persistent_legacy,Borough,2,Active,1,Insufficiently Active,Active minus Insufficiently Active,-0.17528801059307952,0.11726425569074854,0.1184921083525144,44.0,Camden,E09000007
2026,2026/27,persistent_legacy,Borough,1,Insufficiently Active,0,Inactive,Insufficiently Active minus Inactive,-0.14136713311522187,0.07079769046416795,0.024489788828621076,44.0,Camden,E09000007
2026,2026/27,persistent_legacy,Borough,2,Active,0,Inactive,Active minus Inactive,-0.2877410583528527,0.16112617368453153,0.13344006103449488,68.0,Croydon,E09000008
2026,2026/27,persistent_legacy,Borough,2,Active,1,Insufficiently Active,Active minus Insufficiently Active,-0.20347798149317775,0.09121360128236054,0.11020087008170881,68.0,Croydon,E09000008
2026,2026/27,persistent_legacy,Borough,1,Insufficiently Active,0,Inactive,Insufficiently Active minus Inactive,-0.08426307685967493,0.06991257240217097,0.02323919095278608,68.0,Croydon,E09000008
2026,2026/27,persistent_legacy,Borough,2,Active,0,Inactive,Active minus Inactive,-0.30641886313606326,0.16135011957941928,0.13349354707474886,78.0,Ealing,E09000009
2026,2026/27,persistent_legacy,Borough,2,Active,1,Insufficiently Active,Active minus Insufficiently Active,-0.20334723778761266,0.09132097398631119,0.1102190306238186,78.0,Ealing,E09000009
2026,2026/27,persistent_legacy,Borough,1,Insufficiently Active,0,Inactive,Insufficiently Active minus Inactive,-0.1030716253484506,0.07002914559310809,0.02327451645093026,78.0,Ealing,E09000009
2026,2026/27,persistent_legacy,Borough,2,Active,0,Inactive,Active minus Inactive,-0.29100849107238325,0.16122882248373116,0.13346015334762137,91.0,Enfield,E09000010
2026,2026/27,persistent_legacy,Borough,2,Active,1,Insufficiently Active,Active minus Insufficiently Active,-0.20203048554379055,0.0914998356251728,0.1101138925490911,91.0,Enfield,E09000010
2026,2026/27,persistent_legacy,Borough,1,Insufficiently Active,0,Inactive,Insufficiently Active minus Inactive,-0.0889780055285927,0.06972898685855836,0.023346260798530267,91.0,Enfield,E09000010
2026,2026/27,persistent_legacy,Borough,2,Active,0,Inactive,Active minus Inactive,-0.2858994263302669,0.1613108373895309,0.1335228623682428,107.0,Greenwich,E09000011
2026,2026/27,persistent_legacy,Borough,2,Active,1,Insufficiently Active,Active minus Insufficiently Active,-0.20293028688125225,0.09145932143818021,0.11025272222080408,107.0,Greenwich,E09000011
2026,2026/27,persistent_legacy,Borough,1,Insufficiently Active,0,Inactive,Insufficiently Active minus Inactive,-0.08296913944901463,0.0698515159513507,0.023270140147438712,107.0,Greenwich,E09000011
2026,2026/27,persistent_legacy,Borough,2,Active,0,Inactive,Active minus Inactive,-0.29586757149556975,0.18796163902567914,0.14294862239531278,109.0,Hackney,E09000012
2026,2026/27,persistent_legacy,Borough,2,Active,1,Insufficiently Active,Active minus Insufficiently Active,-0.17495774728717683,0.11727142322838348,0.118451940467659,109.0,Hackney,E09000012
2026,2026/27,persistent_legacy,Borough,1,Insufficiently Active,0,Inactive,Insufficiently Active minus Inactive,-0.12090982420839291,0.07069021579729565,0.024496681927653776,109.0,Hackney,E09000012
2026,2026/27,persistent_legacy,Borough,2,Active,0,Inactive,Active minus Inactive,-0.31513293401715325,0.18799118386476676,0.14296564642607346,112.0,Hammersmith and Fulham,E09000013
2026,2026/27,persistent_legacy,Borough,2,Active,1,Insufficiently Active,Active minus Insufficiently Active,-0.1749995358675025,0.11713423060149959,0.11841339753186807,112.0,Hammersmith and Fulham,E09000013
2026,2026/27,persistent_legacy,Borough,1,Insufficiently Active,0,Inactive,Insufficiently Active minus Inactive,-0.14013339814965076,0.07085695326326716,0.024552248894205382,112.0,Hammersmith and Fulham,E09000013
2026,2026/27,persistent_legacy,Borough,2,Active,0,Inactive,Active minus Inactive,-0.28101869938997626,0.18808012174226596,0.14295445646845645,114.0,Haringey,E09000014
2026,2026/27,persistent_legacy,Borough,2,Active,1,Insufficiently Active,Active minus Insufficiently Active,-0.17489778877316708,0.11723784599917537,0.11843262386919857,114.0,Haringey,E09000014
2026,2026/27,persistent_legacy,Borough,1,Insufficiently Active,0,Inactive,Insufficiently Active minus Inactive,-0.10612091061680917,0.07084227574309057,0.024521832599257873,114.0,Haringey,E09000014
2026,2026/27,persistent_legacy,Borough,2,Active,0,Inactive,Active minus Inactive,-0.2760614840150918,0.16155113755288017,0.13232432556064094,117.0,Harrow,E09000015
2026,2026/27,persistent_legacy,Borough,2,Active,1,Insufficiently Active,Active minus Insufficiently Active,-0.19970826719211154,0.09158879437750689,0.10893972667016,117.0,Harrow,E09000015
2026,2026/27,persistent_legacy,Borough,1,Insufficiently Active,0,Inactive,Insufficiently Active minus Inactive,-0.07635321682298024,0.0699623431753733,0.02338459889048095,117.0,Harrow,E09000015
2026,2026/27,persistent_legacy,Borough,2,Active,0,Inactive,Active minus Inactive,-0.2894936662808134,0.1603821339842393,0.13118004412480605,122.0,Havering,E09000016
2026,2026/27,persistent_legacy,Borough,2,Active,1,Insufficiently Active,Active minus Insufficiently Active,-0.20033916588755363,0.09050988712317677,0.10794443644849949,122.0,Havering,E09000016
2026,2026/27,persistent_legacy,Borough,1,Insufficiently Active,0,Inactive,Insufficiently Active minus Inactive,-0.08915450039325978,0.06987224686106254,0.023235607676306547,122.0,Havering,E09000016
2026,2026/27,persistent_legacy,Borough,2,Active,0,Inactive,Active minus Inactive,-0.30341079123600423,0.16053903271628486,0.13121895289942975,126.0,Hillingdon,E09000017
2026,2026/27,persistent_legacy,Borough,2,Active,1,Insufficiently Active,Active minus Insufficiently Active,-0.19991702408548462,0.09057176905522114,0.1079122091740455,126.0,Hillingdon,E09000017
2026,2026/27,persistent_legacy,Borough,1,Insufficiently Active,0,Inactive,Insufficiently Active minus Inactive,-0.10349376715051961,0.06996726366106372,0.023306743725384257,126.0,Hillingdon,E09000017
2026,2026/27,persistent_legacy,Borough,2,Active,0,Inactive,Active minus Inactive,-0.2770971619192222,0.16064403302193125,0.13122332834318512,129.0,Hounslow,E09000018
2026,2026/27,persistent_legacy,Borough,2,Active,1,Insufficiently Active,Active minus Insufficiently Active,-0.19902241364373152,0.09068874876203839,0.10783929837377199,129.0,Hounslow,E09000018
2026,2026/27,persistent_legacy,Borough,1,Insufficiently Active,0,Inactive,Insufficiently Active minus Inactive,-0.07807474827549066,0.06995528425989285,0.023384029969413134,129.0,Hounslow,E09000018
2026,2026/27,persistent_legacy,Borough,2,Active,0,Inactive,Active minus Inactive,-0.26468962718905964,0.1882891490022353,0.14298171650251684,135.0,Islington,E09000019
2026,2026/27,persistent_legacy,Borough,2,Active,1,Insufficiently Active,Active minus Insufficiently Active,-0.17495774728717683,0.11727142322838348,0.118451940467659,135.0,Islington,E09000019
2026,2026/27,persistent_legacy,Borough,1,Insufficiently Active,0,Inactive,Insufficiently Active minus Inactive,-0.0897318799018828,0.07101772577385182,0.024529776034857835,135.0,Islington,E09000019
2026,2026/27,persistent_legacy,Borough,2,Active,0,Inactive,Active minus Inactive,-0.29382320043581434,0.18787016550166266,0.14292918038124716,136.0,Kensington and Chelsea,E09000020
2026,2026/27,persistent_legacy,Borough,2,Active,1,Insufficiently Active,Active minus Insufficiently Active,-0.1749995358675025,0.11713423060149959,0.11841339753186807,136.0,Kensington and Chelsea,E09000020
2026,2026/27,persistent_legacy,Borough,1,Insufficiently Active,0,Inactive,Insufficiently Active minus Inactive,-0.11882366456831184,0.07073593490016308,0.02451578284937909,136.0,Kensington and Chelsea,E09000020
2026,2026/27,persistent_legacy,Borough,2,Active,0,Inactive,Active minus Inactive,-0.2800967799728966,0.16146321027756985,0.13349959974097425,139.0,Kingston upon Thames,E09000021
2026,2026/27,persistent_legacy,Borough,2,Active,1,Insufficiently Active,Active minus Insufficiently Active,-0.20203048554379055,0.0914998356251728,0.1101138925490911,139.0,Kingston upon Thames,E09000021
2026,2026/27,persistent_legacy,Borough,1,Insufficiently Active,0,Inactive,Insufficiently Active minus Inactive,-0.07806629442910606,0.06996337465239705,0.023385707191883157,139.0,Kingston upon Thames,E09000021
2026,2026/27,persistent_legacy,Borough,2,Active,0,Inactive,Active minus Inactive,-0.26479137428339505,0.18818553360455953,0.14296249016518633,142.0,Lambeth,E09000022
2026,2026/27,persistent_legacy,Borough,2,Active,1,Insufficiently Active,Active minus Insufficiently Active,-0.1749995358675025,0.11713423060149959,0.11841339753186807,142.0,Lambeth,E09000022
2026,2026/27,persistent_legacy,Borough,1,Insufficiently Active,0,Inactive,Insufficiently Active minus Inactive,-0.08979183841589256,0.07105130300305992,0.024549092633318257,142.0,Lambeth,E09000022
2026,2026/27,persistent_legacy,Borough,2,Active,0,Inactive,Active minus Inactive,-0.2806241131277114,0.18817021856548835,0.14297008553338553,147.0,Lewisham,E09000023
2026,2026/27,persistent_legacy,Borough,2,Active,1,Insufficiently Active,Active minus Insufficiently Active,-0.17489778877316708,0.11723784599917537,0.11843262386919857,147.0,Lewisham,E09000023
2026,2026/27,persistent_legacy,Borough,1,Insufficiently Active,0,Inactive,Insufficiently Active minus Inactive,-0.10572632435454432,0.07093237256631298,0.02453746166418695,147.0,Lewisham,E09000023
2026,2026/27,persistent_legacy,Borough,2,Active,0,Inactive,Active minus Inactive,-0.2782506830158423,0.16146404799353914,0.13349881546016937,160.0,Merton,E09000024
2026,2026/27,persistent_legacy,Borough,2,Active,1,Insufficiently Active,Active minus Insufficiently Active,-0.20203048554379055,0.0914998356251728,0.1101138925490911,160.0,Merton,E09000024
2026,2026/27,persistent_legacy,Borough,1,Insufficiently Active,0,Inactive,Insufficiently Active minus Inactive,-0.07622019747205178,0.06996421236836632,0.023384922911078274,160.0,Merton,E09000024
2026,2026/27,persistent_legacy,Borough,2,Active,0,Inactive,Active minus Inactive,-0.2862239543859184,0.18790098741079553,0.14292683237837184,171.0,Newham,E09000025
2026,2026/27,persistent_legacy,Borough,2,Active,1,Insufficiently Active,Active minus Insufficiently Active,-0.1749995358675025,0.11713423060149959,0.11841339753186807,171.0,Newham,E09000025
2026,2026/27,persistent_legacy,Borough,1,Insufficiently Active,0,Inactive,Insufficiently Active minus Inactive,-0.11122441851841591,0.07076675680929594,0.024513434846503774,171.0,Newham,E09000025
2026,2026/27,persistent_legacy,Borough,2,Active,0,Inactive,Active minus Inactive,-0.2876155055429962,0.16131001190830682,0.13352414044804414,196.0,Redbridge,E09000026
2026,2026/27,persistent_legacy,Borough,2,Active,1,Insufficiently Active,Active minus Insufficiently Active,-0.20293028688125225,0.09145932143818021,0.11025272222080408,196.0,Redbridge,E09000026
2026,2026/27,persistent_legacy,Borough,1,Insufficiently Active,0,Inactive,Insufficiently Active minus Inactive,-0.08468521866174394,0.0698506904701266,0.023271418227240076,196.0,Redbridge,E09000026
2026,2026/27,persistent_legacy,Borough,2,Active,0,Inactive,Active minus Inactive,-0.3069038840571464,0.16124259724934004,0.13347558867040246,201.0,Richmond upon Thames,E09000027
2026,2026/27,persistent_legacy,Borough,2,Active,1,Insufficiently Active,Active minus Insufficiently Active,-0.20347798149317775,0.09121360128236054,0.11020087008170881,201.0,Richmond upon Thames,E09000027
2026,2026/27,persistent_legacy,Borough,1,Insufficiently Active,0,Inactive,Insufficiently Active minus Inactive,-0.10342590256396866,0.07002899596697951,0.02327471858869365,201.0,Richmond upon Thames,E09000027
2026,2026/27,persistent_legacy,Borough,2,Active,0,Inactive,Active minus Inactive,-0.3314190148089369,0.1878026954298789,0.14295730507066337,241.0,Southwark,E09000028
2026,2026/27,persistent_legacy,Borough,2,Active,1,Insufficiently Active,Active minus Insufficiently Active,-0.17505949438151225,0.1171678078307077,0.11843271413032849,241.0,Southwark,E09000028
2026,2026/27,persistent_legacy,Borough,1,Insufficiently Active,0,Inactive,Insufficiently Active minus Inactive,-0.15635952042742463,0.0706348875991712,0.024524590940334885,241.0,Southwark,E09000028
2026,2026/27,persistent_legacy,Borough,2,Active,0,Inactive,Active minus Inactive,-0.3067080362010328,0.1612317874551098,0.13336111951920043,255.0,Sutton,E09000029
2026,2026/27,persistent_legacy,Borough,2,Active,1,Insufficiently Active,Active minus Insufficiently Active,-0.20285999183499515,0.09126467342017468,0.11005417365605279,255.0,Sutton,E09000029
2026,2026/27,persistent_legacy,Borough,1,Insufficiently Active,0,Inactive,Insufficiently Active minus Inactive,-0.10384804436603767,0.06996711403493514,0.023306945863147646,255.0,Sutton,E09000029
2026,2026/27,persistent_legacy,Borough,2,Active,0,Inactive,Active minus Inactive,-0.26468962718905964,0.1882891490022353,0.14298171650251684,272.0,Tower Hamlets,E09000030
2026,2026/27,persistent_legacy,Borough,2,Active,1,Insufficiently Active,Active minus Insufficiently Active,-0.17489778877316708,0.11723784599917537,0.11843262386919857,272.0,Tower Hamlets,E09000030
2026,2026/27,persistent_legacy,Borough,1,Insufficiently Active,0,Inactive,Insufficiently Active minus Inactive,-0.08979183841589256,0.07105130300305992,0.024549092633318257,272.0,Tower Hamlets,E09000030
2026,2026/27,persistent_legacy,Borough,2,Active,0,Inactive,Active minus Inactive,-0.2791651087328153,0.16146564394332866,0.1334996246391442,279.0,Waltham Forest,E09000031
2026,2026/27,persistent_legacy,Borough,2,Active,1,Insufficiently Active,Active minus Insufficiently Active,-0.20203048554379055,0.0914998356251728,0.1101138925490911,279.0,Waltham Forest,E09000031
2026,2026/27,persistent_legacy,Borough,1,Insufficiently Active,0,Inactive,Insufficiently Active minus Inactive,-0.07713462318902475,0.06996580831815585,0.02338573209005308,279.0,Waltham Forest,E09000031
2026,2026/27,persistent_legacy,Borough,2,Active,0,Inactive,Active minus Inactive,-0.3166551437083014,0.18806194615491648,0.14298189718113546,280.0,Wandsworth,E09000032
2026,2026/27,persistent_legacy,Borough,2,Active,1,Insufficiently Active,Active minus Insufficiently Active,-0.17489778877316708,0.11723784599917537,0.11843262386919857,280.0,Wandsworth,E09000032
2026,2026/27,persistent_legacy,Borough,1,Insufficiently Active,0,Inactive,Insufficiently Active minus Inactive,-0.1417573549351343,0.07082410015574112,0.024549273311936903,280.0,Wandsworth,E09000032
2026,2026/27,persistent_legacy,Borough,2,Active,0,Inactive,Active minus Inactive,-0.3319571275150861,0.18712408436744277,0.14276994944135432,293.0,Westminster,E09000033
2026,2026/27,persistent_legacy,Borough,2,Active,1,Insufficiently Active,Active minus Insufficiently Active,-0.17556613368458485,0.11645220869380739,0.11822569146714028,293.0,Westminster,E09000033
2026,2026/27,persistent_legacy,Borough,1,Insufficiently Active,0,Inactive,Insufficiently Active minus Inactive,-0.15639099383050126,0.07067187567363538,0.024544257974214032,293.0,Westminster,E09000033
2027,2027/28,legacy_recovery,Borough,2,Active,0,Inactive,Active minus Inactive,-0.25927156839587806,0.15838878756767055,0.12126091826829069,8.0,Barking and Dagenham,E09000002
2027,2027/28,legacy_recovery,Borough,2,Active,1,Insufficiently Active,Active minus Insufficiently Active,-0.19242050530135513,0.08766733854343642,0.0987977008791158,8.0,Barking and Dagenham,E09000002
2027,2027/28,legacy_recovery,Borough,1,Insufficiently Active,0,Inactive,Insufficiently Active minus Inactive,-0.06685106309452293,0.07072144902423413,0.022463217389174905,8.0,Barking and Dagenham,E09000002
2027,2027/28,legacy_recovery,Borough,2,Active,0,Inactive,Active minus Inactive,-0.261882374631091,0.1585858984130871,0.12130364913076165,9.0,Barnet,E09000003
2027,2027/28,legacy_recovery,Borough,2,Active,1,Insufficiently Active,Active minus Insufficiently Active,-0.19242050530135513,0.08766733854343642,0.0987977008791158,9.0,Barnet,E09000003
2027,2027/28,legacy_recovery,Borough,1,Insufficiently Active,0,Inactive,Insufficiently Active minus Inactive,-0.06946186932973586,0.07091855986965069,0.022505948251645865,9.0,Barnet,E09000003
2027,2027/28,legacy_recovery,Borough,2,Active,0,Inactive,Active minus Inactive,-0.26515347261940414,0.1583950414514725,0.1210717646112167,17.0,Bexley,E09000004
2027,2027/28,legacy_recovery,Borough,2,Active,1,Insufficiently Active,Active minus Insufficiently Active,-0.19197776185762305,0.08770901445581217,0.0986107668471208,17.0,Bexley,E09000004
2027,2027/28,legacy_recovery,Borough,1,Insufficiently Active,0,Inactive,Insufficiently Active minus Inactive,-0.07317571076178109,0.07068602699566033,0.022460997764095908,17.0,Bexley,E09000004
2027,2027/28,legacy_recovery,Borough,2,Active,0,Inactive,Active minus Inactive,-0.29311375082446345,0.15845938109954144,0.12110438750580486,30.0,Brent,E09000005
2027,2027/28,legacy_recovery,Borough,2,Active,1,Insufficiently Active,Active minus Insufficiently Active,-0.19197776185762305,0.08770901445581217,0.0986107668471208,30.0,Brent,E09000005
2027,2027/28,legacy_recovery,Borough,1,Insufficiently Active,0,Inactive,Insufficiently Active minus Inactive,-0.1011359889668404,0.07075036664372927,0.022493620658684068,30.0,Brent,E09000005
2027,2027/28,legacy_recovery,Borough,2,Active,0,Inactive,Active minus Inactive,-0.2657534614045084,0.15864929095170005,0.12156260760019767,35.0,Bromley,E09000006
2027,2027/28,legacy_recovery,Borough,2,Active,1,Insufficiently Active,Active minus Insufficiently Active,-0.1925777506427273,0.0879632639560397,0.09910160983610178,35.0,Bromley,E09000006
2027,2027/28,legacy_recovery,Borough,1,Insufficiently Active,0,Inactive,Insufficiently Active minus Inactive,-0.07317571076178109,0.07068602699566033,0.022460997764095908,35.0,Bromley,E09000006
2027,2027/28,legacy_recovery,Borough,2,Active,0,Inactive,Active minus Inactive,-0.2545541703244991,0.18295634467799943,0.13139936450191117,44.0,Camden,E09000007
2027,2027/28,legacy_recovery,Borough,2,Active,1,Insufficiently Active,Active minus Insufficiently Active,-0.1705621194017235,0.11082431546305109,0.10767951896660319,44.0,Camden,E09000007
2027,2027/28,legacy_recovery,Borough,1,Insufficiently Active,0,Inactive,Insufficiently Active minus Inactive,-0.08399205092277562,0.07213202921494834,0.023719845535308,44.0,Camden,E09000007
2027,2027/28,legacy_recovery,Borough,2,Active,0,Inactive,Active minus Inactive,-0.2895146374046573,0.158456363723852,0.12129503257265463,68.0,Croydon,E09000008
2027,2027/28,legacy_recovery,Borough,2,Active,1,Insufficiently Active,Active minus Insufficiently Active,-0.19242050530135513,0.08766733854343642,0.0987977008791158,68.0,Croydon,E09000008
2027,2027/28,legacy_recovery,Borough,1,Insufficiently Active,0,Inactive,Insufficiently Active minus Inactive,-0.0970941321033022,0.07078902518041558,0.022497331693538843,68.0,Croydon,E09000008
2027,2027/28,legacy_recovery,Borough,2,Active,0,Inactive,Active minus Inactive,-0.26203961997246317,0.15888182382569038,0.12160755808774763,78.0,Ealing,E09000009
2027,2027/28,legacy_recovery,Borough,2,Active,1,Insufficiently Active,Active minus Insufficiently Active,-0.1925777506427273,0.0879632639560397,0.09910160983610178,78.0,Ealing,E09000009
2027,2027/28,legacy_recovery,Borough,1,Insufficiently Active,0,Inactive,Insufficiently Active minus Inactive,-0.06946186932973586,0.07091855986965069,0.022505948251645865,78.0,Ealing,E09000009
2027,2027/28,legacy_recovery,Borough,2,Active,0,Inactive,Active minus Inactive,-0.2999149160695145,0.1586653036127509,0.12159199396318988,91.0,Enfield,E09000010
2027,2027/28,legacy_recovery,Borough,2,Active,1,Insufficiently Active,Active minus Insufficiently Active,-0.1925777506427273,0.0879632639560397,0.09910160983610178,91.0,Enfield,E09000010
2027,2027/28,legacy_recovery,Borough,1,Insufficiently Active,0,Inactive,Insufficiently Active minus Inactive,-0.10733716542678717,0.07070203965671121,0.022490384127088106,91.0,Enfield,E09000010
2027,2027/28,legacy_recovery,Borough,2,Active,0,Inactive,Active minus Inactive,-0.30032643361092537,0.15866874911281936,0.12159282446189691,107.0,Greenwich,E09000011
2027,2027/28,legacy_recovery,Borough,2,Active,1,Insufficiently Active,Active minus Insufficiently Active,-0.1925777506427273,0.0879632639560397,0.09910160983610178,107.0,Greenwich,E09000011
2027,2027/28,legacy_recovery,Borough,1,Insufficiently Active,0,Inactive,Insufficiently Active minus Inactive,-0.10774868296819806,0.07070548515677966,0.022491214625795144,107.0,Greenwich,E09000011
2027,2027/28,legacy_recovery,Borough,2,Active,0,Inactive,Active minus Inactive,-0.31070246119738687,0.18264810366498907,0.1313907037867912,109.0,Hackney,E09000012
2027,2027/28,legacy_recovery,Borough,2,Active,1,Insufficiently Active,Active minus Insufficiently Active,-0.1705621194017235,0.11082431546305109,0.10767951896660319,109.0,Hackney,E09000012
2027,2027/28,legacy_recovery,Borough,1,Insufficiently Active,0,Inactive,Insufficiently Active minus Inactive,-0.14014034179566337,0.071823788201938,0.023711184820188035,109.0,Hackney,E09000012
2027,2027/28,legacy_recovery,Borough,2,Active,0,Inactive,Active minus Inactive,-0.2575311477824933,0.18295964958989608,0.13140158687560202,112.0,Hammersmith and Fulham,E09000013
2027,2027/28,legacy_recovery,Borough,2,Active,1,Insufficiently Active,Active minus Insufficiently Active,-0.1698050092277391,0.11080295994715186,0.10757554947532147,112.0,Hammersmith and Fulham,E09000013
2027,2027/28,legacy_recovery,Borough,1,Insufficiently Active,0,Inactive,Insufficiently Active minus Inactive,-0.0877261385547542,0.07215668964274422,0.02382603740028056,112.0,Hammersmith and Fulham,E09000013
2027,2027/28,legacy_recovery,Borough,2,Active,0,Inactive,Active minus Inactive,-0.2650332529024463,0.18267976411300163,0.13135511395884183,114.0,Haringey,E09000014
2027,2027/28,legacy_recovery,Borough,2,Active,1,Insufficiently Active,Active minus Insufficiently Active,-0.1705621194017235,0.11082431546305109,0.10767951896660319,114.0,Haringey,E09000014
2027,2027/28,legacy_recovery,Borough,1,Insufficiently Active,0,Inactive,Insufficiently Active minus Inactive,-0.09447113350072278,0.07185544864995053,0.02367559499223866,114.0,Haringey,E09000014
2027,2027/28,legacy_recovery,Borough,2,Active,0,Inactive,Active minus Inactive,-0.2655962160631362,0.15835336553909676,0.12125869864321169,117.0,Harrow,E09000015
2027,2027/28,legacy_recovery,Borough,2,Active,1,Insufficiently Active,Active minus Insufficiently Active,-0.19242050530135513,0.08766733854343642,0.0987977008791158,117.0,Harrow,E09000015
2027,2027/28,legacy_recovery,Borough,1,Insufficiently Active,0,Inactive,Insufficiently Active minus Inactive,-0.07317571076178109,0.07068602699566033,0.022460997764095908,117.0,Harrow,E09000015
2027,2027/28,legacy_recovery,Borough,2,Active,0,Inactive,Active minus Inactive,-0.2614396311873589,0.15862757432546284,0.12111671509876666,122.0,Havering,E09000016
2027,2027/28,legacy_recovery,Borough,2,Active,1,Insufficiently Active,Active minus Insufficiently Active,-0.19197776185762305,0.08770901445581217,0.0986107668471208,122.0,Havering,E09000016
2027,2027/28,legacy_recovery,Borough,1,Insufficiently Active,0,Inactive,Insufficiently Active minus Inactive,-0.06946186932973586,0.07091855986965069,0.022505948251645865,122.0,Havering,E09000016
2027,2027/28,legacy_recovery,Borough,2,Active,0,Inactive,Active minus Inactive,-0.2614396311873589,0.15862757432546284,0.12111671509876666,126.0,Hillingdon,E09000017
2027,2027/28,legacy_recovery,Borough,2,Active,1,Insufficiently Active,Active minus Insufficiently Active,-0.19197776185762305,0.08770901445581217,0.0986107668471208,126.0,Hillingdon,E09000017
2027,2027/28,legacy_recovery,Borough,1,Insufficiently Active,0,Inactive,Insufficiently Active minus Inactive,-0.06946186932973586,0.07091855986965069,0.022505948251645865,126.0,Hillingdon,E09000017
2027,2027/28,legacy_recovery,Borough,2,Active,0,Inactive,Active minus Inactive,-0.26292481349260444,0.15843057028679716,0.12107719011778703,129.0,Hounslow,E09000018
2027,2027/28,legacy_recovery,Borough,2,Active,1,Insufficiently Active,Active minus Insufficiently Active,-0.19197776185762305,0.08770901445581217,0.0986107668471208,129.0,Hounslow,E09000018
2027,2027/28,legacy_recovery,Borough,1,Insufficiently Active,0,Inactive,Insufficiently Active minus Inactive,-0.07094705163498138,0.070721555830985,0.02246642327066623,129.0,Hounslow,E09000018
2027,2027/28,legacy_recovery,Borough,2,Active,0,Inactive,Active minus Inactive,-0.2650332529024463,0.18267976411300163,0.13135511395884183,135.0,Islington,E09000019
2027,2027/28,legacy_recovery,Borough,2,Active,1,Insufficiently Active,Active minus Insufficiently Active,-0.1705621194017235,0.11082431546305109,0.10767951896660319,135.0,Islington,E09000019
2027,2027/28,legacy_recovery,Borough,1,Insufficiently Active,0,Inactive,Insufficiently Active minus Inactive,-0.09447113350072278,0.07185544864995053,0.02367559499223866,135.0,Islington,E09000019
2027,2027/28,legacy_recovery,Borough,2,Active,0,Inactive,Active minus Inactive,-0.31098860444501586,0.1826436021236324,0.13139041182463956,136.0,Kensington and Chelsea,E09000020
2027,2027/28,legacy_recovery,Borough,2,Active,1,Insufficiently Active,Active minus Insufficiently Active,-0.1705621194017235,0.11082431546305109,0.10767951896660319,136.0,Kensington and Chelsea,E09000020
2027,2027/28,legacy_recovery,Borough,1,Insufficiently Active,0,Inactive,Insufficiently Active minus Inactive,-0.14042648504329236,0.07181928666058131,0.023710892858036382,136.0,Kensington and Chelsea,E09000020
2027,2027/28,legacy_recovery,Borough,2,Active,0,Inactive,Active minus Inactive,-0.26776070641461713,0.15865863950716452,0.12156610345511842,139.0,Kingston upon Thames,E09000021
2027,2027/28,legacy_recovery,Borough,2,Active,1,Insufficiently Active,Active minus Insufficiently Active,-0.1925777506427273,0.0879632639560397,0.09910160983610178,139.0,Kingston upon Thames,E09000021
2027,2027/28,legacy_recovery,Borough,1,Insufficiently Active,0,Inactive,Insufficiently Active minus Inactive,-0.07518295577188983,0.07069537555112483,0.022464493619016652,139.0,Kingston upon Thames,E09000021
2027,2027/28,legacy_recovery,Borough,2,Active,0,Inactive,Active minus Inactive,-0.2650332529024463,0.18267976411300163,0.13135511395884183,142.0,Lambeth,E09000022
2027,2027/28,legacy_recovery,Borough,2,Active,1,Insufficiently Active,Active minus Insufficiently Active,-0.1705621194017235,0.11082431546305109,0.10767951896660319,142.0,Lambeth,E09000022
2027,2027/28,legacy_recovery,Borough,1,Insufficiently Active,0,Inactive,Insufficiently Active minus Inactive,-0.09447113350072278,0.07185544864995053,0.02367559499223866,142.0,Lambeth,E09000022
2027,2027/28,legacy_recovery,Borough,2,Active,0,Inactive,Active minus Inactive,-0.2650332529024463,0.18267976411300163,0.13135511395884183,147.0,Lewisham,E09000023
2027,2027/28,legacy_recovery,Borough,2,Active,1,Insufficiently Active,Active minus Insufficiently Active,-0.1705621194017235,0.11082431546305109,0.10767951896660319,147.0,Lewisham,E09000023
2027,2027/28,legacy_recovery,Borough,1,Insufficiently Active,0,Inactive,Insufficiently Active minus Inactive,-0.09447113350072278,0.07185544864995053,0.02367559499223866,147.0,Lewisham,E09000023
2027,2027/28,legacy_recovery,Borough,2,Active,0,Inactive,Active minus Inactive,-0.26801420245031926,0.15849297329424014,0.1218357460173785,160.0,Merton,E09000024
2027,2027/28,legacy_recovery,Borough,2,Active,1,Insufficiently Active,Active minus Insufficiently Active,-0.19336978446244724,0.08780471405399481,0.09937310115540635,160.0,Merton,E09000024
2027,2027/28,legacy_recovery,Borough,1,Insufficiently Active,0,Inactive,Insufficiently Active minus Inactive,-0.07464441798787202,0.07068825924024533,0.02246264486197216,160.0,Merton,E09000024
2027,2027/28,legacy_recovery,Borough,2,Active,0,Inactive,Active minus Inactive,-0.31098860444501586,0.1826436021236324,0.13139041182463956,171.0,Newham,E09000025
2027,2027/28,legacy_recovery,Borough,2,Active,1,Insufficiently Active,Active minus Insufficiently Active,-0.1705621194017235,0.11082431546305109,0.10767951896660319,171.0,Newham,E09000025
2027,2027/28,legacy_recovery,Borough,1,Insufficiently Active,0,Inactive,Insufficiently Active minus Inactive,-0.14042648504329236,0.07181928666058131,0.023710892858036382,171.0,Newham,E09000025
2027,2027/28,legacy_recovery,Borough,2,Active,0,Inactive,Active minus Inactive,-0.2896718827460295,0.15875228913645528,0.12159894152964061,196.0,Redbridge,E09000026
2027,2027/28,legacy_recovery,Borough,2,Active,1,Insufficiently Active,Active minus Insufficiently Active,-0.1925777506427273,0.0879632639560397,0.09910160983610178,196.0,Redbridge,E09000026
2027,2027/28,legacy_recovery,Borough,1,Insufficiently Active,0,Inactive,Insufficiently Active minus Inactive,-0.0970941321033022,0.07078902518041558,0.022497331693538843,196.0,Redbridge,E09000026
2027,2027/28,legacy_recovery,Borough,2,Active,0,Inactive,Active minus Inactive,-0.2614396311873589,0.15862757432546284,0.12111671509876666,201.0,Richmond upon Thames,E09000027
2027,2027/28,legacy_recovery,Borough,2,Active,1,Insufficiently Active,Active minus Insufficiently Active,-0.19197776185762305,0.08770901445581217,0.0986107668471208,201.0,Richmond upon Thames,E09000027
2027,2027/28,legacy_recovery,Borough,1,Insufficiently Active,0,Inactive,Insufficiently Active minus Inactive,-0.06946186932973586,0.07091855986965069,0.022505948251645865,201.0,Richmond upon Thames,E09000027
2027,2027/28,legacy_recovery,Borough,2,Active,0,Inactive,Active minus Inactive,-0.24958722076862516,0.18294442282175363,0.1313942742276727,241.0,Southwark,E09000028
2027,2027/28,legacy_recovery,Borough,2,Active,1,Insufficiently Active,Active minus Insufficiently Active,-0.1705621194017235,0.11082431546305109,0.10767951896660319,241.0,Southwark,E09000028
2027,2027/28,legacy_recovery,Borough,1,Insufficiently Active,0,Inactive,Insufficiently Active minus Inactive,-0.07902510136690166,0.07212010735870254,0.023714755261069524,241.0,Southwark,E09000028
2027,2027/28,legacy_recovery,Borough,2,Active,0,Inactive,Active minus Inactive,-0.261882374631091,0.1585858984130871,0.12130364913076165,255.0,Sutton,E09000029
2027,2027/28,legacy_recovery,Borough,2,Active,1,Insufficiently Active,Active minus Insufficiently Active,-0.19242050530135513,0.08766733854343642,0.0987977008791158,255.0,Sutton,E09000029
2027,2027/28,legacy_recovery,Borough,1,Insufficiently Active,0,Inactive,Insufficiently Active minus Inactive,-0.06946186932973586,0.07091855986965069,0.022505948251645865,255.0,Sutton,E09000029
2027,2027/28,legacy_recovery,Borough,2,Active,0,Inactive,Active minus Inactive,-0.2650332529024463,0.18267976411300163,0.13135511395884183,272.0,Tower Hamlets,E09000030
2027,2027/28,legacy_recovery,Borough,2,Active,1,Insufficiently Active,Active minus Insufficiently Active,-0.1705621194017235,0.11082431546305109,0.10767951896660319,272.0,Tower Hamlets,E09000030
2027,2027/28,legacy_recovery,Borough,1,Insufficiently Active,0,Inactive,Insufficiently Active minus Inactive,-0.09447113350072278,0.07185544864995053,0.02367559499223866,272.0,Tower Hamlets,E09000030
2027,2027/28,legacy_recovery,Borough,2,Active,0,Inactive,Active minus Inactive,-0.26384057124819704,0.15866945850170874,0.12156514574036545,279.0,Waltham Forest,E09000031
2027,2027/28,legacy_recovery,Borough,2,Active,1,Insufficiently Active,Active minus Insufficiently Active,-0.1925777506427273,0.0879632639560397,0.09910160983610178,279.0,Waltham Forest,E09000031
2027,2027/28,legacy_recovery,Borough,1,Insufficiently Active,0,Inactive,Insufficiently Active minus Inactive,-0.07126282060546973,0.07070619454566904,0.02246353590426368,279.0,Waltham Forest,E09000031
2027,2027/28,legacy_recovery,Borough,2,Active,0,Inactive,Active minus Inactive,-0.2545541703244991,0.18295634467799943,0.13139936450191117,280.0,Wandsworth,E09000032
2027,2027/28,legacy_recovery,Borough,2,Active,1,Insufficiently Active,Active minus Insufficiently Active,-0.1705621194017235,0.11082431546305109,0.10767951896660319,280.0,Wandsworth,E09000032
2027,2027/28,legacy_recovery,Borough,1,Insufficiently Active,0,Inactive,Insufficiently Active minus Inactive,-0.08399205092277562,0.07213202921494834,0.023719845535308,280.0,Wandsworth,E09000032
2027,2027/28,legacy_recovery,Borough,2,Active,0,Inactive,Active minus Inactive,-0.2504649512294169,0.18293453288210018,0.13139278052273287,293.0,Westminster,E09000033
2027,2027/28,legacy_recovery,Borough,2,Active,1,Insufficiently Active,Active minus Insufficiently Active,-0.1705621194017235,0.11082431546305109,0.10767951896660319,293.0,Westminster,E09000033
2027,2027/28,legacy_recovery,Borough,1,Insufficiently Active,0,Inactive,Insufficiently Active minus Inactive,-0.07990283182769342,0.07211021741904908,0.023713261556129694,293.0,Westminster,E09000033
2027,2027/28,persistent_legacy,Borough,2,Active,0,Inactive,Active minus Inactive,-0.2858942354345584,0.16123437186970627,0.13345694349680332,8.0,Barking and Dagenham,E09000002
2027,2027/28,persistent_legacy,Borough,2,Active,1,Insufficiently Active,Active minus Insufficiently Active,-0.20334723778761277,0.09132097398631116,0.1102190306238186,8.0,Barking and Dagenham,E09000002
2027,2027/28,persistent_legacy,Borough,1,Insufficiently Active,0,Inactive,Insufficiently Active minus Inactive,-0.08254699764694562,0.0699133978833951,0.02323791287298472,8.0,Barking and Dagenham,E09000002
2027,2027/28,persistent_legacy,Borough,2,Active,0,Inactive,Active minus Inactive,-0.2791702996285239,0.16154210946315328,0.1335655435105837,9.0,Barnet,E09000003
2027,2027/28,persistent_legacy,Borough,2,Active,1,Insufficiently Active,Active minus Insufficiently Active,-0.20335242868332148,0.09139743950613578,0.1102849494952581,9.0,Barnet,E09000003
2027,2027/28,persistent_legacy,Borough,1,Insufficiently Active,0,Inactive,Insufficiently Active minus Inactive,-0.07581787094520243,0.0701446699570175,0.023280594015325583,9.0,Barnet,E09000003
2027,2027/28,persistent_legacy,Borough,2,Active,0,Inactive,Active minus Inactive,-0.28550866978998946,0.1613977951325957,0.1324637273667066,17.0,Bexley,E09000004
2027,2027/28,persistent_legacy,Borough,2,Active,1,Insufficiently Active,Active minus Insufficiently Active,-0.20124559293031474,0.09148522273042468,0.10922453641392055,17.0,Bexley,E09000004
2027,2027/28,persistent_legacy,Borough,1,Insufficiently Active,0,Inactive,Insufficiently Active minus Inactive,-0.08426307685967471,0.069912572402171,0.023239190952786083,17.0,Bexley,E09000004
2027,2027/28,persistent_legacy,Borough,2,Active,0,Inactive,Active minus Inactive,-0.31739237942885445,0.1612661218555565,0.1334874235213989,30.0,Brent,E09000005
2027,2027/28,persistent_legacy,Borough,2,Active,1,Insufficiently Active,Active minus Insufficiently Active,-0.20311792024042696,0.09138065549618062,0.1102101654943879,30.0,Brent,E09000005
2027,2027/28,persistent_legacy,Borough,1,Insufficiently Active,0,Inactive,Insufficiently Active minus Inactive,-0.11427445918842749,0.06988546635937588,0.02327725802701098,30.0,Brent,E09000005
2027,2027/28,persistent_legacy,Borough,2,Active,0,Inactive,Active minus Inactive,-0.2876103146472875,0.16123354638848217,0.13345822157660467,35.0,Bromley,E09000006
2027,2027/28,persistent_legacy,Borough,2,Active,1,Insufficiently Active,Active minus Insufficiently Active,-0.20311792024042696,0.09138065549618062,0.1102101654943879,35.0,Bromley,E09000006
2027,2027/28,persistent_legacy,Borough,1,Insufficiently Active,0,Inactive,Insufficiently Active minus Inactive,-0.08449239440686052,0.06985289089230154,0.02324805608221678,35.0,Bromley,E09000006
2027,2027/28,persistent_legacy,Borough,2,Active,0,Inactive,Active minus Inactive,-0.27280075030052053,0.18821397147509955,0.14297264375587918,44.0,Camden,E09000007
2027,2027/28,persistent_legacy,Borough,2,Active,1,Insufficiently Active,Active minus Insufficiently Active,-0.1749995358675026,0.11713423060149954,0.11841339753186804,44.0,Camden,E09000007
2027,2027/28,persistent_legacy,Borough,1,Insufficiently Active,0,Inactive,Insufficiently Active minus Inactive,-0.09780121443301792,0.07107974087360001,0.024559246224011132,44.0,Camden,E09000007
2027,2027/28,persistent_legacy,Borough,2,Active,0,Inactive,Active minus Inactive,-0.31739237942885445,0.1612661218555565,0.1334874235213989,68.0,Croydon,E09000008
2027,2027/28,persistent_legacy,Borough,2,Active,1,Insufficiently Active,Active minus Insufficiently Active,-0.20311792024042696,0.09138065549618062,0.1102101654943879,68.0,Croydon,E09000008
2027,2027/28,persistent_legacy,Borough,1,Insufficiently Active,0,Inactive,Insufficiently Active minus Inactive,-0.11427445918842749,0.06988546635937588,0.02327725802701098,68.0,Croydon,E09000008
2027,2027/28,persistent_legacy,Borough,2,Active,0,Inactive,Active minus Inactive,-0.2791651087328152,0.16146564394332866,0.1334996246391442,78.0,Ealing,E09000009
2027,2027/28,persistent_legacy,Borough,2,Active,1,Insufficiently Active,Active minus Insufficiently Active,-0.20311792024042696,0.09138065549618062,0.1102101654943879,78.0,Ealing,E09000009
2027,2027/28,persistent_legacy,Borough,1,Insufficiently Active,0,Inactive,Insufficiently Active minus Inactive,-0.07604718849238823,0.07008498844714804,0.023289459144756282,78.0,Ealing,E09000009
2027,2027/28,persistent_legacy,Borough,2,Active,0,Inactive,Active minus Inactive,-0.31808562693425424,0.16125872944649272,0.13348679033044494,91.0,Enfield,E09000010
2027,2027/28,persistent_legacy,Borough,2,Active,1,Insufficiently Active,Active minus Insufficiently Active,-0.20334723778761277,0.09132097398631116,0.1102190306238186,91.0,Enfield,E09000010
2027,2027/28,persistent_legacy,Borough,1,Insufficiently Active,0,Inactive,Insufficiently Active minus Inactive,-0.11473838914664147,0.06993775546018155,0.023267759706626333,91.0,Enfield,E09000010
2027,2027/28,persistent_legacy,Borough,2,Active,0,Inactive,Active minus Inactive,-0.3189350136327719,0.1612521682454612,0.1334864157963882,107.0,Greenwich,E09000011
2027,2027/28,persistent_legacy,Borough,2,Active,1,Insufficiently Active,Active minus Insufficiently Active,-0.20334723778761277,0.09132097398631116,0.1102190306238186,107.0,Greenwich,E09000011
2027,2027/28,persistent_legacy,Borough,1,Insufficiently Active,0,Inactive,Insufficiently Active minus Inactive,-0.11558777584515911,0.06993119425915006,0.0232673851725696,107.0,Greenwich,E09000011
2027,2027/28,persistent_legacy,Borough,2,Active,0,Inactive,Active minus Inactive,-0.32689566579070706,0.1878533120535445,0.1429587015408232,109.0,Hackney,E09000012
2027,2027/28,persistent_legacy,Borough,2,Active,1,Insufficiently Active,Active minus Insufficiently Active,-0.1749995358675026,0.11713423060149954,0.11841339753186804,109.0,Hackney,E09000012
2027,2027/28,persistent_legacy,Borough,1,Insufficiently Active,0,Inactive,Insufficiently Active minus Inactive,-0.15189612992320445,0.07071908145204496,0.024545304008955163,109.0,Hackney,E09000012
2027,2027/28,persistent_legacy,Borough,2,Active,0,Inactive,Active minus Inactive,-0.27198106187953197,0.18821271424861413,0.14297195172715899,112.0,Hammersmith and Fulham,E09000013
2027,2027/28,persistent_legacy,Borough,2,Active,1,Insufficiently Active,Active minus Insufficiently Active,-0.17505949438151247,0.11716780783070771,0.11843271413032849,112.0,Hammersmith and Fulham,E09000013
2027,2027/28,persistent_legacy,Borough,1,Insufficiently Active,0,Inactive,Insufficiently Active minus Inactive,-0.0969215674980195,0.07104490641790642,0.02453923759683048,112.0,Hammersmith and Fulham,E09000013
2027,2027/28,persistent_legacy,Borough,2,Active,0,Inactive,Active minus Inactive,-0.3327015187224158,0.18771931200870282,0.14294945188313085,114.0,Haringey,E09000014
2027,2027/28,persistent_legacy,Borough,2,Active,1,Insufficiently Active,Active minus Insufficiently Active,-0.17505949438151247,0.11716780783070771,0.11843271413032849,114.0,Haringey,E09000014
2027,2027/28,persistent_legacy,Borough,1,Insufficiently Active,0,Inactive,Insufficiently Active minus Inactive,-0.15764202434090335,0.0705515041779951,0.02451673775280236,114.0,Haringey,E09000014
2027,2027/28,persistent_legacy,Borough,2,Active,0,Inactive,Active minus Inactive,-0.287913614127305,0.16098932159406132,0.13342001637861614,117.0,Harrow,E09000015
2027,2027/28,persistent_legacy,Borough,2,Active,1,Insufficiently Active,Active minus Insufficiently Active,-0.20365053726763027,0.09107674919189031,0.11018082542583008,117.0,Harrow,E09000015
2027,2027/28,persistent_legacy,Borough,1,Insufficiently Active,0,Inactive,Insufficiently Active minus Inactive,-0.08426307685967471,0.069912572402171,0.023239190952786083,117.0,Harrow,E09000015
2027,2027/28,persistent_legacy,Borough,2,Active,0,Inactive,Active minus Inactive,-0.3035342224011147,0.16152195884552556,0.13249985262128497,122.0,Havering,E09000016
2027,2027/28,persistent_legacy,Borough,2,Active,1,Insufficiently Active,Active minus Insufficiently Active,-0.20101627538312894,0.09154490424029414,0.10921567128448985,122.0,Havering,E09000016
2027,2027/28,persistent_legacy,Borough,1,Insufficiently Active,0,Inactive,Insufficiently Active minus Inactive,-0.10251794701798578,0.06997705460523143,0.02328418133679511,122.0,Havering,E09000016
2027,2027/28,persistent_legacy,Borough,2,Active,0,Inactive,Active minus Inactive,-0.27706346387551717,0.16162989268744218,0.13250513042924614,126.0,Hillingdon,E09000017
2027,2027/28,persistent_legacy,Borough,2,Active,1,Insufficiently Active,Active minus Insufficiently Active,-0.20124559293031474,0.09148522273042468,0.10922453641392055,126.0,Hillingdon,E09000017
2027,2027/28,persistent_legacy,Borough,1,Insufficiently Active,0,Inactive,Insufficiently Active minus Inactive,-0.07581787094520243,0.0701446699570175,0.023280594015325583,126.0,Hillingdon,E09000017
2027,2027/28,persistent_legacy,Borough,2,Active,0,Inactive,Active minus Inactive,-0.28764435960602264,0.16140089828285242,0.13246611647348686,129.0,Hounslow,E09000018
2027,2027/28,persistent_legacy,Borough,2,Active,1,Insufficiently Active,Active minus Insufficiently Active,-0.20124559293031474,0.09148522273042468,0.10922453641392055,129.0,Hounslow,E09000018
2027,2027/28,persistent_legacy,Borough,1,Insufficiently Active,0,Inactive,Insufficiently Active minus Inactive,-0.0863987666757079,0.06991567555242775,0.023241580059566308,129.0,Hounslow,E09000018
2027,2027/28,persistent_legacy,Borough,2,Active,0,Inactive,Active minus Inactive,-0.28915958239954076,0.18788882199770263,0.1429276367472461,135.0,Islington,E09000019
2027,2027/28,persistent_legacy,Borough,2,Active,1,Insufficiently Active,Active minus Insufficiently Active,-0.1749995358675026,0.11713423060149954,0.11841339753186804,135.0,Islington,E09000019
2027,2027/28,persistent_legacy,Borough,1,Insufficiently Active,0,Inactive,Insufficiently Active minus Inactive,-0.11416004653203815,0.07075459139620309,0.024514239215378052,135.0,Islington,E09000019
2027,2027/28,persistent_legacy,Borough,2,Active,0,Inactive,Active minus Inactive,-0.3296992061030978,0.1878289316011085,0.1429585650951107,136.0,Kensington and Chelsea,E09000020
2027,2027/28,persistent_legacy,Borough,2,Active,1,Insufficiently Active,Active minus Insufficiently Active,-0.17505949438151247,0.11716780783070771,0.11843271413032849,136.0,Kensington and Chelsea,E09000020
2027,2027/28,persistent_legacy,Borough,1,Insufficiently Active,0,Inactive,Insufficiently Active minus Inactive,-0.1546397117215853,0.07066112377040079,0.024525850964782214,136.0,Kensington and Chelsea,E09000020
2027,2027/28,persistent_legacy,Borough,2,Active,0,Inactive,Active minus Inactive,-0.29111869538427515,0.16123300117905479,0.13346104808172432,139.0,Kingston upon Thames,E09000021
2027,2027/28,persistent_legacy,Borough,2,Active,1,Insufficiently Active,Active minus Insufficiently Active,-0.20334723778761277,0.09132097398631116,0.1102190306238186,139.0,Kingston upon Thames,E09000021
2027,2027/28,persistent_legacy,Borough,1,Insufficiently Active,0,Inactive,Insufficiently Active minus Inactive,-0.08777145759666238,0.06991202719274363,0.023242017457905717,139.0,Kingston upon Thames,E09000021
2027,2027/28,persistent_legacy,Borough,2,Active,0,Inactive,Active minus Inactive,-0.28915958239954076,0.18788882199770263,0.1429276367472461,142.0,Lambeth,E09000022
2027,2027/28,persistent_legacy,Borough,2,Active,1,Insufficiently Active,Active minus Insufficiently Active,-0.17505949438151247,0.11716780783070771,0.11843271413032849,142.0,Lambeth,E09000022
2027,2027/28,persistent_legacy,Borough,1,Insufficiently Active,0,Inactive,Insufficiently Active minus Inactive,-0.11410008801802829,0.07072101416699492,0.024494922616917596,142.0,Lambeth,E09000022
2027,2027/28,persistent_legacy,Borough,2,Active,0,Inactive,Active minus Inactive,-0.31764229571686065,0.18765296611417367,0.14292423768443796,147.0,Lewisham,E09000023
2027,2027/28,persistent_legacy,Borough,2,Active,1,Insufficiently Active,Active minus Insufficiently Active,-0.17505949438151247,0.11716780783070771,0.11843271413032849,147.0,Lewisham,E09000023
2027,2027/28,persistent_legacy,Borough,1,Insufficiently Active,0,Inactive,Insufficiently Active minus Inactive,-0.14258280133534817,0.07048515828346597,0.02449152355410945,147.0,Lewisham,E09000023
2027,2027/28,persistent_legacy,Borough,2,Active,0,Inactive,Active minus Inactive,-0.2870442247805882,0.16122580684517038,0.13345621532350027,160.0,Merton,E09000024
2027,2027/28,persistent_legacy,Borough,2,Active,1,Insufficiently Active,Active minus Insufficiently Active,-0.20334723778761277,0.09132097398631116,0.1102190306238186,160.0,Merton,E09000024
2027,2027/28,persistent_legacy,Borough,1,Insufficiently Active,0,Inactive,Insufficiently Active minus Inactive,-0.08369698699297545,0.06990483285885922,0.023237184699681675,160.0,Merton,E09000024
2027,2027/28,persistent_legacy,Borough,2,Active,0,Inactive,Active minus Inactive,-0.33003107408307075,0.18781633712947282,0.1429574649437013,171.0,Newham,E09000025
2027,2027/28,persistent_legacy,Borough,2,Active,1,Insufficiently Active,Active minus Insufficiently Active,-0.17505949438151247,0.11716780783070771,0.11843271413032849,171.0,Newham,E09000025
2027,2027/28,persistent_legacy,Borough,1,Insufficiently Active,0,Inactive,Insufficiently Active minus Inactive,-0.15497157970155828,0.07064852929876511,0.02452475081337278,171.0,Newham,E09000025
2027,2027/28,persistent_legacy,Borough,2,Active,0,Inactive,Active minus Inactive,-0.31739237942885445,0.1612661218555565,0.1334874235213989,196.0,Redbridge,E09000026
2027,2027/28,persistent_legacy,Borough,2,Active,1,Insufficiently Active,Active minus Insufficiently Active,-0.20334723778761277,0.09132097398631116,0.1102190306238186,196.0,Redbridge,E09000026
2027,2027/28,persistent_legacy,Borough,1,Insufficiently Active,0,Inactive,Insufficiently Active minus Inactive,-0.11404514164124169,0.06994514786924534,0.02326839289758028,196.0,Redbridge,E09000026
2027,2027/28,persistent_legacy,Borough,2,Active,0,Inactive,Active minus Inactive,-0.2791651087328152,0.16146564394332866,0.1334996246391442,201.0,Richmond upon Thames,E09000027
2027,2027/28,persistent_legacy,Borough,2,Active,1,Insufficiently Active,Active minus Insufficiently Active,-0.20311792024042696,0.09138065549618062,0.1102101654943879,201.0,Richmond upon Thames,E09000027
2027,2027/28,persistent_legacy,Borough,1,Insufficiently Active,0,Inactive,Insufficiently Active minus Inactive,-0.07604718849238823,0.07008498844714804,0.023289459144756282,201.0,Richmond upon Thames,E09000027
2027,2027/28,persistent_legacy,Borough,2,Active,0,Inactive,Active minus Inactive,-0.26479137428339516,0.18818553360455947,0.1429624901651863,241.0,Southwark,E09000028
2027,2027/28,persistent_legacy,Borough,2,Active,1,Insufficiently Active,Active minus Insufficiently Active,-0.1749995358675026,0.11713423060149954,0.11841339753186804,241.0,Southwark,E09000028
2027,2027/28,persistent_legacy,Borough,1,Insufficiently Active,0,Inactive,Insufficiently Active minus Inactive,-0.08979183841589256,0.07105130300305992,0.024549092633318254,241.0,Southwark,E09000028
2027,2027/28,persistent_legacy,Borough,2,Active,0,Inactive,Active minus Inactive,-0.2791702996285239,0.16154210946315328,0.1335655435105837,255.0,Sutton,E09000029
2027,2027/28,persistent_legacy,Borough,2,Active,1,Insufficiently Active,Active minus Insufficiently Active,-0.20335242868332148,0.09139743950613578,0.1102849494952581,255.0,Sutton,E09000029
2027,2027/28,persistent_legacy,Borough,1,Insufficiently Active,0,Inactive,Insufficiently Active minus Inactive,-0.07581787094520243,0.0701446699570175,0.023280594015325583,255.0,Sutton,E09000029
2027,2027/28,persistent_legacy,Borough,2,Active,0,Inactive,Active minus Inactive,-0.28915958239954076,0.18788882199770263,0.1429276367472461,272.0,Tower Hamlets,E09000030
2027,2027/28,persistent_legacy,Borough,2,Active,1,Insufficiently Active,Active minus Insufficiently Active,-0.17505949438151247,0.11716780783070771,0.11843271413032849,272.0,Tower Hamlets,E09000030
2027,2027/28,persistent_legacy,Borough,1,Insufficiently Active,0,Inactive,Insufficiently Active minus Inactive,-0.11410008801802829,0.07072101416699492,0.024494922616917596,272.0,Tower Hamlets,E09000030
2027,2027/28,persistent_legacy,Borough,2,Active,0,Inactive,Active minus Inactive,-0.2913374689179028,0.16121312866289833,0.13345742094765584,279.0,Waltham Forest,E09000031
2027,2027/28,persistent_legacy,Borough,2,Active,1,Insufficiently Active,Active minus Insufficiently Active,-0.20334723778761277,0.09132097398631116,0.1102190306238186,279.0,Waltham Forest,E09000031
2027,2027/28,persistent_legacy,Borough,1,Insufficiently Active,0,Inactive,Insufficiently Active minus Inactive,-0.08799023113029003,0.06989215467658716,0.023238390323837232,279.0,Waltham Forest,E09000031
2027,2027/28,persistent_legacy,Borough,2,Active,0,Inactive,Active minus Inactive,-0.27280075030052053,0.18821397147509955,0.14297264375587918,280.0,Wandsworth,E09000032
2027,2027/28,persistent_legacy,Borough,2,Active,1,Insufficiently Active,Active minus Insufficiently Active,-0.17505949438151247,0.11716780783070771,0.11843271413032849,280.0,Wandsworth,E09000032
2027,2027/28,persistent_legacy,Borough,1,Insufficiently Active,0,Inactive,Insufficiently Active minus Inactive,-0.09774125591900806,0.07104616364439184,0.024539929625550676,280.0,Wandsworth,E09000032
2027,2027/28,persistent_legacy,Borough,2,Active,0,Inactive,Active minus Inactive,-0.26468962718905964,0.18828914900223526,0.1429817165025168,293.0,Westminster,E09000033
2027,2027/28,persistent_legacy,Borough,2,Active,1,Insufficiently Active,Active minus Insufficiently Active,-0.17495774728717695,0.11727142322838349,0.11845194046765897,293.0,Westminster,E09000033
2027,2027/28,persistent_legacy,Borough,1,Insufficiently Active,0,Inactive,Insufficiently Active minus Inactive,-0.0897318799018827,0.07101772577385175,0.024529776034857797,293.0,Westminster,E09000033
2028,2028/29,legacy_recovery,Borough,2,Active,0,Inactive,Active minus Inactive,-0.3001691882695531,0.15837282370021608,0.12128891550491093,8.0,Barking and Dagenham,E09000002
2028,2028/29,legacy_recovery,Borough,2,Active,1,Insufficiently Active,Active minus Insufficiently Active,-0.19242050530135524,0.08766733854343652,0.09879770087911582,8.0,Barking and Dagenham,E09000002
2028,2028/29,legacy_recovery,Borough,1,Insufficiently Active,0,Inactive,Insufficiently Active minus Inactive,-0.10774868296819784,0.07070548515677956,0.022491214625795116,8.0,Barking and Dagenham,E09000002
2028,2028/29,legacy_recovery,Borough,2,Active,0,Inactive,Active minus Inactive,-0.26368332590682464,0.15837353308910546,0.12126123678337947,9.0,Barnet,E09000003
2028,2028/29,legacy_recovery,Borough,2,Active,1,Insufficiently Active,Active minus Insufficiently Active,-0.19242050530135524,0.08766733854343652,0.09879770087911582,9.0,Barnet,E09000003
2028,2028/29,legacy_recovery,Borough,1,Insufficiently Active,0,Inactive,Insufficiently Active minus Inactive,-0.0712628206054694,0.07070619454566894,0.022463535904263653,9.0,Barnet,E09000003
2028,2028/29,legacy_recovery,Borough,2,Active,0,Inactive,Active minus Inactive,-0.2890718939609248,0.1584980396362277,0.12110809854065958,17.0,Bexley,E09000004
2028,2028/29,legacy_recovery,Borough,2,Active,1,Insufficiently Active,Active minus Insufficiently Active,-0.19197776185762305,0.08770901445581221,0.09861076684712078,17.0,Bexley,E09000004
2028,2028/29,legacy_recovery,Borough,1,Insufficiently Active,0,Inactive,Insufficiently Active minus Inactive,-0.09709413210330176,0.07078902518041548,0.022497331693538816,17.0,Bexley,E09000004
2028,2028/29,legacy_recovery,Borough,2,Active,0,Inactive,Active minus Inactive,-0.25430688607706387,0.15862701454183922,0.12111307265447774,30.0,Brent,E09000005
2028,2028/29,legacy_recovery,Borough,2,Active,1,Insufficiently Active,Active minus Insufficiently Active,-0.19197776185762305,0.08770901445581221,0.09861076684712078,30.0,Brent,E09000005
2028,2028/29,legacy_recovery,Borough,1,Insufficiently Active,0,Inactive,Insufficiently Active minus Inactive,-0.06232912421944081,0.070918000086027,0.022502305807356966,30.0,Brent,E09000005
2028,2028/29,legacy_recovery,Borough,2,Active,0,Inactive,Active minus Inactive,-0.289514637404657,0.158456363723852,0.12129503257265463,35.0,Bromley,E09000006
2028,2028/29,legacy_recovery,Borough,2,Active,1,Insufficiently Active,Active minus Insufficiently Active,-0.19242050530135524,0.08766733854343652,0.09879770087911582,35.0,Bromley,E09000006
2028,2028/29,legacy_recovery,Borough,1,Insufficiently Active,0,Inactive,Insufficiently Active minus Inactive,-0.09709413210330176,0.07078902518041548,0.022497331693538816,35.0,Bromley,E09000006
2028,2028/29,legacy_recovery,Borough,2,Active,0,Inactive,Active minus Inactive,-0.269748156796337,0.18267218986803796,0.13135806052755034,44.0,Camden,E09000007
2028,2028/29,legacy_recovery,Borough,2,Active,1,Insufficiently Active,Active minus Insufficiently Active,-0.17056211940172317,0.11082431546305124,0.10767951896660322,44.0,Camden,E09000007
2028,2028/29,legacy_recovery,Borough,1,Insufficiently Active,0,Inactive,Insufficiently Active minus Inactive,-0.09918603739461385,0.07184787440498672,0.02367854156094713,44.0,Camden,E09000007
2028,2028/29,legacy_recovery,Borough,2,Active,0,Inactive,Active minus Inactive,-0.2562278301267884,0.15858658019031144,0.12130100925516116,68.0,Croydon,E09000008
2028,2028/29,legacy_recovery,Borough,2,Active,1,Insufficiently Active,Active minus Insufficiently Active,-0.19242050530135524,0.08766733854343652,0.09879770087911582,68.0,Croydon,E09000008
2028,2028/29,legacy_recovery,Borough,1,Insufficiently Active,0,Inactive,Insufficiently Active minus Inactive,-0.06380732482543316,0.07091924164687492,0.02250330837604534,68.0,Croydon,E09000008
2028,2028/29,legacy_recovery,Borough,2,Active,0,Inactive,Active minus Inactive,-0.26368332590682464,0.15837353308910546,0.12126123678337947,78.0,Ealing,E09000009
2028,2028/29,legacy_recovery,Borough,2,Active,1,Insufficiently Active,Active minus Insufficiently Active,-0.19242050530135524,0.08766733854343652,0.09879770087911582,78.0,Ealing,E09000009
2028,2028/29,legacy_recovery,Borough,1,Insufficiently Active,0,Inactive,Insufficiently Active minus Inactive,-0.0712628206054694,0.07070619454566894,0.022463535904263653,78.0,Ealing,E09000009
2028,2028/29,legacy_recovery,Borough,2,Active,0,Inactive,Active minus Inactive,-0.25771277100542156,0.15858263751540314,0.12130090507418755,91.0,Enfield,E09000010
2028,2028/29,legacy_recovery,Borough,2,Active,1,Insufficiently Active,Active minus Insufficiently Active,-0.19242050530135524,0.08766733854343652,0.09879770087911582,91.0,Enfield,E09000010
2028,2028/29,legacy_recovery,Borough,1,Insufficiently Active,0,Inactive,Insufficiently Active minus Inactive,-0.06529226570406632,0.07091529897196662,0.022503204195071732,91.0,Enfield,E09000010
2028,2028/29,legacy_recovery,Borough,2,Active,0,Inactive,Active minus Inactive,-0.2571278437016923,0.15858551401095958,0.12130122683719263,107.0,Greenwich,E09000011
2028,2028/29,legacy_recovery,Borough,2,Active,1,Insufficiently Active,Active minus Insufficiently Active,-0.19242050530135524,0.08766733854343652,0.09879770087911582,107.0,Greenwich,E09000011
2028,2028/29,legacy_recovery,Borough,1,Insufficiently Active,0,Inactive,Insufficiently Active minus Inactive,-0.06470733840033704,0.07091817546752305,0.02250352595807682,107.0,Greenwich,E09000011
2028,2028/29,legacy_recovery,Borough,2,Active,0,Inactive,Active minus Inactive,-0.25231977636749325,0.18292803678587613,0.1313925553994894,109.0,Hackney,E09000012
2028,2028/29,legacy_recovery,Borough,2,Active,1,Insufficiently Active,Active minus Insufficiently Active,-0.17056211940172317,0.11082431546305124,0.10767951896660322,109.0,Hackney,E09000012
2028,2028/29,legacy_recovery,Borough,1,Insufficiently Active,0,Inactive,Insufficiently Active minus Inactive,-0.08175765696577009,0.0721037213228249,0.023713036432886206,109.0,Hackney,E09000012
2028,2028/29,legacy_recovery,Borough,2,Active,0,Inactive,Active minus Inactive,-0.24524521719318015,0.18263971715918037,0.13132835961740255,112.0,Hammersmith and Fulham,E09000013
2028,2028/29,legacy_recovery,Borough,2,Active,1,Insufficiently Active,Active minus Insufficiently Active,-0.16980500922773878,0.11080295994715199,0.1075755494753215,112.0,Hammersmith and Fulham,E09000013
2028,2028/29,legacy_recovery,Borough,1,Insufficiently Active,0,Inactive,Insufficiently Active minus Inactive,-0.07544020796544137,0.07183675721202838,0.023752810142081058,112.0,Hammersmith and Fulham,E09000013
2028,2028/29,legacy_recovery,Borough,2,Active,0,Inactive,Active minus Inactive,-0.31098860444501597,0.1826436021236324,0.13139041182463956,114.0,Haringey,E09000014
2028,2028/29,legacy_recovery,Borough,2,Active,1,Insufficiently Active,Active minus Insufficiently Active,-0.17056211940172317,0.11082431546305124,0.10767951896660322,114.0,Haringey,E09000014
2028,2028/29,legacy_recovery,Borough,1,Insufficiently Active,0,Inactive,Insufficiently Active minus Inactive,-0.1404264850432928,0.07181928666058116,0.023710892858036355,114.0,Haringey,E09000014
2028,2028/29,legacy_recovery,Borough,2,Active,0,Inactive,Active minus Inactive,-0.289514637404657,0.158456363723852,0.12129503257265463,117.0,Harrow,E09000015
2028,2028/29,legacy_recovery,Borough,2,Active,1,Insufficiently Active,Active minus Insufficiently Active,-0.19242050530135524,0.08766733854343652,0.09879770087911582,117.0,Harrow,E09000015
2028,2028/29,legacy_recovery,Borough,1,Insufficiently Active,0,Inactive,Insufficiently Active minus Inactive,-0.09709413210330176,0.07078902518041548,0.022497331693538816,117.0,Harrow,E09000015
2028,2028/29,legacy_recovery,Borough,2,Active,0,Inactive,Active minus Inactive,-0.26324058246309245,0.15841520900148115,0.12107430275138442,122.0,Havering,E09000016
2028,2028/29,legacy_recovery,Borough,2,Active,1,Insufficiently Active,Active minus Insufficiently Active,-0.19197776185762305,0.08770901445581221,0.09861076684712078,122.0,Havering,E09000016
2028,2028/29,legacy_recovery,Borough,1,Insufficiently Active,0,Inactive,Insufficiently Active minus Inactive,-0.0712628206054694,0.07070619454566894,0.022463535904263653,122.0,Havering,E09000016
2028,2028/29,legacy_recovery,Borough,2,Active,0,Inactive,Active minus Inactive,-0.26324058246309245,0.15841520900148115,0.12107430275138442,126.0,Hillingdon,E09000017
2028,2028/29,legacy_recovery,Borough,2,Active,1,Insufficiently Active,Active minus Insufficiently Active,-0.19197776185762305,0.08770901445581221,0.09861076684712078,126.0,Hillingdon,E09000017
2028,2028/29,legacy_recovery,Borough,1,Insufficiently Active,0,Inactive,Insufficiently Active minus Inactive,-0.0712628206054694,0.07070619454566894,0.022463535904263653,126.0,Hillingdon,E09000017
2028,2028/29,legacy_recovery,Borough,2,Active,0,Inactive,Active minus Inactive,-0.2993149272844102,0.15841105411252332,0.12110115097420886,129.0,Hounslow,E09000018
2028,2028/29,legacy_recovery,Borough,2,Active,1,Insufficiently Active,Active minus Insufficiently Active,-0.19197776185762305,0.08770901445581221,0.09861076684712078,129.0,Hounslow,E09000018
2028,2028/29,legacy_recovery,Borough,1,Insufficiently Active,0,Inactive,Insufficiently Active minus Inactive,-0.10733716542678717,0.07070203965671111,0.02249038412708808,129.0,Hounslow,E09000018
2028,2028/29,legacy_recovery,Borough,2,Active,0,Inactive,Active minus Inactive,-0.31098860444501597,0.1826436021236324,0.13139041182463956,135.0,Islington,E09000019
2028,2028/29,legacy_recovery,Borough,2,Active,1,Insufficiently Active,Active minus Insufficiently Active,-0.17056211940172317,0.11082431546305124,0.10767951896660322,135.0,Islington,E09000019
2028,2028/29,legacy_recovery,Borough,1,Insufficiently Active,0,Inactive,Insufficiently Active minus Inactive,-0.1404264850432928,0.07181928666058116,0.023710892858036355,135.0,Islington,E09000019
2028,2028/29,legacy_recovery,Borough,2,Active,0,Inactive,Active minus Inactive,-0.25231977636749325,0.18292803678587613,0.1313925553994894,136.0,Kensington and Chelsea,E09000020
2028,2028/29,legacy_recovery,Borough,2,Active,1,Insufficiently Active,Active minus Insufficiently Active,-0.17056211940172317,0.11082431546305124,0.10767951896660322,136.0,Kensington and Chelsea,E09000020
2028,2028/29,legacy_recovery,Borough,1,Insufficiently Active,0,Inactive,Insufficiently Active minus Inactive,-0.08175765696577009,0.0721037213228249,0.023713036432886206,136.0,Kensington and Chelsea,E09000020
2028,2028/29,legacy_recovery,Borough,2,Active,0,Inactive,Active minus Inactive,-0.2936795606987651,0.15842246982928201,0.12129217673866416,139.0,Kingston upon Thames,E09000021
2028,2028/29,legacy_recovery,Borough,2,Active,1,Insufficiently Active,Active minus Insufficiently Active,-0.19242050530135524,0.08766733854343652,0.09879770087911582,139.0,Kingston upon Thames,E09000021
2028,2028/29,legacy_recovery,Borough,1,Insufficiently Active,0,Inactive,Insufficiently Active minus Inactive,-0.10125905539740987,0.0707551312858455,0.022494475859548342,139.0,Kingston upon Thames,E09000021
2028,2028/29,legacy_recovery,Borough,2,Active,0,Inactive,Active minus Inactive,-0.31098860444501597,0.1826436021236324,0.13139041182463956,142.0,Lambeth,E09000022
2028,2028/29,legacy_recovery,Borough,2,Active,1,Insufficiently Active,Active minus Insufficiently Active,-0.17056211940172317,0.11082431546305124,0.10767951896660322,142.0,Lambeth,E09000022
2028,2028/29,legacy_recovery,Borough,1,Insufficiently Active,0,Inactive,Insufficiently Active minus Inactive,-0.1404264850432928,0.07181928666058116,0.023710892858036355,142.0,Lambeth,E09000022
2028,2028/29,legacy_recovery,Borough,2,Active,0,Inactive,Active minus Inactive,-0.31098860444501597,0.1826436021236324,0.13139041182463956,147.0,Lewisham,E09000023
2028,2028/29,legacy_recovery,Borough,2,Active,1,Insufficiently Active,Active minus Insufficiently Active,-0.17056211940172317,0.11082431546305124,0.10767951896660322,147.0,Lewisham,E09000023
2028,2028/29,legacy_recovery,Borough,1,Insufficiently Active,0,Inactive,Insufficiently Active minus Inactive,-0.1404264850432928,0.07181928666058116,0.023710892858036355,147.0,Lewisham,E09000023
2028,2028/29,legacy_recovery,Borough,2,Active,0,Inactive,Active minus Inactive,-0.29488085788660423,0.15871042817377254,0.12159551044849438,160.0,Merton,E09000024
2028,2028/29,legacy_recovery,Borough,2,Active,1,Insufficiently Active,Active minus Insufficiently Active,-0.19257775064272753,0.08796326395603989,0.09910160983610186,160.0,Merton,E09000024
2028,2028/29,legacy_recovery,Borough,1,Insufficiently Active,0,Inactive,Insufficiently Active minus Inactive,-0.1023031072438767,0.07074716421773265,0.02249390061239253,160.0,Merton,E09000024
2028,2028/29,legacy_recovery,Borough,2,Active,0,Inactive,Active minus Inactive,-0.25231977636749325,0.18292803678587613,0.1313925553994894,171.0,Newham,E09000025
2028,2028/29,legacy_recovery,Borough,2,Active,1,Insufficiently Active,Active minus Insufficiently Active,-0.17056211940172317,0.11082431546305124,0.10767951896660322,171.0,Newham,E09000025
2028,2028/29,legacy_recovery,Borough,1,Insufficiently Active,0,Inactive,Insufficiently Active minus Inactive,-0.08175765696577009,0.0721037213228249,0.023713036432886206,171.0,Newham,E09000025
2028,2028/29,legacy_recovery,Borough,2,Active,0,Inactive,Active minus Inactive,-0.2562278301267884,0.15858658019031144,0.12130100925516116,196.0,Redbridge,E09000026
2028,2028/29,legacy_recovery,Borough,2,Active,1,Insufficiently Active,Active minus Insufficiently Active,-0.19242050530135524,0.08766733854343652,0.09879770087911582,196.0,Redbridge,E09000026
2028,2028/29,legacy_recovery,Borough,1,Insufficiently Active,0,Inactive,Insufficiently Active minus Inactive,-0.06380732482543316,0.07091924164687492,0.02250330837604534,196.0,Redbridge,E09000026
2028,2028/29,legacy_recovery,Borough,2,Active,0,Inactive,Active minus Inactive,-0.26324058246309245,0.15841520900148115,0.12107430275138442,201.0,Richmond upon Thames,E09000027
2028,2028/29,legacy_recovery,Borough,2,Active,1,Insufficiently Active,Active minus Insufficiently Active,-0.19197776185762305,0.08770901445581221,0.09861076684712078,201.0,Richmond upon Thames,E09000027
2028,2028/29,legacy_recovery,Borough,1,Insufficiently Active,0,Inactive,Insufficiently Active minus Inactive,-0.0712628206054694,0.07070619454566894,0.022463535904263653,201.0,Richmond upon Thames,E09000027
2028,2028/29,legacy_recovery,Borough,2,Active,0,Inactive,Active minus Inactive,-0.26503325290244617,0.18267976411300163,0.13135511395884183,241.0,Southwark,E09000028
2028,2028/29,legacy_recovery,Borough,2,Active,1,Insufficiently Active,Active minus Insufficiently Active,-0.17056211940172317,0.11082431546305124,0.10767951896660322,241.0,Southwark,E09000028
2028,2028/29,legacy_recovery,Borough,1,Insufficiently Active,0,Inactive,Insufficiently Active minus Inactive,-0.094471133500723,0.07185544864995037,0.023675594992238633,241.0,Southwark,E09000028
2028,2028/29,legacy_recovery,Borough,2,Active,0,Inactive,Active minus Inactive,-0.26368332590682464,0.15837353308910546,0.12126123678337947,255.0,Sutton,E09000029
2028,2028/29,legacy_recovery,Borough,2,Active,1,Insufficiently Active,Active minus Insufficiently Active,-0.19242050530135524,0.08766733854343652,0.09879770087911582,255.0,Sutton,E09000029
2028,2028/29,legacy_recovery,Borough,1,Insufficiently Active,0,Inactive,Insufficiently Active minus Inactive,-0.0712628206054694,0.07070619454566894,0.022463535904263653,255.0,Sutton,E09000029
2028,2028/29,legacy_recovery,Borough,2,Active,0,Inactive,Active minus Inactive,-0.31098860444501597,0.1826436021236324,0.13139041182463956,272.0,Tower Hamlets,E09000030
2028,2028/29,legacy_recovery,Borough,2,Active,1,Insufficiently Active,Active minus Insufficiently Active,-0.17056211940172317,0.11082431546305124,0.10767951896660322,272.0,Tower Hamlets,E09000030
2028,2028/29,legacy_recovery,Borough,1,Insufficiently Active,0,Inactive,Insufficiently Active minus Inactive,-0.1404264850432928,0.07181928666058116,0.023710892858036355,272.0,Tower Hamlets,E09000030
2028,2028/29,legacy_recovery,Borough,2,Active,0,Inactive,Active minus Inactive,-0.3001691882695531,0.15837282370021608,0.12128891550491093,279.0,Waltham Forest,E09000031
2028,2028/29,legacy_recovery,Borough,2,Active,1,Insufficiently Active,Active minus Insufficiently Active,-0.19242050530135524,0.08766733854343652,0.09879770087911582,279.0,Waltham Forest,E09000031
2028,2028/29,legacy_recovery,Borough,1,Insufficiently Active,0,Inactive,Insufficiently Active minus Inactive,-0.10774868296819784,0.07070548515677956,0.022491214625795116,279.0,Waltham Forest,E09000031
2028,2028/29,legacy_recovery,Borough,2,Active,0,Inactive,Active minus Inactive,-0.269748156796337,0.18267218986803796,0.13135806052755034,280.0,Wandsworth,E09000032
2028,2028/29,legacy_recovery,Borough,2,Active,1,Insufficiently Active,Active minus Insufficiently Active,-0.17056211940172317,0.11082431546305124,0.10767951896660322,280.0,Wandsworth,E09000032
2028,2028/29,legacy_recovery,Borough,1,Insufficiently Active,0,Inactive,Insufficiently Active minus Inactive,-0.09918603739461385,0.07184787440498672,0.02367854156094713,280.0,Wandsworth,E09000032
2028,2028/29,legacy_recovery,Borough,2,Active,0,Inactive,Active minus Inactive,-0.26503325290244617,0.18267976411300163,0.13135511395884183,293.0,Westminster,E09000033
2028,2028/29,legacy_recovery,Borough,2,Active,1,Insufficiently Active,Active minus Insufficiently Active,-0.17056211940172317,0.11082431546305124,0.10767951896660322,293.0,Westminster,E09000033
2028,2028/29,legacy_recovery,Borough,1,Insufficiently Active,0,Inactive,Insufficiently Active minus Inactive,-0.094471133500723,0.07185544864995037,0.023675594992238633,293.0,Westminster,E09000033
2028,2028/29,persistent_legacy,Borough,2,Active,0,Inactive,Active minus Inactive,-0.31893501363277177,0.16125216824546135,0.1334864157963883,8.0,Barking and Dagenham,E09000002
2028,2028/29,persistent_legacy,Borough,2,Active,1,Insufficiently Active,Active minus Insufficiently Active,-0.20311792024042663,0.09138065549618071,0.11021016549438797,8.0,Barking and Dagenham,E09000002
2028,2028/29,persistent_legacy,Borough,1,Insufficiently Active,0,Inactive,Insufficiently Active minus Inactive,-0.11581709339234514,0.06987151274928065,0.023276250302000333,8.0,Barking and Dagenham,E09000002
2028,2028/29,persistent_legacy,Borough,2,Active,0,Inactive,Active minus Inactive,-0.2913374689179028,0.16121312866289847,0.13345742094765595,9.0,Barnet,E09000003
2028,2028/29,persistent_legacy,Borough,2,Active,1,Insufficiently Active,Active minus Insufficiently Active,-0.20311792024042663,0.09138065549618071,0.11021016549438797,9.0,Barnet,E09000003
2028,2028/29,persistent_legacy,Borough,1,Insufficiently Active,0,Inactive,Insufficiently Active minus Inactive,-0.08821954867747617,0.06983247316671774,0.023247255453267966,9.0,Barnet,E09000003
2028,2028/29,persistent_legacy,Borough,2,Active,0,Inactive,Active minus Inactive,-0.31758793148246955,0.16127711131195133,0.13360198605726734,17.0,Bexley,E09000004
2028,2028/29,persistent_legacy,Borough,2,Active,1,Insufficiently Active,Active minus Insufficiently Active,-0.20331347229404184,0.0913916449525754,0.11032472803025631,17.0,Bexley,E09000004
2028,2028/29,persistent_legacy,Borough,1,Insufficiently Active,0,Inactive,Insufficiently Active minus Inactive,-0.11427445918842771,0.06988546635937593,0.023277258027011014,17.0,Bexley,E09000004
2028,2028/29,persistent_legacy,Borough,2,Active,0,Inactive,Active minus Inactive,-0.28052627255450757,0.16146070129550893,0.13349930266793494,30.0,Brent,E09000005
2028,2028/29,persistent_legacy,Borough,2,Active,1,Insufficiently Active,Active minus Insufficiently Active,-0.20334723778761266,0.09132097398631127,0.1102190306238187,30.0,Brent,E09000005
2028,2028/29,persistent_legacy,Borough,1,Insufficiently Active,0,Inactive,Insufficiently Active minus Inactive,-0.07717903476689492,0.07013972730919765,0.02328027204411624,30.0,Brent,E09000005
2028,2028/29,persistent_legacy,Borough,2,Active,0,Inactive,Active minus Inactive,-0.31739237942885434,0.16126612185555664,0.133487423521399,35.0,Bromley,E09000006
2028,2028/29,persistent_legacy,Borough,2,Active,1,Insufficiently Active,Active minus Insufficiently Active,-0.20334723778761266,0.09132097398631127,0.1102190306238187,35.0,Bromley,E09000006
2028,2028/29,persistent_legacy,Borough,1,Insufficiently Active,0,Inactive,Insufficiently Active minus Inactive,-0.11404514164124169,0.06994514786924537,0.02326839289758029,35.0,Bromley,E09000006
2028,2028/29,persistent_legacy,Borough,2,Active,0,Inactive,Active minus Inactive,-0.28691271958661657,0.18789630769789548,0.1429267060178172,44.0,Camden,E09000007
2028,2028/29,persistent_legacy,Borough,2,Active,1,Insufficiently Active,Active minus Insufficiently Active,-0.17505949438151236,0.11716780783070774,0.11843271413032849,44.0,Camden,E09000007
2028,2028/29,persistent_legacy,Borough,1,Insufficiently Active,0,Inactive,Insufficiently Active minus Inactive,-0.11185322520510421,0.07072849986718774,0.024493991887488718,44.0,Camden,E09000007
2028,2028/29,persistent_legacy,Borough,2,Active,0,Inactive,Active minus Inactive,-0.28052627255450757,0.16146070129550893,0.13349930266793494,68.0,Croydon,E09000008
2028,2028/29,persistent_legacy,Borough,2,Active,1,Insufficiently Active,Active minus Insufficiently Active,-0.20334723778761266,0.09132097398631127,0.1102190306238187,68.0,Croydon,E09000008
2028,2028/29,persistent_legacy,Borough,1,Insufficiently Active,0,Inactive,Insufficiently Active minus Inactive,-0.07717903476689492,0.07013972730919765,0.02328027204411624,68.0,Croydon,E09000008
2028,2028/29,persistent_legacy,Borough,2,Active,0,Inactive,Active minus Inactive,-0.2913374689179028,0.16121312866289847,0.13345742094765595,78.0,Ealing,E09000009
2028,2028/29,persistent_legacy,Borough,2,Active,1,Insufficiently Active,Active minus Insufficiently Active,-0.20334723778761266,0.09132097398631127,0.1102190306238187,78.0,Ealing,E09000009
2028,2028/29,persistent_legacy,Borough,1,Insufficiently Active,0,Inactive,Insufficiently Active minus Inactive,-0.08799023113029014,0.06989215467658719,0.023238390323837243,78.0,Ealing,E09000009
2028,2028/29,persistent_legacy,Borough,2,Active,0,Inactive,Active minus Inactive,-0.2804983875979108,0.16145932406950733,0.13349900263113823,91.0,Enfield,E09000010
2028,2028/29,persistent_legacy,Borough,2,Active,1,Insufficiently Active,Active minus Insufficiently Active,-0.20311792024042663,0.09138065549618071,0.11021016549438797,91.0,Enfield,E09000010
2028,2028/29,persistent_legacy,Borough,1,Insufficiently Active,0,Inactive,Insufficiently Active minus Inactive,-0.07738046735748416,0.07007866857332663,0.02328883713675025,91.0,Enfield,E09000010
2028,2028/29,persistent_legacy,Borough,2,Active,0,Inactive,Active minus Inactive,-0.2794951321615453,0.16146300810574354,0.13349924492362183,107.0,Greenwich,E09000011
2028,2028/29,persistent_legacy,Borough,2,Active,1,Insufficiently Active,Active minus Insufficiently Active,-0.20311792024042663,0.09138065549618071,0.11021016549438797,107.0,Greenwich,E09000011
2028,2028/29,persistent_legacy,Borough,1,Insufficiently Active,0,Inactive,Insufficiently Active minus Inactive,-0.07637721192111868,0.07008235260956282,0.023289079429233858,107.0,Greenwich,E09000011
2028,2028/29,persistent_legacy,Borough,2,Active,0,Inactive,Active minus Inactive,-0.26479137428339516,0.18818553360455947,0.1429624901651863,109.0,Hackney,E09000012
2028,2028/29,persistent_legacy,Borough,2,Active,1,Insufficiently Active,Active minus Insufficiently Active,-0.17505949438151236,0.11716780783070774,0.11843271413032849,109.0,Hackney,E09000012
2028,2028/29,persistent_legacy,Borough,1,Insufficiently Active,0,Inactive,Insufficiently Active minus Inactive,-0.0897318799018828,0.07101772577385172,0.024529776034857797,109.0,Hackney,E09000012
2028,2028/29,persistent_legacy,Borough,2,Active,0,Inactive,Active minus Inactive,-0.2841438841301044,0.1878996960330466,0.1429245994042185,112.0,Hammersmith and Fulham,E09000013
2028,2028/29,persistent_legacy,Borough,2,Active,1,Insufficiently Active,Active minus Insufficiently Active,-0.1749995358675026,0.11713423060149958,0.11841339753186805,112.0,Hammersmith and Fulham,E09000013
2028,2028/29,persistent_legacy,Borough,1,Insufficiently Active,0,Inactive,Insufficiently Active minus Inactive,-0.10914434826260178,0.07076546543154703,0.024511201872350452,112.0,Hammersmith and Fulham,E09000013
2028,2028/29,persistent_legacy,Borough,2,Active,0,Inactive,Active minus Inactive,-0.27217457178017124,0.18818784436883465,0.14296735242193429,114.0,Haringey,E09000014
2028,2028/29,persistent_legacy,Borough,2,Active,1,Insufficiently Active,Active minus Insufficiently Active,-0.1749995358675026,0.11713423060149958,0.11841339753186805,114.0,Haringey,E09000014
2028,2028/29,persistent_legacy,Borough,1,Insufficiently Active,0,Inactive,Insufficiently Active minus Inactive,-0.09717503591266863,0.07105361376733507,0.024553954890066246,114.0,Haringey,E09000014
2028,2028/29,persistent_legacy,Borough,2,Active,0,Inactive,Active minus Inactive,-0.31739237942885434,0.16126612185555664,0.133487423521399,117.0,Harrow,E09000015
2028,2028/29,persistent_legacy,Borough,2,Active,1,Insufficiently Active,Active minus Insufficiently Active,-0.20311792024042663,0.09138065549618071,0.11021016549438797,117.0,Harrow,E09000015
2028,2028/29,persistent_legacy,Borough,1,Insufficiently Active,0,Inactive,Insufficiently Active minus Inactive,-0.11427445918842771,0.06988546635937593,0.023277258027011014,117.0,Harrow,E09000015
2028,2028/29,persistent_legacy,Borough,2,Active,0,Inactive,Active minus Inactive,-0.2814328168995812,0.16146737117744422,0.13361334555238494,122.0,Havering,E09000016
2028,2028/29,persistent_legacy,Borough,2,Active,1,Insufficiently Active,Active minus Insufficiently Active,-0.20354278984122787,0.09133196344270596,0.11033359315968704,122.0,Havering,E09000016
2028,2028/29,persistent_legacy,Borough,1,Insufficiently Active,0,Inactive,Insufficiently Active minus Inactive,-0.07789002705835335,0.07013540773473828,0.023279752392697917,122.0,Havering,E09000016
2028,2028/29,persistent_legacy,Borough,2,Active,0,Inactive,Active minus Inactive,-0.291533020971518,0.16122411811929316,0.13357198348352428,126.0,Hillingdon,E09000017
2028,2028/29,persistent_legacy,Borough,2,Active,1,Insufficiently Active,Active minus Insufficiently Active,-0.20331347229404184,0.0913916449525754,0.11032472803025631,126.0,Hillingdon,E09000017
2028,2028/29,persistent_legacy,Borough,1,Insufficiently Active,0,Inactive,Insufficiently Active minus Inactive,-0.08821954867747617,0.06983247316671774,0.023247255453267966,126.0,Hillingdon,E09000017
2028,2028/29,persistent_legacy,Borough,2,Active,0,Inactive,Active minus Inactive,-0.31828117898786956,0.16126971890288755,0.1336013528663134,129.0,Hounslow,E09000018
2028,2028/29,persistent_legacy,Borough,2,Active,1,Insufficiently Active,Active minus Insufficiently Active,-0.20331347229404184,0.0913916449525754,0.11032472803025631,129.0,Hounslow,E09000018
2028,2028/29,persistent_legacy,Borough,1,Insufficiently Active,0,Inactive,Insufficiently Active minus Inactive,-0.11496770669382772,0.06987807395031213,0.023276624836057067,129.0,Hounslow,E09000018
2028,2028/29,persistent_legacy,Borough,2,Active,0,Inactive,Active minus Inactive,-0.3296992061030978,0.1878289316011085,0.1429585650951107,135.0,Islington,E09000019
2028,2028/29,persistent_legacy,Borough,2,Active,1,Insufficiently Active,Active minus Insufficiently Active,-0.17505949438151236,0.11716780783070774,0.11843271413032849,135.0,Islington,E09000019
2028,2028/29,persistent_legacy,Borough,1,Insufficiently Active,0,Inactive,Insufficiently Active minus Inactive,-0.15463971172158542,0.07066112377040076,0.024525850964782214,135.0,Islington,E09000019
2028,2028/29,persistent_legacy,Borough,2,Active,0,Inactive,Active minus Inactive,-0.26479137428339516,0.18818553360455947,0.1429624901651863,136.0,Kensington and Chelsea,E09000020
2028,2028/29,persistent_legacy,Borough,2,Active,1,Insufficiently Active,Active minus Insufficiently Active,-0.1749995358675026,0.11713423060149958,0.11841339753186805,136.0,Kensington and Chelsea,E09000020
2028,2028/29,persistent_legacy,Borough,1,Insufficiently Active,0,Inactive,Insufficiently Active minus Inactive,-0.08979183841589256,0.07105130300305988,0.024549092633318243,136.0,Kensington and Chelsea,E09000020
2028,2028/29,persistent_legacy,Borough,2,Active,0,Inactive,Active minus Inactive,-0.31808562693425435,0.16125872944649286,0.13348679033044505,139.0,Kingston upon Thames,E09000021
2028,2028/29,persistent_legacy,Borough,2,Active,1,Insufficiently Active,Active minus Insufficiently Active,-0.20311792024042663,0.09138065549618071,0.11021016549438797,139.0,Kingston upon Thames,E09000021
2028,2028/29,persistent_legacy,Borough,1,Insufficiently Active,0,Inactive,Insufficiently Active minus Inactive,-0.11496770669382772,0.06987807395031213,0.023276624836057067,139.0,Kingston upon Thames,E09000021
2028,2028/29,persistent_legacy,Borough,2,Active,0,Inactive,Active minus Inactive,-0.3296992061030978,0.1878289316011085,0.1429585650951107,142.0,Lambeth,E09000022
2028,2028/29,persistent_legacy,Borough,2,Active,1,Insufficiently Active,Active minus Insufficiently Active,-0.1749995358675026,0.11713423060149958,0.11841339753186805,142.0,Lambeth,E09000022
2028,2028/29,persistent_legacy,Borough,1,Insufficiently Active,0,Inactive,Insufficiently Active minus Inactive,-0.15469967023559517,0.07069470099960892,0.02454516756324266,142.0,Lambeth,E09000022
2028,2028/29,persistent_legacy,Borough,2,Active,0,Inactive,Active minus Inactive,-0.30269648865377463,0.18817534898249377,0.14298290858937238,147.0,Lewisham,E09000023
2028,2028/29,persistent_legacy,Borough,2,Active,1,Insufficiently Active,Active minus Insufficiently Active,-0.1749995358675026,0.11713423060149958,0.11841339753186805,147.0,Lewisham,E09000023
2028,2028/29,persistent_legacy,Borough,1,Insufficiently Active,0,Inactive,Insufficiently Active minus Inactive,-0.12769695278627202,0.0710411183809942,0.024569511057504326,147.0,Lewisham,E09000023
2028,2028/29,persistent_legacy,Borough,2,Active,0,Inactive,Active minus Inactive,-0.3067731403515812,0.16134996995329082,0.13349374921251236,160.0,Merton,E09000024
2028,2028/29,persistent_legacy,Borough,2,Active,1,Insufficiently Active,Active minus Insufficiently Active,-0.20311792024042663,0.09138065549618071,0.11021016549438797,160.0,Merton,E09000024
2028,2028/29,persistent_legacy,Borough,1,Insufficiently Active,0,Inactive,Insufficiently Active minus Inactive,-0.10365522011115458,0.06996931445711012,0.023283583718124386,160.0,Merton,E09000024
2028,2028/29,persistent_legacy,Borough,2,Active,0,Inactive,Active minus Inactive,-0.26479137428339516,0.18818553360455947,0.1429624901651863,171.0,Newham,E09000025
2028,2028/29,persistent_legacy,Borough,2,Active,1,Insufficiently Active,Active minus Insufficiently Active,-0.1749995358675026,0.11713423060149958,0.11841339753186805,171.0,Newham,E09000025
2028,2028/29,persistent_legacy,Borough,1,Insufficiently Active,0,Inactive,Insufficiently Active minus Inactive,-0.08979183841589256,0.07105130300305988,0.024549092633318243,171.0,Newham,E09000025
2028,2028/29,persistent_legacy,Borough,2,Active,0,Inactive,Active minus Inactive,-0.28052627255450757,0.16146070129550893,0.13349930266793494,196.0,Redbridge,E09000026
2028,2028/29,persistent_legacy,Borough,2,Active,1,Insufficiently Active,Active minus Insufficiently Active,-0.20311792024042663,0.09138065549618071,0.11021016549438797,196.0,Redbridge,E09000026
2028,2028/29,persistent_legacy,Borough,1,Insufficiently Active,0,Inactive,Insufficiently Active minus Inactive,-0.07740835231408094,0.07008004579932821,0.023289137173546963,196.0,Redbridge,E09000026
2028,2028/29,persistent_legacy,Borough,2,Active,0,Inactive,Active minus Inactive,-0.2913374689179028,0.16121312866289847,0.13345742094765595,201.0,Richmond upon Thames,E09000027
2028,2028/29,persistent_legacy,Borough,2,Active,1,Insufficiently Active,Active minus Insufficiently Active,-0.20334723778761266,0.09132097398631127,0.1102190306238187,201.0,Richmond upon Thames,E09000027
2028,2028/29,persistent_legacy,Borough,1,Insufficiently Active,0,Inactive,Insufficiently Active minus Inactive,-0.08799023113029014,0.06989215467658719,0.023238390323837243,201.0,Richmond upon Thames,E09000027
2028,2028/29,persistent_legacy,Borough,2,Active,0,Inactive,Active minus Inactive,-0.28915958239954054,0.18788882199770263,0.1429276367472461,241.0,Southwark,E09000028
2028,2028/29,persistent_legacy,Borough,2,Active,1,Insufficiently Active,Active minus Insufficiently Active,-0.17505949438151236,0.11716780783070774,0.11843271413032849,241.0,Southwark,E09000028
2028,2028/29,persistent_legacy,Borough,1,Insufficiently Active,0,Inactive,Insufficiently Active minus Inactive,-0.11410008801802818,0.07072101416699489,0.024494922616917596,241.0,Southwark,E09000028
2028,2028/29,persistent_legacy,Borough,2,Active,0,Inactive,Active minus Inactive,-0.2913374689179028,0.16121312866289847,0.13345742094765595,255.0,Sutton,E09000029
2028,2028/29,persistent_legacy,Borough,2,Active,1,Insufficiently Active,Active minus Insufficiently Active,-0.20311792024042663,0.09138065549618071,0.11021016549438797,255.0,Sutton,E09000029
2028,2028/29,persistent_legacy,Borough,1,Insufficiently Active,0,Inactive,Insufficiently Active minus Inactive,-0.08821954867747617,0.06983247316671774,0.023247255453267966,255.0,Sutton,E09000029
2028,2028/29,persistent_legacy,Borough,2,Active,0,Inactive,Active minus Inactive,-0.3296992061030978,0.1878289316011085,0.1429585650951107,272.0,Tower Hamlets,E09000030
2028,2028/29,persistent_legacy,Borough,2,Active,1,Insufficiently Active,Active minus Insufficiently Active,-0.1749995358675026,0.11713423060149958,0.11841339753186805,272.0,Tower Hamlets,E09000030
2028,2028/29,persistent_legacy,Borough,1,Insufficiently Active,0,Inactive,Insufficiently Active minus Inactive,-0.15469967023559517,0.07069470099960892,0.02454516756324266,272.0,Tower Hamlets,E09000030
2028,2028/29,persistent_legacy,Borough,2,Active,0,Inactive,Active minus Inactive,-0.31739237942885434,0.16126612185555664,0.133487423521399,279.0,Waltham Forest,E09000031
2028,2028/29,persistent_legacy,Borough,2,Active,1,Insufficiently Active,Active minus Insufficiently Active,-0.20311792024042663,0.09138065549618071,0.11021016549438797,279.0,Waltham Forest,E09000031
2028,2028/29,persistent_legacy,Borough,1,Insufficiently Active,0,Inactive,Insufficiently Active minus Inactive,-0.11427445918842771,0.06988546635937593,0.023277258027011014,279.0,Waltham Forest,E09000031
2028,2028/29,persistent_legacy,Borough,2,Active,0,Inactive,Active minus Inactive,-0.28691271958661657,0.18789630769789548,0.1429267060178172,280.0,Wandsworth,E09000032
2028,2028/29,persistent_legacy,Borough,2,Active,1,Insufficiently Active,Active minus Insufficiently Active,-0.1749995358675026,0.11713423060149958,0.11841339753186805,280.0,Wandsworth,E09000032
2028,2028/29,persistent_legacy,Borough,1,Insufficiently Active,0,Inactive,Insufficiently Active minus Inactive,-0.11191318371911396,0.0707620770963959,0.024513308485949164,280.0,Wandsworth,E09000032
2028,2028/29,persistent_legacy,Borough,2,Active,0,Inactive,Active minus Inactive,-0.28915958239954054,0.18788882199770263,0.1429276367472461,293.0,Westminster,E09000033
2028,2028/29,persistent_legacy,Borough,2,Active,1,Insufficiently Active,Active minus Insufficiently Active,-0.1749995358675026,0.11713423060149958,0.11841339753186805,293.0,Westminster,E09000033
2028,2028/29,persistent_legacy,Borough,1,Insufficiently Active,0,Inactive,Insufficiently Active minus Inactive,-0.11416004653203793,0.07075459139620305,0.024514239215378042,293.0,Westminster,E09000033
