year,LA_2023,age_group_code,age_group,inactive,fairly_active,active,active_inactive_gap,fairly_inactive_gap
3,8,2,16-24,0.0,0.0,0.0237833877058286,0.0237833877058286,0.0
3,8,3,25-34,0.0,0.0,0.0709000769069476,0.0709000769069476,0.0
3,8,4,35-44,0.033739405703353,0.0673416950932945,0.116861479435362,0.083122073732009,0.0336022893899415
3,8,5,45-54,0.0966511647118181,0.0,0.2018099118950315,0.1051587471832134,-0.0966511647118181
3,8,6,55-64,0.0,0.0,0.0793289922040168,0.0793289922040168,0.0
3,8,7,65-74,0.0,0.0,0.2272536976867994,0.2272536976867994,0.0
3,8,8,75-84,0.0,0.0,0.0,0.0,0.0
3,8,9,85+,0.0,0.0,0.0,0.0,0.0
3,9,2,16-24,0.0,0.0,0.2236800297254468,0.2236800297254468,0.0
3,9,3,25-34,0.0,0.0,0.090296010515271,0.090296010515271,0.0
3,9,4,35-44,0.0446302820953957,0.0,0.0899747331193789,0.0453444510239832,-0.0446302820953957
3,9,5,45-54,0.0,0.0,0.0830848805996432,0.0830848805996432,0.0
3,9,6,55-64,0.0,0.0,0.1414875266376248,0.1414875266376248,0.0
3,9,7,65-74,0.2871109503012912,0.1261351769815877,0.2619113913303,-0.025199558970991187,-0.1609757733197035
3,9,8,75-84,0.0,0.0,0.08117827056859,0.08117827056859,0.0
3,9,9,85+,0.0,,0.0,0.0,
3,17,2,16-24,0.0,0.0,0.4446252721459363,0.4446252721459363,0.0
3,17,3,25-34,0.0,0.0,0.0908182697451865,0.0908182697451865,0.0
3,17,4,35-44,0.0,0.0779816743949736,0.1068993988278453,0.1068993988278453,0.0779816743949736
3,17,5,45-54,0.0,0.0,0.2037766628279673,0.2037766628279673,0.0
3,17,6,55-64,0.0,0.0,0.1595949285141022,0.1595949285141022,0.0
3,17,7,65-74,0.0,0.0,0.1562924975345531,0.1562924975345531,0.0
3,17,8,75-84,0.2650162238450454,0.0,0.0,-0.2650162238450454,-0.2650162238450454
3,17,9,85+,0.0,0.0,0.739343094093329,0.739343094093329,0.0
3,30,2,16-24,0.1966328601411888,0.7570418384043015,0.0465298197776044,-0.1501030403635844,0.5604089782631128
3,30,3,25-34,0.0,0.0,0.1464186250551407,0.1464186250551407,0.0
3,30,4,35-44,0.0891423819451029,0.0,0.1292015660952429,0.04005918415013998,-0.0891423819451029
3,30,5,45-54,0.073530486345465,0.1957085347812676,0.1773377177370398,0.1038072313915748,0.1221780484358026
3,30,6,55-64,0.0,0.1127071488540489,0.1339730423130143,0.1339730423130143,0.1127071488540489
3,30,7,65-74,0.0,0.0,0.0,0.0,0.0
3,30,8,75-84,0.0,0.0,0.0,0.0,0.0
3,30,9,85+,0.0,,,,
3,35,2,16-24,0.0,,0.0,0.0,
3,35,3,25-34,0.0,0.0,0.4663588010410205,0.4663588010410205,0.0
3,35,4,35-44,0.0,0.266567250804946,0.0877834261602968,0.0877834261602968,0.266567250804946
3,35,5,45-54,0.0,0.4133639977012316,0.216365830467817,0.216365830467817,0.4133639977012316
3,35,6,55-64,0.6978475912617349,0.0,0.1194633591293126,-0.5783842321324223,-0.6978475912617349
3,35,7,65-74,0.0,0.0,0.0659120707784285,0.0659120707784285,0.0
3,35,8,75-84,0.0536892727190929,0.1008735339650309,0.2971615029515813,0.24347223023248837,0.047184261245938004
3,35,9,85+,0.0,0.0,0.0,0.0,0.0
3,44,2,16-24,0.0,1.0,0.1377981917990861,0.1377981917990861,1.0
3,44,3,25-34,0.0,0.0,0.0,0.0,0.0
3,44,4,35-44,0.2221790990316329,0.1581851711545929,0.0,-0.2221790990316329,-0.06399392787704
3,44,5,45-54,0.0,0.0,0.12174026289593,0.12174026289593,0.0
3,44,6,55-64,0.0,0.0,0.1020740380488244,0.1020740380488244,0.0
3,44,7,65-74,0.1489186320805532,0.1361744504766053,0.1340776596281468,-0.014840972452406398,-0.012744181603947885
3,44,8,75-84,0.0,0.0,0.0,0.0,0.0
3,44,9,85+,0.260376522199288,,0.0,-0.260376522199288,
3,68,2,16-24,0.0,0.4329658232368615,0.5700568069660763,0.5700568069660763,0.4329658232368615
3,68,3,25-34,0.0,0.0,0.1192871156205983,0.1192871156205983,0.0
3,68,4,35-44,0.0634736811962981,0.0,0.1907639815620192,0.1272903003657211,-0.0634736811962981
3,68,5,45-54,0.0,0.0,0.20033539046264,0.20033539046264,0.0
3,68,6,55-64,0.3038932310178521,0.0,0.1718654524686126,-0.1320277785492395,-0.3038932310178521
3,68,7,65-74,0.0,0.394673848530558,0.0955660757086404,0.0955660757086404,0.394673848530558
3,68,8,75-84,0.1730028610910444,0.0,0.3465186549210588,0.17351579383001442,-0.1730028610910444
3,68,9,85+,0.0,0.0,0.206762769263075,0.206762769263075,0.0
3,78,2,16-24,0.0995351762187942,0.0,0.4267276723754135,0.3271924961566193,-0.0995351762187942
3,78,3,25-34,0.0,0.0,0.0592777449506448,0.0592777449506448,0.0
3,78,4,35-44,0.0,0.0,0.1610234545442091,0.1610234545442091,0.0
3,78,5,45-54,0.0,0.061912468963851,0.2766069788714345,0.2766069788714345,0.061912468963851
3,78,6,55-64,0.0,0.5109411390965964,0.0889194990466038,0.0889194990466038,0.5109411390965964
3,78,7,65-74,0.0555447295623292,0.0,0.0369165883508369,-0.018628141211492297,-0.0555447295623292
3,78,8,75-84,0.0,0.0,0.2778497386318888,0.2778497386318888,0.0
3,78,9,85+,0.0,0.0,0.0,0.0,0.0
3,91,2,16-24,0.0,0.0,0.1932268510458399,0.1932268510458399,0.0
3,91,3,25-34,0.1263570286301884,0.0,0.0135647547473675,-0.11279227388282091,-0.1263570286301884
3,91,4,35-44,0.0,0.0652021524570092,0.0768667379380871,0.0768667379380871,0.0652021524570092
3,91,5,45-54,0.0,0.0,0.2023406098486778,0.2023406098486778,0.0
3,91,6,55-64,0.0158525023553223,0.0,0.0974024277713059,0.08154992541598359,-0.0158525023553223
3,91,7,65-74,0.0,0.0,0.0769677742627502,0.0769677742627502,0.0
3,91,8,75-84,0.0,0.2557807370967795,0.110859741302122,0.110859741302122,0.2557807370967795
3,91,9,85+,0.0,,0.0,0.0,
3,107,2,16-24,0.0,0.0,0.6841407535021808,0.6841407535021808,0.0
3,107,3,25-34,0.0,0.0,0.0315846810893701,0.0315846810893701,0.0
3,107,4,35-44,0.0,0.1602103073517161,0.1796118728542467,0.1796118728542467,0.1602103073517161
3,107,5,45-54,0.2143081660904587,0.1274207226119638,0.1192748291001468,-0.09503333699031188,-0.08688744347849489
3,107,6,55-64,0.0,0.0,0.178326198677644,0.178326198677644,0.0
3,107,7,65-74,0.0,0.0,0.0244052679878616,0.0244052679878616,0.0
3,107,8,75-84,0.0,0.0,0.380554138735578,0.380554138735578,0.0
3,107,9,85+,0.0,0.0,,,0.0
3,109,2,16-24,0.2688003766133235,0.0,0.0,-0.2688003766133235,-0.2688003766133235
3,109,3,25-34,0.0,0.0,0.0549747292102774,0.0549747292102774,0.0
3,109,4,35-44,0.0,0.0863004658059295,0.0926564730931352,0.0926564730931352,0.0863004658059295
3,109,5,45-54,0.0,0.0,0.1088717454844741,0.1088717454844741,0.0
3,109,6,55-64,0.0,0.0,0.0506585921088909,0.0506585921088909,0.0
3,109,7,65-74,0.0,0.0,0.2604345706408817,0.2604345706408817,0.0
3,109,8,75-84,0.0,0.0,0.0,0.0,0.0
3,109,9,85+,0.0,0.0,0.0,0.0,0.0
3,112,2,16-24,0.1304857483865775,1.0,0.0210204166766086,-0.1094653317099689,0.8695142516134224
3,112,3,25-34,0.0,0.0,0.1389029356196812,0.1389029356196812,0.0
3,112,4,35-44,0.0392485011113516,0.1528281008356935,0.0503686495451012,0.011120148433749602,0.11357959972434191
3,112,5,45-54,0.0,0.0,0.1322186975064321,0.1322186975064321,0.0
3,112,6,55-64,0.0,0.0,0.0152874507262192,0.0152874507262192,0.0
3,112,7,65-74,0.0,0.4946665450693061,0.0852068948455476,0.0852068948455476,0.4946665450693061
3,112,8,75-84,0.0,0.0,0.2869272660114336,0.2869272660114336,0.0
3,112,9,85+,0.0,0.0,,,0.0
3,114,2,16-24,0.0,0.0,0.1014130690824445,0.1014130690824445,0.0
3,114,3,25-34,0.0,0.0,0.1287725496759264,0.1287725496759264,0.0
3,114,4,35-44,0.0,0.0,0.0690874500347992,0.0690874500347992,0.0
3,114,5,45-54,0.0,0.0,0.3730742366688224,0.3730742366688224,0.0
3,114,6,55-64,0.0,0.1993649671384638,0.1156445635061468,0.1156445635061468,0.1993649671384638
3,114,7,65-74,0.1081567118471679,0.0,0.3226549021653618,0.2144981903181939,-0.1081567118471679
3,114,8,75-84,0.0,0.0,0.1962727975105543,0.1962727975105543,0.0
3,114,9,85+,0.0,,0.0,0.0,
3,117,2,16-24,0.0,0.0,0.019433925811659,0.019433925811659,0.0
3,117,3,25-34,0.2139464392119656,0.0,0.2698199562271625,0.05587351701519688,-0.2139464392119656
3,117,4,35-44,0.1252095549074824,0.0,0.145648644300576,0.020439089393093607,-0.1252095549074824
3,117,5,45-54,0.0,0.1146693531926297,0.2242482547908379,0.2242482547908379,0.1146693531926297
3,117,6,55-64,0.0,0.0155981527642796,0.0636572911505669,0.0636572911505669,0.0155981527642796
3,117,7,65-74,0.0389544104998842,0.0,0.2873868134734956,0.2484324029736114,-0.0389544104998842
3,117,8,75-84,0.0,0.0,0.1037315516497761,0.1037315516497761,0.0
3,117,9,85+,0.0,0.0,0.0,0.0,0.0
3,122,2,16-24,0.0,0.0,0.2882174458238648,0.2882174458238648,0.0
3,122,3,25-34,0.1293913513888658,0.1358905185753392,0.1969355162912313,0.0675441649023655,0.00649916718647342
3,122,4,35-44,0.0,0.0511170789762093,0.2809214608792736,0.2809214608792736,0.0511170789762093
3,122,5,45-54,0.1342201947661009,0.0,0.0904576299770957,-0.0437625647890052,-0.1342201947661009
3,122,6,55-64,0.1511242089710442,0.0,0.093262800805757,-0.057861408165287204,-0.1511242089710442
3,122,7,65-74,0.1328101095872459,0.0,0.1273969241419431,-0.005413185445302809,-0.1328101095872459
3,122,8,75-84,0.0,0.0,0.1945414416477736,0.1945414416477736,0.0
3,122,9,85+,0.0,,0.0,0.0,
3,126,2,16-24,0.0,0.0,0.0,0.0,0.0
3,126,3,25-34,0.1213160256801872,0.0,0.1743612134317287,0.05304518775154149,-0.1213160256801872
3,126,4,35-44,0.0,0.0,0.097144969534304,0.097144969534304,0.0
3,126,5,45-54,0.0155408352292689,0.1012146618870207,0.2415396268736072,0.22599879164433828,0.0856738266577518
3,126,6,55-64,0.0,0.3900104249101634,0.184369432831905,0.184369432831905,0.3900104249101634
3,126,7,65-74,0.0,0.0,0.0756338858419414,0.0756338858419414,0.0
3,126,8,75-84,0.1494698359527267,,0.1379167046945164,-0.011553131258210309,
3,126,9,85+,0.0,0.0,0.0,0.0,0.0
3,129,2,16-24,0.2908255967393052,0.0,0.0313715674615987,-0.2594540292777065,-0.2908255967393052
3,129,3,25-34,0.0696822051320953,0.5257150221186788,0.1671757849893276,0.09749357985723231,0.4560328169865835
3,129,4,35-44,0.0,0.0,0.0313533038914805,0.0313533038914805,0.0
3,129,5,45-54,0.0,0.0,0.1411948487607483,0.1411948487607483,0.0
3,129,6,55-64,0.0973142687742128,0.2768118833990448,0.1620472965823144,0.0647330278081016,0.179497614624832
3,129,7,65-74,0.0,0.0,0.0,0.0,0.0
3,129,8,75-84,0.0,0.0,0.0,0.0,0.0
3,129,9,85+,0.2512567350067961,,0.0,-0.2512567350067961,
3,135,2,16-24,0.0,0.0,0.0412351021099921,0.0412351021099921,0.0
3,135,3,25-34,0.0,0.044858922858459,0.0548680599927808,0.0548680599927808,0.044858922858459
3,135,4,35-44,0.0,0.1224638567180322,0.1649311949770428,0.1649311949770428,0.1224638567180322
3,135,5,45-54,0.0551124414158698,0.0,0.1240646453917632,0.06895220397589341,-0.0551124414158698
3,135,6,55-64,0.0,0.0,0.1170018881256464,0.1170018881256464,0.0
3,135,7,65-74,0.0,0.0,0.0,0.0,0.0
3,135,8,75-84,0.0,0.0,0.1444163450466988,0.1444163450466988,0.0
3,135,9,85+,0.0,,0.0,0.0,
3,136,2,16-24,0.0,0.0,0.4618117046925512,0.4618117046925512,0.0
3,136,3,25-34,0.0,0.0,0.0,0.0,0.0
3,136,4,35-44,0.0,0.0,0.0705040275486734,0.0705040275486734,0.0
3,136,5,45-54,0.0,0.0,0.1657045384167221,0.1657045384167221,0.0
3,136,6,55-64,0.0,0.1628039108912561,0.1463262062031498,0.1463262062031498,0.1628039108912561
3,136,7,65-74,0.0,0.0,0.0782462038526118,0.0782462038526118,0.0
3,136,8,75-84,0.0957681344333555,0.0,0.0751748426992787,-0.0205932917340768,-0.0957681344333555
3,136,9,85+,0.0,0.0,0.0,0.0,0.0
3,139,2,16-24,0.0,0.0,0.353755629708339,0.353755629708339,0.0
3,139,3,25-34,0.0,0.0,0.1054709461016812,0.1054709461016812,0.0
3,139,4,35-44,0.4911589974442378,0.0912174634430167,0.1912029489328892,-0.2999560485113486,-0.3999415340012211
3,139,5,45-54,0.0,0.2162450684254793,0.480841863389142,0.480841863389142,0.2162450684254793
3,139,6,55-64,0.1703320113253689,0.0,0.1707151929789235,0.00038318165355460954,-0.1703320113253689
3,139,7,65-74,0.0,0.076560299331403,0.338459638870017,0.338459638870017,0.076560299331403
3,139,8,75-84,0.0,0.0,0.205130163646651,0.205130163646651,0.0
3,139,9,85+,0.0,1.0,0.0,0.0,1.0
3,142,2,16-24,0.0,0.0,0.1448538935702267,0.1448538935702267,0.0
3,142,3,25-34,0.0,0.0,0.1006765865082656,0.1006765865082656,0.0
3,142,4,35-44,0.0893187017919742,0.1090923968855487,0.055343113320985,-0.03397558847098919,0.019773695093574503
3,142,5,45-54,0.0,0.0,0.1917148914941278,0.1917148914941278,0.0
3,142,6,55-64,0.0,0.0,0.0383432399181093,0.0383432399181093,0.0
3,142,7,65-74,0.0,0.0,0.0,0.0,0.0
3,142,8,75-84,0.068704822755914,,0.0,-0.068704822755914,
3,142,9,85+,,0.0,0.0,,
3,147,2,16-24,0.1277846585439426,0.0,0.1683333159872749,0.0405486574433323,-0.1277846585439426
3,147,3,25-34,0.0,0.0,0.0363666426049155,0.0363666426049155,0.0
3,147,4,35-44,0.0,0.0,0.0911950309648269,0.0911950309648269,0.0
3,147,5,45-54,0.0,0.0,0.0700582480521682,0.0700582480521682,0.0
3,147,6,55-64,0.0,0.0,0.0726465761282723,0.0726465761282723,0.0
3,147,7,65-74,0.0,0.0,0.0857529010478569,0.0857529010478569,0.0
3,147,8,75-84,0.0,0.1356455364821819,0.0312293735399713,0.0312293735399713,0.1356455364821819
3,147,9,85+,,,0.0,,
3,160,2,16-24,0.4708002229195766,0.0,0.2240301796049892,-0.24677004331458743,-0.4708002229195766
3,160,3,25-34,0.0,0.0840983639750481,0.0147231527366195,0.0147231527366195,0.0840983639750481
3,160,4,35-44,0.2644264156345304,0.0446779251032474,0.0557533326604675,-0.2086730829740629,-0.219748490531283
3,160,5,45-54,0.112721934617735,0.0,0.1291545664866231,0.016432631868888103,-0.112721934617735
3,160,6,55-64,0.071219844756714,0.0,0.2163757659395206,0.1451559211828066,-0.071219844756714
3,160,7,65-74,0.0,,0.0247387954368012,0.0247387954368012,
3,160,8,75-84,0.0,0.3358921162070048,0.2082501598896848,0.2082501598896848,0.3358921162070048
3,160,9,85+,0.0,,0.0,0.0,
3,171,2,16-24,0.0,0.0,0.2665733571365734,0.2665733571365734,0.0
3,171,3,25-34,0.0,0.0360048719010108,0.2221930703462345,0.2221930703462345,0.0360048719010108
3,171,4,35-44,0.0,0.0,0.0695450271008018,0.0695450271008018,0.0
3,171,5,45-54,0.1756276227115621,0.0,0.0450887053827794,-0.1305389173287827,-0.1756276227115621
3,171,6,55-64,0.0,0.0,0.1924597668883677,0.1924597668883677,0.0
3,171,7,65-74,0.0743640533832764,0.0,0.1857459127482121,0.11138185936493569,-0.0743640533832764
3,171,8,75-84,0.0,0.0,0.0,0.0,0.0
3,171,9,85+,0.0,,,,
3,196,2,16-24,,0.0,0.1425773718035933,,
3,196,3,25-34,0.2864244790835692,0.3263131152451854,0.0358824497013026,-0.2505420293822666,0.0398886361616162
3,196,4,35-44,0.0,0.1410346730274952,0.1473793831420092,0.1473793831420092,0.1410346730274952
3,196,5,45-54,0.0,0.0,0.2084646925493886,0.2084646925493886,0.0
3,196,6,55-64,0.0320990873929135,0.0,0.1203948962843051,0.0882958088913916,-0.0320990873929135
3,196,7,65-74,0.0,0.0,0.0128527233479465,0.0128527233479465,0.0
3,196,8,75-84,0.0,0.0,0.0850849223651757,0.0850849223651757,0.0
3,196,9,85+,0.0,,,,
3,201,2,16-24,,0.0,0.1242851741377379,,
3,201,3,25-34,0.0,0.0,0.1481043054875407,0.1481043054875407,0.0
3,201,4,35-44,0.0,0.2749943483843379,0.1961305249579746,0.1961305249579746,0.2749943483843379
3,201,5,45-54,0.0,0.0,0.2714319241070905,0.2714319241070905,0.0
3,201,6,55-64,0.0,0.0962290133337217,0.1035525242206318,0.1035525242206318,0.0962290133337217
3,201,7,65-74,0.0616398701148014,0.0476638870754341,0.0680519348732719,0.006412064758470497,-0.013975983039367298
3,201,8,75-84,0.0,0.1721746692509378,0.0,0.0,0.1721746692509378
3,201,9,85+,,,0.0,,
3,241,2,16-24,0.0,0.4464660970766214,0.1562819331026738,0.1562819331026738,0.4464660970766214
3,241,3,25-34,0.0,0.3111949603268093,0.0450389825257279,0.0450389825257279,0.3111949603268093
3,241,4,35-44,0.0,0.0622050841681638,0.0881207541762496,0.0881207541762496,0.0622050841681638
3,241,5,45-54,0.056189406388515,0.0,0.2048588142085538,0.14866940782003882,-0.056189406388515
3,241,6,55-64,0.0,0.0,0.0174852090443436,0.0174852090443436,0.0
3,241,7,65-74,0.0,0.2770087155572179,0.0795758722687198,0.0795758722687198,0.2770087155572179
3,241,8,75-84,0.0,0.0,0.0,0.0,0.0
3,241,9,85+,0.0,0.0,,,0.0
3,255,2,16-24,0.0,0.0,0.2507360728236318,0.2507360728236318,0.0
3,255,3,25-34,0.0600256211445055,0.0,0.0450507689515929,-0.0149748521929126,-0.0600256211445055
3,255,4,35-44,0.1089116205347733,0.0,0.0678105047924321,-0.041101115742341196,-0.1089116205347733
3,255,5,45-54,0.0154437649571106,0.0540137396308496,0.20871658607637,0.1932728211192594,0.038569974673739
3,255,6,55-64,0.1059248136411427,0.0284267180603227,0.0050742290276387,-0.100850584613504,-0.07749809558082
3,255,7,65-74,0.1503183890483397,0.291990026470189,0.1447338547160486,-0.005584534332291086,0.14167163742184932
3,255,8,75-84,0.0780396741891091,0.0,0.2043591346133483,0.1263194604242392,-0.0780396741891091
3,255,9,85+,0.0,,0.0,0.0,
3,272,2,16-24,0.0310474662257189,0.0,0.0582542703134554,0.027206804087736496,-0.0310474662257189
3,272,3,25-34,0.0094076207706086,0.0,0.0642962230829951,0.0548886023123865,-0.0094076207706086
3,272,4,35-44,0.0,0.0,0.0646946241936078,0.0646946241936078,0.0
3,272,5,45-54,0.0,0.0,0.1805479987643996,0.1805479987643996,0.0
3,272,6,55-64,0.0,0.0,0.151208745460578,0.151208745460578,0.0
3,272,7,65-74,0.0,0.0,0.1922146953219084,0.1922146953219084,0.0
3,272,8,75-84,0.0,0.0,0.0,0.0,0.0
3,272,9,85+,0.0,,0.0,0.0,
3,279,2,16-24,0.0,0.0,0.170102400599963,0.170102400599963,0.0
3,279,3,25-34,0.0,0.0,0.0591073835757932,0.0591073835757932,0.0
3,279,4,35-44,0.0,0.0,0.1731054637529703,0.1731054637529703,0.0
3,279,5,45-54,0.0380020664472775,0.0,0.1259817040542024,0.0879796376069249,-0.0380020664472775
3,279,6,55-64,0.0,0.0,0.0946901235175566,0.0946901235175566,0.0
3,279,7,65-74,0.0,0.5821524758689433,0.3308396527971449,0.3308396527971449,0.5821524758689433
3,279,8,75-84,0.0,0.4257846385355591,0.1138995421769194,0.1138995421769194,0.4257846385355591
3,279,9,85+,0.0,0.0,,,0.0
3,280,2,16-24,0.0,0.5972328057851791,0.238563702777608,0.238563702777608,0.5972328057851791
3,280,3,25-34,0.0,0.0,0.1379979796740616,0.1379979796740616,0.0
3,280,4,35-44,0.0753244678357718,0.0382032935801359,0.0764040996950259,0.001079631859254096,-0.03712117425563591
3,280,5,45-54,0.0745480963109393,0.0,0.3150055500167492,0.2404574537058099,-0.0745480963109393
3,280,6,55-64,0.0,0.0,0.1451188178129221,0.1451188178129221,0.0
3,280,7,65-74,0.0,0.0,0.0496588266792336,0.0496588266792336,0.0
3,280,8,75-84,0.0,0.0,0.0,0.0,0.0
3,280,9,85+,,,0.0,,
3,293,2,16-24,,0.0,0.0,,
3,293,3,25-34,0.1506959112556587,0.0,0.0326480552555014,-0.1180478560001573,-0.1506959112556587
3,293,4,35-44,0.0,0.0,0.1167296767871107,0.1167296767871107,0.0
3,293,5,45-54,0.0,0.0,0.0552105225054042,0.0552105225054042,0.0
3,293,6,55-64,0.1031364266006744,0.0,0.0592360874978297,-0.0439003391028447,-0.1031364266006744
3,293,7,65-74,0.0,0.0,0.0574904214589524,0.0574904214589524,0.0
3,293,8,75-84,0.0,0.0,0.0828526274572462,0.0828526274572462,0.0
3,293,9,85+,0.0,0.0,0.0,0.0,0.0
4,8,2,16-24,0.0,0.0,0.1115263928212127,0.1115263928212127,0.0
4,8,3,25-34,0.0533461668614973,0.0244969410523766,0.0906743020985917,0.037328135237094405,-0.028849225809120697
4,8,4,35-44,0.0516920353369509,0.080965091609157,0.1856624244765996,0.1339703891396487,0.029273056272206104
4,8,5,45-54,0.0547796205784698,0.0,0.1161811531961489,0.0614015326176791,-0.0547796205784698
4,8,6,55-64,0.0,0.0,0.0374824651308884,0.0374824651308884,0.0
4,8,7,65-74,0.0337401856094247,0.0,0.0,-0.0337401856094247,-0.0337401856094247
4,8,8,75-84,0.0,0.0,0.0,0.0,0.0
4,8,9,85+,0.4783371376215017,0.0,0.0,-0.4783371376215017,-0.4783371376215017
4,9,2,16-24,0.0,,0.0,0.0,
4,9,3,25-34,0.0,0.0,0.1317328656300819,0.1317328656300819,0.0
4,9,4,35-44,0.0,0.0693540276786253,0.3322178949232007,0.3322178949232007,0.0693540276786253
4,9,5,45-54,0.0,0.1929508163907883,0.1023153511074356,0.1023153511074356,0.1929508163907883
4,9,6,55-64,0.2001232385247443,0.0,0.1346184116122786,-0.0655048269124657,-0.2001232385247443
4,9,7,65-74,0.0203569276089588,0.0,0.1287938722567263,0.10843694464776751,-0.0203569276089588
4,9,8,75-84,0.0,0.0,0.3456521941966162,0.3456521941966162,0.0
4,9,9,85+,0.0,0.0,,,0.0
4,17,2,16-24,0.0,0.0,0.260964401204814,0.260964401204814,0.0
4,17,3,25-34,0.0,0.0,0.1058996905524135,0.1058996905524135,0.0
4,17,4,35-44,0.0,0.0,0.1914497315154914,0.1914497315154914,0.0
4,17,5,45-54,0.0,0.0,0.1467855601284325,0.1467855601284325,0.0
4,17,6,55-64,0.0,0.0474141795776866,0.0788726726197876,0.0788726726197876,0.0474141795776866
4,17,7,65-74,0.0,0.0,0.1220331103348255,0.1220331103348255,0.0
4,17,8,75-84,0.0,0.4907200636913745,0.0,0.0,0.4907200636913745
4,17,9,85+,,,0.0,,
4,30,2,16-24,0.4260134705103153,0.0,0.2807757803412765,-0.1452376901690388,-0.4260134705103153
4,30,3,25-34,0.0748347175861982,0.0,0.013856796402572,-0.060977921183626195,-0.0748347175861982
4,30,4,35-44,0.0180509746181179,0.1389392031847972,0.0387431949223804,0.0206922203042625,0.12088822856667929
4,30,5,45-54,0.026070451152351,0.2751053165599903,0.2752067195317145,0.24913626837936348,0.2490348654076393
4,30,6,55-64,0.0,0.0,0.1054430311144479,0.1054430311144479,0.0
4,30,7,65-74,0.0,0.0,0.2488223024319853,0.2488223024319853,0.0
4,30,8,75-84,0.0,0.0,0.1277761389033895,0.1277761389033895,0.0
4,30,9,85+,0.0,,0.23506219864392,0.23506219864392,
4,35,2,16-24,,0.0,0.5503423901425282,,
4,35,3,25-34,0.0,0.0,0.1005123346911938,0.1005123346911938,0.0
4,35,4,35-44,0.1303843000655755,0.0,0.1836720968353222,0.05328779676974671,-0.1303843000655755
4,35,5,45-54,0.3844634305092923,0.0,0.1437179894135187,-0.24074544109577362,-0.3844634305092923
4,35,6,55-64,0.1085796102198469,0.4290522488882902,0.083371578024993,-0.025208032194853902,0.3204726386684433
4,35,7,65-74,0.1016961416822332,0.0901381062458859,0.1437072333355117,0.04201109165327849,-0.0115580354363473
4,35,8,75-84,0.0,0.289848451388106,0.3095379127220354,0.3095379127220354,0.289848451388106
4,35,9,85+,0.0,0.0,0.0,0.0,0.0
4,44,2,16-24,0.0,0.0544579249640134,0.1343148108410239,0.1343148108410239,0.0544579249640134
4,44,3,25-34,0.2264248496591965,0.0288218629800134,0.1572072814502387,-0.06921756820895777,-0.19760298667918308
4,44,4,35-44,0.0,0.0,0.0212944497889833,0.0212944497889833,0.0
4,44,5,45-54,0.0,0.0,0.0987171951150612,0.0987171951150612,0.0
4,44,6,55-64,0.0,0.0476808459409852,0.123557184667688,0.123557184667688,0.0476808459409852
4,44,7,65-74,0.0,0.0,0.0296884935790862,0.0296884935790862,0.0
4,44,8,75-84,0.0,0.0,0.1039623356472036,0.1039623356472036,0.0
4,44,9,85+,0.0,0.0,0.4895092418597548,0.4895092418597548,0.0
4,68,2,16-24,0.0,0.0,0.1142526356294681,0.1142526356294681,0.0
4,68,3,25-34,0.0,0.0,0.2387917599735535,0.2387917599735535,0.0
4,68,4,35-44,0.0,0.1186327321465418,0.0171765751514103,0.0171765751514103,0.1186327321465418
4,68,5,45-54,0.0524912166692207,0.1030754604396721,0.3148263705032905,0.2623351538340698,0.0505842437704514
4,68,6,55-64,0.0,0.0,0.2313859318950297,0.2313859318950297,0.0
4,68,7,65-74,0.0,0.0,0.0969932651618071,0.0969932651618071,0.0
4,68,8,75-84,0.0,0.2483181212481464,0.1072348684698154,0.1072348684698154,0.2483181212481464
4,68,9,85+,0.2197844942770917,0.0,0.0,-0.2197844942770917,-0.2197844942770917
4,78,2,16-24,0.0,0.0,0.1925978599436984,0.1925978599436984,0.0
4,78,3,25-34,0.0,0.0952429680261101,0.1746258453695464,0.1746258453695464,0.0952429680261101
4,78,4,35-44,0.0,0.073471501083655,0.1210447440705396,0.1210447440705396,0.073471501083655
4,78,5,45-54,0.0,0.0699428402147355,0.1949791863719957,0.1949791863719957,0.0699428402147355
4,78,6,55-64,0.0,0.0,0.2199862837474347,0.2199862837474347,0.0
4,78,7,65-74,0.0,0.0,0.1037903269288369,0.1037903269288369,0.0
4,78,8,75-84,0.0,0.0,0.0,0.0,0.0
4,78,9,85+,0.0,0.0,0.0,0.0,0.0
4,91,2,16-24,0.0,0.0,0.1001550922357547,0.1001550922357547,0.0
4,91,3,25-34,0.0,0.0,0.0,0.0,0.0
4,91,4,35-44,0.3926912041564088,0.0809768876599773,0.0707237057785034,-0.3219674983779054,-0.3117143164964315
4,91,5,45-54,0.1385306444382077,0.18610777203285,0.1287622783912162,-0.009768366046991495,0.047577127594642304
4,91,6,55-64,0.0,0.0,0.0749245611842889,0.0749245611842889,0.0
4,91,7,65-74,0.0481744880772312,0.1323710835915247,0.1486110222422116,0.10043653416498038,0.08419659551429348
4,91,8,75-84,0.0,0.0,0.0732076524809617,0.0732076524809617,0.0
4,91,9,85+,0.2397248356802974,,0.0,-0.2397248356802974,
4,107,2,16-24,0.1835096980270626,0.8976527211993223,0.3346234064972523,0.1511137084701897,0.7141430231722596
4,107,3,25-34,0.0,0.0,0.0327629894725451,0.0327629894725451,0.0
4,107,4,35-44,0.0,0.0,0.0597399146324541,0.0597399146324541,0.0
4,107,5,45-54,0.0586619489160129,0.1537245914359901,0.1755427839033071,0.11688083498729421,0.0950626425199772
4,107,6,55-64,0.0,0.0,0.0693938290969098,0.0693938290969098,0.0
4,107,7,65-74,0.0,0.0,0.0,0.0,0.0
4,107,8,75-84,0.0,0.0,0.0,0.0,0.0
4,107,9,85+,0.0,0.0,,,0.0
4,109,2,16-24,0.0,0.0,0.0847511057138333,0.0847511057138333,0.0
4,109,3,25-34,0.0,0.0,0.0514136312581567,0.0514136312581567,0.0
4,109,4,35-44,0.2018813561131288,0.0,0.0626649390777513,-0.13921641703537752,-0.2018813561131288
4,109,5,45-54,0.1551475807943509,0.0,0.0897078184654931,-0.0654397623288578,-0.1551475807943509
4,109,6,55-64,0.0546518460712948,0.0,0.0515232159260686,-0.0031286301452261994,-0.0546518460712948
4,109,7,65-74,0.0,0.0,0.0,0.0,0.0
4,109,8,75-84,0.0,0.0,0.0,0.0,0.0
4,109,9,85+,0.0,0.0,,,0.0
4,112,2,16-24,0.0,0.0,0.124359294303772,0.124359294303772,0.0
4,112,3,25-34,0.0,0.0,0.0710098450726112,0.0710098450726112,0.0
4,112,4,35-44,0.0,0.0,0.1074870952955185,0.1074870952955185,0.0
4,112,5,45-54,0.0210900890293329,0.0843065325937528,0.214800925675233,0.1937108366459001,0.0632164435644199
4,112,6,55-64,0.0,0.0,0.0136718234758179,0.0136718234758179,0.0
4,112,7,65-74,0.0,0.0,0.1254509062386619,0.1254509062386619,0.0
4,112,8,75-84,0.0,0.0,0.052191927105789,0.052191927105789,0.0
4,112,9,85+,0.0,,,,
4,114,2,16-24,0.1809968754966017,0.0,0.0119033324356863,-0.1690935430609154,-0.1809968754966017
4,114,3,25-34,0.0,0.0,0.0096520130899731,0.0096520130899731,0.0
4,114,4,35-44,0.0,0.0,0.1546215359608503,0.1546215359608503,0.0
4,114,5,45-54,0.1820082947352898,0.0,0.2699760150628523,0.0879677203275625,-0.1820082947352898
4,114,6,55-64,0.0488943376149224,0.194083140969127,0.1362002039403917,0.0873058663254693,0.1451888033542046
4,114,7,65-74,0.0,0.0,0.0804820594156984,0.0804820594156984,0.0
4,114,8,75-84,0.0,0.0,0.2802553770084437,0.2802553770084437,0.0
4,114,9,85+,0.0,,,,
4,117,2,16-24,0.0,0.1151393463719232,0.3352499713029523,0.3352499713029523,0.1151393463719232
4,117,3,25-34,0.0,0.7149960632381773,0.0,0.0,0.7149960632381773
4,117,4,35-44,0.0290583428293791,0.0,0.0839819536111115,0.054923610781732406,-0.0290583428293791
4,117,5,45-54,0.0353858364824855,0.0,0.0965934775087415,0.061207641026256004,-0.0353858364824855
4,117,6,55-64,0.1962242140274187,0.0,0.0306427921778617,-0.165581421849557,-0.1962242140274187
4,117,7,65-74,0.0,0.0,0.169583816117204,0.169583816117204,0.0
4,117,8,75-84,0.1276149725200963,0.0,0.0,-0.1276149725200963,-0.1276149725200963
4,117,9,85+,0.2578924231953691,0.6748647420892002,0.0,-0.2578924231953691,0.41697231889383113
4,122,2,16-24,0.0,0.0,0.1338610913706963,0.1338610913706963,0.0
4,122,3,25-34,0.0,0.0,0.0692872321877997,0.0692872321877997,0.0
4,122,4,35-44,0.0,0.0,0.2307910239009343,0.2307910239009343,0.0
4,122,5,45-54,0.0,0.0,0.1932091276302241,0.1932091276302241,0.0
4,122,6,55-64,0.0,0.0,0.2948972130249878,0.2948972130249878,0.0
4,122,7,65-74,0.0896035154750675,0.0494461190184558,0.0175537847572038,-0.07204973071786369,-0.04015739645661169
4,122,8,75-84,0.0,0.0,0.0736671761969631,0.0736671761969631,0.0
4,122,9,85+,0.1970927687298643,0.0,0.0,-0.1970927687298643,-0.1970927687298643
4,126,2,16-24,0.1675761730497597,0.0,0.3382765331530271,0.1707003601032674,-0.1675761730497597
4,126,3,25-34,0.0,0.0,0.2032589988134099,0.2032589988134099,0.0
4,126,4,35-44,0.0345675108589826,0.1993173652781753,0.0884715644764801,0.05390405361749749,0.1647498544191927
4,126,5,45-54,0.0,0.0,0.1875285261638679,0.1875285261638679,0.0
4,126,6,55-64,0.0,0.0,0.0900971985243246,0.0900971985243246,0.0
4,126,7,65-74,0.0,0.2535053720355712,0.2835961382559951,0.2835961382559951,0.2535053720355712
4,126,8,75-84,0.0,0.0,0.1905836603316016,0.1905836603316016,0.0
4,126,9,85+,0.0,0.0,0.0,0.0,0.0
4,129,2,16-24,0.0,0.0,0.4213047638171953,0.4213047638171953,0.0
4,129,3,25-34,0.0,0.0,0.0180510199821517,0.0180510199821517,0.0
4,129,4,35-44,0.0528417164228418,0.0,0.1231744720669431,0.0703327556441013,-0.0528417164228418
4,129,5,45-54,0.0394427697835082,0.088635036151414,0.0532481814775816,0.0138054116940734,0.04919226636790581
4,129,6,55-64,0.0,0.469689711903347,0.2710525972480865,0.2710525972480865,0.469689711903347
4,129,7,65-74,0.0,0.0,0.1467468038921186,0.1467468038921186,0.0
4,129,8,75-84,0.0,0.0,0.0,0.0,0.0
4,129,9,85+,0.0,,0.3114998106660572,0.3114998106660572,
4,135,2,16-24,0.0,0.0,0.2103945935178146,0.2103945935178146,0.0
4,135,3,25-34,0.0,0.1119915893410996,0.2397894234434971,0.2397894234434971,0.1119915893410996
4,135,4,35-44,0.0,0.3414129932700206,0.1551396119469902,0.1551396119469902,0.3414129932700206
4,135,5,45-54,0.0,0.0,0.0500826583819087,0.0500826583819087,0.0
4,135,6,55-64,0.0,0.0,0.0620505441550378,0.0620505441550378,0.0
4,135,7,65-74,0.0,0.0,0.1257945923259318,0.1257945923259318,0.0
4,135,8,75-84,0.0,,0.0,0.0,
4,135,9,85+,0.0,,,,
4,136,2,16-24,0.2075451610188992,0.0,0.0110732002860204,-0.1964719607328788,-0.2075451610188992
4,136,3,25-34,0.2806225177799963,0.0,0.0193498663262237,-0.2612726514537726,-0.2806225177799963
4,136,4,35-44,0.0,0.0,0.0818004790381878,0.0818004790381878,0.0
4,136,5,45-54,0.0,0.6586862800626279,0.0924965057990719,0.0924965057990719,0.6586862800626279
4,136,6,55-64,0.0,0.0,0.0199773458552272,0.0199773458552272,0.0
4,136,7,65-74,0.0,0.235053120956456,0.1365574700565895,0.1365574700565895,0.235053120956456
4,136,8,75-84,0.0,0.0,0.1119977250364151,0.1119977250364151,0.0
4,136,9,85+,0.0,0.0,0.0,0.0,0.0
4,139,2,16-24,0.0,,0.0,0.0,
4,139,3,25-34,0.0,0.0,0.165777751224761,0.165777751224761,0.0
4,139,4,35-44,0.0,0.0,0.0704068974455004,0.0704068974455004,0.0
4,139,5,45-54,0.0,0.1119851048806556,0.0890443988825758,0.0890443988825758,0.1119851048806556
4,139,6,55-64,0.0,0.1368875830814481,0.1911397204072362,0.1911397204072362,0.1368875830814481
4,139,7,65-74,0.0,0.1419971336542003,0.121245433356314,0.121245433356314,0.1419971336542003
4,139,8,75-84,0.0,0.2029071254252579,0.0312344712698274,0.0312344712698274,0.2029071254252579
4,139,9,85+,0.0,,,,
4,142,2,16-24,0.2760185286971307,,0.1405638249163051,-0.13545470378082564,
4,142,3,25-34,0.0,0.0819149159377691,0.1182801676211001,0.1182801676211001,0.0819149159377691
4,142,4,35-44,0.0,0.0,0.1026672059174667,0.1026672059174667,0.0
4,142,5,45-54,0.1651742594055383,0.0,0.2846215693956604,0.11944730999012212,-0.1651742594055383
4,142,6,55-64,0.0,0.2133984492048966,0.0602095475889346,0.0602095475889346,0.2133984492048966
4,142,7,65-74,0.0,0.0,0.3794544587587499,0.3794544587587499,0.0
4,142,8,75-84,0.0,0.0,0.1714069750151903,0.1714069750151903,0.0
4,142,9,85+,0.0,,0.0,0.0,
4,147,2,16-24,0.0,,0.1338279831657171,0.1338279831657171,
4,147,3,25-34,0.0,0.4592676591161803,0.0436264832500647,0.0436264832500647,0.4592676591161803
4,147,4,35-44,0.0,0.0,0.0585324354096383,0.0585324354096383,0.0
4,147,5,45-54,0.0,0.0,0.2815640536291546,0.2815640536291546,0.0
4,147,6,55-64,0.0,0.0,0.0307955365820143,0.0307955365820143,0.0
4,147,7,65-74,0.0,0.0,0.0133454965063489,0.0133454965063489,0.0
4,147,8,75-84,0.0,0.0,0.2268246925644772,0.2268246925644772,0.0
4,147,9,85+,0.0,0.0,0.0,0.0,0.0
4,160,2,16-24,0.1898321513649096,0.0,0.189533187147752,-0.0002989642171576101,-0.1898321513649096
4,160,3,25-34,0.0,0.0,0.0679266521073412,0.0679266521073412,0.0
4,160,4,35-44,0.0600350756759934,0.0,0.1886451190200414,0.12861004334404802,-0.0600350756759934
4,160,5,45-54,0.0,0.0,0.1282201053391357,0.1282201053391357,0.0
4,160,6,55-64,0.0273218842285977,0.1232953634943847,0.0580566179555932,0.0307347337269955,0.095973479265787
4,160,7,65-74,0.0,0.0,0.0476384262046874,0.0476384262046874,0.0
4,160,8,75-84,0.0400198720110385,0.0,0.0949269711811429,0.054907099170104404,-0.0400198720110385
4,160,9,85+,0.0,0.0,0.0,0.0,0.0
4,171,2,16-24,0.0,,0.1822920740167147,0.1822920740167147,
4,171,3,25-34,0.0,0.0,0.0361955882759769,0.0361955882759769,0.0
4,171,4,35-44,0.1904552884563972,0.0,0.0908683180807434,-0.0995869703756538,-0.1904552884563972
4,171,5,45-54,0.0448371136716636,0.3893585285171406,0.1860413558645813,0.1412042421929177,0.344521414845477
4,171,6,55-64,0.0,0.0,0.073605804617215,0.073605804617215,0.0
4,171,7,65-74,0.0,0.0,0.0,0.0,0.0
4,171,8,75-84,0.0,0.0,0.5,0.5,0.0
4,171,9,85+,0.0,0.0,0.0,0.0,0.0
4,196,2,16-24,0.0,0.0,0.4310339340705849,0.4310339340705849,0.0
4,196,3,25-34,0.0,0.4294263260242049,0.051423612966059,0.051423612966059,0.4294263260242049
4,196,4,35-44,0.0,0.0,0.0983942151704369,0.0983942151704369,0.0
4,196,5,45-54,0.0,0.0394312559875487,0.0089956312561147,0.0089956312561147,0.0394312559875487
4,196,6,55-64,0.0,0.0,0.0867951334771407,0.0867951334771407,0.0
4,196,7,65-74,0.0,0.2420304613298105,0.0783088980730873,0.0783088980730873,0.2420304613298105
4,196,8,75-84,0.0,0.0,0.1222028229225365,0.1222028229225365,0.0
4,196,9,85+,0.0854377258208353,0.0,,,-0.0854377258208353
4,201,2,16-24,0.0,,0.2410628690657934,0.2410628690657934,
4,201,3,25-34,0.0,0.0,0.2661817992598895,0.2661817992598895,0.0
4,201,4,35-44,0.0,0.3209956270212378,0.1784679184023278,0.1784679184023278,0.3209956270212378
4,201,5,45-54,0.0,0.5754186167759676,0.1730748868881196,0.1730748868881196,0.5754186167759676
4,201,6,55-64,0.0,0.2054303864353407,0.2130577547018815,0.2130577547018815,0.2054303864353407
4,201,7,65-74,0.0475497814487225,0.204637608703788,0.2356710173728478,0.18812123592412527,0.15708782725506548
4,201,8,75-84,0.0,0.0,0.2490329695196697,0.2490329695196697,0.0
4,201,9,85+,0.0,0.0,0.6049369231041933,0.6049369231041933,0.0
4,241,2,16-24,0.0,0.2083721809199082,0.3313381775045387,0.3313381775045387,0.2083721809199082
4,241,3,25-34,0.0,0.0,0.19481030272858,0.19481030272858,0.0
4,241,4,35-44,0.0,0.0,0.1679746550642829,0.1679746550642829,0.0
4,241,5,45-54,0.0,0.0313013103238311,0.0757262885078429,0.0757262885078429,0.0313013103238311
4,241,6,55-64,0.0,0.0573504340897031,0.1070943617484625,0.1070943617484625,0.0573504340897031
4,241,7,65-74,0.0,0.2862245829254423,0.1873894979018395,0.1873894979018395,0.2862245829254423
4,241,8,75-84,0.0,0.0,0.1783816031273572,0.1783816031273572,0.0
4,241,9,85+,0.0,,0.0,0.0,
4,255,2,16-24,,0.0,0.2129604300574049,,
4,255,3,25-34,0.0,0.0,0.1498610432188589,0.1498610432188589,0.0
4,255,4,35-44,0.0707091593056835,0.4029247648836571,0.1363613306417765,0.065652171336093,0.3322156055779736
4,255,5,45-54,0.0516696837969217,0.0830238675489555,0.0643297598944849,0.0126600760975632,0.03135418375203379
4,255,6,55-64,0.2797320586784738,0.0,0.2775303605184525,-0.0022016981600213037,-0.2797320586784738
4,255,7,65-74,0.0,0.0,0.1372543194271387,0.1372543194271387,0.0
4,255,8,75-84,0.0,0.0913630806693872,0.1702377970054756,0.1702377970054756,0.0913630806693872
4,255,9,85+,0.0,0.0,,,0.0
4,272,2,16-24,0.3774731040518225,0.1306491592101197,0.035690706036607,-0.3417823980152155,-0.2468239448417028
4,272,3,25-34,0.1285009471548549,0.0,0.0866415328327661,-0.04185941432208881,-0.1285009471548549
4,272,4,35-44,0.2481224797438854,0.0458848766206899,0.0788860671193605,-0.1692364126245249,-0.2022376031231955
4,272,5,45-54,0.0,0.0,0.0670337768664399,0.0670337768664399,0.0
4,272,6,55-64,0.0,0.0,0.0289530377587167,0.0289530377587167,0.0
4,272,7,65-74,0.0751525533772918,0.0,0.2816686313262134,0.20651607794892157,-0.0751525533772918
4,279,2,16-24,0.1512570012080208,0.0,0.2319195557957749,0.08066255458775409,-0.1512570012080208
4,279,3,25-34,0.0,0.0,0.0799074341373993,0.0799074341373993,0.0
4,279,4,35-44,0.0,0.0,0.0187018652599221,0.0187018652599221,0.0
4,279,5,45-54,0.0,0.0,0.0540186071910349,0.0540186071910349,0.0
4,279,6,55-64,0.0,0.0,0.1126304417090089,0.1126304417090089,0.0
4,279,7,65-74,0.0,0.0,0.1619148601821435,0.1619148601821435,0.0
4,279,8,75-84,0.0,0.0,0.0,0.0,0.0
4,279,9,85+,0.0,0.5088565234861421,,,0.5088565234861421
4,280,2,16-24,0.0,,0.0,0.0,
4,280,3,25-34,0.1027857841978322,0.0,0.0912705333452595,-0.011515250852572698,-0.1027857841978322
4,280,4,35-44,0.0,0.0,0.0779130535012945,0.0779130535012945,0.0
4,280,5,45-54,0.0458275081691862,0.0,0.0927593224824632,0.046931814313277,-0.0458275081691862
4,280,6,55-64,0.0,0.0,0.0412672944078812,0.0412672944078812,0.0
4,280,7,65-74,0.0,0.8692814978285299,0.0974154631799506,0.0974154631799506,0.8692814978285299
4,280,8,75-84,0.0,,0.2575375559380026,0.2575375559380026,
4,280,9,85+,,0.0,,,
4,293,2,16-24,0.0,0.2751784391187339,0.0305990994806009,0.0305990994806009,0.2751784391187339
4,293,3,25-34,0.0,0.0,0.3636231699515923,0.3636231699515923,0.0
4,293,4,35-44,0.0,0.0,0.1021329429597605,0.1021329429597605,0.0
4,293,5,45-54,0.0,0.0,0.0841458218142432,0.0841458218142432,0.0
4,293,6,55-64,0.0,0.0,0.0214362127623792,0.0214362127623792,0.0
4,293,7,65-74,0.016559844955947,0.2785291046521583,0.2455204621248261,0.22896061716887908,0.2619692596962113
4,293,8,75-84,0.174375346879092,0.0,0.0,-0.174375346879092,-0.174375346879092
4,293,9,85+,0.0,0.0,0.0,0.0,0.0
5,8,2,16-24,0.3739354132213792,0.0,0.1203552391251669,-0.2535801740962123,-0.3739354132213792
5,8,3,25-34,0.0,0.1714108492110732,0.1676357089800183,0.1676357089800183,0.1714108492110732
5,8,4,35-44,0.0323366630861274,0.0570780374134494,0.1506865411973748,0.11834987811124739,0.024741374327322
5,8,5,45-54,0.0576706926225999,0.3815591303016741,0.1893468879172986,0.1316761952946987,0.3238884376790742
5,8,6,55-64,0.0,0.1981790756307239,0.010707747807593,0.010707747807593,0.1981790756307239
5,8,7,65-74,0.0,0.0,0.1223470417059437,0.1223470417059437,0.0
5,8,8,75-84,0.0,,0.3197922368186915,0.3197922368186915,
5,8,9,85+,0.716953670145659,,,,
5,9,2,16-24,0.1530712052204161,0.0,0.145978392431152,-0.007092812789264102,-0.1530712052204161
5,9,3,25-34,0.1051268477180807,0.0,0.0704849716309625,-0.034641876087118204,-0.1051268477180807
5,9,4,35-44,0.0,0.0,0.1454758306949789,0.1454758306949789,0.0
5,9,5,45-54,0.1240549643108566,0.0398145611305142,0.2617514946727551,0.1376965303618985,-0.0842404031803424
5,9,6,55-64,0.2961244148979216,0.0965208632437517,0.2777996335575826,-0.01832478134033899,-0.19960355165416988
5,9,7,65-74,0.0904650590286411,0.5074109471572292,0.1003487559543494,0.009883696925708299,0.4169458881285881
5,9,8,75-84,0.0,0.0,0.0,0.0,0.0
5,9,9,85+,,,0.0,,
5,17,2,16-24,0.4244515015358025,0.0,0.3381661504714654,-0.0862853510643371,-0.4244515015358025
5,17,3,25-34,0.0,0.2632053762055299,0.1206513304929783,0.1206513304929783,0.2632053762055299
5,17,4,35-44,0.1068183023863469,0.0,0.1675351723347473,0.06071686994840039,-0.1068183023863469
5,17,5,45-54,0.0,0.2857527468208416,0.1208384084853484,0.1208384084853484,0.2857527468208416
5,17,6,55-64,0.2227713604876187,0.1089235964971957,0.1440116235736941,-0.0787597369139246,-0.113847763990423
5,17,7,65-74,0.0473873077549587,0.0,0.1693614893905056,0.12197418163554691,-0.0473873077549587
5,17,8,75-84,0.0,,0.0567640323395693,0.0567640323395693,
5,17,9,85+,1.0,,0.0,-1.0,
5,30,2,16-24,0.0595273093862127,0.0,0.0969931730518462,0.037465863665633495,-0.0595273093862127
5,30,3,25-34,0.1381106087827299,0.0510917231070845,0.0855978915373169,-0.05251271724541301,-0.0870188856756454
5,30,4,35-44,0.0592798047444265,0.0738912316513253,0.1666704568538779,0.10739065210945141,0.014611426906898803
5,30,5,45-54,0.1000410531551673,0.0317033245472741,0.2581998148047832,0.1581587616496159,-0.0683377286078932
5,30,6,55-64,0.0,0.0,0.0338114797326935,0.0338114797326935,0.0
5,30,7,65-74,0.026622092937288,0.0,0.1372641718195093,0.11064207888222131,-0.026622092937288
5,30,8,75-84,0.0747736661193651,,0.1272338848241589,0.052460218704793796,
5,30,9,85+,0.0,,,,
5,35,2,16-24,0.0,0.4265850080103957,0.2538507921940482,0.2538507921940482,0.4265850080103957
5,35,3,25-34,0.0,0.0703799256172522,0.0920799561674407,0.0920799561674407,0.0703799256172522
5,35,4,35-44,0.133009573220433,0.0,0.0818633954509797,-0.051146177769453294,-0.133009573220433
5,35,5,45-54,0.0,0.2239146498450026,0.3147312781096673,0.3147312781096673,0.2239146498450026
5,35,6,55-64,0.0594282862838317,0.0,0.1758170308154494,0.11638874453161768,-0.0594282862838317
5,35,7,65-74,0.0,0.1783675460263443,0.3273330394272566,0.3273330394272566,0.1783675460263443
5,35,8,75-84,0.0,0.0,0.1753605290101326,0.1753605290101326,0.0
5,35,9,85+,0.0,,1.0,1.0,
5,44,2,16-24,0.0,0.17189100192929,0.1509836134929743,0.1509836134929743,0.17189100192929
5,44,3,25-34,0.0,0.3408109376025375,0.0586766036278449,0.0586766036278449,0.3408109376025375
5,44,4,35-44,0.1351062829024762,0.1536641088786134,0.2303755791382695,0.0952692962357933,0.0185578259761372
5,44,5,45-54,0.046906709105164,0.3604391494034533,0.0777484843254384,0.030841775220274405,0.3135324402982893
5,44,6,55-64,0.0325613478085424,0.0397075731452591,0.022303126596013,-0.010258221212529398,0.007146225336716702
5,44,7,65-74,0.0,0.0,0.2032151803725221,0.2032151803725221,0.0
5,44,8,75-84,0.0,0.0,0.1032543608623612,0.1032543608623612,0.0
5,44,9,85+,,0.0,0.0,,
5,68,2,16-24,0.0,0.4609500096304225,0.146220394918193,0.146220394918193,0.4609500096304225
5,68,3,25-34,0.0320526537405339,0.1280934187032595,0.1275797501057569,0.095527096365223,0.0960407649627256
5,68,4,35-44,0.1153557915259479,0.2896027649839952,0.1943742890358907,0.07901849750994282,0.1742469734580473
5,68,5,45-54,0.0500937913804679,0.1352089401042284,0.1592315047109813,0.10913771333051339,0.0851151487237605
5,68,6,55-64,0.2342557219953863,0.0,0.1186884351594475,-0.1155672868359388,-0.2342557219953863
5,68,7,65-74,0.0,0.7356686824458972,0.0,0.0,0.7356686824458972
5,68,8,75-84,0.0,0.0,0.1972215018538226,0.1972215018538226,0.0
5,68,9,85+,0.0,,0.0,0.0,
5,78,2,16-24,0.0,0.0,0.1846082692203423,0.1846082692203423,0.0
5,78,3,25-34,0.2438010866385625,0.0,0.1467340956129956,-0.0970669910255669,-0.2438010866385625
5,78,4,35-44,0.0291799416720176,0.0,0.1270493536432193,0.09786941197120169,-0.0291799416720176
5,78,5,45-54,0.0,0.0,0.0972795221904485,0.0972795221904485,0.0
5,78,6,55-64,0.0678855244776516,0.2949561404186304,0.1043675014497373,0.0364819769720857,0.22707061594097877
5,78,7,65-74,0.0,0.1362629765993895,0.1268044207974513,0.1268044207974513,0.1362629765993895
5,78,8,75-84,0.0,0.2593888011136804,0.152583334960369,0.152583334960369,0.2593888011136804
5,78,9,85+,0.1492498969718606,,,,
5,91,2,16-24,0.2280854430749071,0.0,0.092422126483176,-0.1356633165917311,-0.2280854430749071
5,91,3,25-34,0.1735071507714421,0.0,0.2436798677575083,0.0701727169860662,-0.1735071507714421
5,91,4,35-44,0.123898621307332,0.5673132716549897,0.0650270189947279,-0.05887160231260409,0.4434146503476577
5,91,5,45-54,0.0069878957396761,0.3835148904761566,0.1801141319733837,0.1731262362337076,0.3765269947364805
5,91,6,55-64,0.0,0.0252063476881702,0.074441214202626,0.074441214202626,0.0252063476881702
5,91,7,65-74,0.0628580384447375,0.0,0.0573929950314344,-0.005465043413303103,-0.0628580384447375
5,91,8,75-84,0.0,0.0,0.0,0.0,0.0
5,91,9,85+,0.0,,0.0,0.0,
5,107,2,16-24,0.0259388167612809,0.0,0.4779726279294017,0.4520338111681208,-0.0259388167612809
5,107,3,25-34,0.0505610008433413,0.0545090295391673,0.081854380016988,0.0312933791736467,0.003948028695826
5,107,4,35-44,0.0139087706456055,0.0,0.1183863318187799,0.1044775611731744,-0.0139087706456055
5,107,5,45-54,0.0,0.0,0.0400903647959771,0.0400903647959771,0.0
5,107,6,55-64,0.0,0.0,0.0,0.0,0.0
5,107,7,65-74,0.0,0.0,0.228291004915953,0.228291004915953,0.0
5,107,8,75-84,0.5097640387505391,0.0,0.0,-0.5097640387505391,-0.5097640387505391
5,109,2,16-24,0.0357529461751921,0.0,0.25910480010504,0.2233518539298479,-0.0357529461751921
5,109,3,25-34,0.0,0.068872656723027,0.1882042187360677,0.1882042187360677,0.068872656723027
5,109,4,35-44,0.0,0.0,0.0812580633445663,0.0812580633445663,0.0
5,109,5,45-54,0.0606615655202889,0.0,0.1178273026877855,0.0571657371674966,-0.0606615655202889
5,109,6,55-64,0.0,0.0,0.1898853469343916,0.1898853469343916,0.0
5,109,7,65-74,0.0,0.0,0.1417553285163228,0.1417553285163228,0.0
5,109,8,75-84,0.0,0.0,0.2991051753635554,0.2991051753635554,0.0
5,109,9,85+,0.0,,,,
5,112,2,16-24,0.0166272572274415,0.0657469357354244,0.0807962764250619,0.0641690191976204,0.04911967850798289
5,112,3,25-34,0.0345904550020093,0.2935554234878151,0.1197339567828084,0.0851435017807991,0.2589649684858058
5,112,4,35-44,0.0,0.0,0.2027120684467209,0.2027120684467209,0.0
5,112,5,45-54,0.0250324982093535,0.0,0.2458545975542011,0.22082209934484762,-0.0250324982093535
5,112,6,55-64,0.0,0.0,0.1302903017368185,0.1302903017368185,0.0
5,112,7,65-74,0.0,0.0,0.1092455074750068,0.1092455074750068,0.0
5,112,8,75-84,0.0,0.0,0.159483911953938,0.159483911953938,0.0
5,114,2,16-24,0.1555340148724936,0.2370400618788212,0.1855332784176415,0.029999263545147897,0.0815060470063276
5,114,3,25-34,0.0942622465483344,0.0,0.1219391214925044,0.027676874944169996,-0.0942622465483344
5,114,4,35-44,0.2129340531230497,0.1306128474125169,0.1537682930660747,-0.05916576005697499,-0.08232120571053278
5,114,5,45-54,0.2342797274265139,0.279211403134788,0.0951354085243254,-0.1391443189021885,0.04493167570827408
5,114,6,55-64,0.1359184171427741,0.0,0.1561434158206335,0.0202249986778594,-0.1359184171427741
5,114,7,65-74,0.0650929283720225,0.0,0.1080571238609812,0.04296419548895869,-0.0650929283720225
5,114,8,75-84,0.0,0.0,0.0,0.0,0.0
5,114,9,85+,,,0.0,,
5,117,2,16-24,0.0949273626021159,0.1232005961936058,0.2861077728797471,0.1911804102776312,0.028273233591489894
5,117,3,25-34,0.0221343682508256,0.2400947660727543,0.1589083078983735,0.13677393964754792,0.2179603978219287
5,117,4,35-44,0.0110460614723135,0.0,0.0603194322930819,0.049273370820768395,-0.0110460614723135
5,117,5,45-54,0.2166832907377074,0.0545297523160432,0.0635865222253396,-0.1530967685123678,-0.1621535384216642
5,117,6,55-64,0.0,0.3012394676274128,0.035227800496509,0.035227800496509,0.3012394676274128
5,117,7,65-74,0.0739705172214814,0.0,0.1284505275417494,0.054480010320268,-0.0739705172214814
5,117,8,75-84,0.0,0.0,0.5164910195146788,0.5164910195146788,0.0
5,117,9,85+,0.0,0.0,,,0.0
5,122,2,16-24,0.6226562473466841,0.0,0.138522212598339,-0.48413403474834515,-0.6226562473466841
5,122,3,25-34,0.0132176191644261,0.0,0.045855756099333,0.0326381369349069,-0.0132176191644261
5,122,4,35-44,0.0848902409417696,0.2371046715445501,0.1550239354076255,0.07013369446585589,0.1522144306027805
5,122,5,45-54,0.0,0.2827803338643528,0.2062588019409275,0.2062588019409275,0.2827803338643528
5,122,6,55-64,0.0,0.166144867114988,0.1050135959538278,0.1050135959538278,0.166144867114988
5,122,7,65-74,0.0,0.0,0.0819761958532684,0.0819761958532684,0.0
5,122,8,75-84,0.0950020006665982,0.0,0.2138271143123774,0.11882511364577919,-0.0950020006665982
5,122,9,85+,0.7918407127540943,,,,
5,126,2,16-24,0.0,0.0,0.2254982049844811,0.2254982049844811,0.0
5,126,3,25-34,0.0903837349541687,0.0,0.0341828176392183,-0.056200917314950395,-0.0903837349541687
5,126,4,35-44,0.1325080099061651,0.0,0.1170985788387051,-0.015409431067459997,-0.1325080099061651
5,126,5,45-54,0.0359118048723279,0.2886178290235666,0.1898268698428067,0.1539150649704788,0.25270602415123866
5,126,6,55-64,0.0613408991446504,0.3680066939741774,0.1797942989394143,0.11845339979476388,0.306665794829527
5,126,7,65-74,0.0,0.0,0.1400684240373715,0.1400684240373715,0.0
5,126,8,75-84,0.229593704626455,0.0,0.118573540848562,-0.111020163777893,-0.229593704626455
5,126,9,85+,0.0,,,,
5,129,2,16-24,0.2360799788300772,0.0,0.2014289207100987,-0.034651058119978484,-0.2360799788300772
5,129,3,25-34,0.1116737208434757,0.1130323325141446,0.1186968069982992,0.007023086154823499,0.001358611670668905
5,129,4,35-44,0.0926132323585359,0.0,0.1394710754303142,0.0468578430717783,-0.0926132323585359
5,129,5,45-54,0.0506834825969856,0.0,0.2852066115652931,0.2345231289683075,-0.0506834825969856
5,129,6,55-64,0.3384924732687349,0.1414266745038282,0.2560052825255017,-0.08248719074323319,-0.19706579876490668
5,129,7,65-74,0.2461857899278064,0.1651123634659286,0.0733556972292934,-0.17283009269851302,-0.08107342646187779
5,129,8,75-84,0.0,0.0,0.4174474827227652,0.4174474827227652,0.0
5,129,9,85+,0.0,,,,
5,135,2,16-24,0.0,0.0,0.2395441142976557,0.2395441142976557,0.0
5,135,3,25-34,0.0919045618592103,0.0,0.0573841823800121,-0.0345203794791982,-0.0919045618592103
5,135,4,35-44,0.090854602974523,0.0,0.0674265161230678,-0.0234280868514552,-0.090854602974523
5,135,5,45-54,0.0944190439987714,0.1798785231131255,0.194741584944218,0.10032254094544661,0.0854594791143541
5,135,6,55-64,0.0,0.0,0.0368658655927832,0.0368658655927832,0.0
5,135,7,65-74,0.0,0.0,0.1622482911952978,0.1622482911952978,0.0
5,135,8,75-84,0.0,0.0,0.0,0.0,0.0
5,135,9,85+,,,0.0,,
5,136,2,16-24,0.0,,0.3051321463952431,0.3051321463952431,
5,136,3,25-34,0.0,0.1056099174326087,0.0232116330128243,0.0232116330128243,0.1056099174326087
5,136,4,35-44,0.0,0.0287238260275656,0.0373833255465888,0.0373833255465888,0.0287238260275656
5,136,5,45-54,0.1540572845352978,0.0,0.1274567745257184,-0.026600510009579387,-0.1540572845352978
5,136,6,55-64,0.0,0.0,0.1091622151088634,0.1091622151088634,0.0
5,136,7,65-74,0.038607541365057,0.3501248664853797,0.1068749284117444,0.06826738704668739,0.3115173251203227
5,136,8,75-84,0.1861798577754065,0.0,0.038568350864103,-0.14761150691130348,-0.1861798577754065
5,136,9,85+,,,0.4427015662383156,,
5,139,2,16-24,0.0,0.4231607627598491,0.1117018867666419,0.1117018867666419,0.4231607627598491
5,139,3,25-34,0.0,0.0,0.0677777756452522,0.0677777756452522,0.0
5,139,4,35-44,0.3053933049794657,0.0,0.1569118440034923,-0.1484814609759734,-0.3053933049794657
5,139,5,45-54,0.1563578942938808,0.3387345060036473,0.2966139764186989,0.1402560821248181,0.1823766117097665
5,139,6,55-64,0.2886890050634224,0.3066249852545982,0.246686749039043,-0.042002256024379375,0.017935980191175815
5,139,7,65-74,0.0,0.0668254356212255,0.2141277954914589,0.2141277954914589,0.0668254356212255
5,139,8,75-84,0.0,0.0,0.1539245323876883,0.1539245323876883,0.0
5,139,9,85+,,,1.0,,
5,142,2,16-24,0.0,0.4529391372620302,0.1201486220618147,0.1201486220618147,0.4529391372620302
5,142,3,25-34,0.0473483857362164,0.2546026727731519,0.11063993880292,0.0632915530667036,0.2072542870369355
5,142,4,35-44,0.0,0.0471270751699106,0.0351864574448263,0.0351864574448263,0.0471270751699106
5,142,5,45-54,0.0,0.0,0.0973485656297772,0.0973485656297772,0.0
5,142,6,55-64,0.0,0.0,0.1041441900602689,0.1041441900602689,0.0
5,142,7,65-74,0.0,0.0,0.0917489751847665,0.0917489751847665,0.0
5,142,8,75-84,,,0.0,,
5,142,9,85+,0.0,,,,
5,147,2,16-24,0.057752128414865,0.0,0.1719216221525707,0.1141694937377057,-0.057752128414865
5,147,3,25-34,0.3124795640592162,0.0533999272035044,0.0716605818657437,-0.24081898219347248,-0.2590796368557118
5,147,4,35-44,0.0,0.0828191317962155,0.0890734712919416,0.0890734712919416,0.0828191317962155
5,147,5,45-54,0.1043009593106073,0.0,0.1273662979180038,0.0230653386073965,-0.1043009593106073
5,147,6,55-64,0.0,0.1226726093037176,0.0193280598514391,0.0193280598514391,0.1226726093037176
5,147,7,65-74,0.3241770741560618,0.0,0.0,-0.3241770741560618,-0.3241770741560618
5,147,8,75-84,0.0,0.7595991830092526,0.0,0.0,0.7595991830092526
5,147,9,85+,0.0,,0.0,0.0,
5,160,2,16-24,0.0,0.0,0.1568673946178129,0.1568673946178129,0.0
5,160,3,25-34,0.0,0.0,0.1767329009637915,0.1767329009637915,0.0
5,160,4,35-44,0.0351786006459346,0.1216360918896166,0.0538364127101065,0.0186578120641719,0.086457491243682
5,160,5,45-54,0.093147073255254,0.0987001258817759,0.270151518493875,0.17700444523862097,0.0055530526265219066
5,160,6,55-64,0.1110582891648891,0.0,0.1353696786918052,0.024311389526916083,-0.1110582891648891
5,160,7,65-74,0.048137833052091,0.0,0.039377949964792,-0.008759883087299004,-0.048137833052091
5,160,8,75-84,0.1498482640673697,0.0,0.0640221438943178,-0.0858261201730519,-0.1498482640673697
5,160,9,85+,0.0,,0.0,0.0,
5,171,2,16-24,0.0572675674940105,0.3758996862912537,0.0926554458023411,0.0353878783083306,0.3186321187972432
5,171,3,25-34,0.0740880422277785,0.0486952038350507,0.0448824266146026,-0.029205615613175896,-0.025392838392727796
5,171,4,35-44,0.097745264350681,0.0997911601473326,0.1138473633862761,0.016102099035595105,0.002045895796651598
5,171,5,45-54,0.0903071704101307,0.0,0.0904753313039891,0.0001681608938584045,-0.0903071704101307
5,171,6,55-64,0.0,0.0567044760326917,0.0265735799777935,0.0265735799777935,0.0567044760326917
5,171,7,65-74,0.2249918172317155,,0.0,-0.2249918172317155,
5,171,8,75-84,0.0,,0.0,0.0,
5,171,9,85+,0.0,,,,
5,196,2,16-24,0.1081668068624498,0.1440206374782593,0.131229710176696,0.023062903314246194,0.035853830615809504
5,196,3,25-34,0.0223659505871495,0.0,0.1060082559742238,0.08364230538707429,-0.0223659505871495
5,196,4,35-44,0.1140376412512769,0.0974641736340521,0.094662137881418,-0.019375503369858896,-0.016573467617224794
5,196,5,45-54,0.0,0.0,0.179142839215328,0.179142839215328,0.0
5,196,6,55-64,0.0,0.0,0.4818300706148535,0.4818300706148535,0.0
5,196,7,65-74,0.0244944185129134,0.0,0.2239927272976052,0.1994983087846918,-0.0244944185129134
5,196,8,75-84,0.2754134873009966,0.4134970591899752,0.8451722359629158,0.5697587486619192,0.13808357188897863
5,196,9,85+,0.0,,0.0,0.0,
5,201,2,16-24,0.0,1.0,0.1414906856293198,0.1414906856293198,1.0
5,201,3,25-34,0.0897014605890026,0.0,0.1553042735382597,0.06560281294925711,-0.0897014605890026
5,201,4,35-44,0.0,0.0,0.1856606256748435,0.1856606256748435,0.0
5,201,5,45-54,0.0970638660157261,0.0,0.340736730647563,0.2436728646318369,-0.0970638660157261
5,201,6,55-64,0.0,0.0,0.0707108609878984,0.0707108609878984,0.0
5,201,7,65-74,0.0956481712837534,0.447527330043949,0.2106084111225294,0.114960239838776,0.3518791587601956
5,201,8,75-84,0.0890060629341682,0.0,0.3218213739553909,0.23281531102122272,-0.0890060629341682
5,201,9,85+,0.7031023274089139,,,,
5,241,2,16-24,0.0,0.0,0.3326669396454701,0.3326669396454701,0.0
5,241,3,25-34,0.0799842472398611,0.0793478766812447,0.0951372579777111,0.015153010737849998,-0.0006363705586164004
5,241,4,35-44,0.167696555910857,0.0,0.0440778709410799,-0.1236186849697771,-0.167696555910857
5,241,5,45-54,0.0474584555098165,0.0,0.2992373137603774,0.2517788582505609,-0.0474584555098165
5,241,6,55-64,0.0,0.3894246799437496,0.1979638067985747,0.1979638067985747,0.3894246799437496
5,241,7,65-74,0.0,0.0,0.0647332995303756,0.0647332995303756,0.0
5,241,8,75-84,0.0,0.0,0.0,0.0,0.0
5,255,2,16-24,0.0,0.0,0.146608654100667,0.146608654100667,0.0
5,255,3,25-34,0.0,0.1967470744392354,0.0715598662419651,0.0715598662419651,0.1967470744392354
5,255,4,35-44,0.0513214608601251,0.0936484754958917,0.1125525759653201,0.061231115105195,0.042327014635766595
5,255,5,45-54,0.0,0.0,0.1323191946317832,0.1323191946317832,0.0
5,255,6,55-64,0.0,0.0,0.0737640019260227,0.0737640019260227,0.0
5,255,7,65-74,0.0,0.0972506782519416,0.3513417553350862,0.3513417553350862,0.0972506782519416
5,255,8,75-84,0.1603341118878286,,0.0,-0.1603341118878286,
5,255,9,85+,0.0,,,,
5,272,2,16-24,0.0656938517909496,0.1134459056318091,0.0789692825187507,0.013275430727801102,0.04775205384085951
5,272,3,25-34,0.0373279724723287,0.0,0.1381669586751894,0.10083898620286072,-0.0373279724723287
5,272,4,35-44,0.0046781227195105,0.0,0.1030327723036344,0.0983546495841239,-0.0046781227195105
5,272,5,45-54,0.1120186891454787,,0.1030220131374159,-0.00899667600806281,
5,272,6,55-64,0.0,0.0,0.0724066505154727,0.0724066505154727,0.0
5,272,7,65-74,0.0,0.0,0.0,0.0,0.0
5,272,8,75-84,0.0,,0.0,0.0,
5,279,2,16-24,0.2275653629948492,0.0,0.2579398667320134,0.030374503737164216,-0.2275653629948492
5,279,3,25-34,0.1038977373049771,0.0,0.0979124830762219,-0.005985254228755205,-0.1038977373049771
5,279,4,35-44,0.140734119208993,0.1191915523138672,0.0519787122316962,-0.08875540697729681,-0.021542566895125806
5,279,5,45-54,0.0,0.3024992150644526,0.1890251410746162,0.1890251410746162,0.3024992150644526
5,279,6,55-64,0.1813187600595324,0.1893308187107642,0.1919437306672373,0.010624970607704898,0.008012058651231807
5,279,7,65-74,0.0,0.0,0.4498443903504553,0.4498443903504553,0.0
5,279,8,75-84,0.0,0.0,,,0.0
5,280,2,16-24,0.1363260251567255,0.0,0.2091189228702739,0.07279289771354838,-0.1363260251567255
5,280,3,25-34,0.1018196216169763,0.1727792013090922,0.1858631527626594,0.08404353114568311,0.07095957969211589
5,280,4,35-44,0.0,0.1556493991128046,0.1329065356527842,0.1329065356527842,0.1556493991128046
5,280,5,45-54,0.0,0.0,0.218030565706169,0.218030565706169,0.0
5,280,6,55-64,0.2287565337222215,0.1459482379930725,0.1418960503754768,-0.08686048334674468,-0.082808295729149
5,280,7,65-74,0.086568257502456,0.0,0.2738043021662095,0.1872360446637535,-0.086568257502456
5,280,8,75-84,0.0,,0.4330192389493671,0.4330192389493671,
5,293,2,16-24,0.2882812139620769,0.0242752615979873,0.1803284649754391,-0.10795274898663779,-0.2640059523640896
5,293,3,25-34,0.0,0.0606800512569279,0.2126069058095611,0.2126069058095611,0.0606800512569279
5,293,4,35-44,0.222054821222275,0.1075397578711138,0.1975451411350681,-0.024509680087206887,-0.11451506335116118
5,293,5,45-54,0.0,0.0,0.0854202287411576,0.0854202287411576,0.0
5,293,6,55-64,0.0,0.0,0.327350796635924,0.327350796635924,0.0
5,293,7,65-74,0.0,0.0,0.0364679544837143,0.0364679544837143,0.0
5,293,8,75-84,0.0,0.0,0.0,0.0,0.0
5,293,9,85+,0.0,,0.0,0.0,
6,8,2,16-24,0.0404279958818785,0.0,0.2168322251831981,0.1764042293013196,-0.0404279958818785
6,8,3,25-34,0.021777739166787,0.0,0.0,-0.021777739166787,-0.021777739166787
6,8,4,35-44,0.0351346661037697,0.0,0.1209722411216917,0.085837575017922,-0.0351346661037697
6,8,5,45-54,0.0400161400582178,0.2224624442998445,0.1313874058120284,0.0913712657538106,0.1824463042416267
6,8,6,55-64,0.0273163381521506,0.0,0.1581695549868985,0.1308532168347479,-0.0273163381521506
6,8,7,65-74,0.0,0.0,0.1844916439253004,0.1844916439253004,0.0
6,8,8,75-84,0.0,0.0,0.0,0.0,0.0
6,8,9,85+,0.0,,,,
6,9,2,16-24,0.0,0.1185653810466749,0.0348497829076236,0.0348497829076236,0.1185653810466749
6,9,3,25-34,0.0,0.1449737331632744,0.0936179736069135,0.0936179736069135,0.1449737331632744
6,9,4,35-44,0.0,0.413823565957944,0.0579158328589152,0.0579158328589152,0.413823565957944
6,9,5,45-54,0.0,0.2215978532798812,0.0847835072100375,0.0847835072100375,0.2215978532798812
6,9,6,55-64,0.1564891475964571,0.0559719237164642,0.0964049618290346,-0.0600841857674225,-0.1005172238799929
6,9,7,65-74,0.0,0.0,0.3993399412583657,0.3993399412583657,0.0
6,9,8,75-84,0.0,0.0,0.0906639783386865,0.0906639783386865,0.0
6,9,9,85+,0.0,,0.0,0.0,
6,17,2,16-24,0.0514737296547769,0.2857522838056874,0.0327337535021384,-0.018739976152638504,0.2342785541509105
6,17,3,25-34,0.0,0.0,0.093059296734455,0.093059296734455,0.0
6,17,4,35-44,0.0925957490259494,0.0,0.0887824929747411,-0.0038132560512083025,-0.0925957490259494
6,17,5,45-54,0.0524700174164068,0.0,0.1640470849567082,0.11157706754030139,-0.0524700174164068
6,17,6,55-64,0.2309117281617499,0.0,0.0432966746947879,-0.187615053466962,-0.2309117281617499
6,17,7,65-74,0.0,0.3320476655742241,0.0471176471960278,0.0471176471960278,0.3320476655742241
6,17,8,75-84,0.0,0.2382695722419649,0.0,0.0,0.2382695722419649
6,17,9,85+,0.0,0.0,0.0,0.0,0.0
6,30,2,16-24,0.0985157755486183,0.2127379004562171,0.3107909527691311,0.2122751772205128,0.1142221249075988
6,30,3,25-34,0.0,0.5564945252997303,0.0777932622219048,0.0777932622219048,0.5564945252997303
6,30,4,35-44,0.0540164075800441,0.0,0.1730699318323073,0.11905352425226319,-0.0540164075800441
6,30,5,45-54,0.0487599838810711,0.0,0.1038054868865895,0.0550455030055184,-0.0487599838810711
6,30,6,55-64,0.0706509998265556,0.0,0.133344962596855,0.0626939627702994,-0.0706509998265556
6,30,7,65-74,0.0,0.0,0.0464933795343102,0.0464933795343102,0.0
6,30,8,75-84,0.3574229453407144,0.0,0.0,-0.3574229453407144,-0.3574229453407144
6,30,9,85+,1.0,0.0,0.0,-1.0,-1.0
6,35,2,16-24,0.0,0.0,0.1823425779316329,0.1823425779316329,0.0
6,35,3,25-34,0.0,0.0,0.0566700899045183,0.0566700899045183,0.0
6,35,4,35-44,0.0563058204744046,0.0,0.0465609603955371,-0.009744860078867497,-0.0563058204744046
6,35,5,45-54,0.0,0.0,0.1577367830910191,0.1577367830910191,0.0
6,35,6,55-64,0.262712935609272,0.0,0.0847480023835478,-0.1779649332257242,-0.262712935609272
6,35,7,65-74,0.0,0.0,0.1373370702339348,0.1373370702339348,0.0
6,35,8,75-84,0.0,0.0,0.0960245809519456,0.0960245809519456,0.0
6,35,9,85+,0.524540352703679,,,,
6,44,2,16-24,0.2092863532599956,0.0,0.1389082774105217,-0.07037807584947389,-0.2092863532599956
6,44,3,25-34,0.0177413036346147,0.0,0.004692456679925,-0.013048846954689702,-0.0177413036346147
6,44,4,35-44,0.0,0.0,0.0380329779574305,0.0380329779574305,0.0
6,44,5,45-54,0.0375178169407335,0.0,0.0858620067383105,0.048344189797577,-0.0375178169407335
6,44,6,55-64,0.0,0.0,0.052759414885431,0.052759414885431,0.0
6,44,7,65-74,0.0,0.0,0.1036722763124279,0.1036722763124279,0.0
6,44,8,75-84,0.0,0.0,0.0,0.0,0.0
6,44,9,85+,0.0,,,,
6,68,2,16-24,0.0,0.0,0.1782154581577939,0.1782154581577939,0.0
6,68,3,25-34,0.0076791188298688,0.0645049260773209,0.0891584346839319,0.08147931585406311,0.056825807247452106
6,68,4,35-44,0.0,0.1866890754103384,0.1531454411492813,0.1531454411492813,0.1866890754103384
6,68,5,45-54,0.0,0.0749989474972001,0.1599096928118839,0.1599096928118839,0.0749989474972001
6,68,6,55-64,0.0,0.1855412511105869,0.0409377805270103,0.0409377805270103,0.1855412511105869
6,68,7,65-74,0.0,0.0653381280551929,0.1724933955530937,0.1724933955530937,0.0653381280551929
6,68,8,75-84,0.0,0.0,0.1092078684052918,0.1092078684052918,0.0
6,68,9,85+,1.0,,,,
6,78,2,16-24,0.0226474012654177,1.0,0.1504857533712906,0.1278383521058729,0.9773525987345824
6,78,3,25-34,0.2746687960394962,0.0,0.0052290754354593,-0.26943972060403687,-0.2746687960394962
6,78,4,35-44,0.1686317399235673,0.0318795092748047,0.1080812382960438,-0.06055050162752351,-0.1367522306487626
6,78,5,45-54,0.0275131624962821,0.1280050094096321,0.1655192009418324,0.1380060384455503,0.10049184691335
6,78,6,55-64,0.1477954774979724,0.1349933823474082,0.195001505144052,0.04720602764607962,-0.012802095150564186
6,78,7,65-74,0.0,0.0,0.152211117206593,0.152211117206593,0.0
6,78,8,75-84,0.0,0.0,0.2414592312152284,0.2414592312152284,0.0
6,91,2,16-24,0.108225865197959,0.0,0.0628455122729678,-0.04538035292499121,-0.108225865197959
6,91,3,25-34,0.0,0.0328310782115506,0.0632571091140355,0.0632571091140355,0.0328310782115506
6,91,4,35-44,0.0,0.0,0.0983712112211574,0.0983712112211574,0.0
6,91,5,45-54,0.0204446113828077,0.0,0.1473467024002369,0.1269020910174292,-0.0204446113828077
6,91,6,55-64,0.0159094762238903,0.028322136355854,0.0645019524791697,0.048592476255279404,0.0124126601319637
6,91,7,65-74,0.2860404476055677,0.0820839211388064,0.1252728513954906,-0.16076759621007708,-0.20395652646676127
6,91,8,75-84,0.0,,0.0724057371575606,0.0724057371575606,
6,91,9,85+,0.0,,,,
6,107,2,16-24,0.0393545335549773,0.0,0.0837628949879091,0.04440836143293181,-0.0393545335549773
6,107,3,25-34,0.0,0.2703855034199262,0.0372339234618499,0.0372339234618499,0.2703855034199262
6,107,4,35-44,0.0,0.0,0.076971056462493,0.076971056462493,0.0
6,107,5,45-54,0.0,0.0685864735132575,0.1301071486388711,0.1301071486388711,0.0685864735132575
6,107,6,55-64,0.0,0.1092419261470822,0.0201989523228281,0.0201989523228281,0.1092419261470822
6,107,7,65-74,0.0,0.0,0.0472655582359169,0.0472655582359169,0.0
6,107,8,75-84,0.0,0.0,0.0,0.0,0.0
6,107,9,85+,0.0,,0.0,0.0,
6,109,2,16-24,0.0822635543543888,0.0,0.1064187666532384,0.024155212298849607,-0.0822635543543888
6,109,3,25-34,0.0664053988524684,0.0,0.0543121680580689,-0.012093230794399508,-0.0664053988524684
6,109,4,35-44,0.0,0.0,0.1101417024271753,0.1101417024271753,0.0
6,109,5,45-54,0.0,0.0,0.0800326380016024,0.0800326380016024,0.0
6,109,6,55-64,0.0,0.0,0.0473040691576333,0.0473040691576333,0.0
6,109,7,65-74,0.0,0.0,0.1146831379953527,0.1146831379953527,0.0
6,109,8,75-84,0.0,,0.0,0.0,
6,109,9,85+,0.0,,,,
6,112,2,16-24,0.0468136331388019,0.0,0.2540250714879737,0.2072114383491718,-0.0468136331388019
6,112,3,25-34,0.0,0.0,0.1241434141403161,0.1241434141403161,0.0
6,112,4,35-44,0.0,0.0,0.098462499059022,0.098462499059022,0.0
6,112,5,45-54,0.0897548542758592,0.0,0.1901468811013923,0.1003920268255331,-0.0897548542758592
6,112,6,55-64,0.0,0.0,0.0772767104296466,0.0772767104296466,0.0
6,112,7,65-74,0.0,0.0,0.0311596050477693,0.0311596050477693,0.0
6,112,8,75-84,0.0,0.0,0.0,0.0,0.0
6,112,9,85+,0.0,,0.0,0.0,
6,114,2,16-24,0.1506387155306854,0.0,0.1536387973595317,0.0030000818288463127,-0.1506387155306854
6,114,3,25-34,0.0,0.0,0.1181055637615688,0.1181055637615688,0.0
6,114,4,35-44,0.0,0.0686517244715512,0.0749375498115573,0.0749375498115573,0.0686517244715512
6,114,5,45-54,0.0721826835089426,0.0,0.1191367127317535,0.0469540292228109,-0.0721826835089426
6,114,6,55-64,0.2601817054066929,0.0,0.0926005309937461,-0.1675811744129468,-0.2601817054066929
6,114,7,65-74,0.0,0.0,0.09995093535429,0.09995093535429,0.0
6,114,8,75-84,0.0,,0.1698806767548918,0.1698806767548918,
6,114,9,85+,,0.0,,,
6,117,2,16-24,0.0,0.1020081964317142,0.1113234701074443,0.1113234701074443,0.1020081964317142
6,117,3,25-34,0.1141242971698089,0.0658862261682382,0.1438441236576877,0.029719826487878798,-0.04823807100157071
6,117,4,35-44,0.0397619504862143,0.2166845981908019,0.1444142690204016,0.1046523185341873,0.1769226477045876
6,117,5,45-54,0.0696795247245412,0.0,0.0847818786652737,0.015102353940732505,-0.0696795247245412
6,117,6,55-64,0.0,0.0,0.0986692973961468,0.0986692973961468,0.0
6,117,7,65-74,0.0,0.0,0.1319791649045138,0.1319791649045138,0.0
6,117,8,75-84,0.0,0.0,0.2324196160905144,0.2324196160905144,0.0
6,117,9,85+,0.0,,0.0,0.0,
6,122,2,16-24,0.0,0.0,0.4977422431660111,0.4977422431660111,0.0
6,122,3,25-34,0.0903622740158328,0.1937242705423232,0.1530354300442928,0.06267315602845999,0.10336199652649039
6,122,4,35-44,0.0,0.0,0.0747071646475146,0.0747071646475146,0.0
6,122,5,45-54,0.0,0.0,0.0808588899337586,0.0808588899337586,0.0
6,122,6,55-64,0.0,0.0,0.0920996641364429,0.0920996641364429,0.0
6,122,7,65-74,0.0,0.0713514976353823,0.0696628025606459,0.0696628025606459,0.0713514976353823
6,122,8,75-84,0.1428591696453311,0.0,0.2886500556318842,0.14579088598655307,-0.1428591696453311
6,122,9,85+,0.0,,,,
6,126,2,16-24,0.048931582491256,,0.0,-0.048931582491256,
6,126,3,25-34,0.0474688833341926,0.145549995140746,0.1826158944871289,0.13514701115293629,0.0980811118065534
6,126,4,35-44,0.0820272516983456,0.0767059636094713,0.11481641816976,0.0327891664714144,-0.005321288088874304
6,126,5,45-54,0.1362303383360871,0.0,0.137811379021782,0.0015810406856948955,-0.1362303383360871
6,126,6,55-64,0.0,0.0,0.1234424785642516,0.1234424785642516,0.0
6,126,7,65-74,0.0730197448932332,0.0,0.0963103910978659,0.023290646204632712,-0.0730197448932332
6,126,8,75-84,0.0,,0.1361059560275809,0.1361059560275809,
6,126,9,85+,0.0,,0.0,0.0,
6,129,2,16-24,0.0,0.0,0.2269598265086511,0.2269598265086511,0.0
6,129,3,25-34,0.0,0.1177016801090301,0.0652825637064583,0.0652825637064583,0.1177016801090301
6,129,4,35-44,0.2321664974942382,0.0345296028283565,0.0715797133709736,-0.1605867841232646,-0.1976368946658817
6,129,5,45-54,0.0,0.0677793671614026,0.0466936641658166,0.0466936641658166,0.0677793671614026
6,129,6,55-64,0.1512139455013047,0.0,0.0712354562074191,-0.07997848929388561,-0.1512139455013047
6,129,7,65-74,0.0854420993195127,0.0,0.0,-0.0854420993195127,-0.0854420993195127
6,129,8,75-84,0.0,0.0,0.496570287132584,0.496570287132584,0.0
6,129,9,85+,0.0,,0.0,0.0,
6,135,2,16-24,0.1429235752966079,0.3069296841488182,0.2726877710693661,0.1297641957727582,0.1640061088522103
6,135,3,25-34,0.0,0.04893282344077,0.0784080348203382,0.0784080348203382,0.04893282344077
6,135,4,35-44,0.0612528136031606,0.0,0.0284600679710703,-0.0327927456320903,-0.0612528136031606
6,135,5,45-54,0.1446998361328285,0.0,0.0716644631716046,-0.0730353729612239,-0.1446998361328285
6,135,6,55-64,0.0,0.1907866293170241,0.1173801220604725,0.1173801220604725,0.1907866293170241
6,135,7,65-74,0.0,0.0,0.0395124310291947,0.0395124310291947,0.0
6,135,8,75-84,0.0,0.0,0.0,0.0,0.0
6,135,9,85+,0.0,,0.0,0.0,
6,136,2,16-24,0.2935313140775476,0.0,0.359034215420497,0.0655029013429494,-0.2935313140775476
6,136,3,25-34,0.0,0.0,0.0087074796470762,0.0087074796470762,0.0
6,136,4,35-44,0.0,0.0,0.0450328535416502,0.0450328535416502,0.0
6,136,5,45-54,0.0,0.1821709608752816,0.1060125913492039,0.1060125913492039,0.1821709608752816
6,136,6,55-64,0.0540697397696516,0.0,0.1232438230726038,0.0691740833029522,-0.0540697397696516
6,136,7,65-74,0.1531886864057522,0.0,0.2398589750951051,0.08667028868935289,-0.1531886864057522
6,136,8,75-84,0.0,,0.1192150810560997,0.1192150810560997,
6,136,9,85+,0.0,,0.0,0.0,
6,139,2,16-24,0.0,0.0,0.1162594939109368,0.1162594939109368,0.0
6,139,3,25-34,0.0,0.0,0.1123520026248317,0.1123520026248317,0.0
6,139,4,35-44,0.0386649269703176,0.3916706606719358,0.2706653110928228,0.23200038412250523,0.3530057337016182
6,139,5,45-54,0.1366812012869096,0.0,0.1933112006316516,0.056629999344742,-0.1366812012869096
6,139,6,55-64,0.0214728809960457,0.0,0.1262998636092435,0.1048269826131978,-0.0214728809960457
6,139,7,65-74,0.0580090924408524,0.1685703058279984,0.1258621534934532,0.0678530610526008,0.110561213387146
6,139,8,75-84,0.0,0.0,0.2909084437397112,0.2909084437397112,0.0
6,139,9,85+,0.0,0.0,0.0,0.0,0.0
6,142,2,16-24,0.0,0.0,0.1269606268325517,0.1269606268325517,0.0
6,142,3,25-34,0.0,0.3967692306848621,0.068794640244488,0.068794640244488,0.3967692306848621
6,142,4,35-44,0.0754726029538024,0.1551612342383395,0.1323707249331208,0.0568981219793184,0.0796886312845371
6,142,5,45-54,0.036406552196783,0.0,0.0864304534850393,0.0500239012882563,-0.036406552196783
6,142,6,55-64,0.0,0.0,0.1333737049385578,0.1333737049385578,0.0
6,142,7,65-74,0.0,,0.0676100264071865,0.0676100264071865,
6,142,8,75-84,0.0,,0.0,0.0,
6,147,2,16-24,0.0,0.0,0.2463786706833098,0.2463786706833098,0.0
6,147,3,25-34,0.0,0.1349394995553213,0.0645700732338838,0.0645700732338838,0.1349394995553213
6,147,4,35-44,0.0,0.2862130502880057,0.0247659594121226,0.0247659594121226,0.2862130502880057
6,147,5,45-54,0.2016516132237606,0.1298640809008228,0.0738347389266865,-0.1278168742970741,-0.0717875323229378
6,147,6,55-64,0.0,0.0790271086349136,0.1372472671915516,0.1372472671915516,0.0790271086349136
6,147,7,65-74,0.0,0.0,0.1447656231959478,0.1447656231959478,0.0
6,147,8,75-84,0.0,0.0,,,0.0
6,147,9,85+,0.0,,,,
6,160,2,16-24,0.0,0.0,0.2868519632768322,0.2868519632768322,0.0
6,160,3,25-34,0.0,0.0,0.0825496718486306,0.0825496718486306,0.0
6,160,4,35-44,0.0,0.0,0.1134763684946254,0.1134763684946254,0.0
6,160,5,45-54,0.0,0.0576878902080975,0.0259292470874515,0.0259292470874515,0.0576878902080975
6,160,6,55-64,0.1422822310764872,0.0,0.0996870376197085,-0.04259519345677869,-0.1422822310764872
6,160,7,65-74,0.1169533165644318,0.0,0.1594079060448097,0.042454589480377905,-0.1169533165644318
6,160,8,75-84,0.0,0.0,0.0,0.0,0.0
6,160,9,85+,0.0,0.0,,,0.0
6,171,2,16-24,0.1586575908055197,0.2067758926390498,0.0892134614742797,-0.06944412933123999,0.04811830183353011
6,171,3,25-34,0.0944670281343913,0.1457127821002284,0.0495518097816001,-0.0449152183527912,0.051245753965837096
6,171,4,35-44,0.0623832849370457,0.143297536202572,0.1005737844108518,0.038190499473806094,0.08091425126552629
6,171,5,45-54,0.0,0.113662571903941,0.1208564030089337,0.1208564030089337,0.113662571903941
6,171,6,55-64,0.1430871971265874,0.0,0.0584273321182056,-0.08465986500838181,-0.1430871971265874
6,171,7,65-74,0.0,0.0,0.0,0.0,0.0
6,171,8,75-84,0.0,0.0,0.0,0.0,0.0
6,171,9,85+,0.0,,,,
6,196,2,16-24,0.0,0.0,0.0376904487772726,0.0376904487772726,0.0
6,196,3,25-34,0.0,0.0,0.0803460050313481,0.0803460050313481,0.0
6,196,4,35-44,0.026920774268854,0.0,0.0455020470899536,0.018581272821099597,-0.026920774268854
6,196,5,45-54,0.0,0.0,0.0707347437603692,0.0707347437603692,0.0
6,196,6,55-64,0.0,0.0,0.1112589698392783,0.1112589698392783,0.0
6,196,7,65-74,0.0307263227040072,0.4400963067495964,0.1775505911711678,0.14682426846716062,0.40936998404558916
6,196,8,75-84,0.0,0.0,0.4904802153677883,0.4904802153677883,0.0
6,196,9,85+,,,0.0,,
6,201,2,16-24,0.6490245119638784,,0.0453381027513029,-0.6036864092125755,
6,201,3,25-34,0.0,0.0,0.1393566925405713,0.1393566925405713,0.0
6,201,4,35-44,0.0,0.0457654372066812,0.0454930236528117,0.0454930236528117,0.0457654372066812
6,201,5,45-54,0.0,0.0,0.1404417636845658,0.1404417636845658,0.0
6,201,6,55-64,0.2947790107920451,0.0,0.2361588883068784,-0.05862012248516671,-0.2947790107920451
6,201,7,65-74,0.0,0.0,0.123243890791204,0.123243890791204,0.0
6,201,8,75-84,0.1138494199965412,0.0,0.168333562518688,0.0544841425221468,-0.1138494199965412
6,201,9,85+,0.0,,,,
6,241,2,16-24,0.2160328385459063,0.0,0.0960056696123537,-0.1200271689335526,-0.2160328385459063
6,241,3,25-34,0.0394060446943635,0.0,0.0569506854748301,0.0175446407804666,-0.0394060446943635
6,241,4,35-44,0.0736520798139708,0.0,0.0913215357840885,0.017669455970117695,-0.0736520798139708
6,241,5,45-54,0.0,0.2195170390974348,0.1159135320044656,0.1159135320044656,0.2195170390974348
6,241,6,55-64,0.1482161020064071,0.0,0.0,-0.1482161020064071,-0.1482161020064071
6,241,7,65-74,0.0,0.0,0.0227193439301567,0.0227193439301567,0.0
6,241,8,75-84,0.0,,0.2950569349637887,0.2950569349637887,
6,241,9,85+,0.0,,,,
6,255,2,16-24,0.923138641886249,0.0,0.0881014482314522,-0.8350371936547968,-0.923138641886249
6,255,3,25-34,0.0,0.0,0.0797174599099326,0.0797174599099326,0.0
6,255,4,35-44,0.0,0.0255231043968219,0.223122851142852,0.223122851142852,0.0255231043968219
6,255,5,45-54,0.0355062954068383,0.0,0.0638744220776418,0.028368126670803497,-0.0355062954068383
6,255,6,55-64,0.2382877561624893,0.0541445384253262,0.1470472987683044,-0.09124045739418488,-0.18414321773716308
6,255,7,65-74,0.0,0.4793236932240654,0.1144517056706025,0.1144517056706025,0.4793236932240654
6,255,8,75-84,0.1581720483762441,0.0,0.2060419044109753,0.047869856034731206,-0.1581720483762441
6,255,9,85+,0.0,,0.0,0.0,
6,272,2,16-24,0.0580235927760646,0.0,0.0150679585008499,-0.0429556342752147,-0.0580235927760646
6,272,3,25-34,0.0,0.0271811618834339,0.0523274141330275,0.0523274141330275,0.0271811618834339
6,272,4,35-44,0.0868640317941351,0.0,0.1000554525911008,0.013191420796965697,-0.0868640317941351
6,272,5,45-54,0.0,0.454258431908672,0.1233234221932849,0.1233234221932849,0.454258431908672
6,272,6,55-64,0.0,0.0,0.0651768222144302,0.0651768222144302,0.0
6,272,7,65-74,0.0,,0.0,0.0,
6,272,8,75-84,0.0,,0.0,0.0,
6,272,9,85+,0.0,,,,
6,279,2,16-24,0.04761621629014,0.0,0.1097539557020155,0.0621377394118755,-0.04761621629014
6,279,3,25-34,0.0,0.0,0.0517473947910296,0.0517473947910296,0.0
6,279,4,35-44,0.0,0.0,0.0491512043223756,0.0491512043223756,0.0
6,279,5,45-54,0.0793292939729275,0.0,0.1090595680594368,0.0297302740865093,-0.0793292939729275
6,279,6,55-64,0.0,0.0,0.1231671249583446,0.1231671249583446,0.0
6,279,7,65-74,0.0,0.0,0.0402950597508531,0.0402950597508531,0.0
6,279,8,75-84,0.0,0.0,0.0,0.0,0.0
6,279,9,85+,0.0,0.0,,,0.0
6,280,2,16-24,0.0,0.0,0.1907802483320228,0.1907802483320228,0.0
6,280,3,25-34,0.1161284821680633,0.0,0.0395421959148473,-0.07658628625321601,-0.1161284821680633
6,280,4,35-44,0.0,0.0,0.0748595527395934,0.0748595527395934,0.0
6,280,5,45-54,0.3476976146804897,0.1485829761556722,0.1076495159005621,-0.2400480987799276,-0.1991146385248175
6,280,6,55-64,0.0,1.0,0.2592960151906613,0.2592960151906613,1.0
6,280,7,65-74,0.0,,0.0673450755425814,0.0673450755425814,
6,280,8,75-84,0.0,0.3749196088557168,0.3986520800158922,0.3986520800158922,0.3749196088557168
6,280,9,85+,0.0,,,,
6,293,2,16-24,0.4233175897889516,0.0,0.1574653785049328,-0.2658522112840188,-0.4233175897889516
6,293,3,25-34,0.1665352951919993,0.0,0.1017693966777287,-0.0647658985142706,-0.1665352951919993
6,293,4,35-44,0.0,0.0,0.157322180177411,0.157322180177411,0.0
6,293,5,45-54,0.0,0.0,0.0390276889532749,0.0390276889532749,0.0
6,293,6,55-64,0.0,0.0,0.0309600517256545,0.0309600517256545,0.0
6,293,7,65-74,0.0,0.0,0.0146930792829481,0.0146930792829481,0.0
6,293,8,75-84,0.0,,0.6224346677727666,0.6224346677727666,
6,293,9,85+,0.0,,,,
7,8,2,16-24,0.0805764549085263,0.0,0.0836407339769496,0.003064279068423298,-0.0805764549085263
7,8,3,25-34,0.0,0.1229407879261898,0.2091225803964559,0.2091225803964559,0.1229407879261898
7,8,4,35-44,0.0332824346628754,0.0493533658225339,0.303547588202278,0.2702651535394026,0.0160709311596585
7,8,5,45-54,0.1454712627213281,0.0,0.2717611973273163,0.1262899346059882,-0.1454712627213281
7,8,6,55-64,0.0192400516349422,0.0,0.0297923879579224,0.0105523363229802,-0.0192400516349422
7,8,7,65-74,0.0,0.0,0.0423937662454472,0.0423937662454472,0.0
7,8,8,75-84,0.0,0.0,0.0,0.0,0.0
7,8,9,85+,0.0,0.0,0.0,0.0,0.0
7,9,2,16-24,0.3819700826086065,0.4796533757392485,0.2634627208926086,-0.1185073617159979,0.097683293130642
7,9,3,25-34,0.057373483787994,0.0,0.0132986177883468,-0.0440748659996472,-0.057373483787994
7,9,4,35-44,0.0241312988165324,0.0950791890154677,0.0874826071121247,0.0633513082955923,0.0709478901989353
7,9,5,45-54,0.0,0.0,0.3492206378878302,0.3492206378878302,0.0
7,9,6,55-64,0.0,0.0,0.1504407317689228,0.1504407317689228,0.0
7,9,7,65-74,0.0,0.0,0.1431648962882674,0.1431648962882674,0.0
7,9,8,75-84,0.0,0.0,0.1353535559553926,0.1353535559553926,0.0
7,9,9,85+,0.0,,0.0,0.0,
7,17,2,16-24,0.0,0.0,0.150161259636889,0.150161259636889,0.0
7,17,3,25-34,0.0364205004413514,0.0,0.1988875289128372,0.1624670284714858,-0.0364205004413514
7,17,4,35-44,0.2651220508073457,0.1285308764011266,0.1218265725890757,-0.14329547821827,-0.1365911744062191
7,17,5,45-54,0.0836108580059308,0.0,0.1174145440335816,0.03380368602765081,-0.0836108580059308
7,17,6,55-64,0.1644793459827065,0.0,0.2600851874781426,0.09560584149543608,-0.1644793459827065
7,17,7,65-74,0.184254061221869,0.0,0.082068375215675,-0.10218568600619399,-0.184254061221869
7,17,8,75-84,0.4819752190432843,,0.2725866512407775,-0.20938856780250675,
7,17,9,85+,0.4367799269646437,0.0,0.0,-0.4367799269646437,-0.4367799269646437
7,30,2,16-24,0.0840253256079048,0.3743443211687364,0.1660855408347849,0.08206021522688012,0.2903189955608316
7,30,3,25-34,0.0995710108561953,0.1172543286121987,0.1457507729442571,0.04617976208806179,0.017683317756003403
7,30,4,35-44,0.0,0.3223005884642204,0.1226216844874787,0.1226216844874787,0.3223005884642204
7,30,5,45-54,0.0373347844300498,0.0378201548685386,0.0857886807249308,0.048453896294881005,0.0004853704384887997
7,30,6,55-64,0.2147663333204834,0.0,0.0713289220919454,-0.14343741122853798,-0.2147663333204834
7,30,7,65-74,0.1769366437860408,0.1232856094763537,0.06325034302727,-0.11368630075877079,-0.053651034309687096
7,30,8,75-84,0.0,0.0,0.0,0.0,0.0
7,30,9,85+,0.0,,,,
7,35,2,16-24,0.0,0.2472371729284233,0.0995879184285357,0.0995879184285357,0.2472371729284233
7,35,3,25-34,0.0,0.0,0.0973901258520686,0.0973901258520686,0.0
7,35,4,35-44,0.0,0.0678321744562466,0.084129319640848,0.084129319640848,0.0678321744562466
7,35,5,45-54,0.1742176365520811,0.0,0.2160675625979892,0.04184992604590809,-0.1742176365520811
7,35,6,55-64,0.0,0.0,0.1935153906969096,0.1935153906969096,0.0
7,35,7,65-74,0.0,0.0,0.1820688185064075,0.1820688185064075,0.0
7,35,8,75-84,0.1696335413950616,0.0,0.4111306948925543,0.24149715349749273,-0.1696335413950616
7,35,9,85+,0.0,0.0,,,0.0
7,44,2,16-24,0.076754721545287,1.0,0.1696236600226065,0.09286893847731952,0.923245278454713
7,44,3,25-34,0.1225126055400551,0.0,0.0478192463283405,-0.07469335921171459,-0.1225126055400551
7,44,4,35-44,0.4175538082736283,0.0,0.0374507287921814,-0.3801030794814469,-0.4175538082736283
7,44,5,45-54,0.0,0.0,0.1795258230741349,0.1795258230741349,0.0
7,44,6,55-64,0.0,0.0,0.1897580607801995,0.1897580607801995,0.0
7,44,7,65-74,0.0,0.0,0.0832986392858361,0.0832986392858361,0.0
7,44,8,75-84,0.0,0.0,0.1483801691366362,0.1483801691366362,0.0
7,68,2,16-24,0.1193785801619281,0.0,0.1521618322738474,0.03278325211191932,-0.1193785801619281
7,68,3,25-34,0.0,0.0,0.1025480924489264,0.1025480924489264,0.0
7,68,4,35-44,0.0,0.0,0.0167738211881111,0.0167738211881111,0.0
7,68,5,45-54,0.0243847388233201,0.0,0.1966034455406935,0.1722187067173734,-0.0243847388233201
7,68,6,55-64,0.0,0.3302170852782282,0.1202367365942294,0.1202367365942294,0.3302170852782282
7,68,7,65-74,0.1058170849434161,0.0,0.0595864741142862,-0.0462306108291299,-0.1058170849434161
7,68,8,75-84,0.0,0.0,0.247051625893767,0.247051625893767,0.0
7,68,9,85+,0.0,,0.0,0.0,
7,78,2,16-24,0.0,0.2066870190294021,0.2844990826942324,0.2844990826942324,0.2066870190294021
7,78,3,25-34,0.0,0.4217205224873093,0.0986941724694036,0.0986941724694036,0.4217205224873093
7,78,4,35-44,0.041765705538462,0.0,0.0480667051241967,0.006300999585734705,-0.041765705538462
7,78,5,45-54,0.1459026612019142,0.0818520937487889,0.1041703901725255,-0.0417322710293887,-0.06405056745312529
7,78,6,55-64,0.0268466519784638,0.0,0.0860050535816846,0.059158401603220806,-0.0268466519784638
7,78,7,65-74,0.0,0.0,0.2400229968650249,0.2400229968650249,0.0
7,78,8,75-84,0.0,0.0,0.0,0.0,0.0
7,78,9,85+,,0.0,0.0,,
7,91,2,16-24,0.144273178837283,0.032051859441096,0.1286674065607847,-0.015605772276498286,-0.11222131939618699
7,91,3,25-34,0.0715067782860811,0.1206471463656676,0.2398371811335164,0.1683304028474353,0.04914036807958651
7,91,4,35-44,0.0544611781918479,0.0,0.2043374486096748,0.1498762704178269,-0.0544611781918479
7,91,5,45-54,0.0384593780569931,0.0,0.1250556468543087,0.0865962687973156,-0.0384593780569931
7,91,6,55-64,0.0283390646283373,0.1988609832637349,0.1174746388002946,0.0891355741719573,0.1705219186353976
7,91,7,65-74,0.0,0.1875889428706593,0.0617190754865212,0.0617190754865212,0.1875889428706593
7,91,8,75-84,0.0,0.0,0.0,0.0,0.0
7,91,9,85+,0.0,,0.4925017852309558,0.4925017852309558,
7,107,2,16-24,0.0,0.0,0.0,0.0,0.0
7,107,3,25-34,0.0,0.0,0.0537656856966944,0.0537656856966944,0.0
7,107,4,35-44,0.0223714590789568,0.121330769934008,0.1848951016666004,0.1625236425876436,0.0989593108550512
7,107,5,45-54,0.0382858757543791,0.1898187698217992,0.2504400912504436,0.2121542154960645,0.1515328940674201
7,107,6,55-64,0.0680617004013948,0.0,0.3435595524708747,0.2754978520694799,-0.0680617004013948
7,107,7,65-74,0.0,0.0,0.2020877607134718,0.2020877607134718,0.0
7,107,8,75-84,0.0,,0.0,0.0,
7,107,9,85+,,0.0,0.0,,
7,109,2,16-24,0.0,0.0,0.1373805251552435,0.1373805251552435,0.0
7,109,3,25-34,0.0725739037264019,0.0,0.1242729892444174,0.0516990855180155,-0.0725739037264019
7,109,4,35-44,0.0,0.3131376704360286,0.0673814482478734,0.0673814482478734,0.3131376704360286
7,109,5,45-54,0.0,0.0477487292441978,0.2685130969344957,0.2685130969344957,0.0477487292441978
7,109,6,55-64,0.0,0.1535232421427113,0.1377091459654228,0.1377091459654228,0.1535232421427113
7,109,7,65-74,0.0,0.0,0.0,0.0,0.0
7,109,8,75-84,0.0,,0.0,0.0,
7,109,9,85+,0.0,,,,
7,112,2,16-24,0.1185994319011919,0.0,0.1131320759257631,-0.0054673559754288,-0.1185994319011919
7,112,3,25-34,0.0,0.0,0.0844924330211627,0.0844924330211627,0.0
7,112,4,35-44,0.1369314928074924,0.045753289530476,0.1412024800793981,0.004270987271905696,-0.0911782032770164
7,112,5,45-54,0.0,0.5835460382975936,0.2320942557258376,0.2320942557258376,0.5835460382975936
7,112,6,55-64,0.0,,0.1941221140576817,0.1941221140576817,
7,112,7,65-74,0.0,0.0,0.1714738756073248,0.1714738756073248,0.0
7,112,8,75-84,0.0,,0.0,0.0,
7,112,9,85+,0.0,,0.0,0.0,
7,114,2,16-24,0.272543909371378,0.0,0.1149332695760882,-0.15761063979528983,-0.272543909371378
7,114,3,25-34,0.0,0.0,0.108869556840479,0.108869556840479,0.0
7,114,4,35-44,0.1136927943549553,0.2409570123458737,0.0668313081403103,-0.046861486214645004,0.1272642179909184
7,114,5,45-54,0.0,0.0,0.1053211563825713,0.1053211563825713,0.0
7,114,6,55-64,0.0,0.4968935786672332,0.1985861749008439,0.1985861749008439,0.4968935786672332
7,114,7,65-74,0.1596105310973232,0.5180184842138902,0.0,-0.1596105310973232,0.358407953116567
7,114,8,75-84,0.1533548718186723,0.0,0.0,-0.1533548718186723,-0.1533548718186723
7,114,9,85+,0.0,,,,
7,117,2,16-24,0.0,0.0,0.3601913996414882,0.3601913996414882,0.0
7,117,3,25-34,0.0,0.1932832424369561,0.139225985571255,0.139225985571255,0.1932832424369561
7,117,4,35-44,0.0407566738986178,0.0,0.0716929341848472,0.03093626028622941,-0.0407566738986178
7,117,5,45-54,0.134960169443865,0.0,0.2519121943825412,0.11695202493867621,-0.134960169443865
7,117,6,55-64,0.0,0.3935104738859351,0.1496581128226941,0.1496581128226941,0.3935104738859351
7,117,7,65-74,0.0485877377482991,0.0,0.321871529966152,0.27328379221785287,-0.0485877377482991
7,117,8,75-84,0.0,0.0,0.1327672218489018,0.1327672218489018,0.0
7,117,9,85+,0.0,,0.0,0.0,
7,122,2,16-24,0.3686597771345492,0.0,0.1841928836364691,-0.18446689349808013,-0.3686597771345492
7,122,3,25-34,0.0165842212809421,0.1551435464251571,0.0312521730082049,0.014667951727262804,0.13855932514421498
7,122,4,35-44,0.0,0.2819216865385997,0.1318085226862546,0.1318085226862546,0.2819216865385997
7,122,5,45-54,0.0,0.3234427876352848,0.1007908557131376,0.1007908557131376,0.3234427876352848
7,122,6,55-64,0.0,0.026597648601245,0.0688562770934121,0.0688562770934121,0.026597648601245
7,122,7,65-74,0.0,0.0,0.0922831862417862,0.0922831862417862,0.0
7,122,8,75-84,0.0,0.0,0.3593454757566971,0.3593454757566971,0.0
7,122,9,85+,0.0,0.0,1.0,1.0,0.0
7,126,2,16-24,0.0270781082324524,0.0,0.1545803564265555,0.12750224819410308,-0.0270781082324524
7,126,3,25-34,0.1490835577959971,0.0,0.052965020822223,-0.09611853697377411,-0.1490835577959971
7,126,4,35-44,0.0952813384642885,0.1236141196446857,0.1569298835112175,0.061648545046929,0.0283327811803972
7,126,5,45-54,0.0,0.0,0.0267058560529412,0.0267058560529412,0.0
7,126,6,55-64,0.0252498896022677,0.399098258557423,0.1164707643926207,0.09122087479035301,0.3738483689551553
7,126,7,65-74,0.059153331644637,0.3432457709361388,0.1403400497550063,0.0811867181103693,0.2840924392915018
7,126,8,75-84,0.3842740263150392,0.0,0.1404632117771083,-0.2438108145379309,-0.3842740263150392
7,126,9,85+,0.0,,,,
7,129,2,16-24,0.0938753081091121,,0.1349685338562523,0.041093225747140194,
7,129,3,25-34,0.0,0.0,0.1297909679224821,0.1297909679224821,0.0
7,129,4,35-44,0.0203461458444334,0.1376169529404765,0.1058906943898367,0.0855445485454033,0.1172708070960431
7,129,5,45-54,0.0113508635531296,0.0,0.1433705024778528,0.13201963892472318,-0.0113508635531296
7,129,6,55-64,0.0254755294933186,0.2163978531715365,0.1045661426069064,0.0790906131135878,0.1909223236782179
7,129,7,65-74,0.0928815351588451,0.0,0.0876713190554392,-0.005210216103405899,-0.0928815351588451
7,129,8,75-84,0.0,0.0,0.1926556012518403,0.1926556012518403,0.0
7,129,9,85+,,0.0,,,
7,135,2,16-24,0.2775685014719382,0.0436051932826871,0.0777706125588475,-0.1997978889130907,-0.23396330818925107
7,135,3,25-34,0.0378172617645908,0.0822171455398585,0.0325535142510756,-0.005263747513515195,0.0443998837752677
7,135,4,35-44,0.1339195377079736,0.0,0.1220186020223949,-0.011900935685578706,-0.1339195377079736
7,135,5,45-54,0.0931057334759025,0.0,0.2991943011784861,0.2060885677025836,-0.0931057334759025
7,135,6,55-64,0.0,0.0,0.1632287865851512,0.1632287865851512,0.0
7,135,7,65-74,0.0,0.0,0.0697403290112889,0.0697403290112889,0.0
7,135,8,75-84,0.0,0.0,0.1219335079266033,0.1219335079266033,0.0
7,135,9,85+,0.0,0.0,0.0,0.0,0.0
7,136,2,16-24,0.1138993659120303,0.0,0.185611422646373,0.07171205673434271,-0.1138993659120303
7,136,3,25-34,0.1634348995328874,0.0,0.1893057902571126,0.025870890724225215,-0.1634348995328874
7,136,4,35-44,0.1149155557113868,0.4437638879108133,0.0711257215790777,-0.043789834132309094,0.3288483321994265
7,136,5,45-54,0.0558719492581622,0.0,0.1317633589882844,0.0758914097301222,-0.0558719492581622
7,136,6,55-64,0.0,0.0809870811582968,0.117634703303744,0.117634703303744,0.0809870811582968
7,136,7,65-74,0.0,0.0,0.1425593800015545,0.1425593800015545,0.0
7,136,8,75-84,0.0,0.0,0.2048316537485575,0.2048316537485575,0.0
7,136,9,85+,0.0,,0.0,0.0,
7,139,2,16-24,0.0,,0.2383943036302543,0.2383943036302543,
7,139,3,25-34,0.0586055666754952,0.0,0.1191777771994797,0.060572210523984496,-0.0586055666754952
7,139,4,35-44,0.0,0.0296859588661196,0.1534146635956602,0.1534146635956602,0.0296859588661196
7,139,5,45-54,0.1237833394409473,0.0,0.2184528281961888,0.0946694887552415,-0.1237833394409473
7,139,6,55-64,0.0,0.0,0.1295319508666116,0.1295319508666116,0.0
7,139,7,65-74,0.0487168236373319,0.3659379954820418,0.1888900453969814,0.1401732217596495,0.3172211718447099
7,139,8,75-84,0.0877405288198071,0.520430526183604,0.2234973344951336,0.1357568056753265,0.4326899973637969
7,139,9,85+,0.0,,0.0,0.0,
7,142,2,16-24,0.2579830363265947,0.7355892180696137,0.1210718695053172,-0.1369111668212775,0.47760618174301905
7,142,3,25-34,0.1039968499530009,0.0,0.0753813060588088,-0.028615543894192103,-0.1039968499530009
7,142,4,35-44,0.0235191273363919,0.0,0.2475946652066655,0.22407553787027362,-0.0235191273363919
7,142,5,45-54,0.0,0.0,0.1119638798974228,0.1119638798974228,0.0
7,142,6,55-64,0.2306617447994335,0.3281392629782832,0.1675861139429244,-0.06307563085650911,0.09747751817884973
7,142,7,65-74,0.0,0.0,0.0,0.0,0.0
7,142,8,75-84,0.4385801913517201,0.2844932933007693,0.2946670631142807,-0.1439131282374394,-0.15408689805095083
7,142,9,85+,0.0,,0.0,0.0,
7,147,2,16-24,0.0,0.0,0.1789051693386691,0.1789051693386691,0.0
7,147,3,25-34,0.0,0.0,0.0511037566889216,0.0511037566889216,0.0
7,147,4,35-44,0.2043976034407111,0.1136246467120109,0.1084698148909725,-0.09592778854973859,-0.09077295672870019
7,147,5,45-54,0.0,0.1077215614195674,0.1212042671540185,0.1212042671540185,0.1077215614195674
7,147,6,55-64,0.0918488397531638,0.2141304843399211,0.178500658885477,0.08665181913231321,0.1222816445867573
7,147,7,65-74,0.0,0.4195438535761698,0.1392201759406823,0.1392201759406823,0.4195438535761698
7,147,8,75-84,0.0,,0.2096286649022685,0.2096286649022685,
7,147,9,85+,0.0,,,,
7,160,2,16-24,0.0,0.0,0.2641190902465727,0.2641190902465727,0.0
7,160,3,25-34,0.0,0.1436929146453571,0.1223419982313275,0.1223419982313275,0.1436929146453571
7,160,4,35-44,0.077874089329018,0.0,0.1992417434152832,0.1213676540862652,-0.077874089329018
7,160,5,45-54,0.2381390904313882,0.0,0.1750364745223132,-0.06310261590907501,-0.2381390904313882
7,160,6,55-64,0.0504705167017943,0.0,0.0100727028540684,-0.0403978138477259,-0.0504705167017943
7,160,7,65-74,0.0,0.0,0.2055676372616345,0.2055676372616345,0.0
7,160,8,75-84,0.3898251428396589,0.0,0.0524470185230009,-0.33737812431665803,-0.3898251428396589
7,160,9,85+,,,0.0,,
7,171,2,16-24,0.0,0.0,0.2769317858935633,0.2769317858935633,0.0
7,171,3,25-34,0.2207176670458216,0.0,0.1643413311740877,-0.05637633587173391,-0.2207176670458216
7,171,4,35-44,0.01289054509635,0.0,0.0924535267116146,0.0795629816152646,-0.01289054509635
7,171,5,45-54,0.0987913714046987,0.0,0.0461774281412303,-0.052613943263468396,-0.0987913714046987
7,171,6,55-64,0.0164634851731515,0.0,0.1506091883477524,0.1341457031746009,-0.0164634851731515
7,171,7,65-74,0.7610962655820384,,0.4823917507888807,-0.27870451479315766,
7,171,8,75-84,0.0,0.0,,,0.0
7,171,9,85+,0.0,,,,
7,196,2,16-24,0.0,0.0570975054535031,0.087895258310124,0.087895258310124,0.0570975054535031
7,196,3,25-34,0.0,0.0,0.1737419544923022,0.1737419544923022,0.0
7,196,4,35-44,0.0,0.0,0.1009428803304004,0.1009428803304004,0.0
7,196,5,45-54,0.1566830383859816,0.0,0.2349472949440577,0.07826425655807609,-0.1566830383859816
7,196,6,55-64,0.0,0.0479993314340433,0.2186981618293973,0.2186981618293973,0.0479993314340433
7,196,7,65-74,0.0,0.0,0.1320859942400937,0.1320859942400937,0.0
7,196,8,75-84,0.0,0.0,0.0,0.0,0.0
7,196,9,85+,0.0,0.0,0.0,0.0,0.0
7,201,2,16-24,0.0,0.0,0.1968961304219552,0.1968961304219552,0.0
7,201,3,25-34,0.1743257663025282,0.0756722490346211,0.1075826499680472,-0.06674311633448099,-0.0986535172679071
7,201,4,35-44,0.0902271957127178,0.1988423108153237,0.1773282231975922,0.0871010274848744,0.1086151151026059
7,201,5,45-54,0.0,0.0,0.1894858863513671,0.1894858863513671,0.0
7,201,6,55-64,0.0,0.0,0.1279818224160823,0.1279818224160823,0.0
7,201,7,65-74,0.0,0.0,0.0997625319384827,0.0997625319384827,0.0
7,201,8,75-84,0.0,0.0,0.1250015928789108,0.1250015928789108,0.0
7,201,9,85+,0.0,,0.0,0.0,
7,241,2,16-24,0.3243583662786524,0.0,0.2708650206080305,-0.05349334567062186,-0.3243583662786524
7,241,3,25-34,0.0096636268020816,0.0,0.1115091921730952,0.1018455653710136,-0.0096636268020816
7,241,4,35-44,0.0188818823495407,0.0,0.1670301853083201,0.1481483029587794,-0.0188818823495407
7,241,5,45-54,0.1154359625804197,0.3138359432505739,0.1175422929933966,0.0021063304129768923,0.19839998067015419
7,241,6,55-64,0.0,0.0,0.0649113436989095,0.0649113436989095,0.0
7,241,7,65-74,0.1975412998096963,0.0,0.0829416575155296,-0.11459964229416672,-0.1975412998096963
7,241,8,75-84,0.0,,0.0963667836777152,0.0963667836777152,
7,255,2,16-24,0.3722892850053672,0.0,0.1778255540843023,-0.19446373092106486,-0.3722892850053672
7,255,3,25-34,0.0,0.1238768150108488,0.209204276849813,0.209204276849813,0.1238768150108488
7,255,4,35-44,0.0235463994827614,0.0,0.1035348336955995,0.0799884342128381,-0.0235463994827614
7,255,5,45-54,0.0531944557781534,0.2154535887323375,0.1331061103611147,0.07991165458296129,0.1622591329541841
7,255,6,55-64,0.1226401383865463,0.0,0.1681203048734656,0.0454801664869193,-0.1226401383865463
7,255,7,65-74,0.0801822401087048,0.2177897037540832,0.1240006019227288,0.043818361814024,0.1376074636453784
7,255,8,75-84,0.1218697920973733,0.0,0.4776006654480209,0.35573087335064757,-0.1218697920973733
7,255,9,85+,0.0,,0.0,0.0,
7,272,2,16-24,0.107702688351978,0.0,0.0933836593452281,-0.01431902900674989,-0.107702688351978
7,272,3,25-34,0.1244550618736336,0.0573860242807109,0.1314909984986471,0.007035936625013492,-0.06706903759292271
7,272,4,35-44,0.0,0.2156954647164939,0.2183708205177114,0.2183708205177114,0.2156954647164939
7,272,5,45-54,0.0,0.0,0.0909823383172903,0.0909823383172903,0.0
7,272,6,55-64,0.3135402582028416,0.0,0.1069139367189899,-0.20662632148385168,-0.3135402582028416
7,272,7,65-74,0.0,0.0,0.0,0.0,0.0
7,272,8,75-84,0.0,,0.0,0.0,
7,272,9,85+,0.0,,,,
7,279,2,16-24,0.0,0.0,0.1021733322388895,0.1021733322388895,0.0
7,279,3,25-34,0.0,0.1233346733616698,0.1821484915865057,0.1821484915865057,0.1233346733616698
7,279,4,35-44,0.0,0.0248045931756845,0.1071279652385148,0.1071279652385148,0.0248045931756845
7,279,5,45-54,0.0,0.4353012718620729,0.1516204256860646,0.1516204256860646,0.4353012718620729
7,279,6,55-64,0.1676681517273693,0.0,0.231009608433908,0.0633414567065387,-0.1676681517273693
7,279,7,65-74,0.0,0.0,0.272348298265834,0.272348298265834,0.0
7,279,8,75-84,0.0,0.0,0.2283312467246301,0.2283312467246301,0.0
7,279,9,85+,,,0.0,,
7,280,2,16-24,0.19295525300188,0.396618300070345,0.1698391947667828,-0.023116058235097187,0.203663047068465
7,280,3,25-34,0.0,0.1853318365335207,0.0678258980281966,0.0678258980281966,0.1853318365335207
7,280,4,35-44,0.0,0.0350347277417593,0.2331232964882609,0.2331232964882609,0.0350347277417593
7,280,5,45-54,0.0,0.0910948546731915,0.2926072620826863,0.2926072620826863,0.0910948546731915
7,280,6,55-64,0.0,0.0,0.0774295196752124,0.0774295196752124,0.0
7,280,7,65-74,0.0,,0.1964714001738522,0.1964714001738522,
7,280,8,75-84,0.0,0.0,0.1698568525819015,0.1698568525819015,0.0
7,280,9,85+,0.0,,,,
7,293,2,16-24,0.3429241713488176,0.0,0.0742175199531781,-0.2687066513956395,-0.3429241713488176
7,293,3,25-34,0.0,0.0,0.1076467720619441,0.1076467720619441,0.0
7,293,4,35-44,0.059346211968539,0.0,0.1958575773900881,0.1365113654215491,-0.059346211968539
7,293,5,45-54,0.0,0.4035595407259142,0.1870549840754111,0.1870549840754111,0.4035595407259142
7,293,6,55-64,0.0467119339766837,0.0,0.1726534839344375,0.1259415499577538,-0.0467119339766837
7,293,7,65-74,0.0,0.0,0.1062262365636564,0.1062262365636564,0.0
7,293,8,75-84,0.0,0.0,0.1022990241295413,0.1022990241295413,0.0
7,293,9,85+,0.0,,0.0,0.0,
8,8,2,16-24,0.0,0.0,0.2425158270254514,0.2425158270254514,0.0
8,8,3,25-34,0.0187009269411151,0.0,0.0104445084322581,-0.008256418508856998,-0.0187009269411151
8,8,4,35-44,0.0603975801371155,0.0,0.109581573424351,0.0491839932872355,-0.0603975801371155
8,8,5,45-54,0.0,0.1157403677159704,0.087211777444184,0.087211777444184,0.1157403677159704
8,8,6,55-64,0.0,0.0,0.0693208655990274,0.0693208655990274,0.0
8,8,7,65-74,0.0,0.0,0.1706973480210935,0.1706973480210935,0.0
8,8,8,75-84,0.0,0.0,0.0,0.0,0.0
8,8,9,85+,,,0.0,,
8,9,2,16-24,0.0863491672385803,0.0,0.1629833239456184,0.0766341567070381,-0.0863491672385803
8,9,3,25-34,0.181077649994447,0.0,0.102247124637391,-0.07883052535705601,-0.181077649994447
8,9,4,35-44,0.0,0.0,0.0626342212538282,0.0626342212538282,0.0
8,9,5,45-54,0.0,0.2639436572423239,0.2122730535095081,0.2122730535095081,0.2639436572423239
8,9,6,55-64,0.0503421841543338,0.0,0.1655816330024346,0.11523944884810078,-0.0503421841543338
8,9,7,65-74,0.0,0.1505980212307661,0.0954770553646617,0.0954770553646617,0.1505980212307661
8,9,8,75-84,0.0,0.0,0.1345901729191692,0.1345901729191692,0.0
8,9,9,85+,0.0,,0.0,0.0,
8,17,2,16-24,0.0,0.0,0.1829673482123297,0.1829673482123297,0.0
8,17,3,25-34,0.3135486650946501,0.0,0.0199282169657373,-0.2936204481289128,-0.3135486650946501
8,17,4,35-44,0.1121393709940843,0.1246508996987372,0.1310264161329628,0.018887045138878483,0.0125115287046529
8,17,5,45-54,0.0223087552584688,0.0,0.1208366615020671,0.09852790624359829,-0.0223087552584688
8,17,6,55-64,0.0616375333901013,0.0,0.1910924596945202,0.1294549263044189,-0.0616375333901013
8,17,7,65-74,0.1503431009193302,0.0,0.2013349299913039,0.05099182907197369,-0.1503431009193302
8,17,8,75-84,0.155170884171074,0.6488033880319137,0.0928353185716877,-0.0623355655993863,0.49363250386083973
8,17,9,85+,,0.0,0.0,,
8,30,2,16-24,0.0631274230961532,0.0438405954759797,0.1551827804766616,0.09205535738050839,-0.019286827620173495
8,30,3,25-34,0.1846357294971039,0.1405946155774975,0.091480049320058,-0.09315568017704591,-0.04404111391960641
8,30,4,35-44,0.0,0.1592914177046419,0.0413285214084218,0.0413285214084218,0.1592914177046419
8,30,5,45-54,0.0,0.1081737842167123,0.0576457393973228,0.0576457393973228,0.1081737842167123
8,30,6,55-64,0.1317588067032898,0.0,0.2848097760434578,0.153050969340168,-0.1317588067032898
8,30,7,65-74,0.0,0.0,0.2202320254581993,0.2202320254581993,0.0
8,30,8,75-84,,0.0,0.0,,
8,30,9,85+,0.0,0.0,0.0,0.0,0.0
8,35,2,16-24,0.0,0.8865238913216926,0.0942533711053091,0.0942533711053091,0.8865238913216926
8,35,3,25-34,0.0935520792115412,0.0678231666991897,0.1414756071843823,0.04792352797284109,-0.0257289125123515
8,35,4,35-44,0.2584889999183454,0.4536021520287163,0.1240979414646003,-0.1343910584537451,0.1951131521103709
8,35,5,45-54,0.0567786599165565,0.0,0.1917743988294281,0.1349957389128716,-0.0567786599165565
8,35,6,55-64,0.0158685173858488,0.0,0.0845845151034659,0.0687159977176171,-0.0158685173858488
8,35,7,65-74,0.1034912243746282,0.0,0.2157670941250137,0.11227586975038549,-0.1034912243746282
8,35,8,75-84,0.0,0.3975554033849254,0.2233867654142306,0.2233867654142306,0.3975554033849254
8,35,9,85+,,,0.0,,
8,44,2,16-24,0.3180286264036109,0.0,0.1305828543400247,-0.1874457720635862,-0.3180286264036109
8,44,3,25-34,0.1956000081297826,0.0,0.0888484247512662,-0.1067515833785164,-0.1956000081297826
8,44,4,35-44,0.1660013213699283,0.3559052879140685,0.2022253480371641,0.036224026667235815,0.1899039665441402
8,44,5,45-54,0.0,0.1235529209093327,0.1471202564134979,0.1471202564134979,0.1235529209093327
8,44,6,55-64,0.0,0.0,0.0890720919076833,0.0890720919076833,0.0
8,44,7,65-74,0.1554353452945549,0.0,0.3358580917288485,0.1804227464342936,-0.1554353452945549
8,44,8,75-84,0.0,0.0,0.0,0.0,0.0
8,44,9,85+,0.0,0.0,0.743282946444148,0.743282946444148,0.0
8,68,2,16-24,0.086313740683211,0.0,0.2197999503995453,0.1334862097163343,-0.086313740683211
8,68,3,25-34,0.0168506846872819,0.0,0.2332985069605193,0.2164478222732374,-0.0168506846872819
8,68,4,35-44,0.0991381952798333,0.2237394243969357,0.1938152060238613,0.094677010744028,0.1246012291171024
8,68,5,45-54,0.0,0.0,0.1553963112573327,0.1553963112573327,0.0
8,68,6,55-64,0.086611580520372,0.0,0.1752648732505167,0.0886532927301447,-0.086611580520372
8,68,7,65-74,0.2372264969383868,0.2222444049166545,0.1516590139606566,-0.0855674829777302,-0.014982092021732285
8,68,8,75-84,0.0738116081646549,0.0,0.2182651823551713,0.1444535741905164,-0.0738116081646549
8,68,9,85+,0.0,,,,
8,78,2,16-24,0.1310263964982,0.0,0.2813741544792013,0.15034775798100128,-0.1310263964982
8,78,3,25-34,0.0624980560419395,0.0,0.1287033143514458,0.0662052583095063,-0.0624980560419395
8,78,4,35-44,0.1497565482258471,0.094024316747277,0.2872551924397973,0.1374986442139502,-0.05573223147857011
8,78,5,45-54,0.0,0.04683706894768,0.0969382537284824,0.0969382537284824,0.04683706894768
8,78,6,55-64,0.0389864174198701,0.0,0.2580055422135924,0.2190191247937223,-0.0389864174198701
8,78,7,65-74,0.0,0.0,0.1289866639075908,0.1289866639075908,0.0
8,78,8,75-84,0.1214575352869837,0.0,0.098408809141846,-0.023048726145137713,-0.1214575352869837
8,78,9,85+,0.0,,,,
8,91,2,16-24,0.0585154704209851,0.3240154248432392,0.2258650331436505,0.1673495627226654,0.2654999544222541
8,91,3,25-34,0.0818256750901514,0.0,0.2372948939551486,0.1554692188649972,-0.0818256750901514
8,91,4,35-44,0.151242980890659,0.0,0.1668801887194977,0.015637207828838706,-0.151242980890659
8,91,5,45-54,0.0473779367517651,0.0,0.330760879392858,0.28338294264109287,-0.0473779367517651
8,91,6,55-64,0.0414455980563096,0.0,0.1408338464303162,0.09938824837400662,-0.0414455980563096
8,91,7,65-74,0.192634129259731,0.3349325193838953,0.0811603473589367,-0.11147378190079431,0.1422983901241643
8,91,8,75-84,0.0,0.0,0.0,0.0,0.0
8,91,9,85+,0.0,0.0,0.0,0.0,0.0
8,107,2,16-24,0.067720843760348,0.1477422943129205,0.2780604443526274,0.2103396005922794,0.0800214505525725
8,107,3,25-34,0.0820918376561594,0.0239370145665547,0.0645638836940231,-0.0175279539621363,-0.05815482308960471
8,107,4,35-44,0.0583042673181279,0.0543325210966746,0.204362523285887,0.1460582559677591,-0.003971746221453298
8,107,5,45-54,0.0920503086312898,0.2639684982750361,0.1011874360920228,0.009137127460733002,0.1719181896437463
8,107,6,55-64,0.0,0.3201812160432007,0.134546889760112,0.134546889760112,0.3201812160432007
8,107,7,65-74,0.0603647987225893,0.0,0.1307979877199484,0.07043318899735912,-0.0603647987225893
8,107,8,75-84,0.1715809493863817,0.0,0.0,-0.1715809493863817,-0.1715809493863817
8,107,9,85+,0.0,,0.0,0.0,
8,109,2,16-24,0.1795728558406329,0.0,0.1353026777146287,-0.0442701781260042,-0.1795728558406329
8,109,3,25-34,0.0735074011220812,0.0,0.1081327569552019,0.034625355833120694,-0.0735074011220812
8,109,4,35-44,0.1112420350026497,0.0,0.1143318507595034,0.0030898157568537005,-0.1112420350026497
8,109,5,45-54,0.0,0.0,0.1413463635111115,0.1413463635111115,0.0
8,109,6,55-64,0.1112459226847002,0.0,0.0889913826284288,-0.022254540056271394,-0.1112459226847002
8,109,7,65-74,0.0,0.0,0.1629557311414399,0.1629557311414399,0.0
8,109,8,75-84,0.0,0.0,0.0,0.0,0.0
8,109,9,85+,1.0,,,,
8,112,2,16-24,0.0,0.0,0.2838032562069369,0.2838032562069369,0.0
8,112,3,25-34,0.0,0.0,0.0810154400116009,0.0810154400116009,0.0
8,112,4,35-44,0.1153753204336443,0.0,0.0697196633666542,-0.04565565706699011,-0.1153753204336443
8,112,5,45-54,0.186340148574456,0.0,0.1512011674714929,-0.035138981102963096,-0.186340148574456
8,112,6,55-64,0.0,0.0,0.0505428986191546,0.0505428986191546,0.0
8,112,7,65-74,0.0560505160939747,0.0,0.1387962470620164,0.0827457309680417,-0.0560505160939747
8,112,8,75-84,0.0,0.0,0.4473402414045513,0.4473402414045513,0.0
8,112,9,85+,0.0,,0.0,0.0,
8,114,2,16-24,0.208987411609344,0.4915355603905894,0.2853776598509603,0.0763902482416163,0.28254814878124535
8,114,3,25-34,0.2687198134476466,0.0,0.0955686464158081,-0.17315116703183853,-0.2687198134476466
8,114,4,35-44,0.1586532030191659,0.0,0.2456172285560668,0.08696402553690089,-0.1586532030191659
8,114,5,45-54,0.0,0.0,0.2421277566063444,0.2421277566063444,0.0
8,114,6,55-64,0.0,0.1203068827542424,0.0818002877643265,0.0818002877643265,0.1203068827542424
8,114,7,65-74,0.0,0.1080751245454708,0.0423543201783982,0.0423543201783982,0.1080751245454708
8,114,8,75-84,0.0,0.0,0.2683040003701794,0.2683040003701794,0.0
8,114,9,85+,0.0,,0.0,0.0,
8,117,2,16-24,0.7305360924257014,0.0,0.362776079277293,-0.3677600131484084,-0.7305360924257014
8,117,3,25-34,0.0586815816394471,0.3639147836815409,0.1595090460129845,0.10082746437353739,0.3052332020420938
8,117,4,35-44,0.0797795806952353,0.1584762205208172,0.2925657479030797,0.2127861672078444,0.0786966398255819
8,117,5,45-54,0.1050430527649997,0.0,0.125784636191675,0.020741583426675286,-0.1050430527649997
8,117,6,55-64,0.0,0.1067808442964117,0.2031800168575607,0.2031800168575607,0.1067808442964117
8,117,7,65-74,0.0,0.2090246047430378,0.0970986264055269,0.0970986264055269,0.2090246047430378
8,117,8,75-84,0.0,0.3174179723206415,0.112216904018368,0.112216904018368,0.3174179723206415
8,117,9,85+,0.0,,,,
8,122,2,16-24,0.0,0.0,0.4464627367556101,0.4464627367556101,0.0
8,122,3,25-34,0.0,0.0,0.1964597725852772,0.1964597725852772,0.0
8,122,4,35-44,0.1984895258300791,0.0,0.0426236580113948,-0.15586586781868428,-0.1984895258300791
8,122,5,45-54,0.0,0.0258721360236383,0.1644266399303033,0.1644266399303033,0.0258721360236383
8,122,6,55-64,0.0,0.0,0.0813477566131832,0.0813477566131832,0.0
8,122,7,65-74,0.186387109845584,0.0,0.0202595268570246,-0.1661275829885594,-0.186387109845584
8,122,8,75-84,0.0,0.0,0.0,0.0,0.0
8,122,9,85+,0.0,,0.3079358167744921,0.3079358167744921,
8,126,2,16-24,0.1715217411372563,0.537475401646733,0.1809459423784879,0.009424201241231611,0.36595366050947675
8,126,3,25-34,0.0601366947750076,0.0,0.175879028570157,0.1157423337951494,-0.0601366947750076
8,126,4,35-44,0.0,0.0,0.2921551036986043,0.2921551036986043,0.0
8,126,5,45-54,0.0613008386672615,0.0485321317460946,0.1092123695373343,0.047911530870072806,-0.012768706921166897
8,126,6,55-64,0.0259685319799201,0.0,0.0434840337634388,0.017515501783518697,-0.0259685319799201
8,126,7,65-74,0.0,0.1147768306825954,0.0484500520866737,0.0484500520866737,0.1147768306825954
8,126,8,75-84,0.0,0.1909334248423664,0.154532194426503,0.154532194426503,0.1909334248423664
8,126,9,85+,0.0,0.0,,,0.0
8,129,2,16-24,0.1357493635402469,0.4680699453255141,0.1906824785409398,0.05493311500069292,0.33232058178526724
8,129,3,25-34,0.3515683259791168,0.5290194321661882,0.3453182122851688,-0.006250113693948012,0.17745110618707138
8,129,4,35-44,0.1665717149069838,0.0,0.2014932121317719,0.0349214972247881,-0.1665717149069838
8,129,5,45-54,0.0999095132263879,0.2023062007482867,0.2560102433723686,0.1561007301459807,0.1023966875218988
8,129,6,55-64,0.141955862176997,0.0574840824803169,0.1937067174576156,0.051750855280618624,-0.08447177969668009
8,129,7,65-74,0.0,0.0,0.0565716412371194,0.0565716412371194,0.0
8,129,8,75-84,0.0,0.0,0.0771244347001916,0.0771244347001916,0.0
8,129,9,85+,,,0.0,,
8,135,2,16-24,0.0,0.0,0.300570371176504,0.300570371176504,0.0
8,135,3,25-34,0.0,0.1413154189608252,0.1124388950396588,0.1124388950396588,0.1413154189608252
8,135,4,35-44,0.0,0.0,0.0418305175228497,0.0418305175228497,0.0
8,135,5,45-54,0.0971473230484456,0.0,0.2374279863383178,0.1402806632898722,-0.0971473230484456
8,135,6,55-64,0.0,0.0,0.0356860095136833,0.0356860095136833,0.0
8,135,7,65-74,0.0,,0.0654537144565938,0.0654537144565938,
8,135,8,75-84,0.0,0.0,0.0,0.0,0.0
8,135,9,85+,0.0,,0.0,0.0,
8,136,2,16-24,0.3901280825004946,0.0,0.2008570055566066,-0.18927107694388798,-0.3901280825004946
8,136,3,25-34,0.1177619045032293,0.2828141780864083,0.0601320959494005,-0.05762980855382881,0.16505227358317898
8,136,4,35-44,0.0,0.057081525993312,0.082248243727984,0.082248243727984,0.057081525993312
8,136,5,45-54,0.0880418707126811,0.0,0.2427107926752989,0.1546689219626178,-0.0880418707126811
8,136,6,55-64,0.0972878933014258,0.0620220250457653,0.1984632277394378,0.10117533443801201,-0.0352658682556605
8,136,7,65-74,0.2603084268262046,0.0,0.0850136165325012,-0.1752948102937034,-0.2603084268262046
8,136,8,75-84,0.6522165538496163,0.0,0.0447143117105182,-0.6075022421390981,-0.6522165538496163
8,136,9,85+,0.0,0.0,0.0,0.0,0.0
8,139,2,16-24,0.1869763205862923,0.0,0.170436185632339,-0.01654013495395329,-0.1869763205862923
8,139,3,25-34,0.0,0.0,0.0515359380479792,0.0515359380479792,0.0
8,139,4,35-44,0.080978431636675,0.0,0.1385299305785939,0.0575514989419189,-0.080978431636675
8,139,5,45-54,0.0,0.6345648690836254,0.2763591752548993,0.2763591752548993,0.6345648690836254
8,139,6,55-64,0.0,0.0788767600729248,0.1835536676102581,0.1835536676102581,0.0788767600729248
8,139,7,65-74,0.0,0.4102951837344287,0.2275798044868882,0.2275798044868882,0.4102951837344287
8,139,8,75-84,0.0,0.0,0.0515247597334513,0.0515247597334513,0.0
8,139,9,85+,,,0.0,,
8,142,2,16-24,0.2658900690985151,0.187598454646817,0.0635864192219836,-0.2023036498765315,-0.0782916144516981
8,142,3,25-34,0.1540634776115066,0.0,0.0892914862893949,-0.0647719913221117,-0.1540634776115066
8,142,4,35-44,0.0,0.4165230940356462,0.1138373479218348,0.1138373479218348,0.4165230940356462
8,142,5,45-54,0.1706991395222611,0.0,0.1126230979479847,-0.0580760415742764,-0.1706991395222611
8,142,6,55-64,0.0,0.0,0.0269372833610247,0.0269372833610247,0.0
8,142,7,65-74,0.0659809226159168,0.0,0.2025128208396381,0.1365318982237213,-0.0659809226159168
8,142,8,75-84,0.1634527089228815,0.0,0.1009117399208217,-0.0625409690020598,-0.1634527089228815
8,142,9,85+,,0.0,,,
8,147,2,16-24,0.0,0.1090244298447693,0.2474607393849321,0.2474607393849321,0.1090244298447693
8,147,3,25-34,0.225139343574019,0.0821013788155407,0.0621153714107521,-0.1630239721632669,-0.1430379647584783
8,147,4,35-44,0.0879408468357357,0.1326460001417311,0.1109753795676195,0.0230345327318838,0.04470515330599541
8,147,5,45-54,0.0204217121233326,0.0,0.1073044719636759,0.0868827598403433,-0.0204217121233326
8,147,6,55-64,0.1152146408797644,0.2920348614138589,0.1555508304341644,0.040336189554400007,0.17682022053409452
8,147,7,65-74,0.1023049021274748,0.0,0.2216077299375616,0.11930282781008679,-0.1023049021274748
8,147,8,75-84,0.0,0.0,0.0,0.0,0.0
8,147,9,85+,,,0.0,,
8,160,2,16-24,0.0,0.0,0.1193824348316968,0.1193824348316968,0.0
8,160,3,25-34,0.0,0.0,0.1159043599729447,0.1159043599729447,0.0
8,160,4,35-44,0.0,0.2038376249210817,0.1503010135546566,0.1503010135546566,0.2038376249210817
8,160,5,45-54,0.2838459563025583,0.1903571325488738,0.1353862774376448,-0.1484596788649135,-0.09348882375368453
8,160,6,55-64,0.3884664180097635,0.1697265965725869,0.1463207118070008,-0.2421457062027627,-0.2187398214371766
8,160,7,65-74,0.0,0.0,0.2240578509272759,0.2240578509272759,0.0
8,160,8,75-84,0.2248362304101396,,0.2837850152765523,0.05894878486641272,
8,160,9,85+,,0.0,0.0,,
8,171,2,16-24,0.1662262491384715,0.0,0.1173072156930053,-0.048919033445466206,-0.1662262491384715
8,171,3,25-34,0.1812964132786578,0.2997540177962336,0.0841459481090491,-0.09715046516960871,0.11845760451757581
8,171,4,35-44,0.1035664458171293,0.0,0.1804026507954252,0.0768362049782959,-0.1035664458171293
8,171,5,45-54,0.0250352610073407,0.1708273880369651,0.1770370252675507,0.15200176426021,0.1457921270296244
8,171,6,55-64,0.0,0.0,0.2621774103284642,0.2621774103284642,0.0
8,171,7,65-74,0.0,0.0,0.3241138532718253,0.3241138532718253,0.0
8,171,8,75-84,1.0,,0.0979590851535888,-0.9020409148464112,
8,171,9,85+,0.0,,,,
8,196,2,16-24,0.1509702317657916,0.0,0.3225475938570602,0.17157736209126861,-0.1509702317657916
8,196,3,25-34,0.0195910160305165,0.4016415625943182,0.0960188982144214,0.07642788218390491,0.3820505465638017
8,196,4,35-44,0.0680851182044494,0.0599360964931569,0.192065829292505,0.12398071108805561,-0.008149021711292503
8,196,5,45-54,0.0723171442585145,0.0278721897316091,0.0672661009577418,-0.0050510433007727035,-0.0444449545269054
8,196,6,55-64,0.0,0.0,0.2247136209240946,0.2247136209240946,0.0
8,196,7,65-74,0.0,0.2096945684126006,0.1639571235380299,0.1639571235380299,0.2096945684126006
8,196,8,75-84,0.0,0.0,0.0,0.0,0.0
8,196,9,85+,0.0,,0.0,0.0,
8,201,2,16-24,,,0.0795047643908059,,
8,201,3,25-34,0.0,0.0,0.2061078928103924,0.2061078928103924,0.0
8,201,4,35-44,0.0,0.0,0.106214542877588,0.106214542877588,0.0
8,201,5,45-54,0.0,0.2011140895124341,0.299148637932948,0.299148637932948,0.2011140895124341
8,201,6,55-64,0.1757863901497328,0.2589809007123829,0.2097785598533441,0.0339921697036113,0.08319451056265009
8,201,7,65-74,0.1371342846239045,0.382525491801895,0.1951835612779348,0.058049276654030285,0.24539120717799048
8,201,8,75-84,0.100821869100844,0.0,0.1123366835717327,0.011514814470888701,-0.100821869100844
8,201,9,85+,1.0,,0.722212066351578,-0.277787933648422,
8,241,2,16-24,0.0657102705329576,0.2346384900888896,0.0481821580269787,-0.017528112505978896,0.168928219555932
8,241,3,25-34,0.1118613719522131,0.0,0.0590110787117372,-0.0528502932404759,-0.1118613719522131
8,241,4,35-44,0.0,0.0,0.1310346121158488,0.1310346121158488,0.0
8,241,5,45-54,0.3701040240265162,0.0,0.2402574504970635,-0.1298465735294527,-0.3701040240265162
8,241,6,55-64,0.2070606541913617,0.0,0.2690662250780195,0.06200557088665784,-0.2070606541913617
8,241,7,65-74,0.0,0.0,0.1842242858564426,0.1842242858564426,0.0
8,241,8,75-84,0.0,,0.1275344078363761,0.1275344078363761,
8,241,9,85+,0.0,,,,
8,255,2,16-24,0.0,0.0,0.1511653378314726,0.1511653378314726,0.0
8,255,3,25-34,0.0858144725325214,0.1013761790906197,0.1894816114783838,0.1036671389458624,0.015561706558098298
8,255,4,35-44,0.0,0.0514945344720538,0.0466146668075754,0.0466146668075754,0.0514945344720538
8,255,5,45-54,0.3646930836546883,0.0,0.1636151975069684,-0.20107788614771988,-0.3646930836546883
8,255,6,55-64,0.0,0.0,0.1239070116442937,0.1239070116442937,0.0
8,255,7,65-74,0.0,0.1731548789700757,0.1846539605278998,0.1846539605278998,0.1731548789700757
8,255,8,75-84,0.0,0.0,0.297501917659948,0.297501917659948,0.0
8,255,9,85+,0.0,,,,
8,272,2,16-24,0.0629836065831482,,0.0895418281799182,0.02655822159677,
8,272,3,25-34,0.0,0.0,0.1515660528293771,0.1515660528293771,0.0
8,272,4,35-44,0.1738413844146075,0.0,0.1805731092518625,0.00673172483725501,-0.1738413844146075
8,272,5,45-54,0.0,0.0,0.2639938852628436,0.2639938852628436,0.0
8,272,6,55-64,0.0,0.0,0.1564186917060702,0.1564186917060702,0.0
8,272,7,65-74,0.0,0.0,0.1420629214126648,0.1420629214126648,0.0
8,272,8,75-84,0.0,0.0,0.0,0.0,0.0
8,272,9,85+,0.0,,0.0,0.0,
8,279,2,16-24,0.1574226722318306,0.0,0.1193683050610083,-0.03805436717082229,-0.1574226722318306
8,279,3,25-34,0.1962618859700898,0.0,0.0431714820328687,-0.15309040393722112,-0.1962618859700898
8,279,4,35-44,0.0,0.0,0.0994889697743634,0.0994889697743634,0.0
8,279,5,45-54,0.2043265290805751,0.429732562618993,0.2152841179927522,0.010957588912177102,0.2254060335384179
8,279,6,55-64,0.0,0.0,0.1156026475539206,0.1156026475539206,0.0
8,279,7,65-74,0.043046684468479,0.0,0.1472183780703288,0.1041716936018498,-0.043046684468479
8,279,8,75-84,0.2957041202166693,1.0,0.1449977091289065,-0.1507064110877628,0.7042958797833307
8,279,9,85+,0.0,,0.0,0.0,
8,280,2,16-24,0.0,0.0,0.2442761958527524,0.2442761958527524,0.0
8,280,3,25-34,0.0,0.2864711913571112,0.1744438936258075,0.1744438936258075,0.2864711913571112
8,280,4,35-44,0.0702362452310388,0.5175277947674876,0.0947095215545694,0.024473276323530593,0.4472915495364488
8,280,5,45-54,0.1938948847173693,0.0,0.1751741407787596,-0.018720743938609702,-0.1938948847173693
8,280,6,55-64,0.0,0.474192529011736,0.1102599833419493,0.1102599833419493,0.474192529011736
8,280,7,65-74,0.0,0.0,0.1510899178020672,0.1510899178020672,0.0
8,280,8,75-84,0.0,0.0,0.0,0.0,0.0
8,293,2,16-24,0.0,0.0596964124026508,0.0453239788271939,0.0453239788271939,0.0596964124026508
8,293,3,25-34,0.0,0.0,0.0685104718447968,0.0685104718447968,0.0
8,293,4,35-44,0.0,0.0,0.1160337612210094,0.1160337612210094,0.0
8,293,5,45-54,0.0,0.0,0.0581742066322972,0.0581742066322972,0.0
8,293,6,55-64,0.0,0.0,0.0,0.0,0.0
8,293,7,65-74,0.0764904496946451,0.0,0.2602510611173586,0.1837606114227135,-0.0764904496946451
8,293,8,75-84,0.0,,0.1266412885648555,0.1266412885648555,
8,293,9,85+,0.0,,0.6686407136805521,0.6686407136805521,
