year,LA_2023,disability_group,activity,participation_MONTHS_12
9,107,disty1,WALKTRAV_B02,0.5381436594408657
9,107,disty10,WALKTRAV_B02,0.41755472429010565
9,107,disty11,WALKTRAV_B02,0.39561981350799363
9,107,disty12,WALKTRAV_B02,0.5377581893106279
9,107,disty13,WALKTRAV_B02,0.59467823909609
9,107,disty2,WALKTRAV_B02,0.5377581893106279
9,107,disty3,ACTTRAV_C03,0.44594581430765645
9,107,disty4,WALKTRAV_B02,0.48180019624167536
9,107,disty5,ACTTRAV_C03,0.6174851321411221
9,107,disty6,WALKTRAV_B02,0.3533598268466766
9,107,disty7,WALKTRAV_B02,0.48579125006399626
9,107,disty8,WALKTRAV_B02,0.45068105773775813
9,107,disty9,WALKTRAV_B02,0.3533598268466766
9,107,limiting_disability,ACTTRAV_C03,0.5340282067162719
9,107,no_disability,ACTTRAV_C03,0.7731562450083427
9,107,non_limiting_disability,ACTTRAV_C03,0.7660877275365939
9,109,disty1,ACTTRAV_C03,0.517831378258616
9,109,disty10,ACTTRAV_C03,0.5775426576912368
9,109,disty11,ACTTRAV_C03,0.6070589759364795
9,109,disty12,ACTTRAV_C03,0.6070589759364795
9,109,disty13,ACTTRAV_C03,0.7136803861104941
9,109,disty2,ACTTRAV_C03,0.5413549259231518
9,109,disty3,ACTTRAV_C03,0.4770649528115737
9,109,disty4,ACTTRAV_C03,0.6174851321411221
9,109,disty5,ACTTRAV_C03,0.6871831425332835
9,109,disty6,ACTTRAV_C03,0.6070589759364795
9,109,disty7,WALKTRAV_B02,0.45068105773775813
9,109,disty8,WALKTRAV_B02,0.5089291532285135
9,109,disty9,ACTTRAV_C03,0.6070589759364795
9,109,limiting_disability,ACTTRAV_C03,0.6076327846601269
9,109,no_disability,ACTTRAV_C03,0.8344500380428399
9,109,non_limiting_disability,ACTTRAV_C03,0.8375121036882013
9,112,disty1,ACTTRAV_C03,0.5334543979926245
9,112,disty10,ACTTRAV_C03,0.5535294896171756
9,112,disty11,GARD_B08,0.5777280132763913
9,112,disty12,ACTTRAV_C03,0.5996687655577488
9,112,disty13,WALKTRAV_B02,0.6220551940331845
9,112,disty2,ACTTRAV_C03,0.6174851321411221
9,112,disty3,ACTTRAV_C03,0.44594581430765645
9,112,disty4,WALKTRAV_B02,0.6839168859565784
9,112,disty5,ACTTRAV_C03,0.6070589759364795
9,112,disty6,ACTTRAV_C03,0.5981950213787374
9,112,disty7,ACTTRAV_C03,0.4810560066338946
9,112,disty8,GARD_B08,0.3593127810375659
9,112,disty9,ACTTRAV_C03,0.5438805541972671
9,112,limiting_disability,ACTTRAV_C03,0.6076327846601269
9,112,no_disability,ACTTRAV_C03,0.8490898373388748
9,112,non_limiting_disability,WALKTRAV_B02,0.8142714454725851
9,114,disty1,WALKTRAV_B02,0.5752511978571295
9,114,disty10,WALKTRAV_B02,0.6818650211092984
9,114,disty11,WALKTRAV_B02,0.39561981350799363
9,114,disty12,ACTTRAV_C03,0.6174851321411221
9,114,disty13,ACTTRAV_C03,0.7803700101100683
9,114,disty2,ACTTRAV_C03,0.5913259127307219
9,114,disty3,ACTTRAV_C03,0.5041939097984115
9,114,disty4,GARD_B08,0.548203172530919
9,114,disty5,ACTTRAV_C03,0.6174851321411221
9,114,disty6,ACTTRAV_C03,0.6070589759364795
9,114,disty7,ACTTRAV_C03,0.5808997565260793
9,114,disty8,ACTTRAV_C03,0.5879602913956498
9,114,disty9,WALKTRAV_B02,0.5089291532285135
9,114,limiting_disability,ACTTRAV_C03,0.6180589408647695
9,114,no_disability,ACTTRAV_C03,0.8295065521722854
9,114,non_limiting_disability,ACTTRAV_C03,0.8228723043921664
9,117,disty1,WALKTRAV_B02,0.5377581893106279
9,117,disty10,WALKTRAV_B02,0.39561981350799363
9,117,disty11,WALKTRAV_B02,0.4611072139424006
9,117,disty12,WALKTRAV_B02,0.6312099055927324
9,117,disty13,ACTTRAV_C03,0.5981950213787374
9,117,disty2,WALKTRAV_B02,0.5381436594408657
9,117,disty3,ACTTRAV_C03,0.5438805541972671
9,117,disty4,WALKTRAV_B02,0.5381436594408657
9,117,disty5,WALKTRAV_B02,0.41755472429010565
9,117,disty6,WALKTRAV_B02,0.5089291532285135
9,117,disty7,WALKTRAV_B02,0.5089291532285135
9,117,disty8,WALKTRAV_B02,0.5193553094331559
9,117,disty9,WALKTRAV_B02,0.538085541749194
9,117,limiting_disability,WALKTRAV_B02,0.5279058418296327
9,117,no_disability,ACTTRAV_C03,0.6786257732388363
9,117,non_limiting_disability,WALKTRAV_B02,0.671890140209201
9,122,disty1,GARD_B08,0.548203172530919
9,122,disty10,ACTTRAV_C03,0.5775426576912368
9,122,disty11,GARD_B08,0.6410243333306272
9,122,disty12,GARD_B08,0.4477236688271214
9,122,disty13,GARD_B08,0.6686132313816765
9,122,disty2,GARD_B08,0.48488468495186177
9,122,disty3,GARD_B08,0.5673018570717487
9,122,disty4,GARD_B08,0.5673018570717487
9,122,disty5,GARD_B08,0.5673018570717487
9,122,disty6,ACTTRAV_C03,0.4770649528115737
9,122,disty7,GARD_B08,0.5673018570717487
9,122,disty8,GARD_B08,0.48488468495186177
9,122,disty9,GARD_B08,0.5432300059076488
9,122,limiting_disability,GARD_B08,0.5678756657953962
9,122,no_disability,ACTTRAV_C03,0.6854948818868518
9,122,non_limiting_disability,WALKTRAV_B02,0.6088902537753969
9,126,disty1,ACTTRAV_C03,0.44594581430765645
9,126,disty10,WALKTRAV_B02,0.41755472429010565
9,126,disty11,GARD_B08,0.3593127810375659
9,126,disty12,WALKTRAV_B02,0.5089291532285135
9,126,disty13,ACTTRAV_C03,0.6174851321411221
9,126,disty2,ACTTRAV_C03,0.4770649528115737
9,126,disty3,GARD_B08,0.48488468495186177
9,126,disty4,ACTTRAV_C03,0.412819480860004
9,126,disty5,ACTTRAV_C03,0.5879602913956498
9,126,disty6,GARD_B08,0.4953108411565045
9,126,disty7,ACTTRAV_C03,0.44594581430765645
9,126,disty8,GARD_B08,0.29864607369021073
9,126,disty9,GARD_B08,0.48488468495186177
9,126,limiting_disability,WALKTRAV_B02,0.4823740049653227
9,126,no_disability,ACTTRAV_C03,0.6689990040326621
9,126,non_limiting_disability,WALKTRAV_B02,0.6733029892596243
9,129,disty1,ACTTRAV_C03,0.44594581430765645
9,129,disty10,TENNIS_G01,0.17466130845321567
9,129,disty11,WALKTRAV_B02,0.24405054330283985
9,129,disty12,ACTTRAV_C03,0.5657505430097602
9,129,disty13,WALKTRAV_B02,0.5856773540617721
9,129,disty2,WALKTRAV_B02,0.45068105773775813
9,129,disty3,ACTTRAV_C03,0.44594581430765645
9,129,disty4,WALKTRAV_B02,0.38851432074213066
9,129,disty5,WALKTRAV_B02,0.5089291532285135
9,129,disty6,GARD_B08,0.3924391144852184
9,129,disty7,WALKTRAV_B02,0.48180019624167536
9,129,disty8,WALKTRAV_B02,0.5276593855445513
9,129,disty9,WALKTRAV_B02,0.41755472429010565
9,129,limiting_disability,ACTTRAV_C03,0.5419287346467992
9,129,no_disability,ACTTRAV_C03,0.6786257732388363
9,129,non_limiting_disability,ACTTRAV_C03,0.6663986117004798
9,135,disty1,ACTTRAV_C03,0.5808997565260793
9,135,disty10,ACTTRAV_C03,0.5948379225438949
9,135,disty11,WALKTRAV_B02,0.6220551940331845
9,135,disty12,ACTTRAV_C03,0.6439349119086352
9,135,disty13,ACTTRAV_C03,0.680781452195358
9,135,disty2,ACTTRAV_C03,0.6174851321411221
9,135,disty3,GARD_B08,0.42355825298913563
9,135,disty4,ACTTRAV_C03,0.5983864476002924
9,135,disty5,ACTTRAV_C03,0.7206368506606787
9,135,disty6,GARD_B08,0.3697389372422084
9,135,disty7,ACTTRAV_C03,0.6070589759364795
9,135,disty8,ACTTRAV_C03,0.5146200660030538
9,135,disty9,GARD_B08,0.4477236688271214
9,135,limiting_disability,ACTTRAV_C03,0.6180589408647695
9,135,no_disability,ACTTRAV_C03,0.8083715113325316
9,135,non_limiting_disability,ACTTRAV_C03,0.8375121036882013
9,136,disty1,ACTTRAV_C03,0.5041939097984115
9,136,disty10,ACTTRAV_C03,0.3367930513141857
9,136,disty11,GARD_B08,0.29864607369021073
9,136,disty12,ACTTRAV_C03,0.3136969317332894
9,136,disty13,WALKTRAV_B02,0.5089291532285135
9,136,disty2,WALKTRAV_B02,0.45068105773775813
9,136,disty3,ACTTRAV_C03,0.4770649528115737
9,136,disty4,GARD_B08,0.3924391144852184
9,136,disty5,ACTTRAV_C03,0.5041939097984115
9,136,disty6,WALKTRAV_B02,0.39561981350799363
9,136,disty7,ACTTRAV_C03,0.412819480860004
9,136,disty8,ACTTRAV_C03,0.3709242857293449
9,136,disty9,WALKTRAV_B02,0.39561981350799363
9,136,limiting_disability,ACTTRAV_C03,0.5340282067162719
9,136,no_disability,ACTTRAV_C03,0.7835192155231004
9,136,non_limiting_disability,WALKTRAV_B02,0.7691703907129832
9,139,disty1,ACTTRAV_C03,0.5334543979926245
9,139,disty10,WALKTRAV_B02,0.2831917944157403
9,139,disty11,ACTTRAV_C03,0.6243542407891376
9,139,disty12,ACTTRAV_C03,0.6243542407891376
9,139,disty13,ACTTRAV_C03,0.7136803861104941
9,139,disty2,ACTTRAV_C03,0.5808997565260793
9,139,disty3,ACTTRAV_C03,0.5334543979926245
9,139,disty4,ACTTRAV_C03,0.6052555562483078
9,139,disty5,ACTTRAV_C03,0.6174851321411221
9,139,disty6,GARD_B08,0.2255229709067221
9,139,disty7,GARD_B08,0.5586293287355616
9,139,disty8,GARD_B08,0.398965904409954
9,139,disty9,GARD_B08,0.5673018570717487
9,139,limiting_disability,ACTTRAV_C03,0.6076327846601269
9,139,no_disability,ACTTRAV_C03,0.7801127095585274
9,139,non_limiting_disability,WALKTRAV_B02,0.7588074201982256
9,142,disty1,ACTTRAV_C03,0.592750438985208
9,142,disty10,WALKTRAV_B02,0.6902460119139691
9,142,disty11,ACTTRAV_C03,0.6189096583956082
9,142,disty12,ACTTRAV_C03,0.6189096583956082
9,142,disty13,ACTTRAV_C03,0.7178193896653703
9,142,disty2,ACTTRAV_C03,0.6189096583956082
9,142,disty3,ACTTRAV_C03,0.6189096583956082
9,142,disty4,ACTTRAV_C03,0.6084835021909656
9,142,disty5,ACTTRAV_C03,0.6189096583956082
9,142,disty6,GARD_B08,0.30007059994469687
9,142,disty7,WALKTRAV_B02,0.5871018803162582
9,142,disty8,WALKTRAV_B02,0.4189792505445918
9,142,disty9,WALKTRAV_B02,0.24492404855044075
9,142,limiting_disability,ACTTRAV_C03,0.6194834671192556
9,142,no_disability,ACTTRAV_C03,0.8505143635933609
9,142,non_limiting_disability,ACTTRAV_C03,0.8217319153846568
9,147,disty1,ACTTRAV_C03,0.6174851321411221
9,147,disty10,ACTTRAV_C03,0.6353577203044682
9,147,disty11,ACTTRAV_C03,0.6243542407891376
9,147,disty12,ACTTRAV_C03,0.7136803861104941
9,147,disty13,WALKTRAV_B02,0.42798088049474814
9,147,disty2,ACTTRAV_C03,0.7136803861104941
9,147,disty3,ACTTRAV_C03,0.5879602913956498
9,147,disty4,WALKTRAV_B02,0.5377581893106279
9,147,disty5,ACTTRAV_C03,0.696134091628746
9,147,disty6,ACTTRAV_C03,0.6243542407891376
9,147,disty7,ACTTRAV_C03,0.5879602913956498
9,147,disty8,WALKTRAV_B02,0.5381436594408657
9,147,disty9,WALKTRAV_B02,0.5089291532285135
9,147,limiting_disability,ACTTRAV_C03,0.6412817586288776
9,147,no_disability,ACTTRAV_C03,0.7835192155231004
9,147,non_limiting_disability,ACTTRAV_C03,0.7231377321513236
9,160,disty1,ACTTRAV_C03,0.5334543979926245
9,160,disty10,WALKTRAV_B02,0.22170562782620903
9,160,disty11,WALKTRAV_B02,0.14965498335987334
9,160,disty12,ACTTRAV_C03,0.5334543979926245
9,160,disty13,WALKTRAV_B02,0.3979172174664783
9,160,disty2,WALKTRAV_B02,0.5381436594408657
9,160,disty3,GARD_B08,0.4477236688271214
9,160,disty4,GARD_B08,0.42355825298913563
9,160,disty5,WALKTRAV_B02,0.5273320331059853
9,160,disty6,GARD_B08,0.19659001802132164
9,160,disty7,WALKTRAV_B02,0.5089291532285135
9,160,disty8,WALKTRAV_B02,0.5381436594408657
9,160,disty9,GARD_B08,0.5479530632193252
9,160,limiting_disability,WALKTRAV_B02,0.5095029619521609
9,160,no_disability,ACTTRAV_C03,0.7801127095585274
9,160,non_limiting_disability,ACTTRAV_C03,0.7505955223091291
9,17,disty1,GARD_B08,0.5777280132763913
9,17,disty10,GOLFADV_U11,0.443231025893358
9,17,disty11,GOLFADV_U11,0.5474013688098428
9,17,disty12,ACTTRAV_C03,0.6070589759364795
9,17,disty13,ACTTRAV_C03,0.720081122245776
9,17,disty2,WALKTRAV_B02,0.45068105773775813
9,17,disty3,GARD_B08,0.5479530632193252
9,17,disty4,GARD_B08,0.5673018570717487
9,17,disty5,WALKTRAV_B02,0.5485698156455083
9,17,disty6,WALKTRAV_B02,0.07221167745850139
9,17,disty7,GARD_B08,0.48488468495186177
9,17,disty8,WALKTRAV_B02,0.3533598268466766
9,17,disty9,GARD_B08,0.5673018570717487
9,17,limiting_disability,WALKTRAV_B02,0.45125486646140545
9,17,no_disability,ACTTRAV_C03,0.6786257732388363
9,17,non_limiting_disability,WALKTRAV_B02,0.6664338806116088
9,171,disty1,WALKTRAV_B02,0.48180019624167536
9,171,disty10,WALKTRAV_B02,0.5082418710653851
9,171,disty11,WALKTRAV_B02,0.49621740626863875
9,171,disty12,ACTTRAV_C03,0.7905479036634726
9,171,disty13,WALKTRAV_B02,0.6220551940331845
9,171,disty2,WALKTRAV_B02,0.5485698156455083
9,171,disty3,WALKTRAV_B02,0.59467823909609
9,171,disty4,ACTTRAV_C03,0.6243542407891376
9,171,disty5,ACTTRAV_C03,0.6174851321411221
9,171,disty6,GARD_B08,0.5673018570717487
9,171,disty7,WALKTRAV_B02,0.59467823909609
9,171,disty8,WALKTRAV_B02,0.7113813393545411
9,171,disty9,WALKTRAV_B02,0.5381436594408657
9,171,limiting_disability,ACTTRAV_C03,0.6180589408647695
9,171,no_disability,ACTTRAV_C03,0.7731562450083427
9,171,non_limiting_disability,ACTTRAV_C03,0.6779621885923596
9,196,disty1,WALKTRAV_B02,0.5089291532285135
9,196,disty10,GARD_B08,0.648920077213793
9,196,disty11,WALKTRAV_B02,0.2323066563797491
9,196,disty12,ACTTRAV_C03,0.6070589759364795
9,196,disty13,GARD_B08,0.5500991145556643
9,196,disty2,ACTTRAV_C03,0.6174851321411221
9,196,disty3,ACTTRAV_C03,0.4810560066338946
9,196,disty4,ACTTRAV_C03,0.5657505430097602
9,196,disty5,ACTTRAV_C03,0.5657505430097602
9,196,disty6,ACTTRAV_C03,0.6648740385497109
9,196,disty7,WALKTRAV_B02,0.48579125006399626
9,196,disty8,WALKTRAV_B02,0.48180019624167536
9,196,disty9,GARD_B08,0.4339844091937781
9,196,limiting_disability,ACTTRAV_C03,0.5663243517334077
9,196,no_disability,ACTTRAV_C03,0.6854948818868518
9,196,non_limiting_disability,ACTTRAV_C03,0.6725059289947674
9,201,disty1,ACTTRAV_C03,0.6243542407891376
9,201,disty10,GARD_B08,0.7121946616637175
9,201,disty11,WALKTRAV_B02,0.6220551940331845
9,201,disty12,WALKTRAV_B02,0.6873233919211514
9,201,disty13,CYCLEISURE_N01,0.6756804161691209
9,201,disty2,ACTTRAV_C03,0.5830458078624183
9,201,disty3,WALKTRAV_B02,0.580534574514332
9,201,disty4,GARD_B08,0.5479530632193252
9,201,disty5,ACTTRAV_C03,0.7151376363752215
9,201,disty6,WALKTRAV_B02,0.6952634981356717
9,201,disty7,WALKTRAV_B02,0.5485698156455083
9,201,disty8,ACTTRAV_C03,0.720081122245776
9,201,disty9,WALKTRAV_B02,0.3533598268466766
9,201,limiting_disability,ACTTRAV_C03,0.624928049512785
9,201,no_disability,ACTTRAV_C03,0.7988519739137085
9,201,non_limiting_disability,ACTTRAV_C03,0.6896214294645878
9,241,disty1,ACTTRAV_C03,0.5808997565260793
9,241,disty10,ACTTRAV_C03,0.606759514219835
9,241,disty11,ACTTRAV_C03,0.7641841782490794
9,241,disty12,ACTTRAV_C03,0.7206368506606787
9,241,disty13,ACTTRAV_C03,0.778174685920689
9,241,disty2,ACTTRAV_C03,0.6070589759364795
9,241,disty3,WALKTRAV_B02,0.5221892535585452
9,241,disty4,WALKTRAV_B02,0.7024303902590786
9,241,disty5,ACTTRAV_C03,0.7897283794481018
9,241,disty6,ACTTRAV_C03,0.7226329025031122
9,241,disty7,ACTTRAV_C03,0.6653886990782962
9,241,disty8,ACTTRAV_C03,0.7595607383473929
9,241,disty9,ACTTRAV_C03,0.7853192190888332
9,241,limiting_disability,ACTTRAV_C03,0.6180589408647695
9,241,no_disability,ACTTRAV_C03,0.8441463514683203
9,241,non_limiting_disability,ACTTRAV_C03,0.831184551451895
9,255,disty1,ACTTRAV_C03,0.6174851321411221
9,255,disty10,WALKTRAV_B02,0.41755472429010565
9,255,disty11,WALKTRAV_B02,0.48180019624167536
9,255,disty12,ACTTRAV_C03,0.7902627049593877
9,255,disty13,ACTTRAV_C03,0.720081122245776
9,255,disty2,WALKTRAV_B02,0.5856773540617721
9,255,disty3,GARD_B08,0.48488468495186177
9,255,disty4,WALKTRAV_B02,0.39561981350799363
9,255,disty5,ACTTRAV_C03,0.6475770585532457
9,255,disty6,WALKTRAV_B02,0.5089291532285135
9,255,disty7,ACTTRAV_C03,0.4770649528115737
9,255,disty8,ACTTRAV_C03,0.5657505430097602
9,255,disty9,ACTTRAV_C03,0.5983864476002924
9,255,limiting_disability,WALKTRAV_B02,0.5387174681645132
9,255,no_disability,ACTTRAV_C03,0.6854948818868518
9,255,non_limiting_disability,WALKTRAV_B02,0.6664338806116088
9,272,disty1,ACTTRAV_C03,0.6070589759364795
9,272,disty10,ACTTRAV_C03,0.5775426576912368
9,272,disty11,ACTTRAV_C03,0.6738249876451734
9,272,disty12,ACTTRAV_C03,0.6183988459216576
9,272,disty13,WALKTRAV_B02,0.39561981350799363
9,272,disty2,ACTTRAV_C03,0.6070589759364795
9,272,disty3,WALKTRAV_B02,0.525995488230827
9,272,disty4,ACTTRAV_C03,0.6738249876451734
9,272,disty5,ACTTRAV_C03,0.6070589759364795
9,272,disty6,ACTTRAV_C03,0.6738249876451734
9,272,disty7,ACTTRAV_C03,0.5334543979926245
9,272,disty8,ACTTRAV_C03,0.5808997565260793
9,272,disty9,WALKTRAV_B02,0.5381436594408657
9,272,limiting_disability,ACTTRAV_C03,0.6076327846601269
9,272,no_disability,ACTTRAV_C03,0.8441463514683203
9,272,non_limiting_disability,ACTTRAV_C03,0.8228723043921664
9,279,disty1,ACTTRAV_C03,0.6174851321411221
9,279,disty10,WALKTRAV_B02,0.6599479157530881
9,279,disty11,ACTTRAV_C03,0.7575422856703189
9,279,disty12,ACTTRAV_C03,0.680781452195358
9,279,disty13,ACTTRAV_C03,0.6928487550703358
9,279,disty2,ACTTRAV_C03,0.5761766992144028
9,279,disty3,ACTTRAV_C03,0.6174851321411221
9,279,disty4,ACTTRAV_C03,0.7136803861104941
9,279,disty5,ACTTRAV_C03,0.6070589759364795
9,279,disty6,ACTTRAV_C03,0.7853192190888332
9,279,disty7,WALKTRAV_B02,0.7183378039047257
9,279,disty8,WALKTRAV_B02,0.5089291532285135
9,279,disty9,WALKTRAV_B02,0.45720784766249367
9,279,limiting_disability,ACTTRAV_C03,0.6076327846601269
9,279,no_disability,ACTTRAV_C03,0.7556099505265947
9,279,non_limiting_disability,ACTTRAV_C03,0.8375121036882013
9,280,disty1,ACTTRAV_C03,0.6841407555052417
9,280,disty10,ACTTRAV_C03,0.6443086693999307
9,280,disty11,WALKTRAV_B02,0.2323066563797491
9,280,disty12,ACTTRAV_C03,0.7400248415342214
9,280,disty13,ACTTRAV_C03,0.6337240522077415
9,280,disty2,ACTTRAV_C03,0.7759081043674377
9,280,disty3,ACTTRAV_C03,0.5146200660030538
9,280,disty4,GARD_B08,0.548203172530919
9,280,disty5,ACTTRAV_C03,0.7756229056633528
9,280,disty6,ACTTRAV_C03,0.7039056349213532
9,280,disty7,ACTTRAV_C03,0.7641841782490794
9,280,disty8,ACTTRAV_C03,0.6549625428736536
9,280,disty9,WALKTRAV_B02,0.7217443098692987
9,280,limiting_disability,ACTTRAV_C03,0.7246171653488992
9,280,no_disability,ACTTRAV_C03,0.8490898373388748
9,280,non_limiting_disability,ACTTRAV_C03,0.8101171391195174
9,293,disty1,ACTTRAV_C03,0.5657505430097602
9,293,disty10,ACTTRAV_C03,0.5775426576912368
9,293,disty11,ACTTRAV_C03,0.720081122245776
9,293,disty12,ACTTRAV_C03,0.6070589759364795
9,293,disty13,ACTTRAV_C03,0.7240433566252518
9,293,disty2,ACTTRAV_C03,0.5808997565260793
9,293,disty3,ACTTRAV_C03,0.5334543979926245
9,293,disty4,WALKTRAV_B02,0.5089291532285135
9,293,disty5,ACTTRAV_C03,0.6070589759364795
9,293,disty6,WALKTRAV_B02,0.3533598268466766
9,293,disty7,ACTTRAV_C03,0.5808997565260793
9,293,disty8,ACTTRAV_C03,0.5334543979926245
9,293,disty9,ACTTRAV_C03,0.6070589759364795
9,293,limiting_disability,ACTTRAV_C03,0.6076327846601269
9,293,no_disability,ACTTRAV_C03,0.8230113106285665
9,293,non_limiting_disability,ACTTRAV_C03,0.7660877275365939
9,30,disty1,WALKTRAV_B02,0.41755472429010565
9,30,disty10,WALKTRAV_B02,0.43811768562189346
9,30,disty11,WALKTRAV_B02,0.5377581893106279
9,30,disty12,ACTTRAV_C03,0.7897283794481018
9,30,disty13,ACTTRAV_C03,0.6183988459216576
9,30,disty2,WALKTRAV_B02,0.45720784766249367
9,30,disty3,ACTTRAV_C03,0.4770649528115737
9,30,disty4,WALKTRAV_B02,0.5485698156455083
9,30,disty5,ACTTRAV_C03,0.6243542407891376
9,30,disty6,WALKTRAV_B02,0.3915554289861121
9,30,disty7,ACTTRAV_C03,0.6174851321411221
9,30,disty8,WALKTRAV_B02,0.4611072139424006
9,30,disty9,WALKTRAV_B02,0.5193553094331559
9,30,limiting_disability,ACTTRAV_C03,0.6180589408647695
9,30,no_disability,ACTTRAV_C03,0.7070529174510944
9,30,non_limiting_disability,ACTTRAV_C03,0.7665029359547761
9,35,disty1,GARD_B08,0.48488468495186177
9,35,disty10,WALKTRAV_B02,0.4315908956971579
9,35,disty11,ACTTRAV_C03,0.7038897163503829
9,35,disty12,ACTTRAV_C03,0.7206368506606787
9,35,disty13,GARD_B08,0.7470027332922092
9,35,disty2,GARD_B08,0.42355825298913563
9,35,disty3,GARD_B08,0.48488468495186177
9,35,disty4,GARD_B08,0.3924391144852184
9,35,disty5,ACTTRAV_C03,0.6174851321411221
9,35,disty6,GARD_B08,0.6444308392952003
9,35,disty7,ACTTRAV_C03,0.5657505430097602
9,35,disty8,GARD_B08,0.5328038497030062
9,35,disty9,GARD_B08,0.46645390114315943
9,35,limiting_disability,WALKTRAV_B02,0.5387174681645132
9,35,no_disability,ACTTRAV_C03,0.7436166144030905
9,35,non_limiting_disability,WALKTRAV_B02,0.6537275365863915
9,44,disty1,ACTTRAV_C03,0.6174851321411221
9,44,disty10,GARD_B08,0.5032875314577635
9,44,disty11,GARD_B08,0.5328038497030062
9,44,disty12,ACTTRAV_C03,0.6070589759364795
9,44,disty13,ACTTRAV_C03,0.7319980844712964
9,44,disty2,ACTTRAV_C03,0.6174851321411221
9,44,disty3,ACTTRAV_C03,0.6070589759364795
9,44,disty4,ACTTRAV_C03,0.6070589759364795
9,44,disty5,ACTTRAV_C03,0.6162136874960273
9,44,disty6,GARD_B08,0.2587723512743343
9,44,disty7,WALKTRAV_B02,0.5089291532285135
9,44,disty8,WALKTRAV_B02,0.5752511978571295
9,44,disty9,WALKTRAV_B02,0.48579125006399626
9,44,limiting_disability,ACTTRAV_C03,0.6180589408647695
9,44,no_disability,ACTTRAV_C03,0.8083715113325316
9,44,non_limiting_disability,ACTTRAV_C03,0.7660877275365939
9,68,disty1,ACTTRAV_C03,0.6070589759364795
9,68,disty10,ACTTRAV_C03,0.3709242857293449
9,68,disty11,ACTTRAV_C03,0.6549625428736536
9,68,disty12,ACTTRAV_C03,0.6183988459216576
9,68,disty13,ACTTRAV_C03,0.6174851321411221
9,68,disty2,ACTTRAV_C03,0.5879602913956498
9,68,disty3,ACTTRAV_C03,0.5041939097984115
9,68,disty4,WALKTRAV_B02,0.255242178687469
9,68,disty5,WALKTRAV_B02,0.5752511978571295
9,68,disty6,WALKTRAV_B02,0.45068105773775813
9,68,disty7,WALKTRAV_B02,0.5089291532285135
9,68,disty8,WALKTRAV_B02,0.5089291532285135
9,68,disty9,GARD_B08,0.4477236688271214
9,68,limiting_disability,ACTTRAV_C03,0.6076327846601269
9,68,no_disability,ACTTRAV_C03,0.6786257732388363
9,68,non_limiting_disability,WALKTRAV_B02,0.7292677895929731
9,78,disty1,WALKTRAV_B02,0.5752511978571295
9,78,disty10,WALKTRAV_B02,0.5925388757879418
9,78,disty11,ACTTRAV_C03,0.7687537970153373
9,78,disty12,ACTTRAV_C03,0.5438805541972671
9,78,disty13,ACTTRAV_C03,0.7902627049593877
9,78,disty2,ACTTRAV_C03,0.6243542407891376
9,78,disty3,ACTTRAV_C03,0.4770649528115737
9,78,disty4,ACTTRAV_C03,0.6243542407891376
9,78,disty5,ACTTRAV_C03,0.6174851321411221
9,78,disty6,ACTTRAV_C03,0.7136803861104941
9,78,disty7,WALKTRAV_B02,0.5381436594408657
9,78,disty8,WALKTRAV_B02,0.41755472429010565
9,78,disty9,GARD_B08,0.5845971219244068
9,78,limiting_disability,ACTTRAV_C03,0.6180589408647695
9,78,no_disability,ACTTRAV_C03,0.736747505755075
9,78,non_limiting_disability,ACTTRAV_C03,0.7626812215720209
9,8,disty1,WALKTRAV_B02,0.45720784766249367
9,8,disty10,WALKTRAV_B02,0.46670108802339605
9,8,disty11,WALKTRAV_B02,0.4611072139424006
9,8,disty12,WALKTRAV_B02,0.48180019624167536
9,8,disty13,WALKTRAV_B02,0.5381436594408657
9,8,disty2,WALKTRAV_B02,0.45720784766249367
9,8,disty3,ACTTRAV_C03,0.44594581430765645
9,8,disty4,GARD_B08,0.5845971219244068
9,8,disty5,WALKTRAV_B02,0.48180019624167536
9,8,disty6,WALKTRAV_B02,0.5089291532285135
9,8,disty7,WALKTRAV_B02,0.48180019624167536
9,8,disty8,GARD_B08,0.3593127810375659
9,8,disty9,GARD_B08,0.48488468495186177
9,8,limiting_disability,WALKTRAV_B02,0.5095029619521609
9,8,no_disability,ACTTRAV_C03,0.6786257732388363
9,8,non_limiting_disability,ACTTRAV_C03,0.7231377321513236
9,9,disty1,ACTTRAV_C03,0.5657505430097602
9,9,disty10,GARD_B08,0.6115080150853845
9,9,disty11,WALKTRAV_B02,0.07221167745850139
9,9,disty12,ACTTRAV_C03,0.6162136874960273
9,9,disty13,ACTTRAV_C03,0.7101038698457478
9,9,disty2,ACTTRAV_C03,0.6070589759364795
9,9,disty3,ACTTRAV_C03,0.5438805541972671
9,9,disty4,WALKTRAV_B02,0.5273320331059853
9,9,disty5,ACTTRAV_C03,0.6183988459216576
9,9,disty6,ACTTRAV_C03,0.5657505430097602
9,9,disty7,ACTTRAV_C03,0.5808997565260793
9,9,disty8,ACTTRAV_C03,0.6648740385497109
9,9,disty9,WALKTRAV_B02,0.41755472429010565
9,9,limiting_disability,ACTTRAV_C03,0.6076327846601269
9,9,no_disability,ACTTRAV_C03,0.6854948818868518
9,9,non_limiting_disability,ACTTRAV_C03,0.7660877275365939
9,91,disty1,GARD_B08,0.48488468495186177
9,91,disty10,WALKTRAV_B02,0.5457348796118868
9,91,disty11,GARD_B08,0.4581498250317639
9,91,disty12,WALKTRAV_B02,0.4462195508716642
9,91,disty13,WALKTRAV_B02,0.3553260348925864
9,91,disty2,GARD_B08,0.5479530632193252
9,91,disty3,GARD_B08,0.4477236688271214
9,91,disty4,GARD_B08,0.548203172530919
9,91,disty5,WALKTRAV_B02,0.5089291532285135
9,91,disty6,GARD_B08,0.5845971219244068
9,91,disty7,GARD_B08,0.5673018570717487
9,91,disty8,WALKTRAV_B02,0.45068105773775813
9,91,disty9,GARD_B08,0.4477236688271214
9,91,limiting_disability,ACTTRAV_C03,0.5419287346467992
9,91,no_disability,ACTTRAV_C03,0.6786257732388363
9,91,non_limiting_disability,ACTTRAV_C03,0.6633512174352195
10,107,disty1,ACTTRAV_C03,0.5808997565260793
10,107,disty10,WALKTRAV_B02,0.4794128349832706
10,107,disty11,WALKTRAV_B02,0.39561981350799363
10,107,disty12,WALKTRAV_B02,0.6047599291805265
10,107,disty13,ACTTRAV_C03,0.6738249876451734
10,107,disty2,ACTTRAV_C03,0.5879602913956498
10,107,disty3,ACTTRAV_C03,0.4770649528115737
10,107,disty4,WALKTRAV_B02,0.48180019624167536
10,107,disty5,ACTTRAV_C03,0.6070589759364795
10,107,disty6,GARD_B08,0.42355825298913563
10,107,disty7,WALKTRAV_B02,0.48180019624167536
10,107,disty8,WALKTRAV_B02,0.5089291532285135
10,107,disty9,WALKTRAV_B02,0.41755472429010565
10,107,limiting_disability,WALKTRAV_B02,0.575825006580777
10,107,no_disability,ACTTRAV_C03,0.7801127095585274
10,107,non_limiting_disability,WALKTRAV_B02,0.7588074201982256
10,109,disty1,ACTTRAV_C03,0.5041939097984115
10,109,disty10,ACTTRAV_C03,0.558443973150407
10,109,disty11,WALKTRAV_B02,0.5892958655094682
10,109,disty12,ACTTRAV_C03,0.5879602913956498
10,109,disty13,ACTTRAV_C03,0.7068112774624786
10,109,disty2,ACTTRAV_C03,0.5041939097984115
10,109,disty3,ACTTRAV_C03,0.4770649528115737
10,109,disty4,ACTTRAV_C03,0.6070589759364795
10,109,disty5,ACTTRAV_C03,0.6266398437006699
10,109,disty6,ACTTRAV_C03,0.5879602913956498
10,109,disty7,WALKTRAV_B02,0.45720784766249367
10,109,disty8,WALKTRAV_B02,0.5089291532285135
10,109,disty9,ACTTRAV_C03,0.5808997565260793
10,109,limiting_disability,ACTTRAV_C03,0.5885341001192972
10,109,no_disability,ACTTRAV_C03,0.833915712531554
10,109,non_limiting_disability,ACTTRAV_C03,0.8228723043921664
10,112,disty1,ACTTRAV_C03,0.5334543979926245
10,112,disty10,ACTTRAV_C03,0.5775426576912368
10,112,disty11,CYCLEISURE_N01,0.6076298369403988
10,112,disty12,ACTTRAV_C03,0.4810560066338946
10,112,disty13,ACTTRAV_C03,0.7038897163503829
10,112,disty2,ACTTRAV_C03,0.6070589759364795
10,112,disty3,ACTTRAV_C03,0.44594581430765645
10,112,disty4,ACTTRAV_C03,0.7575422856703189
10,112,disty5,ACTTRAV_C03,0.5879602913956498
10,112,disty6,ACTTRAV_C03,0.6549625428736536
10,112,disty7,ACTTRAV_C03,0.4770649528115737
10,112,disty8,GARD_B08,0.29864607369021073
10,112,disty9,ACTTRAV_C03,0.6070589759364795
10,112,limiting_disability,ACTTRAV_C03,0.5885341001192972
10,112,no_disability,ACTTRAV_C03,0.8391971424895555
10,112,non_limiting_disability,WALKTRAV_B02,0.7931364046328313
10,114,disty1,ACTTRAV_C03,0.5879602913956498
10,114,disty10,ACTTRAV_C03,0.6987614929445716
10,114,disty11,WALKTRAV_B02,0.39561981350799363
10,114,disty12,ACTTRAV_C03,0.6070589759364795
10,114,disty13,ACTTRAV_C03,0.7495443789530445
10,114,disty2,ACTTRAV_C03,0.6070589759364795
10,114,disty3,ACTTRAV_C03,0.4770649528115737
10,114,disty4,GARD_B08,0.5328038497030062
10,114,disty5,ACTTRAV_C03,0.6070589759364795
10,114,disty6,ACTTRAV_C03,0.6070589759364795
10,114,disty7,WALKTRAV_B02,0.5089291532285135
10,114,disty8,WALKTRAV_B02,0.5752511978571295
10,114,disty9,ACTTRAV_C03,0.5334543979926245
10,114,limiting_disability,ACTTRAV_C03,0.6076327846601269
10,114,no_disability,ACTTRAV_C03,0.833915712531554
10,114,non_limiting_disability,WALKTRAV_B02,0.7894161313513491
10,117,disty1,ACTTRAV_C03,0.5879602913956498
10,117,disty10,WALKTRAV_B02,0.45627493181875356
10,117,disty11,ACTTRAV_C03,0.6070589759364795
10,117,disty12,ACTTRAV_C03,0.6946141143645737
10,117,disty13,ACTTRAV_C03,0.6070589759364795
10,117,disty2,WALKTRAV_B02,0.5752511978571295
10,117,disty3,ACTTRAV_C03,0.6070589759364795
10,117,disty4,ACTTRAV_C03,0.5808997565260793
10,117,disty5,WALKTRAV_B02,0.3874910612618358
10,117,disty6,ACTTRAV_C03,0.5657505430097602
10,117,disty7,WALKTRAV_B02,0.5752511978571295
10,117,disty8,ACTTRAV_C03,0.5879602913956498
10,117,disty9,ACTTRAV_C03,0.6070589759364795
10,117,limiting_disability,WALKTRAV_B02,0.5779567829670793
10,117,no_disability,ACTTRAV_C03,0.6786257732388363
10,117,non_limiting_disability,WALKTRAV_B02,0.6664338806116088
10,122,disty1,GARD_B08,0.48488468495186177
10,122,disty10,ACTTRAV_C03,0.447548634566331
10,122,disty11,GARD_B08,0.5586293287355616
10,122,disty12,GARD_B08,0.3593127810375659
10,122,disty13,GARD_B08,0.5777280132763913
10,122,disty2,ACTTRAV_C03,0.4810560066338946
10,122,disty3,GARD_B08,0.48488468495186177
10,122,disty4,GARD_B08,0.48488468495186177
10,122,disty5,GARD_B08,0.5479530632193252
10,122,disty6,WALKTRAV_B02,0.38858564183873623
10,122,disty7,GARD_B08,0.548203172530919
10,122,disty8,GARD_B08,0.4477236688271214
10,122,disty9,GARD_B08,0.5673018570717487
10,122,limiting_disability,GARD_B08,0.5333776584266536
10,122,no_disability,ACTTRAV_C03,0.736747505755075
10,122,non_limiting_disability,WALKTRAV_B02,0.6088902537753969
10,126,disty1,ACTTRAV_C03,0.452472604232392
10,126,disty10,WALKTRAV_B02,0.4794128349832706
10,126,disty11,GARD_B08,0.3924391144852184
10,126,disty12,WALKTRAV_B02,0.48579125006399626
10,126,disty13,ACTTRAV_C03,0.6070589759364795
10,126,disty2,WALKTRAV_B02,0.45068105773775813
10,126,disty3,GARD_B08,0.4477236688271214
10,126,disty4,WALKTRAV_B02,0.39561981350799363
10,126,disty5,WALKTRAV_B02,0.5752511978571295
10,126,disty6,GARD_B08,0.5673018570717487
10,126,disty7,GARD_B08,0.4477236688271214
10,126,disty8,WALKTRAV_B02,0.3533598268466766
10,126,disty9,GARD_B08,0.48488468495186177
10,126,limiting_disability,WALKTRAV_B02,0.4863650587876436
10,126,no_disability,ACTTRAV_C03,0.6786257732388363
10,126,non_limiting_disability,WALKTRAV_B02,0.6755885921711566
10,129,disty1,ACTTRAV_C03,0.44594581430765645
10,129,disty10,TENNIS_G01,0.22437972518862015
10,129,disty11,WALKTRAV_B02,0.2831917944157403
10,129,disty12,WALKTRAV_B02,0.5273320331059853
10,129,disty13,ACTTRAV_C03,0.6070589759364795
10,129,disty2,GARD_B08,0.42355825298913563
10,129,disty3,ACTTRAV_C03,0.4770649528115737
10,129,disty4,GARD_B08,0.3924391144852184
10,129,disty5,WALKTRAV_B02,0.48180019624167536
10,129,disty6,GARD_B08,0.46645390114315943
10,129,disty7,GARD_B08,0.42355825298913563
10,129,disty8,WALKTRAV_B02,0.5089291532285135
10,129,disty9,WALKTRAV_B02,0.39561981350799363
10,129,limiting_disability,ACTTRAV_C03,0.5234979508380968
10,129,no_disability,ACTTRAV_C03,0.6786257732388363
10,129,non_limiting_disability,ACTTRAV_C03,0.7330492278273809
10,135,disty1,WALKTRAV_B02,0.5752511978571295
10,135,disty10,ACTTRAV_C03,0.5775426576912368
10,135,disty11,ACTTRAV_C03,0.6738249876451734
10,135,disty12,ACTTRAV_C03,0.7201151366923664
10,135,disty13,GARD_B08,0.6375145279924954
10,135,disty2,ACTTRAV_C03,0.6070589759364795
10,135,disty3,ACTTRAV_C03,0.4770649528115737
10,135,disty4,ACTTRAV_C03,0.6070589759364795
10,135,disty5,ACTTRAV_C03,0.7240433566252518
10,135,disty6,GARD_B08,0.48488468495186177
10,135,disty7,ACTTRAV_C03,0.5879602913956498
10,135,disty8,ACTTRAV_C03,0.5879602913956498
10,135,disty9,ACTTRAV_C03,0.412819480860004
10,135,limiting_disability,ACTTRAV_C03,0.6076327846601269
10,135,no_disability,ACTTRAV_C03,0.8083715113325316
10,135,non_limiting_disability,ACTTRAV_C03,0.8228723043921664
10,136,disty1,ACTTRAV_C03,0.5413549259231518
10,136,disty10,GARD_B08,0.39506944741736166
10,136,disty11,GARD_B08,0.29864607369021073
10,136,disty12,GARD_B08,0.292685290214436
10,136,disty13,WALKTRAV_B02,0.48180019624167536
10,136,disty2,WALKTRAV_B02,0.48579125006399626
10,136,disty3,ACTTRAV_C03,0.4770649528115737
10,136,disty4,GARD_B08,0.4477236688271214
10,136,disty5,WALKTRAV_B02,0.45068105773775813
10,136,disty6,WALKTRAV_B02,0.41755472429010565
10,136,disty7,WALKTRAV_B02,0.41755472429010565
10,136,disty8,ACTTRAV_C03,0.3709242857293449
10,136,disty9,WALKTRAV_B02,0.39561981350799363
10,136,limiting_disability,ACTTRAV_C03,0.5047677185220589
10,136,no_disability,ACTTRAV_C03,0.7835192155231004
10,136,non_limiting_disability,WALKTRAV_B02,0.7931364046328313
10,139,disty1,ACTTRAV_C03,0.5334543979926245
10,139,disty10,WALKTRAV_B02,0.3533598268466766
10,139,disty11,GARD_B08,0.6251169196849802
10,139,disty12,ACTTRAV_C03,0.6183988459216576
10,139,disty13,ACTTRAV_C03,0.7068112774624786
10,139,disty2,ACTTRAV_C03,0.6070589759364795
10,139,disty3,WALKTRAV_B02,0.5701084183096894
10,139,disty4,ACTTRAV_C03,0.6648740385497109
10,139,disty5,ACTTRAV_C03,0.6070589759364795
10,139,disty6,GARD_B08,0.2696056701422358
10,139,disty7,GARD_B08,0.5673018570717487
10,139,disty8,GARD_B08,0.3593127810375659
10,139,disty9,GARD_B08,0.5328038497030062
10,139,limiting_disability,ACTTRAV_C03,0.6076327846601269
10,139,no_disability,ACTTRAV_C03,0.7801127095585274
10,139,non_limiting_disability,WALKTRAV_B02,0.7657638847484102
10,142,disty1,ACTTRAV_C03,0.6084835021909656
10,142,disty10,ACTTRAV_C03,0.7001860191990577
10,142,disty11,ACTTRAV_C03,0.6084835021909656
10,142,disty12,ACTTRAV_C03,0.6084835021909656
10,142,disty13,ACTTRAV_C03,0.6257787670436237
10,142,disty2,ACTTRAV_C03,0.6084835021909656
10,142,disty3,ACTTRAV_C03,0.6084835021909656
10,142,disty4,ACTTRAV_C03,0.6084835021909656
10,142,disty5,ACTTRAV_C03,0.6084835021909656
10,142,disty6,GARD_B08,0.3269708644075508
10,142,disty7,ACTTRAV_C03,0.6084835021909656
10,142,disty8,WALKTRAV_B02,0.5103536794829996
10,142,disty9,GARD_B08,0.27103019639672193
10,142,limiting_disability,ACTTRAV_C03,0.609057310914613
10,142,no_disability,ACTTRAV_C03,0.8520753158941836
10,142,non_limiting_disability,ACTTRAV_C03,0.7961877141856344
10,147,disty1,ACTTRAV_C03,0.6070589759364795
10,147,disty10,ACTTRAV_C03,0.5879688138958794
10,147,disty11,ACTTRAV_C03,0.6549625428736536
10,147,disty12,ACTTRAV_C03,0.6772716468572262
10,147,disty13,WALKTRAV_B02,0.6047599291805265
10,147,disty2,ACTTRAV_C03,0.6978603283670162
10,147,disty3,WALKTRAV_B02,0.5892958655094682
10,147,disty4,WALKTRAV_B02,0.5892958655094682
10,147,disty5,ACTTRAV_C03,0.6266398437006699
10,147,disty6,ACTTRAV_C03,0.6162136874960273
10,147,disty7,ACTTRAV_C03,0.5808997565260793
10,147,disty8,WALKTRAV_B02,0.45068105773775813
10,147,disty9,WALKTRAV_B02,0.5089291532285135
10,147,limiting_disability,ACTTRAV_C03,0.6180589408647695
10,147,no_disability,ACTTRAV_C03,0.8046512380510494
10,147,non_limiting_disability,ACTTRAV_C03,0.7300068407993391
10,160,disty1,ACTTRAV_C03,0.5041939097984115
10,160,disty10,WALKTRAV_B02,0.15607621056838614
10,160,disty11,WALKTRAV_B02,0.11199690658172913
10,160,disty12,ACTTRAV_C03,0.5657505430097602
10,160,disty13,ACTTRAV_C03,0.5413549259231518
10,160,disty2,WALKTRAV_B02,0.45068105773775813
10,160,disty3,GARD_B08,0.3924391144852184
10,160,disty4,GARD_B08,0.3593127810375659
10,160,disty5,WALKTRAV_B02,0.5381436594408657
10,160,disty6,WALKTRAV_B02,0.15607621056838614
10,160,disty7,WALKTRAV_B02,0.45068105773775813
10,160,disty8,WALKTRAV_B02,0.41755472429010565
10,160,disty9,GARD_B08,0.42355825298913563
10,160,limiting_disability,WALKTRAV_B02,0.5095029619521609
10,160,no_disability,ACTTRAV_C03,0.7835192155231004
10,160,non_limiting_disability,ACTTRAV_C03,0.7557247570218363
10,17,disty1,GARD_B08,0.5673018570717487
10,17,disty10,GOLFADV_U11,0.6218609025010167
10,17,disty11,GOLFADV_U11,0.5474013688098428
10,17,disty12,ACTTRAV_C03,0.5879602913956498
10,17,disty13,ACTTRAV_C03,0.7756229056633528
10,17,disty2,WALKTRAV_B02,0.48180019624167536
10,17,disty3,GARD_B08,0.48488468495186177
10,17,disty4,GARD_B08,0.48488468495186177
10,17,disty5,ACTTRAV_C03,0.6070589759364795
10,17,disty6,WALKTRAV_B02,0.09571699658051172
10,17,disty7,GARD_B08,0.4477236688271214
10,17,disty8,WALKTRAV_B02,0.45068105773775813
10,17,disty9,GARD_B08,0.5328038497030062
10,17,limiting_disability,WALKTRAV_B02,0.5095029619521609
10,17,no_disability,ACTTRAV_C03,0.6786257732388363
10,17,non_limiting_disability,ACTTRAV_C03,0.6688074770328117
10,171,disty1,WALKTRAV_B02,0.5089291532285135
10,171,disty10,ACTTRAV_C03,0.6254462246284109
10,171,disty11,ACTTRAV_C03,0.6070589759364795
10,171,disty12,ACTTRAV_C03,0.7727776047499244
10,171,disty13,ACTTRAV_C03,0.6738249876451734
10,171,disty2,WALKTRAV_B02,0.5973697188017958
10,171,disty3,ACTTRAV_C03,0.6070589759364795
10,171,disty4,ACTTRAV_C03,0.6183988459216576
10,171,disty5,ACTTRAV_C03,0.6070589759364795
10,171,disty6,GARD_B08,0.5328038497030062
10,171,disty7,ACTTRAV_C03,0.6070589759364795
10,171,disty8,ACTTRAV_C03,0.7609650102313544
10,171,disty9,WALKTRAV_B02,0.48579125006399626
10,171,limiting_disability,ACTTRAV_C03,0.6076327846601269
10,171,no_disability,ACTTRAV_C03,0.7801127095585274
10,171,non_limiting_disability,WALKTRAV_B02,0.6664338806116088
10,196,disty1,WALKTRAV_B02,0.5089291532285135
10,196,disty10,GARD_B08,0.6764573743181711
10,196,disty11,WALKTRAV_B02,0.14882276997185337
10,196,disty12,WALKTRAV_B02,0.5089291532285135
10,196,disty13,GARD_B08,0.5764565686312966
10,196,disty2,ACTTRAV_C03,0.6070589759364795
10,196,disty3,ACTTRAV_C03,0.4810560066338946
10,196,disty4,GARD_B08,0.48488468495186177
10,196,disty5,ACTTRAV_C03,0.4770649528115737
10,196,disty6,ACTTRAV_C03,0.5913259127307219
10,196,disty7,WALKTRAV_B02,0.5089291532285135
10,196,disty8,WALKTRAV_B02,0.48579125006399626
10,196,disty9,GARD_B08,0.5328038497030062
10,196,limiting_disability,WALKTRAV_B02,0.5387174681645132
10,196,no_disability,ACTTRAV_C03,0.700183808803079
10,196,non_limiting_disability,WALKTRAV_B02,0.6664338806116088
10,201,disty1,ACTTRAV_C03,0.6549625428736536
10,201,disty10,ACTTRAV_C03,0.6743733981051402
10,201,disty11,ACTTRAV_C03,0.7038897163503829
10,201,disty12,ACTTRAV_C03,0.7595607383473929
10,201,disty13,ACTTRAV_C03,0.7412501775321202
10,201,disty2,ACTTRAV_C03,0.6070589759364795
10,201,disty3,ACTTRAV_C03,0.6070589759364795
10,201,disty4,ACTTRAV_C03,0.6070589759364795
10,201,disty5,ACTTRAV_C03,0.7756229056633528
10,201,disty6,ACTTRAV_C03,0.7583618098856897
10,201,disty7,ACTTRAV_C03,0.6070589759364795
10,201,disty8,ACTTRAV_C03,0.7756229056633528
10,201,disty9,WALKTRAV_B02,0.45068105773775813
10,201,limiting_disability,ACTTRAV_C03,0.675874003478001
10,201,no_disability,ACTTRAV_C03,0.7835192155231004
10,201,non_limiting_disability,ACTTRAV_C03,0.7231377321513236
10,241,disty1,ACTTRAV_C03,0.5657505430097602
10,241,disty10,ACTTRAV_C03,0.6743733981051402
10,241,disty11,ACTTRAV_C03,0.7750885801520669
10,241,disty12,ACTTRAV_C03,0.7240433566252518
10,241,disty13,ACTTRAV_C03,0.7136803861104941
10,241,disty2,ACTTRAV_C03,0.6070589759364795
10,241,disty3,WALKTRAV_B02,0.5701084183096894
10,241,disty4,ACTTRAV_C03,0.7319980844712964
10,241,disty5,ACTTRAV_C03,0.7750885801520669
10,241,disty6,ACTTRAV_C03,0.778174685920689
10,241,disty7,ACTTRAV_C03,0.6174851321411221
10,241,disty8,ACTTRAV_C03,0.7047294370150317
10,241,disty9,ACTTRAV_C03,0.7750885801520669
10,241,limiting_disability,ACTTRAV_C03,0.6076327846601269
10,241,no_disability,ACTTRAV_C03,0.8417489227468916
10,241,non_limiting_disability,ACTTRAV_C03,0.8254240846495026
10,255,disty1,ACTTRAV_C03,0.6070589759364795
10,255,disty10,WALKTRAV_B02,0.3874910612618358
10,255,disty11,WALKTRAV_B02,0.5752511978571295
10,255,disty12,ACTTRAV_C03,0.7750885801520669
10,255,disty13,ACTTRAV_C03,0.7756229056633528
10,255,disty2,ACTTRAV_C03,0.6070589759364795
10,255,disty3,ACTTRAV_C03,0.452472604232392
10,255,disty4,WALKTRAV_B02,0.41755472429010565
10,255,disty5,ACTTRAV_C03,0.6266398437006699
10,255,disty6,WALKTRAV_B02,0.5381436594408657
10,255,disty7,WALKTRAV_B02,0.5089291532285135
10,255,disty8,ACTTRAV_C03,0.5760474001296134
10,255,disty9,ACTTRAV_C03,0.6070589759364795
10,255,limiting_disability,WALKTRAV_B02,0.5279058418296327
10,255,no_disability,ACTTRAV_C03,0.700183808803079
10,255,non_limiting_disability,ACTTRAV_C03,0.6688074770328117
10,272,disty1,ACTTRAV_C03,0.5657505430097602
10,272,disty10,WALKTRAV_B02,0.5457348796118868
10,272,disty11,WALKTRAV_B02,0.5997220217141108
10,272,disty12,WALKTRAV_B02,0.5752511978571295
10,272,disty13,WALKTRAV_B02,0.41755472429010565
10,272,disty2,ACTTRAV_C03,0.5808997565260793
10,272,disty3,ACTTRAV_C03,0.4770649528115737
10,272,disty4,ACTTRAV_C03,0.6174851321411221
10,272,disty5,WALKTRAV_B02,0.5752511978571295
10,272,disty6,ACTTRAV_C03,0.5913259127307219
10,272,disty7,WALKTRAV_B02,0.5089291532285135
10,272,disty8,WALKTRAV_B02,0.5089291532285135
10,272,disty9,WALKTRAV_B02,0.45068105773775813
10,272,limiting_disability,ACTTRAV_C03,0.5814735652497267
10,272,no_disability,ACTTRAV_C03,0.8391971424895555
10,272,non_limiting_disability,ACTTRAV_C03,0.8145262994787861
10,279,disty1,ACTTRAV_C03,0.6070589759364795
10,279,disty10,ACTTRAV_C03,0.7161430196461461
10,279,disty11,ACTTRAV_C03,0.7047294370150317
10,279,disty12,ACTTRAV_C03,0.6174851321411221
10,279,disty13,ACTTRAV_C03,0.7583618098856897
10,279,disty2,ACTTRAV_C03,0.6070589759364795
10,279,disty3,ACTTRAV_C03,0.6070589759364795
10,279,disty4,ACTTRAV_C03,0.7068112774624786
10,279,disty5,ACTTRAV_C03,0.5334543979926245
10,279,disty6,ACTTRAV_C03,0.7756229056633528
10,279,disty7,ACTTRAV_C03,0.7495443789530445
10,279,disty8,WALKTRAV_B02,0.5752511978571295
10,279,disty9,WALKTRAV_B02,0.45720784766249367
10,279,limiting_disability,ACTTRAV_C03,0.6076327846601269
10,279,no_disability,ACTTRAV_C03,0.7642052959128802
10,279,non_limiting_disability,ACTTRAV_C03,0.8228723043921664
10,280,disty1,ACTTRAV_C03,0.6407079499052302
10,280,disty10,ACTTRAV_C03,0.5879688138958794
10,280,disty11,WALKTRAV_B02,0.14882276997185337
10,280,disty12,ACTTRAV_C03,0.7206368506606787
10,280,disty13,ACTTRAV_C03,0.7412501775321202
10,280,disty2,ACTTRAV_C03,0.7206368506606787
10,280,disty3,ACTTRAV_C03,0.5996687655577488
10,280,disty4,CYCMOUNTAIN_N02,0.6395829191078611
10,280,disty5,ACTTRAV_C03,0.7458241056715623
10,280,disty6,ACTTRAV_C03,0.7319980844712964
10,280,disty7,ACTTRAV_C03,0.7495443789530445
10,280,disty8,CYCMOUNTAIN_N02,0.6395829191078611
10,280,disty9,WALKTRAV_B02,0.7694520162135237
10,280,limiting_disability,ACTTRAV_C03,0.7142541948341415
10,280,no_disability,ACTTRAV_C03,0.8391971424895555
10,280,non_limiting_disability,ACTTRAV_C03,0.7878684765829045
10,293,disty1,WALKTRAV_B02,0.5752511978571295
10,293,disty10,WALKTRAV_B02,0.508627341195623
10,293,disty11,ACTTRAV_C03,0.7756229056633528
10,293,disty12,ACTTRAV_C03,0.6070589759364795
10,293,disty13,ACTTRAV_C03,0.7047294370150317
10,293,disty2,WALKTRAV_B02,0.5381436594408657
10,293,disty3,ACTTRAV_C03,0.5334543979926245
10,293,disty4,WALKTRAV_B02,0.48180019624167536
10,293,disty5,ACTTRAV_C03,0.6070589759364795
10,293,disty6,WALKTRAV_B02,0.3533598268466766
10,293,disty7,ACTTRAV_C03,0.5808997565260793
10,293,disty8,ACTTRAV_C03,0.5413549259231518
10,293,disty9,WALKTRAV_B02,0.5381436594408657
10,293,limiting_disability,ACTTRAV_C03,0.6076327846601269
10,293,no_disability,ACTTRAV_C03,0.8347352367469248
10,293,non_limiting_disability,ACTTRAV_C03,0.7660877275365939
10,30,disty1,WALKTRAV_B02,0.45720784766249367
10,30,disty10,ACTTRAV_C03,0.5775426576912368
10,30,disty11,ACTTRAV_C03,0.6648740385497109
10,30,disty12,ACTTRAV_C03,0.7750885801520669
10,30,disty13,ACTTRAV_C03,0.6070589759364795
10,30,disty2,WALKTRAV_B02,0.5089291532285135
10,30,disty3,ACTTRAV_C03,0.5334543979926245
10,30,disty4,ACTTRAV_C03,0.6070589759364795
10,30,disty5,ACTTRAV_C03,0.6070589759364795
10,30,disty6,WALKTRAV_B02,0.48579125006399626
10,30,disty7,ACTTRAV_C03,0.6070589759364795
10,30,disty8,ACTTRAV_C03,0.6070589759364795
10,30,disty9,ACTTRAV_C03,0.6070589759364795
10,30,limiting_disability,ACTTRAV_C03,0.6076327846601269
10,30,no_disability,ACTTRAV_C03,0.736747505755075
10,30,non_limiting_disability,ACTTRAV_C03,0.7557247570218363
10,35,disty1,WALKTRAV_B02,0.45068105773775813
10,35,disty10,WALKTRAV_B02,0.4978157148607425
10,35,disty11,ACTTRAV_C03,0.6174851321411221
10,35,disty12,ACTTRAV_C03,0.7206368506606787
10,35,disty13,GARD_B08,0.7354029348240919
10,35,disty2,GARD_B08,0.42355825298913563
10,35,disty3,GARD_B08,0.48488468495186177
10,35,disty4,GARD_B08,0.42355825298913563
10,35,disty5,ACTTRAV_C03,0.6070589759364795
10,35,disty6,GARD_B08,0.5777280132763913
10,35,disty7,WALKTRAV_B02,0.5381436594408657
10,35,disty8,ACTTRAV_C03,0.5879602913956498
10,35,disty9,GARD_B08,0.48488468495186177
10,35,limiting_disability,WALKTRAV_B02,0.5279058418296327
10,35,no_disability,ACTTRAV_C03,0.7731562450083427
10,35,non_limiting_disability,WALKTRAV_B02,0.671890140209201
10,44,disty1,ACTTRAV_C03,0.6070589759364795
10,44,disty10,WALKTRAV_B02,0.508627341195623
10,44,disty11,GARD_B08,0.4477236688271214
10,44,disty12,WALKTRAV_B02,0.5752511978571295
10,44,disty13,ACTTRAV_C03,0.6841407555052417
10,44,disty2,ACTTRAV_C03,0.6070589759364795
10,44,disty3,ACTTRAV_C03,0.6070589759364795
10,44,disty4,ACTTRAV_C03,0.6070589759364795
10,44,disty5,ACTTRAV_C03,0.6070589759364795
10,44,disty6,GARD_B08,0.22143118962781125
10,44,disty7,WALKTRAV_B02,0.48579125006399626
10,44,disty8,WALKTRAV_B02,0.5381436594408657
10,44,disty9,WALKTRAV_B02,0.45068105773775813
10,44,limiting_disability,ACTTRAV_C03,0.6076327846601269
10,44,no_disability,ACTTRAV_C03,0.8083715113325316
10,44,non_limiting_disability,ACTTRAV_C03,0.7626812215720209
10,68,disty1,WALKTRAV_B02,0.5273320331059853
10,68,disty10,WALKTRAV_B02,0.4794128349832706
10,68,disty11,WALKTRAV_B02,0.5377581893106279
10,68,disty12,WALKTRAV_B02,0.5381436594408657
10,68,disty13,ACTTRAV_C03,0.6070589759364795
10,68,disty2,ACTTRAV_C03,0.5879602913956498
10,68,disty3,ACTTRAV_C03,0.5041939097984115
10,68,disty4,GARD_B08,0.22143118962781125
10,68,disty5,WALKTRAV_B02,0.5381436594408657
10,68,disty6,GARD_B08,0.4477236688271214
10,68,disty7,GARD_B08,0.42458576566260436
10,68,disty8,ACTTRAV_C03,0.5334543979926245
10,68,disty9,GARD_B08,0.42458576566260436
10,68,limiting_disability,ACTTRAV_C03,0.5814735652497267
10,68,no_disability,ACTTRAV_C03,0.6786257732388363
10,68,non_limiting_disability,WALKTRAV_B02,0.7626291345809808
10,78,disty1,ACTTRAV_C03,0.6070589759364795
10,78,disty10,ACTTRAV_C03,0.670653124823658
10,78,disty11,ACTTRAV_C03,0.7136803861104941
10,78,disty12,ACTTRAV_C03,0.6070589759364795
10,78,disty13,ACTTRAV_C03,0.7750885801520669
10,78,disty2,ACTTRAV_C03,0.6070589759364795
10,78,disty3,ACTTRAV_C03,0.5041939097984115
10,78,disty4,ACTTRAV_C03,0.6070589759364795
10,78,disty5,ACTTRAV_C03,0.6070589759364795
10,78,disty6,ACTTRAV_C03,0.7171742479772363
10,78,disty7,WALKTRAV_B02,0.5381436594408657
10,78,disty8,WALKTRAV_B02,0.5089291532285135
10,78,disty9,GARD_B08,0.6251169196849802
10,78,limiting_disability,ACTTRAV_C03,0.6076327846601269
10,78,no_disability,ACTTRAV_C03,0.7642052959128802
10,78,non_limiting_disability,ACTTRAV_C03,0.7878684765829045
10,8,disty1,ACTTRAV_C03,0.5413549259231518
10,8,disty10,ACTTRAV_C03,0.5362342247645175
10,8,disty11,ACTTRAV_C03,0.5879602913956498
10,8,disty12,WALKTRAV_B02,0.5381436594408657
10,8,disty13,WALKTRAV_B02,0.5089291532285135
10,8,disty2,WALKTRAV_B02,0.48579125006399626
10,8,disty3,ACTTRAV_C03,0.5041939097984115
10,8,disty4,ACTTRAV_C03,0.6070589759364795
10,8,disty5,WALKTRAV_B02,0.5381436594408657
10,8,disty6,WALKTRAV_B02,0.5276593855445513
10,8,disty7,WALKTRAV_B02,0.5460901693532537
10,8,disty8,GARD_B08,0.3924391144852184
10,8,disty9,GARD_B08,0.5328038497030062
10,8,limiting_disability,WALKTRAV_B02,0.5387174681645132
10,8,no_disability,ACTTRAV_C03,0.6786257732388363
10,8,non_limiting_disability,ACTTRAV_C03,0.7300068407993391
10,9,disty1,WALKTRAV_B02,0.5892958655094682
10,9,disty10,GARD_B08,0.5184367449740824
10,9,disty11,WALKTRAV_B02,0.09571699658051172
10,9,disty12,ACTTRAV_C03,0.6070589759364795
10,9,disty13,ACTTRAV_C03,0.7687537970153373
10,9,disty2,ACTTRAV_C03,0.6070589759364795
10,9,disty3,ACTTRAV_C03,0.6070589759364795
10,9,disty4,FOOTBALLOTHER_Q05,0.5626691719538
10,9,disty5,ACTTRAV_C03,0.5879602913956498
10,9,disty6,WALKTRAV_B02,0.5273320331059853
10,9,disty7,ACTTRAV_C03,0.5413549259231518
10,9,disty8,ACTTRAV_C03,0.6174851321411221
10,9,disty9,TRAMPOLINING_U25,0.42339792930872183
10,9,limiting_disability,WALKTRAV_B02,0.5898696742331156
10,9,no_disability,ACTTRAV_C03,0.700183808803079
10,9,non_limiting_disability,ACTTRAV_C03,0.7660877275365939
10,91,disty1,GARD_B08,0.48488468495186177
10,91,disty10,GARD_B08,0.4182073505818787
10,91,disty11,GARD_B08,0.5673018570717487
10,91,disty12,WALKTRAV_B02,0.3533598268466766
10,91,disty13,WALKTRAV_B02,0.2761449427842772
10,91,disty2,GARD_B08,0.46645390114315943
10,91,disty3,ACTTRAV_C03,0.4810560066338946
10,91,disty4,WALKTRAV_B02,0.5752511978571295
10,91,disty5,WALKTRAV_B02,0.45068105773775813
10,91,disty6,ACTTRAV_C03,0.6070589759364795
10,91,disty7,GARD_B08,0.548203172530919
10,91,disty8,WALKTRAV_B02,0.45068105773775813
10,91,disty9,WALKTRAV_B02,0.48180019624167536
10,91,limiting_disability,WALKTRAV_B02,0.5387174681645132
10,91,no_disability,ACTTRAV_C03,0.6786257732388363
10,91,non_limiting_disability,WALKTRAV_B02,0.671890140209201
11,107,disty1,WALKTRAV_B02,0.5752511978571295
11,107,disty10,WALKTRAV_B02,0.45228387799643266
11,107,disty11,WALKTRAV_B02,0.41755472429010565
11,107,disty12,WALKTRAV_B02,0.5773829742434319
11,107,disty13,ACTTRAV_C03,0.6174851321411221
11,107,disty2,ACTTRAV_C03,0.5657505430097602
11,107,disty3,ACTTRAV_C03,0.4810560066338946
11,107,disty4,WALKTRAV_B02,0.5089291532285135
11,107,disty5,ACTTRAV_C03,0.6070589759364795
11,107,disty6,WALKTRAV_B02,0.39561981350799363
11,107,disty7,WALKTRAV_B02,0.5089291532285135
11,107,disty8,WALKTRAV_B02,0.5089291532285135
11,107,disty9,WALKTRAV_B02,0.41755472429010565
11,107,limiting_disability,WALKTRAV_B02,0.575825006580777
11,107,no_disability,ACTTRAV_C03,0.7835192155231004
11,107,non_limiting_disability,WALKTRAV_B02,0.7588074201982256
11,109,disty1,ACTTRAV_C03,0.5334543979926245
11,109,disty10,ACTTRAV_C03,0.5513834382808365
11,109,disty11,ACTTRAV_C03,0.6070589759364795
11,109,disty12,ACTTRAV_C03,0.6070589759364795
11,109,disty13,ACTTRAV_C03,0.6772716468572262
11,109,disty2,ACTTRAV_C03,0.5334543979926245
11,109,disty3,ACTTRAV_C03,0.5041939097984115
11,109,disty4,ACTTRAV_C03,0.6070589759364795
11,109,disty5,ACTTRAV_C03,0.6174851321411221
11,109,disty6,ACTTRAV_C03,0.6070589759364795
11,109,disty7,WALKTRAV_B02,0.48180019624167536
11,109,disty8,WALKTRAV_B02,0.5381436594408657
11,109,disty9,ACTTRAV_C03,0.6070589759364795
11,109,limiting_disability,ACTTRAV_C03,0.6076327846601269
11,109,no_disability,ACTTRAV_C03,0.833915712531554
11,109,non_limiting_disability,ACTTRAV_C03,0.8145262994787861
11,112,disty1,ACTTRAV_C03,0.5334543979926245
11,112,disty10,ACTTRAV_C03,0.5513834382808365
11,112,disty11,GARD_B08,0.5479530632193252
11,112,disty12,WALKTRAV_B02,0.5381436594408657
11,112,disty13,ACTTRAV_C03,0.6174851321411221
11,112,disty2,ACTTRAV_C03,0.6070589759364795
11,112,disty3,ACTTRAV_C03,0.4770649528115737
11,112,disty4,ACTTRAV_C03,0.6841407555052417
11,112,disty5,ACTTRAV_C03,0.6070589759364795
11,112,disty6,ACTTRAV_C03,0.6174851321411221
11,112,disty7,ACTTRAV_C03,0.5041939097984115
11,112,disty8,GARD_B08,0.292685290214436
11,112,disty9,ACTTRAV_C03,0.5760474001296134
11,112,limiting_disability,ACTTRAV_C03,0.6076327846601269
11,112,no_disability,ACTTRAV_C03,0.8394823411936404
11,112,non_limiting_disability,WALKTRAV_B02,0.7931364046328313
11,114,disty1,WALKTRAV_B02,0.5892958655094682
11,114,disty10,ACTTRAV_C03,0.5971235254554272
11,114,disty11,WALKTRAV_B02,0.41755472429010565
11,114,disty12,ACTTRAV_C03,0.6070589759364795
11,114,disty13,ACTTRAV_C03,0.7206368506606787
11,114,disty2,ACTTRAV_C03,0.6070589759364795
11,114,disty3,ACTTRAV_C03,0.5041939097984115
11,114,disty4,GARD_B08,0.48488468495186177
11,114,disty5,ACTTRAV_C03,0.6070589759364795
11,114,disty6,ACTTRAV_C03,0.6070589759364795
11,114,disty7,WALKTRAV_B02,0.5273320331059853
11,114,disty8,WALKTRAV_B02,0.5892958655094682
11,114,disty9,WALKTRAV_B02,0.5381436594408657
11,114,limiting_disability,ACTTRAV_C03,0.6076327846601269
11,114,no_disability,ACTTRAV_C03,0.833915712531554
11,114,non_limiting_disability,WALKTRAV_B02,0.7931364046328313
11,117,disty1,ACTTRAV_C03,0.5657505430097602
11,117,disty10,WALKTRAV_B02,0.4211647394925154
11,117,disty11,ACTTRAV_C03,0.5334543979926245
11,117,disty12,ACTTRAV_C03,0.6174851321411221
11,117,disty13,ACTTRAV_C03,0.6070589759364795
11,117,disty2,WALKTRAV_B02,0.5752511978571295
11,117,disty3,WALKTRAV_B02,0.5773829742434319
11,117,disty4,WALKTRAV_B02,0.5752511978571295
11,117,disty5,WALKTRAV_B02,0.41755472429010565
11,117,disty6,ACTTRAV_C03,0.5334543979926245
11,117,disty7,ACTTRAV_C03,0.5334543979926245
11,117,disty8,WALKTRAV_B02,0.5752511978571295
11,117,disty9,ACTTRAV_C03,0.5808997565260793
11,117,limiting_disability,WALKTRAV_B02,0.575825006580777
11,117,no_disability,ACTTRAV_C03,0.6786257732388363
11,117,non_limiting_disability,ACTTRAV_C03,0.6688074770328117
11,122,disty1,GARD_B08,0.48488468495186177
11,122,disty10,ACTTRAV_C03,0.5039380797473817
11,122,disty11,GARD_B08,0.5673018570717487
11,122,disty12,GARD_B08,0.3924391144852184
11,122,disty13,GARD_B08,0.5673018570717487
11,122,disty2,ACTTRAV_C03,0.4810560066338946
11,122,disty3,GARD_B08,0.48488468495186177
11,122,disty4,GARD_B08,0.48488468495186177
11,122,disty5,GARD_B08,0.5328038497030062
11,122,disty6,WALKTRAV_B02,0.45017367599323627
11,122,disty7,GARD_B08,0.5328038497030062
11,122,disty8,GARD_B08,0.42458576566260436
11,122,disty9,GARD_B08,0.5328038497030062
11,122,limiting_disability,GARD_B08,0.5333776584266536
11,122,no_disability,ACTTRAV_C03,0.7436166144030905
11,122,non_limiting_disability,WALKTRAV_B02,0.6433013803817489
11,126,disty1,ACTTRAV_C03,0.4770649528115737
11,126,disty10,WALKTRAV_B02,0.45228387799643266
11,126,disty11,GARD_B08,0.3593127810375659
11,126,disty12,WALKTRAV_B02,0.5089291532285135
11,126,disty13,ACTTRAV_C03,0.6070589759364795
11,126,disty2,WALKTRAV_B02,0.48180019624167536
11,126,disty3,GARD_B08,0.42458576566260436
11,126,disty4,WALKTRAV_B02,0.41755472429010565
11,126,disty5,ACTTRAV_C03,0.5879602913956498
11,126,disty6,GARD_B08,0.48488468495186177
11,126,disty7,ACTTRAV_C03,0.4770649528115737
11,126,disty8,WALKTRAV_B02,0.3533598268466766
11,126,disty9,GARD_B08,0.4477236688271214
11,126,limiting_disability,WALKTRAV_B02,0.5095029619521609
11,126,no_disability,ACTTRAV_C03,0.6786257732388363
11,126,non_limiting_disability,WALKTRAV_B02,0.6664338806116088
11,129,disty1,ACTTRAV_C03,0.4770649528115737
11,129,disty10,WALKTRAV_B02,0.19001380995093373
11,129,disty11,WALKTRAV_B02,0.2831917944157403
11,129,disty12,WALKTRAV_B02,0.5273320331059853
11,129,disty13,WALKTRAV_B02,0.6047599291805265
11,129,disty2,WALKTRAV_B02,0.45720784766249367
11,129,disty3,ACTTRAV_C03,0.4810560066338946
11,129,disty4,WALKTRAV_B02,0.39561981350799363
11,129,disty5,WALKTRAV_B02,0.5089291532285135
11,129,disty6,GARD_B08,0.398965904409954
11,129,disty7,WALKTRAV_B02,0.48180019624167536
11,129,disty8,WALKTRAV_B02,0.5381436594408657
11,129,disty9,WALKTRAV_B02,0.45068105773775813
11,129,limiting_disability,WALKTRAV_B02,0.5387174681645132
11,129,no_disability,ACTTRAV_C03,0.6786257732388363
11,129,non_limiting_disability,ACTTRAV_C03,0.6934431438473431
11,135,disty1,ACTTRAV_C03,0.5808997565260793
11,135,disty10,ACTTRAV_C03,0.558443973150407
11,135,disty11,ACTTRAV_C03,0.6174851321411221
11,135,disty12,ACTTRAV_C03,0.6243542407891376
11,135,disty13,ACTTRAV_C03,0.6070589759364795
11,135,disty2,ACTTRAV_C03,0.6070589759364795
11,135,disty3,ACTTRAV_C03,0.4770649528115737
11,135,disty4,ACTTRAV_C03,0.6070589759364795
11,135,disty5,ACTTRAV_C03,0.7047294370150317
11,135,disty6,GARD_B08,0.3924391144852184
11,135,disty7,ACTTRAV_C03,0.6070589759364795
11,135,disty8,ACTTRAV_C03,0.5657505430097602
11,135,disty9,ACTTRAV_C03,0.452472604232392
11,135,limiting_disability,ACTTRAV_C03,0.6076327846601269
11,135,no_disability,ACTTRAV_C03,0.8083715113325316
11,135,non_limiting_disability,WALKTRAV_B02,0.817031314572441
11,136,disty1,ACTTRAV_C03,0.5334543979926245
11,136,disty10,ACTTRAV_C03,0.3709242857293449
11,136,disty11,GARD_B08,0.29864607369021073
11,136,disty12,GARD_B08,0.29864607369021073
11,136,disty13,WALKTRAV_B02,0.5089291532285135
11,136,disty2,WALKTRAV_B02,0.48579125006399626
11,136,disty3,ACTTRAV_C03,0.5041939097984115
11,136,disty4,WALKTRAV_B02,0.41755472429010565
11,136,disty5,ACTTRAV_C03,0.5041939097984115
11,136,disty6,WALKTRAV_B02,0.45068105773775813
11,136,disty7,WALKTRAV_B02,0.45068105773775813
11,136,disty8,WALKTRAV_B02,0.39561981350799363
11,136,disty9,WALKTRAV_B02,0.41755472429010565
11,136,limiting_disability,ACTTRAV_C03,0.5340282067162719
11,136,no_disability,ACTTRAV_C03,0.7835192155231004
11,136,non_limiting_disability,WALKTRAV_B02,0.7691703907129832
11,139,disty1,WALKTRAV_B02,0.5381436594408657
11,139,disty10,WALKTRAV_B02,0.3533598268466766
11,139,disty11,ACTTRAV_C03,0.6070589759364795
11,139,disty12,ACTTRAV_C03,0.6070589759364795
11,139,disty13,ACTTRAV_C03,0.6772716468572262
11,139,disty2,ACTTRAV_C03,0.6070589759364795
11,139,disty3,WALKTRAV_B02,0.5701084183096894
11,139,disty4,ACTTRAV_C03,0.6174851321411221
11,139,disty5,ACTTRAV_C03,0.6070589759364795
11,139,disty6,GARD_B08,0.22143118962781125
11,139,disty7,GARD_B08,0.5328038497030062
11,139,disty8,GARD_B08,0.3593127810375659
11,139,disty9,GARD_B08,0.5328038497030062
11,139,limiting_disability,ACTTRAV_C03,0.6076327846601269
11,139,no_disability,ACTTRAV_C03,0.7835192155231004
11,139,non_limiting_disability,WALKTRAV_B02,0.7588074201982256
11,142,disty1,ACTTRAV_C03,0.6084835021909656
11,142,disty10,ACTTRAV_C03,0.5985480517099133
11,142,disty11,ACTTRAV_C03,0.6084835021909656
11,142,disty12,ACTTRAV_C03,0.6084835021909656
11,142,disty13,ACTTRAV_C03,0.6189096583956082
11,142,disty2,ACTTRAV_C03,0.6084835021909656
11,142,disty3,ACTTRAV_C03,0.6084835021909656
11,142,disty4,ACTTRAV_C03,0.6084835021909656
11,142,disty5,ACTTRAV_C03,0.6084835021909656
11,142,disty6,GARD_B08,0.30007059994469687
11,142,disty7,WALKTRAV_B02,0.6061844554350125
11,142,disty8,WALKTRAV_B02,0.4872157763184824
11,142,disty9,WALKTRAV_B02,0.27756946903876334
11,142,limiting_disability,ACTTRAV_C03,0.609057310914613
11,142,no_disability,ACTTRAV_C03,0.8520753158941836
11,142,non_limiting_disability,ACTTRAV_C03,0.7961877141856344
11,147,disty1,ACTTRAV_C03,0.6070589759364795
11,147,disty10,ACTTRAV_C03,0.5775426576912368
11,147,disty11,ACTTRAV_C03,0.6174851321411221
11,147,disty12,ACTTRAV_C03,0.6266398437006699
11,147,disty13,WALKTRAV_B02,0.5381436594408657
11,147,disty2,ACTTRAV_C03,0.6407079499052302
11,147,disty3,WALKTRAV_B02,0.5892958655094682
11,147,disty4,ACTTRAV_C03,0.5657505430097602
11,147,disty5,ACTTRAV_C03,0.6174851321411221
11,147,disty6,ACTTRAV_C03,0.6070589759364795
11,147,disty7,WALKTRAV_B02,0.5892958655094682
11,147,disty8,WALKTRAV_B02,0.5089291532285135
11,147,disty9,WALKTRAV_B02,0.5381436594408657
11,147,limiting_disability,ACTTRAV_C03,0.6076327846601269
11,147,no_disability,ACTTRAV_C03,0.8046512380510494
11,147,non_limiting_disability,ACTTRAV_C03,0.7505955223091291
11,160,disty1,WALKTRAV_B02,0.5381436594408657
11,160,disty10,WALKTRAV_B02,0.20488567813559153
11,160,disty11,WALKTRAV_B02,0.15607621056838614
11,160,disty12,ACTTRAV_C03,0.5657505430097602
11,160,disty13,WALKTRAV_B02,0.48579125006399626
11,160,disty2,WALKTRAV_B02,0.5089291532285135
11,160,disty3,ACTTRAV_C03,0.412819480860004
11,160,disty4,GARD_B08,0.3593127810375659
11,160,disty5,ACTTRAV_C03,0.5334543979926245
11,160,disty6,WALKTRAV_B02,0.19001380995093373
11,160,disty7,WALKTRAV_B02,0.5089291532285135
11,160,disty8,WALKTRAV_B02,0.5089291532285135
11,160,disty9,GARD_B08,0.4477236688271214
11,160,limiting_disability,WALKTRAV_B02,0.5387174681645132
11,160,no_disability,ACTTRAV_C03,0.7835192155231004
11,160,non_limiting_disability,ACTTRAV_C03,0.7557247570218363
11,17,disty1,GARD_B08,0.5479530632193252
11,17,disty10,GOLFADV_U11,0.4699658858134559
11,17,disty11,GOLFADV_U11,0.5474013688098428
11,17,disty12,ACTTRAV_C03,0.6070589759364795
11,17,disty13,ACTTRAV_C03,0.7136803861104941
11,17,disty2,WALKTRAV_B02,0.48579125006399626
11,17,disty3,GARD_B08,0.48488468495186177
11,17,disty4,GARD_B08,0.48488468495186177
11,17,disty5,WALKTRAV_B02,0.5892958655094682
11,17,disty6,WALKTRAV_B02,0.11311303494493004
11,17,disty7,GARD_B08,0.42458576566260436
11,17,disty8,WALKTRAV_B02,0.41755472429010565
11,17,disty9,GARD_B08,0.5328038497030062
11,17,limiting_disability,WALKTRAV_B02,0.5095029619521609
11,17,no_disability,ACTTRAV_C03,0.6786257732388363
11,17,non_limiting_disability,WALKTRAV_B02,0.6664338806116088
11,171,disty1,WALKTRAV_B02,0.5089291532285135
11,171,disty10,WALKTRAV_B02,0.5478666559981891
11,171,disty11,WALKTRAV_B02,0.5752511978571295
11,171,disty12,ACTTRAV_C03,0.7240433566252518
11,171,disty13,ACTTRAV_C03,0.6174851321411221
11,171,disty2,ACTTRAV_C03,0.5808997565260793
11,171,disty3,ACTTRAV_C03,0.6070589759364795
11,171,disty4,ACTTRAV_C03,0.6070589759364795
11,171,disty5,ACTTRAV_C03,0.6070589759364795
11,171,disty6,WALKTRAV_B02,0.5381436594408657
11,171,disty7,ACTTRAV_C03,0.6070589759364795
11,171,disty8,ACTTRAV_C03,0.7136803861104941
11,171,disty9,ACTTRAV_C03,0.5413549259231518
11,171,limiting_disability,ACTTRAV_C03,0.6076327846601269
11,171,no_disability,ACTTRAV_C03,0.7835192155231004
11,171,non_limiting_disability,ACTTRAV_C03,0.6688074770328117
11,196,disty1,WALKTRAV_B02,0.5381436594408657
11,196,disty10,ACTTRAV_C03,0.5879688138958794
11,196,disty11,WALKTRAV_B02,0.20488567813559153
11,196,disty12,WALKTRAV_B02,0.5752511978571295
11,196,disty13,GARD_B08,0.5328038497030062
11,196,disty2,ACTTRAV_C03,0.6070589759364795
11,196,disty3,ACTTRAV_C03,0.5041939097984115
11,196,disty4,ACTTRAV_C03,0.5413549259231518
11,196,disty5,ACTTRAV_C03,0.5334543979926245
11,196,disty6,ACTTRAV_C03,0.6070589759364795
11,196,disty7,WALKTRAV_B02,0.5089291532285135
11,196,disty8,WALKTRAV_B02,0.5089291532285135
11,196,disty9,GARD_B08,0.4477236688271214
11,196,limiting_disability,ACTTRAV_C03,0.5663243517334077
11,196,no_disability,ACTTRAV_C03,0.6861157025985185
11,196,non_limiting_disability,ACTTRAV_C03,0.6688074770328117
11,201,disty1,ACTTRAV_C03,0.6174851321411221
11,201,disty10,ACTTRAV_C03,0.5879688138958794
11,201,disty11,ACTTRAV_C03,0.6174851321411221
11,201,disty12,ACTTRAV_C03,0.7047294370150317
11,201,disty13,ACTTRAV_C03,0.6243542407891376
11,201,disty2,ACTTRAV_C03,0.6070589759364795
11,201,disty3,ACTTRAV_C03,0.5996687655577488
11,201,disty4,ACTTRAV_C03,0.5760474001296134
11,201,disty5,ACTTRAV_C03,0.7136803861104941
11,201,disty6,ACTTRAV_C03,0.7047294370150317
11,201,disty7,WALKTRAV_B02,0.5892958655094682
11,201,disty8,ACTTRAV_C03,0.7136803861104941
11,201,disty9,WALKTRAV_B02,0.41755472429010565
11,201,limiting_disability,ACTTRAV_C03,0.6180589408647695
11,201,no_disability,ACTTRAV_C03,0.7988519739137085
11,201,non_limiting_disability,ACTTRAV_C03,0.6934431438473431
11,241,disty1,ACTTRAV_C03,0.5808997565260793
11,241,disty10,ACTTRAV_C03,0.5879688138958794
11,241,disty11,ACTTRAV_C03,0.7206368506606787
11,241,disty12,ACTTRAV_C03,0.7047294370150317
11,241,disty13,ACTTRAV_C03,0.7068112774624786
11,241,disty2,ACTTRAV_C03,0.6070589759364795
11,241,disty3,WALKTRAV_B02,0.5701084183096894
11,241,disty4,ACTTRAV_C03,0.6841407555052417
11,241,disty5,ACTTRAV_C03,0.7240433566252518
11,241,disty6,ACTTRAV_C03,0.7136803861104941
11,241,disty7,ACTTRAV_C03,0.6070589759364795
11,241,disty8,ACTTRAV_C03,0.6978603283670162
11,241,disty9,ACTTRAV_C03,0.7240433566252518
11,241,limiting_disability,ACTTRAV_C03,0.6076327846601269
11,241,no_disability,ACTTRAV_C03,0.8406812696553436
11,241,non_limiting_disability,WALKTRAV_B02,0.817031314572441
11,255,disty1,ACTTRAV_C03,0.6070589759364795
11,255,disty10,WALKTRAV_B02,0.41755472429010565
11,255,disty11,WALKTRAV_B02,0.5273320331059853
11,255,disty12,ACTTRAV_C03,0.7240433566252518
11,255,disty13,ACTTRAV_C03,0.7136803861104941
11,255,disty2,WALKTRAV_B02,0.6047599291805265
11,255,disty3,ACTTRAV_C03,0.4770649528115737
11,255,disty4,WALKTRAV_B02,0.45068105773775813
11,255,disty5,ACTTRAV_C03,0.6174851321411221
11,255,disty6,WALKTRAV_B02,0.5381436594408657
11,255,disty7,WALKTRAV_B02,0.5089291532285135
11,255,disty8,ACTTRAV_C03,0.5808997565260793
11,255,disty9,ACTTRAV_C03,0.6070589759364795
11,255,limiting_disability,ACTTRAV_C03,0.5340282067162719
11,255,no_disability,ACTTRAV_C03,0.6861157025985185
11,255,non_limiting_disability,WALKTRAV_B02,0.6664338806116088
11,272,disty1,ACTTRAV_C03,0.5879602913956498
11,272,disty10,ACTTRAV_C03,0.5362342247645175
11,272,disty11,ACTTRAV_C03,0.6070589759364795
11,272,disty12,WALKTRAV_B02,0.6047599291805265
11,272,disty13,WALKTRAV_B02,0.45068105773775813
11,272,disty2,ACTTRAV_C03,0.6070589759364795
11,272,disty3,ACTTRAV_C03,0.5041939097984115
11,272,disty4,ACTTRAV_C03,0.6070589759364795
11,272,disty5,ACTTRAV_C03,0.5879602913956498
11,272,disty6,ACTTRAV_C03,0.6070589759364795
11,272,disty7,WALKTRAV_B02,0.5381436594408657
11,272,disty8,WALKTRAV_B02,0.5273320331059853
11,272,disty9,WALKTRAV_B02,0.5089291532285135
11,272,limiting_disability,ACTTRAV_C03,0.6076327846601269
11,272,no_disability,ACTTRAV_C03,0.8406812696553436
11,272,non_limiting_disability,ACTTRAV_C03,0.8101171391195174
11,279,disty1,ACTTRAV_C03,0.6070589759364795
11,279,disty10,ACTTRAV_C03,0.5948379225438949
11,279,disty11,ACTTRAV_C03,0.6978603283670162
11,279,disty12,ACTTRAV_C03,0.6070589759364795
11,279,disty13,ACTTRAV_C03,0.7047294370150317
11,279,disty2,ACTTRAV_C03,0.5996687655577488
11,279,disty3,ACTTRAV_C03,0.6070589759364795
11,279,disty4,ACTTRAV_C03,0.6772716468572262
11,279,disty5,ACTTRAV_C03,0.5808997565260793
11,279,disty6,ACTTRAV_C03,0.7240433566252518
11,279,disty7,ACTTRAV_C03,0.7047294370150317
11,279,disty8,ACTTRAV_C03,0.5334543979926245
11,279,disty9,WALKTRAV_B02,0.48579125006399626
11,279,limiting_disability,ACTTRAV_C03,0.6076327846601269
11,279,no_disability,ACTTRAV_C03,0.7731562450083427
11,279,non_limiting_disability,ACTTRAV_C03,0.8145262994787861
11,280,disty1,ACTTRAV_C03,0.6174851321411221
11,280,disty10,ACTTRAV_C03,0.5775426576912368
11,280,disty11,WALKTRAV_B02,0.20488567813559153
11,280,disty12,ACTTRAV_C03,0.7047294370150317
11,280,disty13,ACTTRAV_C03,0.6243542407891376
11,280,disty2,ACTTRAV_C03,0.7136803861104941
11,280,disty3,WALKTRAV_B02,0.5701084183096894
11,280,disty4,CYCMOUNTAIN_N02,0.5460332233760872
11,280,disty5,ACTTRAV_C03,0.7136803861104941
11,280,disty6,ACTTRAV_C03,0.6841407555052417
11,280,disty7,ACTTRAV_C03,0.7136803861104941
11,280,disty8,ACTTRAV_C03,0.6070589759364795
11,280,disty9,WALKTRAV_B02,0.7113813393545411
11,280,limiting_disability,ACTTRAV_C03,0.6847145642288891
11,280,no_disability,ACTTRAV_C03,0.8394823411936404
11,280,non_limiting_disability,ACTTRAV_C03,0.7878684765829045
11,293,disty1,ACTTRAV_C03,0.5808997565260793
11,293,disty10,WALKTRAV_B02,0.4978157148607425
11,293,disty11,ACTTRAV_C03,0.7136803861104941
11,293,disty12,ACTTRAV_C03,0.6070589759364795
11,293,disty13,ACTTRAV_C03,0.6772716468572262
11,293,disty2,WALKTRAV_B02,0.5752511978571295
11,293,disty3,ACTTRAV_C03,0.5334543979926245
11,293,disty4,WALKTRAV_B02,0.5089291532285135
11,293,disty5,ACTTRAV_C03,0.6070589759364795
11,293,disty6,WALKTRAV_B02,0.39561981350799363
11,293,disty7,WALKTRAV_B02,0.5892958655094682
11,293,disty8,WALKTRAV_B02,0.5381436594408657
11,293,disty9,ACTTRAV_C03,0.5808997565260793
11,293,limiting_disability,ACTTRAV_C03,0.6076327846601269
11,293,no_disability,ACTTRAV_C03,0.833915712531554
11,293,non_limiting_disability,WALKTRAV_B02,0.7657638847484102
11,30,disty1,WALKTRAV_B02,0.48180019624167536
11,30,disty10,WALKTRAV_B02,0.508627341195623
11,30,disty11,ACTTRAV_C03,0.6174851321411221
11,30,disty12,ACTTRAV_C03,0.7240433566252518
11,30,disty13,ACTTRAV_C03,0.6070589759364795
11,30,disty2,WALKTRAV_B02,0.5089291532285135
11,30,disty3,ACTTRAV_C03,0.5229241421144494
11,30,disty4,WALKTRAV_B02,0.5892958655094682
11,30,disty5,ACTTRAV_C03,0.6070589759364795
11,30,disty6,WALKTRAV_B02,0.48180019624167536
11,30,disty7,ACTTRAV_C03,0.6070589759364795
11,30,disty8,ACTTRAV_C03,0.5334543979926245
11,30,disty9,ACTTRAV_C03,0.5657505430097602
11,30,limiting_disability,ACTTRAV_C03,0.6076327846601269
11,30,no_disability,ACTTRAV_C03,0.7642052959128802
11,30,non_limiting_disability,WALKTRAV_B02,0.7588074201982256
11,35,disty1,WALKTRAV_B02,0.45068105773775813
11,35,disty10,WALKTRAV_B02,0.45627493181875356
11,35,disty11,ACTTRAV_C03,0.6070589759364795
11,35,disty12,ACTTRAV_C03,0.7047294370150317
11,35,disty13,GARD_B08,0.6739232672457633
11,35,disty2,GARD_B08,0.3924391144852184
11,35,disty3,ACTTRAV_C03,0.4770649528115737
11,35,disty4,WALKTRAV_B02,0.39561981350799363
11,35,disty5,ACTTRAV_C03,0.6070589759364795
11,35,disty6,GARD_B08,0.5673018570717487
11,35,disty7,WALKTRAV_B02,0.5752511978571295
11,35,disty8,WALKTRAV_B02,0.5273320331059853
11,35,disty9,WALKTRAV_B02,0.45068105773775813
11,35,limiting_disability,ACTTRAV_C03,0.5340282067162719
11,35,no_disability,ACTTRAV_C03,0.7731562450083427
11,35,non_limiting_disability,WALKTRAV_B02,0.6664338806116088
11,44,disty1,ACTTRAV_C03,0.6070589759364795
11,44,disty10,WALKTRAV_B02,0.4794128349832706
11,44,disty11,GARD_B08,0.4477236688271214
11,44,disty12,ACTTRAV_C03,0.5879602913956498
11,44,disty13,ACTTRAV_C03,0.6772716468572262
11,44,disty2,ACTTRAV_C03,0.6070589759364795
11,44,disty3,ACTTRAV_C03,0.6070589759364795
11,44,disty4,ACTTRAV_C03,0.6070589759364795
11,44,disty5,ACTTRAV_C03,0.6070589759364795
11,44,disty6,GARD_B08,0.22143118962781125
11,44,disty7,WALKTRAV_B02,0.5089291532285135
11,44,disty8,WALKTRAV_B02,0.5752511978571295
11,44,disty9,WALKTRAV_B02,0.48579125006399626
11,44,limiting_disability,ACTTRAV_C03,0.6076327846601269
11,44,no_disability,ACTTRAV_C03,0.8083715113325316
11,44,non_limiting_disability,ACTTRAV_C03,0.7626812215720209
11,68,disty1,WALKTRAV_B02,0.5773829742434319
11,68,disty10,WALKTRAV_B02,0.4211647394925154
11,68,disty11,WALKTRAV_B02,0.6047599291805265
11,68,disty12,WALKTRAV_B02,0.5773829742434319
11,68,disty13,ACTTRAV_C03,0.6070589759364795
11,68,disty2,ACTTRAV_C03,0.5879602913956498
11,68,disty3,ACTTRAV_C03,0.5229241421144494
11,68,disty4,WALKTRAV_B02,0.2761449427842772
11,68,disty5,WALKTRAV_B02,0.5752511978571295
11,68,disty6,WALKTRAV_B02,0.45068105773775813
11,68,disty7,WALKTRAV_B02,0.48579125006399626
11,68,disty8,WALKTRAV_B02,0.5381436594408657
11,68,disty9,GARD_B08,0.42355825298913563
11,68,limiting_disability,ACTTRAV_C03,0.6076327846601269
11,68,no_disability,ACTTRAV_C03,0.6786257732388363
11,68,non_limiting_disability,WALKTRAV_B02,0.7588074201982256
11,78,disty1,WALKTRAV_B02,0.5892958655094682
11,78,disty10,ACTTRAV_C03,0.5879688138958794
11,78,disty11,ACTTRAV_C03,0.7068112774624786
11,78,disty12,WALKTRAV_B02,0.5773829742434319
11,78,disty13,ACTTRAV_C03,0.7240433566252518
11,78,disty2,ACTTRAV_C03,0.6070589759364795
11,78,disty3,ACTTRAV_C03,0.5041939097984115
11,78,disty4,ACTTRAV_C03,0.6070589759364795
11,78,disty5,ACTTRAV_C03,0.6070589759364795
11,78,disty6,ACTTRAV_C03,0.6841407555052417
11,78,disty7,ACTTRAV_C03,0.5334543979926245
11,78,disty8,WALKTRAV_B02,0.48579125006399626
11,78,disty9,GARD_B08,0.5777280132763913
11,78,limiting_disability,ACTTRAV_C03,0.6076327846601269
11,78,no_disability,ACTTRAV_C03,0.7731562450083427
11,78,non_limiting_disability,WALKTRAV_B02,0.7657638847484102
11,8,disty1,WALKTRAV_B02,0.5089291532285135
11,8,disty10,WALKTRAV_B02,0.4794128349832706
11,8,disty11,WALKTRAV_B02,0.5381436594408657
11,8,disty12,WALKTRAV_B02,0.5381436594408657
11,8,disty13,WALKTRAV_B02,0.5381436594408657
11,8,disty2,WALKTRAV_B02,0.5089291532285135
11,8,disty3,ACTTRAV_C03,0.5041939097984115
11,8,disty4,WALKTRAV_B02,0.5752511978571295
11,8,disty5,WALKTRAV_B02,0.5381436594408657
11,8,disty6,WALKTRAV_B02,0.5381436594408657
11,8,disty7,WALKTRAV_B02,0.5381436594408657
11,8,disty8,GARD_B08,0.3593127810375659
11,8,disty9,GARD_B08,0.48488468495186177
11,8,limiting_disability,WALKTRAV_B02,0.5387174681645132
11,8,no_disability,ACTTRAV_C03,0.6786257732388363
11,8,non_limiting_disability,ACTTRAV_C03,0.7505955223091291
11,9,disty1,ACTTRAV_C03,0.5879602913956498
11,9,disty10,GARD_B08,0.5184367449740824
11,9,disty11,WALKTRAV_B02,0.11311303494493004
11,9,disty12,ACTTRAV_C03,0.6070589759364795
11,9,disty13,ACTTRAV_C03,0.7136803861104941
11,9,disty2,ACTTRAV_C03,0.6070589759364795
11,9,disty3,WALKTRAV_B02,0.5773829742434319
11,9,disty4,WALKTRAV_B02,0.5381436594408657
11,9,disty5,ACTTRAV_C03,0.6070589759364795
11,9,disty6,WALKTRAV_B02,0.5273320331059853
11,9,disty7,WALKTRAV_B02,0.5752511978571295
11,9,disty8,ACTTRAV_C03,0.6070589759364795
11,9,disty9,WALKTRAV_B02,0.41755472429010565
11,9,limiting_disability,ACTTRAV_C03,0.6076327846601269
11,9,no_disability,ACTTRAV_C03,0.6861157025985185
11,9,non_limiting_disability,ACTTRAV_C03,0.7626812215720209
11,91,disty1,WALKTRAV_B02,0.48180019624167536
11,91,disty10,WALKTRAV_B02,0.4794128349832706
11,91,disty11,GARD_B08,0.48488468495186177
11,91,disty12,WALKTRAV_B02,0.41755472429010565
11,91,disty13,WALKTRAV_B02,0.3533598268466766
11,91,disty2,GARD_B08,0.48488468495186177
11,91,disty3,ACTTRAV_C03,0.4810560066338946
11,91,disty4,ACTTRAV_C03,0.5334543979926245
11,91,disty5,WALKTRAV_B02,0.5089291532285135
11,91,disty6,ACTTRAV_C03,0.5996687655577488
11,91,disty7,WALKTRAV_B02,0.5381436594408657
11,91,disty8,WALKTRAV_B02,0.48180019624167536
11,91,disty9,WALKTRAV_B02,0.48180019624167536
11,91,limiting_disability,WALKTRAV_B02,0.5387174681645132
11,91,no_disability,ACTTRAV_C03,0.6786257732388363
11,91,non_limiting_disability,WALKTRAV_B02,0.6664338806116088
12,107,disty1,ACTTRAV_C03,0.5808997565260793
12,107,disty10,WALKTRAV_B02,0.45627493181875356
12,107,disty11,WALKTRAV_B02,0.45068105773775813
12,107,disty12,ACTTRAV_C03,0.5879602913956498
12,107,disty13,ACTTRAV_C03,0.6070589759364795
12,107,disty2,ACTTRAV_C03,0.5879602913956498
12,107,disty3,ACTTRAV_C03,0.5041939097984115
12,107,disty4,WALKTRAV_B02,0.5089291532285135
12,107,disty5,ACTTRAV_C03,0.6070589759364795
12,107,disty6,WALKTRAV_B02,0.41755472429010565
12,107,disty7,WALKTRAV_B02,0.5089291532285135
12,107,disty8,WALKTRAV_B02,0.5381436594408657
12,107,disty9,WALKTRAV_B02,0.45068105773775813
12,107,limiting_disability,ACTTRAV_C03,0.5814735652497267
12,107,no_disability,ACTTRAV_C03,0.7835192155231004
12,107,non_limiting_disability,WALKTRAV_B02,0.7588074201982256
12,109,disty1,ACTTRAV_C03,0.5334543979926245
12,109,disty10,ACTTRAV_C03,0.5362342247645175
12,109,disty11,ACTTRAV_C03,0.6070589759364795
12,109,disty12,ACTTRAV_C03,0.6070589759364795
12,109,disty13,ACTTRAV_C03,0.6266398437006699
12,109,disty2,ACTTRAV_C03,0.5334543979926245
12,109,disty3,ACTTRAV_C03,0.5041939097984115
12,109,disty4,ACTTRAV_C03,0.6070589759364795
12,109,disty5,ACTTRAV_C03,0.6070589759364795
12,109,disty6,ACTTRAV_C03,0.6070589759364795
12,109,disty7,WALKTRAV_B02,0.5089291532285135
12,109,disty8,WALKTRAV_B02,0.5381436594408657
12,109,disty9,ACTTRAV_C03,0.6070589759364795
12,109,limiting_disability,ACTTRAV_C03,0.6076327846601269
12,109,no_disability,ACTTRAV_C03,0.833915712531554
12,109,non_limiting_disability,ACTTRAV_C03,0.8101171391195174
12,112,disty1,WALKTRAV_B02,0.5381436594408657
12,112,disty10,ACTTRAV_C03,0.5513834382808365
12,112,disty11,GARD_B08,0.5328038497030062
12,112,disty12,WALKTRAV_B02,0.5089291532285135
12,112,disty13,ACTTRAV_C03,0.6070589759364795
12,112,disty2,ACTTRAV_C03,0.6070589759364795
12,112,disty3,ACTTRAV_C03,0.4810560066338946
12,112,disty4,ACTTRAV_C03,0.6871831425332835
12,112,disty5,ACTTRAV_C03,0.6070589759364795
12,112,disty6,ACTTRAV_C03,0.6070589759364795
12,112,disty7,ACTTRAV_C03,0.5041939097984115
12,112,disty8,GARD_B08,0.29864607369021073
12,112,disty9,ACTTRAV_C03,0.5996687655577488
12,112,limiting_disability,ACTTRAV_C03,0.6076327846601269
12,112,no_disability,ACTTRAV_C03,0.8386628169782696
12,112,non_limiting_disability,WALKTRAV_B02,0.7920227829359722
12,114,disty1,ACTTRAV_C03,0.5879602913956498
12,114,disty10,ACTTRAV_C03,0.5775426576912368
12,114,disty11,WALKTRAV_B02,0.45068105773775813
12,114,disty12,ACTTRAV_C03,0.6070589759364795
12,114,disty13,ACTTRAV_C03,0.7047294370150317
12,114,disty2,ACTTRAV_C03,0.6070589759364795
12,114,disty3,ACTTRAV_C03,0.5041939097984115
12,114,disty4,GARD_B08,0.48488468495186177
12,114,disty5,ACTTRAV_C03,0.6070589759364795
12,114,disty6,ACTTRAV_C03,0.6070589759364795
12,114,disty7,WALKTRAV_B02,0.5381436594408657
12,114,disty8,WALKTRAV_B02,0.5892958655094682
12,114,disty9,ACTTRAV_C03,0.5334543979926245
12,114,limiting_disability,ACTTRAV_C03,0.6076327846601269
12,114,no_disability,ACTTRAV_C03,0.833915712531554
12,114,non_limiting_disability,WALKTRAV_B02,0.7862235187986313
12,117,disty1,ACTTRAV_C03,0.5879602913956498
12,117,disty10,WALKTRAV_B02,0.45228387799643266
12,117,disty11,ACTTRAV_C03,0.5808997565260793
12,117,disty12,ACTTRAV_C03,0.6070589759364795
12,117,disty13,ACTTRAV_C03,0.6070589759364795
12,117,disty2,ACTTRAV_C03,0.5808997565260793
12,117,disty3,ACTTRAV_C03,0.5996687655577488
12,117,disty4,ACTTRAV_C03,0.5808997565260793
12,117,disty5,WALKTRAV_B02,0.41755472429010565
12,117,disty6,ACTTRAV_C03,0.5657505430097602
12,117,disty7,WALKTRAV_B02,0.5752511978571295
12,117,disty8,WALKTRAV_B02,0.5892958655094682
12,117,disty9,ACTTRAV_C03,0.6070589759364795
12,117,limiting_disability,WALKTRAV_B02,0.5898696742331156
12,117,no_disability,ACTTRAV_C03,0.6786257732388363
12,117,non_limiting_disability,WALKTRAV_B02,0.6664338806116088
12,122,disty1,GARD_B08,0.4477236688271214
12,122,disty10,ACTTRAV_C03,0.4746775915531689
12,122,disty11,GARD_B08,0.5328038497030062
12,122,disty12,GARD_B08,0.3593127810375659
12,122,disty13,GARD_B08,0.5479530632193252
12,122,disty2,ACTTRAV_C03,0.5041939097984115
12,122,disty3,GARD_B08,0.4477236688271214
12,122,disty4,GARD_B08,0.4477236688271214
12,122,disty5,ACTTRAV_C03,0.5041939097984115
12,122,disty6,ACTTRAV_C03,0.44594581430765645
12,122,disty7,GARD_B08,0.48488468495186177
12,122,disty8,GARD_B08,0.42355825298913563
12,122,disty9,GARD_B08,0.5328038497030062
12,122,limiting_disability,GARD_B08,0.4854584936755091
12,122,no_disability,ACTTRAV_C03,0.7731562450083427
12,122,non_limiting_disability,WALKTRAV_B02,0.6537275365863915
12,126,disty1,WALKTRAV_B02,0.48180019624167536
12,126,disty10,WALKTRAV_B02,0.45627493181875356
12,126,disty11,GARD_B08,0.3593127810375659
12,126,disty12,WALKTRAV_B02,0.5089291532285135
12,126,disty13,ACTTRAV_C03,0.6070589759364795
12,126,disty2,WALKTRAV_B02,0.48579125006399626
12,126,disty3,GARD_B08,0.42355825298913563
12,126,disty4,WALKTRAV_B02,0.45068105773775813
12,126,disty5,ACTTRAV_C03,0.5879602913956498
12,126,disty6,GARD_B08,0.48488468495186177
12,126,disty7,ACTTRAV_C03,0.4810560066338946
12,126,disty8,WALKTRAV_B02,0.39561981350799363
12,126,disty9,GARD_B08,0.42458576566260436
12,126,limiting_disability,WALKTRAV_B02,0.5095029619521609
12,126,no_disability,ACTTRAV_C03,0.6786257732388363
12,126,non_limiting_disability,ACTTRAV_C03,0.6688074770328117
12,129,disty1,ACTTRAV_C03,0.4810560066338946
12,129,disty10,WALKTRAV_B02,0.20488567813559153
12,129,disty11,WALKTRAV_B02,0.2831917944157403
12,129,disty12,WALKTRAV_B02,0.5381436594408657
12,129,disty13,ACTTRAV_C03,0.6070589759364795
12,129,disty2,WALKTRAV_B02,0.48180019624167536
12,129,disty3,ACTTRAV_C03,0.5041939097984115
12,129,disty4,WALKTRAV_B02,0.41755472429010565
12,129,disty5,WALKTRAV_B02,0.5089291532285135
12,129,disty6,GARD_B08,0.398965904409954
12,129,disty7,WALKTRAV_B02,0.48180019624167536
12,129,disty8,WALKTRAV_B02,0.5381436594408657
12,129,disty9,WALKTRAV_B02,0.45068105773775813
12,129,limiting_disability,WALKTRAV_B02,0.5387174681645132
12,129,no_disability,ACTTRAV_C03,0.6786257732388363
12,129,non_limiting_disability,ACTTRAV_C03,0.7231377321513236
12,135,disty1,ACTTRAV_C03,0.5808997565260793
12,135,disty10,ACTTRAV_C03,0.5513834382808365
12,135,disty11,ACTTRAV_C03,0.6070589759364795
12,135,disty12,ACTTRAV_C03,0.6070589759364795
12,135,disty13,ACTTRAV_C03,0.6070589759364795
12,135,disty2,ACTTRAV_C03,0.6070589759364795
12,135,disty3,ACTTRAV_C03,0.5041939097984115
12,135,disty4,ACTTRAV_C03,0.6070589759364795
12,135,disty5,ACTTRAV_C03,0.6772716468572262
12,135,disty6,GARD_B08,0.42355825298913563
12,135,disty7,ACTTRAV_C03,0.6070589759364795
12,135,disty8,ACTTRAV_C03,0.5879602913956498
12,135,disty9,ACTTRAV_C03,0.452472604232392
12,135,limiting_disability,ACTTRAV_C03,0.6076327846601269
12,135,no_disability,ACTTRAV_C03,0.8083715113325316
12,135,non_limiting_disability,WALKTRAV_B02,0.8142714454725851
12,136,disty1,WALKTRAV_B02,0.5381436594408657
12,136,disty10,ACTTRAV_C03,0.3790530379755027
12,136,disty11,GARD_B08,0.29864607369021073
12,136,disty12,GARD_B08,0.29864607369021073
12,136,disty13,WALKTRAV_B02,0.5089291532285135
12,136,disty2,WALKTRAV_B02,0.5089291532285135
12,136,disty3,ACTTRAV_C03,0.5041939097984115
12,136,disty4,WALKTRAV_B02,0.45068105773775813
12,136,disty5,ACTTRAV_C03,0.5041939097984115
12,136,disty6,WALKTRAV_B02,0.45720784766249367
12,136,disty7,WALKTRAV_B02,0.45720784766249367
12,136,disty8,WALKTRAV_B02,0.41755472429010565
12,136,disty9,WALKTRAV_B02,0.45068105773775813
12,136,limiting_disability,ACTTRAV_C03,0.5340282067162719
12,136,no_disability,ACTTRAV_C03,0.7835192155231004
12,136,non_limiting_disability,WALKTRAV_B02,0.7691703907129832
12,139,disty1,ACTTRAV_C03,0.5334543979926245
12,139,disty10,WALKTRAV_B02,0.39561981350799363
12,139,disty11,ACTTRAV_C03,0.6070589759364795
12,139,disty12,ACTTRAV_C03,0.6070589759364795
12,139,disty13,ACTTRAV_C03,0.6266398437006699
12,139,disty2,ACTTRAV_C03,0.6070589759364795
12,139,disty3,ACTTRAV_C03,0.5808997565260793
12,139,disty4,ACTTRAV_C03,0.6070589759364795
12,139,disty5,ACTTRAV_C03,0.6070589759364795
12,139,disty6,GARD_B08,0.22143118962781125
12,139,disty7,GARD_B08,0.5328038497030062
12,139,disty8,GARD_B08,0.32554633815306466
12,139,disty9,GARD_B08,0.48488468495186177
12,139,limiting_disability,ACTTRAV_C03,0.6076327846601269
12,139,no_disability,ACTTRAV_C03,0.7835192155231004
12,139,non_limiting_disability,WALKTRAV_B02,0.7588074201982256
12,142,disty1,ACTTRAV_C03,0.6084835021909656
12,142,disty10,ACTTRAV_C03,0.5789671839457229
12,142,disty11,ACTTRAV_C03,0.6084835021909656
12,142,disty12,ACTTRAV_C03,0.6084835021909656
12,142,disty13,ACTTRAV_C03,0.6084835021909656
12,142,disty2,ACTTRAV_C03,0.6084835021909656
12,142,disty3,ACTTRAV_C03,0.6084835021909656
12,142,disty4,ACTTRAV_C03,0.6084835021909656
12,142,disty5,ACTTRAV_C03,0.6084835021909656
12,142,disty6,GARD_B08,0.30007059994469687
12,142,disty7,ACTTRAV_C03,0.6084835021909656
12,142,disty8,WALKTRAV_B02,0.5103536794829996
12,142,disty9,WALKTRAV_B02,0.27756946903876334
12,142,limiting_disability,ACTTRAV_C03,0.609057310914613
12,142,no_disability,ACTTRAV_C03,0.8520753158941836
12,142,non_limiting_disability,ACTTRAV_C03,0.7892930028373906
12,147,disty1,ACTTRAV_C03,0.6070589759364795
12,147,disty10,WALKTRAV_B02,0.5597795472642254
12,147,disty11,ACTTRAV_C03,0.6070589759364795
12,147,disty12,ACTTRAV_C03,0.6174851321411221
12,147,disty13,ACTTRAV_C03,0.5808997565260793
12,147,disty2,ACTTRAV_C03,0.6174851321411221
12,147,disty3,ACTTRAV_C03,0.5879602913956498
12,147,disty4,ACTTRAV_C03,0.5879602913956498
12,147,disty5,ACTTRAV_C03,0.6070589759364795
12,147,disty6,ACTTRAV_C03,0.6070589759364795
12,147,disty7,ACTTRAV_C03,0.5879602913956498
12,147,disty8,WALKTRAV_B02,0.5089291532285135
12,147,disty9,WALKTRAV_B02,0.5381436594408657
12,147,limiting_disability,ACTTRAV_C03,0.6076327846601269
12,147,no_disability,ACTTRAV_C03,0.8083715113325316
12,147,non_limiting_disability,ACTTRAV_C03,0.7557247570218363
12,160,disty1,WALKTRAV_B02,0.5381436594408657
12,160,disty10,WALKTRAV_B02,0.19901732286727236
12,160,disty11,WALKTRAV_B02,0.15607621056838614
12,160,disty12,ACTTRAV_C03,0.5808997565260793
12,160,disty13,WALKTRAV_B02,0.5381436594408657
12,160,disty2,WALKTRAV_B02,0.5089291532285135
12,160,disty3,ACTTRAV_C03,0.412819480860004
12,160,disty4,GARD_B08,0.32554633815306466
12,160,disty5,ACTTRAV_C03,0.5334543979926245
12,160,disty6,WALKTRAV_B02,0.19001380995093373
12,160,disty7,WALKTRAV_B02,0.5089291532285135
12,160,disty8,WALKTRAV_B02,0.48579125006399626
12,160,disty9,GARD_B08,0.42355825298913563
12,160,limiting_disability,WALKTRAV_B02,0.5387174681645132
12,160,no_disability,ACTTRAV_C03,0.7835192155231004
12,160,non_limiting_disability,ACTTRAV_C03,0.7557247570218363
12,17,disty1,GARD_B08,0.5328038497030062
12,17,disty10,GOLFADV_U11,0.4854501420146287
12,17,disty11,GOLFADV_U11,0.5474013688098428
12,17,disty12,ACTTRAV_C03,0.6070589759364795
12,17,disty13,ACTTRAV_C03,0.7068112774624786
12,17,disty2,WALKTRAV_B02,0.5089291532285135
12,17,disty3,GARD_B08,0.4477236688271214
12,17,disty4,WALKTRAV_B02,0.5089291532285135
12,17,disty5,WALKTRAV_B02,0.6047599291805265
12,17,disty6,WALKTRAV_B02,0.12975459622361285
12,17,disty7,GARD_B08,0.42355825298913563
12,17,disty8,WALKTRAV_B02,0.45720784766249367
12,17,disty9,GARD_B08,0.48488468495186177
12,17,limiting_disability,WALKTRAV_B02,0.5387174681645132
12,17,no_disability,ACTTRAV_C03,0.6786257732388363
12,17,non_limiting_disability,ACTTRAV_C03,0.6688074770328117
12,171,disty1,WALKTRAV_B02,0.5381436594408657
12,171,disty10,ACTTRAV_C03,0.558443973150407
12,171,disty11,ACTTRAV_C03,0.5879602913956498
12,171,disty12,ACTTRAV_C03,0.7136803861104941
12,171,disty13,ACTTRAV_C03,0.6070589759364795
12,171,disty2,ACTTRAV_C03,0.5879602913956498
12,171,disty3,ACTTRAV_C03,0.6070589759364795
12,171,disty4,ACTTRAV_C03,0.6070589759364795
12,171,disty5,ACTTRAV_C03,0.6070589759364795
12,171,disty6,WALKTRAV_B02,0.5381436594408657
12,171,disty7,ACTTRAV_C03,0.6070589759364795
12,171,disty8,ACTTRAV_C03,0.7068112774624786
12,171,disty9,WALKTRAV_B02,0.5381436594408657
12,171,limiting_disability,ACTTRAV_C03,0.6076327846601269
12,171,no_disability,ACTTRAV_C03,0.7835192155231004
12,171,non_limiting_disability,WALKTRAV_B02,0.6664338806116088
12,196,disty1,WALKTRAV_B02,0.5381436594408657
12,196,disty10,ACTTRAV_C03,0.5775426576912368
12,196,disty11,WALKTRAV_B02,0.19001380995093373
12,196,disty12,ACTTRAV_C03,0.5334543979926245
12,196,disty13,ACTTRAV_C03,0.5334543979926245
12,196,disty2,ACTTRAV_C03,0.6070589759364795
12,196,disty3,ACTTRAV_C03,0.5041939097984115
12,196,disty4,ACTTRAV_C03,0.5041939097984115
12,196,disty5,ACTTRAV_C03,0.5229241421144494
12,196,disty6,ACTTRAV_C03,0.6070589759364795
12,196,disty7,WALKTRAV_B02,0.5381436594408657
12,196,disty8,WALKTRAV_B02,0.5089291532285135
12,196,disty9,GARD_B08,0.4477236688271214
12,196,limiting_disability,ACTTRAV_C03,0.5663243517334077
12,196,no_disability,ACTTRAV_C03,0.6861157025985185
12,196,non_limiting_disability,WALKTRAV_B02,0.6664338806116088
12,201,disty1,ACTTRAV_C03,0.6070589759364795
12,201,disty10,ACTTRAV_C03,0.5775426576912368
12,201,disty11,ACTTRAV_C03,0.6070589759364795
12,201,disty12,ACTTRAV_C03,0.6978603283670162
12,201,disty13,ACTTRAV_C03,0.6070589759364795
12,201,disty2,ACTTRAV_C03,0.6070589759364795
12,201,disty3,ACTTRAV_C03,0.6070589759364795
12,201,disty4,ACTTRAV_C03,0.5996687655577488
12,201,disty5,ACTTRAV_C03,0.7068112774624786
12,201,disty6,ACTTRAV_C03,0.6978603283670162
12,201,disty7,WALKTRAV_B02,0.6047599291805265
12,201,disty8,ACTTRAV_C03,0.7068112774624786
12,201,disty9,WALKTRAV_B02,0.45720784766249367
12,201,limiting_disability,ACTTRAV_C03,0.6076327846601269
12,201,no_disability,ACTTRAV_C03,0.7988519739137085
12,201,non_limiting_disability,ACTTRAV_C03,0.7231377321513236
12,241,disty1,ACTTRAV_C03,0.5808997565260793
12,241,disty10,ACTTRAV_C03,0.5775426576912368
12,241,disty11,ACTTRAV_C03,0.7136803861104941
12,241,disty12,ACTTRAV_C03,0.6772716468572262
12,241,disty13,ACTTRAV_C03,0.6772716468572262
12,241,disty2,ACTTRAV_C03,0.6070589759364795
12,241,disty3,WALKTRAV_B02,0.5773829742434319
12,241,disty4,ACTTRAV_C03,0.6772716468572262
12,241,disty5,ACTTRAV_C03,0.7136803861104941
12,241,disty6,ACTTRAV_C03,0.7068112774624786
12,241,disty7,ACTTRAV_C03,0.6070589759364795
12,241,disty8,ACTTRAV_C03,0.6407079499052302
12,241,disty9,ACTTRAV_C03,0.7136803861104941
12,241,limiting_disability,ACTTRAV_C03,0.6076327846601269
12,241,no_disability,ACTTRAV_C03,0.8386628169782696
12,241,non_limiting_disability,WALKTRAV_B02,0.8142714454725851
12,255,disty1,ACTTRAV_C03,0.6070589759364795
12,255,disty10,WALKTRAV_B02,0.41755472429010565
12,255,disty11,WALKTRAV_B02,0.5752511978571295
12,255,disty12,ACTTRAV_C03,0.7136803861104941
12,255,disty13,ACTTRAV_C03,0.7068112774624786
12,255,disty2,ACTTRAV_C03,0.6070589759364795
12,255,disty3,ACTTRAV_C03,0.4810560066338946
12,255,disty4,WALKTRAV_B02,0.45720784766249367
12,255,disty5,ACTTRAV_C03,0.6070589759364795
12,255,disty6,ACTTRAV_C03,0.5334543979926245
12,255,disty7,WALKTRAV_B02,0.5381436594408657
12,255,disty8,ACTTRAV_C03,0.5879602913956498
12,255,disty9,ACTTRAV_C03,0.6070589759364795
12,255,limiting_disability,WALKTRAV_B02,0.5387174681645132
12,255,no_disability,ACTTRAV_C03,0.6861157025985185
12,255,non_limiting_disability,ACTTRAV_C03,0.6688074770328117
12,272,disty1,ACTTRAV_C03,0.5879602913956498
12,272,disty10,WALKTRAV_B02,0.4978157148607425
12,272,disty11,ACTTRAV_C03,0.6070589759364795
12,272,disty12,ACTTRAV_C03,0.5879602913956498
12,272,disty13,WALKTRAV_B02,0.45720784766249367
12,272,disty2,ACTTRAV_C03,0.6070589759364795
12,272,disty3,ACTTRAV_C03,0.5041939097984115
12,272,disty4,ACTTRAV_C03,0.6070589759364795
12,272,disty5,WALKTRAV_B02,0.5892958655094682
12,272,disty6,ACTTRAV_C03,0.6070589759364795
12,272,disty7,WALKTRAV_B02,0.5381436594408657
12,272,disty8,WALKTRAV_B02,0.5381436594408657
12,272,disty9,WALKTRAV_B02,0.5089291532285135
12,272,limiting_disability,ACTTRAV_C03,0.6076327846601269
12,272,no_disability,ACTTRAV_C03,0.8386628169782696
12,272,non_limiting_disability,ACTTRAV_C03,0.7889820982797636
12,279,disty1,ACTTRAV_C03,0.6070589759364795
12,279,disty10,ACTTRAV_C03,0.5775426576912368
12,279,disty11,ACTTRAV_C03,0.6407079499052302
12,279,disty12,ACTTRAV_C03,0.6070589759364795
12,279,disty13,ACTTRAV_C03,0.6978603283670162
12,279,disty2,ACTTRAV_C03,0.6070589759364795
12,279,disty3,ACTTRAV_C03,0.6070589759364795
12,279,disty4,ACTTRAV_C03,0.6266398437006699
12,279,disty5,WALKTRAV_B02,0.5752511978571295
12,279,disty6,ACTTRAV_C03,0.7136803861104941
12,279,disty7,ACTTRAV_C03,0.6978603283670162
12,279,disty8,WALKTRAV_B02,0.5752511978571295
12,279,disty9,WALKTRAV_B02,0.5089291532285135
12,279,limiting_disability,ACTTRAV_C03,0.6076327846601269
12,279,no_disability,ACTTRAV_C03,0.7801127095585274
12,279,non_limiting_disability,ACTTRAV_C03,0.8101171391195174
12,280,disty1,ACTTRAV_C03,0.6070589759364795
12,280,disty10,WALKTRAV_B02,0.5597795472642254
12,280,disty11,WALKTRAV_B02,0.19001380995093373
12,280,disty12,ACTTRAV_C03,0.6772716468572262
12,280,disty13,ACTTRAV_C03,0.6070589759364795
12,280,disty2,ACTTRAV_C03,0.6772716468572262
12,280,disty3,WALKTRAV_B02,0.5892958655094682
12,280,disty4,CYCMOUNTAIN_N02,0.574377646115899
12,280,disty5,ACTTRAV_C03,0.6978603283670162
12,280,disty6,ACTTRAV_C03,0.6772716468572262
12,280,disty7,ACTTRAV_C03,0.6978603283670162
12,280,disty8,ACTTRAV_C03,0.6070589759364795
12,280,disty9,WALKTRAV_B02,0.7045122307065256
12,280,limiting_disability,ACTTRAV_C03,0.6412817586288776
12,280,no_disability,ACTTRAV_C03,0.8386628169782696
12,280,non_limiting_disability,ACTTRAV_C03,0.7660877275365939
12,293,disty1,ACTTRAV_C03,0.5808997565260793
12,293,disty10,WALKTRAV_B02,0.4981430672993086
12,293,disty11,ACTTRAV_C03,0.7068112774624786
12,293,disty12,ACTTRAV_C03,0.6070589759364795
12,293,disty13,ACTTRAV_C03,0.6266398437006699
12,293,disty2,WALKTRAV_B02,0.5752511978571295
12,293,disty3,ACTTRAV_C03,0.5334543979926245
12,293,disty4,WALKTRAV_B02,0.5089291532285135
12,293,disty5,ACTTRAV_C03,0.6070589759364795
12,293,disty6,WALKTRAV_B02,0.41755472429010565
12,293,disty7,ACTTRAV_C03,0.5879602913956498
12,293,disty8,ACTTRAV_C03,0.5334543979926245
12,293,disty9,WALKTRAV_B02,0.5752511978571295
12,293,limiting_disability,ACTTRAV_C03,0.6076327846601269
12,293,no_disability,ACTTRAV_C03,0.833915712531554
12,293,non_limiting_disability,WALKTRAV_B02,0.7657638847484102
12,30,disty1,WALKTRAV_B02,0.5089291532285135
12,30,disty10,ACTTRAV_C03,0.5039380797473817
12,30,disty11,ACTTRAV_C03,0.6070589759364795
12,30,disty12,ACTTRAV_C03,0.7136803861104941
12,30,disty13,ACTTRAV_C03,0.6070589759364795
12,30,disty2,WALKTRAV_B02,0.5381436594408657
12,30,disty3,ACTTRAV_C03,0.5334543979926245
12,30,disty4,WALKTRAV_B02,0.6047599291805265
12,30,disty5,ACTTRAV_C03,0.6070589759364795
12,30,disty6,WALKTRAV_B02,0.5089291532285135
12,30,disty7,ACTTRAV_C03,0.6070589759364795
12,30,disty8,ACTTRAV_C03,0.5808997565260793
12,30,disty9,ACTTRAV_C03,0.5879602913956498
12,30,limiting_disability,ACTTRAV_C03,0.6076327846601269
12,30,no_disability,ACTTRAV_C03,0.7731562450083427
12,30,non_limiting_disability,WALKTRAV_B02,0.7588074201982256
12,35,disty1,WALKTRAV_B02,0.48180019624167536
12,35,disty10,WALKTRAV_B02,0.4794128349832706
12,35,disty11,ACTTRAV_C03,0.6070589759364795
12,35,disty12,ACTTRAV_C03,0.6772716468572262
12,35,disty13,GARD_B08,0.6009508310404994
12,35,disty2,GARD_B08,0.3924391144852184
12,35,disty3,ACTTRAV_C03,0.5041939097984115
12,35,disty4,WALKTRAV_B02,0.41755472429010565
12,35,disty5,ACTTRAV_C03,0.6070589759364795
12,35,disty6,GARD_B08,0.5479530632193252
12,35,disty7,WALKTRAV_B02,0.5752511978571295
12,35,disty8,WALKTRAV_B02,0.5752511978571295
12,35,disty9,WALKTRAV_B02,0.48180019624167536
12,35,limiting_disability,WALKTRAV_B02,0.5387174681645132
12,35,no_disability,ACTTRAV_C03,0.7801127095585274
12,35,non_limiting_disability,ACTTRAV_C03,0.6688074770328117
12,44,disty1,ACTTRAV_C03,0.6070589759364795
12,44,disty10,WALKTRAV_B02,0.4794128349832706
12,44,disty11,GARD_B08,0.42355825298913563
12,44,disty12,WALKTRAV_B02,0.5892958655094682
12,44,disty13,ACTTRAV_C03,0.6174851321411221
12,44,disty2,ACTTRAV_C03,0.6070589759364795
12,44,disty3,ACTTRAV_C03,0.6070589759364795
12,44,disty4,ACTTRAV_C03,0.6070589759364795
12,44,disty5,ACTTRAV_C03,0.6070589759364795
12,44,disty6,GARD_B08,0.22143118962781125
12,44,disty7,WALKTRAV_B02,0.5089291532285135
12,44,disty8,WALKTRAV_B02,0.5752511978571295
12,44,disty9,WALKTRAV_B02,0.48579125006399626
12,44,limiting_disability,ACTTRAV_C03,0.6076327846601269
12,44,no_disability,ACTTRAV_C03,0.8083715113325316
12,44,non_limiting_disability,ACTTRAV_C03,0.7626812215720209
12,68,disty1,WALKTRAV_B02,0.5752511978571295
12,68,disty10,WALKTRAV_B02,0.45228387799643266
12,68,disty11,WALKTRAV_B02,0.5773829742434319
12,68,disty12,WALKTRAV_B02,0.5752511978571295
12,68,disty13,ACTTRAV_C03,0.6070589759364795
12,68,disty2,ACTTRAV_C03,0.5879602913956498
12,68,disty3,ACTTRAV_C03,0.5334543979926245
12,68,disty4,WALKTRAV_B02,0.2761449427842772
12,68,disty5,WALKTRAV_B02,0.5752511978571295
12,68,disty6,WALKTRAV_B02,0.45068105773775813
12,68,disty7,WALKTRAV_B02,0.48180019624167536
12,68,disty8,ACTTRAV_C03,0.5334543979926245
12,68,disty9,WALKTRAV_B02,0.39561981350799363
12,68,limiting_disability,ACTTRAV_C03,0.6076327846601269
12,68,no_disability,ACTTRAV_C03,0.6786257732388363
12,68,non_limiting_disability,WALKTRAV_B02,0.7588074201982256
12,78,disty1,ACTTRAV_C03,0.6070589759364795
12,78,disty10,ACTTRAV_C03,0.5775426576912368
12,78,disty11,ACTTRAV_C03,0.6772716468572262
12,78,disty12,ACTTRAV_C03,0.5996687655577488
12,78,disty13,ACTTRAV_C03,0.7136803861104941
12,78,disty2,ACTTRAV_C03,0.6070589759364795
12,78,disty3,ACTTRAV_C03,0.5229241421144494
12,78,disty4,ACTTRAV_C03,0.6070589759364795
12,78,disty5,ACTTRAV_C03,0.6070589759364795
12,78,disty6,ACTTRAV_C03,0.6407079499052302
12,78,disty7,ACTTRAV_C03,0.5334543979926245
12,78,disty8,WALKTRAV_B02,0.5089291532285135
12,78,disty9,GARD_B08,0.5673018570717487
12,78,limiting_disability,ACTTRAV_C03,0.6076327846601269
12,78,no_disability,ACTTRAV_C03,0.7801127095585274
12,78,non_limiting_disability,WALKTRAV_B02,0.7657638847484102
12,8,disty1,WALKTRAV_B02,0.5381436594408657
12,8,disty10,WALKTRAV_B02,0.516573851108011
12,8,disty11,ACTTRAV_C03,0.5657505430097602
12,8,disty12,ACTTRAV_C03,0.5334543979926245
12,8,disty13,WALKTRAV_B02,0.5381436594408657
12,8,disty2,WALKTRAV_B02,0.5089291532285135
12,8,disty3,ACTTRAV_C03,0.5229241421144494
12,8,disty4,ACTTRAV_C03,0.5879602913956498
12,8,disty5,ACTTRAV_C03,0.5334543979926245
12,8,disty6,ACTTRAV_C03,0.5334543979926245
12,8,disty7,ACTTRAV_C03,0.5334543979926245
12,8,disty8,GARD_B08,0.3593127810375659
12,8,disty9,GARD_B08,0.48488468495186177
12,8,limiting_disability,ACTTRAV_C03,0.5340282067162719
12,8,no_disability,ACTTRAV_C03,0.6786257732388363
12,8,non_limiting_disability,ACTTRAV_C03,0.7557247570218363
12,9,disty1,ACTTRAV_C03,0.5879602913956498
12,9,disty10,GARD_B08,0.45536836670661907
12,9,disty11,WALKTRAV_B02,0.12975459622361285
12,9,disty12,ACTTRAV_C03,0.6070589759364795
12,9,disty13,ACTTRAV_C03,0.7068112774624786
12,9,disty2,ACTTRAV_C03,0.6070589759364795
12,9,disty3,ACTTRAV_C03,0.5996687655577488
12,9,disty4,ACTTRAV_C03,0.5334543979926245
12,9,disty5,ACTTRAV_C03,0.6070589759364795
12,9,disty6,WALKTRAV_B02,0.5381436594408657
12,9,disty7,WALKTRAV_B02,0.5752511978571295
12,9,disty8,ACTTRAV_C03,0.6070589759364795
12,9,disty9,WALKTRAV_B02,0.41755472429010565
12,9,limiting_disability,ACTTRAV_C03,0.6076327846601269
12,9,no_disability,ACTTRAV_C03,0.6861157025985185
12,9,non_limiting_disability,ACTTRAV_C03,0.7626812215720209
12,91,disty1,WALKTRAV_B02,0.5089291532285135
12,91,disty10,WALKTRAV_B02,0.45228387799643266
12,91,disty11,GARD_B08,0.48488468495186177
12,91,disty12,WALKTRAV_B02,0.41755472429010565
12,91,disty13,WALKTRAV_B02,0.3533598268466766
12,91,disty2,WALKTRAV_B02,0.45068105773775813
12,91,disty3,ACTTRAV_C03,0.5041939097984115
12,91,disty4,WALKTRAV_B02,0.5752511978571295
12,91,disty5,WALKTRAV_B02,0.5089291532285135
12,91,disty6,ACTTRAV_C03,0.6070589759364795
12,91,disty7,WALKTRAV_B02,0.5381436594408657
12,91,disty8,WALKTRAV_B02,0.48579125006399626
12,91,disty9,WALKTRAV_B02,0.5089291532285135
12,91,limiting_disability,ACTTRAV_C03,0.5340282067162719
12,91,no_disability,ACTTRAV_C03,0.6786257732388363
12,91,non_limiting_disability,ACTTRAV_C03,0.6688074770328117
13,107,disty1,ACTTRAV_C03,0.5808997565260793
13,107,disty10,WALKTRAV_B02,0.45228387799643266
13,107,disty11,WALKTRAV_B02,0.45720784766249367
13,107,disty12,WALKTRAV_B02,0.5892958655094682
13,107,disty13,ACTTRAV_C03,0.6070589759364795
13,107,disty2,ACTTRAV_C03,0.5879602913956498
13,107,disty3,ACTTRAV_C03,0.5041939097984115
13,107,disty4,WALKTRAV_B02,0.5381436594408657
13,107,disty5,ACTTRAV_C03,0.6070589759364795
13,107,disty6,WALKTRAV_B02,0.45068105773775813
13,107,disty7,WALKTRAV_B02,0.5381436594408657
13,107,disty8,WALKTRAV_B02,0.5381436594408657
13,107,disty9,WALKTRAV_B02,0.45720784766249367
13,107,limiting_disability,WALKTRAV_B02,0.5898696742331156
13,107,no_disability,ACTTRAV_C03,0.7835192155231004
13,107,non_limiting_disability,WALKTRAV_B02,0.7588074201982256
13,109,disty1,WALKTRAV_B02,0.5381436594408657
13,109,disty10,ACTTRAV_C03,0.48831506001337327
13,109,disty11,ACTTRAV_C03,0.6070589759364795
13,109,disty12,ACTTRAV_C03,0.6070589759364795
13,109,disty13,ACTTRAV_C03,0.6174851321411221
13,109,disty2,ACTTRAV_C03,0.5334543979926245
13,109,disty3,ACTTRAV_C03,0.5229241421144494
13,109,disty4,ACTTRAV_C03,0.6070589759364795
13,109,disty5,ACTTRAV_C03,0.6070589759364795
13,109,disty6,ACTTRAV_C03,0.6070589759364795
13,109,disty7,WALKTRAV_B02,0.5089291532285135
13,109,disty8,ACTTRAV_C03,0.5334543979926245
13,109,disty9,ACTTRAV_C03,0.6070589759364795
13,109,limiting_disability,ACTTRAV_C03,0.6076327846601269
13,109,no_disability,ACTTRAV_C03,0.833915712531554
13,109,non_limiting_disability,ACTTRAV_C03,0.7889820982797636
13,112,disty1,WALKTRAV_B02,0.5381436594408657
13,112,disty10,ACTTRAV_C03,0.5362342247645175
13,112,disty11,GARD_B08,0.48488468495186177
13,112,disty12,WALKTRAV_B02,0.5381436594408657
13,112,disty13,ACTTRAV_C03,0.6070589759364795
13,112,disty2,ACTTRAV_C03,0.6070589759364795
13,112,disty3,ACTTRAV_C03,0.5041939097984115
13,112,disty4,ACTTRAV_C03,0.6174851321411221
13,112,disty5,ACTTRAV_C03,0.6070589759364795
13,112,disty6,ACTTRAV_C03,0.6070589759364795
13,112,disty7,ACTTRAV_C03,0.5229241421144494
13,112,disty8,GARD_B08,0.29864607369021073
13,112,disty9,ACTTRAV_C03,0.5879602913956498
13,112,limiting_disability,ACTTRAV_C03,0.6076327846601269
13,112,no_disability,ACTTRAV_C03,0.833915712531554
13,112,non_limiting_disability,WALKTRAV_B02,0.7862235187986313
13,114,disty1,ACTTRAV_C03,0.5879602913956498
13,114,disty10,ACTTRAV_C03,0.558443973150407
13,114,disty11,WALKTRAV_B02,0.45720784766249367
13,114,disty12,ACTTRAV_C03,0.6070589759364795
13,114,disty13,ACTTRAV_C03,0.6772716468572262
13,114,disty2,ACTTRAV_C03,0.6070589759364795
13,114,disty3,ACTTRAV_C03,0.5229241421144494
13,114,disty4,GARD_B08,0.4477236688271214
13,114,disty5,ACTTRAV_C03,0.6070589759364795
13,114,disty6,ACTTRAV_C03,0.6070589759364795
13,114,disty7,ACTTRAV_C03,0.5334543979926245
13,114,disty8,ACTTRAV_C03,0.5879602913956498
13,114,disty9,ACTTRAV_C03,0.5334543979926245
13,114,limiting_disability,ACTTRAV_C03,0.6076327846601269
13,114,no_disability,ACTTRAV_C03,0.833915712531554
13,114,non_limiting_disability,WALKTRAV_B02,0.7862235187986313
13,117,disty1,ACTTRAV_C03,0.5879602913956498
13,117,disty10,WALKTRAV_B02,0.45228387799643266
13,117,disty11,WALKTRAV_B02,0.5752511978571295
13,117,disty12,ACTTRAV_C03,0.6070589759364795
13,117,disty13,ACTTRAV_C03,0.6070589759364795
13,117,disty2,ACTTRAV_C03,0.5808997565260793
13,117,disty3,WALKTRAV_B02,0.5892958655094682
13,117,disty4,ACTTRAV_C03,0.5808997565260793
13,117,disty5,WALKTRAV_B02,0.45068105773775813
13,117,disty6,ACTTRAV_C03,0.5657505430097602
13,117,disty7,WALKTRAV_B02,0.5752511978571295
13,117,disty8,WALKTRAV_B02,0.5892958655094682
13,117,disty9,ACTTRAV_C03,0.6070589759364795
13,117,limiting_disability,WALKTRAV_B02,0.5898696742331156
13,117,no_disability,ACTTRAV_C03,0.6786257732388363
13,117,non_limiting_disability,ACTTRAV_C03,0.6688074770328117
13,122,disty1,GARD_B08,0.42458576566260436
13,122,disty10,ACTTRAV_C03,0.4746775915531689
13,122,disty11,ACTTRAV_C03,0.5334543979926245
13,122,disty12,GARD_B08,0.3593127810375659
13,122,disty13,GARD_B08,0.5328038497030062
13,122,disty2,ACTTRAV_C03,0.5041939097984115
13,122,disty3,GARD_B08,0.42458576566260436
13,122,disty4,ACTTRAV_C03,0.452472604232392
13,122,disty5,ACTTRAV_C03,0.5229241421144494
13,122,disty6,ACTTRAV_C03,0.4770649528115737
13,122,disty7,GARD_B08,0.48488468495186177
13,122,disty8,GARD_B08,0.3924391144852184
13,122,disty9,GARD_B08,0.48488468495186177
13,122,limiting_disability,GARD_B08,0.4854584936755091
13,122,no_disability,ACTTRAV_C03,0.7731562450083427
13,122,non_limiting_disability,WALKTRAV_B02,0.671890140209201
13,126,disty1,WALKTRAV_B02,0.5089291532285135
13,126,disty10,WALKTRAV_B02,0.45228387799643266
13,126,disty11,GARD_B08,0.32554633815306466
13,126,disty12,WALKTRAV_B02,0.5381436594408657
13,126,disty13,ACTTRAV_C03,0.6070589759364795
13,126,disty2,WALKTRAV_B02,0.5089291532285135
13,126,disty3,ACTTRAV_C03,0.412819480860004
13,126,disty4,WALKTRAV_B02,0.45720784766249367
13,126,disty5,WALKTRAV_B02,0.5892958655094682
13,126,disty6,WALKTRAV_B02,0.45720784766249367
13,126,disty7,ACTTRAV_C03,0.5041939097984115
13,126,disty8,WALKTRAV_B02,0.41755472429010565
13,126,disty9,GARD_B08,0.42355825298913563
13,126,limiting_disability,WALKTRAV_B02,0.5387174681645132
13,126,no_disability,ACTTRAV_C03,0.6786257732388363
13,126,non_limiting_disability,WALKTRAV_B02,0.6664338806116088
13,129,disty1,ACTTRAV_C03,0.5041939097984115
13,129,disty10,WALKTRAV_B02,0.2088988450854704
13,129,disty11,WALKTRAV_B02,0.2831917944157403
13,129,disty12,ACTTRAV_C03,0.5334543979926245
13,129,disty13,ACTTRAV_C03,0.6070589759364795
13,129,disty2,WALKTRAV_B02,0.5089291532285135
13,129,disty3,ACTTRAV_C03,0.5041939097984115
13,129,disty4,WALKTRAV_B02,0.45068105773775813
13,129,disty5,WALKTRAV_B02,0.5381436594408657
13,129,disty6,GARD_B08,0.3593127810375659
13,129,disty7,WALKTRAV_B02,0.5089291532285135
13,129,disty8,ACTTRAV_C03,0.5334543979926245
13,129,disty9,WALKTRAV_B02,0.48180019624167536
13,129,limiting_disability,ACTTRAV_C03,0.5340282067162719
13,129,no_disability,ACTTRAV_C03,0.6786257732388363
13,129,non_limiting_disability,ACTTRAV_C03,0.7300068407993391
13,135,disty1,WALKTRAV_B02,0.5892958655094682
13,135,disty10,WALKTRAV_B02,0.5457348796118868
13,135,disty11,ACTTRAV_C03,0.6070589759364795
13,135,disty12,ACTTRAV_C03,0.6070589759364795
13,135,disty13,ACTTRAV_C03,0.6070589759364795
13,135,disty2,ACTTRAV_C03,0.6070589759364795
13,135,disty3,ACTTRAV_C03,0.5041939097984115
13,135,disty4,ACTTRAV_C03,0.6070589759364795
13,135,disty5,ACTTRAV_C03,0.6266398437006699
13,135,disty6,GARD_B08,0.3924391144852184
13,135,disty7,ACTTRAV_C03,0.6070589759364795
13,135,disty8,ACTTRAV_C03,0.5879602913956498
13,135,disty9,ACTTRAV_C03,0.4770649528115737
13,135,limiting_disability,ACTTRAV_C03,0.6076327846601269
13,135,no_disability,ACTTRAV_C03,0.8083715113325316
13,135,non_limiting_disability,WALKTRAV_B02,0.7931364046328313
13,136,disty1,WALKTRAV_B02,0.5381436594408657
13,136,disty10,ACTTRAV_C03,0.412819480860004
13,136,disty11,GARD_B08,0.29864607369021073
13,136,disty12,GARD_B08,0.29864607369021073
13,136,disty13,WALKTRAV_B02,0.5381436594408657
13,136,disty2,WALKTRAV_B02,0.5089291532285135
13,136,disty3,ACTTRAV_C03,0.5229241421144494
13,136,disty4,WALKTRAV_B02,0.45720784766249367
13,136,disty5,ACTTRAV_C03,0.5229241421144494
13,136,disty6,WALKTRAV_B02,0.48180019624167536
13,136,disty7,WALKTRAV_B02,0.48180019624167536
13,136,disty8,WALKTRAV_B02,0.45068105773775813
13,136,disty9,WALKTRAV_B02,0.45720784766249367
13,136,limiting_disability,WALKTRAV_B02,0.5387174681645132
13,136,no_disability,ACTTRAV_C03,0.7835192155231004
13,136,non_limiting_disability,WALKTRAV_B02,0.7657638847484102
13,139,disty1,ACTTRAV_C03,0.5334543979926245
13,139,disty10,WALKTRAV_B02,0.41755472429010565
13,139,disty11,ACTTRAV_C03,0.6070589759364795
13,139,disty12,ACTTRAV_C03,0.6070589759364795
13,139,disty13,ACTTRAV_C03,0.6174851321411221
13,139,disty2,ACTTRAV_C03,0.6070589759364795
13,139,disty3,ACTTRAV_C03,0.5808997565260793
13,139,disty4,ACTTRAV_C03,0.6070589759364795
13,139,disty5,ACTTRAV_C03,0.6070589759364795
13,139,disty6,GARD_B08,0.22143118962781125
13,139,disty7,WALKTRAV_B02,0.5089291532285135
13,139,disty8,GARD_B08,0.32681652462959526
13,139,disty9,GARD_B08,0.48488468495186177
13,139,limiting_disability,ACTTRAV_C03,0.6076327846601269
13,139,no_disability,ACTTRAV_C03,0.7835192155231004
13,139,non_limiting_disability,WALKTRAV_B02,0.7588074201982256
13,142,disty1,ACTTRAV_C03,0.6084835021909656
13,142,disty10,ACTTRAV_C03,0.559868499404893
13,142,disty11,ACTTRAV_C03,0.6084835021909656
13,142,disty12,ACTTRAV_C03,0.6084835021909656
13,142,disty13,ACTTRAV_C03,0.6084835021909656
13,142,disty2,ACTTRAV_C03,0.6084835021909656
13,142,disty3,ACTTRAV_C03,0.6084835021909656
13,142,disty4,ACTTRAV_C03,0.6084835021909656
13,142,disty5,ACTTRAV_C03,0.6084835021909656
13,142,disty6,GARD_B08,0.30007059994469687
13,142,disty7,ACTTRAV_C03,0.6084835021909656
13,142,disty8,WALKTRAV_B02,0.5103536794829996
13,142,disty9,WALKTRAV_B02,0.28461632067022646
13,142,limiting_disability,ACTTRAV_C03,0.609057310914613
13,142,no_disability,ACTTRAV_C03,0.8520753158941836
13,142,non_limiting_disability,ACTTRAV_C03,0.7834937387000497
13,147,disty1,ACTTRAV_C03,0.6070589759364795
13,147,disty10,ACTTRAV_C03,0.5513834382808365
13,147,disty11,ACTTRAV_C03,0.6070589759364795
13,147,disty12,ACTTRAV_C03,0.6070589759364795
13,147,disty13,WALKTRAV_B02,0.5752511978571295
13,147,disty2,ACTTRAV_C03,0.6070589759364795
13,147,disty3,ACTTRAV_C03,0.5879602913956498
13,147,disty4,ACTTRAV_C03,0.5879602913956498
13,147,disty5,ACTTRAV_C03,0.6070589759364795
13,147,disty6,ACTTRAV_C03,0.6070589759364795
13,147,disty7,ACTTRAV_C03,0.5879602913956498
13,147,disty8,WALKTRAV_B02,0.5381436594408657
13,147,disty9,ACTTRAV_C03,0.5334543979926245
13,147,limiting_disability,ACTTRAV_C03,0.6076327846601269
13,147,no_disability,ACTTRAV_C03,0.8083715113325316
13,147,non_limiting_disability,ACTTRAV_C03,0.7557247570218363
13,160,disty1,ACTTRAV_C03,0.5334543979926245
13,160,disty10,WALKTRAV_B02,0.2088988450854704
13,160,disty11,WALKTRAV_B02,0.18157462553609824
13,160,disty12,ACTTRAV_C03,0.5808997565260793
13,160,disty13,ACTTRAV_C03,0.5413549259231518
13,160,disty2,WALKTRAV_B02,0.5381436594408657
13,160,disty3,ACTTRAV_C03,0.44594581430765645
13,160,disty4,GARD_B08,0.32681652462959526
13,160,disty5,WALKTRAV_B02,0.5381436594408657
13,160,disty6,WALKTRAV_B02,0.20488567813559153
13,160,disty7,WALKTRAV_B02,0.5381436594408657
13,160,disty8,WALKTRAV_B02,0.5089291532285135
13,160,disty9,GARD_B08,0.42355825298913563
13,160,limiting_disability,ACTTRAV_C03,0.5340282067162719
13,160,no_disability,ACTTRAV_C03,0.7835192155231004
13,160,non_limiting_disability,WALKTRAV_B02,0.7588074201982256
13,17,disty1,WALKTRAV_B02,0.5089291532285135
13,17,disty10,GOLFADV_U11,0.4328048696887155
13,17,disty11,GOLFADV_U11,0.5474013688098428
13,17,disty12,ACTTRAV_C03,0.6070589759364795
13,17,disty13,ACTTRAV_C03,0.6772716468572262
13,17,disty2,WALKTRAV_B02,0.5089291532285135
13,17,disty3,ACTTRAV_C03,0.452472604232392
13,17,disty4,WALKTRAV_B02,0.5089291532285135
13,17,disty5,WALKTRAV_B02,0.6047599291805265
13,17,disty6,WALKTRAV_B02,0.14882276997185337
13,17,disty7,WALKTRAV_B02,0.45068105773775813
13,17,disty8,WALKTRAV_B02,0.48180019624167536
13,17,disty9,GARD_B08,0.48488468495186177
13,17,limiting_disability,WALKTRAV_B02,0.5387174681645132
13,17,no_disability,ACTTRAV_C03,0.6786257732388363
13,17,non_limiting_disability,WALKTRAV_B02,0.6664338806116088
13,171,disty1,WALKTRAV_B02,0.5381436594408657
13,171,disty10,WALKTRAV_B02,0.5457348796118868
13,171,disty11,WALKTRAV_B02,0.5892958655094682
13,171,disty12,ACTTRAV_C03,0.6772716468572262
13,171,disty13,ACTTRAV_C03,0.6070589759364795
13,171,disty2,WALKTRAV_B02,0.5892958655094682
13,171,disty3,ACTTRAV_C03,0.6070589759364795
13,171,disty4,ACTTRAV_C03,0.6070589759364795
13,171,disty5,ACTTRAV_C03,0.6070589759364795
13,171,disty6,ACTTRAV_C03,0.5334543979926245
13,171,disty7,ACTTRAV_C03,0.6070589759364795
13,171,disty8,ACTTRAV_C03,0.6772716468572262
13,171,disty9,WALKTRAV_B02,0.5273320331059853
13,171,limiting_disability,ACTTRAV_C03,0.6076327846601269
13,171,no_disability,ACTTRAV_C03,0.7835192155231004
13,171,non_limiting_disability,ACTTRAV_C03,0.6688074770328117
13,196,disty1,ACTTRAV_C03,0.5334543979926245
13,196,disty10,WALKTRAV_B02,0.5597795472642254
13,196,disty11,WALKTRAV_B02,0.2088988450854704
13,196,disty12,WALKTRAV_B02,0.5752511978571295
13,196,disty13,WALKTRAV_B02,0.5381436594408657
13,196,disty2,ACTTRAV_C03,0.6070589759364795
13,196,disty3,ACTTRAV_C03,0.5229241421144494
13,196,disty4,ACTTRAV_C03,0.5334543979926245
13,196,disty5,WALKTRAV_B02,0.5381436594408657
13,196,disty6,ACTTRAV_C03,0.6070589759364795
13,196,disty7,WALKTRAV_B02,0.5381436594408657
13,196,disty8,WALKTRAV_B02,0.5381436594408657
13,196,disty9,GARD_B08,0.42355825298913563
13,196,limiting_disability,ACTTRAV_C03,0.5814735652497267
13,196,no_disability,ACTTRAV_C03,0.6786257732388363
13,196,non_limiting_disability,ACTTRAV_C03,0.6688074770328117
13,201,disty1,ACTTRAV_C03,0.6070589759364795
13,201,disty10,WALKTRAV_B02,0.5597795472642254
13,201,disty11,ACTTRAV_C03,0.6070589759364795
13,201,disty12,ACTTRAV_C03,0.6407079499052302
13,201,disty13,ACTTRAV_C03,0.6070589759364795
13,201,disty2,ACTTRAV_C03,0.6070589759364795
13,201,disty3,ACTTRAV_C03,0.6070589759364795
13,201,disty4,WALKTRAV_B02,0.5892958655094682
13,201,disty5,ACTTRAV_C03,0.6772716468572262
13,201,disty6,ACTTRAV_C03,0.6407079499052302
13,201,disty7,WALKTRAV_B02,0.6047599291805265
13,201,disty8,ACTTRAV_C03,0.6772716468572262
13,201,disty9,WALKTRAV_B02,0.48180019624167536
13,201,limiting_disability,ACTTRAV_C03,0.6076327846601269
13,201,no_disability,ACTTRAV_C03,0.8046512380510494
13,201,non_limiting_disability,ACTTRAV_C03,0.7300068407993391
13,241,disty1,ACTTRAV_C03,0.5879602913956498
13,241,disty10,WALKTRAV_B02,0.5597795472642254
13,241,disty11,ACTTRAV_C03,0.6772716468572262
13,241,disty12,ACTTRAV_C03,0.6266398437006699
13,241,disty13,ACTTRAV_C03,0.6266398437006699
13,241,disty2,ACTTRAV_C03,0.6070589759364795
13,241,disty3,WALKTRAV_B02,0.5773829742434319
13,241,disty4,ACTTRAV_C03,0.6174851321411221
13,241,disty5,ACTTRAV_C03,0.6772716468572262
13,241,disty6,ACTTRAV_C03,0.6772716468572262
13,241,disty7,ACTTRAV_C03,0.6070589759364795
13,241,disty8,ACTTRAV_C03,0.6174851321411221
13,241,disty9,ACTTRAV_C03,0.6772716468572262
13,241,limiting_disability,ACTTRAV_C03,0.6076327846601269
13,241,no_disability,ACTTRAV_C03,0.833915712531554
13,241,non_limiting_disability,WALKTRAV_B02,0.7931364046328313
13,255,disty1,ACTTRAV_C03,0.6070589759364795
13,255,disty10,WALKTRAV_B02,0.4211647394925154
13,255,disty11,WALKTRAV_B02,0.5752511978571295
13,255,disty12,ACTTRAV_C03,0.6772716468572262
13,255,disty13,ACTTRAV_C03,0.6772716468572262
13,255,disty2,ACTTRAV_C03,0.6070589759364795
13,255,disty3,ACTTRAV_C03,0.5041939097984115
13,255,disty4,WALKTRAV_B02,0.48180019624167536
13,255,disty5,ACTTRAV_C03,0.6070589759364795
13,255,disty6,ACTTRAV_C03,0.5334543979926245
13,255,disty7,WALKTRAV_B02,0.5381436594408657
13,255,disty8,ACTTRAV_C03,0.5879602913956498
13,255,disty9,ACTTRAV_C03,0.6070589759364795
13,255,limiting_disability,ACTTRAV_C03,0.5340282067162719
13,255,no_disability,ACTTRAV_C03,0.6786257732388363
13,255,non_limiting_disability,WALKTRAV_B02,0.6664338806116088
13,272,disty1,ACTTRAV_C03,0.5879602913956498
13,272,disty10,WALKTRAV_B02,0.508627341195623
13,272,disty11,ACTTRAV_C03,0.6070589759364795
13,272,disty12,ACTTRAV_C03,0.6070589759364795
13,272,disty13,WALKTRAV_B02,0.48180019624167536
13,272,disty2,ACTTRAV_C03,0.6070589759364795
13,272,disty3,ACTTRAV_C03,0.5229241421144494
13,272,disty4,ACTTRAV_C03,0.6070589759364795
13,272,disty5,ACTTRAV_C03,0.5879602913956498
13,272,disty6,ACTTRAV_C03,0.6070589759364795
13,272,disty7,ACTTRAV_C03,0.5334543979926245
13,272,disty8,ACTTRAV_C03,0.5334543979926245
13,272,disty9,WALKTRAV_B02,0.5381436594408657
13,272,limiting_disability,ACTTRAV_C03,0.6076327846601269
13,272,no_disability,ACTTRAV_C03,0.833915712531554
13,272,non_limiting_disability,ACTTRAV_C03,0.7878684765829045
13,279,disty1,ACTTRAV_C03,0.6070589759364795
13,279,disty10,WALKTRAV_B02,0.5597795472642254
13,279,disty11,ACTTRAV_C03,0.6174851321411221
13,279,disty12,ACTTRAV_C03,0.6070589759364795
13,279,disty13,ACTTRAV_C03,0.6407079499052302
13,279,disty2,ACTTRAV_C03,0.6070589759364795
13,279,disty3,ACTTRAV_C03,0.6070589759364795
13,279,disty4,ACTTRAV_C03,0.6174851321411221
13,279,disty5,ACTTRAV_C03,0.5808997565260793
13,279,disty6,ACTTRAV_C03,0.6772716468572262
13,279,disty7,ACTTRAV_C03,0.6407079499052302
13,279,disty8,WALKTRAV_B02,0.5752511978571295
13,279,disty9,WALKTRAV_B02,0.5089291532285135
13,279,limiting_disability,ACTTRAV_C03,0.6076327846601269
13,279,no_disability,ACTTRAV_C03,0.7835192155231004
13,279,non_limiting_disability,WALKTRAV_B02,0.7931364046328313
13,280,disty1,ACTTRAV_C03,0.6070589759364795
13,280,disty10,ACTTRAV_C03,0.5513834382808365
13,280,disty11,WALKTRAV_B02,0.2088988450854704
13,280,disty12,ACTTRAV_C03,0.6266398437006699
13,280,disty13,ACTTRAV_C03,0.6070589759364795
13,280,disty2,ACTTRAV_C03,0.6266398437006699
13,280,disty3,WALKTRAV_B02,0.5892958655094682
13,280,disty4,CYCMOUNTAIN_N02,0.5356070671714446
13,280,disty5,ACTTRAV_C03,0.6407079499052302
13,280,disty6,ACTTRAV_C03,0.6174851321411221
13,280,disty7,ACTTRAV_C03,0.6407079499052302
13,280,disty8,ACTTRAV_C03,0.6070589759364795
13,280,disty9,WALKTRAV_B02,0.6749726001012731
13,280,limiting_disability,ACTTRAV_C03,0.6180589408647695
13,280,no_disability,ACTTRAV_C03,0.833915712531554
13,280,non_limiting_disability,ACTTRAV_C03,0.7660877275365939
13,293,disty1,WALKTRAV_B02,0.5892958655094682
13,293,disty10,WALKTRAV_B02,0.4794128349832706
13,293,disty11,ACTTRAV_C03,0.6772716468572262
13,293,disty12,ACTTRAV_C03,0.6070589759364795
13,293,disty13,ACTTRAV_C03,0.6174851321411221
13,293,disty2,ACTTRAV_C03,0.5808997565260793
13,293,disty3,ACTTRAV_C03,0.5334543979926245
13,293,disty4,WALKTRAV_B02,0.5381436594408657
13,293,disty5,ACTTRAV_C03,0.6070589759364795
13,293,disty6,WALKTRAV_B02,0.45068105773775813
13,293,disty7,ACTTRAV_C03,0.5879602913956498
13,293,disty8,ACTTRAV_C03,0.5334543979926245
13,293,disty9,ACTTRAV_C03,0.5808997565260793
13,293,limiting_disability,ACTTRAV_C03,0.6076327846601269
13,293,no_disability,ACTTRAV_C03,0.833915712531554
13,293,non_limiting_disability,WALKTRAV_B02,0.7657638847484102
13,30,disty1,WALKTRAV_B02,0.5089291532285135
13,30,disty10,WALKTRAV_B02,0.4981430672993086
13,30,disty11,ACTTRAV_C03,0.6070589759364795
13,30,disty12,ACTTRAV_C03,0.6772716468572262
13,30,disty13,ACTTRAV_C03,0.6070589759364795
13,30,disty2,WALKTRAV_B02,0.5381436594408657
13,30,disty3,ACTTRAV_C03,0.5334543979926245
13,30,disty4,WALKTRAV_B02,0.6047599291805265
13,30,disty5,ACTTRAV_C03,0.6070589759364795
13,30,disty6,WALKTRAV_B02,0.5089291532285135
13,30,disty7,ACTTRAV_C03,0.6070589759364795
13,30,disty8,WALKTRAV_B02,0.5752511978571295
13,30,disty9,ACTTRAV_C03,0.5879602913956498
13,30,limiting_disability,ACTTRAV_C03,0.6076327846601269
13,30,no_disability,ACTTRAV_C03,0.7801127095585274
13,30,non_limiting_disability,WALKTRAV_B02,0.7588074201982256
13,35,disty1,WALKTRAV_B02,0.48579125006399626
13,35,disty10,WALKTRAV_B02,0.45627493181875356
13,35,disty11,ACTTRAV_C03,0.6070589759364795
13,35,disty12,ACTTRAV_C03,0.6266398437006699
13,35,disty13,GARD_B08,0.5673018570717487
13,35,disty2,GARD_B08,0.3593127810375659
13,35,disty3,ACTTRAV_C03,0.5041939097984115
13,35,disty4,WALKTRAV_B02,0.45068105773775813
13,35,disty5,ACTTRAV_C03,0.6070589759364795
13,35,disty6,GARD_B08,0.5328038497030062
13,35,disty7,ACTTRAV_C03,0.5808997565260793
13,35,disty8,WALKTRAV_B02,0.5752511978571295
13,35,disty9,WALKTRAV_B02,0.48579125006399626
13,35,limiting_disability,ACTTRAV_C03,0.5340282067162719
13,35,no_disability,ACTTRAV_C03,0.7835192155231004
13,35,non_limiting_disability,WALKTRAV_B02,0.6664338806116088
13,44,disty1,ACTTRAV_C03,0.6070589759364795
13,44,disty10,WALKTRAV_B02,0.4794128349832706
13,44,disty11,GARD_B08,0.42355825298913563
13,44,disty12,ACTTRAV_C03,0.5879602913956498
13,44,disty13,ACTTRAV_C03,0.6070589759364795
13,44,disty2,ACTTRAV_C03,0.6070589759364795
13,44,disty3,ACTTRAV_C03,0.6070589759364795
13,44,disty4,ACTTRAV_C03,0.6070589759364795
13,44,disty5,ACTTRAV_C03,0.6070589759364795
13,44,disty6,GARD_B08,0.22143118962781125
13,44,disty7,WALKTRAV_B02,0.5381436594408657
13,44,disty8,ACTTRAV_C03,0.5808997565260793
13,44,disty9,WALKTRAV_B02,0.5089291532285135
13,44,limiting_disability,ACTTRAV_C03,0.6076327846601269
13,44,no_disability,ACTTRAV_C03,0.8083715113325316
13,44,non_limiting_disability,ACTTRAV_C03,0.7626812215720209
13,68,disty1,WALKTRAV_B02,0.5773829742434319
13,68,disty10,WALKTRAV_B02,0.45228387799643266
13,68,disty11,ACTTRAV_C03,0.5879602913956498
13,68,disty12,ACTTRAV_C03,0.5808997565260793
13,68,disty13,ACTTRAV_C03,0.6070589759364795
13,68,disty2,ACTTRAV_C03,0.5879602913956498
13,68,disty3,ACTTRAV_C03,0.5334543979926245
13,68,disty4,WALKTRAV_B02,0.2831917944157403
13,68,disty5,ACTTRAV_C03,0.5808997565260793
13,68,disty6,WALKTRAV_B02,0.48180019624167536
13,68,disty7,WALKTRAV_B02,0.5089291532285135
13,68,disty8,ACTTRAV_C03,0.5334543979926245
13,68,disty9,WALKTRAV_B02,0.41755472429010565
13,68,limiting_disability,ACTTRAV_C03,0.6076327846601269
13,68,no_disability,ACTTRAV_C03,0.6786257732388363
13,68,non_limiting_disability,WALKTRAV_B02,0.7588074201982256
13,78,disty1,ACTTRAV_C03,0.6070589759364795
13,78,disty10,WALKTRAV_B02,0.5597795472642254
13,78,disty11,ACTTRAV_C03,0.6266398437006699
13,78,disty12,WALKTRAV_B02,0.5892958655094682
13,78,disty13,ACTTRAV_C03,0.6772716468572262
13,78,disty2,ACTTRAV_C03,0.6070589759364795
13,78,disty3,ACTTRAV_C03,0.5334543979926245
13,78,disty4,ACTTRAV_C03,0.6070589759364795
13,78,disty5,ACTTRAV_C03,0.6070589759364795
13,78,disty6,ACTTRAV_C03,0.6174851321411221
13,78,disty7,WALKTRAV_B02,0.5381436594408657
13,78,disty8,WALKTRAV_B02,0.5089291532285135
13,78,disty9,GARD_B08,0.5479530632193252
13,78,limiting_disability,ACTTRAV_C03,0.6076327846601269
13,78,no_disability,ACTTRAV_C03,0.7835192155231004
13,78,non_limiting_disability,WALKTRAV_B02,0.7657638847484102
13,8,disty1,WALKTRAV_B02,0.5381436594408657
13,8,disty10,WALKTRAV_B02,0.4794128349832706
13,8,disty11,WALKTRAV_B02,0.5752511978571295
13,8,disty12,ACTTRAV_C03,0.5334543979926245
13,8,disty13,ACTTRAV_C03,0.5334543979926245
13,8,disty2,WALKTRAV_B02,0.5381436594408657
13,8,disty3,ACTTRAV_C03,0.5334543979926245
13,8,disty4,WALKTRAV_B02,0.5892958655094682
13,8,disty5,ACTTRAV_C03,0.5334543979926245
13,8,disty6,ACTTRAV_C03,0.5334543979926245
13,8,disty7,ACTTRAV_C03,0.5334543979926245
13,8,disty8,GARD_B08,0.32554633815306466
13,8,disty9,WALKTRAV_B02,0.5089291532285135
13,8,limiting_disability,ACTTRAV_C03,0.5340282067162719
13,8,no_disability,ACTTRAV_C03,0.6786257732388363
13,8,non_limiting_disability,ACTTRAV_C03,0.7557247570218363
13,9,disty1,WALKTRAV_B02,0.5892958655094682
13,9,disty10,WALKTRAV_B02,0.4211647394925154
13,9,disty11,WALKTRAV_B02,0.14882276997185337
13,9,disty12,ACTTRAV_C03,0.6070589759364795
13,9,disty13,ACTTRAV_C03,0.6772716468572262
13,9,disty2,ACTTRAV_C03,0.6070589759364795
13,9,disty3,WALKTRAV_B02,0.5892958655094682
13,9,disty4,ACTTRAV_C03,0.5334543979926245
13,9,disty5,ACTTRAV_C03,0.6070589759364795
13,9,disty6,ACTTRAV_C03,0.5334543979926245
13,9,disty7,ACTTRAV_C03,0.5808997565260793
13,9,disty8,ACTTRAV_C03,0.6070589759364795
13,9,disty9,WALKTRAV_B02,0.45068105773775813
13,9,limiting_disability,ACTTRAV_C03,0.6076327846601269
13,9,no_disability,ACTTRAV_C03,0.6786257732388363
13,9,non_limiting_disability,ACTTRAV_C03,0.7626812215720209
13,91,disty1,WALKTRAV_B02,0.5089291532285135
13,91,disty10,WALKTRAV_B02,0.45627493181875356
13,91,disty11,GARD_B08,0.4477236688271214
13,91,disty12,WALKTRAV_B02,0.45068105773775813
13,91,disty13,WALKTRAV_B02,0.39561981350799363
13,91,disty2,WALKTRAV_B02,0.48180019624167536
13,91,disty3,ACTTRAV_C03,0.5041939097984115
13,91,disty4,WALKTRAV_B02,0.5752511978571295
13,91,disty5,WALKTRAV_B02,0.5381436594408657
13,91,disty6,ACTTRAV_C03,0.6070589759364795
13,91,disty7,ACTTRAV_C03,0.5334543979926245
13,91,disty8,WALKTRAV_B02,0.5089291532285135
13,91,disty9,WALKTRAV_B02,0.5089291532285135
13,91,limiting_disability,ACTTRAV_C03,0.5340282067162719
13,91,no_disability,ACTTRAV_C03,0.6786257732388363
13,91,non_limiting_disability,WALKTRAV_B02,0.6664338806116088
14,107,disty1,WALKTRAV_B02,0.5892958655094682
14,107,disty10,WALKTRAV_B02,0.45228387799643266
14,107,disty11,WALKTRAV_B02,0.48180019624167536
14,107,disty12,ACTTRAV_C03,0.5879602913956498
14,107,disty13,ACTTRAV_C03,0.6070589759364795
14,107,disty2,WALKTRAV_B02,0.5892958655094682
14,107,disty3,ACTTRAV_C03,0.5229241421144494
14,107,disty4,WALKTRAV_B02,0.5381436594408657
14,107,disty5,ACTTRAV_C03,0.6070589759364795
14,107,disty6,WALKTRAV_B02,0.45720784766249367
14,107,disty7,WALKTRAV_B02,0.5381436594408657
14,107,disty8,ACTTRAV_C03,0.5334543979926245
14,107,disty9,WALKTRAV_B02,0.48180019624167536
14,107,limiting_disability,ACTTRAV_C03,0.5885341001192972
14,107,no_disability,ACTTRAV_C03,0.7835192155231004
14,107,non_limiting_disability,WALKTRAV_B02,0.7588074201982256
14,109,disty1,WALKTRAV_B02,0.5381436594408657
14,109,disty10,ACTTRAV_C03,0.5039380797473817
14,109,disty11,ACTTRAV_C03,0.6070589759364795
14,109,disty12,ACTTRAV_C03,0.6070589759364795
14,109,disty13,ACTTRAV_C03,0.6070589759364795
14,109,disty2,ACTTRAV_C03,0.5334543979926245
14,109,disty3,ACTTRAV_C03,0.5334543979926245
14,109,disty4,ACTTRAV_C03,0.6070589759364795
14,109,disty5,ACTTRAV_C03,0.6070589759364795
14,109,disty6,ACTTRAV_C03,0.6070589759364795
14,109,disty7,WALKTRAV_B02,0.5381436594408657
14,109,disty8,ACTTRAV_C03,0.5334543979926245
14,109,disty9,ACTTRAV_C03,0.6070589759364795
14,109,limiting_disability,ACTTRAV_C03,0.6076327846601269
14,109,no_disability,ACTTRAV_C03,0.833915712531554
14,109,non_limiting_disability,ACTTRAV_C03,0.7878684765829045
14,112,disty1,ACTTRAV_C03,0.5334543979926245
14,112,disty10,WALKTRAV_B02,0.4981430672993086
14,112,disty11,GARD_B08,0.48488468495186177
14,112,disty12,WALKTRAV_B02,0.5381436594408657
14,112,disty13,ACTTRAV_C03,0.6070589759364795
14,112,disty2,ACTTRAV_C03,0.6070589759364795
14,112,disty3,ACTTRAV_C03,0.5041939097984115
14,112,disty4,ACTTRAV_C03,0.6070589759364795
14,112,disty5,ACTTRAV_C03,0.6070589759364795
14,112,disty6,ACTTRAV_C03,0.6070589759364795
14,112,disty7,ACTTRAV_C03,0.5334543979926245
14,112,disty8,GARD_B08,0.29864607369021073
14,112,disty9,ACTTRAV_C03,0.6070589759364795
14,112,limiting_disability,ACTTRAV_C03,0.6076327846601269
14,112,no_disability,ACTTRAV_C03,0.833915712531554
14,112,non_limiting_disability,WALKTRAV_B02,0.7691703907129832
14,114,disty1,ACTTRAV_C03,0.5879602913956498
14,114,disty10,ACTTRAV_C03,0.5513834382808365
14,114,disty11,WALKTRAV_B02,0.48180019624167536
14,114,disty12,ACTTRAV_C03,0.6070589759364795
14,114,disty13,ACTTRAV_C03,0.6266398437006699
14,114,disty2,ACTTRAV_C03,0.6070589759364795
14,114,disty3,ACTTRAV_C03,0.5334543979926245
14,114,disty4,GARD_B08,0.42458576566260436
14,114,disty5,ACTTRAV_C03,0.6070589759364795
14,114,disty6,ACTTRAV_C03,0.6070589759364795
14,114,disty7,ACTTRAV_C03,0.5334543979926245
14,114,disty8,ACTTRAV_C03,0.5879602913956498
14,114,disty9,WALKTRAV_B02,0.5381436594408657
14,114,limiting_disability,ACTTRAV_C03,0.6076327846601269
14,114,no_disability,ACTTRAV_C03,0.833915712531554
14,114,non_limiting_disability,WALKTRAV_B02,0.7691703907129832
14,117,disty1,WALKTRAV_B02,0.5892958655094682
14,117,disty10,WALKTRAV_B02,0.45228387799643266
14,117,disty11,ACTTRAV_C03,0.5808997565260793
14,117,disty12,ACTTRAV_C03,0.6070589759364795
14,117,disty13,ACTTRAV_C03,0.6070589759364795
14,117,disty2,WALKTRAV_B02,0.5892958655094682
14,117,disty3,ACTTRAV_C03,0.6070589759364795
14,117,disty4,WALKTRAV_B02,0.5892958655094682
14,117,disty5,WALKTRAV_B02,0.45720784766249367
14,117,disty6,ACTTRAV_C03,0.5808997565260793
14,117,disty7,WALKTRAV_B02,0.5773829742434319
14,117,disty8,ACTTRAV_C03,0.5879602913956498
14,117,disty9,ACTTRAV_C03,0.6070589759364795
14,117,limiting_disability,WALKTRAV_B02,0.5862350533633441
14,117,no_disability,ACTTRAV_C03,0.6786257732388363
14,117,non_limiting_disability,WALKTRAV_B02,0.6664338806116088
14,122,disty1,ACTTRAV_C03,0.44594581430765645
14,122,disty10,ACTTRAV_C03,0.4746775915531689
14,122,disty11,ACTTRAV_C03,0.5334543979926245
14,122,disty12,GARD_B08,0.32554633815306466
14,122,disty13,GARD_B08,0.48488468495186177
14,122,disty2,ACTTRAV_C03,0.5229241421144494
14,122,disty3,ACTTRAV_C03,0.44594581430765645
14,122,disty4,ACTTRAV_C03,0.4770649528115737
14,122,disty5,ACTTRAV_C03,0.5334543979926245
14,122,disty6,ACTTRAV_C03,0.4810560066338946
14,122,disty7,WALKTRAV_B02,0.501894981559256
14,122,disty8,GARD_B08,0.3924391144852184
14,122,disty9,ACTTRAV_C03,0.5041939097984115
14,122,limiting_disability,ACTTRAV_C03,0.4816298153575419
14,122,no_disability,ACTTRAV_C03,0.7801127095585274
14,122,non_limiting_disability,WALKTRAV_B02,0.6664338806116088
14,126,disty1,WALKTRAV_B02,0.5089291532285135
14,126,disty10,WALKTRAV_B02,0.45228387799643266
14,126,disty11,GARD_B08,0.32681652462959526
14,126,disty12,WALKTRAV_B02,0.5381436594408657
14,126,disty13,ACTTRAV_C03,0.6070589759364795
14,126,disty2,WALKTRAV_B02,0.5089291532285135
14,126,disty3,ACTTRAV_C03,0.412819480860004
14,126,disty4,WALKTRAV_B02,0.48180019624167536
14,126,disty5,ACTTRAV_C03,0.5879602913956498
14,126,disty6,WALKTRAV_B02,0.48180019624167536
14,126,disty7,WALKTRAV_B02,0.5089291532285135
14,126,disty8,WALKTRAV_B02,0.45068105773775813
14,126,disty9,GARD_B08,0.3924391144852184
14,126,limiting_disability,WALKTRAV_B02,0.5387174681645132
14,126,no_disability,ACTTRAV_C03,0.6786257732388363
14,126,non_limiting_disability,ACTTRAV_C03,0.6688074770328117
14,129,disty1,ACTTRAV_C03,0.5041939097984115
14,129,disty10,WALKTRAV_B02,0.2088988450854704
14,129,disty11,WALKTRAV_B02,0.2831917944157403
14,129,disty12,ACTTRAV_C03,0.5334543979926245
14,129,disty13,ACTTRAV_C03,0.6070589759364795
14,129,disty2,WALKTRAV_B02,0.5089291532285135
14,129,disty3,ACTTRAV_C03,0.5229241421144494
14,129,disty4,WALKTRAV_B02,0.45720784766249367
14,129,disty5,WALKTRAV_B02,0.5381436594408657
14,129,disty6,GARD_B08,0.3593127810375659
14,129,disty7,WALKTRAV_B02,0.5089291532285135
14,129,disty8,ACTTRAV_C03,0.5334543979926245
14,129,disty9,WALKTRAV_B02,0.48579125006399626
14,129,limiting_disability,ACTTRAV_C03,0.5340282067162719
14,129,no_disability,ACTTRAV_C03,0.6786257732388363
14,129,non_limiting_disability,ACTTRAV_C03,0.7505955223091291
14,135,disty1,ACTTRAV_C03,0.5879602913956498
14,135,disty10,WALKTRAV_B02,0.5457348796118868
14,135,disty11,ACTTRAV_C03,0.6070589759364795
14,135,disty12,ACTTRAV_C03,0.6070589759364795
14,135,disty13,ACTTRAV_C03,0.6070589759364795
14,135,disty2,ACTTRAV_C03,0.6070589759364795
14,135,disty3,ACTTRAV_C03,0.5229241421144494
14,135,disty4,ACTTRAV_C03,0.6070589759364795
14,135,disty5,ACTTRAV_C03,0.6174851321411221
14,135,disty6,GARD_B08,0.3924391144852184
14,135,disty7,ACTTRAV_C03,0.6070589759364795
14,135,disty8,ACTTRAV_C03,0.5879602913956498
14,135,disty9,ACTTRAV_C03,0.4810560066338946
14,135,limiting_disability,ACTTRAV_C03,0.6076327846601269
14,135,no_disability,ACTTRAV_C03,0.8083715113325316
14,135,non_limiting_disability,WALKTRAV_B02,0.7931364046328313
14,136,disty1,ACTTRAV_C03,0.5334543979926245
14,136,disty10,ACTTRAV_C03,0.412819480860004
14,136,disty11,GARD_B08,0.29864607369021073
14,136,disty12,GARD_B08,0.29864607369021073
14,136,disty13,WALKTRAV_B02,0.5381436594408657
14,136,disty2,WALKTRAV_B02,0.5381436594408657
14,136,disty3,ACTTRAV_C03,0.5334543979926245
14,136,disty4,WALKTRAV_B02,0.48180019624167536
14,136,disty5,ACTTRAV_C03,0.5334543979926245
14,136,disty6,WALKTRAV_B02,0.5089291532285135
14,136,disty7,WALKTRAV_B02,0.5089291532285135
14,136,disty8,WALKTRAV_B02,0.45720784766249367
14,136,disty9,WALKTRAV_B02,0.48180019624167536
14,136,limiting_disability,WALKTRAV_B02,0.5387174681645132
14,136,no_disability,ACTTRAV_C03,0.7835192155231004
14,136,non_limiting_disability,WALKTRAV_B02,0.7657638847484102
14,139,disty1,WALKTRAV_B02,0.5381436594408657
14,139,disty10,WALKTRAV_B02,0.4211647394925154
14,139,disty11,ACTTRAV_C03,0.6070589759364795
14,139,disty12,ACTTRAV_C03,0.6070589759364795
14,139,disty13,ACTTRAV_C03,0.6070589759364795
14,139,disty2,ACTTRAV_C03,0.6070589759364795
14,139,disty3,WALKTRAV_B02,0.5892958655094682
14,139,disty4,ACTTRAV_C03,0.6070589759364795
14,139,disty5,ACTTRAV_C03,0.6070589759364795
14,139,disty6,GARD_B08,0.22143118962781125
14,139,disty7,WALKTRAV_B02,0.5381436594408657
14,139,disty8,GARD_B08,0.292685290214436
14,139,disty9,WALKTRAV_B02,0.45720784766249367
14,139,limiting_disability,ACTTRAV_C03,0.6076327846601269
14,139,no_disability,ACTTRAV_C03,0.7835192155231004
14,139,non_limiting_disability,WALKTRAV_B02,0.7588074201982256
14,142,disty1,ACTTRAV_C03,0.6084835021909656
14,142,disty10,ACTTRAV_C03,0.5528079645353225
14,142,disty11,ACTTRAV_C03,0.6084835021909656
14,142,disty12,ACTTRAV_C03,0.6084835021909656
14,142,disty13,ACTTRAV_C03,0.6084835021909656
14,142,disty2,ACTTRAV_C03,0.6084835021909656
14,142,disty3,ACTTRAV_C03,0.6084835021909656
14,142,disty4,ACTTRAV_C03,0.6084835021909656
14,142,disty5,ACTTRAV_C03,0.6084835021909656
14,142,disty6,GARD_B08,0.30007059994469687
14,142,disty7,ACTTRAV_C03,0.6084835021909656
14,142,disty8,WALKTRAV_B02,0.5395681856953518
14,142,disty9,WALKTRAV_B02,0.28461632067022646
14,142,limiting_disability,ACTTRAV_C03,0.609057310914613
14,142,no_disability,ACTTRAV_C03,0.8520753158941836
14,142,non_limiting_disability,ACTTRAV_C03,0.76751225379108
14,147,disty1,ACTTRAV_C03,0.6070589759364795
14,147,disty10,WALKTRAV_B02,0.5457348796118868
14,147,disty11,ACTTRAV_C03,0.6070589759364795
14,147,disty12,ACTTRAV_C03,0.6070589759364795
14,147,disty13,ACTTRAV_C03,0.5808997565260793
14,147,disty2,ACTTRAV_C03,0.6070589759364795
14,147,disty3,ACTTRAV_C03,0.5879602913956498
14,147,disty4,WALKTRAV_B02,0.5892958655094682
14,147,disty5,ACTTRAV_C03,0.6070589759364795
14,147,disty6,ACTTRAV_C03,0.6070589759364795
14,147,disty7,ACTTRAV_C03,0.5879602913956498
14,147,disty8,WALKTRAV_B02,0.5381436594408657
14,147,disty9,ACTTRAV_C03,0.5334543979926245
14,147,limiting_disability,ACTTRAV_C03,0.6076327846601269
14,147,no_disability,ACTTRAV_C03,0.8083715113325316
14,147,non_limiting_disability,ACTTRAV_C03,0.7557247570218363
14,160,disty1,ACTTRAV_C03,0.5334543979926245
14,160,disty10,WALKTRAV_B02,0.2088988450854704
14,160,disty11,WALKTRAV_B02,0.1857701919965972
14,160,disty12,ACTTRAV_C03,0.5879602913956498
14,160,disty13,WALKTRAV_B02,0.5273320331059853
14,160,disty2,WALKTRAV_B02,0.5381436594408657
14,160,disty3,ACTTRAV_C03,0.452472604232392
14,160,disty4,GARD_B08,0.292685290214436
14,160,disty5,ACTTRAV_C03,0.5334543979926245
14,160,disty6,WALKTRAV_B02,0.2088988450854704
14,160,disty7,WALKTRAV_B02,0.5381436594408657
14,160,disty8,WALKTRAV_B02,0.5089291532285135
14,160,disty9,GARD_B08,0.3924391144852184
14,160,limiting_disability,ACTTRAV_C03,0.5340282067162719
14,160,no_disability,ACTTRAV_C03,0.7835192155231004
14,160,non_limiting_disability,WALKTRAV_B02,0.7588074201982256
14,17,disty1,WALKTRAV_B02,0.5381436594408657
14,17,disty10,GOLFADV_U11,0.4096669665241985
14,17,disty11,GOLFADV_U11,0.5474013688098428
14,17,disty12,ACTTRAV_C03,0.6070589759364795
14,17,disty13,ACTTRAV_C03,0.6266398437006699
14,17,disty2,WALKTRAV_B02,0.5381436594408657
14,17,disty3,ACTTRAV_C03,0.4770649528115737
14,17,disty4,WALKTRAV_B02,0.5381436594408657
14,17,disty5,ACTTRAV_C03,0.6070589759364795
14,17,disty6,WALKTRAV_B02,0.15607621056838614
14,17,disty7,WALKTRAV_B02,0.45720784766249367
14,17,disty8,WALKTRAV_B02,0.5089291532285135
14,17,disty9,GARD_B08,0.4477236688271214
14,17,limiting_disability,ACTTRAV_C03,0.5340282067162719
14,17,no_disability,ACTTRAV_C03,0.6786257732388363
14,17,non_limiting_disability,ACTTRAV_C03,0.6688074770328117
14,171,disty1,ACTTRAV_C03,0.5334543979926245
14,171,disty10,WALKTRAV_B02,0.5457348796118868
14,171,disty11,ACTTRAV_C03,0.5879602913956498
14,171,disty12,ACTTRAV_C03,0.6266398437006699
14,171,disty13,ACTTRAV_C03,0.6070589759364795
14,171,disty2,ACTTRAV_C03,0.5879602913956498
14,171,disty3,ACTTRAV_C03,0.6070589759364795
14,171,disty4,ACTTRAV_C03,0.6070589759364795
14,171,disty5,ACTTRAV_C03,0.6070589759364795
14,171,disty6,ACTTRAV_C03,0.5334543979926245
14,171,disty7,ACTTRAV_C03,0.6070589759364795
14,171,disty8,ACTTRAV_C03,0.6266398437006699
14,171,disty9,ACTTRAV_C03,0.5334543979926245
14,171,limiting_disability,ACTTRAV_C03,0.6076327846601269
14,171,no_disability,ACTTRAV_C03,0.7835192155231004
14,171,non_limiting_disability,WALKTRAV_B02,0.6664338806116088
14,196,disty1,ACTTRAV_C03,0.5334543979926245
14,196,disty10,ACTTRAV_C03,0.5513834382808365
14,196,disty11,WALKTRAV_B02,0.2088988450854704
14,196,disty12,WALKTRAV_B02,0.5752511978571295
14,196,disty13,ACTTRAV_C03,0.5334543979926245
14,196,disty2,ACTTRAV_C03,0.6070589759364795
14,196,disty3,ACTTRAV_C03,0.5334543979926245
14,196,disty4,ACTTRAV_C03,0.5334543979926245
14,196,disty5,WALKTRAV_B02,0.5381436594408657
14,196,disty6,ACTTRAV_C03,0.6070589759364795
14,196,disty7,ACTTRAV_C03,0.5334543979926245
14,196,disty8,WALKTRAV_B02,0.5381436594408657
14,196,disty9,WALKTRAV_B02,0.45068105773775813
14,196,limiting_disability,ACTTRAV_C03,0.5814735652497267
14,196,no_disability,ACTTRAV_C03,0.6786257732388363
14,196,non_limiting_disability,WALKTRAV_B02,0.6664338806116088
14,201,disty1,ACTTRAV_C03,0.6070589759364795
14,201,disty10,ACTTRAV_C03,0.5513834382808365
14,201,disty11,ACTTRAV_C03,0.6070589759364795
14,201,disty12,ACTTRAV_C03,0.6174851321411221
14,201,disty13,ACTTRAV_C03,0.6070589759364795
14,201,disty2,ACTTRAV_C03,0.6070589759364795
14,201,disty3,ACTTRAV_C03,0.6070589759364795
14,201,disty4,ACTTRAV_C03,0.6070589759364795
14,201,disty5,ACTTRAV_C03,0.6266398437006699
14,201,disty6,ACTTRAV_C03,0.6174851321411221
14,201,disty7,ACTTRAV_C03,0.6070589759364795
14,201,disty8,ACTTRAV_C03,0.6266398437006699
14,201,disty9,WALKTRAV_B02,0.5089291532285135
14,201,limiting_disability,ACTTRAV_C03,0.6076327846601269
14,201,no_disability,ACTTRAV_C03,0.8083715113325316
14,201,non_limiting_disability,ACTTRAV_C03,0.7505955223091291
14,241,disty1,ACTTRAV_C03,0.5879602913956498
14,241,disty10,ACTTRAV_C03,0.5513834382808365
14,241,disty11,ACTTRAV_C03,0.6266398437006699
14,241,disty12,ACTTRAV_C03,0.6174851321411221
14,241,disty13,ACTTRAV_C03,0.6174851321411221
14,241,disty2,ACTTRAV_C03,0.6070589759364795
14,241,disty3,WALKTRAV_B02,0.5892958655094682
14,241,disty4,ACTTRAV_C03,0.6070589759364795
14,241,disty5,ACTTRAV_C03,0.6266398437006699
14,241,disty6,ACTTRAV_C03,0.6266398437006699
14,241,disty7,ACTTRAV_C03,0.6070589759364795
14,241,disty8,ACTTRAV_C03,0.6070589759364795
14,241,disty9,ACTTRAV_C03,0.6266398437006699
14,241,limiting_disability,ACTTRAV_C03,0.6076327846601269
14,241,no_disability,ACTTRAV_C03,0.833915712531554
14,241,non_limiting_disability,WALKTRAV_B02,0.7931364046328313
14,255,disty1,ACTTRAV_C03,0.6070589759364795
14,255,disty10,WALKTRAV_B02,0.4211647394925154
14,255,disty11,WALKTRAV_B02,0.5773829742434319
14,255,disty12,ACTTRAV_C03,0.6266398437006699
14,255,disty13,ACTTRAV_C03,0.6266398437006699
14,255,disty2,ACTTRAV_C03,0.6070589759364795
14,255,disty3,ACTTRAV_C03,0.5041939097984115
14,255,disty4,WALKTRAV_B02,0.5089291532285135
14,255,disty5,ACTTRAV_C03,0.6070589759364795
14,255,disty6,WALKTRAV_B02,0.5381436594408657
14,255,disty7,ACTTRAV_C03,0.5334543979926245
14,255,disty8,WALKTRAV_B02,0.5892958655094682
14,255,disty9,ACTTRAV_C03,0.6070589759364795
14,255,limiting_disability,ACTTRAV_C03,0.5340282067162719
14,255,no_disability,ACTTRAV_C03,0.6786257732388363
14,255,non_limiting_disability,ACTTRAV_C03,0.6688074770328117
14,272,disty1,ACTTRAV_C03,0.5879602913956498
14,272,disty10,WALKTRAV_B02,0.4981430672993086
14,272,disty11,ACTTRAV_C03,0.6070589759364795
14,272,disty12,ACTTRAV_C03,0.6070589759364795
14,272,disty13,WALKTRAV_B02,0.5089291532285135
14,272,disty2,ACTTRAV_C03,0.6070589759364795
14,272,disty3,ACTTRAV_C03,0.5334543979926245
14,272,disty4,ACTTRAV_C03,0.6070589759364795
14,272,disty5,ACTTRAV_C03,0.5879602913956498
14,272,disty6,ACTTRAV_C03,0.6070589759364795
14,272,disty7,ACTTRAV_C03,0.5334543979926245
14,272,disty8,ACTTRAV_C03,0.5334543979926245
14,272,disty9,WALKTRAV_B02,0.5381436594408657
14,272,limiting_disability,ACTTRAV_C03,0.6076327846601269
14,272,no_disability,ACTTRAV_C03,0.833915712531554
14,272,non_limiting_disability,ACTTRAV_C03,0.7660877275365939
14,279,disty1,ACTTRAV_C03,0.6070589759364795
14,279,disty10,ACTTRAV_C03,0.5513834382808365
14,279,disty11,ACTTRAV_C03,0.6070589759364795
14,279,disty12,ACTTRAV_C03,0.6070589759364795
14,279,disty13,ACTTRAV_C03,0.6174851321411221
14,279,disty2,ACTTRAV_C03,0.6070589759364795
14,279,disty3,ACTTRAV_C03,0.6070589759364795
14,279,disty4,ACTTRAV_C03,0.6070589759364795
14,279,disty5,ACTTRAV_C03,0.5808997565260793
14,279,disty6,ACTTRAV_C03,0.6266398437006699
14,279,disty7,ACTTRAV_C03,0.6174851321411221
14,279,disty8,ACTTRAV_C03,0.5808997565260793
14,279,disty9,WALKTRAV_B02,0.5381436594408657
14,279,limiting_disability,ACTTRAV_C03,0.6076327846601269
14,279,no_disability,ACTTRAV_C03,0.7835192155231004
14,279,non_limiting_disability,WALKTRAV_B02,0.7920227829359722
14,280,disty1,ACTTRAV_C03,0.6070589759364795
14,280,disty10,WALKTRAV_B02,0.5457348796118868
14,280,disty11,WALKTRAV_B02,0.2088988450854704
14,280,disty12,ACTTRAV_C03,0.6174851321411221
14,280,disty13,ACTTRAV_C03,0.6070589759364795
14,280,disty2,ACTTRAV_C03,0.6174851321411221
14,280,disty3,ACTTRAV_C03,0.5879602913956498
14,280,disty4,CYCMOUNTAIN_N02,0.5356070671714446
14,280,disty5,ACTTRAV_C03,0.6174851321411221
14,280,disty6,ACTTRAV_C03,0.6070589759364795
14,280,disty7,ACTTRAV_C03,0.6174851321411221
14,280,disty8,ACTTRAV_C03,0.6070589759364795
14,280,disty9,WALKTRAV_B02,0.6243407969447169
14,280,limiting_disability,ACTTRAV_C03,0.6076327846601269
14,280,no_disability,ACTTRAV_C03,0.833915712531554
14,280,non_limiting_disability,WALKTRAV_B02,0.7657638847484102
14,293,disty1,ACTTRAV_C03,0.5879602913956498
14,293,disty10,WALKTRAV_B02,0.4794128349832706
14,293,disty11,ACTTRAV_C03,0.6266398437006699
14,293,disty12,ACTTRAV_C03,0.6070589759364795
14,293,disty13,ACTTRAV_C03,0.6070589759364795
14,293,disty2,ACTTRAV_C03,0.5808997565260793
14,293,disty3,ACTTRAV_C03,0.5334543979926245
14,293,disty4,WALKTRAV_B02,0.5381436594408657
14,293,disty5,ACTTRAV_C03,0.6070589759364795
14,293,disty6,WALKTRAV_B02,0.45720784766249367
14,293,disty7,ACTTRAV_C03,0.5879602913956498
14,293,disty8,WALKTRAV_B02,0.5381436594408657
14,293,disty9,ACTTRAV_C03,0.5808997565260793
14,293,limiting_disability,ACTTRAV_C03,0.6076327846601269
14,293,no_disability,ACTTRAV_C03,0.833915712531554
14,293,non_limiting_disability,WALKTRAV_B02,0.7657638847484102
14,30,disty1,WALKTRAV_B02,0.5381436594408657
14,30,disty10,WALKTRAV_B02,0.4794128349832706
14,30,disty11,ACTTRAV_C03,0.6070589759364795
14,30,disty12,ACTTRAV_C03,0.6266398437006699
14,30,disty13,ACTTRAV_C03,0.6070589759364795
14,30,disty2,WALKTRAV_B02,0.5273320331059853
14,30,disty3,ACTTRAV_C03,0.5334543979926245
14,30,disty4,ACTTRAV_C03,0.6070589759364795
14,30,disty5,ACTTRAV_C03,0.6070589759364795
14,30,disty6,WALKTRAV_B02,0.5381436594408657
14,30,disty7,ACTTRAV_C03,0.6070589759364795
14,30,disty8,ACTTRAV_C03,0.5808997565260793
14,30,disty9,WALKTRAV_B02,0.5892958655094682
14,30,limiting_disability,ACTTRAV_C03,0.6076327846601269
14,30,no_disability,ACTTRAV_C03,0.7835192155231004
14,30,non_limiting_disability,WALKTRAV_B02,0.7588074201982256
14,35,disty1,WALKTRAV_B02,0.5089291532285135
14,35,disty10,WALKTRAV_B02,0.45627493181875356
14,35,disty11,ACTTRAV_C03,0.6070589759364795
14,35,disty12,ACTTRAV_C03,0.6174851321411221
14,35,disty13,GARD_B08,0.548203172530919
14,35,disty2,GARD_B08,0.3593127810375659
14,35,disty3,ACTTRAV_C03,0.5229241421144494
14,35,disty4,WALKTRAV_B02,0.45720784766249367
14,35,disty5,ACTTRAV_C03,0.6070589759364795
14,35,disty6,WALKTRAV_B02,0.5381436594408657
14,35,disty7,ACTTRAV_C03,0.5808997565260793
14,35,disty8,WALKTRAV_B02,0.5773829742434319
14,35,disty9,WALKTRAV_B02,0.5089291532285135
14,35,limiting_disability,ACTTRAV_C03,0.5340282067162719
14,35,no_disability,ACTTRAV_C03,0.7835192155231004
14,35,non_limiting_disability,ACTTRAV_C03,0.6688074770328117
14,44,disty1,ACTTRAV_C03,0.6070589759364795
14,44,disty10,WALKTRAV_B02,0.4794128349832706
14,44,disty11,GARD_B08,0.3924391144852184
14,44,disty12,ACTTRAV_C03,0.5879602913956498
14,44,disty13,ACTTRAV_C03,0.6070589759364795
14,44,disty2,ACTTRAV_C03,0.6070589759364795
14,44,disty3,ACTTRAV_C03,0.6070589759364795
14,44,disty4,ACTTRAV_C03,0.6070589759364795
14,44,disty5,ACTTRAV_C03,0.6070589759364795
14,44,disty6,GARD_B08,0.22143118962781125
14,44,disty7,WALKTRAV_B02,0.5381436594408657
14,44,disty8,ACTTRAV_C03,0.5808997565260793
14,44,disty9,WALKTRAV_B02,0.5089291532285135
14,44,limiting_disability,ACTTRAV_C03,0.6076327846601269
14,44,no_disability,ACTTRAV_C03,0.8083715113325316
14,44,non_limiting_disability,ACTTRAV_C03,0.7626812215720209
14,68,disty1,WALKTRAV_B02,0.5773829742434319
14,68,disty10,WALKTRAV_B02,0.45228387799643266
14,68,disty11,WALKTRAV_B02,0.5892958655094682
14,68,disty12,ACTTRAV_C03,0.5808997565260793
14,68,disty13,ACTTRAV_C03,0.6070589759364795
14,68,disty2,ACTTRAV_C03,0.5879602913956498
14,68,disty3,ACTTRAV_C03,0.5334543979926245
14,68,disty4,WALKTRAV_B02,0.2831917944157403
14,68,disty5,ACTTRAV_C03,0.5808997565260793
14,68,disty6,WALKTRAV_B02,0.48579125006399626
14,68,disty7,WALKTRAV_B02,0.5089291532285135
14,68,disty8,WALKTRAV_B02,0.5381436594408657
14,68,disty9,WALKTRAV_B02,0.45068105773775813
14,68,limiting_disability,ACTTRAV_C03,0.6076327846601269
14,68,no_disability,ACTTRAV_C03,0.6786257732388363
14,68,non_limiting_disability,WALKTRAV_B02,0.7588074201982256
14,78,disty1,ACTTRAV_C03,0.6070589759364795
14,78,disty10,ACTTRAV_C03,0.5513834382808365
14,78,disty11,ACTTRAV_C03,0.6174851321411221
14,78,disty12,ACTTRAV_C03,0.6070589759364795
14,78,disty13,ACTTRAV_C03,0.6266398437006699
14,78,disty2,ACTTRAV_C03,0.6070589759364795
14,78,disty3,ACTTRAV_C03,0.5334543979926245
14,78,disty4,ACTTRAV_C03,0.6070589759364795
14,78,disty5,ACTTRAV_C03,0.6070589759364795
14,78,disty6,ACTTRAV_C03,0.6070589759364795
14,78,disty7,ACTTRAV_C03,0.5334543979926245
14,78,disty8,WALKTRAV_B02,0.5381436594408657
14,78,disty9,WALKTRAV_B02,0.5381436594408657
14,78,limiting_disability,ACTTRAV_C03,0.6076327846601269
14,78,no_disability,ACTTRAV_C03,0.7835192155231004
14,78,non_limiting_disability,WALKTRAV_B02,0.7657638847484102
14,8,disty1,ACTTRAV_C03,0.5334543979926245
14,8,disty10,WALKTRAV_B02,0.4794128349832706
14,8,disty11,ACTTRAV_C03,0.5808997565260793
14,8,disty12,WALKTRAV_B02,0.5381436594408657
14,8,disty13,ACTTRAV_C03,0.5334543979926245
14,8,disty2,WALKTRAV_B02,0.5381436594408657
14,8,disty3,ACTTRAV_C03,0.5334543979926245
14,8,disty4,ACTTRAV_C03,0.5879602913956498
14,8,disty5,WALKTRAV_B02,0.5381436594408657
14,8,disty6,WALKTRAV_B02,0.5381436594408657
14,8,disty7,WALKTRAV_B02,0.5381436594408657
14,8,disty8,GARD_B08,0.32681652462959526
14,8,disty9,WALKTRAV_B02,0.5089291532285135
14,8,limiting_disability,WALKTRAV_B02,0.5387174681645132
14,8,no_disability,ACTTRAV_C03,0.6786257732388363
14,8,non_limiting_disability,ACTTRAV_C03,0.7557247570218363
14,9,disty1,ACTTRAV_C03,0.5879602913956498
14,9,disty10,WALKTRAV_B02,0.4211647394925154
14,9,disty11,WALKTRAV_B02,0.15607621056838614
14,9,disty12,ACTTRAV_C03,0.6070589759364795
14,9,disty13,ACTTRAV_C03,0.6266398437006699
14,9,disty2,ACTTRAV_C03,0.6070589759364795
14,9,disty3,ACTTRAV_C03,0.6070589759364795
14,9,disty4,WALKTRAV_B02,0.5381436594408657
14,9,disty5,ACTTRAV_C03,0.6070589759364795
14,9,disty6,ACTTRAV_C03,0.5334543979926245
14,9,disty7,ACTTRAV_C03,0.5808997565260793
14,9,disty8,ACTTRAV_C03,0.6070589759364795
14,9,disty9,WALKTRAV_B02,0.45720784766249367
14,9,limiting_disability,ACTTRAV_C03,0.6076327846601269
14,9,no_disability,ACTTRAV_C03,0.6786257732388363
14,9,non_limiting_disability,ACTTRAV_C03,0.7626812215720209
14,91,disty1,WALKTRAV_B02,0.5381436594408657
14,91,disty10,WALKTRAV_B02,0.45228387799643266
14,91,disty11,GARD_B08,0.42458576566260436
14,91,disty12,WALKTRAV_B02,0.45720784766249367
14,91,disty13,WALKTRAV_B02,0.41755472429010565
14,91,disty2,WALKTRAV_B02,0.48579125006399626
14,91,disty3,ACTTRAV_C03,0.5229241421144494
14,91,disty4,ACTTRAV_C03,0.5808997565260793
14,91,disty5,WALKTRAV_B02,0.5381436594408657
14,91,disty6,ACTTRAV_C03,0.6070589759364795
14,91,disty7,ACTTRAV_C03,0.5334543979926245
14,91,disty8,WALKTRAV_B02,0.5089291532285135
14,91,disty9,WALKTRAV_B02,0.5381436594408657
14,91,limiting_disability,WALKTRAV_B02,0.5387174681645132
14,91,no_disability,ACTTRAV_C03,0.6786257732388363
14,91,non_limiting_disability,ACTTRAV_C03,0.6688074770328117
15,107,disty1,ACTTRAV_C03,0.5879602913956498
15,107,disty10,WALKTRAV_B02,0.45228387799643266
15,107,disty11,WALKTRAV_B02,0.5089291532285135
15,107,disty12,ACTTRAV_C03,0.5879602913956498
15,107,disty13,ACTTRAV_C03,0.6070589759364795
15,107,disty2,ACTTRAV_C03,0.5879602913956498
15,107,disty3,ACTTRAV_C03,0.5334543979926245
15,107,disty4,ACTTRAV_C03,0.5334543979926245
15,107,disty5,ACTTRAV_C03,0.6070589759364795
15,107,disty6,WALKTRAV_B02,0.48180019624167536
15,107,disty7,ACTTRAV_C03,0.5334543979926245
15,107,disty8,ACTTRAV_C03,0.5334543979926245
15,107,disty9,WALKTRAV_B02,0.5089291532285135
15,107,limiting_disability,ACTTRAV_C03,0.5885341001192972
15,107,no_disability,ACTTRAV_C03,0.7835192155231004
15,107,non_limiting_disability,WALKTRAV_B02,0.7588074201982256
15,109,disty1,ACTTRAV_C03,0.5334543979926245
15,109,disty10,WALKTRAV_B02,0.4794128349832706
15,109,disty11,ACTTRAV_C03,0.6070589759364795
15,109,disty12,ACTTRAV_C03,0.6070589759364795
15,109,disty13,ACTTRAV_C03,0.6070589759364795
15,109,disty2,WALKTRAV_B02,0.5381436594408657
15,109,disty3,ACTTRAV_C03,0.5334543979926245
15,109,disty4,ACTTRAV_C03,0.6070589759364795
15,109,disty5,ACTTRAV_C03,0.6070589759364795
15,109,disty6,ACTTRAV_C03,0.6070589759364795
15,109,disty7,WALKTRAV_B02,0.5381436594408657
15,109,disty8,WALKTRAV_B02,0.5381436594408657
15,109,disty9,ACTTRAV_C03,0.6070589759364795
15,109,limiting_disability,ACTTRAV_C03,0.6076327846601269
15,109,no_disability,ACTTRAV_C03,0.833915712531554
15,109,non_limiting_disability,ACTTRAV_C03,0.7660877275365939
15,112,disty1,ACTTRAV_C03,0.5334543979926245
15,112,disty10,ACTTRAV_C03,0.5039380797473817
15,112,disty11,GARD_B08,0.4477236688271214
15,112,disty12,ACTTRAV_C03,0.5334543979926245
15,112,disty13,ACTTRAV_C03,0.6070589759364795
15,112,disty2,ACTTRAV_C03,0.6070589759364795
15,112,disty3,ACTTRAV_C03,0.5229241421144494
15,112,disty4,ACTTRAV_C03,0.6070589759364795
15,112,disty5,ACTTRAV_C03,0.6070589759364795
15,112,disty6,ACTTRAV_C03,0.6070589759364795
15,112,disty7,ACTTRAV_C03,0.5334543979926245
15,112,disty8,GARD_B08,0.29864607369021073
15,112,disty9,ACTTRAV_C03,0.6070589759364795
15,112,limiting_disability,ACTTRAV_C03,0.6076327846601269
15,112,no_disability,ACTTRAV_C03,0.833915712531554
15,112,non_limiting_disability,WALKTRAV_B02,0.7691703907129832
15,114,disty1,ACTTRAV_C03,0.5879602913956498
15,114,disty10,WALKTRAV_B02,0.5457348796118868
15,114,disty11,WALKTRAV_B02,0.5089291532285135
15,114,disty12,ACTTRAV_C03,0.6070589759364795
15,114,disty13,ACTTRAV_C03,0.6174851321411221
15,114,disty2,ACTTRAV_C03,0.6070589759364795
15,114,disty3,ACTTRAV_C03,0.5334543979926245
15,114,disty4,GARD_B08,0.42355825298913563
15,114,disty5,ACTTRAV_C03,0.6070589759364795
15,114,disty6,ACTTRAV_C03,0.6070589759364795
15,114,disty7,WALKTRAV_B02,0.5381436594408657
15,114,disty8,ACTTRAV_C03,0.5879602913956498
15,114,disty9,ACTTRAV_C03,0.5334543979926245
15,114,limiting_disability,ACTTRAV_C03,0.6076327846601269
15,114,no_disability,ACTTRAV_C03,0.833915712531554
15,114,non_limiting_disability,WALKTRAV_B02,0.7691703907129832
15,117,disty1,ACTTRAV_C03,0.5879602913956498
15,117,disty10,WALKTRAV_B02,0.45228387799643266
15,117,disty11,ACTTRAV_C03,0.5808997565260793
15,117,disty12,ACTTRAV_C03,0.6070589759364795
15,117,disty13,ACTTRAV_C03,0.6070589759364795
15,117,disty2,ACTTRAV_C03,0.5879602913956498
15,117,disty3,ACTTRAV_C03,0.6070589759364795
15,117,disty4,ACTTRAV_C03,0.5879602913956498
15,117,disty5,WALKTRAV_B02,0.48180019624167536
15,117,disty6,ACTTRAV_C03,0.5808997565260793
15,117,disty7,WALKTRAV_B02,0.5773829742434319
15,117,disty8,ACTTRAV_C03,0.5879602913956498
15,117,disty9,ACTTRAV_C03,0.6070589759364795
15,117,limiting_disability,WALKTRAV_B02,0.5862350533633441
15,117,no_disability,ACTTRAV_C03,0.6786257732388363
15,117,non_limiting_disability,ACTTRAV_C03,0.6688074770328117
15,122,disty1,ACTTRAV_C03,0.452472604232392
15,122,disty10,ACTTRAV_C03,0.4746775915531689
15,122,disty11,ACTTRAV_C03,0.5334543979926245
15,122,disty12,GARD_B08,0.32681652462959526
15,122,disty13,ACTTRAV_C03,0.5041939097984115
15,122,disty2,ACTTRAV_C03,0.5334543979926245
15,122,disty3,ACTTRAV_C03,0.452472604232392
15,122,disty4,ACTTRAV_C03,0.4810560066338946
15,122,disty5,ACTTRAV_C03,0.5334543979926245
15,122,disty6,ACTTRAV_C03,0.5041939097984115
15,122,disty7,WALKTRAV_B02,0.501894981559256
15,122,disty8,GARD_B08,0.3593127810375659
15,122,disty9,ACTTRAV_C03,0.5041939097984115
15,122,limiting_disability,ACTTRAV_C03,0.5047677185220589
15,122,no_disability,ACTTRAV_C03,0.7835192155231004
15,122,non_limiting_disability,WALKTRAV_B02,0.6664338806116088
15,126,disty1,WALKTRAV_B02,0.5381436594408657
15,126,disty10,WALKTRAV_B02,0.45228387799643266
15,126,disty11,GARD_B08,0.292685290214436
15,126,disty12,ACTTRAV_C03,0.5334543979926245
15,126,disty13,ACTTRAV_C03,0.6070589759364795
15,126,disty2,WALKTRAV_B02,0.5381436594408657
15,126,disty3,ACTTRAV_C03,0.44594581430765645
15,126,disty4,WALKTRAV_B02,0.5089291532285135
15,126,disty5,ACTTRAV_C03,0.5879602913956498
15,126,disty6,WALKTRAV_B02,0.5089291532285135
15,126,disty7,ACTTRAV_C03,0.5229241421144494
15,126,disty8,WALKTRAV_B02,0.45720784766249367
15,126,disty9,GARD_B08,0.3924391144852184
15,126,limiting_disability,ACTTRAV_C03,0.5340282067162719
15,126,no_disability,ACTTRAV_C03,0.6786257732388363
15,126,non_limiting_disability,WALKTRAV_B02,0.6664338806116088
15,129,disty1,ACTTRAV_C03,0.5229241421144494
15,129,disty10,WALKTRAV_B02,0.2088988450854704
15,129,disty11,WALKTRAV_B02,0.2831917944157403
15,129,disty12,WALKTRAV_B02,0.5381436594408657
15,129,disty13,ACTTRAV_C03,0.6070589759364795
15,129,disty2,WALKTRAV_B02,0.5381436594408657
15,129,disty3,ACTTRAV_C03,0.5334543979926245
15,129,disty4,WALKTRAV_B02,0.48180019624167536
15,129,disty5,ACTTRAV_C03,0.5334543979926245
15,129,disty6,GARD_B08,0.32554633815306466
15,129,disty7,WALKTRAV_B02,0.5381436594408657
15,129,disty8,WALKTRAV_B02,0.5381436594408657
15,129,disty9,WALKTRAV_B02,0.5089291532285135
15,129,limiting_disability,WALKTRAV_B02,0.5387174681645132
15,129,no_disability,ACTTRAV_C03,0.6786257732388363
15,129,non_limiting_disability,ACTTRAV_C03,0.7557247570218363
15,135,disty1,ACTTRAV_C03,0.5879602913956498
15,135,disty10,WALKTRAV_B02,0.5132999710619154
15,135,disty11,ACTTRAV_C03,0.6070589759364795
15,135,disty12,ACTTRAV_C03,0.6070589759364795
15,135,disty13,ACTTRAV_C03,0.6070589759364795
15,135,disty2,ACTTRAV_C03,0.6070589759364795
15,135,disty3,ACTTRAV_C03,0.5334543979926245
15,135,disty4,ACTTRAV_C03,0.6070589759364795
15,135,disty5,ACTTRAV_C03,0.6070589759364795
15,135,disty6,GARD_B08,0.3593127810375659
15,135,disty7,ACTTRAV_C03,0.6070589759364795
15,135,disty8,ACTTRAV_C03,0.5879602913956498
15,135,disty9,ACTTRAV_C03,0.5041939097984115
15,135,limiting_disability,ACTTRAV_C03,0.6076327846601269
15,135,no_disability,ACTTRAV_C03,0.8083715113325316
15,135,non_limiting_disability,WALKTRAV_B02,0.7920227829359722
15,136,disty1,ACTTRAV_C03,0.5334543979926245
15,136,disty10,ACTTRAV_C03,0.41642949606241375
15,136,disty11,GARD_B08,0.29864607369021073
15,136,disty12,GARD_B08,0.29864607369021073
15,136,disty13,ACTTRAV_C03,0.5334543979926245
15,136,disty2,WALKTRAV_B02,0.5381436594408657
15,136,disty3,ACTTRAV_C03,0.5334543979926245
15,136,disty4,WALKTRAV_B02,0.5089291532285135
15,136,disty5,WALKTRAV_B02,0.5381436594408657
15,136,disty6,WALKTRAV_B02,0.5089291532285135
15,136,disty7,WALKTRAV_B02,0.5089291532285135
15,136,disty8,WALKTRAV_B02,0.48180019624167536
15,136,disty9,WALKTRAV_B02,0.5089291532285135
15,136,limiting_disability,ACTTRAV_C03,0.5340282067162719
15,136,no_disability,ACTTRAV_C03,0.7835192155231004
15,136,non_limiting_disability,WALKTRAV_B02,0.7657638847484102
15,139,disty1,ACTTRAV_C03,0.5334543979926245
15,139,disty10,WALKTRAV_B02,0.4211647394925154
15,139,disty11,ACTTRAV_C03,0.6070589759364795
15,139,disty12,ACTTRAV_C03,0.6070589759364795
15,139,disty13,ACTTRAV_C03,0.6070589759364795
15,139,disty2,ACTTRAV_C03,0.6070589759364795
15,139,disty3,ACTTRAV_C03,0.5879602913956498
15,139,disty4,ACTTRAV_C03,0.6070589759364795
15,139,disty5,ACTTRAV_C03,0.6070589759364795
15,139,disty6,GARD_B08,0.22143118962781125
15,139,disty7,WALKTRAV_B02,0.5381436594408657
15,139,disty8,GARD_B08,0.29864607369021073
15,139,disty9,WALKTRAV_B02,0.48180019624167536
15,139,limiting_disability,ACTTRAV_C03,0.6076327846601269
15,139,no_disability,ACTTRAV_C03,0.7835192155231004
15,139,non_limiting_disability,WALKTRAV_B02,0.7588074201982256
15,142,disty1,ACTTRAV_C03,0.6084835021909656
15,142,disty10,WALKTRAV_B02,0.5471594058663729
15,142,disty11,ACTTRAV_C03,0.6084835021909656
15,142,disty12,ACTTRAV_C03,0.6084835021909656
15,142,disty13,ACTTRAV_C03,0.6084835021909656
15,142,disty2,ACTTRAV_C03,0.6084835021909656
15,142,disty3,ACTTRAV_C03,0.6084835021909656
15,142,disty4,ACTTRAV_C03,0.6084835021909656
15,142,disty5,ACTTRAV_C03,0.6084835021909656
15,142,disty6,GARD_B08,0.30007059994469687
15,142,disty7,ACTTRAV_C03,0.6084835021909656
15,142,disty8,WALKTRAV_B02,0.5395681856953518
15,142,disty9,WALKTRAV_B02,0.28461632067022646
15,142,limiting_disability,ACTTRAV_C03,0.609057310914613
15,142,no_disability,ACTTRAV_C03,0.8520753158941836
15,142,non_limiting_disability,WALKTRAV_B02,0.7671884110028963
15,147,disty1,ACTTRAV_C03,0.6070589759364795
15,147,disty10,WALKTRAV_B02,0.5457348796118868
15,147,disty11,ACTTRAV_C03,0.6070589759364795
15,147,disty12,ACTTRAV_C03,0.6070589759364795
15,147,disty13,ACTTRAV_C03,0.5808997565260793
15,147,disty2,ACTTRAV_C03,0.6070589759364795
15,147,disty3,ACTTRAV_C03,0.5879602913956498
15,147,disty4,ACTTRAV_C03,0.5879602913956498
15,147,disty5,ACTTRAV_C03,0.6070589759364795
15,147,disty6,ACTTRAV_C03,0.6070589759364795
15,147,disty7,ACTTRAV_C03,0.5879602913956498
15,147,disty8,ACTTRAV_C03,0.5334543979926245
15,147,disty9,WALKTRAV_B02,0.5381436594408657
15,147,limiting_disability,ACTTRAV_C03,0.6076327846601269
15,147,no_disability,ACTTRAV_C03,0.8083715113325316
15,147,non_limiting_disability,ACTTRAV_C03,0.7557247570218363
15,160,disty1,WALKTRAV_B02,0.5381436594408657
15,160,disty10,WALKTRAV_B02,0.2088988450854704
15,160,disty11,WALKTRAV_B02,0.19901732286727236
15,160,disty12,ACTTRAV_C03,0.5879602913956498
15,160,disty13,ACTTRAV_C03,0.5334543979926245
15,160,disty2,ACTTRAV_C03,0.5334543979926245
15,160,disty3,ACTTRAV_C03,0.4770649528115737
15,160,disty4,GARD_B08,0.29864607369021073
15,160,disty5,ACTTRAV_C03,0.5334543979926245
15,160,disty6,WALKTRAV_B02,0.2088988450854704
15,160,disty7,ACTTRAV_C03,0.5334543979926245
15,160,disty8,WALKTRAV_B02,0.5381436594408657
15,160,disty9,GARD_B08,0.3924391144852184
15,160,limiting_disability,WALKTRAV_B02,0.5387174681645132
15,160,no_disability,ACTTRAV_C03,0.7835192155231004
15,160,non_limiting_disability,WALKTRAV_B02,0.7588074201982256
15,17,disty1,WALKTRAV_B02,0.5381436594408657
15,17,disty10,GOLFADV_U11,0.37455677419796035
15,17,disty11,GOLFADV_U11,0.5474013688098428
15,17,disty12,ACTTRAV_C03,0.6070589759364795
15,17,disty13,ACTTRAV_C03,0.6174851321411221
15,17,disty2,WALKTRAV_B02,0.5381436594408657
15,17,disty3,ACTTRAV_C03,0.4810560066338946
15,17,disty4,WALKTRAV_B02,0.5381436594408657
15,17,disty5,ACTTRAV_C03,0.6070589759364795
15,17,disty6,WALKTRAV_B02,0.18157462553609824
15,17,disty7,WALKTRAV_B02,0.48180019624167536
15,17,disty8,WALKTRAV_B02,0.5089291532285135
15,17,disty9,GARD_B08,0.42458576566260436
15,17,limiting_disability,ACTTRAV_C03,0.5340282067162719
15,17,no_disability,ACTTRAV_C03,0.6786257732388363
15,17,non_limiting_disability,WALKTRAV_B02,0.6664338806116088
15,171,disty1,ACTTRAV_C03,0.5334543979926245
15,171,disty10,WALKTRAV_B02,0.5132999710619154
15,171,disty11,ACTTRAV_C03,0.5879602913956498
15,171,disty12,ACTTRAV_C03,0.6174851321411221
15,171,disty13,ACTTRAV_C03,0.6070589759364795
15,171,disty2,ACTTRAV_C03,0.5879602913956498
15,171,disty3,ACTTRAV_C03,0.6070589759364795
15,171,disty4,ACTTRAV_C03,0.6070589759364795
15,171,disty5,ACTTRAV_C03,0.6070589759364795
15,171,disty6,WALKTRAV_B02,0.5381436594408657
15,171,disty7,ACTTRAV_C03,0.6070589759364795
15,171,disty8,ACTTRAV_C03,0.6174851321411221
15,171,disty9,WALKTRAV_B02,0.5381436594408657
15,171,limiting_disability,ACTTRAV_C03,0.6076327846601269
15,171,no_disability,ACTTRAV_C03,0.7835192155231004
15,171,non_limiting_disability,ACTTRAV_C03,0.6688074770328117
15,196,disty1,WALKTRAV_B02,0.5381436594408657
15,196,disty10,WALKTRAV_B02,0.5457348796118868
15,196,disty11,WALKTRAV_B02,0.2088988450854704
15,196,disty12,ACTTRAV_C03,0.5808997565260793
15,196,disty13,ACTTRAV_C03,0.5334543979926245
15,196,disty2,ACTTRAV_C03,0.6070589759364795
15,196,disty3,ACTTRAV_C03,0.5334543979926245
15,196,disty4,WALKTRAV_B02,0.5381436594408657
15,196,disty5,ACTTRAV_C03,0.5334543979926245
15,196,disty6,ACTTRAV_C03,0.6070589759364795
15,196,disty7,ACTTRAV_C03,0.5334543979926245
15,196,disty8,ACTTRAV_C03,0.5334543979926245
15,196,disty9,WALKTRAV_B02,0.45720784766249367
15,196,limiting_disability,ACTTRAV_C03,0.5885341001192972
15,196,no_disability,ACTTRAV_C03,0.6786257732388363
15,196,non_limiting_disability,ACTTRAV_C03,0.6688074770328117
15,201,disty1,ACTTRAV_C03,0.6070589759364795
15,201,disty10,WALKTRAV_B02,0.5457348796118868
15,201,disty11,ACTTRAV_C03,0.6070589759364795
15,201,disty12,ACTTRAV_C03,0.6070589759364795
15,201,disty13,ACTTRAV_C03,0.6070589759364795
15,201,disty2,ACTTRAV_C03,0.6070589759364795
15,201,disty3,ACTTRAV_C03,0.6070589759364795
15,201,disty4,ACTTRAV_C03,0.6070589759364795
15,201,disty5,ACTTRAV_C03,0.6174851321411221
15,201,disty6,ACTTRAV_C03,0.6070589759364795
15,201,disty7,ACTTRAV_C03,0.6070589759364795
15,201,disty8,ACTTRAV_C03,0.6174851321411221
15,201,disty9,WALKTRAV_B02,0.5089291532285135
15,201,limiting_disability,ACTTRAV_C03,0.6076327846601269
15,201,no_disability,ACTTRAV_C03,0.8083715113325316
15,201,non_limiting_disability,ACTTRAV_C03,0.7557247570218363
15,241,disty1,WALKTRAV_B02,0.5892958655094682
15,241,disty10,WALKTRAV_B02,0.5457348796118868
15,241,disty11,ACTTRAV_C03,0.6174851321411221
15,241,disty12,ACTTRAV_C03,0.6070589759364795
15,241,disty13,ACTTRAV_C03,0.6070589759364795
15,241,disty2,ACTTRAV_C03,0.6070589759364795
15,241,disty3,WALKTRAV_B02,0.5856612446396967
15,241,disty4,ACTTRAV_C03,0.6070589759364795
15,241,disty5,ACTTRAV_C03,0.6174851321411221
15,241,disty6,ACTTRAV_C03,0.6174851321411221
15,241,disty7,ACTTRAV_C03,0.6070589759364795
15,241,disty8,ACTTRAV_C03,0.6070589759364795
15,241,disty9,ACTTRAV_C03,0.6174851321411221
15,241,limiting_disability,ACTTRAV_C03,0.6076327846601269
15,241,no_disability,ACTTRAV_C03,0.833915712531554
15,241,non_limiting_disability,WALKTRAV_B02,0.7920227829359722
15,255,disty1,ACTTRAV_C03,0.6070589759364795
15,255,disty10,WALKTRAV_B02,0.4211647394925154
15,255,disty11,WALKTRAV_B02,0.5773829742434319
15,255,disty12,ACTTRAV_C03,0.6174851321411221
15,255,disty13,ACTTRAV_C03,0.6174851321411221
15,255,disty2,ACTTRAV_C03,0.6070589759364795
15,255,disty3,ACTTRAV_C03,0.5229241421144494
15,255,disty4,WALKTRAV_B02,0.5089291532285135
15,255,disty5,ACTTRAV_C03,0.6070589759364795
15,255,disty6,ACTTRAV_C03,0.5334543979926245
15,255,disty7,ACTTRAV_C03,0.5334543979926245
15,255,disty8,ACTTRAV_C03,0.5879602913956498
15,255,disty9,ACTTRAV_C03,0.6070589759364795
15,255,limiting_disability,WALKTRAV_B02,0.5387174681645132
15,255,no_disability,ACTTRAV_C03,0.6786257732388363
15,255,non_limiting_disability,WALKTRAV_B02,0.6664338806116088
15,272,disty1,WALKTRAV_B02,0.5892958655094682
15,272,disty10,WALKTRAV_B02,0.4981430672993086
15,272,disty11,ACTTRAV_C03,0.6070589759364795
15,272,disty12,ACTTRAV_C03,0.6070589759364795
15,272,disty13,WALKTRAV_B02,0.5089291532285135
15,272,disty2,ACTTRAV_C03,0.6070589759364795
15,272,disty3,ACTTRAV_C03,0.5334543979926245
15,272,disty4,ACTTRAV_C03,0.6070589759364795
15,272,disty5,ACTTRAV_C03,0.5879602913956498
15,272,disty6,ACTTRAV_C03,0.6070589759364795
15,272,disty7,WALKTRAV_B02,0.5381436594408657
15,272,disty8,WALKTRAV_B02,0.5381436594408657
15,272,disty9,ACTTRAV_C03,0.5334543979926245
15,272,limiting_disability,ACTTRAV_C03,0.6076327846601269
15,272,no_disability,ACTTRAV_C03,0.833915712531554
15,272,non_limiting_disability,ACTTRAV_C03,0.7660877275365939
15,279,disty1,ACTTRAV_C03,0.6070589759364795
15,279,disty10,WALKTRAV_B02,0.5457348796118868
15,279,disty11,ACTTRAV_C03,0.6070589759364795
15,279,disty12,ACTTRAV_C03,0.6070589759364795
15,279,disty13,ACTTRAV_C03,0.6070589759364795
15,279,disty2,ACTTRAV_C03,0.6070589759364795
15,279,disty3,ACTTRAV_C03,0.6070589759364795
15,279,disty4,ACTTRAV_C03,0.6070589759364795
15,279,disty5,WALKTRAV_B02,0.5892958655094682
15,279,disty6,ACTTRAV_C03,0.6174851321411221
15,279,disty7,ACTTRAV_C03,0.6070589759364795
15,279,disty8,ACTTRAV_C03,0.5808997565260793
15,279,disty9,WALKTRAV_B02,0.5381436594408657
15,279,limiting_disability,ACTTRAV_C03,0.6076327846601269
15,279,no_disability,ACTTRAV_C03,0.7835192155231004
15,279,non_limiting_disability,WALKTRAV_B02,0.7862235187986313
15,280,disty1,ACTTRAV_C03,0.6070589759364795
15,280,disty10,WALKTRAV_B02,0.5457348796118868
15,280,disty11,WALKTRAV_B02,0.2088988450854704
15,280,disty12,ACTTRAV_C03,0.6070589759364795
15,280,disty13,ACTTRAV_C03,0.6070589759364795
15,280,disty2,ACTTRAV_C03,0.6070589759364795
15,280,disty3,ACTTRAV_C03,0.5879602913956498
15,280,disty4,WALKTRAV_B02,0.5089291532285135
15,280,disty5,ACTTRAV_C03,0.6070589759364795
15,280,disty6,ACTTRAV_C03,0.6070589759364795
15,280,disty7,ACTTRAV_C03,0.6070589759364795
15,280,disty8,ACTTRAV_C03,0.6070589759364795
15,280,disty9,ACTTRAV_C03,0.6070589759364795
15,280,limiting_disability,ACTTRAV_C03,0.6076327846601269
15,280,no_disability,ACTTRAV_C03,0.833915712531554
15,280,non_limiting_disability,WALKTRAV_B02,0.7657638847484102
15,293,disty1,ACTTRAV_C03,0.5879602913956498
15,293,disty10,WALKTRAV_B02,0.4794128349832706
15,293,disty11,ACTTRAV_C03,0.6174851321411221
15,293,disty12,ACTTRAV_C03,0.6070589759364795
15,293,disty13,ACTTRAV_C03,0.6070589759364795
15,293,disty2,WALKTRAV_B02,0.5892958655094682
15,293,disty3,ACTTRAV_C03,0.5334543979926245
15,293,disty4,ACTTRAV_C03,0.5334543979926245
15,293,disty5,ACTTRAV_C03,0.6070589759364795
15,293,disty6,WALKTRAV_B02,0.48180019624167536
15,293,disty7,ACTTRAV_C03,0.5879602913956498
15,293,disty8,ACTTRAV_C03,0.5334543979926245
15,293,disty9,WALKTRAV_B02,0.5892958655094682
15,293,limiting_disability,ACTTRAV_C03,0.6076327846601269
15,293,no_disability,ACTTRAV_C03,0.833915712531554
15,293,non_limiting_disability,WALKTRAV_B02,0.7657638847484102
15,30,disty1,WALKTRAV_B02,0.5381436594408657
15,30,disty10,WALKTRAV_B02,0.4794128349832706
15,30,disty11,ACTTRAV_C03,0.6070589759364795
15,30,disty12,ACTTRAV_C03,0.6174851321411221
15,30,disty13,ACTTRAV_C03,0.6070589759364795
15,30,disty2,ACTTRAV_C03,0.5334543979926245
15,30,disty3,ACTTRAV_C03,0.5334543979926245
15,30,disty4,ACTTRAV_C03,0.6070589759364795
15,30,disty5,ACTTRAV_C03,0.6070589759364795
15,30,disty6,WALKTRAV_B02,0.5381436594408657
15,30,disty7,ACTTRAV_C03,0.6070589759364795
15,30,disty8,ACTTRAV_C03,0.5808997565260793
15,30,disty9,ACTTRAV_C03,0.5879602913956498
15,30,limiting_disability,ACTTRAV_C03,0.6076327846601269
15,30,no_disability,ACTTRAV_C03,0.7835192155231004
15,30,non_limiting_disability,WALKTRAV_B02,0.7588074201982256
15,35,disty1,WALKTRAV_B02,0.5089291532285135
15,35,disty10,WALKTRAV_B02,0.45228387799643266
15,35,disty11,ACTTRAV_C03,0.6070589759364795
15,35,disty12,ACTTRAV_C03,0.6070589759364795
15,35,disty13,WALKTRAV_B02,0.5381436594408657
15,35,disty2,GARD_B08,0.32554633815306466
15,35,disty3,ACTTRAV_C03,0.5334543979926245
15,35,disty4,WALKTRAV_B02,0.48180019624167536
15,35,disty5,ACTTRAV_C03,0.6070589759364795
15,35,disty6,WALKTRAV_B02,0.5381436594408657
15,35,disty7,WALKTRAV_B02,0.5892958655094682
15,35,disty8,WALKTRAV_B02,0.5773829742434319
15,35,disty9,WALKTRAV_B02,0.5089291532285135
15,35,limiting_disability,WALKTRAV_B02,0.5387174681645132
15,35,no_disability,ACTTRAV_C03,0.7835192155231004
15,35,non_limiting_disability,WALKTRAV_B02,0.6664338806116088
15,44,disty1,ACTTRAV_C03,0.6070589759364795
15,44,disty10,WALKTRAV_B02,0.4794128349832706
15,44,disty11,GARD_B08,0.3924391144852184
15,44,disty12,ACTTRAV_C03,0.5879602913956498
15,44,disty13,ACTTRAV_C03,0.6070589759364795
15,44,disty2,ACTTRAV_C03,0.6070589759364795
15,44,disty3,ACTTRAV_C03,0.6070589759364795
15,44,disty4,ACTTRAV_C03,0.6070589759364795
15,44,disty5,ACTTRAV_C03,0.6070589759364795
15,44,disty6,GARD_B08,0.22143118962781125
15,44,disty7,ACTTRAV_C03,0.5334543979926245
15,44,disty8,WALKTRAV_B02,0.5892958655094682
15,44,disty9,WALKTRAV_B02,0.5381436594408657
15,44,limiting_disability,ACTTRAV_C03,0.6076327846601269
15,44,no_disability,ACTTRAV_C03,0.8083715113325316
15,44,non_limiting_disability,ACTTRAV_C03,0.7626812215720209
15,68,disty1,WALKTRAV_B02,0.5892958655094682
15,68,disty10,WALKTRAV_B02,0.45228387799643266
15,68,disty11,ACTTRAV_C03,0.5879602913956498
15,68,disty12,WALKTRAV_B02,0.5892958655094682
15,68,disty13,ACTTRAV_C03,0.6070589759364795
15,68,disty2,ACTTRAV_C03,0.5879602913956498
15,68,disty3,ACTTRAV_C03,0.5334543979926245
15,68,disty4,WALKTRAV_B02,0.2831917944157403
15,68,disty5,WALKTRAV_B02,0.5892958655094682
15,68,disty6,WALKTRAV_B02,0.5089291532285135
15,68,disty7,WALKTRAV_B02,0.5381436594408657
15,68,disty8,ACTTRAV_C03,0.5334543979926245
15,68,disty9,WALKTRAV_B02,0.45720784766249367
15,68,limiting_disability,ACTTRAV_C03,0.6076327846601269
15,68,no_disability,ACTTRAV_C03,0.6786257732388363
15,68,non_limiting_disability,WALKTRAV_B02,0.7588074201982256
15,78,disty1,ACTTRAV_C03,0.6070589759364795
15,78,disty10,WALKTRAV_B02,0.5457348796118868
15,78,disty11,ACTTRAV_C03,0.6070589759364795
15,78,disty12,ACTTRAV_C03,0.6070589759364795
15,78,disty13,ACTTRAV_C03,0.6174851321411221
15,78,disty2,ACTTRAV_C03,0.6070589759364795
15,78,disty3,ACTTRAV_C03,0.5334543979926245
15,78,disty4,ACTTRAV_C03,0.6070589759364795
15,78,disty5,ACTTRAV_C03,0.6070589759364795
15,78,disty6,ACTTRAV_C03,0.6070589759364795
15,78,disty7,ACTTRAV_C03,0.5334543979926245
15,78,disty8,WALKTRAV_B02,0.5381436594408657
15,78,disty9,ACTTRAV_C03,0.5334543979926245
15,78,limiting_disability,ACTTRAV_C03,0.6076327846601269
15,78,no_disability,ACTTRAV_C03,0.7835192155231004
15,78,non_limiting_disability,WALKTRAV_B02,0.7657638847484102
15,8,disty1,ACTTRAV_C03,0.5334543979926245
15,8,disty10,WALKTRAV_B02,0.4794128349832706
15,8,disty11,ACTTRAV_C03,0.5808997565260793
15,8,disty12,ACTTRAV_C03,0.5334543979926245
15,8,disty13,WALKTRAV_B02,0.5381436594408657
15,8,disty2,ACTTRAV_C03,0.5334543979926245
15,8,disty3,ACTTRAV_C03,0.5334543979926245
15,8,disty4,ACTTRAV_C03,0.5879602913956498
15,8,disty5,ACTTRAV_C03,0.5334543979926245
15,8,disty6,ACTTRAV_C03,0.5334543979926245
15,8,disty7,ACTTRAV_C03,0.5334543979926245
15,8,disty8,GARD_B08,0.292685290214436
15,8,disty9,WALKTRAV_B02,0.5381436594408657
15,8,limiting_disability,ACTTRAV_C03,0.5340282067162719
15,8,no_disability,ACTTRAV_C03,0.6786257732388363
15,8,non_limiting_disability,ACTTRAV_C03,0.7557247570218363
15,9,disty1,ACTTRAV_C03,0.5879602913956498
15,9,disty10,WALKTRAV_B02,0.4211647394925154
15,9,disty11,WALKTRAV_B02,0.18157462553609824
15,9,disty12,ACTTRAV_C03,0.6070589759364795
15,9,disty13,ACTTRAV_C03,0.6174851321411221
15,9,disty2,ACTTRAV_C03,0.6070589759364795
15,9,disty3,ACTTRAV_C03,0.6070589759364795
15,9,disty4,ACTTRAV_C03,0.5334543979926245
15,9,disty5,ACTTRAV_C03,0.6070589759364795
15,9,disty6,WALKTRAV_B02,0.5381436594408657
15,9,disty7,WALKTRAV_B02,0.5892958655094682
15,9,disty8,ACTTRAV_C03,0.6070589759364795
15,9,disty9,WALKTRAV_B02,0.48180019624167536
15,9,limiting_disability,ACTTRAV_C03,0.6076327846601269
15,9,no_disability,ACTTRAV_C03,0.6786257732388363
15,9,non_limiting_disability,ACTTRAV_C03,0.7626812215720209
15,91,disty1,WALKTRAV_B02,0.5381436594408657
15,91,disty10,WALKTRAV_B02,0.45228387799643266
15,91,disty11,GARD_B08,0.42355825298913563
15,91,disty12,WALKTRAV_B02,0.48180019624167536
15,91,disty13,WALKTRAV_B02,0.45068105773775813
15,91,disty2,WALKTRAV_B02,0.5089291532285135
15,91,disty3,ACTTRAV_C03,0.5334543979926245
15,91,disty4,ACTTRAV_C03,0.5808997565260793
15,91,disty5,ACTTRAV_C03,0.5334543979926245
15,91,disty6,ACTTRAV_C03,0.6070589759364795
15,91,disty7,WALKTRAV_B02,0.5381436594408657
15,91,disty8,WALKTRAV_B02,0.5381436594408657
15,91,disty9,WALKTRAV_B02,0.5381436594408657
15,91,limiting_disability,ACTTRAV_C03,0.5340282067162719
15,91,no_disability,ACTTRAV_C03,0.6786257732388363
15,91,non_limiting_disability,WALKTRAV_B02,0.6664338806116088
16,107,disty1,ACTTRAV_C03,0.5879602913956498
16,107,disty10,WALKTRAV_B02,0.45228387799643266
16,107,disty11,WALKTRAV_B02,0.5089291532285135
16,107,disty12,ACTTRAV_C03,0.5879602913956498
16,107,disty13,ACTTRAV_C03,0.6070589759364795
16,107,disty2,ACTTRAV_C03,0.5879602913956498
16,107,disty3,ACTTRAV_C03,0.5334543979926245
16,107,disty4,ACTTRAV_C03,0.5334543979926245
16,107,disty5,ACTTRAV_C03,0.6070589759364795
16,107,disty6,WALKTRAV_B02,0.5089291532285135
16,107,disty7,ACTTRAV_C03,0.5334543979926245
16,107,disty8,WALKTRAV_B02,0.5381436594408657
16,107,disty9,WALKTRAV_B02,0.5089291532285135
16,107,limiting_disability,ACTTRAV_C03,0.5885341001192972
16,107,no_disability,ACTTRAV_C03,0.7835192155231004
16,107,non_limiting_disability,WALKTRAV_B02,0.7588074201982256
16,109,disty1,ACTTRAV_C03,0.5334543979926245
16,109,disty10,WALKTRAV_B02,0.4794128349832706
16,109,disty11,ACTTRAV_C03,0.6070589759364795
16,109,disty12,ACTTRAV_C03,0.6070589759364795
16,109,disty13,ACTTRAV_C03,0.6070589759364795
16,109,disty2,WALKTRAV_B02,0.5381436594408657
16,109,disty3,ACTTRAV_C03,0.5334543979926245
16,109,disty4,ACTTRAV_C03,0.6070589759364795
16,109,disty5,ACTTRAV_C03,0.6070589759364795
16,109,disty6,ACTTRAV_C03,0.6070589759364795
16,109,disty7,ACTTRAV_C03,0.5334543979926245
16,109,disty8,ACTTRAV_C03,0.5334543979926245
16,109,disty9,ACTTRAV_C03,0.6070589759364795
16,109,limiting_disability,ACTTRAV_C03,0.6076327846601269
16,109,no_disability,ACTTRAV_C03,0.833915712531554
16,109,non_limiting_disability,ACTTRAV_C03,0.7660877275365939
16,112,disty1,WALKTRAV_B02,0.5381436594408657
16,112,disty10,WALKTRAV_B02,0.4794128349832706
16,112,disty11,GARD_B08,0.42458576566260436
16,112,disty12,ACTTRAV_C03,0.5334543979926245
16,112,disty13,ACTTRAV_C03,0.6070589759364795
16,112,disty2,ACTTRAV_C03,0.6070589759364795
16,112,disty3,ACTTRAV_C03,0.5334543979926245
16,112,disty4,ACTTRAV_C03,0.6070589759364795
16,112,disty5,ACTTRAV_C03,0.6070589759364795
16,112,disty6,ACTTRAV_C03,0.6070589759364795
16,112,disty7,ACTTRAV_C03,0.5334543979926245
16,112,disty8,GARD_B08,0.29864607369021073
16,112,disty9,ACTTRAV_C03,0.6070589759364795
16,112,limiting_disability,ACTTRAV_C03,0.6076327846601269
16,112,no_disability,ACTTRAV_C03,0.833915712531554
16,112,non_limiting_disability,WALKTRAV_B02,0.7657638847484102
16,114,disty1,ACTTRAV_C03,0.5879602913956498
16,114,disty10,WALKTRAV_B02,0.5457348796118868
16,114,disty11,WALKTRAV_B02,0.5089291532285135
16,114,disty12,ACTTRAV_C03,0.6070589759364795
16,114,disty13,ACTTRAV_C03,0.6070589759364795
16,114,disty2,ACTTRAV_C03,0.6070589759364795
16,114,disty3,ACTTRAV_C03,0.5334543979926245
16,114,disty4,GARD_B08,0.3924391144852184
16,114,disty5,ACTTRAV_C03,0.6070589759364795
16,114,disty6,ACTTRAV_C03,0.6070589759364795
16,114,disty7,ACTTRAV_C03,0.5334543979926245
16,114,disty8,ACTTRAV_C03,0.5879602913956498
16,114,disty9,ACTTRAV_C03,0.5334543979926245
16,114,limiting_disability,ACTTRAV_C03,0.6076327846601269
16,114,no_disability,ACTTRAV_C03,0.833915712531554
16,114,non_limiting_disability,WALKTRAV_B02,0.7657638847484102
16,117,disty1,ACTTRAV_C03,0.5879602913956498
16,117,disty10,WALKTRAV_B02,0.45228387799643266
16,117,disty11,WALKTRAV_B02,0.5892958655094682
16,117,disty12,ACTTRAV_C03,0.6070589759364795
16,117,disty13,ACTTRAV_C03,0.6070589759364795
16,117,disty2,ACTTRAV_C03,0.5879602913956498
16,117,disty3,ACTTRAV_C03,0.6070589759364795
16,117,disty4,ACTTRAV_C03,0.5879602913956498
16,117,disty5,WALKTRAV_B02,0.5089291532285135
16,117,disty6,ACTTRAV_C03,0.5879602913956498
16,117,disty7,WALKTRAV_B02,0.5892958655094682
16,117,disty8,ACTTRAV_C03,0.5879602913956498
16,117,disty9,ACTTRAV_C03,0.6070589759364795
16,117,limiting_disability,WALKTRAV_B02,0.5862350533633441
16,117,no_disability,ACTTRAV_C03,0.6786257732388363
16,117,non_limiting_disability,WALKTRAV_B02,0.6664338806116088
16,122,disty1,ACTTRAV_C03,0.4770649528115737
16,122,disty10,ACTTRAV_C03,0.4746775915531689
16,122,disty11,ACTTRAV_C03,0.5334543979926245
16,122,disty12,GARD_B08,0.292685290214436
16,122,disty13,ACTTRAV_C03,0.5041939097984115
16,122,disty2,ACTTRAV_C03,0.5334543979926245
16,122,disty3,ACTTRAV_C03,0.4770649528115737
16,122,disty4,ACTTRAV_C03,0.5041939097984115
16,122,disty5,ACTTRAV_C03,0.5334543979926245
16,122,disty6,ACTTRAV_C03,0.5041939097984115
16,122,disty7,WALKTRAV_B02,0.5206252138752938
16,122,disty8,GARD_B08,0.3593127810375659
16,122,disty9,ACTTRAV_C03,0.5229241421144494
16,122,limiting_disability,ACTTRAV_C03,0.5047677185220589
16,122,no_disability,ACTTRAV_C03,0.7835192155231004
16,122,non_limiting_disability,WALKTRAV_B02,0.6664338806116088
16,126,disty1,WALKTRAV_B02,0.5381436594408657
16,126,disty10,WALKTRAV_B02,0.45228387799643266
16,126,disty11,GARD_B08,0.29864607369021073
16,126,disty12,ACTTRAV_C03,0.5334543979926245
16,126,disty13,ACTTRAV_C03,0.6070589759364795
16,126,disty2,WALKTRAV_B02,0.5381436594408657
16,126,disty3,ACTTRAV_C03,0.452472604232392
16,126,disty4,WALKTRAV_B02,0.5089291532285135
16,126,disty5,ACTTRAV_C03,0.5879602913956498
16,126,disty6,WALKTRAV_B02,0.5089291532285135
16,126,disty7,WALKTRAV_B02,0.5381436594408657
16,126,disty8,WALKTRAV_B02,0.48180019624167536
16,126,disty9,GARD_B08,0.3593127810375659
16,126,limiting_disability,ACTTRAV_C03,0.5340282067162719
16,126,no_disability,ACTTRAV_C03,0.6786257732388363
16,126,non_limiting_disability,ACTTRAV_C03,0.6688074770328117
16,129,disty1,ACTTRAV_C03,0.5334543979926245
16,129,disty10,WALKTRAV_B02,0.2088988450854704
16,129,disty11,WALKTRAV_B02,0.2831917944157403
16,129,disty12,ACTTRAV_C03,0.5334543979926245
16,129,disty13,ACTTRAV_C03,0.6070589759364795
16,129,disty2,WALKTRAV_B02,0.5381436594408657
16,129,disty3,ACTTRAV_C03,0.5334543979926245
16,129,disty4,WALKTRAV_B02,0.5089291532285135
16,129,disty5,ACTTRAV_C03,0.5334543979926245
16,129,disty6,GARD_B08,0.32681652462959526
16,129,disty7,WALKTRAV_B02,0.5381436594408657
16,129,disty8,ACTTRAV_C03,0.5334543979926245
16,129,disty9,WALKTRAV_B02,0.5089291532285135
16,129,limiting_disability,ACTTRAV_C03,0.5340282067162719
16,129,no_disability,ACTTRAV_C03,0.6786257732388363
16,129,non_limiting_disability,ACTTRAV_C03,0.7557247570218363
16,135,disty1,ACTTRAV_C03,0.5879602913956498
16,135,disty10,WALKTRAV_B02,0.4978157148607425
16,135,disty11,ACTTRAV_C03,0.6070589759364795
16,135,disty12,ACTTRAV_C03,0.6070589759364795
16,135,disty13,ACTTRAV_C03,0.6070589759364795
16,135,disty2,ACTTRAV_C03,0.6070589759364795
16,135,disty3,ACTTRAV_C03,0.5334543979926245
16,135,disty4,ACTTRAV_C03,0.6070589759364795
16,135,disty5,ACTTRAV_C03,0.6070589759364795
16,135,disty6,GARD_B08,0.3593127810375659
16,135,disty7,ACTTRAV_C03,0.6070589759364795
16,135,disty8,WALKTRAV_B02,0.5892958655094682
16,135,disty9,ACTTRAV_C03,0.5041939097984115
16,135,limiting_disability,ACTTRAV_C03,0.6076327846601269
16,135,no_disability,ACTTRAV_C03,0.8083715113325316
16,135,non_limiting_disability,WALKTRAV_B02,0.7862235187986313
16,136,disty1,WALKTRAV_B02,0.5381436594408657
16,136,disty10,ACTTRAV_C03,0.41642949606241375
16,136,disty11,GARD_B08,0.29864607369021073
16,136,disty12,GARD_B08,0.29864607369021073
16,136,disty13,ACTTRAV_C03,0.5334543979926245
16,136,disty2,ACTTRAV_C03,0.5334543979926245
16,136,disty3,ACTTRAV_C03,0.5334543979926245
16,136,disty4,WALKTRAV_B02,0.5089291532285135
16,136,disty5,WALKTRAV_B02,0.5381436594408657
16,136,disty6,WALKTRAV_B02,0.5381436594408657
16,136,disty7,WALKTRAV_B02,0.5381436594408657
16,136,disty8,WALKTRAV_B02,0.5089291532285135
16,136,disty9,WALKTRAV_B02,0.5089291532285135
16,136,limiting_disability,ACTTRAV_C03,0.5340282067162719
16,136,no_disability,ACTTRAV_C03,0.7835192155231004
16,136,non_limiting_disability,WALKTRAV_B02,0.7657638847484102
16,139,disty1,ACTTRAV_C03,0.5334543979926245
16,139,disty10,WALKTRAV_B02,0.4211647394925154
16,139,disty11,ACTTRAV_C03,0.6070589759364795
16,139,disty12,ACTTRAV_C03,0.6070589759364795
16,139,disty13,ACTTRAV_C03,0.6070589759364795
16,139,disty2,ACTTRAV_C03,0.6070589759364795
16,139,disty3,ACTTRAV_C03,0.5879602913956498
16,139,disty4,ACTTRAV_C03,0.6070589759364795
16,139,disty5,ACTTRAV_C03,0.6070589759364795
16,139,disty6,GARD_B08,0.22143118962781125
16,139,disty7,ACTTRAV_C03,0.5334543979926245
16,139,disty8,GARD_B08,0.29864607369021073
16,139,disty9,WALKTRAV_B02,0.5089291532285135
16,139,limiting_disability,ACTTRAV_C03,0.6076327846601269
16,139,no_disability,ACTTRAV_C03,0.7835192155231004
16,139,non_limiting_disability,WALKTRAV_B02,0.7588074201982256
16,142,disty1,ACTTRAV_C03,0.6084835021909656
16,142,disty10,WALKTRAV_B02,0.5471594058663729
16,142,disty11,ACTTRAV_C03,0.6084835021909656
16,142,disty12,ACTTRAV_C03,0.6084835021909656
16,142,disty13,ACTTRAV_C03,0.6084835021909656
16,142,disty2,ACTTRAV_C03,0.6084835021909656
16,142,disty3,ACTTRAV_C03,0.6084835021909656
16,142,disty4,ACTTRAV_C03,0.6084835021909656
16,142,disty5,ACTTRAV_C03,0.6084835021909656
16,142,disty6,GARD_B08,0.30007059994469687
16,142,disty7,ACTTRAV_C03,0.6084835021909656
16,142,disty8,ACTTRAV_C03,0.5348789242471106
16,142,disty9,WALKTRAV_B02,0.28461632067022646
16,142,limiting_disability,ACTTRAV_C03,0.609057310914613
16,142,no_disability,ACTTRAV_C03,0.8520753158941836
16,142,non_limiting_disability,WALKTRAV_B02,0.7671884110028963
16,147,disty1,ACTTRAV_C03,0.6070589759364795
16,147,disty10,WALKTRAV_B02,0.5132999710619154
16,147,disty11,ACTTRAV_C03,0.6070589759364795
16,147,disty12,ACTTRAV_C03,0.6070589759364795
16,147,disty13,WALKTRAV_B02,0.5892958655094682
16,147,disty2,ACTTRAV_C03,0.6070589759364795
16,147,disty3,ACTTRAV_C03,0.5879602913956498
16,147,disty4,ACTTRAV_C03,0.5879602913956498
16,147,disty5,ACTTRAV_C03,0.6070589759364795
16,147,disty6,ACTTRAV_C03,0.6070589759364795
16,147,disty7,ACTTRAV_C03,0.5879602913956498
16,147,disty8,ACTTRAV_C03,0.5334543979926245
16,147,disty9,ACTTRAV_C03,0.5334543979926245
16,147,limiting_disability,ACTTRAV_C03,0.6076327846601269
16,147,no_disability,ACTTRAV_C03,0.8083715113325316
16,147,non_limiting_disability,ACTTRAV_C03,0.7557247570218363
16,160,disty1,ACTTRAV_C03,0.5334543979926245
16,160,disty10,WALKTRAV_B02,0.2088988450854704
16,160,disty11,WALKTRAV_B02,0.20488567813559153
16,160,disty12,ACTTRAV_C03,0.5879602913956498
16,160,disty13,WALKTRAV_B02,0.5381436594408657
16,160,disty2,ACTTRAV_C03,0.5334543979926245
16,160,disty3,ACTTRAV_C03,0.4810560066338946
16,160,disty4,GARD_B08,0.29864607369021073
16,160,disty5,WALKTRAV_B02,0.5381436594408657
16,160,disty6,WALKTRAV_B02,0.2088988450854704
16,160,disty7,ACTTRAV_C03,0.5334543979926245
16,160,disty8,WALKTRAV_B02,0.5381436594408657
16,160,disty9,GARD_B08,0.3593127810375659
16,160,limiting_disability,ACTTRAV_C03,0.5340282067162719
16,160,no_disability,ACTTRAV_C03,0.7835192155231004
16,160,non_limiting_disability,WALKTRAV_B02,0.7588074201982256
16,17,disty1,ACTTRAV_C03,0.5334543979926245
16,17,disty10,GOLFADV_U11,0.3709467589955506
16,17,disty11,GOLFADV_U11,0.5474013688098428
16,17,disty12,ACTTRAV_C03,0.6070589759364795
16,17,disty13,ACTTRAV_C03,0.6070589759364795
16,17,disty2,ACTTRAV_C03,0.5334543979926245
16,17,disty3,ACTTRAV_C03,0.5041939097984115
16,17,disty4,WALKTRAV_B02,0.5273320331059853
16,17,disty5,ACTTRAV_C03,0.6070589759364795
16,17,disty6,WALKTRAV_B02,0.1857701919965972
16,17,disty7,WALKTRAV_B02,0.5089291532285135
16,17,disty8,WALKTRAV_B02,0.5381436594408657
16,17,disty9,GARD_B08,0.42355825298913563
16,17,limiting_disability,WALKTRAV_B02,0.5387174681645132
16,17,no_disability,ACTTRAV_C03,0.6786257732388363
16,17,non_limiting_disability,ACTTRAV_C03,0.6688074770328117
16,171,disty1,WALKTRAV_B02,0.5381436594408657
16,171,disty10,ACTTRAV_C03,0.5039380797473817
16,171,disty11,ACTTRAV_C03,0.5879602913956498
16,171,disty12,ACTTRAV_C03,0.6070589759364795
16,171,disty13,ACTTRAV_C03,0.6070589759364795
16,171,disty2,ACTTRAV_C03,0.5879602913956498
16,171,disty3,ACTTRAV_C03,0.6070589759364795
16,171,disty4,ACTTRAV_C03,0.6070589759364795
16,171,disty5,ACTTRAV_C03,0.6070589759364795
16,171,disty6,ACTTRAV_C03,0.5334543979926245
16,171,disty7,ACTTRAV_C03,0.6070589759364795
16,171,disty8,ACTTRAV_C03,0.6070589759364795
16,171,disty9,ACTTRAV_C03,0.5334543979926245
16,171,limiting_disability,ACTTRAV_C03,0.6076327846601269
16,171,no_disability,ACTTRAV_C03,0.7835192155231004
16,171,non_limiting_disability,WALKTRAV_B02,0.6664338806116088
16,196,disty1,ACTTRAV_C03,0.5334543979926245
16,196,disty10,WALKTRAV_B02,0.5457348796118868
16,196,disty11,WALKTRAV_B02,0.2088988450854704
16,196,disty12,ACTTRAV_C03,0.5808997565260793
16,196,disty13,WALKTRAV_B02,0.5381436594408657
16,196,disty2,ACTTRAV_C03,0.6070589759364795
16,196,disty3,ACTTRAV_C03,0.5334543979926245
16,196,disty4,WALKTRAV_B02,0.5381436594408657
16,196,disty5,ACTTRAV_C03,0.5334543979926245
16,196,disty6,ACTTRAV_C03,0.6070589759364795
16,196,disty7,WALKTRAV_B02,0.5381436594408657
16,196,disty8,ACTTRAV_C03,0.5334543979926245
16,196,disty9,WALKTRAV_B02,0.48180019624167536
16,196,limiting_disability,ACTTRAV_C03,0.5885341001192972
16,196,no_disability,ACTTRAV_C03,0.6786257732388363
16,196,non_limiting_disability,WALKTRAV_B02,0.6664338806116088
16,201,disty1,ACTTRAV_C03,0.6070589759364795
16,201,disty10,WALKTRAV_B02,0.5457348796118868
16,201,disty11,ACTTRAV_C03,0.6070589759364795
16,201,disty12,ACTTRAV_C03,0.6070589759364795
16,201,disty13,ACTTRAV_C03,0.6070589759364795
16,201,disty2,ACTTRAV_C03,0.6070589759364795
16,201,disty3,ACTTRAV_C03,0.6070589759364795
16,201,disty4,ACTTRAV_C03,0.6070589759364795
16,201,disty5,ACTTRAV_C03,0.6070589759364795
16,201,disty6,ACTTRAV_C03,0.6070589759364795
16,201,disty7,ACTTRAV_C03,0.6070589759364795
16,201,disty8,ACTTRAV_C03,0.6070589759364795
16,201,disty9,WALKTRAV_B02,0.5381436594408657
16,201,limiting_disability,ACTTRAV_C03,0.6076327846601269
16,201,no_disability,ACTTRAV_C03,0.8083715113325316
16,201,non_limiting_disability,ACTTRAV_C03,0.7557247570218363
16,241,disty1,ACTTRAV_C03,0.5879602913956498
16,241,disty10,WALKTRAV_B02,0.5457348796118868
16,241,disty11,ACTTRAV_C03,0.6070589759364795
16,241,disty12,ACTTRAV_C03,0.6070589759364795
16,241,disty13,ACTTRAV_C03,0.6070589759364795
16,241,disty2,ACTTRAV_C03,0.6070589759364795
16,241,disty3,WALKTRAV_B02,0.5856612446396967
16,241,disty4,ACTTRAV_C03,0.6070589759364795
16,241,disty5,ACTTRAV_C03,0.6070589759364795
16,241,disty6,ACTTRAV_C03,0.6070589759364795
16,241,disty7,ACTTRAV_C03,0.6070589759364795
16,241,disty8,ACTTRAV_C03,0.6070589759364795
16,241,disty9,ACTTRAV_C03,0.6070589759364795
16,241,limiting_disability,ACTTRAV_C03,0.6076327846601269
16,241,no_disability,ACTTRAV_C03,0.833915712531554
16,241,non_limiting_disability,WALKTRAV_B02,0.7862235187986313
16,255,disty1,ACTTRAV_C03,0.6070589759364795
16,255,disty10,WALKTRAV_B02,0.4211647394925154
16,255,disty11,WALKTRAV_B02,0.5892958655094682
16,255,disty12,ACTTRAV_C03,0.6070589759364795
16,255,disty13,ACTTRAV_C03,0.6070589759364795
16,255,disty2,ACTTRAV_C03,0.6070589759364795
16,255,disty3,ACTTRAV_C03,0.5334543979926245
16,255,disty4,WALKTRAV_B02,0.5381436594408657
16,255,disty5,ACTTRAV_C03,0.6070589759364795
16,255,disty6,ACTTRAV_C03,0.5334543979926245
16,255,disty7,WALKTRAV_B02,0.5381436594408657
16,255,disty8,ACTTRAV_C03,0.5879602913956498
16,255,disty9,ACTTRAV_C03,0.6070589759364795
16,255,limiting_disability,ACTTRAV_C03,0.5340282067162719
16,255,no_disability,ACTTRAV_C03,0.6786257732388363
16,255,non_limiting_disability,ACTTRAV_C03,0.6688074770328117
16,272,disty1,ACTTRAV_C03,0.5879602913956498
16,272,disty10,WALKTRAV_B02,0.4794128349832706
16,272,disty11,ACTTRAV_C03,0.6070589759364795
16,272,disty12,ACTTRAV_C03,0.6070589759364795
16,272,disty13,WALKTRAV_B02,0.5381436594408657
16,272,disty2,ACTTRAV_C03,0.6070589759364795
16,272,disty3,ACTTRAV_C03,0.5334543979926245
16,272,disty4,ACTTRAV_C03,0.6070589759364795
16,272,disty5,ACTTRAV_C03,0.5879602913956498
16,272,disty6,ACTTRAV_C03,0.6070589759364795
16,272,disty7,ACTTRAV_C03,0.5334543979926245
16,272,disty8,ACTTRAV_C03,0.5334543979926245
16,272,disty9,ACTTRAV_C03,0.5334543979926245
16,272,limiting_disability,ACTTRAV_C03,0.6076327846601269
16,272,no_disability,ACTTRAV_C03,0.833915712531554
16,272,non_limiting_disability,WALKTRAV_B02,0.7657638847484102
16,279,disty1,ACTTRAV_C03,0.6070589759364795
16,279,disty10,WALKTRAV_B02,0.5457348796118868
16,279,disty11,ACTTRAV_C03,0.6070589759364795
16,279,disty12,ACTTRAV_C03,0.6070589759364795
16,279,disty13,ACTTRAV_C03,0.6070589759364795
16,279,disty2,ACTTRAV_C03,0.6070589759364795
16,279,disty3,ACTTRAV_C03,0.6070589759364795
16,279,disty4,ACTTRAV_C03,0.6070589759364795
16,279,disty5,ACTTRAV_C03,0.5879602913956498
16,279,disty6,ACTTRAV_C03,0.6070589759364795
16,279,disty7,ACTTRAV_C03,0.6070589759364795
16,279,disty8,WALKTRAV_B02,0.5892958655094682
16,279,disty9,ACTTRAV_C03,0.5334543979926245
16,279,limiting_disability,ACTTRAV_C03,0.6076327846601269
16,279,no_disability,ACTTRAV_C03,0.7835192155231004
16,279,non_limiting_disability,WALKTRAV_B02,0.7691703907129832
16,280,disty1,ACTTRAV_C03,0.6070589759364795
16,280,disty10,WALKTRAV_B02,0.5132999710619154
16,280,disty11,WALKTRAV_B02,0.2088988450854704
16,280,disty12,ACTTRAV_C03,0.6070589759364795
16,280,disty13,ACTTRAV_C03,0.6070589759364795
16,280,disty2,ACTTRAV_C03,0.6070589759364795
16,280,disty3,ACTTRAV_C03,0.5879602913956498
16,280,disty4,WALKTRAV_B02,0.5089291532285135
16,280,disty5,ACTTRAV_C03,0.6070589759364795
16,280,disty6,ACTTRAV_C03,0.6070589759364795
16,280,disty7,ACTTRAV_C03,0.6070589759364795
16,280,disty8,ACTTRAV_C03,0.6070589759364795
16,280,disty9,ACTTRAV_C03,0.6070589759364795
16,280,limiting_disability,ACTTRAV_C03,0.6076327846601269
16,280,no_disability,ACTTRAV_C03,0.833915712531554
16,280,non_limiting_disability,WALKTRAV_B02,0.7657638847484102
16,293,disty1,ACTTRAV_C03,0.5879602913956498
16,293,disty10,WALKTRAV_B02,0.4794128349832706
16,293,disty11,ACTTRAV_C03,0.6070589759364795
16,293,disty12,ACTTRAV_C03,0.6070589759364795
16,293,disty13,ACTTRAV_C03,0.6070589759364795
16,293,disty2,ACTTRAV_C03,0.5879602913956498
16,293,disty3,ACTTRAV_C03,0.5334543979926245
16,293,disty4,ACTTRAV_C03,0.5334543979926245
16,293,disty5,ACTTRAV_C03,0.6070589759364795
16,293,disty6,WALKTRAV_B02,0.5089291532285135
16,293,disty7,ACTTRAV_C03,0.5879602913956498
16,293,disty8,ACTTRAV_C03,0.5334543979926245
16,293,disty9,ACTTRAV_C03,0.5879602913956498
16,293,limiting_disability,ACTTRAV_C03,0.6076327846601269
16,293,no_disability,ACTTRAV_C03,0.833915712531554
16,293,non_limiting_disability,WALKTRAV_B02,0.7657638847484102
16,30,disty1,WALKTRAV_B02,0.5273320331059853
16,30,disty10,WALKTRAV_B02,0.4794128349832706
16,30,disty11,ACTTRAV_C03,0.6070589759364795
16,30,disty12,ACTTRAV_C03,0.6070589759364795
16,30,disty13,ACTTRAV_C03,0.6070589759364795
16,30,disty2,WALKTRAV_B02,0.5381436594408657
16,30,disty3,ACTTRAV_C03,0.5334543979926245
16,30,disty4,ACTTRAV_C03,0.6070589759364795
16,30,disty5,ACTTRAV_C03,0.6070589759364795
16,30,disty6,WALKTRAV_B02,0.5273320331059853
16,30,disty7,ACTTRAV_C03,0.6070589759364795
16,30,disty8,WALKTRAV_B02,0.5892958655094682
16,30,disty9,ACTTRAV_C03,0.5879602913956498
16,30,limiting_disability,ACTTRAV_C03,0.6076327846601269
16,30,no_disability,ACTTRAV_C03,0.7835192155231004
16,30,non_limiting_disability,WALKTRAV_B02,0.7588074201982256
16,35,disty1,WALKTRAV_B02,0.5381436594408657
16,35,disty10,WALKTRAV_B02,0.45228387799643266
16,35,disty11,ACTTRAV_C03,0.6070589759364795
16,35,disty12,ACTTRAV_C03,0.6070589759364795
16,35,disty13,WALKTRAV_B02,0.5381436594408657
16,35,disty2,GARD_B08,0.32681652462959526
16,35,disty3,ACTTRAV_C03,0.5334543979926245
16,35,disty4,WALKTRAV_B02,0.5089291532285135
16,35,disty5,ACTTRAV_C03,0.6070589759364795
16,35,disty6,ACTTRAV_C03,0.5334543979926245
16,35,disty7,ACTTRAV_C03,0.5879602913956498
16,35,disty8,WALKTRAV_B02,0.5892958655094682
16,35,disty9,WALKTRAV_B02,0.5381436594408657
16,35,limiting_disability,ACTTRAV_C03,0.5340282067162719
16,35,no_disability,ACTTRAV_C03,0.7835192155231004
16,35,non_limiting_disability,ACTTRAV_C03,0.6688074770328117
16,44,disty1,ACTTRAV_C03,0.6070589759364795
16,44,disty10,WALKTRAV_B02,0.4794128349832706
16,44,disty11,GARD_B08,0.3593127810375659
16,44,disty12,ACTTRAV_C03,0.5879602913956498
16,44,disty13,ACTTRAV_C03,0.6070589759364795
16,44,disty2,ACTTRAV_C03,0.6070589759364795
16,44,disty3,ACTTRAV_C03,0.6070589759364795
16,44,disty4,ACTTRAV_C03,0.6070589759364795
16,44,disty5,ACTTRAV_C03,0.6070589759364795
16,44,disty6,GARD_B08,0.22143118962781125
16,44,disty7,ACTTRAV_C03,0.5334543979926245
16,44,disty8,ACTTRAV_C03,0.5879602913956498
16,44,disty9,WALKTRAV_B02,0.5381436594408657
16,44,limiting_disability,ACTTRAV_C03,0.6076327846601269
16,44,no_disability,ACTTRAV_C03,0.8083715113325316
16,44,non_limiting_disability,ACTTRAV_C03,0.7626812215720209
16,68,disty1,WALKTRAV_B02,0.5856612446396967
16,68,disty10,WALKTRAV_B02,0.45228387799643266
16,68,disty11,ACTTRAV_C03,0.5879602913956498
16,68,disty12,ACTTRAV_C03,0.5879602913956498
16,68,disty13,ACTTRAV_C03,0.6070589759364795
16,68,disty2,ACTTRAV_C03,0.5879602913956498
16,68,disty3,ACTTRAV_C03,0.5334543979926245
16,68,disty4,WALKTRAV_B02,0.2831917944157403
16,68,disty5,ACTTRAV_C03,0.5879602913956498
16,68,disty6,WALKTRAV_B02,0.5089291532285135
16,68,disty7,WALKTRAV_B02,0.5381436594408657
16,68,disty8,ACTTRAV_C03,0.5334543979926245
16,68,disty9,WALKTRAV_B02,0.48180019624167536
16,68,limiting_disability,ACTTRAV_C03,0.6076327846601269
16,68,no_disability,ACTTRAV_C03,0.6786257732388363
16,68,non_limiting_disability,WALKTRAV_B02,0.7588074201982256
16,78,disty1,ACTTRAV_C03,0.6070589759364795
16,78,disty10,WALKTRAV_B02,0.5457348796118868
16,78,disty11,ACTTRAV_C03,0.6070589759364795
16,78,disty12,ACTTRAV_C03,0.6070589759364795
16,78,disty13,ACTTRAV_C03,0.6070589759364795
16,78,disty2,ACTTRAV_C03,0.6070589759364795
16,78,disty3,ACTTRAV_C03,0.5334543979926245
16,78,disty4,ACTTRAV_C03,0.6070589759364795
16,78,disty5,ACTTRAV_C03,0.6070589759364795
16,78,disty6,ACTTRAV_C03,0.6070589759364795
16,78,disty7,WALKTRAV_B02,0.5381436594408657
16,78,disty8,ACTTRAV_C03,0.5334543979926245
16,78,disty9,ACTTRAV_C03,0.5334543979926245
16,78,limiting_disability,ACTTRAV_C03,0.6076327846601269
16,78,no_disability,ACTTRAV_C03,0.7835192155231004
16,78,non_limiting_disability,WALKTRAV_B02,0.7657638847484102
16,8,disty1,WALKTRAV_B02,0.5381436594408657
16,8,disty10,WALKTRAV_B02,0.4794128349832706
16,8,disty11,WALKTRAV_B02,0.5892958655094682
16,8,disty12,ACTTRAV_C03,0.5334543979926245
16,8,disty13,ACTTRAV_C03,0.5334543979926245
16,8,disty2,ACTTRAV_C03,0.5334543979926245
16,8,disty3,ACTTRAV_C03,0.5334543979926245
16,8,disty4,ACTTRAV_C03,0.5879602913956498
16,8,disty5,ACTTRAV_C03,0.5334543979926245
16,8,disty6,ACTTRAV_C03,0.5334543979926245
16,8,disty7,ACTTRAV_C03,0.5334543979926245
16,8,disty8,GARD_B08,0.29864607369021073
16,8,disty9,WALKTRAV_B02,0.5381436594408657
16,8,limiting_disability,ACTTRAV_C03,0.5340282067162719
16,8,no_disability,ACTTRAV_C03,0.6786257732388363
16,8,non_limiting_disability,ACTTRAV_C03,0.7557247570218363
16,9,disty1,ACTTRAV_C03,0.5879602913956498
16,9,disty10,WALKTRAV_B02,0.4211647394925154
16,9,disty11,WALKTRAV_B02,0.1857701919965972
16,9,disty12,ACTTRAV_C03,0.6070589759364795
16,9,disty13,ACTTRAV_C03,0.6070589759364795
16,9,disty2,ACTTRAV_C03,0.6070589759364795
16,9,disty3,ACTTRAV_C03,0.6070589759364795
16,9,disty4,ACTTRAV_C03,0.5334543979926245
16,9,disty5,ACTTRAV_C03,0.6070589759364795
16,9,disty6,ACTTRAV_C03,0.5334543979926245
16,9,disty7,ACTTRAV_C03,0.5879602913956498
16,9,disty8,ACTTRAV_C03,0.6070589759364795
16,9,disty9,WALKTRAV_B02,0.5089291532285135
16,9,limiting_disability,ACTTRAV_C03,0.6076327846601269
16,9,no_disability,ACTTRAV_C03,0.6786257732388363
16,9,non_limiting_disability,ACTTRAV_C03,0.7626812215720209
16,91,disty1,ACTTRAV_C03,0.5334543979926245
16,91,disty10,WALKTRAV_B02,0.45228387799643266
16,91,disty11,GARD_B08,0.3924391144852184
16,91,disty12,WALKTRAV_B02,0.5089291532285135
16,91,disty13,WALKTRAV_B02,0.45720784766249367
16,91,disty2,WALKTRAV_B02,0.5089291532285135
16,91,disty3,ACTTRAV_C03,0.5334543979926245
16,91,disty4,WALKTRAV_B02,0.5892958655094682
16,91,disty5,ACTTRAV_C03,0.5334543979926245
16,91,disty6,ACTTRAV_C03,0.6070589759364795
16,91,disty7,ACTTRAV_C03,0.5334543979926245
16,91,disty8,WALKTRAV_B02,0.5381436594408657
16,91,disty9,ACTTRAV_C03,0.5334543979926245
16,91,limiting_disability,ACTTRAV_C03,0.5340282067162719
16,91,no_disability,ACTTRAV_C03,0.6786257732388363
16,91,non_limiting_disability,ACTTRAV_C03,0.6688074770328117
