wave_index,survey_wave,source_file,variable_position,variable,rows_evaluated,blank_na_count,spss_missing_code_count,total_missing_count,observed_count,missing_rate,has_missing
1,2015/16,active_lives_1516_london_125.csv,3,mode,19620,0,0,0,19620,0.0,False
1,2015/16,active_lives_1516_london_125.csv,4,Month,19620,0,0,0,19620,0.0,False
1,2015/16,active_lives_1516_london_125.csv,5,LA_2023,19620,0,0,0,19620,0.0,False
1,2015/16,active_lives_1516_london_125.csv,7,LondInOut,19620,0,0,0,19620,0.0,False
1,2015/16,active_lives_1516_london_125.csv,9,Age9,19620,0,210,210,19410,0.010703363914373088,True
1,2015/16,active_lives_1516_london_125.csv,10,Disab3,19620,809,464,1273,18347,0.06488277268093783,True
1,2015/16,active_lives_1516_london_125.csv,24,wt_final,19620,0,0,0,19620,0.0,False
1,2015/16,active_lives_1516_london_125.csv,30,wt_time,19620,0,0,0,19620,0.0,False
1,2015/16,active_lives_1516_london_125.csv,33,MEMS7GR_ALL,19620,0,0,0,19620,0.0,False
1,2015/16,active_lives_1516_london_125.csv,34,MONTHS_12_WALKTRAV_B02,19620,0,0,0,19620,0.0,False
1,2015/16,active_lives_1516_london_125.csv,35,DAYS10P60GR_WALKTRAV_B02,19620,0,0,0,19620,0.0,False
1,2015/16,active_lives_1516_london_125.csv,39,MONTHS_12_CYCTRAV_B04,19620,0,0,0,19620,0.0,False
1,2015/16,active_lives_1516_london_125.csv,40,DAYS10P60GR_CYCTRAV_B04,19620,0,0,0,19620,0.0,False
1,2015/16,active_lives_1516_london_125.csv,44,MONTHS_12_DANCEART_B05,19620,0,0,0,19620,0.0,False
1,2015/16,active_lives_1516_london_125.csv,45,DAYS10P60GR_DANCEART_B05,19620,0,0,0,19620,0.0,False
1,2015/16,active_lives_1516_london_125.csv,48,MONTHS_12_GARD_B08,19620,0,0,0,19620,0.0,False
1,2015/16,active_lives_1516_london_125.csv,49,DAYS10P60GR_GARD_B08,19620,0,0,0,19620,0.0,False
1,2015/16,active_lives_1516_london_125.csv,52,MONTHS_12_ACTTRAV_C03,19620,0,0,0,19620,0.0,False
1,2015/16,active_lives_1516_london_125.csv,53,DAYS10P60GR_ACTTRAV_C03,19620,0,0,0,19620,0.0,False
1,2015/16,active_lives_1516_london_125.csv,57,MONTHS_12_WINTER_C10,19620,0,0,0,19620,0.0,False
1,2015/16,active_lives_1516_london_125.csv,58,DAYS10P60GR_WINTER_C10,19620,0,0,0,19620,0.0,False
1,2015/16,active_lives_1516_london_125.csv,61,MONTHS_12_BOWLSBOULES_C12,19620,0,0,0,19620,0.0,False
1,2015/16,active_lives_1516_london_125.csv,62,DAYS10P60GR_BOWLSBOULES_C12,19620,0,0,0,19620,0.0,False
1,2015/16,active_lives_1516_london_125.csv,65,MONTHS_12_GYMTRAMPCHEER_C13,19620,0,0,0,19620,0.0,False
1,2015/16,active_lives_1516_london_125.csv,66,DAYS10P60GR_GYMTRAMPCHEER_C13,19620,0,0,0,19620,0.0,False
1,2015/16,active_lives_1516_london_125.csv,69,MONTHS_12_FOOTBALL_F01,19620,0,0,0,19620,0.0,False
1,2015/16,active_lives_1516_london_125.csv,70,DAYS10P60GR_FOOTBALL_F01,19620,0,0,0,19620,0.0,False
1,2015/16,active_lives_1516_london_125.csv,74,MONTHS_12_RUGBYUNION_F03,19620,0,0,0,19620,0.0,False
1,2015/16,active_lives_1516_london_125.csv,75,DAYS10P60GR_RUGBYUNION_F03,19620,0,0,0,19620,0.0,False
1,2015/16,active_lives_1516_london_125.csv,78,MONTHS_12_RUGBYLEAGUE_F04,19620,0,0,0,19620,0.0,False
1,2015/16,active_lives_1516_london_125.csv,79,DAYS10P60GR_RUGBYLEAGUE_F04,19620,0,0,0,19620,0.0,False
1,2015/16,active_lives_1516_london_125.csv,82,MONTHS_12_WHEELCHRUGBY_F05,19620,0,0,0,19620,0.0,False
1,2015/16,active_lives_1516_london_125.csv,83,DAYS10P60GR_WHEELCHRUGBY_F05,19620,0,0,0,19620,0.0,False
1,2015/16,active_lives_1516_london_125.csv,86,MONTHS_12_NETBALL_F06,19620,0,0,0,19620,0.0,False
1,2015/16,active_lives_1516_london_125.csv,87,DAYS10P60GR_NETBALL_F06,19620,0,0,0,19620,0.0,False
1,2015/16,active_lives_1516_london_125.csv,90,MONTHS_12_BASKETBALL_F07,19620,0,0,0,19620,0.0,False
1,2015/16,active_lives_1516_london_125.csv,91,DAYS10P60GR_BASKETBALL_F07,19620,0,0,0,19620,0.0,False
1,2015/16,active_lives_1516_london_125.csv,94,MONTHS_12_WHEELCHBASKETBALL_F08,19620,0,0,0,19620,0.0,False
1,2015/16,active_lives_1516_london_125.csv,95,DAYS10P60GR_WHEELCHBASKETBALL_F08,19620,0,0,0,19620,0.0,False
1,2015/16,active_lives_1516_london_125.csv,98,MONTHS_12_HOCKEY_F09,19620,0,0,0,19620,0.0,False
1,2015/16,active_lives_1516_london_125.csv,99,DAYS10P60GR_HOCKEY_F09,19620,0,0,0,19620,0.0,False
1,2015/16,active_lives_1516_london_125.csv,102,MONTHS_12_VOLLEYBALL_F10,19620,0,0,0,19620,0.0,False
1,2015/16,active_lives_1516_london_125.csv,103,DAYS10P60GR_VOLLEYBALL_F10,19620,0,0,0,19620,0.0,False
1,2015/16,active_lives_1516_london_125.csv,106,MONTHS_12_ROUNDERS_F11,19620,0,0,0,19620,0.0,False
1,2015/16,active_lives_1516_london_125.csv,107,DAYS10P60GR_ROUNDERS_F11,19620,0,0,0,19620,0.0,False
1,2015/16,active_lives_1516_london_125.csv,110,MONTHS_12_DODGEBALL_F12,19620,0,0,0,19620,0.0,False
1,2015/16,active_lives_1516_london_125.csv,111,DAYS10P60GR_DODGEBALL_F12,19620,0,0,0,19620,0.0,False
1,2015/16,active_lives_1516_london_125.csv,114,MONTHS_12_BASESOFTBALL_F13,19620,0,0,0,19620,0.0,False
1,2015/16,active_lives_1516_london_125.csv,115,DAYS10P60GR_BASESOFTBALL_F13,19620,0,0,0,19620,0.0,False
1,2015/16,active_lives_1516_london_125.csv,118,MONTHS_12_LACROSSE_F14,19620,0,0,0,19620,0.0,False
1,2015/16,active_lives_1516_london_125.csv,119,DAYS10P60GR_LACROSSE_F14,19620,0,0,0,19620,0.0,False
1,2015/16,active_lives_1516_london_125.csv,122,MONTHS_12_GOALBALL_F15,19620,0,0,0,19620,0.0,False
1,2015/16,active_lives_1516_london_125.csv,123,DAYS10P60GR_GOALBALL_F15,19620,0,0,0,19620,0.0,False
1,2015/16,active_lives_1516_london_125.csv,126,MONTHS_12_HANDBALL_F16,19620,0,0,0,19620,0.0,False
1,2015/16,active_lives_1516_london_125.csv,127,DAYS10P60GR_HANDBALL_F16,19620,0,0,0,19620,0.0,False
1,2015/16,active_lives_1516_london_125.csv,130,MONTHS_12_TENNIS_G01,19620,0,0,0,19620,0.0,False
1,2015/16,active_lives_1516_london_125.csv,131,DAYS10P60GR_TENNIS_G01,19620,0,0,0,19620,0.0,False
1,2015/16,active_lives_1516_london_125.csv,134,MONTHS_12_BADMINTON_G02,19620,0,0,0,19620,0.0,False
1,2015/16,active_lives_1516_london_125.csv,135,DAYS10P60GR_BADMINTON_G02,19620,0,0,0,19620,0.0,False
1,2015/16,active_lives_1516_london_125.csv,138,MONTHS_12_TABLETENNIS_G03,19620,0,0,0,19620,0.0,False
1,2015/16,active_lives_1516_london_125.csv,139,DAYS10P60GR_TABLETENNIS_G03,19620,0,0,0,19620,0.0,False
1,2015/16,active_lives_1516_london_125.csv,142,MONTHS_12_CAVING_H02,19620,0,0,0,19620,0.0,False
1,2015/16,active_lives_1516_london_125.csv,143,DAYS10P60GR_CAVING_H02,19620,0,0,0,19620,0.0,False
1,2015/16,active_lives_1516_london_125.csv,146,MONTHS_12_ABSEILING_H03,19620,0,0,0,19620,0.0,False
1,2015/16,active_lives_1516_london_125.csv,147,DAYS10P60GR_ABSEILING_H03,19620,0,0,0,19620,0.0,False
1,2015/16,active_lives_1516_london_125.csv,150,MONTHS_12_ORIENTEERING_H04,19620,0,0,0,19620,0.0,False
1,2015/16,active_lives_1516_london_125.csv,151,DAYS10P60GR_ORIENTEERING_H04,19620,0,0,0,19620,0.0,False
1,2015/16,active_lives_1516_london_125.csv,154,MONTHS_12_PARKOUR_H05,19620,0,0,0,19620,0.0,False
1,2015/16,active_lives_1516_london_125.csv,155,DAYS10P60GR_PARKOUR_H05,19620,0,0,0,19620,0.0,False
1,2015/16,active_lives_1516_london_125.csv,158,MONTHS_12_GLIDING_H08,19620,0,0,0,19620,0.0,False
1,2015/16,active_lives_1516_london_125.csv,159,DAYS10P60GR_GLIDING_H08,19620,0,0,0,19620,0.0,False
1,2015/16,active_lives_1516_london_125.csv,162,MONTHS_12_WATERSKIING_H10,19620,0,0,0,19620,0.0,False
1,2015/16,active_lives_1516_london_125.csv,163,DAYS10P60GR_WATERSKIING_H10,19620,0,0,0,19620,0.0,False
1,2015/16,active_lives_1516_london_125.csv,166,MONTHS_12_LIFESAVING_H13,19620,0,0,0,19620,0.0,False
1,2015/16,active_lives_1516_london_125.csv,167,DAYS10P60GR_LIFESAVING_H13,19620,0,0,0,19620,0.0,False
1,2015/16,active_lives_1516_london_125.csv,170,MONTHS_12_HIGHROPES_H14,19620,0,0,0,19620,0.0,False
1,2015/16,active_lives_1516_london_125.csv,171,DAYS10P60GR_HIGHROPES_H14,19620,0,0,0,19620,0.0,False
1,2015/16,active_lives_1516_london_125.csv,174,MONTHS_12_ICESKATING_I02,19620,0,0,0,19620,0.0,False
1,2015/16,active_lives_1516_london_125.csv,175,DAYS10P60GR_ICESKATING_I02,19620,0,0,0,19620,0.0,False
1,2015/16,active_lives_1516_london_125.csv,178,MONTHS_12_FRISBEE_I03,19620,0,0,0,19620,0.0,False
1,2015/16,active_lives_1516_london_125.csv,179,DAYS10P60GR_FRISBEE_I03,19620,0,0,0,19620,0.0,False
1,2015/16,active_lives_1516_london_125.csv,182,MONTHS_12_TENPIN_I04,19620,0,0,0,19620,0.0,False
1,2015/16,active_lives_1516_london_125.csv,183,DAYS10P60GR_TENPIN_I04,19620,0,0,0,19620,0.0,False
1,2015/16,active_lives_1516_london_125.csv,186,MONTHS_12_CROQUET_I05,19620,0,0,0,19620,0.0,False
1,2015/16,active_lives_1516_london_125.csv,187,DAYS10P60GR_CROQUET_I05,19620,0,0,0,19620,0.0,False
1,2015/16,active_lives_1516_london_125.csv,190,MONTHS_12_SNOOKER_I06,19620,0,0,0,19620,0.0,False
1,2015/16,active_lives_1516_london_125.csv,191,DAYS10P60GR_SNOOKER_I06,19620,0,0,0,19620,0.0,False
1,2015/16,active_lives_1516_london_125.csv,194,MONTHS_12_POOL_I07,19620,0,0,0,19620,0.0,False
1,2015/16,active_lives_1516_london_125.csv,195,DAYS10P60GR_POOL_I07,19620,0,0,0,19620,0.0,False
1,2015/16,active_lives_1516_london_125.csv,198,MONTHS_12_DARTS_I08,19620,0,0,0,19620,0.0,False
1,2015/16,active_lives_1516_london_125.csv,199,DAYS10P60GR_DARTS_I08,19620,0,0,0,19620,0.0,False
1,2015/16,active_lives_1516_london_125.csv,202,MONTHS_12_SKITTLES_I09,19620,0,0,0,19620,0.0,False
1,2015/16,active_lives_1516_london_125.csv,203,DAYS10P60GR_SKITTLES_I09,19620,0,0,0,19620,0.0,False
1,2015/16,active_lives_1516_london_125.csv,206,MONTHS_12_ARCHERY_J01,19620,0,0,0,19620,0.0,False
1,2015/16,active_lives_1516_london_125.csv,207,DAYS10P60GR_ARCHERY_J01,19620,0,0,0,19620,0.0,False
1,2015/16,active_lives_1516_london_125.csv,210,MONTHS_12_FENCING_J03,19620,0,0,0,19620,0.0,False
1,2015/16,active_lives_1516_london_125.csv,211,DAYS10P60GR_FENCING_J03,19620,0,0,0,19620,0.0,False
1,2015/16,active_lives_1516_london_125.csv,214,MONTHS_12_TAEKWONDO_J05,19620,0,0,0,19620,0.0,False
1,2015/16,active_lives_1516_london_125.csv,215,DAYS10P60GR_TAEKWONDO_J05,19620,0,0,0,19620,0.0,False
1,2015/16,active_lives_1516_london_125.csv,218,MONTHS_12_MARTIAL_J07,19620,0,0,0,19620,0.0,False
1,2015/16,active_lives_1516_london_125.csv,219,DAYS10P60GR_MARTIAL_J07,19620,0,0,0,19620,0.0,False
1,2015/16,active_lives_1516_london_125.csv,222,MONTHS_12_SHOOTING_J08,19620,0,0,0,19620,0.0,False
1,2015/16,active_lives_1516_london_125.csv,223,DAYS10P60GR_SHOOTING_J08,19620,0,0,0,19620,0.0,False
1,2015/16,active_lives_1516_london_125.csv,226,MONTHS_12_WRESTLING_J09,19620,0,0,0,19620,0.0,False
1,2015/16,active_lives_1516_london_125.csv,227,DAYS10P60GR_WRESTLING_J09,19620,0,0,0,19620,0.0,False
1,2015/16,active_lives_1516_london_125.csv,230,MONTHS_12_SNOWSPORT_K01,19620,0,0,0,19620,0.0,False
1,2015/16,active_lives_1516_london_125.csv,231,DAYS10P60GR_SNOWSPORT_K01,19620,0,0,0,19620,0.0,False
1,2015/16,active_lives_1516_london_125.csv,234,MONTHS_12_SLEDDING_K02,19620,0,0,0,19620,0.0,False
1,2015/16,active_lives_1516_london_125.csv,235,DAYS10P60GR_SLEDDING_K02,19620,0,0,0,19620,0.0,False
1,2015/16,active_lives_1516_london_125.csv,238,MONTHS_12_ICEHOCKEY_K03,19620,0,0,0,19620,0.0,False
1,2015/16,active_lives_1516_london_125.csv,239,DAYS10P60GR_ICEHOCKEY_K03,19620,0,0,0,19620,0.0,False
1,2015/16,active_lives_1516_london_125.csv,242,MONTHS_12_TRACKANDFIELD_L02,19620,0,0,0,19620,0.0,False
1,2015/16,active_lives_1516_london_125.csv,243,DAYS10P60GR_TRACKANDFIELD_L02,19620,0,0,0,19620,0.0,False
1,2015/16,active_lives_1516_london_125.csv,246,MONTHS_12_FELLRUNNING_L04,19620,0,0,0,19620,0.0,False
1,2015/16,active_lives_1516_london_125.csv,247,DAYS10P60GR_FELLRUNNING_L04,19620,0,0,0,19620,0.0,False
1,2015/16,active_lives_1516_london_125.csv,250,MONTHS_12_TRIATHLON_L05,19620,0,0,0,19620,0.0,False
1,2015/16,active_lives_1516_london_125.csv,251,DAYS10P60GR_TRIATHLON_L05,19620,0,0,0,19620,0.0,False
1,2015/16,active_lives_1516_london_125.csv,254,MONTHS_12_MODPENT_L06,19620,0,0,0,19620,0.0,False
1,2015/16,active_lives_1516_london_125.csv,255,DAYS10P60GR_MODPENT_L06,19620,0,0,0,19620,0.0,False
1,2015/16,active_lives_1516_london_125.csv,258,MONTHS_12_GOLF_L08,19620,0,0,0,19620,0.0,False
1,2015/16,active_lives_1516_london_125.csv,259,DAYS10P60GR_GOLF_L08,19620,0,0,0,19620,0.0,False
1,2015/16,active_lives_1516_london_125.csv,262,MONTHS_12_EQUEST_L09,19620,0,0,0,19620,0.0,False
1,2015/16,active_lives_1516_london_125.csv,263,DAYS10P60GR_EQUEST_L09,19620,0,0,0,19620,0.0,False
1,2015/16,active_lives_1516_london_125.csv,266,MONTHS_12_BOWLS_L10,19620,0,0,0,19620,0.0,False
1,2015/16,active_lives_1516_london_125.csv,267,DAYS10P60GR_BOWLS_L10,19620,0,0,0,19620,0.0,False
1,2015/16,active_lives_1516_london_125.csv,270,MONTHS_12_BOCCIA_L11,19620,0,0,0,19620,0.0,False
1,2015/16,active_lives_1516_london_125.csv,271,DAYS10P60GR_BOCCIA_L11,19620,0,0,0,19620,0.0,False
1,2015/16,active_lives_1516_london_125.csv,274,MONTHS_12_BOULES_L12,19620,0,0,0,19620,0.0,False
1,2015/16,active_lives_1516_london_125.csv,275,DAYS10P60GR_BOULES_L12,19620,0,0,0,19620,0.0,False
1,2015/16,active_lives_1516_london_125.csv,278,MONTHS_12_GYMNASTICS_L13,19620,0,0,0,19620,0.0,False
1,2015/16,active_lives_1516_london_125.csv,279,DAYS10P60GR_GYMNASTICS_L13,19620,0,0,0,19620,0.0,False
1,2015/16,active_lives_1516_london_125.csv,282,MONTHS_12_GARDENTRAMP_L14,19620,0,0,0,19620,0.0,False
1,2015/16,active_lives_1516_london_125.csv,283,DAYS10P60GR_GARDENTRAMP_L14,19620,0,0,0,19620,0.0,False
1,2015/16,active_lives_1516_london_125.csv,286,MONTHS_12_CHEERLEADING_L15,19620,0,0,0,19620,0.0,False
1,2015/16,active_lives_1516_london_125.csv,287,DAYS10P60GR_CHEERLEADING_L15,19620,0,0,0,19620,0.0,False
1,2015/16,active_lives_1516_london_125.csv,290,MONTHS_12_ROLLERSKATING_L16,19620,0,0,0,19620,0.0,False
1,2015/16,active_lives_1516_london_125.csv,291,DAYS10P60GR_ROLLERSKATING_L16,19620,0,0,0,19620,0.0,False
1,2015/16,active_lives_1516_london_125.csv,294,MONTHS_12_SKATEBOARDING_L17,19620,0,0,0,19620,0.0,False
1,2015/16,active_lives_1516_london_125.csv,295,DAYS10P60GR_SKATEBOARDING_L17,19620,0,0,0,19620,0.0,False
1,2015/16,active_lives_1516_london_125.csv,298,MONTHS_12_MOTORSPORTS_L18,19620,0,0,0,19620,0.0,False
1,2015/16,active_lives_1516_london_125.csv,299,DAYS10P60GR_MOTORSPORTS_L18,19620,0,0,0,19620,0.0,False
1,2015/16,active_lives_1516_london_125.csv,302,MONTHS_12_CYC_OLD_M02,19620,0,0,0,19620,0.0,False
1,2015/16,active_lives_1516_london_125.csv,303,DAYS10P60GR_CYC_OLD_M02,19620,0,0,0,19620,0.0,False
1,2015/16,active_lives_1516_london_125.csv,306,MONTHS_12_CYCLEISURE_N01,19620,0,8260,8260,11360,0.42099898063200814,True
1,2015/16,active_lives_1516_london_125.csv,307,DAYS10P60GR_CYCLEISURE_N01,19620,0,8260,8260,11360,0.42099898063200814,True
1,2015/16,active_lives_1516_london_125.csv,310,MONTHS_12_CYCMOUNTAIN_N02,19620,0,8260,8260,11360,0.42099898063200814,True
1,2015/16,active_lives_1516_london_125.csv,311,DAYS10P60GR_CYCMOUNTAIN_N02,19620,0,8260,8260,11360,0.42099898063200814,True
1,2015/16,active_lives_1516_london_125.csv,314,MONTHS_12_CYCBMX_N03,19620,0,8260,8260,11360,0.42099898063200814,True
1,2015/16,active_lives_1516_london_125.csv,315,DAYS10P60GR_CYCBMX_N03,19620,0,8260,8260,11360,0.42099898063200814,True
1,2015/16,active_lives_1516_london_125.csv,318,MONTHS_12_CYCROAD_N04,19620,0,8260,8260,11360,0.42099898063200814,True
1,2015/16,active_lives_1516_london_125.csv,319,DAYS10P60GR_CYCROAD_N04,19620,0,8260,8260,11360,0.42099898063200814,True
1,2015/16,active_lives_1516_london_125.csv,322,MONTHS_12_CYCTRACK_N05,19620,0,8260,8260,11360,0.42099898063200814,True
1,2015/16,active_lives_1516_london_125.csv,323,DAYS10P60GR_CYCTRACK_N05,19620,0,8260,8260,11360,0.42099898063200814,True
1,2015/16,active_lives_1516_london_125.csv,326,MONTHS_12_CYCCROSS_N06,19620,0,8260,8260,11360,0.42099898063200814,True
1,2015/16,active_lives_1516_london_125.csv,327,DAYS10P60GR_CYCCROSS_N06,19620,0,8260,8260,11360,0.42099898063200814,True
1,2015/16,active_lives_1516_london_125.csv,330,MONTHS_12_DANCEOTHER_O01,19620,0,0,0,19620,0.0,False
1,2015/16,active_lives_1516_london_125.csv,331,DAYS10P60GR_DANCEOTHER_O01,19620,0,0,0,19620,0.0,False
1,2015/16,active_lives_1516_london_125.csv,334,MONTHS_12_FOOTBALL11_Q01,19620,0,8260,8260,11360,0.42099898063200814,True
1,2015/16,active_lives_1516_london_125.csv,335,DAYS10P60GR_FOOTBALL11_Q01,19620,0,8260,8260,11360,0.42099898063200814,True
1,2015/16,active_lives_1516_london_125.csv,338,MONTHS_12_FOOTBALLSMALL_Q02,19620,0,8260,8260,11360,0.42099898063200814,True
1,2015/16,active_lives_1516_london_125.csv,339,DAYS10P60GR_FOOTBALLSMALL_Q02,19620,0,8260,8260,11360,0.42099898063200814,True
1,2015/16,active_lives_1516_london_125.csv,342,MONTHS_12_FUTSAL_Q03,19620,0,8260,8260,11360,0.42099898063200814,True
1,2015/16,active_lives_1516_london_125.csv,343,DAYS10P60GR_FUTSAL_Q03,19620,0,8260,8260,11360,0.42099898063200814,True
1,2015/16,active_lives_1516_london_125.csv,346,MONTHS_12_FOOTBALLWALK_Q04,19620,0,8260,8260,11360,0.42099898063200814,True
1,2015/16,active_lives_1516_london_125.csv,347,DAYS10P60GR_FOOTBALLWALK_Q04,19620,0,8260,8260,11360,0.42099898063200814,True
1,2015/16,active_lives_1516_london_125.csv,350,MONTHS_12_FOOTBALLOTHER_Q05,19620,0,8260,8260,11360,0.42099898063200814,True
1,2015/16,active_lives_1516_london_125.csv,351,DAYS10P60GR_FOOTBALLOTHER_Q05,19620,0,8260,8260,11360,0.42099898063200814,True
1,2015/16,active_lives_1516_london_125.csv,354,MONTHS_12_CRICKETLONG_Q06,19620,0,8260,8260,11360,0.42099898063200814,True
1,2015/16,active_lives_1516_london_125.csv,355,DAYS10P60GR_CRICKETLONG_Q06,19620,0,8260,8260,11360,0.42099898063200814,True
1,2015/16,active_lives_1516_london_125.csv,358,MONTHS_12_CRICKETSHORT_Q07,19620,0,8260,8260,11360,0.42099898063200814,True
1,2015/16,active_lives_1516_london_125.csv,359,DAYS10P60GR_CRICKETSHORT_Q07,19620,0,8260,8260,11360,0.42099898063200814,True
1,2015/16,active_lives_1516_london_125.csv,362,MONTHS_12_CRICKETOTH_Q12,19620,0,8260,8260,11360,0.42099898063200814,True
1,2015/16,active_lives_1516_london_125.csv,363,DAYS10P60GR_CRICKETOTH_Q12,19620,0,8260,8260,11360,0.42099898063200814,True
1,2015/16,active_lives_1516_london_125.csv,366,MONTHS_12_RUGBYUN15_Q13,19620,0,8260,8260,11360,0.42099898063200814,True
1,2015/16,active_lives_1516_london_125.csv,367,DAYS10P60GR_RUGBYUN15_Q13,19620,0,8260,8260,11360,0.42099898063200814,True
1,2015/16,active_lives_1516_london_125.csv,370,MONTHS_12_RUGBYUNTOUCH_Q14,19620,0,8260,8260,11360,0.42099898063200814,True
1,2015/16,active_lives_1516_london_125.csv,371,DAYS10P60GR_RUGBYUNTOUCH_Q14,19620,0,8260,8260,11360,0.42099898063200814,True
1,2015/16,active_lives_1516_london_125.csv,374,MONTHS_12_RUGBYUN7_Q15,19620,0,8260,8260,11360,0.42099898063200814,True
1,2015/16,active_lives_1516_london_125.csv,375,DAYS10P60GR_RUGBYUN7_Q15,19620,0,8260,8260,11360,0.42099898063200814,True
1,2015/16,active_lives_1516_london_125.csv,378,MONTHS_12_RUGBYUNTAG_Q16,19620,0,8260,8260,11360,0.42099898063200814,True
1,2015/16,active_lives_1516_london_125.csv,379,DAYS10P60GR_RUGBYUNTAG_Q16,19620,0,8260,8260,11360,0.42099898063200814,True
1,2015/16,active_lives_1516_london_125.csv,382,MONTHS_12_RUGBYLEAG13_Q17,19620,0,8260,8260,11360,0.42099898063200814,True
1,2015/16,active_lives_1516_london_125.csv,383,DAYS10P60GR_RUGBYLEAG13_Q17,19620,0,8260,8260,11360,0.42099898063200814,True
1,2015/16,active_lives_1516_london_125.csv,386,MONTHS_12_RUGBYLEAGTOUCH_Q18,19620,0,8260,8260,11360,0.42099898063200814,True
1,2015/16,active_lives_1516_london_125.csv,387,DAYS10P60GR_RUGBYLEAGTOUCH_Q18,19620,0,8260,8260,11360,0.42099898063200814,True
1,2015/16,active_lives_1516_london_125.csv,390,MONTHS_12_RUGBYLEAGTAG_Q19,19620,0,8260,8260,11360,0.42099898063200814,True
1,2015/16,active_lives_1516_london_125.csv,391,DAYS10P60GR_RUGBYLEAGTAG_Q19,19620,0,8260,8260,11360,0.42099898063200814,True
1,2015/16,active_lives_1516_london_125.csv,394,MONTHS_12_ROCKCLIMB_R01,19620,0,8260,8260,11360,0.42099898063200814,True
1,2015/16,active_lives_1516_london_125.csv,395,DAYS10P60GR_ROCKCLIMB_R01,19620,0,8260,8260,11360,0.42099898063200814,True
1,2015/16,active_lives_1516_london_125.csv,398,MONTHS_12_CLIMBWALL_R02,19620,0,8260,8260,11360,0.42099898063200814,True
1,2015/16,active_lives_1516_london_125.csv,399,DAYS10P60GR_CLIMBWALL_R02,19620,0,8260,8260,11360,0.42099898063200814,True
1,2015/16,active_lives_1516_london_125.csv,402,MONTHS_12_ROWINGWATER_R04,19620,0,0,0,19620,0.0,False
1,2015/16,active_lives_1516_london_125.csv,403,DAYS10P60GR_ROWINGWATER_R04,19620,0,0,0,19620,0.0,False
1,2015/16,active_lives_1516_london_125.csv,406,MONTHS_12_BOXINGTRAD_S01,19620,0,0,0,19620,0.0,False
1,2015/16,active_lives_1516_london_125.csv,407,DAYS10P60GR_BOXINGTRAD_S01,19620,0,0,0,19620,0.0,False
1,2015/16,active_lives_1516_london_125.csv,410,MONTHS_12_KARATE_S02,19620,0,8260,8260,11360,0.42099898063200814,True
1,2015/16,active_lives_1516_london_125.csv,411,DAYS10P60GR_KARATE_S02,19620,0,8260,8260,11360,0.42099898063200814,True
1,2015/16,active_lives_1516_london_125.csv,414,MONTHS_12_JUJITSU_S03,19620,0,8260,8260,11360,0.42099898063200814,True
1,2015/16,active_lives_1516_london_125.csv,415,DAYS10P60GR_JUJITSU_S03,19620,0,8260,8260,11360,0.42099898063200814,True
1,2015/16,active_lives_1516_london_125.csv,418,MONTHS_12_AIKIDO_S04,19620,0,8260,8260,11360,0.42099898063200814,True
1,2015/16,active_lives_1516_london_125.csv,419,DAYS10P60GR_AIKIDO_S04,19620,0,8260,8260,11360,0.42099898063200814,True
1,2015/16,active_lives_1516_london_125.csv,422,MONTHS_12_MARTIALCHINESE_S05,19620,0,8260,8260,11360,0.42099898063200814,True
1,2015/16,active_lives_1516_london_125.csv,423,DAYS10P60GR_MARTIALCHINESE_S05,19620,0,8260,8260,11360,0.42099898063200814,True
1,2015/16,active_lives_1516_london_125.csv,426,MONTHS_12_MARTIALOTHER_S06,19620,0,8260,8260,11360,0.42099898063200814,True
1,2015/16,active_lives_1516_london_125.csv,427,DAYS10P60GR_MARTIALOTHER_S06,19620,0,8260,8260,11360,0.42099898063200814,True
1,2015/16,active_lives_1516_london_125.csv,430,MONTHS_12_AIRGUN_S08,19620,0,8260,8260,11360,0.42099898063200814,True
1,2015/16,active_lives_1516_london_125.csv,431,DAYS10P60GR_AIRGUN_S08,19620,0,8260,8260,11360,0.42099898063200814,True
1,2015/16,active_lives_1516_london_125.csv,434,MONTHS_12_RIFLE_S09,19620,0,8260,8260,11360,0.42099898063200814,True
1,2015/16,active_lives_1516_london_125.csv,435,DAYS10P60GR_RIFLE_S09,19620,0,8260,8260,11360,0.42099898063200814,True
1,2015/16,active_lives_1516_london_125.csv,438,MONTHS_12_SKIING_T01,19620,0,8260,8260,11360,0.42099898063200814,True
1,2015/16,active_lives_1516_london_125.csv,439,DAYS10P60GR_SKIING_T01,19620,0,8260,8260,11360,0.42099898063200814,True
1,2015/16,active_lives_1516_london_125.csv,442,MONTHS_12_SNOWBOARDING_T02,19620,0,8260,8260,11360,0.42099898063200814,True
1,2015/16,active_lives_1516_london_125.csv,443,DAYS10P60GR_SNOWBOARDING_T02,19620,0,8260,8260,11360,0.42099898063200814,True
1,2015/16,active_lives_1516_london_125.csv,446,MONTHS_12_DIVING_U05,19620,0,8260,8260,11360,0.42099898063200814,True
1,2015/16,active_lives_1516_london_125.csv,447,DAYS10P60GR_DIVING_U05,19620,0,8260,8260,11360,0.42099898063200814,True
1,2015/16,active_lives_1516_london_125.csv,450,MONTHS_12_WATERPOLO_U06,19620,0,8260,8260,11360,0.42099898063200814,True
1,2015/16,active_lives_1516_london_125.csv,451,DAYS10P60GR_WATERPOLO_U06,19620,0,8260,8260,11360,0.42099898063200814,True
1,2015/16,active_lives_1516_london_125.csv,454,MONTHS_12_RUNJOG_U07,19620,0,0,0,19620,0.0,False
1,2015/16,active_lives_1516_london_125.csv,455,DAYS10P60GR_RUNJOG_U07,19620,0,0,0,19620,0.0,False
1,2015/16,active_lives_1516_london_125.csv,458,MONTHS_12_GOLFFULL_U08,19620,0,8260,8260,11360,0.42099898063200814,True
1,2015/16,active_lives_1516_london_125.csv,459,DAYS10P60GR_GOLFFULL_U08,19620,0,8260,8260,11360,0.42099898063200814,True
1,2015/16,active_lives_1516_london_125.csv,462,MONTHS_12_GOLFSHORT_U09,19620,0,8260,8260,11360,0.42099898063200814,True
1,2015/16,active_lives_1516_london_125.csv,463,DAYS10P60GR_GOLFSHORT_U09,19620,0,8260,8260,11360,0.42099898063200814,True
1,2015/16,active_lives_1516_london_125.csv,466,MONTHS_12_DRIVINGRANGE_U10,19620,0,8260,8260,11360,0.42099898063200814,True
1,2015/16,active_lives_1516_london_125.csv,467,DAYS10P60GR_DRIVINGRANGE_U10,19620,0,8260,8260,11360,0.42099898063200814,True
1,2015/16,active_lives_1516_london_125.csv,470,MONTHS_12_GOLFADV_U11,19620,0,8260,8260,11360,0.42099898063200814,True
1,2015/16,active_lives_1516_london_125.csv,471,DAYS10P60GR_GOLFADV_U11,19620,0,8260,8260,11360,0.42099898063200814,True
1,2015/16,active_lives_1516_london_125.csv,474,MONTHS_12_EQUESTHACKING_U12,19620,0,8260,8260,11360,0.42099898063200814,True
1,2015/16,active_lives_1516_london_125.csv,475,DAYS10P60GR_EQUESTHACKING_U12,19620,0,8260,8260,11360,0.42099898063200814,True
1,2015/16,active_lives_1516_london_125.csv,478,MONTHS_12_EQUESTSCHOOLING_U13,19620,0,8260,8260,11360,0.42099898063200814,True
1,2015/16,active_lives_1516_london_125.csv,479,DAYS10P60GR_EQUESTSCHOOLING_U13,19620,0,8260,8260,11360,0.42099898063200814,True
1,2015/16,active_lives_1516_london_125.csv,482,MONTHS_12_EQUESTSHOWJUMP_U14,19620,0,8260,8260,11360,0.42099898063200814,True
1,2015/16,active_lives_1516_london_125.csv,483,DAYS10P60GR_EQUESTSHOWJUMP_U14,19620,0,8260,8260,11360,0.42099898063200814,True
1,2015/16,active_lives_1516_london_125.csv,486,MONTHS_12_EQUESTDRESSAGE_U15,19620,0,8260,8260,11360,0.42099898063200814,True
1,2015/16,active_lives_1516_london_125.csv,487,DAYS10P60GR_EQUESTDRESSAGE_U15,19620,0,8260,8260,11360,0.42099898063200814,True
1,2015/16,active_lives_1516_london_125.csv,490,MONTHS_12_EQUESTEVENTING_U16,19620,0,8260,8260,11360,0.42099898063200814,True
1,2015/16,active_lives_1516_london_125.csv,491,DAYS10P60GR_EQUESTEVENTING_U16,19620,0,8260,8260,11360,0.42099898063200814,True
1,2015/16,active_lives_1516_london_125.csv,494,MONTHS_12_EQUESTOTHER_U17,19620,0,8260,8260,11360,0.42099898063200814,True
1,2015/16,active_lives_1516_london_125.csv,495,DAYS10P60GR_EQUESTOTHER_U17,19620,0,8260,8260,11360,0.42099898063200814,True
1,2015/16,active_lives_1516_london_125.csv,498,MONTHS_12_BOWLSCARPET_U18,19620,0,8260,8260,11360,0.42099898063200814,True
1,2015/16,active_lives_1516_london_125.csv,499,DAYS10P60GR_BOWLSCARPET_U18,19620,0,8260,8260,11360,0.42099898063200814,True
1,2015/16,active_lives_1516_london_125.csv,502,MONTHS_12_BOWLSCROWNGREEN_U19,19620,0,8260,8260,11360,0.42099898063200814,True
1,2015/16,active_lives_1516_london_125.csv,503,DAYS10P60GR_BOWLSCROWNGREEN_U19,19620,0,8260,8260,11360,0.42099898063200814,True
1,2015/16,active_lives_1516_london_125.csv,506,MONTHS_12_BOWLSFLATGREEN_U20,19620,0,8260,8260,11360,0.42099898063200814,True
1,2015/16,active_lives_1516_london_125.csv,507,DAYS10P60GR_BOWLSFLATGREEN_U20,19620,0,8260,8260,11360,0.42099898063200814,True
1,2015/16,active_lives_1516_london_125.csv,510,MONTHS_12_BOWLSSHORTMAT_U23,19620,0,8260,8260,11360,0.42099898063200814,True
1,2015/16,active_lives_1516_london_125.csv,511,DAYS10P60GR_BOWLSSHORTMAT_U23,19620,0,8260,8260,11360,0.42099898063200814,True
1,2015/16,active_lives_1516_london_125.csv,514,MONTHS_12_GYMNASTICSONLY_U24,19620,0,8260,8260,11360,0.42099898063200814,True
1,2015/16,active_lives_1516_london_125.csv,515,DAYS10P60GR_GYMNASTICSONLY_U24,19620,0,8260,8260,11360,0.42099898063200814,True
1,2015/16,active_lives_1516_london_125.csv,518,MONTHS_12_TRAMPOLINING_U25,19620,0,8260,8260,11360,0.42099898063200814,True
1,2015/16,active_lives_1516_london_125.csv,519,DAYS10P60GR_TRAMPOLINING_U25,19620,0,8260,8260,11360,0.42099898063200814,True
1,2015/16,active_lives_1516_london_125.csv,522,MONTHS_12_KARTING_U26,19620,0,8260,8260,11360,0.42099898063200814,True
1,2015/16,active_lives_1516_london_125.csv,523,DAYS10P60GR_KARTING_U26,19620,0,8260,8260,11360,0.42099898063200814,True
1,2015/16,active_lives_1516_london_125.csv,526,MONTHS_12_MOTORCYCRACE_U27,19620,0,8260,8260,11360,0.42099898063200814,True
1,2015/16,active_lives_1516_london_125.csv,527,DAYS10P60GR_MOTORCYCRACE_U27,19620,0,8260,8260,11360,0.42099898063200814,True
1,2015/16,active_lives_1516_london_125.csv,530,MONTHS_12_MOTORCARRACE_U28,19620,0,8260,8260,11360,0.42099898063200814,True
1,2015/16,active_lives_1516_london_125.csv,531,DAYS10P60GR_MOTORCARRACE_U28,19620,0,8260,8260,11360,0.42099898063200814,True
2,2016/17,active_lives_1617_london_125.csv,3,mode,19248,0,0,0,19248,0.0,False
2,2016/17,active_lives_1617_london_125.csv,4,month,19248,0,0,0,19248,0.0,False
2,2016/17,active_lives_1617_london_125.csv,6,wt_final,19248,0,0,0,19248,0.0,False
2,2016/17,active_lives_1617_london_125.csv,12,wt_time,19248,261,0,261,18987,0.013559850374064838,True
2,2016/17,active_lives_1617_london_125.csv,15,LondInOut,19248,0,0,0,19248,0.0,False
2,2016/17,active_lives_1617_london_125.csv,16,LA_2023,19248,0,0,0,19248,0.0,False
2,2016/17,active_lives_1617_london_125.csv,17,Age9,19248,238,0,238,19010,0.012364921030756442,True
2,2016/17,active_lives_1617_london_125.csv,18,Disab3,19248,1216,0,1216,18032,0.06317539484621779,True
2,2016/17,active_lives_1617_london_125.csv,33,MEMS7GR_ALL,19248,0,0,0,19248,0.0,False
2,2016/17,active_lives_1617_london_125.csv,44,MONTHS_12_WALKTRAV_B02,19248,0,0,0,19248,0.0,False
2,2016/17,active_lives_1617_london_125.csv,45,DAYS10P60GR_WALKTRAV_B02,19248,0,0,0,19248,0.0,False
2,2016/17,active_lives_1617_london_125.csv,49,MONTHS_12_CYCTRAV_B04,19248,0,0,0,19248,0.0,False
2,2016/17,active_lives_1617_london_125.csv,50,DAYS10P60GR_CYCTRAV_B04,19248,0,0,0,19248,0.0,False
2,2016/17,active_lives_1617_london_125.csv,54,MONTHS_12_DANCEART_B05,19248,0,0,0,19248,0.0,False
2,2016/17,active_lives_1617_london_125.csv,55,DAYS10P60GR_DANCEART_B05,19248,0,0,0,19248,0.0,False
2,2016/17,active_lives_1617_london_125.csv,58,MONTHS_12_GARD_B08,19248,0,0,0,19248,0.0,False
2,2016/17,active_lives_1617_london_125.csv,59,DAYS10P60GR_GARD_B08,19248,0,0,0,19248,0.0,False
2,2016/17,active_lives_1617_london_125.csv,62,MONTHS_12_ACTTRAV_C03,19248,0,0,0,19248,0.0,False
2,2016/17,active_lives_1617_london_125.csv,63,DAYS10P60GR_ACTTRAV_C03,19248,0,0,0,19248,0.0,False
2,2016/17,active_lives_1617_london_125.csv,67,MONTHS_12_WINTER_C10,19248,0,0,0,19248,0.0,False
2,2016/17,active_lives_1617_london_125.csv,68,DAYS10P60GR_WINTER_C10,19248,0,0,0,19248,0.0,False
2,2016/17,active_lives_1617_london_125.csv,71,MONTHS_12_BOWLSBOULES_C12,19248,0,0,0,19248,0.0,False
2,2016/17,active_lives_1617_london_125.csv,72,DAYS10P60GR_BOWLSBOULES_C12,19248,0,0,0,19248,0.0,False
2,2016/17,active_lives_1617_london_125.csv,75,MONTHS_12_GYMTRAMPCHEER_C13,19248,0,0,0,19248,0.0,False
2,2016/17,active_lives_1617_london_125.csv,76,DAYS10P60GR_GYMTRAMPCHEER_C13,19248,0,0,0,19248,0.0,False
2,2016/17,active_lives_1617_london_125.csv,79,MONTHS_12_FOOTBALL_F01,19248,0,0,0,19248,0.0,False
2,2016/17,active_lives_1617_london_125.csv,80,DAYS10P60GR_FOOTBALL_F01,19248,0,0,0,19248,0.0,False
2,2016/17,active_lives_1617_london_125.csv,84,MONTHS_12_RUGBYUNION_F03,19248,0,0,0,19248,0.0,False
2,2016/17,active_lives_1617_london_125.csv,85,DAYS10P60GR_RUGBYUNION_F03,19248,0,0,0,19248,0.0,False
2,2016/17,active_lives_1617_london_125.csv,88,MONTHS_12_RUGBYLEAGUE_F04,19248,0,0,0,19248,0.0,False
2,2016/17,active_lives_1617_london_125.csv,89,DAYS10P60GR_RUGBYLEAGUE_F04,19248,0,0,0,19248,0.0,False
2,2016/17,active_lives_1617_london_125.csv,92,MONTHS_12_WHEELCHRUGBY_F05,19248,0,0,0,19248,0.0,False
2,2016/17,active_lives_1617_london_125.csv,93,DAYS10P60GR_WHEELCHRUGBY_F05,19248,0,0,0,19248,0.0,False
2,2016/17,active_lives_1617_london_125.csv,96,MONTHS_12_NETBALL_F06,19248,0,0,0,19248,0.0,False
2,2016/17,active_lives_1617_london_125.csv,97,DAYS10P60GR_NETBALL_F06,19248,0,0,0,19248,0.0,False
2,2016/17,active_lives_1617_london_125.csv,100,MONTHS_12_BASKETBALL_F07,19248,0,0,0,19248,0.0,False
2,2016/17,active_lives_1617_london_125.csv,101,DAYS10P60GR_BASKETBALL_F07,19248,0,0,0,19248,0.0,False
2,2016/17,active_lives_1617_london_125.csv,104,MONTHS_12_WHEELCHBASKETBALL_F08,19248,0,0,0,19248,0.0,False
2,2016/17,active_lives_1617_london_125.csv,105,DAYS10P60GR_WHEELCHBASKETBALL_F08,19248,0,0,0,19248,0.0,False
2,2016/17,active_lives_1617_london_125.csv,108,MONTHS_12_HOCKEY_F09,19248,0,0,0,19248,0.0,False
2,2016/17,active_lives_1617_london_125.csv,109,DAYS10P60GR_HOCKEY_F09,19248,0,0,0,19248,0.0,False
2,2016/17,active_lives_1617_london_125.csv,112,MONTHS_12_VOLLEYBALL_F10,19248,0,0,0,19248,0.0,False
2,2016/17,active_lives_1617_london_125.csv,113,DAYS10P60GR_VOLLEYBALL_F10,19248,0,0,0,19248,0.0,False
2,2016/17,active_lives_1617_london_125.csv,116,MONTHS_12_ROUNDERS_F11,19248,0,0,0,19248,0.0,False
2,2016/17,active_lives_1617_london_125.csv,117,DAYS10P60GR_ROUNDERS_F11,19248,0,0,0,19248,0.0,False
2,2016/17,active_lives_1617_london_125.csv,120,MONTHS_12_DODGEBALL_F12,19248,0,0,0,19248,0.0,False
2,2016/17,active_lives_1617_london_125.csv,121,DAYS10P60GR_DODGEBALL_F12,19248,0,0,0,19248,0.0,False
2,2016/17,active_lives_1617_london_125.csv,124,MONTHS_12_BASESOFTBALL_F13,19248,0,0,0,19248,0.0,False
2,2016/17,active_lives_1617_london_125.csv,125,DAYS10P60GR_BASESOFTBALL_F13,19248,0,0,0,19248,0.0,False
2,2016/17,active_lives_1617_london_125.csv,128,MONTHS_12_LACROSSE_F14,19248,0,0,0,19248,0.0,False
2,2016/17,active_lives_1617_london_125.csv,129,DAYS10P60GR_LACROSSE_F14,19248,0,0,0,19248,0.0,False
2,2016/17,active_lives_1617_london_125.csv,132,MONTHS_12_GOALBALL_F15,19248,0,0,0,19248,0.0,False
2,2016/17,active_lives_1617_london_125.csv,133,DAYS10P60GR_GOALBALL_F15,19248,0,0,0,19248,0.0,False
2,2016/17,active_lives_1617_london_125.csv,136,MONTHS_12_HANDBALL_F16,19248,0,0,0,19248,0.0,False
2,2016/17,active_lives_1617_london_125.csv,137,DAYS10P60GR_HANDBALL_F16,19248,0,0,0,19248,0.0,False
2,2016/17,active_lives_1617_london_125.csv,140,MONTHS_12_TENNIS_G01,19248,0,0,0,19248,0.0,False
2,2016/17,active_lives_1617_london_125.csv,141,DAYS10P60GR_TENNIS_G01,19248,0,0,0,19248,0.0,False
2,2016/17,active_lives_1617_london_125.csv,144,MONTHS_12_BADMINTON_G02,19248,0,0,0,19248,0.0,False
2,2016/17,active_lives_1617_london_125.csv,145,DAYS10P60GR_BADMINTON_G02,19248,0,0,0,19248,0.0,False
2,2016/17,active_lives_1617_london_125.csv,148,MONTHS_12_TABLETENNIS_G03,19248,0,0,0,19248,0.0,False
2,2016/17,active_lives_1617_london_125.csv,149,DAYS10P60GR_TABLETENNIS_G03,19248,0,0,0,19248,0.0,False
2,2016/17,active_lives_1617_london_125.csv,152,MONTHS_12_CAVING_H02,19248,0,0,0,19248,0.0,False
2,2016/17,active_lives_1617_london_125.csv,153,DAYS10P60GR_CAVING_H02,19248,0,0,0,19248,0.0,False
2,2016/17,active_lives_1617_london_125.csv,156,MONTHS_12_ABSEILING_H03,19248,0,0,0,19248,0.0,False
2,2016/17,active_lives_1617_london_125.csv,157,DAYS10P60GR_ABSEILING_H03,19248,0,0,0,19248,0.0,False
2,2016/17,active_lives_1617_london_125.csv,160,MONTHS_12_ORIENTEERING_H04,19248,0,0,0,19248,0.0,False
2,2016/17,active_lives_1617_london_125.csv,161,DAYS10P60GR_ORIENTEERING_H04,19248,0,0,0,19248,0.0,False
2,2016/17,active_lives_1617_london_125.csv,164,MONTHS_12_PARKOUR_H05,19248,0,0,0,19248,0.0,False
2,2016/17,active_lives_1617_london_125.csv,165,DAYS10P60GR_PARKOUR_H05,19248,0,0,0,19248,0.0,False
2,2016/17,active_lives_1617_london_125.csv,168,MONTHS_12_GLIDING_H08,19248,0,0,0,19248,0.0,False
2,2016/17,active_lives_1617_london_125.csv,169,DAYS10P60GR_GLIDING_H08,19248,0,0,0,19248,0.0,False
2,2016/17,active_lives_1617_london_125.csv,172,MONTHS_12_WATERSKIING_H10,19248,0,0,0,19248,0.0,False
2,2016/17,active_lives_1617_london_125.csv,173,DAYS10P60GR_WATERSKIING_H10,19248,0,0,0,19248,0.0,False
2,2016/17,active_lives_1617_london_125.csv,176,MONTHS_12_LIFESAVING_H13,19248,0,0,0,19248,0.0,False
2,2016/17,active_lives_1617_london_125.csv,177,DAYS10P60GR_LIFESAVING_H13,19248,0,0,0,19248,0.0,False
2,2016/17,active_lives_1617_london_125.csv,180,MONTHS_12_HIGHROPES_H14,19248,0,0,0,19248,0.0,False
2,2016/17,active_lives_1617_london_125.csv,181,DAYS10P60GR_HIGHROPES_H14,19248,0,0,0,19248,0.0,False
2,2016/17,active_lives_1617_london_125.csv,184,MONTHS_12_ICESKATING_I02,19248,0,0,0,19248,0.0,False
2,2016/17,active_lives_1617_london_125.csv,185,DAYS10P60GR_ICESKATING_I02,19248,0,0,0,19248,0.0,False
2,2016/17,active_lives_1617_london_125.csv,188,MONTHS_12_FRISBEE_I03,19248,0,0,0,19248,0.0,False
2,2016/17,active_lives_1617_london_125.csv,189,DAYS10P60GR_FRISBEE_I03,19248,0,0,0,19248,0.0,False
2,2016/17,active_lives_1617_london_125.csv,192,MONTHS_12_TENPIN_I04,19248,0,0,0,19248,0.0,False
2,2016/17,active_lives_1617_london_125.csv,193,DAYS10P60GR_TENPIN_I04,19248,0,0,0,19248,0.0,False
2,2016/17,active_lives_1617_london_125.csv,196,MONTHS_12_CROQUET_I05,19248,0,0,0,19248,0.0,False
2,2016/17,active_lives_1617_london_125.csv,197,DAYS10P60GR_CROQUET_I05,19248,0,0,0,19248,0.0,False
2,2016/17,active_lives_1617_london_125.csv,200,MONTHS_12_SNOOKER_I06,19248,0,0,0,19248,0.0,False
2,2016/17,active_lives_1617_london_125.csv,201,DAYS10P60GR_SNOOKER_I06,19248,0,0,0,19248,0.0,False
2,2016/17,active_lives_1617_london_125.csv,204,MONTHS_12_POOL_I07,19248,0,0,0,19248,0.0,False
2,2016/17,active_lives_1617_london_125.csv,205,DAYS10P60GR_POOL_I07,19248,0,0,0,19248,0.0,False
2,2016/17,active_lives_1617_london_125.csv,208,MONTHS_12_DARTS_I08,19248,0,0,0,19248,0.0,False
2,2016/17,active_lives_1617_london_125.csv,209,DAYS10P60GR_DARTS_I08,19248,0,0,0,19248,0.0,False
2,2016/17,active_lives_1617_london_125.csv,212,MONTHS_12_SKITTLES_I09,19248,0,0,0,19248,0.0,False
2,2016/17,active_lives_1617_london_125.csv,213,DAYS10P60GR_SKITTLES_I09,19248,0,0,0,19248,0.0,False
2,2016/17,active_lives_1617_london_125.csv,216,MONTHS_12_ARCHERY_J01,19248,0,0,0,19248,0.0,False
2,2016/17,active_lives_1617_london_125.csv,217,DAYS10P60GR_ARCHERY_J01,19248,0,0,0,19248,0.0,False
2,2016/17,active_lives_1617_london_125.csv,220,MONTHS_12_FENCING_J03,19248,0,0,0,19248,0.0,False
2,2016/17,active_lives_1617_london_125.csv,221,DAYS10P60GR_FENCING_J03,19248,0,0,0,19248,0.0,False
2,2016/17,active_lives_1617_london_125.csv,224,MONTHS_12_TAEKWONDO_J05,19248,0,0,0,19248,0.0,False
2,2016/17,active_lives_1617_london_125.csv,225,DAYS10P60GR_TAEKWONDO_J05,19248,0,0,0,19248,0.0,False
2,2016/17,active_lives_1617_london_125.csv,228,MONTHS_12_MARTIAL_J07,19248,0,0,0,19248,0.0,False
2,2016/17,active_lives_1617_london_125.csv,229,DAYS10P60GR_MARTIAL_J07,19248,0,0,0,19248,0.0,False
2,2016/17,active_lives_1617_london_125.csv,232,MONTHS_12_SHOOTING_J08,19248,0,0,0,19248,0.0,False
2,2016/17,active_lives_1617_london_125.csv,233,DAYS10P60GR_SHOOTING_J08,19248,0,0,0,19248,0.0,False
2,2016/17,active_lives_1617_london_125.csv,236,MONTHS_12_WRESTLING_J09,19248,0,0,0,19248,0.0,False
2,2016/17,active_lives_1617_london_125.csv,237,DAYS10P60GR_WRESTLING_J09,19248,0,0,0,19248,0.0,False
2,2016/17,active_lives_1617_london_125.csv,240,MONTHS_12_SNOWSPORT_K01,19248,0,0,0,19248,0.0,False
2,2016/17,active_lives_1617_london_125.csv,241,DAYS10P60GR_SNOWSPORT_K01,19248,0,0,0,19248,0.0,False
2,2016/17,active_lives_1617_london_125.csv,244,MONTHS_12_SLEDDING_K02,19248,0,0,0,19248,0.0,False
2,2016/17,active_lives_1617_london_125.csv,245,DAYS10P60GR_SLEDDING_K02,19248,0,0,0,19248,0.0,False
2,2016/17,active_lives_1617_london_125.csv,248,MONTHS_12_ICEHOCKEY_K03,19248,0,0,0,19248,0.0,False
2,2016/17,active_lives_1617_london_125.csv,249,DAYS10P60GR_ICEHOCKEY_K03,19248,0,0,0,19248,0.0,False
2,2016/17,active_lives_1617_london_125.csv,252,MONTHS_12_TRACKANDFIELD_L02,19248,0,0,0,19248,0.0,False
2,2016/17,active_lives_1617_london_125.csv,253,DAYS10P60GR_TRACKANDFIELD_L02,19248,0,0,0,19248,0.0,False
2,2016/17,active_lives_1617_london_125.csv,256,MONTHS_12_FELLRUNNING_L04,19248,0,0,0,19248,0.0,False
2,2016/17,active_lives_1617_london_125.csv,257,DAYS10P60GR_FELLRUNNING_L04,19248,0,0,0,19248,0.0,False
2,2016/17,active_lives_1617_london_125.csv,260,MONTHS_12_TRIATHLON_L05,19248,0,0,0,19248,0.0,False
2,2016/17,active_lives_1617_london_125.csv,261,DAYS10P60GR_TRIATHLON_L05,19248,0,0,0,19248,0.0,False
2,2016/17,active_lives_1617_london_125.csv,264,MONTHS_12_MODPENT_L06,19248,0,0,0,19248,0.0,False
2,2016/17,active_lives_1617_london_125.csv,265,DAYS10P60GR_MODPENT_L06,19248,0,0,0,19248,0.0,False
2,2016/17,active_lives_1617_london_125.csv,268,MONTHS_12_GOLF_L08,19248,0,0,0,19248,0.0,False
2,2016/17,active_lives_1617_london_125.csv,269,DAYS10P60GR_GOLF_L08,19248,0,0,0,19248,0.0,False
2,2016/17,active_lives_1617_london_125.csv,272,MONTHS_12_EQUEST_L09,19248,0,0,0,19248,0.0,False
2,2016/17,active_lives_1617_london_125.csv,273,DAYS10P60GR_EQUEST_L09,19248,0,0,0,19248,0.0,False
2,2016/17,active_lives_1617_london_125.csv,276,MONTHS_12_BOWLS_L10,19248,0,0,0,19248,0.0,False
2,2016/17,active_lives_1617_london_125.csv,277,DAYS10P60GR_BOWLS_L10,19248,0,0,0,19248,0.0,False
2,2016/17,active_lives_1617_london_125.csv,280,MONTHS_12_BOCCIA_L11,19248,0,0,0,19248,0.0,False
2,2016/17,active_lives_1617_london_125.csv,281,DAYS10P60GR_BOCCIA_L11,19248,0,0,0,19248,0.0,False
2,2016/17,active_lives_1617_london_125.csv,284,MONTHS_12_BOULES_L12,19248,0,0,0,19248,0.0,False
2,2016/17,active_lives_1617_london_125.csv,285,DAYS10P60GR_BOULES_L12,19248,0,0,0,19248,0.0,False
2,2016/17,active_lives_1617_london_125.csv,288,MONTHS_12_GYMNASTICS_L13,19248,0,0,0,19248,0.0,False
2,2016/17,active_lives_1617_london_125.csv,289,DAYS10P60GR_GYMNASTICS_L13,19248,0,0,0,19248,0.0,False
2,2016/17,active_lives_1617_london_125.csv,292,MONTHS_12_GARDENTRAMP_L14,19248,0,0,0,19248,0.0,False
2,2016/17,active_lives_1617_london_125.csv,293,DAYS10P60GR_GARDENTRAMP_L14,19248,0,0,0,19248,0.0,False
2,2016/17,active_lives_1617_london_125.csv,296,MONTHS_12_CHEERLEADING_L15,19248,0,0,0,19248,0.0,False
2,2016/17,active_lives_1617_london_125.csv,297,DAYS10P60GR_CHEERLEADING_L15,19248,0,0,0,19248,0.0,False
2,2016/17,active_lives_1617_london_125.csv,300,MONTHS_12_ROLLERSKATING_L16,19248,0,0,0,19248,0.0,False
2,2016/17,active_lives_1617_london_125.csv,301,DAYS10P60GR_ROLLERSKATING_L16,19248,0,0,0,19248,0.0,False
2,2016/17,active_lives_1617_london_125.csv,304,MONTHS_12_SKATEBOARDING_L17,19248,0,0,0,19248,0.0,False
2,2016/17,active_lives_1617_london_125.csv,305,DAYS10P60GR_SKATEBOARDING_L17,19248,0,0,0,19248,0.0,False
2,2016/17,active_lives_1617_london_125.csv,308,MONTHS_12_MOTORSPORTS_L18,19248,0,0,0,19248,0.0,False
2,2016/17,active_lives_1617_london_125.csv,309,DAYS10P60GR_MOTORSPORTS_L18,19248,0,0,0,19248,0.0,False
2,2016/17,active_lives_1617_london_125.csv,312,MONTHS_12_CYC_OLD_M02,19248,0,0,0,19248,0.0,False
2,2016/17,active_lives_1617_london_125.csv,313,DAYS10P60GR_CYC_OLD_M02,19248,0,0,0,19248,0.0,False
2,2016/17,active_lives_1617_london_125.csv,316,MONTHS_12_CYCLEISURE_N01,19248,7869,0,7869,11379,0.4088216957605985,True
2,2016/17,active_lives_1617_london_125.csv,317,DAYS10P60GR_CYCLEISURE_N01,19248,7869,0,7869,11379,0.4088216957605985,True
2,2016/17,active_lives_1617_london_125.csv,320,MONTHS_12_CYCMOUNTAIN_N02,19248,7869,0,7869,11379,0.4088216957605985,True
2,2016/17,active_lives_1617_london_125.csv,321,DAYS10P60GR_CYCMOUNTAIN_N02,19248,7869,0,7869,11379,0.4088216957605985,True
2,2016/17,active_lives_1617_london_125.csv,324,MONTHS_12_CYCBMX_N03,19248,7869,0,7869,11379,0.4088216957605985,True
2,2016/17,active_lives_1617_london_125.csv,325,DAYS10P60GR_CYCBMX_N03,19248,7869,0,7869,11379,0.4088216957605985,True
2,2016/17,active_lives_1617_london_125.csv,328,MONTHS_12_CYCROAD_N04,19248,7869,0,7869,11379,0.4088216957605985,True
2,2016/17,active_lives_1617_london_125.csv,329,DAYS10P60GR_CYCROAD_N04,19248,7869,0,7869,11379,0.4088216957605985,True
2,2016/17,active_lives_1617_london_125.csv,332,MONTHS_12_CYCTRACK_N05,19248,7869,0,7869,11379,0.4088216957605985,True
2,2016/17,active_lives_1617_london_125.csv,333,DAYS10P60GR_CYCTRACK_N05,19248,7869,0,7869,11379,0.4088216957605985,True
2,2016/17,active_lives_1617_london_125.csv,336,MONTHS_12_CYCCROSS_N06,19248,7869,0,7869,11379,0.4088216957605985,True
2,2016/17,active_lives_1617_london_125.csv,337,DAYS10P60GR_CYCCROSS_N06,19248,7869,0,7869,11379,0.4088216957605985,True
2,2016/17,active_lives_1617_london_125.csv,340,MONTHS_12_DANCEOTHER_O01,19248,0,0,0,19248,0.0,False
2,2016/17,active_lives_1617_london_125.csv,341,DAYS10P60GR_DANCEOTHER_O01,19248,0,0,0,19248,0.0,False
2,2016/17,active_lives_1617_london_125.csv,348,MONTHS_12_FOOTBALL11_Q01,19248,7869,0,7869,11379,0.4088216957605985,True
2,2016/17,active_lives_1617_london_125.csv,349,DAYS10P60GR_FOOTBALL11_Q01,19248,7869,0,7869,11379,0.4088216957605985,True
2,2016/17,active_lives_1617_london_125.csv,352,MONTHS_12_FOOTBALLSMALL_Q02,19248,7869,0,7869,11379,0.4088216957605985,True
2,2016/17,active_lives_1617_london_125.csv,353,DAYS10P60GR_FOOTBALLSMALL_Q02,19248,7869,0,7869,11379,0.4088216957605985,True
2,2016/17,active_lives_1617_london_125.csv,356,MONTHS_12_FUTSAL_Q03,19248,7868,0,7868,11380,0.4087697423108894,True
2,2016/17,active_lives_1617_london_125.csv,357,DAYS10P60GR_FUTSAL_Q03,19248,7869,0,7869,11379,0.4088216957605985,True
2,2016/17,active_lives_1617_london_125.csv,360,MONTHS_12_FOOTBALLWALK_Q04,19248,7868,0,7868,11380,0.4087697423108894,True
2,2016/17,active_lives_1617_london_125.csv,361,DAYS10P60GR_FOOTBALLWALK_Q04,19248,7869,0,7869,11379,0.4088216957605985,True
2,2016/17,active_lives_1617_london_125.csv,364,MONTHS_12_FOOTBALLOTHER_Q05,19248,7869,0,7869,11379,0.4088216957605985,True
2,2016/17,active_lives_1617_london_125.csv,365,DAYS10P60GR_FOOTBALLOTHER_Q05,19248,7869,0,7869,11379,0.4088216957605985,True
2,2016/17,active_lives_1617_london_125.csv,368,MONTHS_12_CRICKETLONG_Q06,19248,7869,0,7869,11379,0.4088216957605985,True
2,2016/17,active_lives_1617_london_125.csv,369,DAYS10P60GR_CRICKETLONG_Q06,19248,7869,0,7869,11379,0.4088216957605985,True
2,2016/17,active_lives_1617_london_125.csv,372,MONTHS_12_CRICKETSHORT_Q07,19248,7869,0,7869,11379,0.4088216957605985,True
2,2016/17,active_lives_1617_london_125.csv,373,DAYS10P60GR_CRICKETSHORT_Q07,19248,7869,0,7869,11379,0.4088216957605985,True
2,2016/17,active_lives_1617_london_125.csv,376,MONTHS_12_CRICKETOTH_Q12,19248,7869,0,7869,11379,0.4088216957605985,True
2,2016/17,active_lives_1617_london_125.csv,377,DAYS10P60GR_CRICKETOTH_Q12,19248,7869,0,7869,11379,0.4088216957605985,True
2,2016/17,active_lives_1617_london_125.csv,380,MONTHS_12_RUGBYUN15_Q13,19248,7869,0,7869,11379,0.4088216957605985,True
2,2016/17,active_lives_1617_london_125.csv,381,DAYS10P60GR_RUGBYUN15_Q13,19248,7869,0,7869,11379,0.4088216957605985,True
2,2016/17,active_lives_1617_london_125.csv,384,MONTHS_12_RUGBYUNTOUCH_Q14,19248,7869,0,7869,11379,0.4088216957605985,True
2,2016/17,active_lives_1617_london_125.csv,385,DAYS10P60GR_RUGBYUNTOUCH_Q14,19248,7869,0,7869,11379,0.4088216957605985,True
2,2016/17,active_lives_1617_london_125.csv,388,MONTHS_12_RUGBYUN7_Q15,19248,7869,0,7869,11379,0.4088216957605985,True
2,2016/17,active_lives_1617_london_125.csv,389,DAYS10P60GR_RUGBYUN7_Q15,19248,7869,0,7869,11379,0.4088216957605985,True
2,2016/17,active_lives_1617_london_125.csv,392,MONTHS_12_RUGBYUNTAG_Q16,19248,7869,0,7869,11379,0.4088216957605985,True
2,2016/17,active_lives_1617_london_125.csv,393,DAYS10P60GR_RUGBYUNTAG_Q16,19248,7869,0,7869,11379,0.4088216957605985,True
2,2016/17,active_lives_1617_london_125.csv,396,MONTHS_12_RUGBYLEAG13_Q17,19248,7869,0,7869,11379,0.4088216957605985,True
2,2016/17,active_lives_1617_london_125.csv,397,DAYS10P60GR_RUGBYLEAG13_Q17,19248,7869,0,7869,11379,0.4088216957605985,True
2,2016/17,active_lives_1617_london_125.csv,400,MONTHS_12_RUGBYLEAGTOUCH_Q18,19248,7869,0,7869,11379,0.4088216957605985,True
2,2016/17,active_lives_1617_london_125.csv,401,DAYS10P60GR_RUGBYLEAGTOUCH_Q18,19248,7869,0,7869,11379,0.4088216957605985,True
2,2016/17,active_lives_1617_london_125.csv,404,MONTHS_12_RUGBYLEAGTAG_Q19,19248,7869,0,7869,11379,0.4088216957605985,True
2,2016/17,active_lives_1617_london_125.csv,405,DAYS10P60GR_RUGBYLEAGTAG_Q19,19248,7869,0,7869,11379,0.4088216957605985,True
2,2016/17,active_lives_1617_london_125.csv,408,MONTHS_12_ROCKCLIMB_R01,19248,7869,0,7869,11379,0.4088216957605985,True
2,2016/17,active_lives_1617_london_125.csv,409,DAYS10P60GR_ROCKCLIMB_R01,19248,7869,0,7869,11379,0.4088216957605985,True
2,2016/17,active_lives_1617_london_125.csv,412,MONTHS_12_CLIMBWALL_R02,19248,7867,0,7867,11381,0.4087177888611804,True
2,2016/17,active_lives_1617_london_125.csv,413,DAYS10P60GR_CLIMBWALL_R02,19248,7869,0,7869,11379,0.4088216957605985,True
2,2016/17,active_lives_1617_london_125.csv,416,MONTHS_12_ROWINGWATER_R04,19248,0,0,0,19248,0.0,False
2,2016/17,active_lives_1617_london_125.csv,417,DAYS10P60GR_ROWINGWATER_R04,19248,0,0,0,19248,0.0,False
2,2016/17,active_lives_1617_london_125.csv,420,MONTHS_12_BOXINGTRAD_S01,19248,0,0,0,19248,0.0,False
2,2016/17,active_lives_1617_london_125.csv,421,DAYS10P60GR_BOXINGTRAD_S01,19248,0,0,0,19248,0.0,False
2,2016/17,active_lives_1617_london_125.csv,424,MONTHS_12_KARATE_S02,19248,7862,0,7862,11386,0.40845802161263506,True
2,2016/17,active_lives_1617_london_125.csv,425,DAYS10P60GR_KARATE_S02,19248,7869,0,7869,11379,0.4088216957605985,True
2,2016/17,active_lives_1617_london_125.csv,428,MONTHS_12_JUJITSU_S03,19248,7869,0,7869,11379,0.4088216957605985,True
2,2016/17,active_lives_1617_london_125.csv,429,DAYS10P60GR_JUJITSU_S03,19248,7869,0,7869,11379,0.4088216957605985,True
2,2016/17,active_lives_1617_london_125.csv,432,MONTHS_12_AIKIDO_S04,19248,7869,0,7869,11379,0.4088216957605985,True
2,2016/17,active_lives_1617_london_125.csv,433,DAYS10P60GR_AIKIDO_S04,19248,7869,0,7869,11379,0.4088216957605985,True
2,2016/17,active_lives_1617_london_125.csv,436,MONTHS_12_MARTIALCHINESE_S05,19248,7864,0,7864,11384,0.4085619285120532,True
2,2016/17,active_lives_1617_london_125.csv,437,DAYS10P60GR_MARTIALCHINESE_S05,19248,7869,0,7869,11379,0.4088216957605985,True
2,2016/17,active_lives_1617_london_125.csv,440,MONTHS_12_MARTIALOTHER_S06,19248,7863,0,7863,11385,0.40850997506234416,True
2,2016/17,active_lives_1617_london_125.csv,441,DAYS10P60GR_MARTIALOTHER_S06,19248,7869,0,7869,11379,0.4088216957605985,True
2,2016/17,active_lives_1617_london_125.csv,444,MONTHS_12_AIRGUN_S08,19248,7869,0,7869,11379,0.4088216957605985,True
2,2016/17,active_lives_1617_london_125.csv,445,DAYS10P60GR_AIRGUN_S08,19248,7869,0,7869,11379,0.4088216957605985,True
2,2016/17,active_lives_1617_london_125.csv,448,MONTHS_12_RIFLE_S09,19248,7869,0,7869,11379,0.4088216957605985,True
2,2016/17,active_lives_1617_london_125.csv,449,DAYS10P60GR_RIFLE_S09,19248,7869,0,7869,11379,0.4088216957605985,True
2,2016/17,active_lives_1617_london_125.csv,452,MONTHS_12_SKIING_T01,19248,7864,0,7864,11384,0.4085619285120532,True
2,2016/17,active_lives_1617_london_125.csv,453,DAYS10P60GR_SKIING_T01,19248,7869,0,7869,11379,0.4088216957605985,True
2,2016/17,active_lives_1617_london_125.csv,456,MONTHS_12_SNOWBOARDING_T02,19248,7868,0,7868,11380,0.4087697423108894,True
2,2016/17,active_lives_1617_london_125.csv,457,DAYS10P60GR_SNOWBOARDING_T02,19248,7869,0,7869,11379,0.4088216957605985,True
2,2016/17,active_lives_1617_london_125.csv,460,MONTHS_12_DIVING_U05,19248,7869,0,7869,11379,0.4088216957605985,True
2,2016/17,active_lives_1617_london_125.csv,461,DAYS10P60GR_DIVING_U05,19248,7869,0,7869,11379,0.4088216957605985,True
2,2016/17,active_lives_1617_london_125.csv,464,MONTHS_12_WATERPOLO_U06,19248,7869,0,7869,11379,0.4088216957605985,True
2,2016/17,active_lives_1617_london_125.csv,465,DAYS10P60GR_WATERPOLO_U06,19248,7869,0,7869,11379,0.4088216957605985,True
2,2016/17,active_lives_1617_london_125.csv,468,MONTHS_12_RUNJOG_U07,19248,0,0,0,19248,0.0,False
2,2016/17,active_lives_1617_london_125.csv,469,DAYS10P60GR_RUNJOG_U07,19248,0,0,0,19248,0.0,False
2,2016/17,active_lives_1617_london_125.csv,472,MONTHS_12_GOLFFULL_U08,19248,7869,0,7869,11379,0.4088216957605985,True
2,2016/17,active_lives_1617_london_125.csv,473,DAYS10P60GR_GOLFFULL_U08,19248,7869,0,7869,11379,0.4088216957605985,True
2,2016/17,active_lives_1617_london_125.csv,476,MONTHS_12_GOLFSHORT_U09,19248,7869,0,7869,11379,0.4088216957605985,True
2,2016/17,active_lives_1617_london_125.csv,477,DAYS10P60GR_GOLFSHORT_U09,19248,7869,0,7869,11379,0.4088216957605985,True
2,2016/17,active_lives_1617_london_125.csv,480,MONTHS_12_DRIVINGRANGE_U10,19248,7869,0,7869,11379,0.4088216957605985,True
2,2016/17,active_lives_1617_london_125.csv,481,DAYS10P60GR_DRIVINGRANGE_U10,19248,7869,0,7869,11379,0.4088216957605985,True
2,2016/17,active_lives_1617_london_125.csv,484,MONTHS_12_GOLFADV_U11,19248,7869,0,7869,11379,0.4088216957605985,True
2,2016/17,active_lives_1617_london_125.csv,485,DAYS10P60GR_GOLFADV_U11,19248,7869,0,7869,11379,0.4088216957605985,True
2,2016/17,active_lives_1617_london_125.csv,488,MONTHS_12_EQUESTHACKING_U12,19248,7869,0,7869,11379,0.4088216957605985,True
2,2016/17,active_lives_1617_london_125.csv,489,DAYS10P60GR_EQUESTHACKING_U12,19248,7869,0,7869,11379,0.4088216957605985,True
2,2016/17,active_lives_1617_london_125.csv,492,MONTHS_12_EQUESTSCHOOLING_U13,19248,7869,0,7869,11379,0.4088216957605985,True
2,2016/17,active_lives_1617_london_125.csv,493,DAYS10P60GR_EQUESTSCHOOLING_U13,19248,7869,0,7869,11379,0.4088216957605985,True
2,2016/17,active_lives_1617_london_125.csv,496,MONTHS_12_EQUESTSHOWJUMP_U14,19248,7869,0,7869,11379,0.4088216957605985,True
2,2016/17,active_lives_1617_london_125.csv,497,DAYS10P60GR_EQUESTSHOWJUMP_U14,19248,7869,0,7869,11379,0.4088216957605985,True
2,2016/17,active_lives_1617_london_125.csv,500,MONTHS_12_EQUESTDRESSAGE_U15,19248,7869,0,7869,11379,0.4088216957605985,True
2,2016/17,active_lives_1617_london_125.csv,501,DAYS10P60GR_EQUESTDRESSAGE_U15,19248,7869,0,7869,11379,0.4088216957605985,True
2,2016/17,active_lives_1617_london_125.csv,504,MONTHS_12_EQUESTEVENTING_U16,19248,7869,0,7869,11379,0.4088216957605985,True
2,2016/17,active_lives_1617_london_125.csv,505,DAYS10P60GR_EQUESTEVENTING_U16,19248,7869,0,7869,11379,0.4088216957605985,True
2,2016/17,active_lives_1617_london_125.csv,508,MONTHS_12_EQUESTOTHER_U17,19248,7869,0,7869,11379,0.4088216957605985,True
2,2016/17,active_lives_1617_london_125.csv,509,DAYS10P60GR_EQUESTOTHER_U17,19248,7869,0,7869,11379,0.4088216957605985,True
2,2016/17,active_lives_1617_london_125.csv,512,MONTHS_12_BOWLSCARPET_U18,19248,7869,0,7869,11379,0.4088216957605985,True
2,2016/17,active_lives_1617_london_125.csv,513,DAYS10P60GR_BOWLSCARPET_U18,19248,7869,0,7869,11379,0.4088216957605985,True
2,2016/17,active_lives_1617_london_125.csv,516,MONTHS_12_BOWLSCROWNGREEN_U19,19248,7868,0,7868,11380,0.4087697423108894,True
2,2016/17,active_lives_1617_london_125.csv,517,DAYS10P60GR_BOWLSCROWNGREEN_U19,19248,7869,0,7869,11379,0.4088216957605985,True
2,2016/17,active_lives_1617_london_125.csv,520,MONTHS_12_BOWLSFLATGREEN_U20,19248,7869,0,7869,11379,0.4088216957605985,True
2,2016/17,active_lives_1617_london_125.csv,521,DAYS10P60GR_BOWLSFLATGREEN_U20,19248,7869,0,7869,11379,0.4088216957605985,True
2,2016/17,active_lives_1617_london_125.csv,524,MONTHS_12_BOWLSSHORTMAT_U23,19248,7869,0,7869,11379,0.4088216957605985,True
2,2016/17,active_lives_1617_london_125.csv,525,DAYS10P60GR_BOWLSSHORTMAT_U23,19248,7869,0,7869,11379,0.4088216957605985,True
2,2016/17,active_lives_1617_london_125.csv,528,MONTHS_12_GYMNASTICSONLY_U24,19248,7868,0,7868,11380,0.4087697423108894,True
2,2016/17,active_lives_1617_london_125.csv,529,DAYS10P60GR_GYMNASTICSONLY_U24,19248,7869,0,7869,11379,0.4088216957605985,True
2,2016/17,active_lives_1617_london_125.csv,532,MONTHS_12_TRAMPOLINING_U25,19248,7867,0,7867,11381,0.4087177888611804,True
2,2016/17,active_lives_1617_london_125.csv,533,DAYS10P60GR_TRAMPOLINING_U25,19248,7869,0,7869,11379,0.4088216957605985,True
2,2016/17,active_lives_1617_london_125.csv,536,MONTHS_12_KARTING_U26,19248,7869,0,7869,11379,0.4088216957605985,True
2,2016/17,active_lives_1617_london_125.csv,537,DAYS10P60GR_KARTING_U26,19248,7869,0,7869,11379,0.4088216957605985,True
2,2016/17,active_lives_1617_london_125.csv,540,MONTHS_12_MOTORCYCRACE_U27,19248,7868,0,7868,11380,0.4087697423108894,True
2,2016/17,active_lives_1617_london_125.csv,541,DAYS10P60GR_MOTORCYCRACE_U27,19248,7869,0,7869,11379,0.4088216957605985,True
2,2016/17,active_lives_1617_london_125.csv,544,MONTHS_12_MOTORCARRACE_U28,19248,7869,0,7869,11379,0.4088216957605985,True
2,2016/17,active_lives_1617_london_125.csv,545,DAYS10P60GR_MOTORCARRACE_U28,19248,7869,0,7869,11379,0.4088216957605985,True
3,2017/18,2017_data_125_activities.csv,1,LA_2023,15967,0,0,0,15967,0.0,False
3,2017/18,2017_data_125_activities.csv,3,LondInOut,15967,0,0,0,15967,0.0,False
3,2017/18,2017_data_125_activities.csv,5,Age9,15967,135,0,135,15832,0.008454938310264922,True
3,2017/18,2017_data_125_activities.csv,6,Disab3,15967,1072,0,1072,14895,0.06713847310077034,True
3,2017/18,2017_data_125_activities.csv,8,mode,15967,0,0,0,15967,0.0,False
3,2017/18,2017_data_125_activities.csv,11,month,15967,0,0,0,15967,0.0,False
3,2017/18,2017_data_125_activities.csv,13,MEMS7GR_ALL,15967,0,0,0,15967,0.0,False
3,2017/18,2017_data_125_activities.csv,37,wt_time,15967,6,0,6,15961,0.0003757750360117743,True
3,2017/18,2017_data_125_activities.csv,38,wt_final,15967,0,0,0,15967,0.0,False
3,2017/18,2017_data_125_activities.csv,504,DAYS10P60GR_ABSEILING_H03,15967,0,0,0,15967,0.0,False
3,2017/18,2017_data_125_activities.csv,505,DAYS10P60GR_ACTTRAV_C03,15967,0,0,0,15967,0.0,False
3,2017/18,2017_data_125_activities.csv,506,DAYS10P60GR_AIKIDO_S04,15967,5621,0,5621,10346,0.3520385795703639,True
3,2017/18,2017_data_125_activities.csv,507,DAYS10P60GR_AIRGUN_S08,15967,5621,0,5621,10346,0.3520385795703639,True
3,2017/18,2017_data_125_activities.csv,508,DAYS10P60GR_ARCHERY_J01,15967,0,0,0,15967,0.0,False
3,2017/18,2017_data_125_activities.csv,509,DAYS10P60GR_BADMINTON_G02,15967,0,0,0,15967,0.0,False
3,2017/18,2017_data_125_activities.csv,510,DAYS10P60GR_BASESOFTBALL_F13,15967,0,0,0,15967,0.0,False
3,2017/18,2017_data_125_activities.csv,511,DAYS10P60GR_BASKETBALL_F07,15967,0,0,0,15967,0.0,False
3,2017/18,2017_data_125_activities.csv,512,DAYS10P60GR_BOCCIA_L11,15967,0,0,0,15967,0.0,False
3,2017/18,2017_data_125_activities.csv,513,DAYS10P60GR_BOULES_L12,15967,0,0,0,15967,0.0,False
3,2017/18,2017_data_125_activities.csv,514,DAYS10P60GR_BOWLSBOULES_C12,15967,0,0,0,15967,0.0,False
3,2017/18,2017_data_125_activities.csv,515,DAYS10P60GR_BOWLSCARPET_U18,15967,5621,0,5621,10346,0.3520385795703639,True
3,2017/18,2017_data_125_activities.csv,516,DAYS10P60GR_BOWLSCROWNGREEN_U19,15967,5621,0,5621,10346,0.3520385795703639,True
3,2017/18,2017_data_125_activities.csv,517,DAYS10P60GR_BOWLSFLATGREEN_U20,15967,5621,0,5621,10346,0.3520385795703639,True
3,2017/18,2017_data_125_activities.csv,518,DAYS10P60GR_BOWLSSHORTMAT_U23,15967,5621,0,5621,10346,0.3520385795703639,True
3,2017/18,2017_data_125_activities.csv,519,DAYS10P60GR_BOWLS_L10,15967,0,0,0,15967,0.0,False
3,2017/18,2017_data_125_activities.csv,520,DAYS10P60GR_BOXINGTRAD_S01,15967,0,0,0,15967,0.0,False
3,2017/18,2017_data_125_activities.csv,521,DAYS10P60GR_CAVING_H02,15967,0,0,0,15967,0.0,False
3,2017/18,2017_data_125_activities.csv,522,DAYS10P60GR_CHEERLEADING_L15,15967,0,0,0,15967,0.0,False
3,2017/18,2017_data_125_activities.csv,523,DAYS10P60GR_CLIMBWALL_R02,15967,5621,0,5621,10346,0.3520385795703639,True
3,2017/18,2017_data_125_activities.csv,524,DAYS10P60GR_CRICKETLONG_Q06,15967,5621,0,5621,10346,0.3520385795703639,True
3,2017/18,2017_data_125_activities.csv,525,DAYS10P60GR_CRICKETOTH_Q12,15967,5621,0,5621,10346,0.3520385795703639,True
3,2017/18,2017_data_125_activities.csv,526,DAYS10P60GR_CRICKETSHORT_Q07,15967,5621,0,5621,10346,0.3520385795703639,True
3,2017/18,2017_data_125_activities.csv,527,DAYS10P60GR_CROQUET_I05,15967,0,0,0,15967,0.0,False
3,2017/18,2017_data_125_activities.csv,528,DAYS10P60GR_CYCBMX_N03,15967,5621,0,5621,10346,0.3520385795703639,True
3,2017/18,2017_data_125_activities.csv,529,DAYS10P60GR_CYCCROSS_N06,15967,5621,0,5621,10346,0.3520385795703639,True
3,2017/18,2017_data_125_activities.csv,530,DAYS10P60GR_CYCLEISURE_N01,15967,5621,0,5621,10346,0.3520385795703639,True
3,2017/18,2017_data_125_activities.csv,531,DAYS10P60GR_CYCMOUNTAIN_N02,15967,5621,0,5621,10346,0.3520385795703639,True
3,2017/18,2017_data_125_activities.csv,532,DAYS10P60GR_CYCROAD_N04,15967,5621,0,5621,10346,0.3520385795703639,True
3,2017/18,2017_data_125_activities.csv,533,DAYS10P60GR_CYCTRACK_N05,15967,5621,0,5621,10346,0.3520385795703639,True
3,2017/18,2017_data_125_activities.csv,534,DAYS10P60GR_CYCTRAV_B04,15967,0,0,0,15967,0.0,False
3,2017/18,2017_data_125_activities.csv,535,DAYS10P60GR_CYC_OLD_M02,15967,0,0,0,15967,0.0,False
3,2017/18,2017_data_125_activities.csv,536,DAYS10P60GR_DANCEART_B05,15967,0,0,0,15967,0.0,False
3,2017/18,2017_data_125_activities.csv,537,DAYS10P60GR_DANCEOTHER_O01,15967,0,0,0,15967,0.0,False
3,2017/18,2017_data_125_activities.csv,538,DAYS10P60GR_DARTS_I08,15967,0,0,0,15967,0.0,False
3,2017/18,2017_data_125_activities.csv,539,DAYS10P60GR_DIVING_U05,15967,5621,0,5621,10346,0.3520385795703639,True
3,2017/18,2017_data_125_activities.csv,540,DAYS10P60GR_DODGEBALL_F12,15967,0,0,0,15967,0.0,False
3,2017/18,2017_data_125_activities.csv,541,DAYS10P60GR_DRIVINGRANGE_U10,15967,5621,0,5621,10346,0.3520385795703639,True
3,2017/18,2017_data_125_activities.csv,542,DAYS10P60GR_EQUESTDRESSAGE_U15,15967,5621,0,5621,10346,0.3520385795703639,True
3,2017/18,2017_data_125_activities.csv,543,DAYS10P60GR_EQUESTEVENTING_U16,15967,5621,0,5621,10346,0.3520385795703639,True
3,2017/18,2017_data_125_activities.csv,544,DAYS10P60GR_EQUESTHACKING_U12,15967,5621,0,5621,10346,0.3520385795703639,True
3,2017/18,2017_data_125_activities.csv,545,DAYS10P60GR_EQUESTOTHER_U17,15967,0,0,0,15967,0.0,False
3,2017/18,2017_data_125_activities.csv,546,DAYS10P60GR_EQUESTSCHOOLING_U13,15967,5621,0,5621,10346,0.3520385795703639,True
3,2017/18,2017_data_125_activities.csv,547,DAYS10P60GR_EQUESTSHOWJUMP_U14,15967,5621,0,5621,10346,0.3520385795703639,True
3,2017/18,2017_data_125_activities.csv,548,DAYS10P60GR_EQUEST_L09,15967,0,0,0,15967,0.0,False
3,2017/18,2017_data_125_activities.csv,549,DAYS10P60GR_FELLRUNNING_L04,15967,0,0,0,15967,0.0,False
3,2017/18,2017_data_125_activities.csv,550,DAYS10P60GR_FENCING_J03,15967,0,0,0,15967,0.0,False
3,2017/18,2017_data_125_activities.csv,551,DAYS10P60GR_FOOTBALL11_Q01,15967,5621,0,5621,10346,0.3520385795703639,True
3,2017/18,2017_data_125_activities.csv,552,DAYS10P60GR_FOOTBALLOTHER_Q05,15967,5621,0,5621,10346,0.3520385795703639,True
3,2017/18,2017_data_125_activities.csv,553,DAYS10P60GR_FOOTBALLSMALL_Q02,15967,5621,0,5621,10346,0.3520385795703639,True
3,2017/18,2017_data_125_activities.csv,554,DAYS10P60GR_FOOTBALLWALK_Q04,15967,5621,0,5621,10346,0.3520385795703639,True
3,2017/18,2017_data_125_activities.csv,555,DAYS10P60GR_FOOTBALL_F01,15967,0,0,0,15967,0.0,False
3,2017/18,2017_data_125_activities.csv,556,DAYS10P60GR_FRISBEE_I03,15967,0,0,0,15967,0.0,False
3,2017/18,2017_data_125_activities.csv,557,DAYS10P60GR_FUTSAL_Q03,15967,5621,0,5621,10346,0.3520385795703639,True
3,2017/18,2017_data_125_activities.csv,558,DAYS10P60GR_GARDENTRAMP_L14,15967,0,0,0,15967,0.0,False
3,2017/18,2017_data_125_activities.csv,559,DAYS10P60GR_GARD_B08,15967,0,0,0,15967,0.0,False
3,2017/18,2017_data_125_activities.csv,560,DAYS10P60GR_GLIDING_H08,15967,0,0,0,15967,0.0,False
3,2017/18,2017_data_125_activities.csv,561,DAYS10P60GR_GOALBALL_F15,15967,0,0,0,15967,0.0,False
3,2017/18,2017_data_125_activities.csv,562,DAYS10P60GR_GOLFADV_U11,15967,5621,0,5621,10346,0.3520385795703639,True
3,2017/18,2017_data_125_activities.csv,563,DAYS10P60GR_GOLFFULL_U08,15967,5621,0,5621,10346,0.3520385795703639,True
3,2017/18,2017_data_125_activities.csv,564,DAYS10P60GR_GOLFSHORT_U09,15967,5621,0,5621,10346,0.3520385795703639,True
3,2017/18,2017_data_125_activities.csv,565,DAYS10P60GR_GOLF_L08,15967,0,0,0,15967,0.0,False
3,2017/18,2017_data_125_activities.csv,566,DAYS10P60GR_GYMNASTICSONLY_U24,15967,5621,0,5621,10346,0.3520385795703639,True
3,2017/18,2017_data_125_activities.csv,567,DAYS10P60GR_GYMNASTICS_L13,15967,0,0,0,15967,0.0,False
3,2017/18,2017_data_125_activities.csv,568,DAYS10P60GR_GYMTRAMPCHEER_C13,15967,0,0,0,15967,0.0,False
3,2017/18,2017_data_125_activities.csv,569,DAYS10P60GR_HANDBALL_F16,15967,0,0,0,15967,0.0,False
3,2017/18,2017_data_125_activities.csv,570,DAYS10P60GR_HIGHROPES_H14,15967,0,0,0,15967,0.0,False
3,2017/18,2017_data_125_activities.csv,571,DAYS10P60GR_HOCKEY_F09,15967,0,0,0,15967,0.0,False
3,2017/18,2017_data_125_activities.csv,573,DAYS10P60GR_ICEHOCKEY_K03,15967,0,0,0,15967,0.0,False
3,2017/18,2017_data_125_activities.csv,574,DAYS10P60GR_ICESKATING_I02,15967,0,0,0,15967,0.0,False
3,2017/18,2017_data_125_activities.csv,575,DAYS10P60GR_JUJITSU_S03,15967,5621,0,5621,10346,0.3520385795703639,True
3,2017/18,2017_data_125_activities.csv,576,DAYS10P60GR_KARATE_S02,15967,5621,0,5621,10346,0.3520385795703639,True
3,2017/18,2017_data_125_activities.csv,577,DAYS10P60GR_KARTING_U26,15967,5621,0,5621,10346,0.3520385795703639,True
3,2017/18,2017_data_125_activities.csv,578,DAYS10P60GR_LACROSSE_F14,15967,0,0,0,15967,0.0,False
3,2017/18,2017_data_125_activities.csv,579,DAYS10P60GR_LIFESAVING_H13,15967,0,0,0,15967,0.0,False
3,2017/18,2017_data_125_activities.csv,580,DAYS10P60GR_MARTIALCHINESE_S05,15967,5621,0,5621,10346,0.3520385795703639,True
3,2017/18,2017_data_125_activities.csv,581,DAYS10P60GR_MARTIALOTHER_S06,15967,5621,0,5621,10346,0.3520385795703639,True
3,2017/18,2017_data_125_activities.csv,582,DAYS10P60GR_MARTIAL_J07,15967,0,0,0,15967,0.0,False
3,2017/18,2017_data_125_activities.csv,583,DAYS10P60GR_MODPENT_L06,15967,0,0,0,15967,0.0,False
3,2017/18,2017_data_125_activities.csv,584,DAYS10P60GR_MOTORCARRACE_U28,15967,5621,0,5621,10346,0.3520385795703639,True
3,2017/18,2017_data_125_activities.csv,585,DAYS10P60GR_MOTORCYCRACE_U27,15967,5621,0,5621,10346,0.3520385795703639,True
3,2017/18,2017_data_125_activities.csv,586,DAYS10P60GR_MOTORSPORTS_L18,15967,0,0,0,15967,0.0,False
3,2017/18,2017_data_125_activities.csv,587,DAYS10P60GR_NETBALL_F06,15967,0,0,0,15967,0.0,False
3,2017/18,2017_data_125_activities.csv,588,DAYS10P60GR_ORIENTEERING_H04,15967,0,0,0,15967,0.0,False
3,2017/18,2017_data_125_activities.csv,589,DAYS10P60GR_PARKOUR_H05,15967,0,0,0,15967,0.0,False
3,2017/18,2017_data_125_activities.csv,590,DAYS10P60GR_POOL_I07,15967,0,0,0,15967,0.0,False
3,2017/18,2017_data_125_activities.csv,591,DAYS10P60GR_RIFLE_S09,15967,5621,0,5621,10346,0.3520385795703639,True
3,2017/18,2017_data_125_activities.csv,592,DAYS10P60GR_ROCKCLIMB_R01,15967,5621,0,5621,10346,0.3520385795703639,True
3,2017/18,2017_data_125_activities.csv,593,DAYS10P60GR_ROLLERSKATING_L16,15967,0,0,0,15967,0.0,False
3,2017/18,2017_data_125_activities.csv,594,DAYS10P60GR_ROUNDERS_F11,15967,0,0,0,15967,0.0,False
3,2017/18,2017_data_125_activities.csv,595,DAYS10P60GR_ROWINGWATER_R04,15967,0,0,0,15967,0.0,False
3,2017/18,2017_data_125_activities.csv,596,DAYS10P60GR_RUGBYLEAG13_Q17,15967,5621,0,5621,10346,0.3520385795703639,True
3,2017/18,2017_data_125_activities.csv,597,DAYS10P60GR_RUGBYLEAGTAG_Q19,15967,5621,0,5621,10346,0.3520385795703639,True
3,2017/18,2017_data_125_activities.csv,598,DAYS10P60GR_RUGBYLEAGTOUCH_Q18,15967,5621,0,5621,10346,0.3520385795703639,True
3,2017/18,2017_data_125_activities.csv,599,DAYS10P60GR_RUGBYLEAGUE_F04,15967,0,0,0,15967,0.0,False
3,2017/18,2017_data_125_activities.csv,600,DAYS10P60GR_RUGBYUN15_Q13,15967,5621,0,5621,10346,0.3520385795703639,True
3,2017/18,2017_data_125_activities.csv,601,DAYS10P60GR_RUGBYUN7_Q15,15967,5621,0,5621,10346,0.3520385795703639,True
3,2017/18,2017_data_125_activities.csv,602,DAYS10P60GR_RUGBYUNION_F03,15967,0,0,0,15967,0.0,False
3,2017/18,2017_data_125_activities.csv,603,DAYS10P60GR_RUGBYUNTAG_Q16,15967,5621,0,5621,10346,0.3520385795703639,True
3,2017/18,2017_data_125_activities.csv,604,DAYS10P60GR_RUGBYUNTOUCH_Q14,15967,5621,0,5621,10346,0.3520385795703639,True
3,2017/18,2017_data_125_activities.csv,605,DAYS10P60GR_RUNJOG_U07,15967,0,0,0,15967,0.0,False
3,2017/18,2017_data_125_activities.csv,606,DAYS10P60GR_SHOOTING_J08,15967,0,0,0,15967,0.0,False
3,2017/18,2017_data_125_activities.csv,607,DAYS10P60GR_SKATEBOARDING_L17,15967,0,0,0,15967,0.0,False
3,2017/18,2017_data_125_activities.csv,608,DAYS10P60GR_SKIING_T01,15967,5621,0,5621,10346,0.3520385795703639,True
3,2017/18,2017_data_125_activities.csv,609,DAYS10P60GR_SKITTLES_I09,15967,0,0,0,15967,0.0,False
3,2017/18,2017_data_125_activities.csv,610,DAYS10P60GR_SLEDDING_K02,15967,0,0,0,15967,0.0,False
3,2017/18,2017_data_125_activities.csv,611,DAYS10P60GR_SNOOKER_I06,15967,0,0,0,15967,0.0,False
3,2017/18,2017_data_125_activities.csv,612,DAYS10P60GR_SNOWBOARDING_T02,15967,5621,0,5621,10346,0.3520385795703639,True
3,2017/18,2017_data_125_activities.csv,613,DAYS10P60GR_SNOWSPORT_K01,15967,0,0,0,15967,0.0,False
3,2017/18,2017_data_125_activities.csv,614,DAYS10P60GR_TABLETENNIS_G03,15967,0,0,0,15967,0.0,False
3,2017/18,2017_data_125_activities.csv,615,DAYS10P60GR_TAEKWONDO_J05,15967,0,0,0,15967,0.0,False
3,2017/18,2017_data_125_activities.csv,616,DAYS10P60GR_TENNIS_G01,15967,0,0,0,15967,0.0,False
3,2017/18,2017_data_125_activities.csv,617,DAYS10P60GR_TENPIN_I04,15967,0,0,0,15967,0.0,False
3,2017/18,2017_data_125_activities.csv,618,DAYS10P60GR_TRACKANDFIELD_L02,15967,0,0,0,15967,0.0,False
3,2017/18,2017_data_125_activities.csv,619,DAYS10P60GR_TRAMPOLINING_U25,15967,5621,0,5621,10346,0.3520385795703639,True
3,2017/18,2017_data_125_activities.csv,620,DAYS10P60GR_TRIATHLON_L05,15967,0,0,0,15967,0.0,False
3,2017/18,2017_data_125_activities.csv,621,DAYS10P60GR_VOLLEYBALL_F10,15967,0,0,0,15967,0.0,False
3,2017/18,2017_data_125_activities.csv,622,DAYS10P60GR_WALKTRAV_B02,15967,0,0,0,15967,0.0,False
3,2017/18,2017_data_125_activities.csv,623,DAYS10P60GR_WATERPOLO_U06,15967,5621,0,5621,10346,0.3520385795703639,True
3,2017/18,2017_data_125_activities.csv,624,DAYS10P60GR_WATERSKIING_H10,15967,0,0,0,15967,0.0,False
3,2017/18,2017_data_125_activities.csv,625,DAYS10P60GR_WHEELCHBASKETBALL_F08,15967,0,0,0,15967,0.0,False
3,2017/18,2017_data_125_activities.csv,626,DAYS10P60GR_WHEELCHRUGBY_F05,15967,0,0,0,15967,0.0,False
3,2017/18,2017_data_125_activities.csv,627,DAYS10P60GR_WINTER_C10,15967,0,0,0,15967,0.0,False
3,2017/18,2017_data_125_activities.csv,628,DAYS10P60GR_WRESTLING_J09,15967,0,0,0,15967,0.0,False
3,2017/18,2017_data_125_activities.csv,629,MONTHS_12_ABSEILING_H03,15967,0,0,0,15967,0.0,False
3,2017/18,2017_data_125_activities.csv,630,MONTHS_12_ACTTRAV_C03,15967,0,0,0,15967,0.0,False
3,2017/18,2017_data_125_activities.csv,631,MONTHS_12_AIKIDO_S04,15967,5621,0,5621,10346,0.3520385795703639,True
3,2017/18,2017_data_125_activities.csv,632,MONTHS_12_AIRGUN_S08,15967,5621,0,5621,10346,0.3520385795703639,True
3,2017/18,2017_data_125_activities.csv,633,MONTHS_12_ARCHERY_J01,15967,0,0,0,15967,0.0,False
3,2017/18,2017_data_125_activities.csv,634,MONTHS_12_BADMINTON_G02,15967,0,0,0,15967,0.0,False
3,2017/18,2017_data_125_activities.csv,635,MONTHS_12_BASESOFTBALL_F13,15967,0,0,0,15967,0.0,False
3,2017/18,2017_data_125_activities.csv,636,MONTHS_12_BASKETBALL_F07,15967,0,0,0,15967,0.0,False
3,2017/18,2017_data_125_activities.csv,637,MONTHS_12_BOCCIA_L11,15967,0,0,0,15967,0.0,False
3,2017/18,2017_data_125_activities.csv,638,MONTHS_12_BOULES_L12,15967,0,0,0,15967,0.0,False
3,2017/18,2017_data_125_activities.csv,639,MONTHS_12_BOWLSBOULES_C12,15967,0,0,0,15967,0.0,False
3,2017/18,2017_data_125_activities.csv,640,MONTHS_12_BOWLSCARPET_U18,15967,5621,0,5621,10346,0.3520385795703639,True
3,2017/18,2017_data_125_activities.csv,641,MONTHS_12_BOWLSCROWNGREEN_U19,15967,5621,0,5621,10346,0.3520385795703639,True
3,2017/18,2017_data_125_activities.csv,642,MONTHS_12_BOWLSFLATGREEN_U20,15967,5621,0,5621,10346,0.3520385795703639,True
3,2017/18,2017_data_125_activities.csv,643,MONTHS_12_BOWLSSHORTMAT_U23,15967,5621,0,5621,10346,0.3520385795703639,True
3,2017/18,2017_data_125_activities.csv,644,MONTHS_12_BOWLS_L10,15967,0,0,0,15967,0.0,False
3,2017/18,2017_data_125_activities.csv,645,MONTHS_12_BOXINGTRAD_S01,15967,0,0,0,15967,0.0,False
3,2017/18,2017_data_125_activities.csv,646,MONTHS_12_CAVING_H02,15967,0,0,0,15967,0.0,False
3,2017/18,2017_data_125_activities.csv,647,MONTHS_12_CHEERLEADING_L15,15967,0,0,0,15967,0.0,False
3,2017/18,2017_data_125_activities.csv,648,MONTHS_12_CLIMBWALL_R02,15967,5621,0,5621,10346,0.3520385795703639,True
3,2017/18,2017_data_125_activities.csv,649,MONTHS_12_CRICKETLONG_Q06,15967,5621,0,5621,10346,0.3520385795703639,True
3,2017/18,2017_data_125_activities.csv,650,MONTHS_12_CRICKETOTH_Q12,15967,5621,0,5621,10346,0.3520385795703639,True
3,2017/18,2017_data_125_activities.csv,651,MONTHS_12_CRICKETSHORT_Q07,15967,5621,0,5621,10346,0.3520385795703639,True
3,2017/18,2017_data_125_activities.csv,652,MONTHS_12_CROQUET_I05,15967,0,0,0,15967,0.0,False
3,2017/18,2017_data_125_activities.csv,653,MONTHS_12_CYCBMX_N03,15967,5621,0,5621,10346,0.3520385795703639,True
3,2017/18,2017_data_125_activities.csv,654,MONTHS_12_CYCCROSS_N06,15967,5621,0,5621,10346,0.3520385795703639,True
3,2017/18,2017_data_125_activities.csv,655,MONTHS_12_CYCLEISURE_N01,15967,5621,0,5621,10346,0.3520385795703639,True
3,2017/18,2017_data_125_activities.csv,656,MONTHS_12_CYCMOUNTAIN_N02,15967,5621,0,5621,10346,0.3520385795703639,True
3,2017/18,2017_data_125_activities.csv,657,MONTHS_12_CYCROAD_N04,15967,5621,0,5621,10346,0.3520385795703639,True
3,2017/18,2017_data_125_activities.csv,658,MONTHS_12_CYCTRACK_N05,15967,5621,0,5621,10346,0.3520385795703639,True
3,2017/18,2017_data_125_activities.csv,659,MONTHS_12_CYCTRAV_B04,15967,0,0,0,15967,0.0,False
3,2017/18,2017_data_125_activities.csv,660,MONTHS_12_CYC_OLD_M02,15967,0,0,0,15967,0.0,False
3,2017/18,2017_data_125_activities.csv,661,MONTHS_12_DANCEART_B05,15967,0,0,0,15967,0.0,False
3,2017/18,2017_data_125_activities.csv,662,MONTHS_12_DANCEOTHER_O01,15967,0,0,0,15967,0.0,False
3,2017/18,2017_data_125_activities.csv,663,MONTHS_12_DARTS_I08,15967,0,0,0,15967,0.0,False
3,2017/18,2017_data_125_activities.csv,664,MONTHS_12_DIVING_U05,15967,5621,0,5621,10346,0.3520385795703639,True
3,2017/18,2017_data_125_activities.csv,665,MONTHS_12_DODGEBALL_F12,15967,0,0,0,15967,0.0,False
3,2017/18,2017_data_125_activities.csv,666,MONTHS_12_DRIVINGRANGE_U10,15967,5621,0,5621,10346,0.3520385795703639,True
3,2017/18,2017_data_125_activities.csv,667,MONTHS_12_EQUESTDRESSAGE_U15,15967,5621,0,5621,10346,0.3520385795703639,True
3,2017/18,2017_data_125_activities.csv,668,MONTHS_12_EQUESTEVENTING_U16,15967,5621,0,5621,10346,0.3520385795703639,True
3,2017/18,2017_data_125_activities.csv,669,MONTHS_12_EQUESTHACKING_U12,15967,5621,0,5621,10346,0.3520385795703639,True
3,2017/18,2017_data_125_activities.csv,670,MONTHS_12_EQUESTOTHER_U17,15967,0,0,0,15967,0.0,False
3,2017/18,2017_data_125_activities.csv,671,MONTHS_12_EQUESTSCHOOLING_U13,15967,5621,0,5621,10346,0.3520385795703639,True
3,2017/18,2017_data_125_activities.csv,672,MONTHS_12_EQUESTSHOWJUMP_U14,15967,5621,0,5621,10346,0.3520385795703639,True
3,2017/18,2017_data_125_activities.csv,673,MONTHS_12_EQUEST_L09,15967,0,0,0,15967,0.0,False
3,2017/18,2017_data_125_activities.csv,674,MONTHS_12_FELLRUNNING_L04,15967,0,0,0,15967,0.0,False
3,2017/18,2017_data_125_activities.csv,675,MONTHS_12_FENCING_J03,15967,0,0,0,15967,0.0,False
3,2017/18,2017_data_125_activities.csv,676,MONTHS_12_FOOTBALL11_Q01,15967,5621,0,5621,10346,0.3520385795703639,True
3,2017/18,2017_data_125_activities.csv,677,MONTHS_12_FOOTBALLOTHER_Q05,15967,5621,0,5621,10346,0.3520385795703639,True
3,2017/18,2017_data_125_activities.csv,678,MONTHS_12_FOOTBALLSMALL_Q02,15967,5621,0,5621,10346,0.3520385795703639,True
3,2017/18,2017_data_125_activities.csv,679,MONTHS_12_FOOTBALLWALK_Q04,15967,5621,0,5621,10346,0.3520385795703639,True
3,2017/18,2017_data_125_activities.csv,680,MONTHS_12_FOOTBALL_F01,15967,0,0,0,15967,0.0,False
3,2017/18,2017_data_125_activities.csv,681,MONTHS_12_FRISBEE_I03,15967,0,0,0,15967,0.0,False
3,2017/18,2017_data_125_activities.csv,682,MONTHS_12_FUTSAL_Q03,15967,5621,0,5621,10346,0.3520385795703639,True
3,2017/18,2017_data_125_activities.csv,683,MONTHS_12_GARDENTRAMP_L14,15967,0,0,0,15967,0.0,False
3,2017/18,2017_data_125_activities.csv,684,MONTHS_12_GARD_B08,15967,0,0,0,15967,0.0,False
3,2017/18,2017_data_125_activities.csv,685,MONTHS_12_GLIDING_H08,15967,0,0,0,15967,0.0,False
3,2017/18,2017_data_125_activities.csv,686,MONTHS_12_GOALBALL_F15,15967,0,0,0,15967,0.0,False
3,2017/18,2017_data_125_activities.csv,687,MONTHS_12_GOLFADV_U11,15967,5621,0,5621,10346,0.3520385795703639,True
3,2017/18,2017_data_125_activities.csv,688,MONTHS_12_GOLFFULL_U08,15967,5621,0,5621,10346,0.3520385795703639,True
3,2017/18,2017_data_125_activities.csv,689,MONTHS_12_GOLFSHORT_U09,15967,5621,0,5621,10346,0.3520385795703639,True
3,2017/18,2017_data_125_activities.csv,690,MONTHS_12_GOLF_L08,15967,0,0,0,15967,0.0,False
3,2017/18,2017_data_125_activities.csv,691,MONTHS_12_GYMNASTICSONLY_U24,15967,5621,0,5621,10346,0.3520385795703639,True
3,2017/18,2017_data_125_activities.csv,692,MONTHS_12_GYMNASTICS_L13,15967,0,0,0,15967,0.0,False
3,2017/18,2017_data_125_activities.csv,693,MONTHS_12_GYMTRAMPCHEER_C13,15967,0,0,0,15967,0.0,False
3,2017/18,2017_data_125_activities.csv,694,MONTHS_12_HANDBALL_F16,15967,0,0,0,15967,0.0,False
3,2017/18,2017_data_125_activities.csv,695,MONTHS_12_HIGHROPES_H14,15967,0,0,0,15967,0.0,False
3,2017/18,2017_data_125_activities.csv,696,MONTHS_12_HOCKEY_F09,15967,0,0,0,15967,0.0,False
3,2017/18,2017_data_125_activities.csv,698,MONTHS_12_ICEHOCKEY_K03,15967,0,0,0,15967,0.0,False
3,2017/18,2017_data_125_activities.csv,699,MONTHS_12_ICESKATING_I02,15967,0,0,0,15967,0.0,False
3,2017/18,2017_data_125_activities.csv,700,MONTHS_12_JUJITSU_S03,15967,5621,0,5621,10346,0.3520385795703639,True
3,2017/18,2017_data_125_activities.csv,701,MONTHS_12_KARATE_S02,15967,5621,0,5621,10346,0.3520385795703639,True
3,2017/18,2017_data_125_activities.csv,702,MONTHS_12_KARTING_U26,15967,5621,0,5621,10346,0.3520385795703639,True
3,2017/18,2017_data_125_activities.csv,703,MONTHS_12_LACROSSE_F14,15967,0,0,0,15967,0.0,False
3,2017/18,2017_data_125_activities.csv,704,MONTHS_12_LIFESAVING_H13,15967,0,0,0,15967,0.0,False
3,2017/18,2017_data_125_activities.csv,705,MONTHS_12_MARTIALCHINESE_S05,15967,5621,0,5621,10346,0.3520385795703639,True
3,2017/18,2017_data_125_activities.csv,706,MONTHS_12_MARTIALOTHER_S06,15967,5621,0,5621,10346,0.3520385795703639,True
3,2017/18,2017_data_125_activities.csv,707,MONTHS_12_MARTIAL_J07,15967,0,0,0,15967,0.0,False
3,2017/18,2017_data_125_activities.csv,708,MONTHS_12_MODPENT_L06,15967,0,0,0,15967,0.0,False
3,2017/18,2017_data_125_activities.csv,709,MONTHS_12_MOTORCARRACE_U28,15967,5621,0,5621,10346,0.3520385795703639,True
3,2017/18,2017_data_125_activities.csv,710,MONTHS_12_MOTORCYCRACE_U27,15967,5621,0,5621,10346,0.3520385795703639,True
3,2017/18,2017_data_125_activities.csv,711,MONTHS_12_MOTORSPORTS_L18,15967,0,0,0,15967,0.0,False
3,2017/18,2017_data_125_activities.csv,712,MONTHS_12_NETBALL_F06,15967,0,0,0,15967,0.0,False
3,2017/18,2017_data_125_activities.csv,713,MONTHS_12_ORIENTEERING_H04,15967,0,0,0,15967,0.0,False
3,2017/18,2017_data_125_activities.csv,714,MONTHS_12_PARKOUR_H05,15967,0,0,0,15967,0.0,False
3,2017/18,2017_data_125_activities.csv,715,MONTHS_12_POOL_I07,15967,0,0,0,15967,0.0,False
3,2017/18,2017_data_125_activities.csv,716,MONTHS_12_RIFLE_S09,15967,5621,0,5621,10346,0.3520385795703639,True
3,2017/18,2017_data_125_activities.csv,717,MONTHS_12_ROCKCLIMB_R01,15967,5621,0,5621,10346,0.3520385795703639,True
3,2017/18,2017_data_125_activities.csv,718,MONTHS_12_ROLLERSKATING_L16,15967,0,0,0,15967,0.0,False
3,2017/18,2017_data_125_activities.csv,719,MONTHS_12_ROUNDERS_F11,15967,0,0,0,15967,0.0,False
3,2017/18,2017_data_125_activities.csv,720,MONTHS_12_ROWINGWATER_R04,15967,0,0,0,15967,0.0,False
3,2017/18,2017_data_125_activities.csv,721,MONTHS_12_RUGBYLEAG13_Q17,15967,5621,0,5621,10346,0.3520385795703639,True
3,2017/18,2017_data_125_activities.csv,722,MONTHS_12_RUGBYLEAGTAG_Q19,15967,5621,0,5621,10346,0.3520385795703639,True
3,2017/18,2017_data_125_activities.csv,723,MONTHS_12_RUGBYLEAGTOUCH_Q18,15967,5621,0,5621,10346,0.3520385795703639,True
3,2017/18,2017_data_125_activities.csv,724,MONTHS_12_RUGBYLEAGUE_F04,15967,0,0,0,15967,0.0,False
3,2017/18,2017_data_125_activities.csv,725,MONTHS_12_RUGBYUN15_Q13,15967,5621,0,5621,10346,0.3520385795703639,True
3,2017/18,2017_data_125_activities.csv,726,MONTHS_12_RUGBYUN7_Q15,15967,5621,0,5621,10346,0.3520385795703639,True
3,2017/18,2017_data_125_activities.csv,727,MONTHS_12_RUGBYUNION_F03,15967,0,0,0,15967,0.0,False
3,2017/18,2017_data_125_activities.csv,728,MONTHS_12_RUGBYUNTAG_Q16,15967,5621,0,5621,10346,0.3520385795703639,True
3,2017/18,2017_data_125_activities.csv,729,MONTHS_12_RUGBYUNTOUCH_Q14,15967,5621,0,5621,10346,0.3520385795703639,True
3,2017/18,2017_data_125_activities.csv,730,MONTHS_12_RUNJOG_U07,15967,0,0,0,15967,0.0,False
3,2017/18,2017_data_125_activities.csv,731,MONTHS_12_SHOOTING_J08,15967,0,0,0,15967,0.0,False
3,2017/18,2017_data_125_activities.csv,732,MONTHS_12_SKATEBOARDING_L17,15967,0,0,0,15967,0.0,False
3,2017/18,2017_data_125_activities.csv,733,MONTHS_12_SKIING_T01,15967,5621,0,5621,10346,0.3520385795703639,True
3,2017/18,2017_data_125_activities.csv,734,MONTHS_12_SKITTLES_I09,15967,0,0,0,15967,0.0,False
3,2017/18,2017_data_125_activities.csv,735,MONTHS_12_SLEDDING_K02,15967,0,0,0,15967,0.0,False
3,2017/18,2017_data_125_activities.csv,736,MONTHS_12_SNOOKER_I06,15967,0,0,0,15967,0.0,False
3,2017/18,2017_data_125_activities.csv,737,MONTHS_12_SNOWBOARDING_T02,15967,5621,0,5621,10346,0.3520385795703639,True
3,2017/18,2017_data_125_activities.csv,738,MONTHS_12_SNOWSPORT_K01,15967,0,0,0,15967,0.0,False
3,2017/18,2017_data_125_activities.csv,739,MONTHS_12_TABLETENNIS_G03,15967,0,0,0,15967,0.0,False
3,2017/18,2017_data_125_activities.csv,740,MONTHS_12_TAEKWONDO_J05,15967,0,0,0,15967,0.0,False
3,2017/18,2017_data_125_activities.csv,741,MONTHS_12_TENNIS_G01,15967,0,0,0,15967,0.0,False
3,2017/18,2017_data_125_activities.csv,742,MONTHS_12_TENPIN_I04,15967,0,0,0,15967,0.0,False
3,2017/18,2017_data_125_activities.csv,743,MONTHS_12_TRACKANDFIELD_L02,15967,0,0,0,15967,0.0,False
3,2017/18,2017_data_125_activities.csv,744,MONTHS_12_TRAMPOLINING_U25,15967,5621,0,5621,10346,0.3520385795703639,True
3,2017/18,2017_data_125_activities.csv,745,MONTHS_12_TRIATHLON_L05,15967,0,0,0,15967,0.0,False
3,2017/18,2017_data_125_activities.csv,746,MONTHS_12_VOLLEYBALL_F10,15967,0,0,0,15967,0.0,False
3,2017/18,2017_data_125_activities.csv,747,MONTHS_12_WALKTRAV_B02,15967,0,0,0,15967,0.0,False
3,2017/18,2017_data_125_activities.csv,748,MONTHS_12_WATERPOLO_U06,15967,5621,0,5621,10346,0.3520385795703639,True
3,2017/18,2017_data_125_activities.csv,749,MONTHS_12_WATERSKIING_H10,15967,0,0,0,15967,0.0,False
3,2017/18,2017_data_125_activities.csv,750,MONTHS_12_WHEELCHBASKETBALL_F08,15967,0,0,0,15967,0.0,False
3,2017/18,2017_data_125_activities.csv,751,MONTHS_12_WHEELCHRUGBY_F05,15967,0,0,0,15967,0.0,False
3,2017/18,2017_data_125_activities.csv,752,MONTHS_12_WINTER_C10,15967,0,0,0,15967,0.0,False
3,2017/18,2017_data_125_activities.csv,753,MONTHS_12_WRESTLING_J09,15967,0,0,0,15967,0.0,False
4,2018/19,2018_data_125_activities.csv,1,LA_2023,15889,0,0,0,15889,0.0,False
4,2018/19,2018_data_125_activities.csv,3,LondInOut,15889,0,0,0,15889,0.0,False
4,2018/19,2018_data_125_activities.csv,5,Age9,15889,176,0,176,15713,0.01107684561646422,True
4,2018/19,2018_data_125_activities.csv,6,Disab3,15889,1101,0,1101,14788,0.06929322172572219,True
4,2018/19,2018_data_125_activities.csv,8,mode,15889,0,0,0,15889,0.0,False
4,2018/19,2018_data_125_activities.csv,11,month,15889,0,0,0,15889,0.0,False
4,2018/19,2018_data_125_activities.csv,13,MEMS7GR_ALL,15889,0,0,0,15889,0.0,False
4,2018/19,2018_data_125_activities.csv,39,wt_time,15889,191,0,191,15698,0.012020894958776512,True
4,2018/19,2018_data_125_activities.csv,42,wt_final,15889,0,0,0,15889,0.0,False
4,2018/19,2018_data_125_activities.csv,516,DAYS10P60GR_ABSEILING_H03,15889,0,0,0,15889,0.0,False
4,2018/19,2018_data_125_activities.csv,517,DAYS10P60GR_ACTTRAV_C03,15889,0,0,0,15889,0.0,False
4,2018/19,2018_data_125_activities.csv,518,DAYS10P60GR_AIKIDO_S04,15889,0,0,0,15889,0.0,False
4,2018/19,2018_data_125_activities.csv,519,DAYS10P60GR_AIRGUN_S08,15889,0,0,0,15889,0.0,False
4,2018/19,2018_data_125_activities.csv,520,DAYS10P60GR_ARCHERY_J01,15889,0,0,0,15889,0.0,False
4,2018/19,2018_data_125_activities.csv,521,DAYS10P60GR_BADMINTON_G02,15889,0,0,0,15889,0.0,False
4,2018/19,2018_data_125_activities.csv,522,DAYS10P60GR_BASESOFTBALL_F13,15889,0,0,0,15889,0.0,False
4,2018/19,2018_data_125_activities.csv,523,DAYS10P60GR_BASKETBALL_F07,15889,0,0,0,15889,0.0,False
4,2018/19,2018_data_125_activities.csv,524,DAYS10P60GR_BOCCIA_L11,15889,0,0,0,15889,0.0,False
4,2018/19,2018_data_125_activities.csv,525,DAYS10P60GR_BOULES_L12,15889,0,0,0,15889,0.0,False
4,2018/19,2018_data_125_activities.csv,526,DAYS10P60GR_BOWLSBOULES_C12,15889,0,0,0,15889,0.0,False
4,2018/19,2018_data_125_activities.csv,527,DAYS10P60GR_BOWLSCARPET_U18,15889,0,0,0,15889,0.0,False
4,2018/19,2018_data_125_activities.csv,528,DAYS10P60GR_BOWLSCROWNGREEN_U19,15889,0,0,0,15889,0.0,False
4,2018/19,2018_data_125_activities.csv,529,DAYS10P60GR_BOWLSFLATGREEN_U20,15889,0,0,0,15889,0.0,False
4,2018/19,2018_data_125_activities.csv,530,DAYS10P60GR_BOWLSSHORTMAT_U23,15889,0,0,0,15889,0.0,False
4,2018/19,2018_data_125_activities.csv,531,DAYS10P60GR_BOWLS_L10,15889,0,0,0,15889,0.0,False
4,2018/19,2018_data_125_activities.csv,532,DAYS10P60GR_BOXINGTRAD_S01,15889,0,0,0,15889,0.0,False
4,2018/19,2018_data_125_activities.csv,533,DAYS10P60GR_CAVING_H02,15889,0,0,0,15889,0.0,False
4,2018/19,2018_data_125_activities.csv,534,DAYS10P60GR_CHEERLEADING_L15,15889,0,0,0,15889,0.0,False
4,2018/19,2018_data_125_activities.csv,535,DAYS10P60GR_CLIMBWALL_R02,15889,0,0,0,15889,0.0,False
4,2018/19,2018_data_125_activities.csv,536,DAYS10P60GR_CRICKETLONG_Q06,15889,0,0,0,15889,0.0,False
4,2018/19,2018_data_125_activities.csv,537,DAYS10P60GR_CRICKETOTH_Q12,15889,0,0,0,15889,0.0,False
4,2018/19,2018_data_125_activities.csv,538,DAYS10P60GR_CRICKETSHORT_Q07,15889,0,0,0,15889,0.0,False
4,2018/19,2018_data_125_activities.csv,539,DAYS10P60GR_CROQUET_I05,15889,0,0,0,15889,0.0,False
4,2018/19,2018_data_125_activities.csv,540,DAYS10P60GR_CYCBMX_N03,15889,0,0,0,15889,0.0,False
4,2018/19,2018_data_125_activities.csv,541,DAYS10P60GR_CYCCROSS_N06,15889,0,0,0,15889,0.0,False
4,2018/19,2018_data_125_activities.csv,542,DAYS10P60GR_CYCLEISURE_N01,15889,0,0,0,15889,0.0,False
4,2018/19,2018_data_125_activities.csv,543,DAYS10P60GR_CYCMOUNTAIN_N02,15889,0,0,0,15889,0.0,False
4,2018/19,2018_data_125_activities.csv,544,DAYS10P60GR_CYCROAD_N04,15889,0,0,0,15889,0.0,False
4,2018/19,2018_data_125_activities.csv,545,DAYS10P60GR_CYCTRACK_N05,15889,0,0,0,15889,0.0,False
4,2018/19,2018_data_125_activities.csv,546,DAYS10P60GR_CYCTRAV_B04,15889,0,0,0,15889,0.0,False
4,2018/19,2018_data_125_activities.csv,547,DAYS10P60GR_CYC_OLD_M02,15889,0,0,0,15889,0.0,False
4,2018/19,2018_data_125_activities.csv,548,DAYS10P60GR_DANCEART_B05,15889,0,0,0,15889,0.0,False
4,2018/19,2018_data_125_activities.csv,549,DAYS10P60GR_DANCEOTHER_O01,15889,0,0,0,15889,0.0,False
4,2018/19,2018_data_125_activities.csv,550,DAYS10P60GR_DARTS_I08,15889,0,0,0,15889,0.0,False
4,2018/19,2018_data_125_activities.csv,551,DAYS10P60GR_DIVING_U05,15889,0,0,0,15889,0.0,False
4,2018/19,2018_data_125_activities.csv,552,DAYS10P60GR_DODGEBALL_F12,15889,0,0,0,15889,0.0,False
4,2018/19,2018_data_125_activities.csv,553,DAYS10P60GR_DRIVINGRANGE_U10,15889,0,0,0,15889,0.0,False
4,2018/19,2018_data_125_activities.csv,554,DAYS10P60GR_EQUESTDRESSAGE_U15,15889,0,0,0,15889,0.0,False
4,2018/19,2018_data_125_activities.csv,555,DAYS10P60GR_EQUESTEVENTING_U16,15889,0,0,0,15889,0.0,False
4,2018/19,2018_data_125_activities.csv,556,DAYS10P60GR_EQUESTHACKING_U12,15889,0,0,0,15889,0.0,False
4,2018/19,2018_data_125_activities.csv,557,DAYS10P60GR_EQUESTOTHER_U17,15889,0,0,0,15889,0.0,False
4,2018/19,2018_data_125_activities.csv,558,DAYS10P60GR_EQUESTSCHOOLING_U13,15889,0,0,0,15889,0.0,False
4,2018/19,2018_data_125_activities.csv,559,DAYS10P60GR_EQUESTSHOWJUMP_U14,15889,0,0,0,15889,0.0,False
4,2018/19,2018_data_125_activities.csv,560,DAYS10P60GR_EQUEST_L09,15889,0,0,0,15889,0.0,False
4,2018/19,2018_data_125_activities.csv,561,DAYS10P60GR_FELLRUNNING_L04,15889,0,0,0,15889,0.0,False
4,2018/19,2018_data_125_activities.csv,562,DAYS10P60GR_FENCING_J03,15889,0,0,0,15889,0.0,False
4,2018/19,2018_data_125_activities.csv,563,DAYS10P60GR_FOOTBALL11_Q01,15889,0,0,0,15889,0.0,False
4,2018/19,2018_data_125_activities.csv,564,DAYS10P60GR_FOOTBALLOTHER_Q05,15889,0,0,0,15889,0.0,False
4,2018/19,2018_data_125_activities.csv,565,DAYS10P60GR_FOOTBALLSMALL_Q02,15889,0,0,0,15889,0.0,False
4,2018/19,2018_data_125_activities.csv,566,DAYS10P60GR_FOOTBALLWALK_Q04,15889,0,0,0,15889,0.0,False
4,2018/19,2018_data_125_activities.csv,567,DAYS10P60GR_FOOTBALL_F01,15889,0,0,0,15889,0.0,False
4,2018/19,2018_data_125_activities.csv,568,DAYS10P60GR_FRISBEE_I03,15889,0,0,0,15889,0.0,False
4,2018/19,2018_data_125_activities.csv,569,DAYS10P60GR_FUTSAL_Q03,15889,0,0,0,15889,0.0,False
4,2018/19,2018_data_125_activities.csv,570,DAYS10P60GR_GARDENTRAMP_L14,15889,0,0,0,15889,0.0,False
4,2018/19,2018_data_125_activities.csv,571,DAYS10P60GR_GARD_B08,15889,0,0,0,15889,0.0,False
4,2018/19,2018_data_125_activities.csv,572,DAYS10P60GR_GLIDING_H08,15889,0,0,0,15889,0.0,False
4,2018/19,2018_data_125_activities.csv,573,DAYS10P60GR_GOALBALL_F15,15889,0,0,0,15889,0.0,False
4,2018/19,2018_data_125_activities.csv,574,DAYS10P60GR_GOLFADV_U11,15889,0,0,0,15889,0.0,False
4,2018/19,2018_data_125_activities.csv,575,DAYS10P60GR_GOLFFULL_U08,15889,0,0,0,15889,0.0,False
4,2018/19,2018_data_125_activities.csv,576,DAYS10P60GR_GOLFSHORT_U09,15889,0,0,0,15889,0.0,False
4,2018/19,2018_data_125_activities.csv,577,DAYS10P60GR_GOLF_L08,15889,0,0,0,15889,0.0,False
4,2018/19,2018_data_125_activities.csv,578,DAYS10P60GR_GYMNASTICSONLY_U24,15889,0,0,0,15889,0.0,False
4,2018/19,2018_data_125_activities.csv,579,DAYS10P60GR_GYMNASTICS_L13,15889,0,0,0,15889,0.0,False
4,2018/19,2018_data_125_activities.csv,580,DAYS10P60GR_GYMTRAMPCHEER_C13,15889,0,0,0,15889,0.0,False
4,2018/19,2018_data_125_activities.csv,581,DAYS10P60GR_HANDBALL_F16,15889,0,0,0,15889,0.0,False
4,2018/19,2018_data_125_activities.csv,582,DAYS10P60GR_HIGHROPES_H14,15889,0,0,0,15889,0.0,False
4,2018/19,2018_data_125_activities.csv,583,DAYS10P60GR_HOCKEY_F09,15889,0,0,0,15889,0.0,False
4,2018/19,2018_data_125_activities.csv,585,DAYS10P60GR_ICEHOCKEY_K03,15889,0,0,0,15889,0.0,False
4,2018/19,2018_data_125_activities.csv,586,DAYS10P60GR_ICESKATING_I02,15889,0,0,0,15889,0.0,False
4,2018/19,2018_data_125_activities.csv,587,DAYS10P60GR_JUJITSU_S03,15889,0,0,0,15889,0.0,False
4,2018/19,2018_data_125_activities.csv,588,DAYS10P60GR_KARATE_S02,15889,0,0,0,15889,0.0,False
4,2018/19,2018_data_125_activities.csv,589,DAYS10P60GR_KARTING_U26,15889,0,0,0,15889,0.0,False
4,2018/19,2018_data_125_activities.csv,590,DAYS10P60GR_LACROSSE_F14,15889,0,0,0,15889,0.0,False
4,2018/19,2018_data_125_activities.csv,591,DAYS10P60GR_LIFESAVING_H13,15889,0,0,0,15889,0.0,False
4,2018/19,2018_data_125_activities.csv,592,DAYS10P60GR_MARTIALCHINESE_S05,15889,0,0,0,15889,0.0,False
4,2018/19,2018_data_125_activities.csv,593,DAYS10P60GR_MARTIALOTHER_S06,15889,0,0,0,15889,0.0,False
4,2018/19,2018_data_125_activities.csv,594,DAYS10P60GR_MARTIAL_J07,15889,0,0,0,15889,0.0,False
4,2018/19,2018_data_125_activities.csv,595,DAYS10P60GR_MODPENT_L06,15889,0,0,0,15889,0.0,False
4,2018/19,2018_data_125_activities.csv,596,DAYS10P60GR_MOTORCARRACE_U28,15889,0,0,0,15889,0.0,False
4,2018/19,2018_data_125_activities.csv,597,DAYS10P60GR_MOTORCYCRACE_U27,15889,0,0,0,15889,0.0,False
4,2018/19,2018_data_125_activities.csv,598,DAYS10P60GR_MOTORSPORTS_L18,15889,0,0,0,15889,0.0,False
4,2018/19,2018_data_125_activities.csv,599,DAYS10P60GR_NETBALL_F06,15889,0,0,0,15889,0.0,False
4,2018/19,2018_data_125_activities.csv,600,DAYS10P60GR_ORIENTEERING_H04,15889,0,0,0,15889,0.0,False
4,2018/19,2018_data_125_activities.csv,601,DAYS10P60GR_PARKOUR_H05,15889,0,0,0,15889,0.0,False
4,2018/19,2018_data_125_activities.csv,602,DAYS10P60GR_POOL_I07,15889,0,0,0,15889,0.0,False
4,2018/19,2018_data_125_activities.csv,603,DAYS10P60GR_RIFLE_S09,15889,0,0,0,15889,0.0,False
4,2018/19,2018_data_125_activities.csv,604,DAYS10P60GR_ROCKCLIMB_R01,15889,0,0,0,15889,0.0,False
4,2018/19,2018_data_125_activities.csv,605,DAYS10P60GR_ROLLERSKATING_L16,15889,0,0,0,15889,0.0,False
4,2018/19,2018_data_125_activities.csv,606,DAYS10P60GR_ROUNDERS_F11,15889,0,0,0,15889,0.0,False
4,2018/19,2018_data_125_activities.csv,607,DAYS10P60GR_ROWINGWATER_R04,15889,0,0,0,15889,0.0,False
4,2018/19,2018_data_125_activities.csv,608,DAYS10P60GR_RUGBYLEAG13_Q17,15889,0,0,0,15889,0.0,False
4,2018/19,2018_data_125_activities.csv,609,DAYS10P60GR_RUGBYLEAGTAG_Q19,15889,0,0,0,15889,0.0,False
4,2018/19,2018_data_125_activities.csv,610,DAYS10P60GR_RUGBYLEAGTOUCH_Q18,15889,0,0,0,15889,0.0,False
4,2018/19,2018_data_125_activities.csv,611,DAYS10P60GR_RUGBYLEAGUE_F04,15889,0,0,0,15889,0.0,False
4,2018/19,2018_data_125_activities.csv,612,DAYS10P60GR_RUGBYUN15_Q13,15889,0,0,0,15889,0.0,False
4,2018/19,2018_data_125_activities.csv,613,DAYS10P60GR_RUGBYUN7_Q15,15889,0,0,0,15889,0.0,False
4,2018/19,2018_data_125_activities.csv,614,DAYS10P60GR_RUGBYUNION_F03,15889,0,0,0,15889,0.0,False
4,2018/19,2018_data_125_activities.csv,615,DAYS10P60GR_RUGBYUNTAG_Q16,15889,0,0,0,15889,0.0,False
4,2018/19,2018_data_125_activities.csv,616,DAYS10P60GR_RUGBYUNTOUCH_Q14,15889,0,0,0,15889,0.0,False
4,2018/19,2018_data_125_activities.csv,617,DAYS10P60GR_RUNJOG_U07,15889,0,0,0,15889,0.0,False
4,2018/19,2018_data_125_activities.csv,618,DAYS10P60GR_SHOOTING_J08,15889,0,0,0,15889,0.0,False
4,2018/19,2018_data_125_activities.csv,619,DAYS10P60GR_SKATEBOARDING_L17,15889,0,0,0,15889,0.0,False
4,2018/19,2018_data_125_activities.csv,620,DAYS10P60GR_SKIING_T01,15889,0,0,0,15889,0.0,False
4,2018/19,2018_data_125_activities.csv,621,DAYS10P60GR_SKITTLES_I09,15889,0,0,0,15889,0.0,False
4,2018/19,2018_data_125_activities.csv,622,DAYS10P60GR_SLEDDING_K02,15889,0,0,0,15889,0.0,False
4,2018/19,2018_data_125_activities.csv,623,DAYS10P60GR_SNOOKER_I06,15889,0,0,0,15889,0.0,False
4,2018/19,2018_data_125_activities.csv,624,DAYS10P60GR_SNOWBOARDING_T02,15889,0,0,0,15889,0.0,False
4,2018/19,2018_data_125_activities.csv,625,DAYS10P60GR_SNOWSPORT_K01,15889,0,0,0,15889,0.0,False
4,2018/19,2018_data_125_activities.csv,626,DAYS10P60GR_TABLETENNIS_G03,15889,0,0,0,15889,0.0,False
4,2018/19,2018_data_125_activities.csv,627,DAYS10P60GR_TAEKWONDO_J05,15889,0,0,0,15889,0.0,False
4,2018/19,2018_data_125_activities.csv,628,DAYS10P60GR_TENNIS_G01,15889,0,0,0,15889,0.0,False
4,2018/19,2018_data_125_activities.csv,629,DAYS10P60GR_TENPIN_I04,15889,0,0,0,15889,0.0,False
4,2018/19,2018_data_125_activities.csv,630,DAYS10P60GR_TRACKANDFIELD_L02,15889,0,0,0,15889,0.0,False
4,2018/19,2018_data_125_activities.csv,631,DAYS10P60GR_TRAMPOLINING_U25,15889,0,0,0,15889,0.0,False
4,2018/19,2018_data_125_activities.csv,632,DAYS10P60GR_TRIATHLON_L05,15889,0,0,0,15889,0.0,False
4,2018/19,2018_data_125_activities.csv,633,DAYS10P60GR_VOLLEYBALL_F10,15889,0,0,0,15889,0.0,False
4,2018/19,2018_data_125_activities.csv,634,DAYS10P60GR_WALKTRAV_B02,15889,0,0,0,15889,0.0,False
4,2018/19,2018_data_125_activities.csv,635,DAYS10P60GR_WATERPOLO_U06,15889,0,0,0,15889,0.0,False
4,2018/19,2018_data_125_activities.csv,636,DAYS10P60GR_WATERSKIING_H10,15889,0,0,0,15889,0.0,False
4,2018/19,2018_data_125_activities.csv,637,DAYS10P60GR_WHEELCHBASKETBALL_F08,15889,0,0,0,15889,0.0,False
4,2018/19,2018_data_125_activities.csv,638,DAYS10P60GR_WHEELCHRUGBY_F05,15889,0,0,0,15889,0.0,False
4,2018/19,2018_data_125_activities.csv,639,DAYS10P60GR_WINTER_C10,15889,0,0,0,15889,0.0,False
4,2018/19,2018_data_125_activities.csv,640,DAYS10P60GR_WRESTLING_J09,15889,0,0,0,15889,0.0,False
4,2018/19,2018_data_125_activities.csv,641,MONTHS_12_ABSEILING_H03,15889,0,0,0,15889,0.0,False
4,2018/19,2018_data_125_activities.csv,642,MONTHS_12_ACTTRAV_C03,15889,0,0,0,15889,0.0,False
4,2018/19,2018_data_125_activities.csv,643,MONTHS_12_AIKIDO_S04,15889,0,0,0,15889,0.0,False
4,2018/19,2018_data_125_activities.csv,644,MONTHS_12_AIRGUN_S08,15889,0,0,0,15889,0.0,False
4,2018/19,2018_data_125_activities.csv,645,MONTHS_12_ARCHERY_J01,15889,0,0,0,15889,0.0,False
4,2018/19,2018_data_125_activities.csv,646,MONTHS_12_BADMINTON_G02,15889,0,0,0,15889,0.0,False
4,2018/19,2018_data_125_activities.csv,647,MONTHS_12_BASESOFTBALL_F13,15889,0,0,0,15889,0.0,False
4,2018/19,2018_data_125_activities.csv,648,MONTHS_12_BASKETBALL_F07,15889,0,0,0,15889,0.0,False
4,2018/19,2018_data_125_activities.csv,649,MONTHS_12_BOCCIA_L11,15889,0,0,0,15889,0.0,False
4,2018/19,2018_data_125_activities.csv,650,MONTHS_12_BOULES_L12,15889,0,0,0,15889,0.0,False
4,2018/19,2018_data_125_activities.csv,651,MONTHS_12_BOWLSBOULES_C12,15889,0,0,0,15889,0.0,False
4,2018/19,2018_data_125_activities.csv,652,MONTHS_12_BOWLSCARPET_U18,15889,0,0,0,15889,0.0,False
4,2018/19,2018_data_125_activities.csv,653,MONTHS_12_BOWLSCROWNGREEN_U19,15889,0,0,0,15889,0.0,False
4,2018/19,2018_data_125_activities.csv,654,MONTHS_12_BOWLSFLATGREEN_U20,15889,0,0,0,15889,0.0,False
4,2018/19,2018_data_125_activities.csv,655,MONTHS_12_BOWLSSHORTMAT_U23,15889,0,0,0,15889,0.0,False
4,2018/19,2018_data_125_activities.csv,656,MONTHS_12_BOWLS_L10,15889,0,0,0,15889,0.0,False
4,2018/19,2018_data_125_activities.csv,657,MONTHS_12_BOXINGTRAD_S01,15889,0,0,0,15889,0.0,False
4,2018/19,2018_data_125_activities.csv,658,MONTHS_12_CAVING_H02,15889,0,0,0,15889,0.0,False
4,2018/19,2018_data_125_activities.csv,659,MONTHS_12_CHEERLEADING_L15,15889,0,0,0,15889,0.0,False
4,2018/19,2018_data_125_activities.csv,660,MONTHS_12_CLIMBWALL_R02,15889,0,0,0,15889,0.0,False
4,2018/19,2018_data_125_activities.csv,661,MONTHS_12_CRICKETLONG_Q06,15889,0,0,0,15889,0.0,False
4,2018/19,2018_data_125_activities.csv,662,MONTHS_12_CRICKETOTH_Q12,15889,0,0,0,15889,0.0,False
4,2018/19,2018_data_125_activities.csv,663,MONTHS_12_CRICKETSHORT_Q07,15889,0,0,0,15889,0.0,False
4,2018/19,2018_data_125_activities.csv,664,MONTHS_12_CROQUET_I05,15889,0,0,0,15889,0.0,False
4,2018/19,2018_data_125_activities.csv,665,MONTHS_12_CYCBMX_N03,15889,0,0,0,15889,0.0,False
4,2018/19,2018_data_125_activities.csv,666,MONTHS_12_CYCCROSS_N06,15889,0,0,0,15889,0.0,False
4,2018/19,2018_data_125_activities.csv,667,MONTHS_12_CYCLEISURE_N01,15889,0,0,0,15889,0.0,False
4,2018/19,2018_data_125_activities.csv,668,MONTHS_12_CYCMOUNTAIN_N02,15889,0,0,0,15889,0.0,False
4,2018/19,2018_data_125_activities.csv,669,MONTHS_12_CYCROAD_N04,15889,0,0,0,15889,0.0,False
4,2018/19,2018_data_125_activities.csv,670,MONTHS_12_CYCTRACK_N05,15889,0,0,0,15889,0.0,False
4,2018/19,2018_data_125_activities.csv,671,MONTHS_12_CYCTRAV_B04,15889,0,0,0,15889,0.0,False
4,2018/19,2018_data_125_activities.csv,672,MONTHS_12_CYC_OLD_M02,15889,0,0,0,15889,0.0,False
4,2018/19,2018_data_125_activities.csv,673,MONTHS_12_DANCEART_B05,15889,0,0,0,15889,0.0,False
4,2018/19,2018_data_125_activities.csv,674,MONTHS_12_DANCEOTHER_O01,15889,0,0,0,15889,0.0,False
4,2018/19,2018_data_125_activities.csv,675,MONTHS_12_DARTS_I08,15889,0,0,0,15889,0.0,False
4,2018/19,2018_data_125_activities.csv,676,MONTHS_12_DIVING_U05,15889,0,0,0,15889,0.0,False
4,2018/19,2018_data_125_activities.csv,677,MONTHS_12_DODGEBALL_F12,15889,0,0,0,15889,0.0,False
4,2018/19,2018_data_125_activities.csv,678,MONTHS_12_DRIVINGRANGE_U10,15889,0,0,0,15889,0.0,False
4,2018/19,2018_data_125_activities.csv,679,MONTHS_12_EQUESTDRESSAGE_U15,15889,0,0,0,15889,0.0,False
4,2018/19,2018_data_125_activities.csv,680,MONTHS_12_EQUESTEVENTING_U16,15889,0,0,0,15889,0.0,False
4,2018/19,2018_data_125_activities.csv,681,MONTHS_12_EQUESTHACKING_U12,15889,0,0,0,15889,0.0,False
4,2018/19,2018_data_125_activities.csv,682,MONTHS_12_EQUESTOTHER_U17,15889,0,0,0,15889,0.0,False
4,2018/19,2018_data_125_activities.csv,683,MONTHS_12_EQUESTSCHOOLING_U13,15889,0,0,0,15889,0.0,False
4,2018/19,2018_data_125_activities.csv,684,MONTHS_12_EQUESTSHOWJUMP_U14,15889,0,0,0,15889,0.0,False
4,2018/19,2018_data_125_activities.csv,685,MONTHS_12_EQUEST_L09,15889,0,0,0,15889,0.0,False
4,2018/19,2018_data_125_activities.csv,686,MONTHS_12_FELLRUNNING_L04,15889,0,0,0,15889,0.0,False
4,2018/19,2018_data_125_activities.csv,687,MONTHS_12_FENCING_J03,15889,0,0,0,15889,0.0,False
4,2018/19,2018_data_125_activities.csv,688,MONTHS_12_FOOTBALL11_Q01,15889,0,0,0,15889,0.0,False
4,2018/19,2018_data_125_activities.csv,689,MONTHS_12_FOOTBALLOTHER_Q05,15889,0,0,0,15889,0.0,False
4,2018/19,2018_data_125_activities.csv,690,MONTHS_12_FOOTBALLSMALL_Q02,15889,0,0,0,15889,0.0,False
4,2018/19,2018_data_125_activities.csv,691,MONTHS_12_FOOTBALLWALK_Q04,15889,0,0,0,15889,0.0,False
4,2018/19,2018_data_125_activities.csv,692,MONTHS_12_FOOTBALL_F01,15889,0,0,0,15889,0.0,False
4,2018/19,2018_data_125_activities.csv,693,MONTHS_12_FRISBEE_I03,15889,0,0,0,15889,0.0,False
4,2018/19,2018_data_125_activities.csv,694,MONTHS_12_FUTSAL_Q03,15889,0,0,0,15889,0.0,False
4,2018/19,2018_data_125_activities.csv,695,MONTHS_12_GARDENTRAMP_L14,15889,0,0,0,15889,0.0,False
4,2018/19,2018_data_125_activities.csv,696,MONTHS_12_GARD_B08,15889,0,0,0,15889,0.0,False
4,2018/19,2018_data_125_activities.csv,697,MONTHS_12_GLIDING_H08,15889,0,0,0,15889,0.0,False
4,2018/19,2018_data_125_activities.csv,698,MONTHS_12_GOALBALL_F15,15889,0,0,0,15889,0.0,False
4,2018/19,2018_data_125_activities.csv,699,MONTHS_12_GOLFADV_U11,15889,0,0,0,15889,0.0,False
4,2018/19,2018_data_125_activities.csv,700,MONTHS_12_GOLFFULL_U08,15889,0,0,0,15889,0.0,False
4,2018/19,2018_data_125_activities.csv,701,MONTHS_12_GOLFSHORT_U09,15889,0,0,0,15889,0.0,False
4,2018/19,2018_data_125_activities.csv,702,MONTHS_12_GOLF_L08,15889,0,0,0,15889,0.0,False
4,2018/19,2018_data_125_activities.csv,703,MONTHS_12_GYMNASTICSONLY_U24,15889,0,0,0,15889,0.0,False
4,2018/19,2018_data_125_activities.csv,704,MONTHS_12_GYMNASTICS_L13,15889,0,0,0,15889,0.0,False
4,2018/19,2018_data_125_activities.csv,705,MONTHS_12_GYMTRAMPCHEER_C13,15889,0,0,0,15889,0.0,False
4,2018/19,2018_data_125_activities.csv,706,MONTHS_12_HANDBALL_F16,15889,0,0,0,15889,0.0,False
4,2018/19,2018_data_125_activities.csv,707,MONTHS_12_HIGHROPES_H14,15889,0,0,0,15889,0.0,False
4,2018/19,2018_data_125_activities.csv,708,MONTHS_12_HOCKEY_F09,15889,0,0,0,15889,0.0,False
4,2018/19,2018_data_125_activities.csv,710,MONTHS_12_ICEHOCKEY_K03,15889,0,0,0,15889,0.0,False
4,2018/19,2018_data_125_activities.csv,711,MONTHS_12_ICESKATING_I02,15889,0,0,0,15889,0.0,False
4,2018/19,2018_data_125_activities.csv,712,MONTHS_12_JUJITSU_S03,15889,0,0,0,15889,0.0,False
4,2018/19,2018_data_125_activities.csv,713,MONTHS_12_KARATE_S02,15889,0,0,0,15889,0.0,False
4,2018/19,2018_data_125_activities.csv,714,MONTHS_12_KARTING_U26,15889,0,0,0,15889,0.0,False
4,2018/19,2018_data_125_activities.csv,715,MONTHS_12_LACROSSE_F14,15889,0,0,0,15889,0.0,False
4,2018/19,2018_data_125_activities.csv,716,MONTHS_12_LIFESAVING_H13,15889,0,0,0,15889,0.0,False
4,2018/19,2018_data_125_activities.csv,717,MONTHS_12_MARTIALCHINESE_S05,15889,0,0,0,15889,0.0,False
4,2018/19,2018_data_125_activities.csv,718,MONTHS_12_MARTIALOTHER_S06,15889,0,0,0,15889,0.0,False
4,2018/19,2018_data_125_activities.csv,719,MONTHS_12_MARTIAL_J07,15889,0,0,0,15889,0.0,False
4,2018/19,2018_data_125_activities.csv,720,MONTHS_12_MODPENT_L06,15889,0,0,0,15889,0.0,False
4,2018/19,2018_data_125_activities.csv,721,MONTHS_12_MOTORCARRACE_U28,15889,0,0,0,15889,0.0,False
4,2018/19,2018_data_125_activities.csv,722,MONTHS_12_MOTORCYCRACE_U27,15889,0,0,0,15889,0.0,False
4,2018/19,2018_data_125_activities.csv,723,MONTHS_12_MOTORSPORTS_L18,15889,0,0,0,15889,0.0,False
4,2018/19,2018_data_125_activities.csv,724,MONTHS_12_NETBALL_F06,15889,0,0,0,15889,0.0,False
4,2018/19,2018_data_125_activities.csv,725,MONTHS_12_ORIENTEERING_H04,15889,0,0,0,15889,0.0,False
4,2018/19,2018_data_125_activities.csv,726,MONTHS_12_PARKOUR_H05,15889,0,0,0,15889,0.0,False
4,2018/19,2018_data_125_activities.csv,727,MONTHS_12_POOL_I07,15889,0,0,0,15889,0.0,False
4,2018/19,2018_data_125_activities.csv,728,MONTHS_12_RIFLE_S09,15889,0,0,0,15889,0.0,False
4,2018/19,2018_data_125_activities.csv,729,MONTHS_12_ROCKCLIMB_R01,15889,0,0,0,15889,0.0,False
4,2018/19,2018_data_125_activities.csv,730,MONTHS_12_ROLLERSKATING_L16,15889,0,0,0,15889,0.0,False
4,2018/19,2018_data_125_activities.csv,731,MONTHS_12_ROUNDERS_F11,15889,0,0,0,15889,0.0,False
4,2018/19,2018_data_125_activities.csv,732,MONTHS_12_ROWINGWATER_R04,15889,0,0,0,15889,0.0,False
4,2018/19,2018_data_125_activities.csv,733,MONTHS_12_RUGBYLEAG13_Q17,15889,0,0,0,15889,0.0,False
4,2018/19,2018_data_125_activities.csv,734,MONTHS_12_RUGBYLEAGTAG_Q19,15889,0,0,0,15889,0.0,False
4,2018/19,2018_data_125_activities.csv,735,MONTHS_12_RUGBYLEAGTOUCH_Q18,15889,0,0,0,15889,0.0,False
4,2018/19,2018_data_125_activities.csv,736,MONTHS_12_RUGBYLEAGUE_F04,15889,0,0,0,15889,0.0,False
4,2018/19,2018_data_125_activities.csv,737,MONTHS_12_RUGBYUN15_Q13,15889,0,0,0,15889,0.0,False
4,2018/19,2018_data_125_activities.csv,738,MONTHS_12_RUGBYUN7_Q15,15889,0,0,0,15889,0.0,False
4,2018/19,2018_data_125_activities.csv,739,MONTHS_12_RUGBYUNION_F03,15889,0,0,0,15889,0.0,False
4,2018/19,2018_data_125_activities.csv,740,MONTHS_12_RUGBYUNTAG_Q16,15889,0,0,0,15889,0.0,False
4,2018/19,2018_data_125_activities.csv,741,MONTHS_12_RUGBYUNTOUCH_Q14,15889,0,0,0,15889,0.0,False
4,2018/19,2018_data_125_activities.csv,742,MONTHS_12_RUNJOG_U07,15889,0,0,0,15889,0.0,False
4,2018/19,2018_data_125_activities.csv,743,MONTHS_12_SHOOTING_J08,15889,0,0,0,15889,0.0,False
4,2018/19,2018_data_125_activities.csv,744,MONTHS_12_SKATEBOARDING_L17,15889,0,0,0,15889,0.0,False
4,2018/19,2018_data_125_activities.csv,745,MONTHS_12_SKIING_T01,15889,0,0,0,15889,0.0,False
4,2018/19,2018_data_125_activities.csv,746,MONTHS_12_SKITTLES_I09,15889,0,0,0,15889,0.0,False
4,2018/19,2018_data_125_activities.csv,747,MONTHS_12_SLEDDING_K02,15889,0,0,0,15889,0.0,False
4,2018/19,2018_data_125_activities.csv,748,MONTHS_12_SNOOKER_I06,15889,0,0,0,15889,0.0,False
4,2018/19,2018_data_125_activities.csv,749,MONTHS_12_SNOWBOARDING_T02,15889,0,0,0,15889,0.0,False
4,2018/19,2018_data_125_activities.csv,750,MONTHS_12_SNOWSPORT_K01,15889,0,0,0,15889,0.0,False
4,2018/19,2018_data_125_activities.csv,751,MONTHS_12_TABLETENNIS_G03,15889,0,0,0,15889,0.0,False
4,2018/19,2018_data_125_activities.csv,752,MONTHS_12_TAEKWONDO_J05,15889,0,0,0,15889,0.0,False
4,2018/19,2018_data_125_activities.csv,753,MONTHS_12_TENNIS_G01,15889,0,0,0,15889,0.0,False
4,2018/19,2018_data_125_activities.csv,754,MONTHS_12_TENPIN_I04,15889,0,0,0,15889,0.0,False
4,2018/19,2018_data_125_activities.csv,755,MONTHS_12_TRACKANDFIELD_L02,15889,0,0,0,15889,0.0,False
4,2018/19,2018_data_125_activities.csv,756,MONTHS_12_TRAMPOLINING_U25,15889,0,0,0,15889,0.0,False
4,2018/19,2018_data_125_activities.csv,757,MONTHS_12_TRIATHLON_L05,15889,0,0,0,15889,0.0,False
4,2018/19,2018_data_125_activities.csv,758,MONTHS_12_VOLLEYBALL_F10,15889,0,0,0,15889,0.0,False
4,2018/19,2018_data_125_activities.csv,759,MONTHS_12_WALKTRAV_B02,15889,0,0,0,15889,0.0,False
4,2018/19,2018_data_125_activities.csv,760,MONTHS_12_WATERPOLO_U06,15889,0,0,0,15889,0.0,False
4,2018/19,2018_data_125_activities.csv,761,MONTHS_12_WATERSKIING_H10,15889,0,0,0,15889,0.0,False
4,2018/19,2018_data_125_activities.csv,762,MONTHS_12_WHEELCHBASKETBALL_F08,15889,0,0,0,15889,0.0,False
4,2018/19,2018_data_125_activities.csv,763,MONTHS_12_WHEELCHRUGBY_F05,15889,0,0,0,15889,0.0,False
4,2018/19,2018_data_125_activities.csv,764,MONTHS_12_WINTER_C10,15889,0,0,0,15889,0.0,False
4,2018/19,2018_data_125_activities.csv,765,MONTHS_12_WRESTLING_J09,15889,0,0,0,15889,0.0,False
5,2019/20,1920_london32_stable125.csv,2,wt_final,16091,0,0,0,16091,0.0,False
5,2019/20,1920_london32_stable125.csv,9,wt_time,16091,89,0,89,16002,0.005531042197501709,True
5,2019/20,1920_london32_stable125.csv,11,mode,16091,0,0,0,16091,0.0,False
5,2019/20,1920_london32_stable125.csv,12,month,16091,0,0,0,16091,0.0,False
5,2019/20,1920_london32_stable125.csv,14,LondInOut,16091,0,0,0,16091,0.0,False
5,2019/20,1920_london32_stable125.csv,15,LA_2023,16091,0,0,0,16091,0.0,False
5,2019/20,1920_london32_stable125.csv,16,Age9,16091,163,0,163,15928,0.010129886271828972,True
5,2019/20,1920_london32_stable125.csv,17,Disab3,16091,1097,0,1097,14994,0.06817475607482444,True
5,2019/20,1920_london32_stable125.csv,32,MEMS7GR_ALL,16091,0,0,0,16091,0.0,False
5,2019/20,1920_london32_stable125.csv,43,DAYS10P60GR_ABSEILING_H03,16091,0,0,0,16091,0.0,False
5,2019/20,1920_london32_stable125.csv,44,DAYS10P60GR_ACTTRAV_C03,16091,0,0,0,16091,0.0,False
5,2019/20,1920_london32_stable125.csv,45,DAYS10P60GR_AIKIDO_S04,16091,0,0,0,16091,0.0,False
5,2019/20,1920_london32_stable125.csv,46,DAYS10P60GR_AIRGUN_S08,16091,0,0,0,16091,0.0,False
5,2019/20,1920_london32_stable125.csv,47,DAYS10P60GR_ARCHERY_J01,16091,0,0,0,16091,0.0,False
5,2019/20,1920_london32_stable125.csv,48,DAYS10P60GR_BADMINTON_G02,16091,0,0,0,16091,0.0,False
5,2019/20,1920_london32_stable125.csv,49,DAYS10P60GR_BASESOFTBALL_F13,16091,0,0,0,16091,0.0,False
5,2019/20,1920_london32_stable125.csv,50,DAYS10P60GR_BASKETBALL_F07,16091,0,0,0,16091,0.0,False
5,2019/20,1920_london32_stable125.csv,51,DAYS10P60GR_BOCCIA_L11,16091,0,0,0,16091,0.0,False
5,2019/20,1920_london32_stable125.csv,52,DAYS10P60GR_BOULES_L12,16091,0,0,0,16091,0.0,False
5,2019/20,1920_london32_stable125.csv,53,DAYS10P60GR_BOWLS_L10,16091,0,0,0,16091,0.0,False
5,2019/20,1920_london32_stable125.csv,54,DAYS10P60GR_BOWLSBOULES_C12,16091,0,0,0,16091,0.0,False
5,2019/20,1920_london32_stable125.csv,55,DAYS10P60GR_BOWLSCARPET_U18,16091,0,0,0,16091,0.0,False
5,2019/20,1920_london32_stable125.csv,56,DAYS10P60GR_BOWLSCROWNGREEN_U19,16091,0,0,0,16091,0.0,False
5,2019/20,1920_london32_stable125.csv,57,DAYS10P60GR_BOWLSFLATGREEN_U20,16091,0,0,0,16091,0.0,False
5,2019/20,1920_london32_stable125.csv,58,DAYS10P60GR_BOWLSSHORTMAT_U23,16091,0,0,0,16091,0.0,False
5,2019/20,1920_london32_stable125.csv,59,DAYS10P60GR_BOXINGTRAD_S01,16091,0,0,0,16091,0.0,False
5,2019/20,1920_london32_stable125.csv,60,DAYS10P60GR_CAVING_H02,16091,0,0,0,16091,0.0,False
5,2019/20,1920_london32_stable125.csv,61,DAYS10P60GR_CHEERLEADING_L15,16091,0,0,0,16091,0.0,False
5,2019/20,1920_london32_stable125.csv,62,DAYS10P60GR_CLIMBWALL_R02,16091,0,0,0,16091,0.0,False
5,2019/20,1920_london32_stable125.csv,63,DAYS10P60GR_CRICKETLONG_Q06,16091,0,0,0,16091,0.0,False
5,2019/20,1920_london32_stable125.csv,64,DAYS10P60GR_CRICKETOTH_Q12,16091,0,0,0,16091,0.0,False
5,2019/20,1920_london32_stable125.csv,65,DAYS10P60GR_CRICKETSHORT_Q07,16091,0,0,0,16091,0.0,False
5,2019/20,1920_london32_stable125.csv,66,DAYS10P60GR_CROQUET_I05,16091,0,0,0,16091,0.0,False
5,2019/20,1920_london32_stable125.csv,67,DAYS10P60GR_CYC_OLD_M02,16091,0,0,0,16091,0.0,False
5,2019/20,1920_london32_stable125.csv,68,DAYS10P60GR_CYCBMX_N03,16091,0,0,0,16091,0.0,False
5,2019/20,1920_london32_stable125.csv,69,DAYS10P60GR_CYCCROSS_N06,16091,0,0,0,16091,0.0,False
5,2019/20,1920_london32_stable125.csv,70,DAYS10P60GR_CYCLEISURE_N01,16091,0,0,0,16091,0.0,False
5,2019/20,1920_london32_stable125.csv,71,DAYS10P60GR_CYCMOUNTAIN_N02,16091,0,0,0,16091,0.0,False
5,2019/20,1920_london32_stable125.csv,72,DAYS10P60GR_CYCROAD_N04,16091,0,0,0,16091,0.0,False
5,2019/20,1920_london32_stable125.csv,73,DAYS10P60GR_CYCTRACK_N05,16091,0,0,0,16091,0.0,False
5,2019/20,1920_london32_stable125.csv,74,DAYS10P60GR_CYCTRAV_B04,16091,0,0,0,16091,0.0,False
5,2019/20,1920_london32_stable125.csv,75,DAYS10P60GR_DANCEART_B05,16091,0,0,0,16091,0.0,False
5,2019/20,1920_london32_stable125.csv,76,DAYS10P60GR_DANCEOTHER_O01,16091,0,0,0,16091,0.0,False
5,2019/20,1920_london32_stable125.csv,77,DAYS10P60GR_DARTS_I08,16091,0,0,0,16091,0.0,False
5,2019/20,1920_london32_stable125.csv,78,DAYS10P60GR_DIVING_U05,16091,0,0,0,16091,0.0,False
5,2019/20,1920_london32_stable125.csv,79,DAYS10P60GR_DODGEBALL_F12,16091,0,0,0,16091,0.0,False
5,2019/20,1920_london32_stable125.csv,80,DAYS10P60GR_DRIVINGRANGE_U10,16091,0,0,0,16091,0.0,False
5,2019/20,1920_london32_stable125.csv,81,DAYS10P60GR_EQUEST_L09,16091,0,0,0,16091,0.0,False
5,2019/20,1920_london32_stable125.csv,82,DAYS10P60GR_EQUESTDRESSAGE_U15,16091,0,0,0,16091,0.0,False
5,2019/20,1920_london32_stable125.csv,83,DAYS10P60GR_EQUESTEVENTING_U16,16091,0,0,0,16091,0.0,False
5,2019/20,1920_london32_stable125.csv,84,DAYS10P60GR_EQUESTHACKING_U12,16091,0,0,0,16091,0.0,False
5,2019/20,1920_london32_stable125.csv,85,DAYS10P60GR_EQUESTOTHER_U17,16091,0,0,0,16091,0.0,False
5,2019/20,1920_london32_stable125.csv,86,DAYS10P60GR_EQUESTSCHOOLING_U13,16091,0,0,0,16091,0.0,False
5,2019/20,1920_london32_stable125.csv,87,DAYS10P60GR_EQUESTSHOWJUMP_U14,16091,0,0,0,16091,0.0,False
5,2019/20,1920_london32_stable125.csv,88,DAYS10P60GR_FELLRUNNING_L04,16091,0,0,0,16091,0.0,False
5,2019/20,1920_london32_stable125.csv,89,DAYS10P60GR_FENCING_J03,16091,0,0,0,16091,0.0,False
5,2019/20,1920_london32_stable125.csv,90,DAYS10P60GR_FOOTBALL_F01,16091,0,0,0,16091,0.0,False
5,2019/20,1920_london32_stable125.csv,91,DAYS10P60GR_FOOTBALL11_Q01,16091,0,0,0,16091,0.0,False
5,2019/20,1920_london32_stable125.csv,92,DAYS10P60GR_FOOTBALLOTHER_Q05,16091,0,0,0,16091,0.0,False
5,2019/20,1920_london32_stable125.csv,93,DAYS10P60GR_FOOTBALLSMALL_Q02,16091,0,0,0,16091,0.0,False
5,2019/20,1920_london32_stable125.csv,94,DAYS10P60GR_FOOTBALLWALK_Q04,16091,0,0,0,16091,0.0,False
5,2019/20,1920_london32_stable125.csv,95,DAYS10P60GR_FRISBEE_I03,16091,0,0,0,16091,0.0,False
5,2019/20,1920_london32_stable125.csv,96,DAYS10P60GR_FUTSAL_Q03,16091,0,0,0,16091,0.0,False
5,2019/20,1920_london32_stable125.csv,97,DAYS10P60GR_GARD_B08,16091,0,0,0,16091,0.0,False
5,2019/20,1920_london32_stable125.csv,98,DAYS10P60GR_GARDENTRAMP_L14,16091,0,0,0,16091,0.0,False
5,2019/20,1920_london32_stable125.csv,99,DAYS10P60GR_GLIDING_H08,16091,0,0,0,16091,0.0,False
5,2019/20,1920_london32_stable125.csv,100,DAYS10P60GR_GOALBALL_F15,16091,0,0,0,16091,0.0,False
5,2019/20,1920_london32_stable125.csv,101,DAYS10P60GR_GOLF_L08,16091,0,0,0,16091,0.0,False
5,2019/20,1920_london32_stable125.csv,102,DAYS10P60GR_GOLFADV_U11,16091,0,0,0,16091,0.0,False
5,2019/20,1920_london32_stable125.csv,103,DAYS10P60GR_GOLFFULL_U08,16091,0,0,0,16091,0.0,False
5,2019/20,1920_london32_stable125.csv,104,DAYS10P60GR_GOLFSHORT_U09,16091,0,0,0,16091,0.0,False
5,2019/20,1920_london32_stable125.csv,105,DAYS10P60GR_GYMNASTICS_L13,16091,0,0,0,16091,0.0,False
5,2019/20,1920_london32_stable125.csv,106,DAYS10P60GR_GYMNASTICSONLY_U24,16091,0,0,0,16091,0.0,False
5,2019/20,1920_london32_stable125.csv,107,DAYS10P60GR_GYMTRAMPCHEER_C13,16091,0,0,0,16091,0.0,False
5,2019/20,1920_london32_stable125.csv,108,DAYS10P60GR_HANDBALL_F16,16091,0,0,0,16091,0.0,False
5,2019/20,1920_london32_stable125.csv,109,DAYS10P60GR_HIGHROPES_H14,16091,0,0,0,16091,0.0,False
5,2019/20,1920_london32_stable125.csv,110,DAYS10P60GR_HOCKEY_F09,16091,0,0,0,16091,0.0,False
5,2019/20,1920_london32_stable125.csv,112,DAYS10P60GR_ICEHOCKEY_K03,16091,0,0,0,16091,0.0,False
5,2019/20,1920_london32_stable125.csv,113,DAYS10P60GR_ICESKATING_I02,16091,0,0,0,16091,0.0,False
5,2019/20,1920_london32_stable125.csv,114,DAYS10P60GR_JUJITSU_S03,16091,0,0,0,16091,0.0,False
5,2019/20,1920_london32_stable125.csv,115,DAYS10P60GR_KARATE_S02,16091,0,0,0,16091,0.0,False
5,2019/20,1920_london32_stable125.csv,116,DAYS10P60GR_KARTING_U26,16091,0,0,0,16091,0.0,False
5,2019/20,1920_london32_stable125.csv,117,DAYS10P60GR_LACROSSE_F14,16091,0,0,0,16091,0.0,False
5,2019/20,1920_london32_stable125.csv,118,DAYS10P60GR_LIFESAVING_H13,16091,0,0,0,16091,0.0,False
5,2019/20,1920_london32_stable125.csv,119,DAYS10P60GR_MARTIAL_J07,16091,0,0,0,16091,0.0,False
5,2019/20,1920_london32_stable125.csv,120,DAYS10P60GR_MARTIALCHINESE_S05,16091,0,0,0,16091,0.0,False
5,2019/20,1920_london32_stable125.csv,121,DAYS10P60GR_MARTIALOTHER_S06,16091,0,0,0,16091,0.0,False
5,2019/20,1920_london32_stable125.csv,122,DAYS10P60GR_MODPENT_L06,16091,0,0,0,16091,0.0,False
5,2019/20,1920_london32_stable125.csv,123,DAYS10P60GR_MOTORCARRACE_U28,16091,0,0,0,16091,0.0,False
5,2019/20,1920_london32_stable125.csv,124,DAYS10P60GR_MOTORCYCRACE_U27,16091,0,0,0,16091,0.0,False
5,2019/20,1920_london32_stable125.csv,125,DAYS10P60GR_MOTORSPORTS_L18,16091,0,0,0,16091,0.0,False
5,2019/20,1920_london32_stable125.csv,126,DAYS10P60GR_NETBALL_F06,16091,0,0,0,16091,0.0,False
5,2019/20,1920_london32_stable125.csv,127,DAYS10P60GR_ORIENTEERING_H04,16091,0,0,0,16091,0.0,False
5,2019/20,1920_london32_stable125.csv,128,DAYS10P60GR_PARKOUR_H05,16091,0,0,0,16091,0.0,False
5,2019/20,1920_london32_stable125.csv,129,DAYS10P60GR_POOL_I07,16091,0,0,0,16091,0.0,False
5,2019/20,1920_london32_stable125.csv,130,DAYS10P60GR_RIFLE_S09,16091,0,0,0,16091,0.0,False
5,2019/20,1920_london32_stable125.csv,131,DAYS10P60GR_ROCKCLIMB_R01,16091,0,0,0,16091,0.0,False
5,2019/20,1920_london32_stable125.csv,132,DAYS10P60GR_ROLLERSKATING_L16,16091,0,0,0,16091,0.0,False
5,2019/20,1920_london32_stable125.csv,133,DAYS10P60GR_ROUNDERS_F11,16091,0,0,0,16091,0.0,False
5,2019/20,1920_london32_stable125.csv,134,DAYS10P60GR_ROWINGWATER_R04,16091,0,0,0,16091,0.0,False
5,2019/20,1920_london32_stable125.csv,135,DAYS10P60GR_RUGBYLEAG13_Q17,16091,0,0,0,16091,0.0,False
5,2019/20,1920_london32_stable125.csv,136,DAYS10P60GR_RUGBYLEAGTAG_Q19,16091,0,0,0,16091,0.0,False
5,2019/20,1920_london32_stable125.csv,137,DAYS10P60GR_RUGBYLEAGTOUCH_Q18,16091,0,0,0,16091,0.0,False
5,2019/20,1920_london32_stable125.csv,138,DAYS10P60GR_RUGBYLEAGUE_F04,16091,0,0,0,16091,0.0,False
5,2019/20,1920_london32_stable125.csv,139,DAYS10P60GR_RUGBYUN15_Q13,16091,0,0,0,16091,0.0,False
5,2019/20,1920_london32_stable125.csv,140,DAYS10P60GR_RUGBYUN7_Q15,16091,0,0,0,16091,0.0,False
5,2019/20,1920_london32_stable125.csv,141,DAYS10P60GR_RUGBYUNION_F03,16091,0,0,0,16091,0.0,False
5,2019/20,1920_london32_stable125.csv,142,DAYS10P60GR_RUGBYUNTAG_Q16,16091,0,0,0,16091,0.0,False
5,2019/20,1920_london32_stable125.csv,143,DAYS10P60GR_RUGBYUNTOUCH_Q14,16091,0,0,0,16091,0.0,False
5,2019/20,1920_london32_stable125.csv,144,DAYS10P60GR_RUNJOG_U07,16091,0,0,0,16091,0.0,False
5,2019/20,1920_london32_stable125.csv,145,DAYS10P60GR_SHOOTING_J08,16091,0,0,0,16091,0.0,False
5,2019/20,1920_london32_stable125.csv,146,DAYS10P60GR_SKATEBOARDING_L17,16091,0,0,0,16091,0.0,False
5,2019/20,1920_london32_stable125.csv,147,DAYS10P60GR_SKIING_T01,16091,0,0,0,16091,0.0,False
5,2019/20,1920_london32_stable125.csv,148,DAYS10P60GR_SKITTLES_I09,16091,0,0,0,16091,0.0,False
5,2019/20,1920_london32_stable125.csv,149,DAYS10P60GR_SLEDDING_K02,16091,0,0,0,16091,0.0,False
5,2019/20,1920_london32_stable125.csv,150,DAYS10P60GR_SNOOKER_I06,16091,0,0,0,16091,0.0,False
5,2019/20,1920_london32_stable125.csv,151,DAYS10P60GR_SNOWBOARDING_T02,16091,0,0,0,16091,0.0,False
5,2019/20,1920_london32_stable125.csv,152,DAYS10P60GR_SNOWSPORT_K01,16091,0,0,0,16091,0.0,False
5,2019/20,1920_london32_stable125.csv,153,DAYS10P60GR_TABLETENNIS_G03,16091,0,0,0,16091,0.0,False
5,2019/20,1920_london32_stable125.csv,154,DAYS10P60GR_TAEKWONDO_J05,16091,0,0,0,16091,0.0,False
5,2019/20,1920_london32_stable125.csv,155,DAYS10P60GR_TENNIS_G01,16091,0,0,0,16091,0.0,False
5,2019/20,1920_london32_stable125.csv,156,DAYS10P60GR_TENPIN_I04,16091,0,0,0,16091,0.0,False
5,2019/20,1920_london32_stable125.csv,157,DAYS10P60GR_TRACKANDFIELD_L02,16091,0,0,0,16091,0.0,False
5,2019/20,1920_london32_stable125.csv,158,DAYS10P60GR_TRAMPOLINING_U25,16091,0,0,0,16091,0.0,False
5,2019/20,1920_london32_stable125.csv,159,DAYS10P60GR_TRIATHLON_L05,16091,0,0,0,16091,0.0,False
5,2019/20,1920_london32_stable125.csv,160,DAYS10P60GR_VOLLEYBALL_F10,16091,0,0,0,16091,0.0,False
5,2019/20,1920_london32_stable125.csv,161,DAYS10P60GR_WALKTRAV_B02,16091,0,0,0,16091,0.0,False
5,2019/20,1920_london32_stable125.csv,162,DAYS10P60GR_WATERPOLO_U06,16091,0,0,0,16091,0.0,False
5,2019/20,1920_london32_stable125.csv,163,DAYS10P60GR_WATERSKIING_H10,16091,0,0,0,16091,0.0,False
5,2019/20,1920_london32_stable125.csv,164,DAYS10P60GR_WHEELCHBASKETBALL_F08,16091,0,0,0,16091,0.0,False
5,2019/20,1920_london32_stable125.csv,165,DAYS10P60GR_WHEELCHRUGBY_F05,16091,0,0,0,16091,0.0,False
5,2019/20,1920_london32_stable125.csv,166,DAYS10P60GR_WINTER_C10,16091,0,0,0,16091,0.0,False
5,2019/20,1920_london32_stable125.csv,167,DAYS10P60GR_WRESTLING_J09,16091,0,0,0,16091,0.0,False
5,2019/20,1920_london32_stable125.csv,168,MONTHS_12_ABSEILING_H03,16091,0,0,0,16091,0.0,False
5,2019/20,1920_london32_stable125.csv,169,MONTHS_12_ACTTRAV_C03,16091,0,0,0,16091,0.0,False
5,2019/20,1920_london32_stable125.csv,170,MONTHS_12_AIKIDO_S04,16091,0,0,0,16091,0.0,False
5,2019/20,1920_london32_stable125.csv,171,MONTHS_12_AIRGUN_S08,16091,0,0,0,16091,0.0,False
5,2019/20,1920_london32_stable125.csv,172,MONTHS_12_ARCHERY_J01,16091,0,0,0,16091,0.0,False
5,2019/20,1920_london32_stable125.csv,173,MONTHS_12_BADMINTON_G02,16091,0,0,0,16091,0.0,False
5,2019/20,1920_london32_stable125.csv,174,MONTHS_12_BASESOFTBALL_F13,16091,0,0,0,16091,0.0,False
5,2019/20,1920_london32_stable125.csv,175,MONTHS_12_BASKETBALL_F07,16091,0,0,0,16091,0.0,False
5,2019/20,1920_london32_stable125.csv,176,MONTHS_12_BOCCIA_L11,16091,0,0,0,16091,0.0,False
5,2019/20,1920_london32_stable125.csv,177,MONTHS_12_BOULES_L12,16091,0,0,0,16091,0.0,False
5,2019/20,1920_london32_stable125.csv,178,MONTHS_12_BOWLS_L10,16091,0,0,0,16091,0.0,False
5,2019/20,1920_london32_stable125.csv,179,MONTHS_12_BOWLSBOULES_C12,16091,0,0,0,16091,0.0,False
5,2019/20,1920_london32_stable125.csv,180,MONTHS_12_BOWLSCARPET_U18,16091,0,0,0,16091,0.0,False
5,2019/20,1920_london32_stable125.csv,181,MONTHS_12_BOWLSCROWNGREEN_U19,16091,0,0,0,16091,0.0,False
5,2019/20,1920_london32_stable125.csv,182,MONTHS_12_BOWLSFLATGREEN_U20,16091,0,0,0,16091,0.0,False
5,2019/20,1920_london32_stable125.csv,183,MONTHS_12_BOWLSSHORTMAT_U23,16091,0,0,0,16091,0.0,False
5,2019/20,1920_london32_stable125.csv,184,MONTHS_12_BOXINGTRAD_S01,16091,0,0,0,16091,0.0,False
5,2019/20,1920_london32_stable125.csv,185,MONTHS_12_CAVING_H02,16091,0,0,0,16091,0.0,False
5,2019/20,1920_london32_stable125.csv,186,MONTHS_12_CHEERLEADING_L15,16091,0,0,0,16091,0.0,False
5,2019/20,1920_london32_stable125.csv,187,MONTHS_12_CLIMBWALL_R02,16091,0,0,0,16091,0.0,False
5,2019/20,1920_london32_stable125.csv,188,MONTHS_12_CRICKETLONG_Q06,16091,0,0,0,16091,0.0,False
5,2019/20,1920_london32_stable125.csv,189,MONTHS_12_CRICKETOTH_Q12,16091,0,0,0,16091,0.0,False
5,2019/20,1920_london32_stable125.csv,190,MONTHS_12_CRICKETSHORT_Q07,16091,0,0,0,16091,0.0,False
5,2019/20,1920_london32_stable125.csv,191,MONTHS_12_CROQUET_I05,16091,0,0,0,16091,0.0,False
5,2019/20,1920_london32_stable125.csv,192,MONTHS_12_CYC_OLD_M02,16091,0,0,0,16091,0.0,False
5,2019/20,1920_london32_stable125.csv,193,MONTHS_12_CYCBMX_N03,16091,0,0,0,16091,0.0,False
5,2019/20,1920_london32_stable125.csv,194,MONTHS_12_CYCCROSS_N06,16091,0,0,0,16091,0.0,False
5,2019/20,1920_london32_stable125.csv,195,MONTHS_12_CYCLEISURE_N01,16091,0,0,0,16091,0.0,False
5,2019/20,1920_london32_stable125.csv,196,MONTHS_12_CYCMOUNTAIN_N02,16091,0,0,0,16091,0.0,False
5,2019/20,1920_london32_stable125.csv,197,MONTHS_12_CYCROAD_N04,16091,0,0,0,16091,0.0,False
5,2019/20,1920_london32_stable125.csv,198,MONTHS_12_CYCTRACK_N05,16091,0,0,0,16091,0.0,False
5,2019/20,1920_london32_stable125.csv,199,MONTHS_12_CYCTRAV_B04,16091,0,0,0,16091,0.0,False
5,2019/20,1920_london32_stable125.csv,200,MONTHS_12_DANCEART_B05,16091,0,0,0,16091,0.0,False
5,2019/20,1920_london32_stable125.csv,201,MONTHS_12_DANCEOTHER_O01,16091,0,0,0,16091,0.0,False
5,2019/20,1920_london32_stable125.csv,202,MONTHS_12_DARTS_I08,16091,0,0,0,16091,0.0,False
5,2019/20,1920_london32_stable125.csv,203,MONTHS_12_DIVING_U05,16091,0,0,0,16091,0.0,False
5,2019/20,1920_london32_stable125.csv,204,MONTHS_12_DODGEBALL_F12,16091,0,0,0,16091,0.0,False
5,2019/20,1920_london32_stable125.csv,205,MONTHS_12_DRIVINGRANGE_U10,16091,0,0,0,16091,0.0,False
5,2019/20,1920_london32_stable125.csv,206,MONTHS_12_EQUEST_L09,16091,0,0,0,16091,0.0,False
5,2019/20,1920_london32_stable125.csv,207,MONTHS_12_EQUESTDRESSAGE_U15,16091,0,0,0,16091,0.0,False
5,2019/20,1920_london32_stable125.csv,208,MONTHS_12_EQUESTEVENTING_U16,16091,0,0,0,16091,0.0,False
5,2019/20,1920_london32_stable125.csv,209,MONTHS_12_EQUESTHACKING_U12,16091,0,0,0,16091,0.0,False
5,2019/20,1920_london32_stable125.csv,210,MONTHS_12_EQUESTOTHER_U17,16091,0,0,0,16091,0.0,False
5,2019/20,1920_london32_stable125.csv,211,MONTHS_12_EQUESTSCHOOLING_U13,16091,0,0,0,16091,0.0,False
5,2019/20,1920_london32_stable125.csv,212,MONTHS_12_EQUESTSHOWJUMP_U14,16091,0,0,0,16091,0.0,False
5,2019/20,1920_london32_stable125.csv,213,MONTHS_12_FELLRUNNING_L04,16091,0,0,0,16091,0.0,False
5,2019/20,1920_london32_stable125.csv,214,MONTHS_12_FENCING_J03,16091,0,0,0,16091,0.0,False
5,2019/20,1920_london32_stable125.csv,215,MONTHS_12_FOOTBALL_F01,16091,0,0,0,16091,0.0,False
5,2019/20,1920_london32_stable125.csv,216,MONTHS_12_FOOTBALL11_Q01,16091,0,0,0,16091,0.0,False
5,2019/20,1920_london32_stable125.csv,217,MONTHS_12_FOOTBALLOTHER_Q05,16091,0,0,0,16091,0.0,False
5,2019/20,1920_london32_stable125.csv,218,MONTHS_12_FOOTBALLSMALL_Q02,16091,0,0,0,16091,0.0,False
5,2019/20,1920_london32_stable125.csv,219,MONTHS_12_FOOTBALLWALK_Q04,16091,0,0,0,16091,0.0,False
5,2019/20,1920_london32_stable125.csv,220,MONTHS_12_FRISBEE_I03,16091,0,0,0,16091,0.0,False
5,2019/20,1920_london32_stable125.csv,221,MONTHS_12_FUTSAL_Q03,16091,0,0,0,16091,0.0,False
5,2019/20,1920_london32_stable125.csv,222,MONTHS_12_GARD_B08,16091,0,0,0,16091,0.0,False
5,2019/20,1920_london32_stable125.csv,223,MONTHS_12_GARDENTRAMP_L14,16091,0,0,0,16091,0.0,False
5,2019/20,1920_london32_stable125.csv,224,MONTHS_12_GLIDING_H08,16091,0,0,0,16091,0.0,False
5,2019/20,1920_london32_stable125.csv,225,MONTHS_12_GOALBALL_F15,16091,0,0,0,16091,0.0,False
5,2019/20,1920_london32_stable125.csv,226,MONTHS_12_GOLF_L08,16091,0,0,0,16091,0.0,False
5,2019/20,1920_london32_stable125.csv,227,MONTHS_12_GOLFADV_U11,16091,0,0,0,16091,0.0,False
5,2019/20,1920_london32_stable125.csv,228,MONTHS_12_GOLFFULL_U08,16091,0,0,0,16091,0.0,False
5,2019/20,1920_london32_stable125.csv,229,MONTHS_12_GOLFSHORT_U09,16091,0,0,0,16091,0.0,False
5,2019/20,1920_london32_stable125.csv,230,MONTHS_12_GYMNASTICS_L13,16091,0,0,0,16091,0.0,False
5,2019/20,1920_london32_stable125.csv,231,MONTHS_12_GYMNASTICSONLY_U24,16091,0,0,0,16091,0.0,False
5,2019/20,1920_london32_stable125.csv,232,MONTHS_12_GYMTRAMPCHEER_C13,16091,0,0,0,16091,0.0,False
5,2019/20,1920_london32_stable125.csv,233,MONTHS_12_HANDBALL_F16,16091,0,0,0,16091,0.0,False
5,2019/20,1920_london32_stable125.csv,234,MONTHS_12_HIGHROPES_H14,16091,0,0,0,16091,0.0,False
5,2019/20,1920_london32_stable125.csv,235,MONTHS_12_HOCKEY_F09,16091,0,0,0,16091,0.0,False
5,2019/20,1920_london32_stable125.csv,237,MONTHS_12_ICEHOCKEY_K03,16091,0,0,0,16091,0.0,False
5,2019/20,1920_london32_stable125.csv,238,MONTHS_12_ICESKATING_I02,16091,0,0,0,16091,0.0,False
5,2019/20,1920_london32_stable125.csv,239,MONTHS_12_JUJITSU_S03,16091,0,0,0,16091,0.0,False
5,2019/20,1920_london32_stable125.csv,240,MONTHS_12_KARATE_S02,16091,0,0,0,16091,0.0,False
5,2019/20,1920_london32_stable125.csv,241,MONTHS_12_KARTING_U26,16091,0,0,0,16091,0.0,False
5,2019/20,1920_london32_stable125.csv,242,MONTHS_12_LACROSSE_F14,16091,0,0,0,16091,0.0,False
5,2019/20,1920_london32_stable125.csv,243,MONTHS_12_LIFESAVING_H13,16091,0,0,0,16091,0.0,False
5,2019/20,1920_london32_stable125.csv,244,MONTHS_12_MARTIAL_J07,16091,0,0,0,16091,0.0,False
5,2019/20,1920_london32_stable125.csv,245,MONTHS_12_MARTIALCHINESE_S05,16091,0,0,0,16091,0.0,False
5,2019/20,1920_london32_stable125.csv,246,MONTHS_12_MARTIALOTHER_S06,16091,0,0,0,16091,0.0,False
5,2019/20,1920_london32_stable125.csv,247,MONTHS_12_MODPENT_L06,16091,0,0,0,16091,0.0,False
5,2019/20,1920_london32_stable125.csv,248,MONTHS_12_MOTORCARRACE_U28,16091,0,0,0,16091,0.0,False
5,2019/20,1920_london32_stable125.csv,249,MONTHS_12_MOTORCYCRACE_U27,16091,0,0,0,16091,0.0,False
5,2019/20,1920_london32_stable125.csv,250,MONTHS_12_MOTORSPORTS_L18,16091,0,0,0,16091,0.0,False
5,2019/20,1920_london32_stable125.csv,251,MONTHS_12_NETBALL_F06,16091,0,0,0,16091,0.0,False
5,2019/20,1920_london32_stable125.csv,252,MONTHS_12_ORIENTEERING_H04,16091,0,0,0,16091,0.0,False
5,2019/20,1920_london32_stable125.csv,253,MONTHS_12_PARKOUR_H05,16091,0,0,0,16091,0.0,False
5,2019/20,1920_london32_stable125.csv,254,MONTHS_12_POOL_I07,16091,0,0,0,16091,0.0,False
5,2019/20,1920_london32_stable125.csv,255,MONTHS_12_RIFLE_S09,16091,0,0,0,16091,0.0,False
5,2019/20,1920_london32_stable125.csv,256,MONTHS_12_ROCKCLIMB_R01,16091,0,0,0,16091,0.0,False
5,2019/20,1920_london32_stable125.csv,257,MONTHS_12_ROLLERSKATING_L16,16091,0,0,0,16091,0.0,False
5,2019/20,1920_london32_stable125.csv,258,MONTHS_12_ROUNDERS_F11,16091,0,0,0,16091,0.0,False
5,2019/20,1920_london32_stable125.csv,259,MONTHS_12_ROWINGWATER_R04,16091,0,0,0,16091,0.0,False
5,2019/20,1920_london32_stable125.csv,260,MONTHS_12_RUGBYLEAG13_Q17,16091,0,0,0,16091,0.0,False
5,2019/20,1920_london32_stable125.csv,261,MONTHS_12_RUGBYLEAGTAG_Q19,16091,0,0,0,16091,0.0,False
5,2019/20,1920_london32_stable125.csv,262,MONTHS_12_RUGBYLEAGTOUCH_Q18,16091,0,0,0,16091,0.0,False
5,2019/20,1920_london32_stable125.csv,263,MONTHS_12_RUGBYLEAGUE_F04,16091,0,0,0,16091,0.0,False
5,2019/20,1920_london32_stable125.csv,264,MONTHS_12_RUGBYUN15_Q13,16091,0,0,0,16091,0.0,False
5,2019/20,1920_london32_stable125.csv,265,MONTHS_12_RUGBYUN7_Q15,16091,0,0,0,16091,0.0,False
5,2019/20,1920_london32_stable125.csv,266,MONTHS_12_RUGBYUNION_F03,16091,0,0,0,16091,0.0,False
5,2019/20,1920_london32_stable125.csv,267,MONTHS_12_RUGBYUNTAG_Q16,16091,0,0,0,16091,0.0,False
5,2019/20,1920_london32_stable125.csv,268,MONTHS_12_RUGBYUNTOUCH_Q14,16091,0,0,0,16091,0.0,False
5,2019/20,1920_london32_stable125.csv,269,MONTHS_12_RUNJOG_U07,16091,0,0,0,16091,0.0,False
5,2019/20,1920_london32_stable125.csv,270,MONTHS_12_SHOOTING_J08,16091,0,0,0,16091,0.0,False
5,2019/20,1920_london32_stable125.csv,271,MONTHS_12_SKATEBOARDING_L17,16091,0,0,0,16091,0.0,False
5,2019/20,1920_london32_stable125.csv,272,MONTHS_12_SKIING_T01,16091,0,0,0,16091,0.0,False
5,2019/20,1920_london32_stable125.csv,273,MONTHS_12_SKITTLES_I09,16091,0,0,0,16091,0.0,False
5,2019/20,1920_london32_stable125.csv,274,MONTHS_12_SLEDDING_K02,16091,0,0,0,16091,0.0,False
5,2019/20,1920_london32_stable125.csv,275,MONTHS_12_SNOOKER_I06,16091,0,0,0,16091,0.0,False
5,2019/20,1920_london32_stable125.csv,276,MONTHS_12_SNOWBOARDING_T02,16091,0,0,0,16091,0.0,False
5,2019/20,1920_london32_stable125.csv,277,MONTHS_12_SNOWSPORT_K01,16091,0,0,0,16091,0.0,False
5,2019/20,1920_london32_stable125.csv,278,MONTHS_12_TABLETENNIS_G03,16091,0,0,0,16091,0.0,False
5,2019/20,1920_london32_stable125.csv,279,MONTHS_12_TAEKWONDO_J05,16091,0,0,0,16091,0.0,False
5,2019/20,1920_london32_stable125.csv,280,MONTHS_12_TENNIS_G01,16091,0,0,0,16091,0.0,False
5,2019/20,1920_london32_stable125.csv,281,MONTHS_12_TENPIN_I04,16091,0,0,0,16091,0.0,False
5,2019/20,1920_london32_stable125.csv,282,MONTHS_12_TRACKANDFIELD_L02,16091,0,0,0,16091,0.0,False
5,2019/20,1920_london32_stable125.csv,283,MONTHS_12_TRAMPOLINING_U25,16091,0,0,0,16091,0.0,False
5,2019/20,1920_london32_stable125.csv,284,MONTHS_12_TRIATHLON_L05,16091,0,0,0,16091,0.0,False
5,2019/20,1920_london32_stable125.csv,285,MONTHS_12_VOLLEYBALL_F10,16091,0,0,0,16091,0.0,False
5,2019/20,1920_london32_stable125.csv,286,MONTHS_12_WALKTRAV_B02,16091,0,0,0,16091,0.0,False
5,2019/20,1920_london32_stable125.csv,287,MONTHS_12_WATERPOLO_U06,16091,0,0,0,16091,0.0,False
5,2019/20,1920_london32_stable125.csv,288,MONTHS_12_WATERSKIING_H10,16091,0,0,0,16091,0.0,False
5,2019/20,1920_london32_stable125.csv,289,MONTHS_12_WHEELCHBASKETBALL_F08,16091,0,0,0,16091,0.0,False
5,2019/20,1920_london32_stable125.csv,290,MONTHS_12_WHEELCHRUGBY_F05,16091,0,0,0,16091,0.0,False
5,2019/20,1920_london32_stable125.csv,291,MONTHS_12_WINTER_C10,16091,0,0,0,16091,0.0,False
5,2019/20,1920_london32_stable125.csv,292,MONTHS_12_WRESTLING_J09,16091,0,0,0,16091,0.0,False
6,2020/21,2021_london32_stable125.csv,2,wt_final,16028,0,0,0,16028,0.0,False
6,2020/21,2021_london32_stable125.csv,9,wt_time,16028,34,0,34,15994,0.0021212877464437236,True
6,2020/21,2021_london32_stable125.csv,11,mode,16028,0,0,0,16028,0.0,False
6,2020/21,2021_london32_stable125.csv,12,month,16028,0,0,0,16028,0.0,False
6,2020/21,2021_london32_stable125.csv,14,LondInOut,16028,0,0,0,16028,0.0,False
6,2020/21,2021_london32_stable125.csv,15,LA_2023,16028,0,0,0,16028,0.0,False
6,2020/21,2021_london32_stable125.csv,16,Age9,16028,134,0,134,15894,0.008360369353631145,True
6,2020/21,2021_london32_stable125.csv,17,Disab3,16028,1078,0,1078,14950,0.0672572997254804,True
6,2020/21,2021_london32_stable125.csv,32,MEMS7GR_ALL,16028,0,0,0,16028,0.0,False
6,2020/21,2021_london32_stable125.csv,43,DAYS10P60GR_WALKTRAV_B02,16028,0,0,0,16028,0.0,False
6,2020/21,2021_london32_stable125.csv,44,MONTHS_12_WALKTRAV_B02,16028,0,0,0,16028,0.0,False
6,2020/21,2021_london32_stable125.csv,47,DAYS10P60GR_CYCTRAV_B04,16028,0,0,0,16028,0.0,False
6,2020/21,2021_london32_stable125.csv,48,MONTHS_12_CYCTRAV_B04,16028,0,0,0,16028,0.0,False
6,2020/21,2021_london32_stable125.csv,51,DAYS10P60GR_DANCEART_B05,16028,0,0,0,16028,0.0,False
6,2020/21,2021_london32_stable125.csv,52,MONTHS_12_DANCEART_B05,16028,0,0,0,16028,0.0,False
6,2020/21,2021_london32_stable125.csv,55,DAYS10P60GR_GARD_B08,16028,0,0,0,16028,0.0,False
6,2020/21,2021_london32_stable125.csv,56,MONTHS_12_GARD_B08,16028,0,0,0,16028,0.0,False
6,2020/21,2021_london32_stable125.csv,59,DAYS10P60GR_ACTTRAV_C03,16028,0,0,0,16028,0.0,False
6,2020/21,2021_london32_stable125.csv,60,MONTHS_12_ACTTRAV_C03,16028,0,0,0,16028,0.0,False
6,2020/21,2021_london32_stable125.csv,63,DAYS10P60GR_WINTER_C10,16028,0,0,0,16028,0.0,False
6,2020/21,2021_london32_stable125.csv,64,MONTHS_12_WINTER_C10,16028,0,0,0,16028,0.0,False
6,2020/21,2021_london32_stable125.csv,67,DAYS10P60GR_BOWLSBOULES_C12,16028,0,0,0,16028,0.0,False
6,2020/21,2021_london32_stable125.csv,68,MONTHS_12_BOWLSBOULES_C12,16028,0,0,0,16028,0.0,False
6,2020/21,2021_london32_stable125.csv,71,DAYS10P60GR_GYMTRAMPCHEER_C13,16028,0,0,0,16028,0.0,False
6,2020/21,2021_london32_stable125.csv,72,MONTHS_12_GYMTRAMPCHEER_C13,16028,0,0,0,16028,0.0,False
6,2020/21,2021_london32_stable125.csv,75,DAYS10P60GR_FOOTBALL_F01,16028,0,0,0,16028,0.0,False
6,2020/21,2021_london32_stable125.csv,76,MONTHS_12_FOOTBALL_F01,16028,0,0,0,16028,0.0,False
6,2020/21,2021_london32_stable125.csv,79,DAYS10P60GR_RUGBYUNION_F03,16028,0,0,0,16028,0.0,False
6,2020/21,2021_london32_stable125.csv,80,MONTHS_12_RUGBYUNION_F03,16028,0,0,0,16028,0.0,False
6,2020/21,2021_london32_stable125.csv,83,DAYS10P60GR_RUGBYLEAGUE_F04,16028,0,0,0,16028,0.0,False
6,2020/21,2021_london32_stable125.csv,84,MONTHS_12_RUGBYLEAGUE_F04,16028,0,0,0,16028,0.0,False
6,2020/21,2021_london32_stable125.csv,87,DAYS10P60GR_WHEELCHRUGBY_F05,16028,0,0,0,16028,0.0,False
6,2020/21,2021_london32_stable125.csv,88,MONTHS_12_WHEELCHRUGBY_F05,16028,0,0,0,16028,0.0,False
6,2020/21,2021_london32_stable125.csv,91,DAYS10P60GR_NETBALL_F06,16028,0,0,0,16028,0.0,False
6,2020/21,2021_london32_stable125.csv,92,MONTHS_12_NETBALL_F06,16028,0,0,0,16028,0.0,False
6,2020/21,2021_london32_stable125.csv,95,DAYS10P60GR_BASKETBALL_F07,16028,0,0,0,16028,0.0,False
6,2020/21,2021_london32_stable125.csv,96,MONTHS_12_BASKETBALL_F07,16028,0,0,0,16028,0.0,False
6,2020/21,2021_london32_stable125.csv,99,DAYS10P60GR_WHEELCHBASKETBALL_F08,16028,0,0,0,16028,0.0,False
6,2020/21,2021_london32_stable125.csv,100,MONTHS_12_WHEELCHBASKETBALL_F08,16028,0,0,0,16028,0.0,False
6,2020/21,2021_london32_stable125.csv,103,DAYS10P60GR_HOCKEY_F09,16028,0,0,0,16028,0.0,False
6,2020/21,2021_london32_stable125.csv,104,MONTHS_12_HOCKEY_F09,16028,0,0,0,16028,0.0,False
6,2020/21,2021_london32_stable125.csv,107,DAYS10P60GR_VOLLEYBALL_F10,16028,0,0,0,16028,0.0,False
6,2020/21,2021_london32_stable125.csv,108,MONTHS_12_VOLLEYBALL_F10,16028,0,0,0,16028,0.0,False
6,2020/21,2021_london32_stable125.csv,111,DAYS10P60GR_ROUNDERS_F11,16028,0,0,0,16028,0.0,False
6,2020/21,2021_london32_stable125.csv,112,MONTHS_12_ROUNDERS_F11,16028,0,0,0,16028,0.0,False
6,2020/21,2021_london32_stable125.csv,115,DAYS10P60GR_DODGEBALL_F12,16028,0,0,0,16028,0.0,False
6,2020/21,2021_london32_stable125.csv,116,MONTHS_12_DODGEBALL_F12,16028,0,0,0,16028,0.0,False
6,2020/21,2021_london32_stable125.csv,119,DAYS10P60GR_BASESOFTBALL_F13,16028,0,0,0,16028,0.0,False
6,2020/21,2021_london32_stable125.csv,120,MONTHS_12_BASESOFTBALL_F13,16028,0,0,0,16028,0.0,False
6,2020/21,2021_london32_stable125.csv,123,DAYS10P60GR_LACROSSE_F14,16028,0,0,0,16028,0.0,False
6,2020/21,2021_london32_stable125.csv,124,MONTHS_12_LACROSSE_F14,16028,0,0,0,16028,0.0,False
6,2020/21,2021_london32_stable125.csv,127,DAYS10P60GR_GOALBALL_F15,16028,0,0,0,16028,0.0,False
6,2020/21,2021_london32_stable125.csv,128,MONTHS_12_GOALBALL_F15,16028,0,0,0,16028,0.0,False
6,2020/21,2021_london32_stable125.csv,131,DAYS10P60GR_HANDBALL_F16,16028,0,0,0,16028,0.0,False
6,2020/21,2021_london32_stable125.csv,132,MONTHS_12_HANDBALL_F16,16028,0,0,0,16028,0.0,False
6,2020/21,2021_london32_stable125.csv,135,DAYS10P60GR_TENNIS_G01,16028,0,0,0,16028,0.0,False
6,2020/21,2021_london32_stable125.csv,136,MONTHS_12_TENNIS_G01,16028,0,0,0,16028,0.0,False
6,2020/21,2021_london32_stable125.csv,139,DAYS10P60GR_BADMINTON_G02,16028,0,0,0,16028,0.0,False
6,2020/21,2021_london32_stable125.csv,140,MONTHS_12_BADMINTON_G02,16028,0,0,0,16028,0.0,False
6,2020/21,2021_london32_stable125.csv,143,DAYS10P60GR_TABLETENNIS_G03,16028,0,0,0,16028,0.0,False
6,2020/21,2021_london32_stable125.csv,144,MONTHS_12_TABLETENNIS_G03,16028,0,0,0,16028,0.0,False
6,2020/21,2021_london32_stable125.csv,147,DAYS10P60GR_CAVING_H02,16028,0,0,0,16028,0.0,False
6,2020/21,2021_london32_stable125.csv,148,MONTHS_12_CAVING_H02,16028,0,0,0,16028,0.0,False
6,2020/21,2021_london32_stable125.csv,151,DAYS10P60GR_ABSEILING_H03,16028,0,0,0,16028,0.0,False
6,2020/21,2021_london32_stable125.csv,152,MONTHS_12_ABSEILING_H03,16028,0,0,0,16028,0.0,False
6,2020/21,2021_london32_stable125.csv,155,DAYS10P60GR_ORIENTEERING_H04,16028,0,0,0,16028,0.0,False
6,2020/21,2021_london32_stable125.csv,156,MONTHS_12_ORIENTEERING_H04,16028,0,0,0,16028,0.0,False
6,2020/21,2021_london32_stable125.csv,159,DAYS10P60GR_PARKOUR_H05,16028,0,0,0,16028,0.0,False
6,2020/21,2021_london32_stable125.csv,160,MONTHS_12_PARKOUR_H05,16028,0,0,0,16028,0.0,False
6,2020/21,2021_london32_stable125.csv,163,DAYS10P60GR_GLIDING_H08,16028,0,0,0,16028,0.0,False
6,2020/21,2021_london32_stable125.csv,164,MONTHS_12_GLIDING_H08,16028,0,0,0,16028,0.0,False
6,2020/21,2021_london32_stable125.csv,167,DAYS10P60GR_WATERSKIING_H10,16028,0,0,0,16028,0.0,False
6,2020/21,2021_london32_stable125.csv,168,MONTHS_12_WATERSKIING_H10,16028,0,0,0,16028,0.0,False
6,2020/21,2021_london32_stable125.csv,171,DAYS10P60GR_LIFESAVING_H13,16028,0,0,0,16028,0.0,False
6,2020/21,2021_london32_stable125.csv,172,MONTHS_12_LIFESAVING_H13,16028,0,0,0,16028,0.0,False
6,2020/21,2021_london32_stable125.csv,175,DAYS10P60GR_HIGHROPES_H14,16028,0,0,0,16028,0.0,False
6,2020/21,2021_london32_stable125.csv,176,MONTHS_12_HIGHROPES_H14,16028,0,0,0,16028,0.0,False
6,2020/21,2021_london32_stable125.csv,179,DAYS10P60GR_ICESKATING_I02,16028,0,0,0,16028,0.0,False
6,2020/21,2021_london32_stable125.csv,180,MONTHS_12_ICESKATING_I02,16028,0,0,0,16028,0.0,False
6,2020/21,2021_london32_stable125.csv,183,DAYS10P60GR_FRISBEE_I03,16028,0,0,0,16028,0.0,False
6,2020/21,2021_london32_stable125.csv,184,MONTHS_12_FRISBEE_I03,16028,0,0,0,16028,0.0,False
6,2020/21,2021_london32_stable125.csv,187,DAYS10P60GR_TENPIN_I04,16028,0,0,0,16028,0.0,False
6,2020/21,2021_london32_stable125.csv,188,MONTHS_12_TENPIN_I04,16028,0,0,0,16028,0.0,False
6,2020/21,2021_london32_stable125.csv,191,DAYS10P60GR_CROQUET_I05,16028,0,0,0,16028,0.0,False
6,2020/21,2021_london32_stable125.csv,192,MONTHS_12_CROQUET_I05,16028,0,0,0,16028,0.0,False
6,2020/21,2021_london32_stable125.csv,195,DAYS10P60GR_SNOOKER_I06,16028,0,0,0,16028,0.0,False
6,2020/21,2021_london32_stable125.csv,196,MONTHS_12_SNOOKER_I06,16028,0,0,0,16028,0.0,False
6,2020/21,2021_london32_stable125.csv,199,DAYS10P60GR_POOL_I07,16028,0,0,0,16028,0.0,False
6,2020/21,2021_london32_stable125.csv,200,MONTHS_12_POOL_I07,16028,0,0,0,16028,0.0,False
6,2020/21,2021_london32_stable125.csv,203,DAYS10P60GR_DARTS_I08,16028,0,0,0,16028,0.0,False
6,2020/21,2021_london32_stable125.csv,204,MONTHS_12_DARTS_I08,16028,0,0,0,16028,0.0,False
6,2020/21,2021_london32_stable125.csv,207,DAYS10P60GR_SKITTLES_I09,16028,0,0,0,16028,0.0,False
6,2020/21,2021_london32_stable125.csv,208,MONTHS_12_SKITTLES_I09,16028,0,0,0,16028,0.0,False
6,2020/21,2021_london32_stable125.csv,211,DAYS10P60GR_ARCHERY_J01,16028,0,0,0,16028,0.0,False
6,2020/21,2021_london32_stable125.csv,212,MONTHS_12_ARCHERY_J01,16028,0,0,0,16028,0.0,False
6,2020/21,2021_london32_stable125.csv,215,DAYS10P60GR_FENCING_J03,16028,0,0,0,16028,0.0,False
6,2020/21,2021_london32_stable125.csv,216,MONTHS_12_FENCING_J03,16028,0,0,0,16028,0.0,False
6,2020/21,2021_london32_stable125.csv,219,DAYS10P60GR_TAEKWONDO_J05,16028,0,0,0,16028,0.0,False
6,2020/21,2021_london32_stable125.csv,220,MONTHS_12_TAEKWONDO_J05,16028,0,0,0,16028,0.0,False
6,2020/21,2021_london32_stable125.csv,223,DAYS10P60GR_MARTIAL_J07,16028,0,0,0,16028,0.0,False
6,2020/21,2021_london32_stable125.csv,224,MONTHS_12_MARTIAL_J07,16028,0,0,0,16028,0.0,False
6,2020/21,2021_london32_stable125.csv,227,DAYS10P60GR_SHOOTING_J08,16028,0,0,0,16028,0.0,False
6,2020/21,2021_london32_stable125.csv,228,MONTHS_12_SHOOTING_J08,16028,0,0,0,16028,0.0,False
6,2020/21,2021_london32_stable125.csv,231,DAYS10P60GR_WRESTLING_J09,16028,0,0,0,16028,0.0,False
6,2020/21,2021_london32_stable125.csv,232,MONTHS_12_WRESTLING_J09,16028,0,0,0,16028,0.0,False
6,2020/21,2021_london32_stable125.csv,235,DAYS10P60GR_SNOWSPORT_K01,16028,0,0,0,16028,0.0,False
6,2020/21,2021_london32_stable125.csv,236,MONTHS_12_SNOWSPORT_K01,16028,0,0,0,16028,0.0,False
6,2020/21,2021_london32_stable125.csv,239,DAYS10P60GR_SLEDDING_K02,16028,0,0,0,16028,0.0,False
6,2020/21,2021_london32_stable125.csv,240,MONTHS_12_SLEDDING_K02,16028,0,0,0,16028,0.0,False
6,2020/21,2021_london32_stable125.csv,243,DAYS10P60GR_ICEHOCKEY_K03,16028,0,0,0,16028,0.0,False
6,2020/21,2021_london32_stable125.csv,244,MONTHS_12_ICEHOCKEY_K03,16028,0,0,0,16028,0.0,False
6,2020/21,2021_london32_stable125.csv,247,DAYS10P60GR_TRACKANDFIELD_L02,16028,0,0,0,16028,0.0,False
6,2020/21,2021_london32_stable125.csv,248,MONTHS_12_TRACKANDFIELD_L02,16028,0,0,0,16028,0.0,False
6,2020/21,2021_london32_stable125.csv,251,DAYS10P60GR_FELLRUNNING_L04,16028,0,0,0,16028,0.0,False
6,2020/21,2021_london32_stable125.csv,252,MONTHS_12_FELLRUNNING_L04,16028,0,0,0,16028,0.0,False
6,2020/21,2021_london32_stable125.csv,255,DAYS10P60GR_TRIATHLON_L05,16028,0,0,0,16028,0.0,False
6,2020/21,2021_london32_stable125.csv,256,MONTHS_12_TRIATHLON_L05,16028,0,0,0,16028,0.0,False
6,2020/21,2021_london32_stable125.csv,259,DAYS10P60GR_MODPENT_L06,16028,0,0,0,16028,0.0,False
6,2020/21,2021_london32_stable125.csv,260,MONTHS_12_MODPENT_L06,16028,0,0,0,16028,0.0,False
6,2020/21,2021_london32_stable125.csv,263,DAYS10P60GR_GOLF_L08,16028,0,0,0,16028,0.0,False
6,2020/21,2021_london32_stable125.csv,264,MONTHS_12_GOLF_L08,16028,0,0,0,16028,0.0,False
6,2020/21,2021_london32_stable125.csv,267,DAYS10P60GR_EQUEST_L09,16028,0,0,0,16028,0.0,False
6,2020/21,2021_london32_stable125.csv,268,MONTHS_12_EQUEST_L09,16028,0,0,0,16028,0.0,False
6,2020/21,2021_london32_stable125.csv,271,DAYS10P60GR_BOWLS_L10,16028,0,0,0,16028,0.0,False
6,2020/21,2021_london32_stable125.csv,272,MONTHS_12_BOWLS_L10,16028,0,0,0,16028,0.0,False
6,2020/21,2021_london32_stable125.csv,275,DAYS10P60GR_BOCCIA_L11,16028,0,0,0,16028,0.0,False
6,2020/21,2021_london32_stable125.csv,276,MONTHS_12_BOCCIA_L11,16028,0,0,0,16028,0.0,False
6,2020/21,2021_london32_stable125.csv,279,DAYS10P60GR_BOULES_L12,16028,0,0,0,16028,0.0,False
6,2020/21,2021_london32_stable125.csv,280,MONTHS_12_BOULES_L12,16028,0,0,0,16028,0.0,False
6,2020/21,2021_london32_stable125.csv,283,DAYS10P60GR_GYMNASTICS_L13,16028,0,0,0,16028,0.0,False
6,2020/21,2021_london32_stable125.csv,284,MONTHS_12_GYMNASTICS_L13,16028,0,0,0,16028,0.0,False
6,2020/21,2021_london32_stable125.csv,287,DAYS10P60GR_GARDENTRAMP_L14,16028,0,0,0,16028,0.0,False
6,2020/21,2021_london32_stable125.csv,288,MONTHS_12_GARDENTRAMP_L14,16028,0,0,0,16028,0.0,False
6,2020/21,2021_london32_stable125.csv,291,DAYS10P60GR_CHEERLEADING_L15,16028,0,0,0,16028,0.0,False
6,2020/21,2021_london32_stable125.csv,292,MONTHS_12_CHEERLEADING_L15,16028,0,0,0,16028,0.0,False
6,2020/21,2021_london32_stable125.csv,295,DAYS10P60GR_ROLLERSKATING_L16,16028,0,0,0,16028,0.0,False
6,2020/21,2021_london32_stable125.csv,296,MONTHS_12_ROLLERSKATING_L16,16028,0,0,0,16028,0.0,False
6,2020/21,2021_london32_stable125.csv,299,DAYS10P60GR_SKATEBOARDING_L17,16028,0,0,0,16028,0.0,False
6,2020/21,2021_london32_stable125.csv,300,MONTHS_12_SKATEBOARDING_L17,16028,0,0,0,16028,0.0,False
6,2020/21,2021_london32_stable125.csv,303,DAYS10P60GR_MOTORSPORTS_L18,16028,0,0,0,16028,0.0,False
6,2020/21,2021_london32_stable125.csv,304,MONTHS_12_MOTORSPORTS_L18,16028,0,0,0,16028,0.0,False
6,2020/21,2021_london32_stable125.csv,307,DAYS10P60GR_CYC_OLD_M02,16028,0,0,0,16028,0.0,False
6,2020/21,2021_london32_stable125.csv,308,MONTHS_12_CYC_OLD_M02,16028,0,0,0,16028,0.0,False
6,2020/21,2021_london32_stable125.csv,311,DAYS10P60GR_CYCLEISURE_N01,16028,2077,0,2077,13951,0.12958572498128276,True
6,2020/21,2021_london32_stable125.csv,312,MONTHS_12_CYCLEISURE_N01,16028,2077,0,2077,13951,0.12958572498128276,True
6,2020/21,2021_london32_stable125.csv,315,DAYS10P60GR_CYCMOUNTAIN_N02,16028,2077,0,2077,13951,0.12958572498128276,True
6,2020/21,2021_london32_stable125.csv,316,MONTHS_12_CYCMOUNTAIN_N02,16028,2077,0,2077,13951,0.12958572498128276,True
6,2020/21,2021_london32_stable125.csv,319,DAYS10P60GR_CYCBMX_N03,16028,2077,0,2077,13951,0.12958572498128276,True
6,2020/21,2021_london32_stable125.csv,320,MONTHS_12_CYCBMX_N03,16028,2077,0,2077,13951,0.12958572498128276,True
6,2020/21,2021_london32_stable125.csv,323,DAYS10P60GR_CYCROAD_N04,16028,2077,0,2077,13951,0.12958572498128276,True
6,2020/21,2021_london32_stable125.csv,324,MONTHS_12_CYCROAD_N04,16028,2077,0,2077,13951,0.12958572498128276,True
6,2020/21,2021_london32_stable125.csv,327,DAYS10P60GR_CYCTRACK_N05,16028,2077,0,2077,13951,0.12958572498128276,True
6,2020/21,2021_london32_stable125.csv,328,MONTHS_12_CYCTRACK_N05,16028,2077,0,2077,13951,0.12958572498128276,True
6,2020/21,2021_london32_stable125.csv,331,DAYS10P60GR_CYCCROSS_N06,16028,2077,0,2077,13951,0.12958572498128276,True
6,2020/21,2021_london32_stable125.csv,332,MONTHS_12_CYCCROSS_N06,16028,2077,0,2077,13951,0.12958572498128276,True
6,2020/21,2021_london32_stable125.csv,335,DAYS10P60GR_DANCEOTHER_O01,16028,0,0,0,16028,0.0,False
6,2020/21,2021_london32_stable125.csv,336,MONTHS_12_DANCEOTHER_O01,16028,0,0,0,16028,0.0,False
6,2020/21,2021_london32_stable125.csv,343,DAYS10P60GR_FOOTBALL11_Q01,16028,2077,0,2077,13951,0.12958572498128276,True
6,2020/21,2021_london32_stable125.csv,344,MONTHS_12_FOOTBALL11_Q01,16028,2077,0,2077,13951,0.12958572498128276,True
6,2020/21,2021_london32_stable125.csv,347,DAYS10P60GR_FOOTBALLSMALL_Q02,16028,2077,0,2077,13951,0.12958572498128276,True
6,2020/21,2021_london32_stable125.csv,348,MONTHS_12_FOOTBALLSMALL_Q02,16028,2077,0,2077,13951,0.12958572498128276,True
6,2020/21,2021_london32_stable125.csv,351,DAYS10P60GR_FUTSAL_Q03,16028,2077,0,2077,13951,0.12958572498128276,True
6,2020/21,2021_london32_stable125.csv,352,MONTHS_12_FUTSAL_Q03,16028,2077,0,2077,13951,0.12958572498128276,True
6,2020/21,2021_london32_stable125.csv,355,DAYS10P60GR_FOOTBALLWALK_Q04,16028,2077,0,2077,13951,0.12958572498128276,True
6,2020/21,2021_london32_stable125.csv,356,MONTHS_12_FOOTBALLWALK_Q04,16028,2077,0,2077,13951,0.12958572498128276,True
6,2020/21,2021_london32_stable125.csv,359,DAYS10P60GR_FOOTBALLOTHER_Q05,16028,2077,0,2077,13951,0.12958572498128276,True
6,2020/21,2021_london32_stable125.csv,360,MONTHS_12_FOOTBALLOTHER_Q05,16028,2077,0,2077,13951,0.12958572498128276,True
6,2020/21,2021_london32_stable125.csv,363,DAYS10P60GR_CRICKETLONG_Q06,16028,2077,0,2077,13951,0.12958572498128276,True
6,2020/21,2021_london32_stable125.csv,364,MONTHS_12_CRICKETLONG_Q06,16028,2077,0,2077,13951,0.12958572498128276,True
6,2020/21,2021_london32_stable125.csv,367,DAYS10P60GR_CRICKETSHORT_Q07,16028,2077,0,2077,13951,0.12958572498128276,True
6,2020/21,2021_london32_stable125.csv,368,MONTHS_12_CRICKETSHORT_Q07,16028,2077,0,2077,13951,0.12958572498128276,True
6,2020/21,2021_london32_stable125.csv,371,DAYS10P60GR_CRICKETOTH_Q12,16028,2077,0,2077,13951,0.12958572498128276,True
6,2020/21,2021_london32_stable125.csv,372,MONTHS_12_CRICKETOTH_Q12,16028,2077,0,2077,13951,0.12958572498128276,True
6,2020/21,2021_london32_stable125.csv,375,DAYS10P60GR_RUGBYUN15_Q13,16028,2077,0,2077,13951,0.12958572498128276,True
6,2020/21,2021_london32_stable125.csv,376,MONTHS_12_RUGBYUN15_Q13,16028,2077,0,2077,13951,0.12958572498128276,True
6,2020/21,2021_london32_stable125.csv,379,DAYS10P60GR_RUGBYUNTOUCH_Q14,16028,2077,0,2077,13951,0.12958572498128276,True
6,2020/21,2021_london32_stable125.csv,380,MONTHS_12_RUGBYUNTOUCH_Q14,16028,2077,0,2077,13951,0.12958572498128276,True
6,2020/21,2021_london32_stable125.csv,383,DAYS10P60GR_RUGBYUN7_Q15,16028,2077,0,2077,13951,0.12958572498128276,True
6,2020/21,2021_london32_stable125.csv,384,MONTHS_12_RUGBYUN7_Q15,16028,2077,0,2077,13951,0.12958572498128276,True
6,2020/21,2021_london32_stable125.csv,387,DAYS10P60GR_RUGBYUNTAG_Q16,16028,2077,0,2077,13951,0.12958572498128276,True
6,2020/21,2021_london32_stable125.csv,388,MONTHS_12_RUGBYUNTAG_Q16,16028,2077,0,2077,13951,0.12958572498128276,True
6,2020/21,2021_london32_stable125.csv,391,DAYS10P60GR_RUGBYLEAG13_Q17,16028,2077,0,2077,13951,0.12958572498128276,True
6,2020/21,2021_london32_stable125.csv,392,MONTHS_12_RUGBYLEAG13_Q17,16028,2077,0,2077,13951,0.12958572498128276,True
6,2020/21,2021_london32_stable125.csv,395,DAYS10P60GR_RUGBYLEAGTOUCH_Q18,16028,2077,0,2077,13951,0.12958572498128276,True
6,2020/21,2021_london32_stable125.csv,396,MONTHS_12_RUGBYLEAGTOUCH_Q18,16028,2077,0,2077,13951,0.12958572498128276,True
6,2020/21,2021_london32_stable125.csv,399,DAYS10P60GR_RUGBYLEAGTAG_Q19,16028,2077,0,2077,13951,0.12958572498128276,True
6,2020/21,2021_london32_stable125.csv,400,MONTHS_12_RUGBYLEAGTAG_Q19,16028,2077,0,2077,13951,0.12958572498128276,True
6,2020/21,2021_london32_stable125.csv,403,DAYS10P60GR_ROCKCLIMB_R01,16028,2077,0,2077,13951,0.12958572498128276,True
6,2020/21,2021_london32_stable125.csv,404,MONTHS_12_ROCKCLIMB_R01,16028,2077,0,2077,13951,0.12958572498128276,True
6,2020/21,2021_london32_stable125.csv,407,DAYS10P60GR_CLIMBWALL_R02,16028,2077,0,2077,13951,0.12958572498128276,True
6,2020/21,2021_london32_stable125.csv,408,MONTHS_12_CLIMBWALL_R02,16028,2077,0,2077,13951,0.12958572498128276,True
6,2020/21,2021_london32_stable125.csv,411,DAYS10P60GR_ROWINGWATER_R04,16028,0,0,0,16028,0.0,False
6,2020/21,2021_london32_stable125.csv,412,MONTHS_12_ROWINGWATER_R04,16028,0,0,0,16028,0.0,False
6,2020/21,2021_london32_stable125.csv,415,DAYS10P60GR_BOXINGTRAD_S01,16028,0,0,0,16028,0.0,False
6,2020/21,2021_london32_stable125.csv,416,MONTHS_12_BOXINGTRAD_S01,16028,0,0,0,16028,0.0,False
6,2020/21,2021_london32_stable125.csv,419,DAYS10P60GR_KARATE_S02,16028,2077,0,2077,13951,0.12958572498128276,True
6,2020/21,2021_london32_stable125.csv,420,MONTHS_12_KARATE_S02,16028,2077,0,2077,13951,0.12958572498128276,True
6,2020/21,2021_london32_stable125.csv,423,DAYS10P60GR_JUJITSU_S03,16028,2077,0,2077,13951,0.12958572498128276,True
6,2020/21,2021_london32_stable125.csv,424,MONTHS_12_JUJITSU_S03,16028,2077,0,2077,13951,0.12958572498128276,True
6,2020/21,2021_london32_stable125.csv,427,DAYS10P60GR_AIKIDO_S04,16028,2077,0,2077,13951,0.12958572498128276,True
6,2020/21,2021_london32_stable125.csv,428,MONTHS_12_AIKIDO_S04,16028,2077,0,2077,13951,0.12958572498128276,True
6,2020/21,2021_london32_stable125.csv,431,DAYS10P60GR_MARTIALCHINESE_S05,16028,2077,0,2077,13951,0.12958572498128276,True
6,2020/21,2021_london32_stable125.csv,432,MONTHS_12_MARTIALCHINESE_S05,16028,2077,0,2077,13951,0.12958572498128276,True
6,2020/21,2021_london32_stable125.csv,435,DAYS10P60GR_MARTIALOTHER_S06,16028,2077,0,2077,13951,0.12958572498128276,True
6,2020/21,2021_london32_stable125.csv,436,MONTHS_12_MARTIALOTHER_S06,16028,2077,0,2077,13951,0.12958572498128276,True
6,2020/21,2021_london32_stable125.csv,439,DAYS10P60GR_AIRGUN_S08,16028,2077,0,2077,13951,0.12958572498128276,True
6,2020/21,2021_london32_stable125.csv,440,MONTHS_12_AIRGUN_S08,16028,2077,0,2077,13951,0.12958572498128276,True
6,2020/21,2021_london32_stable125.csv,443,DAYS10P60GR_RIFLE_S09,16028,2077,0,2077,13951,0.12958572498128276,True
6,2020/21,2021_london32_stable125.csv,444,MONTHS_12_RIFLE_S09,16028,2077,0,2077,13951,0.12958572498128276,True
6,2020/21,2021_london32_stable125.csv,447,DAYS10P60GR_SKIING_T01,16028,2077,0,2077,13951,0.12958572498128276,True
6,2020/21,2021_london32_stable125.csv,448,MONTHS_12_SKIING_T01,16028,2077,0,2077,13951,0.12958572498128276,True
6,2020/21,2021_london32_stable125.csv,451,DAYS10P60GR_SNOWBOARDING_T02,16028,2077,0,2077,13951,0.12958572498128276,True
6,2020/21,2021_london32_stable125.csv,452,MONTHS_12_SNOWBOARDING_T02,16028,2077,0,2077,13951,0.12958572498128276,True
6,2020/21,2021_london32_stable125.csv,455,DAYS10P60GR_DIVING_U05,16028,2077,0,2077,13951,0.12958572498128276,True
6,2020/21,2021_london32_stable125.csv,456,MONTHS_12_DIVING_U05,16028,2077,0,2077,13951,0.12958572498128276,True
6,2020/21,2021_london32_stable125.csv,459,DAYS10P60GR_WATERPOLO_U06,16028,2077,0,2077,13951,0.12958572498128276,True
6,2020/21,2021_london32_stable125.csv,460,MONTHS_12_WATERPOLO_U06,16028,2077,0,2077,13951,0.12958572498128276,True
6,2020/21,2021_london32_stable125.csv,463,DAYS10P60GR_RUNJOG_U07,16028,0,0,0,16028,0.0,False
6,2020/21,2021_london32_stable125.csv,464,MONTHS_12_RUNJOG_U07,16028,0,0,0,16028,0.0,False
6,2020/21,2021_london32_stable125.csv,467,DAYS10P60GR_GOLFFULL_U08,16028,2077,0,2077,13951,0.12958572498128276,True
6,2020/21,2021_london32_stable125.csv,468,MONTHS_12_GOLFFULL_U08,16028,2077,0,2077,13951,0.12958572498128276,True
6,2020/21,2021_london32_stable125.csv,471,DAYS10P60GR_GOLFSHORT_U09,16028,2077,0,2077,13951,0.12958572498128276,True
6,2020/21,2021_london32_stable125.csv,472,MONTHS_12_GOLFSHORT_U09,16028,2077,0,2077,13951,0.12958572498128276,True
6,2020/21,2021_london32_stable125.csv,475,DAYS10P60GR_DRIVINGRANGE_U10,16028,2077,0,2077,13951,0.12958572498128276,True
6,2020/21,2021_london32_stable125.csv,476,MONTHS_12_DRIVINGRANGE_U10,16028,2077,0,2077,13951,0.12958572498128276,True
6,2020/21,2021_london32_stable125.csv,479,DAYS10P60GR_GOLFADV_U11,16028,2077,0,2077,13951,0.12958572498128276,True
6,2020/21,2021_london32_stable125.csv,480,MONTHS_12_GOLFADV_U11,16028,2077,0,2077,13951,0.12958572498128276,True
6,2020/21,2021_london32_stable125.csv,483,DAYS10P60GR_EQUESTHACKING_U12,16028,2077,0,2077,13951,0.12958572498128276,True
6,2020/21,2021_london32_stable125.csv,484,MONTHS_12_EQUESTHACKING_U12,16028,2077,0,2077,13951,0.12958572498128276,True
6,2020/21,2021_london32_stable125.csv,487,DAYS10P60GR_EQUESTSCHOOLING_U13,16028,2077,0,2077,13951,0.12958572498128276,True
6,2020/21,2021_london32_stable125.csv,488,MONTHS_12_EQUESTSCHOOLING_U13,16028,2077,0,2077,13951,0.12958572498128276,True
6,2020/21,2021_london32_stable125.csv,491,DAYS10P60GR_EQUESTSHOWJUMP_U14,16028,2077,0,2077,13951,0.12958572498128276,True
6,2020/21,2021_london32_stable125.csv,492,MONTHS_12_EQUESTSHOWJUMP_U14,16028,2077,0,2077,13951,0.12958572498128276,True
6,2020/21,2021_london32_stable125.csv,495,DAYS10P60GR_EQUESTDRESSAGE_U15,16028,2077,0,2077,13951,0.12958572498128276,True
6,2020/21,2021_london32_stable125.csv,496,MONTHS_12_EQUESTDRESSAGE_U15,16028,2077,0,2077,13951,0.12958572498128276,True
6,2020/21,2021_london32_stable125.csv,499,DAYS10P60GR_EQUESTEVENTING_U16,16028,2077,0,2077,13951,0.12958572498128276,True
6,2020/21,2021_london32_stable125.csv,500,MONTHS_12_EQUESTEVENTING_U16,16028,2077,0,2077,13951,0.12958572498128276,True
6,2020/21,2021_london32_stable125.csv,503,DAYS10P60GR_EQUESTOTHER_U17,16028,2077,0,2077,13951,0.12958572498128276,True
6,2020/21,2021_london32_stable125.csv,504,MONTHS_12_EQUESTOTHER_U17,16028,2077,0,2077,13951,0.12958572498128276,True
6,2020/21,2021_london32_stable125.csv,507,DAYS10P60GR_BOWLSCARPET_U18,16028,2077,0,2077,13951,0.12958572498128276,True
6,2020/21,2021_london32_stable125.csv,508,MONTHS_12_BOWLSCARPET_U18,16028,2077,0,2077,13951,0.12958572498128276,True
6,2020/21,2021_london32_stable125.csv,511,DAYS10P60GR_BOWLSCROWNGREEN_U19,16028,2077,0,2077,13951,0.12958572498128276,True
6,2020/21,2021_london32_stable125.csv,512,MONTHS_12_BOWLSCROWNGREEN_U19,16028,2077,0,2077,13951,0.12958572498128276,True
6,2020/21,2021_london32_stable125.csv,515,DAYS10P60GR_BOWLSFLATGREEN_U20,16028,2077,0,2077,13951,0.12958572498128276,True
6,2020/21,2021_london32_stable125.csv,516,MONTHS_12_BOWLSFLATGREEN_U20,16028,2077,0,2077,13951,0.12958572498128276,True
6,2020/21,2021_london32_stable125.csv,519,DAYS10P60GR_BOWLSSHORTMAT_U23,16028,2077,0,2077,13951,0.12958572498128276,True
6,2020/21,2021_london32_stable125.csv,520,MONTHS_12_BOWLSSHORTMAT_U23,16028,2077,0,2077,13951,0.12958572498128276,True
6,2020/21,2021_london32_stable125.csv,523,DAYS10P60GR_GYMNASTICSONLY_U24,16028,2077,0,2077,13951,0.12958572498128276,True
6,2020/21,2021_london32_stable125.csv,524,MONTHS_12_GYMNASTICSONLY_U24,16028,2077,0,2077,13951,0.12958572498128276,True
6,2020/21,2021_london32_stable125.csv,527,DAYS10P60GR_TRAMPOLINING_U25,16028,2077,0,2077,13951,0.12958572498128276,True
6,2020/21,2021_london32_stable125.csv,528,MONTHS_12_TRAMPOLINING_U25,16028,2077,0,2077,13951,0.12958572498128276,True
6,2020/21,2021_london32_stable125.csv,531,DAYS10P60GR_KARTING_U26,16028,2077,0,2077,13951,0.12958572498128276,True
6,2020/21,2021_london32_stable125.csv,532,MONTHS_12_KARTING_U26,16028,2077,0,2077,13951,0.12958572498128276,True
6,2020/21,2021_london32_stable125.csv,535,DAYS10P60GR_MOTORCYCRACE_U27,16028,2077,0,2077,13951,0.12958572498128276,True
6,2020/21,2021_london32_stable125.csv,536,MONTHS_12_MOTORCYCRACE_U27,16028,2077,0,2077,13951,0.12958572498128276,True
6,2020/21,2021_london32_stable125.csv,539,DAYS10P60GR_MOTORCARRACE_U28,16028,2077,0,2077,13951,0.12958572498128276,True
6,2020/21,2021_london32_stable125.csv,540,MONTHS_12_MOTORCARRACE_U28,16028,2077,0,2077,13951,0.12958572498128276,True
7,2021/22,year7_125activities.csv,2,wt_final,16139,0,0,0,16139,0.0,False
7,2021/22,year7_125activities.csv,9,wt_time,16139,0,0,0,16139,0.0,False
7,2021/22,year7_125activities.csv,11,mode,16139,0,0,0,16139,0.0,False
7,2021/22,year7_125activities.csv,12,month,16139,0,0,0,16139,0.0,False
7,2021/22,year7_125activities.csv,14,LondInOut,16139,0,0,0,16139,0.0,False
7,2021/22,year7_125activities.csv,15,LA_2023,16139,0,0,0,16139,0.0,False
7,2021/22,year7_125activities.csv,16,Age9,16139,135,0,135,16004,0.008364830534729537,True
7,2021/22,year7_125activities.csv,17,Disab3,16139,1136,0,1136,15003,0.07038849990705744,True
7,2021/22,year7_125activities.csv,32,MEMS7GR_ALL,16139,0,0,0,16139,0.0,False
7,2021/22,year7_125activities.csv,43,DAYS10P60GR_WALKTRAV_B02,16139,0,0,0,16139,0.0,False
7,2021/22,year7_125activities.csv,44,MONTHS_12_WALKTRAV_B02,16139,0,0,0,16139,0.0,False
7,2021/22,year7_125activities.csv,47,DAYS10P60GR_CYCTRAV_B04,16139,0,0,0,16139,0.0,False
7,2021/22,year7_125activities.csv,48,MONTHS_12_CYCTRAV_B04,16139,0,0,0,16139,0.0,False
7,2021/22,year7_125activities.csv,51,DAYS10P60GR_DANCEART_B05,16139,0,0,0,16139,0.0,False
7,2021/22,year7_125activities.csv,52,MONTHS_12_DANCEART_B05,16139,0,0,0,16139,0.0,False
7,2021/22,year7_125activities.csv,55,DAYS10P60GR_GARD_B08,16139,0,0,0,16139,0.0,False
7,2021/22,year7_125activities.csv,56,MONTHS_12_GARD_B08,16139,0,0,0,16139,0.0,False
7,2021/22,year7_125activities.csv,59,DAYS10P60GR_ACTTRAV_C03,16139,0,0,0,16139,0.0,False
7,2021/22,year7_125activities.csv,60,MONTHS_12_ACTTRAV_C03,16139,0,0,0,16139,0.0,False
7,2021/22,year7_125activities.csv,63,DAYS10P60GR_WINTER_C10,16139,0,0,0,16139,0.0,False
7,2021/22,year7_125activities.csv,64,MONTHS_12_WINTER_C10,16139,0,0,0,16139,0.0,False
7,2021/22,year7_125activities.csv,67,DAYS10P60GR_BOWLSBOULES_C12,16139,0,0,0,16139,0.0,False
7,2021/22,year7_125activities.csv,68,MONTHS_12_BOWLSBOULES_C12,16139,0,0,0,16139,0.0,False
7,2021/22,year7_125activities.csv,71,DAYS10P60GR_GYMTRAMPCHEER_C13,16139,0,0,0,16139,0.0,False
7,2021/22,year7_125activities.csv,72,MONTHS_12_GYMTRAMPCHEER_C13,16139,0,0,0,16139,0.0,False
7,2021/22,year7_125activities.csv,75,DAYS10P60GR_FOOTBALL_F01,16139,0,0,0,16139,0.0,False
7,2021/22,year7_125activities.csv,76,MONTHS_12_FOOTBALL_F01,16139,0,0,0,16139,0.0,False
7,2021/22,year7_125activities.csv,79,DAYS10P60GR_RUGBYUNION_F03,16139,0,0,0,16139,0.0,False
7,2021/22,year7_125activities.csv,80,MONTHS_12_RUGBYUNION_F03,16139,0,0,0,16139,0.0,False
7,2021/22,year7_125activities.csv,83,DAYS10P60GR_RUGBYLEAGUE_F04,16139,0,0,0,16139,0.0,False
7,2021/22,year7_125activities.csv,84,MONTHS_12_RUGBYLEAGUE_F04,16139,0,0,0,16139,0.0,False
7,2021/22,year7_125activities.csv,87,DAYS10P60GR_WHEELCHRUGBY_F05,16139,0,0,0,16139,0.0,False
7,2021/22,year7_125activities.csv,88,MONTHS_12_WHEELCHRUGBY_F05,16139,0,0,0,16139,0.0,False
7,2021/22,year7_125activities.csv,91,DAYS10P60GR_NETBALL_F06,16139,0,0,0,16139,0.0,False
7,2021/22,year7_125activities.csv,92,MONTHS_12_NETBALL_F06,16139,0,0,0,16139,0.0,False
7,2021/22,year7_125activities.csv,95,DAYS10P60GR_BASKETBALL_F07,16139,0,0,0,16139,0.0,False
7,2021/22,year7_125activities.csv,96,MONTHS_12_BASKETBALL_F07,16139,0,0,0,16139,0.0,False
7,2021/22,year7_125activities.csv,99,DAYS10P60GR_WHEELCHBASKETBALL_F08,16139,0,0,0,16139,0.0,False
7,2021/22,year7_125activities.csv,100,MONTHS_12_WHEELCHBASKETBALL_F08,16139,0,0,0,16139,0.0,False
7,2021/22,year7_125activities.csv,103,DAYS10P60GR_HOCKEY_F09,16139,0,0,0,16139,0.0,False
7,2021/22,year7_125activities.csv,104,MONTHS_12_HOCKEY_F09,16139,0,0,0,16139,0.0,False
7,2021/22,year7_125activities.csv,107,DAYS10P60GR_VOLLEYBALL_F10,16139,0,0,0,16139,0.0,False
7,2021/22,year7_125activities.csv,108,MONTHS_12_VOLLEYBALL_F10,16139,0,0,0,16139,0.0,False
7,2021/22,year7_125activities.csv,111,DAYS10P60GR_ROUNDERS_F11,16139,0,0,0,16139,0.0,False
7,2021/22,year7_125activities.csv,112,MONTHS_12_ROUNDERS_F11,16139,0,0,0,16139,0.0,False
7,2021/22,year7_125activities.csv,115,DAYS10P60GR_DODGEBALL_F12,16139,0,0,0,16139,0.0,False
7,2021/22,year7_125activities.csv,116,MONTHS_12_DODGEBALL_F12,16139,0,0,0,16139,0.0,False
7,2021/22,year7_125activities.csv,119,DAYS10P60GR_BASESOFTBALL_F13,16139,0,0,0,16139,0.0,False
7,2021/22,year7_125activities.csv,120,MONTHS_12_BASESOFTBALL_F13,16139,0,0,0,16139,0.0,False
7,2021/22,year7_125activities.csv,123,DAYS10P60GR_LACROSSE_F14,16139,0,0,0,16139,0.0,False
7,2021/22,year7_125activities.csv,124,MONTHS_12_LACROSSE_F14,16139,0,0,0,16139,0.0,False
7,2021/22,year7_125activities.csv,127,DAYS10P60GR_GOALBALL_F15,16139,0,0,0,16139,0.0,False
7,2021/22,year7_125activities.csv,128,MONTHS_12_GOALBALL_F15,16139,0,0,0,16139,0.0,False
7,2021/22,year7_125activities.csv,131,DAYS10P60GR_HANDBALL_F16,16139,0,0,0,16139,0.0,False
7,2021/22,year7_125activities.csv,132,MONTHS_12_HANDBALL_F16,16139,0,0,0,16139,0.0,False
7,2021/22,year7_125activities.csv,135,DAYS10P60GR_TENNIS_G01,16139,0,0,0,16139,0.0,False
7,2021/22,year7_125activities.csv,136,MONTHS_12_TENNIS_G01,16139,0,0,0,16139,0.0,False
7,2021/22,year7_125activities.csv,139,DAYS10P60GR_BADMINTON_G02,16139,0,0,0,16139,0.0,False
7,2021/22,year7_125activities.csv,140,MONTHS_12_BADMINTON_G02,16139,0,0,0,16139,0.0,False
7,2021/22,year7_125activities.csv,143,DAYS10P60GR_TABLETENNIS_G03,16139,0,0,0,16139,0.0,False
7,2021/22,year7_125activities.csv,144,MONTHS_12_TABLETENNIS_G03,16139,0,0,0,16139,0.0,False
7,2021/22,year7_125activities.csv,147,DAYS10P60GR_CAVING_H02,16139,0,0,0,16139,0.0,False
7,2021/22,year7_125activities.csv,148,MONTHS_12_CAVING_H02,16139,0,0,0,16139,0.0,False
7,2021/22,year7_125activities.csv,151,DAYS10P60GR_ABSEILING_H03,16139,0,0,0,16139,0.0,False
7,2021/22,year7_125activities.csv,152,MONTHS_12_ABSEILING_H03,16139,0,0,0,16139,0.0,False
7,2021/22,year7_125activities.csv,155,DAYS10P60GR_ORIENTEERING_H04,16139,0,0,0,16139,0.0,False
7,2021/22,year7_125activities.csv,156,MONTHS_12_ORIENTEERING_H04,16139,0,0,0,16139,0.0,False
7,2021/22,year7_125activities.csv,159,DAYS10P60GR_PARKOUR_H05,16139,0,0,0,16139,0.0,False
7,2021/22,year7_125activities.csv,160,MONTHS_12_PARKOUR_H05,16139,0,0,0,16139,0.0,False
7,2021/22,year7_125activities.csv,163,DAYS10P60GR_GLIDING_H08,16139,0,0,0,16139,0.0,False
7,2021/22,year7_125activities.csv,164,MONTHS_12_GLIDING_H08,16139,0,0,0,16139,0.0,False
7,2021/22,year7_125activities.csv,167,DAYS10P60GR_WATERSKIING_H10,16139,0,0,0,16139,0.0,False
7,2021/22,year7_125activities.csv,168,MONTHS_12_WATERSKIING_H10,16139,0,0,0,16139,0.0,False
7,2021/22,year7_125activities.csv,171,DAYS10P60GR_LIFESAVING_H13,16139,0,0,0,16139,0.0,False
7,2021/22,year7_125activities.csv,172,MONTHS_12_LIFESAVING_H13,16139,0,0,0,16139,0.0,False
7,2021/22,year7_125activities.csv,175,DAYS10P60GR_HIGHROPES_H14,16139,0,0,0,16139,0.0,False
7,2021/22,year7_125activities.csv,176,MONTHS_12_HIGHROPES_H14,16139,0,0,0,16139,0.0,False
7,2021/22,year7_125activities.csv,179,DAYS10P60GR_ICESKATING_I02,16139,0,0,0,16139,0.0,False
7,2021/22,year7_125activities.csv,180,MONTHS_12_ICESKATING_I02,16139,0,0,0,16139,0.0,False
7,2021/22,year7_125activities.csv,183,DAYS10P60GR_FRISBEE_I03,16139,0,0,0,16139,0.0,False
7,2021/22,year7_125activities.csv,184,MONTHS_12_FRISBEE_I03,16139,0,0,0,16139,0.0,False
7,2021/22,year7_125activities.csv,187,DAYS10P60GR_TENPIN_I04,16139,0,0,0,16139,0.0,False
7,2021/22,year7_125activities.csv,188,MONTHS_12_TENPIN_I04,16139,0,0,0,16139,0.0,False
7,2021/22,year7_125activities.csv,191,DAYS10P60GR_CROQUET_I05,16139,0,0,0,16139,0.0,False
7,2021/22,year7_125activities.csv,192,MONTHS_12_CROQUET_I05,16139,0,0,0,16139,0.0,False
7,2021/22,year7_125activities.csv,195,DAYS10P60GR_SNOOKER_I06,16139,0,0,0,16139,0.0,False
7,2021/22,year7_125activities.csv,196,MONTHS_12_SNOOKER_I06,16139,0,0,0,16139,0.0,False
7,2021/22,year7_125activities.csv,199,DAYS10P60GR_POOL_I07,16139,0,0,0,16139,0.0,False
7,2021/22,year7_125activities.csv,200,MONTHS_12_POOL_I07,16139,0,0,0,16139,0.0,False
7,2021/22,year7_125activities.csv,203,DAYS10P60GR_DARTS_I08,16139,0,0,0,16139,0.0,False
7,2021/22,year7_125activities.csv,204,MONTHS_12_DARTS_I08,16139,0,0,0,16139,0.0,False
7,2021/22,year7_125activities.csv,207,DAYS10P60GR_SKITTLES_I09,16139,0,0,0,16139,0.0,False
7,2021/22,year7_125activities.csv,208,MONTHS_12_SKITTLES_I09,16139,0,0,0,16139,0.0,False
7,2021/22,year7_125activities.csv,211,DAYS10P60GR_ARCHERY_J01,16139,0,0,0,16139,0.0,False
7,2021/22,year7_125activities.csv,212,MONTHS_12_ARCHERY_J01,16139,0,0,0,16139,0.0,False
7,2021/22,year7_125activities.csv,215,DAYS10P60GR_FENCING_J03,16139,0,0,0,16139,0.0,False
7,2021/22,year7_125activities.csv,216,MONTHS_12_FENCING_J03,16139,0,0,0,16139,0.0,False
7,2021/22,year7_125activities.csv,219,DAYS10P60GR_TAEKWONDO_J05,16139,0,0,0,16139,0.0,False
7,2021/22,year7_125activities.csv,220,MONTHS_12_TAEKWONDO_J05,16139,0,0,0,16139,0.0,False
7,2021/22,year7_125activities.csv,223,DAYS10P60GR_MARTIAL_J07,16139,0,0,0,16139,0.0,False
7,2021/22,year7_125activities.csv,224,MONTHS_12_MARTIAL_J07,16139,0,0,0,16139,0.0,False
7,2021/22,year7_125activities.csv,227,DAYS10P60GR_SHOOTING_J08,16139,0,0,0,16139,0.0,False
7,2021/22,year7_125activities.csv,228,MONTHS_12_SHOOTING_J08,16139,0,0,0,16139,0.0,False
7,2021/22,year7_125activities.csv,231,DAYS10P60GR_WRESTLING_J09,16139,0,0,0,16139,0.0,False
7,2021/22,year7_125activities.csv,232,MONTHS_12_WRESTLING_J09,16139,0,0,0,16139,0.0,False
7,2021/22,year7_125activities.csv,235,DAYS10P60GR_SNOWSPORT_K01,16139,0,0,0,16139,0.0,False
7,2021/22,year7_125activities.csv,236,MONTHS_12_SNOWSPORT_K01,16139,0,0,0,16139,0.0,False
7,2021/22,year7_125activities.csv,239,DAYS10P60GR_SLEDDING_K02,16139,0,0,0,16139,0.0,False
7,2021/22,year7_125activities.csv,240,MONTHS_12_SLEDDING_K02,16139,0,0,0,16139,0.0,False
7,2021/22,year7_125activities.csv,243,DAYS10P60GR_ICEHOCKEY_K03,16139,0,0,0,16139,0.0,False
7,2021/22,year7_125activities.csv,244,MONTHS_12_ICEHOCKEY_K03,16139,0,0,0,16139,0.0,False
7,2021/22,year7_125activities.csv,247,DAYS10P60GR_TRACKANDFIELD_L02,16139,0,0,0,16139,0.0,False
7,2021/22,year7_125activities.csv,248,MONTHS_12_TRACKANDFIELD_L02,16139,0,0,0,16139,0.0,False
7,2021/22,year7_125activities.csv,251,DAYS10P60GR_FELLRUNNING_L04,16139,0,0,0,16139,0.0,False
7,2021/22,year7_125activities.csv,252,MONTHS_12_FELLRUNNING_L04,16139,0,0,0,16139,0.0,False
7,2021/22,year7_125activities.csv,255,DAYS10P60GR_TRIATHLON_L05,16139,0,0,0,16139,0.0,False
7,2021/22,year7_125activities.csv,256,MONTHS_12_TRIATHLON_L05,16139,0,0,0,16139,0.0,False
7,2021/22,year7_125activities.csv,259,DAYS10P60GR_MODPENT_L06,16139,0,0,0,16139,0.0,False
7,2021/22,year7_125activities.csv,260,MONTHS_12_MODPENT_L06,16139,0,0,0,16139,0.0,False
7,2021/22,year7_125activities.csv,263,DAYS10P60GR_GOLF_L08,16139,0,0,0,16139,0.0,False
7,2021/22,year7_125activities.csv,264,MONTHS_12_GOLF_L08,16139,0,0,0,16139,0.0,False
7,2021/22,year7_125activities.csv,267,DAYS10P60GR_EQUEST_L09,16139,0,0,0,16139,0.0,False
7,2021/22,year7_125activities.csv,268,MONTHS_12_EQUEST_L09,16139,0,0,0,16139,0.0,False
7,2021/22,year7_125activities.csv,271,DAYS10P60GR_BOWLS_L10,16139,0,0,0,16139,0.0,False
7,2021/22,year7_125activities.csv,272,MONTHS_12_BOWLS_L10,16139,0,0,0,16139,0.0,False
7,2021/22,year7_125activities.csv,275,DAYS10P60GR_BOCCIA_L11,16139,0,0,0,16139,0.0,False
7,2021/22,year7_125activities.csv,276,MONTHS_12_BOCCIA_L11,16139,0,0,0,16139,0.0,False
7,2021/22,year7_125activities.csv,279,DAYS10P60GR_BOULES_L12,16139,0,0,0,16139,0.0,False
7,2021/22,year7_125activities.csv,280,MONTHS_12_BOULES_L12,16139,0,0,0,16139,0.0,False
7,2021/22,year7_125activities.csv,283,DAYS10P60GR_GYMNASTICS_L13,16139,0,0,0,16139,0.0,False
7,2021/22,year7_125activities.csv,284,MONTHS_12_GYMNASTICS_L13,16139,0,0,0,16139,0.0,False
7,2021/22,year7_125activities.csv,287,DAYS10P60GR_GARDENTRAMP_L14,16139,0,0,0,16139,0.0,False
7,2021/22,year7_125activities.csv,288,MONTHS_12_GARDENTRAMP_L14,16139,0,0,0,16139,0.0,False
7,2021/22,year7_125activities.csv,291,DAYS10P60GR_CHEERLEADING_L15,16139,0,0,0,16139,0.0,False
7,2021/22,year7_125activities.csv,292,MONTHS_12_CHEERLEADING_L15,16139,0,0,0,16139,0.0,False
7,2021/22,year7_125activities.csv,295,DAYS10P60GR_ROLLERSKATING_L16,16139,0,0,0,16139,0.0,False
7,2021/22,year7_125activities.csv,296,MONTHS_12_ROLLERSKATING_L16,16139,0,0,0,16139,0.0,False
7,2021/22,year7_125activities.csv,299,DAYS10P60GR_SKATEBOARDING_L17,16139,0,0,0,16139,0.0,False
7,2021/22,year7_125activities.csv,300,MONTHS_12_SKATEBOARDING_L17,16139,0,0,0,16139,0.0,False
7,2021/22,year7_125activities.csv,303,DAYS10P60GR_MOTORSPORTS_L18,16139,0,0,0,16139,0.0,False
7,2021/22,year7_125activities.csv,304,MONTHS_12_MOTORSPORTS_L18,16139,0,0,0,16139,0.0,False
7,2021/22,year7_125activities.csv,307,DAYS10P60GR_CYC_OLD_M02,16139,0,0,0,16139,0.0,False
7,2021/22,year7_125activities.csv,308,MONTHS_12_CYC_OLD_M02,16139,0,0,0,16139,0.0,False
7,2021/22,year7_125activities.csv,311,DAYS10P60GR_CYCLEISURE_N01,16139,3867,0,3867,12272,0.23960592353925275,True
7,2021/22,year7_125activities.csv,312,MONTHS_12_CYCLEISURE_N01,16139,3867,0,3867,12272,0.23960592353925275,True
7,2021/22,year7_125activities.csv,315,DAYS10P60GR_CYCMOUNTAIN_N02,16139,3867,0,3867,12272,0.23960592353925275,True
7,2021/22,year7_125activities.csv,316,MONTHS_12_CYCMOUNTAIN_N02,16139,3867,0,3867,12272,0.23960592353925275,True
7,2021/22,year7_125activities.csv,319,DAYS10P60GR_CYCBMX_N03,16139,3867,0,3867,12272,0.23960592353925275,True
7,2021/22,year7_125activities.csv,320,MONTHS_12_CYCBMX_N03,16139,3867,0,3867,12272,0.23960592353925275,True
7,2021/22,year7_125activities.csv,323,DAYS10P60GR_CYCROAD_N04,16139,3867,0,3867,12272,0.23960592353925275,True
7,2021/22,year7_125activities.csv,324,MONTHS_12_CYCROAD_N04,16139,3867,0,3867,12272,0.23960592353925275,True
7,2021/22,year7_125activities.csv,327,DAYS10P60GR_CYCTRACK_N05,16139,3867,0,3867,12272,0.23960592353925275,True
7,2021/22,year7_125activities.csv,328,MONTHS_12_CYCTRACK_N05,16139,3867,0,3867,12272,0.23960592353925275,True
7,2021/22,year7_125activities.csv,331,DAYS10P60GR_CYCCROSS_N06,16139,3867,0,3867,12272,0.23960592353925275,True
7,2021/22,year7_125activities.csv,332,MONTHS_12_CYCCROSS_N06,16139,3867,0,3867,12272,0.23960592353925275,True
7,2021/22,year7_125activities.csv,335,DAYS10P60GR_DANCEOTHER_O01,16139,0,0,0,16139,0.0,False
7,2021/22,year7_125activities.csv,336,MONTHS_12_DANCEOTHER_O01,16139,0,0,0,16139,0.0,False
7,2021/22,year7_125activities.csv,343,DAYS10P60GR_FOOTBALL11_Q01,16139,3867,0,3867,12272,0.23960592353925275,True
7,2021/22,year7_125activities.csv,344,MONTHS_12_FOOTBALL11_Q01,16139,3867,0,3867,12272,0.23960592353925275,True
7,2021/22,year7_125activities.csv,347,DAYS10P60GR_FOOTBALLSMALL_Q02,16139,3867,0,3867,12272,0.23960592353925275,True
7,2021/22,year7_125activities.csv,348,MONTHS_12_FOOTBALLSMALL_Q02,16139,3867,0,3867,12272,0.23960592353925275,True
7,2021/22,year7_125activities.csv,351,DAYS10P60GR_FUTSAL_Q03,16139,3867,0,3867,12272,0.23960592353925275,True
7,2021/22,year7_125activities.csv,352,MONTHS_12_FUTSAL_Q03,16139,3867,0,3867,12272,0.23960592353925275,True
7,2021/22,year7_125activities.csv,355,DAYS10P60GR_FOOTBALLWALK_Q04,16139,3867,0,3867,12272,0.23960592353925275,True
7,2021/22,year7_125activities.csv,356,MONTHS_12_FOOTBALLWALK_Q04,16139,3867,0,3867,12272,0.23960592353925275,True
7,2021/22,year7_125activities.csv,359,DAYS10P60GR_FOOTBALLOTHER_Q05,16139,3867,0,3867,12272,0.23960592353925275,True
7,2021/22,year7_125activities.csv,360,MONTHS_12_FOOTBALLOTHER_Q05,16139,3867,0,3867,12272,0.23960592353925275,True
7,2021/22,year7_125activities.csv,363,DAYS10P60GR_CRICKETLONG_Q06,16139,3867,0,3867,12272,0.23960592353925275,True
7,2021/22,year7_125activities.csv,364,MONTHS_12_CRICKETLONG_Q06,16139,3867,0,3867,12272,0.23960592353925275,True
7,2021/22,year7_125activities.csv,367,DAYS10P60GR_CRICKETSHORT_Q07,16139,3867,0,3867,12272,0.23960592353925275,True
7,2021/22,year7_125activities.csv,368,MONTHS_12_CRICKETSHORT_Q07,16139,3867,0,3867,12272,0.23960592353925275,True
7,2021/22,year7_125activities.csv,371,DAYS10P60GR_CRICKETOTH_Q12,16139,3867,0,3867,12272,0.23960592353925275,True
7,2021/22,year7_125activities.csv,372,MONTHS_12_CRICKETOTH_Q12,16139,3867,0,3867,12272,0.23960592353925275,True
7,2021/22,year7_125activities.csv,375,DAYS10P60GR_RUGBYUN15_Q13,16139,3867,0,3867,12272,0.23960592353925275,True
7,2021/22,year7_125activities.csv,376,MONTHS_12_RUGBYUN15_Q13,16139,3867,0,3867,12272,0.23960592353925275,True
7,2021/22,year7_125activities.csv,379,DAYS10P60GR_RUGBYUNTOUCH_Q14,16139,3867,0,3867,12272,0.23960592353925275,True
7,2021/22,year7_125activities.csv,380,MONTHS_12_RUGBYUNTOUCH_Q14,16139,3867,0,3867,12272,0.23960592353925275,True
7,2021/22,year7_125activities.csv,383,DAYS10P60GR_RUGBYUN7_Q15,16139,3867,0,3867,12272,0.23960592353925275,True
7,2021/22,year7_125activities.csv,384,MONTHS_12_RUGBYUN7_Q15,16139,3867,0,3867,12272,0.23960592353925275,True
7,2021/22,year7_125activities.csv,387,DAYS10P60GR_RUGBYUNTAG_Q16,16139,3867,0,3867,12272,0.23960592353925275,True
7,2021/22,year7_125activities.csv,388,MONTHS_12_RUGBYUNTAG_Q16,16139,3867,0,3867,12272,0.23960592353925275,True
7,2021/22,year7_125activities.csv,391,DAYS10P60GR_RUGBYLEAG13_Q17,16139,3867,0,3867,12272,0.23960592353925275,True
7,2021/22,year7_125activities.csv,392,MONTHS_12_RUGBYLEAG13_Q17,16139,3867,0,3867,12272,0.23960592353925275,True
7,2021/22,year7_125activities.csv,395,DAYS10P60GR_RUGBYLEAGTOUCH_Q18,16139,3867,0,3867,12272,0.23960592353925275,True
7,2021/22,year7_125activities.csv,396,MONTHS_12_RUGBYLEAGTOUCH_Q18,16139,3867,0,3867,12272,0.23960592353925275,True
7,2021/22,year7_125activities.csv,399,DAYS10P60GR_RUGBYLEAGTAG_Q19,16139,3867,0,3867,12272,0.23960592353925275,True
7,2021/22,year7_125activities.csv,400,MONTHS_12_RUGBYLEAGTAG_Q19,16139,3867,0,3867,12272,0.23960592353925275,True
7,2021/22,year7_125activities.csv,403,DAYS10P60GR_ROCKCLIMB_R01,16139,3867,0,3867,12272,0.23960592353925275,True
7,2021/22,year7_125activities.csv,404,MONTHS_12_ROCKCLIMB_R01,16139,3867,0,3867,12272,0.23960592353925275,True
7,2021/22,year7_125activities.csv,407,DAYS10P60GR_CLIMBWALL_R02,16139,3867,0,3867,12272,0.23960592353925275,True
7,2021/22,year7_125activities.csv,408,MONTHS_12_CLIMBWALL_R02,16139,3867,0,3867,12272,0.23960592353925275,True
7,2021/22,year7_125activities.csv,411,DAYS10P60GR_ROWINGWATER_R04,16139,0,0,0,16139,0.0,False
7,2021/22,year7_125activities.csv,412,MONTHS_12_ROWINGWATER_R04,16139,0,0,0,16139,0.0,False
7,2021/22,year7_125activities.csv,415,DAYS10P60GR_BOXINGTRAD_S01,16139,0,0,0,16139,0.0,False
7,2021/22,year7_125activities.csv,416,MONTHS_12_BOXINGTRAD_S01,16139,0,0,0,16139,0.0,False
7,2021/22,year7_125activities.csv,419,DAYS10P60GR_KARATE_S02,16139,3867,0,3867,12272,0.23960592353925275,True
7,2021/22,year7_125activities.csv,420,MONTHS_12_KARATE_S02,16139,3867,0,3867,12272,0.23960592353925275,True
7,2021/22,year7_125activities.csv,423,DAYS10P60GR_JUJITSU_S03,16139,3867,0,3867,12272,0.23960592353925275,True
7,2021/22,year7_125activities.csv,424,MONTHS_12_JUJITSU_S03,16139,3867,0,3867,12272,0.23960592353925275,True
7,2021/22,year7_125activities.csv,427,DAYS10P60GR_AIKIDO_S04,16139,3867,0,3867,12272,0.23960592353925275,True
7,2021/22,year7_125activities.csv,428,MONTHS_12_AIKIDO_S04,16139,3867,0,3867,12272,0.23960592353925275,True
7,2021/22,year7_125activities.csv,431,DAYS10P60GR_MARTIALCHINESE_S05,16139,3867,0,3867,12272,0.23960592353925275,True
7,2021/22,year7_125activities.csv,432,MONTHS_12_MARTIALCHINESE_S05,16139,3867,0,3867,12272,0.23960592353925275,True
7,2021/22,year7_125activities.csv,435,DAYS10P60GR_MARTIALOTHER_S06,16139,3867,0,3867,12272,0.23960592353925275,True
7,2021/22,year7_125activities.csv,436,MONTHS_12_MARTIALOTHER_S06,16139,3867,0,3867,12272,0.23960592353925275,True
7,2021/22,year7_125activities.csv,439,DAYS10P60GR_AIRGUN_S08,16139,3867,0,3867,12272,0.23960592353925275,True
7,2021/22,year7_125activities.csv,440,MONTHS_12_AIRGUN_S08,16139,3867,0,3867,12272,0.23960592353925275,True
7,2021/22,year7_125activities.csv,443,DAYS10P60GR_RIFLE_S09,16139,3867,0,3867,12272,0.23960592353925275,True
7,2021/22,year7_125activities.csv,444,MONTHS_12_RIFLE_S09,16139,3867,0,3867,12272,0.23960592353925275,True
7,2021/22,year7_125activities.csv,447,DAYS10P60GR_SKIING_T01,16139,3867,0,3867,12272,0.23960592353925275,True
7,2021/22,year7_125activities.csv,448,MONTHS_12_SKIING_T01,16139,3867,0,3867,12272,0.23960592353925275,True
7,2021/22,year7_125activities.csv,451,DAYS10P60GR_SNOWBOARDING_T02,16139,3867,0,3867,12272,0.23960592353925275,True
7,2021/22,year7_125activities.csv,452,MONTHS_12_SNOWBOARDING_T02,16139,3867,0,3867,12272,0.23960592353925275,True
7,2021/22,year7_125activities.csv,455,DAYS10P60GR_DIVING_U05,16139,3867,0,3867,12272,0.23960592353925275,True
7,2021/22,year7_125activities.csv,456,MONTHS_12_DIVING_U05,16139,3867,0,3867,12272,0.23960592353925275,True
7,2021/22,year7_125activities.csv,459,DAYS10P60GR_WATERPOLO_U06,16139,3867,0,3867,12272,0.23960592353925275,True
7,2021/22,year7_125activities.csv,460,MONTHS_12_WATERPOLO_U06,16139,3867,0,3867,12272,0.23960592353925275,True
7,2021/22,year7_125activities.csv,463,DAYS10P60GR_RUNJOG_U07,16139,0,0,0,16139,0.0,False
7,2021/22,year7_125activities.csv,464,MONTHS_12_RUNJOG_U07,16139,0,0,0,16139,0.0,False
7,2021/22,year7_125activities.csv,467,DAYS10P60GR_GOLFFULL_U08,16139,3867,0,3867,12272,0.23960592353925275,True
7,2021/22,year7_125activities.csv,468,MONTHS_12_GOLFFULL_U08,16139,3867,0,3867,12272,0.23960592353925275,True
7,2021/22,year7_125activities.csv,471,DAYS10P60GR_GOLFSHORT_U09,16139,3867,0,3867,12272,0.23960592353925275,True
7,2021/22,year7_125activities.csv,472,MONTHS_12_GOLFSHORT_U09,16139,3867,0,3867,12272,0.23960592353925275,True
7,2021/22,year7_125activities.csv,475,DAYS10P60GR_DRIVINGRANGE_U10,16139,3867,0,3867,12272,0.23960592353925275,True
7,2021/22,year7_125activities.csv,476,MONTHS_12_DRIVINGRANGE_U10,16139,3867,0,3867,12272,0.23960592353925275,True
7,2021/22,year7_125activities.csv,479,DAYS10P60GR_GOLFADV_U11,16139,3867,0,3867,12272,0.23960592353925275,True
7,2021/22,year7_125activities.csv,480,MONTHS_12_GOLFADV_U11,16139,3867,0,3867,12272,0.23960592353925275,True
7,2021/22,year7_125activities.csv,483,DAYS10P60GR_EQUESTHACKING_U12,16139,3867,0,3867,12272,0.23960592353925275,True
7,2021/22,year7_125activities.csv,484,MONTHS_12_EQUESTHACKING_U12,16139,3867,0,3867,12272,0.23960592353925275,True
7,2021/22,year7_125activities.csv,487,DAYS10P60GR_EQUESTSCHOOLING_U13,16139,3867,0,3867,12272,0.23960592353925275,True
7,2021/22,year7_125activities.csv,488,MONTHS_12_EQUESTSCHOOLING_U13,16139,3867,0,3867,12272,0.23960592353925275,True
7,2021/22,year7_125activities.csv,491,DAYS10P60GR_EQUESTSHOWJUMP_U14,16139,3867,0,3867,12272,0.23960592353925275,True
7,2021/22,year7_125activities.csv,492,MONTHS_12_EQUESTSHOWJUMP_U14,16139,3867,0,3867,12272,0.23960592353925275,True
7,2021/22,year7_125activities.csv,495,DAYS10P60GR_EQUESTDRESSAGE_U15,16139,3867,0,3867,12272,0.23960592353925275,True
7,2021/22,year7_125activities.csv,496,MONTHS_12_EQUESTDRESSAGE_U15,16139,3867,0,3867,12272,0.23960592353925275,True
7,2021/22,year7_125activities.csv,499,DAYS10P60GR_EQUESTEVENTING_U16,16139,3867,0,3867,12272,0.23960592353925275,True
7,2021/22,year7_125activities.csv,500,MONTHS_12_EQUESTEVENTING_U16,16139,3867,0,3867,12272,0.23960592353925275,True
7,2021/22,year7_125activities.csv,503,DAYS10P60GR_EQUESTOTHER_U17,16139,3867,0,3867,12272,0.23960592353925275,True
7,2021/22,year7_125activities.csv,504,MONTHS_12_EQUESTOTHER_U17,16139,3867,0,3867,12272,0.23960592353925275,True
7,2021/22,year7_125activities.csv,507,DAYS10P60GR_BOWLSCARPET_U18,16139,3867,0,3867,12272,0.23960592353925275,True
7,2021/22,year7_125activities.csv,508,MONTHS_12_BOWLSCARPET_U18,16139,3867,0,3867,12272,0.23960592353925275,True
7,2021/22,year7_125activities.csv,511,DAYS10P60GR_BOWLSCROWNGREEN_U19,16139,3867,0,3867,12272,0.23960592353925275,True
7,2021/22,year7_125activities.csv,512,MONTHS_12_BOWLSCROWNGREEN_U19,16139,3867,0,3867,12272,0.23960592353925275,True
7,2021/22,year7_125activities.csv,515,DAYS10P60GR_BOWLSFLATGREEN_U20,16139,3867,0,3867,12272,0.23960592353925275,True
7,2021/22,year7_125activities.csv,516,MONTHS_12_BOWLSFLATGREEN_U20,16139,3867,0,3867,12272,0.23960592353925275,True
7,2021/22,year7_125activities.csv,519,DAYS10P60GR_BOWLSSHORTMAT_U23,16139,3867,0,3867,12272,0.23960592353925275,True
7,2021/22,year7_125activities.csv,520,MONTHS_12_BOWLSSHORTMAT_U23,16139,3867,0,3867,12272,0.23960592353925275,True
7,2021/22,year7_125activities.csv,523,DAYS10P60GR_GYMNASTICSONLY_U24,16139,3867,0,3867,12272,0.23960592353925275,True
7,2021/22,year7_125activities.csv,524,MONTHS_12_GYMNASTICSONLY_U24,16139,3867,0,3867,12272,0.23960592353925275,True
7,2021/22,year7_125activities.csv,527,DAYS10P60GR_TRAMPOLINING_U25,16139,3867,0,3867,12272,0.23960592353925275,True
7,2021/22,year7_125activities.csv,528,MONTHS_12_TRAMPOLINING_U25,16139,3867,0,3867,12272,0.23960592353925275,True
7,2021/22,year7_125activities.csv,531,DAYS10P60GR_KARTING_U26,16139,3867,0,3867,12272,0.23960592353925275,True
7,2021/22,year7_125activities.csv,532,MONTHS_12_KARTING_U26,16139,3867,0,3867,12272,0.23960592353925275,True
7,2021/22,year7_125activities.csv,535,DAYS10P60GR_MOTORCYCRACE_U27,16139,3867,0,3867,12272,0.23960592353925275,True
7,2021/22,year7_125activities.csv,536,MONTHS_12_MOTORCYCRACE_U27,16139,3867,0,3867,12272,0.23960592353925275,True
7,2021/22,year7_125activities.csv,539,DAYS10P60GR_MOTORCARRACE_U28,16139,3867,0,3867,12272,0.23960592353925275,True
7,2021/22,year7_125activities.csv,540,MONTHS_12_MOTORCARRACE_U28,16139,3867,0,3867,12272,0.23960592353925275,True
8,2022/23,year8_125activities.csv,2,wt_final,16515,0,0,0,16515,0.0,False
8,2022/23,year8_125activities.csv,9,wt_time,16515,0,0,0,16515,0.0,False
8,2022/23,year8_125activities.csv,11,mode,16515,0,0,0,16515,0.0,False
8,2022/23,year8_125activities.csv,12,month,16515,0,0,0,16515,0.0,False
8,2022/23,year8_125activities.csv,14,LondInOut,16515,0,0,0,16515,0.0,False
8,2022/23,year8_125activities.csv,15,LA_2023,16515,0,0,0,16515,0.0,False
8,2022/23,year8_125activities.csv,16,Age9,16515,136,0,136,16379,0.008234937935210416,True
8,2022/23,year8_125activities.csv,17,Disab3,16515,1164,0,1164,15351,0.07048138056312443,True
8,2022/23,year8_125activities.csv,32,MEMS7GR_ALL,16515,0,0,0,16515,0.0,False
8,2022/23,year8_125activities.csv,43,DAYS10P60GR_WALKTRAV_B02,16515,0,0,0,16515,0.0,False
8,2022/23,year8_125activities.csv,44,MONTHS_12_WALKTRAV_B02,16515,0,0,0,16515,0.0,False
8,2022/23,year8_125activities.csv,47,DAYS10P60GR_CYCTRAV_B04,16515,0,0,0,16515,0.0,False
8,2022/23,year8_125activities.csv,48,MONTHS_12_CYCTRAV_B04,16515,0,0,0,16515,0.0,False
8,2022/23,year8_125activities.csv,51,DAYS10P60GR_DANCEART_B05,16515,0,0,0,16515,0.0,False
8,2022/23,year8_125activities.csv,52,MONTHS_12_DANCEART_B05,16515,0,0,0,16515,0.0,False
8,2022/23,year8_125activities.csv,55,DAYS10P60GR_GARD_B08,16515,0,0,0,16515,0.0,False
8,2022/23,year8_125activities.csv,56,MONTHS_12_GARD_B08,16515,0,0,0,16515,0.0,False
8,2022/23,year8_125activities.csv,59,DAYS10P60GR_ACTTRAV_C03,16515,0,0,0,16515,0.0,False
8,2022/23,year8_125activities.csv,60,MONTHS_12_ACTTRAV_C03,16515,0,0,0,16515,0.0,False
8,2022/23,year8_125activities.csv,63,DAYS10P60GR_WINTER_C10,16515,0,0,0,16515,0.0,False
8,2022/23,year8_125activities.csv,64,MONTHS_12_WINTER_C10,16515,0,0,0,16515,0.0,False
8,2022/23,year8_125activities.csv,67,DAYS10P60GR_BOWLSBOULES_C12,16515,0,0,0,16515,0.0,False
8,2022/23,year8_125activities.csv,68,MONTHS_12_BOWLSBOULES_C12,16515,0,0,0,16515,0.0,False
8,2022/23,year8_125activities.csv,71,DAYS10P60GR_GYMTRAMPCHEER_C13,16515,0,0,0,16515,0.0,False
8,2022/23,year8_125activities.csv,72,MONTHS_12_GYMTRAMPCHEER_C13,16515,0,0,0,16515,0.0,False
8,2022/23,year8_125activities.csv,75,DAYS10P60GR_FOOTBALL_F01,16515,0,0,0,16515,0.0,False
8,2022/23,year8_125activities.csv,76,MONTHS_12_FOOTBALL_F01,16515,0,0,0,16515,0.0,False
8,2022/23,year8_125activities.csv,79,DAYS10P60GR_RUGBYUNION_F03,16515,0,0,0,16515,0.0,False
8,2022/23,year8_125activities.csv,80,MONTHS_12_RUGBYUNION_F03,16515,0,0,0,16515,0.0,False
8,2022/23,year8_125activities.csv,83,DAYS10P60GR_RUGBYLEAGUE_F04,16515,0,0,0,16515,0.0,False
8,2022/23,year8_125activities.csv,84,MONTHS_12_RUGBYLEAGUE_F04,16515,0,0,0,16515,0.0,False
8,2022/23,year8_125activities.csv,87,DAYS10P60GR_WHEELCHRUGBY_F05,16515,0,0,0,16515,0.0,False
8,2022/23,year8_125activities.csv,88,MONTHS_12_WHEELCHRUGBY_F05,16515,0,0,0,16515,0.0,False
8,2022/23,year8_125activities.csv,91,DAYS10P60GR_NETBALL_F06,16515,0,0,0,16515,0.0,False
8,2022/23,year8_125activities.csv,92,MONTHS_12_NETBALL_F06,16515,0,0,0,16515,0.0,False
8,2022/23,year8_125activities.csv,95,DAYS10P60GR_BASKETBALL_F07,16515,0,0,0,16515,0.0,False
8,2022/23,year8_125activities.csv,96,MONTHS_12_BASKETBALL_F07,16515,0,0,0,16515,0.0,False
8,2022/23,year8_125activities.csv,99,DAYS10P60GR_WHEELCHBASKETBALL_F08,16515,0,0,0,16515,0.0,False
8,2022/23,year8_125activities.csv,100,MONTHS_12_WHEELCHBASKETBALL_F08,16515,0,0,0,16515,0.0,False
8,2022/23,year8_125activities.csv,103,DAYS10P60GR_HOCKEY_F09,16515,0,0,0,16515,0.0,False
8,2022/23,year8_125activities.csv,104,MONTHS_12_HOCKEY_F09,16515,0,0,0,16515,0.0,False
8,2022/23,year8_125activities.csv,107,DAYS10P60GR_VOLLEYBALL_F10,16515,0,0,0,16515,0.0,False
8,2022/23,year8_125activities.csv,108,MONTHS_12_VOLLEYBALL_F10,16515,0,0,0,16515,0.0,False
8,2022/23,year8_125activities.csv,111,DAYS10P60GR_ROUNDERS_F11,16515,0,0,0,16515,0.0,False
8,2022/23,year8_125activities.csv,112,MONTHS_12_ROUNDERS_F11,16515,0,0,0,16515,0.0,False
8,2022/23,year8_125activities.csv,115,DAYS10P60GR_DODGEBALL_F12,16515,0,0,0,16515,0.0,False
8,2022/23,year8_125activities.csv,116,MONTHS_12_DODGEBALL_F12,16515,0,0,0,16515,0.0,False
8,2022/23,year8_125activities.csv,119,DAYS10P60GR_BASESOFTBALL_F13,16515,0,0,0,16515,0.0,False
8,2022/23,year8_125activities.csv,120,MONTHS_12_BASESOFTBALL_F13,16515,0,0,0,16515,0.0,False
8,2022/23,year8_125activities.csv,123,DAYS10P60GR_LACROSSE_F14,16515,0,0,0,16515,0.0,False
8,2022/23,year8_125activities.csv,124,MONTHS_12_LACROSSE_F14,16515,0,0,0,16515,0.0,False
8,2022/23,year8_125activities.csv,127,DAYS10P60GR_GOALBALL_F15,16515,0,0,0,16515,0.0,False
8,2022/23,year8_125activities.csv,128,MONTHS_12_GOALBALL_F15,16515,0,0,0,16515,0.0,False
8,2022/23,year8_125activities.csv,131,DAYS10P60GR_HANDBALL_F16,16515,0,0,0,16515,0.0,False
8,2022/23,year8_125activities.csv,132,MONTHS_12_HANDBALL_F16,16515,0,0,0,16515,0.0,False
8,2022/23,year8_125activities.csv,135,DAYS10P60GR_TENNIS_G01,16515,0,0,0,16515,0.0,False
8,2022/23,year8_125activities.csv,136,MONTHS_12_TENNIS_G01,16515,0,0,0,16515,0.0,False
8,2022/23,year8_125activities.csv,139,DAYS10P60GR_BADMINTON_G02,16515,0,0,0,16515,0.0,False
8,2022/23,year8_125activities.csv,140,MONTHS_12_BADMINTON_G02,16515,0,0,0,16515,0.0,False
8,2022/23,year8_125activities.csv,143,DAYS10P60GR_TABLETENNIS_G03,16515,0,0,0,16515,0.0,False
8,2022/23,year8_125activities.csv,144,MONTHS_12_TABLETENNIS_G03,16515,0,0,0,16515,0.0,False
8,2022/23,year8_125activities.csv,147,DAYS10P60GR_CAVING_H02,16515,0,0,0,16515,0.0,False
8,2022/23,year8_125activities.csv,148,MONTHS_12_CAVING_H02,16515,0,0,0,16515,0.0,False
8,2022/23,year8_125activities.csv,151,DAYS10P60GR_ABSEILING_H03,16515,0,0,0,16515,0.0,False
8,2022/23,year8_125activities.csv,152,MONTHS_12_ABSEILING_H03,16515,0,0,0,16515,0.0,False
8,2022/23,year8_125activities.csv,155,DAYS10P60GR_ORIENTEERING_H04,16515,0,0,0,16515,0.0,False
8,2022/23,year8_125activities.csv,156,MONTHS_12_ORIENTEERING_H04,16515,0,0,0,16515,0.0,False
8,2022/23,year8_125activities.csv,159,DAYS10P60GR_PARKOUR_H05,16515,0,0,0,16515,0.0,False
8,2022/23,year8_125activities.csv,160,MONTHS_12_PARKOUR_H05,16515,0,0,0,16515,0.0,False
8,2022/23,year8_125activities.csv,163,DAYS10P60GR_GLIDING_H08,16515,0,0,0,16515,0.0,False
8,2022/23,year8_125activities.csv,164,MONTHS_12_GLIDING_H08,16515,0,0,0,16515,0.0,False
8,2022/23,year8_125activities.csv,167,DAYS10P60GR_WATERSKIING_H10,16515,0,0,0,16515,0.0,False
8,2022/23,year8_125activities.csv,168,MONTHS_12_WATERSKIING_H10,16515,0,0,0,16515,0.0,False
8,2022/23,year8_125activities.csv,171,DAYS10P60GR_LIFESAVING_H13,16515,0,0,0,16515,0.0,False
8,2022/23,year8_125activities.csv,172,MONTHS_12_LIFESAVING_H13,16515,0,0,0,16515,0.0,False
8,2022/23,year8_125activities.csv,175,DAYS10P60GR_HIGHROPES_H14,16515,0,0,0,16515,0.0,False
8,2022/23,year8_125activities.csv,176,MONTHS_12_HIGHROPES_H14,16515,0,0,0,16515,0.0,False
8,2022/23,year8_125activities.csv,179,DAYS10P60GR_ICESKATING_I02,16515,0,0,0,16515,0.0,False
8,2022/23,year8_125activities.csv,180,MONTHS_12_ICESKATING_I02,16515,0,0,0,16515,0.0,False
8,2022/23,year8_125activities.csv,183,DAYS10P60GR_FRISBEE_I03,16515,0,0,0,16515,0.0,False
8,2022/23,year8_125activities.csv,184,MONTHS_12_FRISBEE_I03,16515,0,0,0,16515,0.0,False
8,2022/23,year8_125activities.csv,187,DAYS10P60GR_TENPIN_I04,16515,0,0,0,16515,0.0,False
8,2022/23,year8_125activities.csv,188,MONTHS_12_TENPIN_I04,16515,0,0,0,16515,0.0,False
8,2022/23,year8_125activities.csv,191,DAYS10P60GR_CROQUET_I05,16515,0,0,0,16515,0.0,False
8,2022/23,year8_125activities.csv,192,MONTHS_12_CROQUET_I05,16515,0,0,0,16515,0.0,False
8,2022/23,year8_125activities.csv,195,DAYS10P60GR_SNOOKER_I06,16515,0,0,0,16515,0.0,False
8,2022/23,year8_125activities.csv,196,MONTHS_12_SNOOKER_I06,16515,0,0,0,16515,0.0,False
8,2022/23,year8_125activities.csv,199,DAYS10P60GR_POOL_I07,16515,0,0,0,16515,0.0,False
8,2022/23,year8_125activities.csv,200,MONTHS_12_POOL_I07,16515,0,0,0,16515,0.0,False
8,2022/23,year8_125activities.csv,203,DAYS10P60GR_DARTS_I08,16515,0,0,0,16515,0.0,False
8,2022/23,year8_125activities.csv,204,MONTHS_12_DARTS_I08,16515,0,0,0,16515,0.0,False
8,2022/23,year8_125activities.csv,207,DAYS10P60GR_SKITTLES_I09,16515,0,0,0,16515,0.0,False
8,2022/23,year8_125activities.csv,208,MONTHS_12_SKITTLES_I09,16515,0,0,0,16515,0.0,False
8,2022/23,year8_125activities.csv,211,DAYS10P60GR_ARCHERY_J01,16515,0,0,0,16515,0.0,False
8,2022/23,year8_125activities.csv,212,MONTHS_12_ARCHERY_J01,16515,0,0,0,16515,0.0,False
8,2022/23,year8_125activities.csv,215,DAYS10P60GR_FENCING_J03,16515,0,0,0,16515,0.0,False
8,2022/23,year8_125activities.csv,216,MONTHS_12_FENCING_J03,16515,0,0,0,16515,0.0,False
8,2022/23,year8_125activities.csv,219,DAYS10P60GR_TAEKWONDO_J05,16515,0,0,0,16515,0.0,False
8,2022/23,year8_125activities.csv,220,MONTHS_12_TAEKWONDO_J05,16515,0,0,0,16515,0.0,False
8,2022/23,year8_125activities.csv,223,DAYS10P60GR_MARTIAL_J07,16515,0,0,0,16515,0.0,False
8,2022/23,year8_125activities.csv,224,MONTHS_12_MARTIAL_J07,16515,0,0,0,16515,0.0,False
8,2022/23,year8_125activities.csv,227,DAYS10P60GR_SHOOTING_J08,16515,0,0,0,16515,0.0,False
8,2022/23,year8_125activities.csv,228,MONTHS_12_SHOOTING_J08,16515,0,0,0,16515,0.0,False
8,2022/23,year8_125activities.csv,231,DAYS10P60GR_WRESTLING_J09,16515,0,0,0,16515,0.0,False
8,2022/23,year8_125activities.csv,232,MONTHS_12_WRESTLING_J09,16515,0,0,0,16515,0.0,False
8,2022/23,year8_125activities.csv,235,DAYS10P60GR_SNOWSPORT_K01,16515,0,0,0,16515,0.0,False
8,2022/23,year8_125activities.csv,236,MONTHS_12_SNOWSPORT_K01,16515,0,0,0,16515,0.0,False
8,2022/23,year8_125activities.csv,239,DAYS10P60GR_SLEDDING_K02,16515,0,0,0,16515,0.0,False
8,2022/23,year8_125activities.csv,240,MONTHS_12_SLEDDING_K02,16515,0,0,0,16515,0.0,False
8,2022/23,year8_125activities.csv,243,DAYS10P60GR_ICEHOCKEY_K03,16515,0,0,0,16515,0.0,False
8,2022/23,year8_125activities.csv,244,MONTHS_12_ICEHOCKEY_K03,16515,0,0,0,16515,0.0,False
8,2022/23,year8_125activities.csv,247,DAYS10P60GR_TRACKANDFIELD_L02,16515,0,0,0,16515,0.0,False
8,2022/23,year8_125activities.csv,248,MONTHS_12_TRACKANDFIELD_L02,16515,0,0,0,16515,0.0,False
8,2022/23,year8_125activities.csv,251,DAYS10P60GR_FELLRUNNING_L04,16515,0,0,0,16515,0.0,False
8,2022/23,year8_125activities.csv,252,MONTHS_12_FELLRUNNING_L04,16515,0,0,0,16515,0.0,False
8,2022/23,year8_125activities.csv,255,DAYS10P60GR_TRIATHLON_L05,16515,0,0,0,16515,0.0,False
8,2022/23,year8_125activities.csv,256,MONTHS_12_TRIATHLON_L05,16515,0,0,0,16515,0.0,False
8,2022/23,year8_125activities.csv,259,DAYS10P60GR_MODPENT_L06,16515,0,0,0,16515,0.0,False
8,2022/23,year8_125activities.csv,260,MONTHS_12_MODPENT_L06,16515,0,0,0,16515,0.0,False
8,2022/23,year8_125activities.csv,263,DAYS10P60GR_GOLF_L08,16515,0,0,0,16515,0.0,False
8,2022/23,year8_125activities.csv,264,MONTHS_12_GOLF_L08,16515,0,0,0,16515,0.0,False
8,2022/23,year8_125activities.csv,267,DAYS10P60GR_EQUEST_L09,16515,0,0,0,16515,0.0,False
8,2022/23,year8_125activities.csv,268,MONTHS_12_EQUEST_L09,16515,0,0,0,16515,0.0,False
8,2022/23,year8_125activities.csv,271,DAYS10P60GR_BOWLS_L10,16515,0,0,0,16515,0.0,False
8,2022/23,year8_125activities.csv,272,MONTHS_12_BOWLS_L10,16515,0,0,0,16515,0.0,False
8,2022/23,year8_125activities.csv,275,DAYS10P60GR_BOCCIA_L11,16515,0,0,0,16515,0.0,False
8,2022/23,year8_125activities.csv,276,MONTHS_12_BOCCIA_L11,16515,0,0,0,16515,0.0,False
8,2022/23,year8_125activities.csv,279,DAYS10P60GR_BOULES_L12,16515,0,0,0,16515,0.0,False
8,2022/23,year8_125activities.csv,280,MONTHS_12_BOULES_L12,16515,0,0,0,16515,0.0,False
8,2022/23,year8_125activities.csv,283,DAYS10P60GR_GYMNASTICS_L13,16515,0,0,0,16515,0.0,False
8,2022/23,year8_125activities.csv,284,MONTHS_12_GYMNASTICS_L13,16515,0,0,0,16515,0.0,False
8,2022/23,year8_125activities.csv,287,DAYS10P60GR_GARDENTRAMP_L14,16515,0,0,0,16515,0.0,False
8,2022/23,year8_125activities.csv,288,MONTHS_12_GARDENTRAMP_L14,16515,0,0,0,16515,0.0,False
8,2022/23,year8_125activities.csv,291,DAYS10P60GR_CHEERLEADING_L15,16515,0,0,0,16515,0.0,False
8,2022/23,year8_125activities.csv,292,MONTHS_12_CHEERLEADING_L15,16515,0,0,0,16515,0.0,False
8,2022/23,year8_125activities.csv,295,DAYS10P60GR_ROLLERSKATING_L16,16515,0,0,0,16515,0.0,False
8,2022/23,year8_125activities.csv,296,MONTHS_12_ROLLERSKATING_L16,16515,0,0,0,16515,0.0,False
8,2022/23,year8_125activities.csv,299,DAYS10P60GR_SKATEBOARDING_L17,16515,0,0,0,16515,0.0,False
8,2022/23,year8_125activities.csv,300,MONTHS_12_SKATEBOARDING_L17,16515,0,0,0,16515,0.0,False
8,2022/23,year8_125activities.csv,303,DAYS10P60GR_MOTORSPORTS_L18,16515,0,0,0,16515,0.0,False
8,2022/23,year8_125activities.csv,304,MONTHS_12_MOTORSPORTS_L18,16515,0,0,0,16515,0.0,False
8,2022/23,year8_125activities.csv,307,DAYS10P60GR_CYC_OLD_M02,16515,0,0,0,16515,0.0,False
8,2022/23,year8_125activities.csv,308,MONTHS_12_CYC_OLD_M02,16515,0,0,0,16515,0.0,False
8,2022/23,year8_125activities.csv,311,DAYS10P60GR_CYCLEISURE_N01,16515,3687,0,3687,12828,0.22325158946412352,True
8,2022/23,year8_125activities.csv,312,MONTHS_12_CYCLEISURE_N01,16515,3687,0,3687,12828,0.22325158946412352,True
8,2022/23,year8_125activities.csv,315,DAYS10P60GR_CYCMOUNTAIN_N02,16515,3687,0,3687,12828,0.22325158946412352,True
8,2022/23,year8_125activities.csv,316,MONTHS_12_CYCMOUNTAIN_N02,16515,3687,0,3687,12828,0.22325158946412352,True
8,2022/23,year8_125activities.csv,319,DAYS10P60GR_CYCBMX_N03,16515,3687,0,3687,12828,0.22325158946412352,True
8,2022/23,year8_125activities.csv,320,MONTHS_12_CYCBMX_N03,16515,3687,0,3687,12828,0.22325158946412352,True
8,2022/23,year8_125activities.csv,323,DAYS10P60GR_CYCROAD_N04,16515,3687,0,3687,12828,0.22325158946412352,True
8,2022/23,year8_125activities.csv,324,MONTHS_12_CYCROAD_N04,16515,3687,0,3687,12828,0.22325158946412352,True
8,2022/23,year8_125activities.csv,327,DAYS10P60GR_CYCTRACK_N05,16515,3687,0,3687,12828,0.22325158946412352,True
8,2022/23,year8_125activities.csv,328,MONTHS_12_CYCTRACK_N05,16515,3687,0,3687,12828,0.22325158946412352,True
8,2022/23,year8_125activities.csv,331,DAYS10P60GR_CYCCROSS_N06,16515,3687,0,3687,12828,0.22325158946412352,True
8,2022/23,year8_125activities.csv,332,MONTHS_12_CYCCROSS_N06,16515,3687,0,3687,12828,0.22325158946412352,True
8,2022/23,year8_125activities.csv,335,DAYS10P60GR_DANCEOTHER_O01,16515,0,0,0,16515,0.0,False
8,2022/23,year8_125activities.csv,336,MONTHS_12_DANCEOTHER_O01,16515,0,0,0,16515,0.0,False
8,2022/23,year8_125activities.csv,343,DAYS10P60GR_FOOTBALL11_Q01,16515,3687,0,3687,12828,0.22325158946412352,True
8,2022/23,year8_125activities.csv,344,MONTHS_12_FOOTBALL11_Q01,16515,3687,0,3687,12828,0.22325158946412352,True
8,2022/23,year8_125activities.csv,347,DAYS10P60GR_FOOTBALLSMALL_Q02,16515,3687,0,3687,12828,0.22325158946412352,True
8,2022/23,year8_125activities.csv,348,MONTHS_12_FOOTBALLSMALL_Q02,16515,3687,0,3687,12828,0.22325158946412352,True
8,2022/23,year8_125activities.csv,351,DAYS10P60GR_FUTSAL_Q03,16515,3687,0,3687,12828,0.22325158946412352,True
8,2022/23,year8_125activities.csv,352,MONTHS_12_FUTSAL_Q03,16515,3687,0,3687,12828,0.22325158946412352,True
8,2022/23,year8_125activities.csv,355,DAYS10P60GR_FOOTBALLWALK_Q04,16515,3687,0,3687,12828,0.22325158946412352,True
8,2022/23,year8_125activities.csv,356,MONTHS_12_FOOTBALLWALK_Q04,16515,3687,0,3687,12828,0.22325158946412352,True
8,2022/23,year8_125activities.csv,359,DAYS10P60GR_FOOTBALLOTHER_Q05,16515,3687,0,3687,12828,0.22325158946412352,True
8,2022/23,year8_125activities.csv,360,MONTHS_12_FOOTBALLOTHER_Q05,16515,3687,0,3687,12828,0.22325158946412352,True
8,2022/23,year8_125activities.csv,363,DAYS10P60GR_CRICKETLONG_Q06,16515,3687,0,3687,12828,0.22325158946412352,True
8,2022/23,year8_125activities.csv,364,MONTHS_12_CRICKETLONG_Q06,16515,3687,0,3687,12828,0.22325158946412352,True
8,2022/23,year8_125activities.csv,367,DAYS10P60GR_CRICKETSHORT_Q07,16515,3687,0,3687,12828,0.22325158946412352,True
8,2022/23,year8_125activities.csv,368,MONTHS_12_CRICKETSHORT_Q07,16515,3687,0,3687,12828,0.22325158946412352,True
8,2022/23,year8_125activities.csv,371,DAYS10P60GR_CRICKETOTH_Q12,16515,3687,0,3687,12828,0.22325158946412352,True
8,2022/23,year8_125activities.csv,372,MONTHS_12_CRICKETOTH_Q12,16515,3687,0,3687,12828,0.22325158946412352,True
8,2022/23,year8_125activities.csv,375,DAYS10P60GR_RUGBYUN15_Q13,16515,3687,0,3687,12828,0.22325158946412352,True
8,2022/23,year8_125activities.csv,376,MONTHS_12_RUGBYUN15_Q13,16515,3687,0,3687,12828,0.22325158946412352,True
8,2022/23,year8_125activities.csv,379,DAYS10P60GR_RUGBYUNTOUCH_Q14,16515,3687,0,3687,12828,0.22325158946412352,True
8,2022/23,year8_125activities.csv,380,MONTHS_12_RUGBYUNTOUCH_Q14,16515,3687,0,3687,12828,0.22325158946412352,True
8,2022/23,year8_125activities.csv,383,DAYS10P60GR_RUGBYUN7_Q15,16515,3687,0,3687,12828,0.22325158946412352,True
8,2022/23,year8_125activities.csv,384,MONTHS_12_RUGBYUN7_Q15,16515,3687,0,3687,12828,0.22325158946412352,True
8,2022/23,year8_125activities.csv,387,DAYS10P60GR_RUGBYUNTAG_Q16,16515,3687,0,3687,12828,0.22325158946412352,True
8,2022/23,year8_125activities.csv,388,MONTHS_12_RUGBYUNTAG_Q16,16515,3687,0,3687,12828,0.22325158946412352,True
8,2022/23,year8_125activities.csv,391,DAYS10P60GR_RUGBYLEAG13_Q17,16515,3687,0,3687,12828,0.22325158946412352,True
8,2022/23,year8_125activities.csv,392,MONTHS_12_RUGBYLEAG13_Q17,16515,3687,0,3687,12828,0.22325158946412352,True
8,2022/23,year8_125activities.csv,395,DAYS10P60GR_RUGBYLEAGTOUCH_Q18,16515,3687,0,3687,12828,0.22325158946412352,True
8,2022/23,year8_125activities.csv,396,MONTHS_12_RUGBYLEAGTOUCH_Q18,16515,3687,0,3687,12828,0.22325158946412352,True
8,2022/23,year8_125activities.csv,399,DAYS10P60GR_RUGBYLEAGTAG_Q19,16515,3687,0,3687,12828,0.22325158946412352,True
8,2022/23,year8_125activities.csv,400,MONTHS_12_RUGBYLEAGTAG_Q19,16515,3687,0,3687,12828,0.22325158946412352,True
8,2022/23,year8_125activities.csv,403,DAYS10P60GR_ROCKCLIMB_R01,16515,3687,0,3687,12828,0.22325158946412352,True
8,2022/23,year8_125activities.csv,404,MONTHS_12_ROCKCLIMB_R01,16515,3687,0,3687,12828,0.22325158946412352,True
8,2022/23,year8_125activities.csv,407,DAYS10P60GR_CLIMBWALL_R02,16515,3687,0,3687,12828,0.22325158946412352,True
8,2022/23,year8_125activities.csv,408,MONTHS_12_CLIMBWALL_R02,16515,3687,0,3687,12828,0.22325158946412352,True
8,2022/23,year8_125activities.csv,411,DAYS10P60GR_ROWINGWATER_R04,16515,0,0,0,16515,0.0,False
8,2022/23,year8_125activities.csv,412,MONTHS_12_ROWINGWATER_R04,16515,0,0,0,16515,0.0,False
8,2022/23,year8_125activities.csv,415,DAYS10P60GR_BOXINGTRAD_S01,16515,0,0,0,16515,0.0,False
8,2022/23,year8_125activities.csv,416,MONTHS_12_BOXINGTRAD_S01,16515,0,0,0,16515,0.0,False
8,2022/23,year8_125activities.csv,419,DAYS10P60GR_KARATE_S02,16515,3687,0,3687,12828,0.22325158946412352,True
8,2022/23,year8_125activities.csv,420,MONTHS_12_KARATE_S02,16515,3687,0,3687,12828,0.22325158946412352,True
8,2022/23,year8_125activities.csv,423,DAYS10P60GR_JUJITSU_S03,16515,3687,0,3687,12828,0.22325158946412352,True
8,2022/23,year8_125activities.csv,424,MONTHS_12_JUJITSU_S03,16515,3687,0,3687,12828,0.22325158946412352,True
8,2022/23,year8_125activities.csv,427,DAYS10P60GR_AIKIDO_S04,16515,3687,0,3687,12828,0.22325158946412352,True
8,2022/23,year8_125activities.csv,428,MONTHS_12_AIKIDO_S04,16515,3687,0,3687,12828,0.22325158946412352,True
8,2022/23,year8_125activities.csv,431,DAYS10P60GR_MARTIALCHINESE_S05,16515,3687,0,3687,12828,0.22325158946412352,True
8,2022/23,year8_125activities.csv,432,MONTHS_12_MARTIALCHINESE_S05,16515,3687,0,3687,12828,0.22325158946412352,True
8,2022/23,year8_125activities.csv,435,DAYS10P60GR_MARTIALOTHER_S06,16515,3687,0,3687,12828,0.22325158946412352,True
8,2022/23,year8_125activities.csv,436,MONTHS_12_MARTIALOTHER_S06,16515,3687,0,3687,12828,0.22325158946412352,True
8,2022/23,year8_125activities.csv,439,DAYS10P60GR_AIRGUN_S08,16515,3687,0,3687,12828,0.22325158946412352,True
8,2022/23,year8_125activities.csv,440,MONTHS_12_AIRGUN_S08,16515,3687,0,3687,12828,0.22325158946412352,True
8,2022/23,year8_125activities.csv,443,DAYS10P60GR_RIFLE_S09,16515,3687,0,3687,12828,0.22325158946412352,True
8,2022/23,year8_125activities.csv,444,MONTHS_12_RIFLE_S09,16515,3687,0,3687,12828,0.22325158946412352,True
8,2022/23,year8_125activities.csv,447,DAYS10P60GR_SKIING_T01,16515,3687,0,3687,12828,0.22325158946412352,True
8,2022/23,year8_125activities.csv,448,MONTHS_12_SKIING_T01,16515,3687,0,3687,12828,0.22325158946412352,True
8,2022/23,year8_125activities.csv,451,DAYS10P60GR_SNOWBOARDING_T02,16515,3687,0,3687,12828,0.22325158946412352,True
8,2022/23,year8_125activities.csv,452,MONTHS_12_SNOWBOARDING_T02,16515,3687,0,3687,12828,0.22325158946412352,True
8,2022/23,year8_125activities.csv,455,DAYS10P60GR_DIVING_U05,16515,3687,0,3687,12828,0.22325158946412352,True
8,2022/23,year8_125activities.csv,456,MONTHS_12_DIVING_U05,16515,3687,0,3687,12828,0.22325158946412352,True
8,2022/23,year8_125activities.csv,459,DAYS10P60GR_WATERPOLO_U06,16515,3687,0,3687,12828,0.22325158946412352,True
8,2022/23,year8_125activities.csv,460,MONTHS_12_WATERPOLO_U06,16515,3687,0,3687,12828,0.22325158946412352,True
8,2022/23,year8_125activities.csv,463,DAYS10P60GR_RUNJOG_U07,16515,0,0,0,16515,0.0,False
8,2022/23,year8_125activities.csv,464,MONTHS_12_RUNJOG_U07,16515,0,0,0,16515,0.0,False
8,2022/23,year8_125activities.csv,467,DAYS10P60GR_GOLFFULL_U08,16515,3687,0,3687,12828,0.22325158946412352,True
8,2022/23,year8_125activities.csv,468,MONTHS_12_GOLFFULL_U08,16515,3687,0,3687,12828,0.22325158946412352,True
8,2022/23,year8_125activities.csv,471,DAYS10P60GR_GOLFSHORT_U09,16515,3687,0,3687,12828,0.22325158946412352,True
8,2022/23,year8_125activities.csv,472,MONTHS_12_GOLFSHORT_U09,16515,3687,0,3687,12828,0.22325158946412352,True
8,2022/23,year8_125activities.csv,475,DAYS10P60GR_DRIVINGRANGE_U10,16515,3687,0,3687,12828,0.22325158946412352,True
8,2022/23,year8_125activities.csv,476,MONTHS_12_DRIVINGRANGE_U10,16515,3687,0,3687,12828,0.22325158946412352,True
8,2022/23,year8_125activities.csv,479,DAYS10P60GR_GOLFADV_U11,16515,3687,0,3687,12828,0.22325158946412352,True
8,2022/23,year8_125activities.csv,480,MONTHS_12_GOLFADV_U11,16515,3687,0,3687,12828,0.22325158946412352,True
8,2022/23,year8_125activities.csv,483,DAYS10P60GR_EQUESTHACKING_U12,16515,3687,0,3687,12828,0.22325158946412352,True
8,2022/23,year8_125activities.csv,484,MONTHS_12_EQUESTHACKING_U12,16515,3687,0,3687,12828,0.22325158946412352,True
8,2022/23,year8_125activities.csv,487,DAYS10P60GR_EQUESTSCHOOLING_U13,16515,3687,0,3687,12828,0.22325158946412352,True
8,2022/23,year8_125activities.csv,488,MONTHS_12_EQUESTSCHOOLING_U13,16515,3687,0,3687,12828,0.22325158946412352,True
8,2022/23,year8_125activities.csv,491,DAYS10P60GR_EQUESTSHOWJUMP_U14,16515,3687,0,3687,12828,0.22325158946412352,True
8,2022/23,year8_125activities.csv,492,MONTHS_12_EQUESTSHOWJUMP_U14,16515,3687,0,3687,12828,0.22325158946412352,True
8,2022/23,year8_125activities.csv,495,DAYS10P60GR_EQUESTDRESSAGE_U15,16515,3687,0,3687,12828,0.22325158946412352,True
8,2022/23,year8_125activities.csv,496,MONTHS_12_EQUESTDRESSAGE_U15,16515,3687,0,3687,12828,0.22325158946412352,True
8,2022/23,year8_125activities.csv,499,DAYS10P60GR_EQUESTEVENTING_U16,16515,3687,0,3687,12828,0.22325158946412352,True
8,2022/23,year8_125activities.csv,500,MONTHS_12_EQUESTEVENTING_U16,16515,3687,0,3687,12828,0.22325158946412352,True
8,2022/23,year8_125activities.csv,503,DAYS10P60GR_EQUESTOTHER_U17,16515,3687,0,3687,12828,0.22325158946412352,True
8,2022/23,year8_125activities.csv,504,MONTHS_12_EQUESTOTHER_U17,16515,3687,0,3687,12828,0.22325158946412352,True
8,2022/23,year8_125activities.csv,507,DAYS10P60GR_BOWLSCARPET_U18,16515,3687,0,3687,12828,0.22325158946412352,True
8,2022/23,year8_125activities.csv,508,MONTHS_12_BOWLSCARPET_U18,16515,3687,0,3687,12828,0.22325158946412352,True
8,2022/23,year8_125activities.csv,511,DAYS10P60GR_BOWLSCROWNGREEN_U19,16515,3687,0,3687,12828,0.22325158946412352,True
8,2022/23,year8_125activities.csv,512,MONTHS_12_BOWLSCROWNGREEN_U19,16515,3687,0,3687,12828,0.22325158946412352,True
8,2022/23,year8_125activities.csv,515,DAYS10P60GR_BOWLSFLATGREEN_U20,16515,3687,0,3687,12828,0.22325158946412352,True
8,2022/23,year8_125activities.csv,516,MONTHS_12_BOWLSFLATGREEN_U20,16515,3687,0,3687,12828,0.22325158946412352,True
8,2022/23,year8_125activities.csv,519,DAYS10P60GR_BOWLSSHORTMAT_U23,16515,3687,0,3687,12828,0.22325158946412352,True
8,2022/23,year8_125activities.csv,520,MONTHS_12_BOWLSSHORTMAT_U23,16515,3687,0,3687,12828,0.22325158946412352,True
8,2022/23,year8_125activities.csv,523,DAYS10P60GR_GYMNASTICSONLY_U24,16515,3687,0,3687,12828,0.22325158946412352,True
8,2022/23,year8_125activities.csv,524,MONTHS_12_GYMNASTICSONLY_U24,16515,3687,0,3687,12828,0.22325158946412352,True
8,2022/23,year8_125activities.csv,527,DAYS10P60GR_TRAMPOLINING_U25,16515,3687,0,3687,12828,0.22325158946412352,True
8,2022/23,year8_125activities.csv,528,MONTHS_12_TRAMPOLINING_U25,16515,3687,0,3687,12828,0.22325158946412352,True
8,2022/23,year8_125activities.csv,531,DAYS10P60GR_KARTING_U26,16515,3687,0,3687,12828,0.22325158946412352,True
8,2022/23,year8_125activities.csv,532,MONTHS_12_KARTING_U26,16515,3687,0,3687,12828,0.22325158946412352,True
8,2022/23,year8_125activities.csv,535,DAYS10P60GR_MOTORCYCRACE_U27,16515,3687,0,3687,12828,0.22325158946412352,True
8,2022/23,year8_125activities.csv,536,MONTHS_12_MOTORCYCRACE_U27,16515,3687,0,3687,12828,0.22325158946412352,True
8,2022/23,year8_125activities.csv,539,DAYS10P60GR_MOTORCARRACE_U28,16515,3687,0,3687,12828,0.22325158946412352,True
8,2022/23,year8_125activities.csv,540,MONTHS_12_MOTORCARRACE_U28,16515,3687,0,3687,12828,0.22325158946412352,True
