BoroughName,period_start,personal_safety,property_public_space,calendar_year,ladcode23,laname23,total_population,personal_safety_crime_rate_per_1000,property_public_space_crime_rate_per_1000,month_index,year,survey_wave,selected_recorded_crime_rate_per_1000
Barking and Dagenham,2015-11-01,528,641,2015,E09000002,Barking and Dagenham,206450,2.5575199806248485,3.104868006781303,1,1,2015/16,5.662387987406151
Barking and Dagenham,2015-12-01,512,604,2015,E09000002,Barking and Dagenham,206450,2.480019375151368,2.92564785662388,2,1,2015/16,5.405667231775248
Barking and Dagenham,2016-01-01,505,589,2016,E09000002,Barking and Dagenham,211047,2.392831928433003,2.79084753633077,3,1,2015/16,5.183679464763773
Barking and Dagenham,2016-02-01,483,598,2016,E09000002,Barking and Dagenham,211047,2.2885897454121595,2.8334920657483877,4,1,2015/16,5.122081811160547
Barking and Dagenham,2016-03-01,613,676,2016,E09000002,Barking and Dagenham,211047,2.9045662814444175,3.2030779873677426,5,1,2015/16,6.107644268812161
Barking and Dagenham,2016-04-01,475,625,2016,E09000002,Barking and Dagenham,211047,2.2506834970409435,2.9614256540012414,6,1,2015/16,5.212109151042185
Barking and Dagenham,2016-05-01,577,697,2016,E09000002,Barking and Dagenham,211047,2.733988163773946,3.3025818893421843,7,1,2015/16,6.03657005311613
Barking and Dagenham,2016-06-01,559,632,2016,E09000002,Barking and Dagenham,211047,2.6486991049387103,2.9945936213260556,8,1,2015/16,5.643292726264766
Barking and Dagenham,2016-07-01,584,672,2016,E09000002,Barking and Dagenham,211047,2.76715613109876,3.184124863182135,9,1,2015/16,5.951280994280895
Barking and Dagenham,2016-08-01,492,613,2016,E09000002,Barking and Dagenham,211047,2.3312342748297774,2.9045662814444175,10,1,2015/16,5.235800556274195
Barking and Dagenham,2016-09-01,507,614,2016,E09000002,Barking and Dagenham,211047,2.402308490525807,2.9093045624908194,11,1,2015/16,5.311613053016627
Barking and Dagenham,2016-10-01,459,612,2016,E09000002,Barking and Dagenham,211047,2.174871000298512,2.8998280003980157,12,1,2015/16,5.074699000696528
Barking and Dagenham,2016-11-01,485,603,2016,E09000002,Barking and Dagenham,211047,2.298066307504963,2.857183470980398,13,2,2016/17,5.155249778485361
Barking and Dagenham,2016-12-01,471,579,2016,E09000002,Barking and Dagenham,211047,2.2317303728553357,2.74346472586675,14,2,2016/17,4.975195098722086
Barking and Dagenham,2017-01-01,441,617,2017,E09000002,Barking and Dagenham,214017,2.060583972301266,2.8829485508160566,15,2,2016/17,4.943532523117323
Barking and Dagenham,2017-02-01,441,625,2017,E09000002,Barking and Dagenham,214017,2.060583972301266,2.9203287589303653,16,2,2016/17,4.980912731231632
Barking and Dagenham,2017-03-01,575,659,2017,E09000002,Barking and Dagenham,214017,2.6867024582159362,3.0791946434161774,17,2,2016/17,5.765897101632113
Barking and Dagenham,2017-04-01,495,679,2017,E09000002,Barking and Dagenham,214017,2.3129003770728493,3.172645163701949,18,2,2016/17,5.485545540774798
Barking and Dagenham,2017-05-01,567,758,2017,E09000002,Barking and Dagenham,214017,2.6493222501016276,3.541774718830747,19,2,2016/17,6.191096968932374
Barking and Dagenham,2017-06-01,564,727,2017,E09000002,Barking and Dagenham,214017,2.6353046720587616,3.396926412387801,20,2,2016/17,6.032231084446563
Barking and Dagenham,2017-07-01,658,677,2017,E09000002,Barking and Dagenham,214017,3.0745221174018886,3.163300111673372,21,2,2016/17,6.2378222290752605
Barking and Dagenham,2017-08-01,574,722,2017,E09000002,Barking and Dagenham,214017,2.6820299322016474,3.3735637823163582,22,2,2016/17,6.055593714518006
Barking and Dagenham,2017-09-01,555,680,2017,E09000002,Barking and Dagenham,214017,2.5932519379301646,3.1773176897162374,23,2,2016/17,5.7705696276464025
Barking and Dagenham,2017-10-01,589,682,2017,E09000002,Barking and Dagenham,214017,2.7521178224159764,3.1866627417448146,24,2,2016/17,5.9387805641607905
Barking and Dagenham,2017-11-01,582,614,2017,E09000002,Barking and Dagenham,214017,2.719410140315956,2.868930972773191,25,3,2017/18,5.588341113089147
Barking and Dagenham,2017-12-01,544,585,2017,E09000002,Barking and Dagenham,214017,2.54185415177299,2.733427718358822,26,3,2017/18,5.275281870131812
Barking and Dagenham,2018-01-01,538,612,2018,E09000002,Barking and Dagenham,216298,2.487309175304441,2.829429768190182,27,3,2017/18,5.316738943494623
Barking and Dagenham,2018-02-01,513,554,2018,E09000002,Barking and Dagenham,216298,2.371727893924123,2.5612811953878447,28,3,2017/18,4.933009089311968
Barking and Dagenham,2018-03-01,577,603,2018,E09000002,Barking and Dagenham,216298,2.667615974257737,2.7878205068932678,29,3,2017/18,5.455436481151005
Barking and Dagenham,2018-04-01,536,586,2018,E09000002,Barking and Dagenham,216298,2.4780626727940156,2.7092252355546513,30,3,2017/18,5.187287908348667
Barking and Dagenham,2018-05-01,578,595,2018,E09000002,Barking and Dagenham,216298,2.67223922551295,2.750834496851566,31,3,2017/18,5.423073722364515
Barking and Dagenham,2018-06-01,606,635,2018,E09000002,Barking and Dagenham,216298,2.801690260658906,2.9357645470600744,32,3,2017/18,5.73745480771898
Barking and Dagenham,2018-07-01,654,607,2018,E09000002,Barking and Dagenham,216298,3.023606320909116,2.8063135119141185,33,3,2017/18,5.829919832823235
Barking and Dagenham,2018-08-01,522,605,2018,E09000002,Barking and Dagenham,216298,2.4133371552210376,2.797067009403693,34,3,2017/18,5.21040416462473
Barking and Dagenham,2018-09-01,537,560,2018,E09000002,Barking and Dagenham,216298,2.4826859240492283,2.589020702919121,35,3,2017/18,5.071706626968349
Barking and Dagenham,2018-10-01,581,687,2018,E09000002,Barking and Dagenham,216298,2.686108979278588,3.176173612331136,36,3,2017/18,5.862282591609723
Barking and Dagenham,2018-11-01,549,657,2018,E09000002,Barking and Dagenham,216298,2.538164939111781,3.0374760746747542,37,4,2018/19,5.5756410137865355
Barking and Dagenham,2018-12-01,591,550,2018,E09000002,Barking and Dagenham,216298,2.732341491830715,2.5427881903669936,38,4,2018/19,5.275129682197709
Barking and Dagenham,2019-01-01,607,625,2019,E09000002,Barking and Dagenham,218828,2.7738680607600488,2.856124444769408,39,4,2018/19,5.629992505529456
Barking and Dagenham,2019-02-01,560,661,2019,E09000002,Barking and Dagenham,218828,2.5590875025133895,3.020637212788126,40,4,2018/19,5.5797247153015155
Barking and Dagenham,2019-03-01,602,650,2019,E09000002,Barking and Dagenham,218828,2.7510190652018935,2.9703694225601844,41,4,2018/19,5.721388487762078
Barking and Dagenham,2019-04-01,580,672,2019,E09000002,Barking and Dagenham,218828,2.6504834847460104,3.0709050030160676,42,4,2018/19,5.721388487762078
Barking and Dagenham,2019-05-01,678,689,2019,E09000002,Barking and Dagenham,218828,3.0983237976858535,3.148591587913795,43,4,2018/19,6.246915385599649
Barking and Dagenham,2019-06-01,640,631,2019,E09000002,Barking and Dagenham,218828,2.9246714314438735,2.883543239439194,44,4,2018/19,5.808214670883068
Barking and Dagenham,2019-07-01,745,677,2019,E09000002,Barking and Dagenham,218828,3.404500338165134,3.093753998574223,45,4,2018/19,6.4982543367393575
Barking and Dagenham,2019-08-01,596,578,2019,E09000002,Barking and Dagenham,218828,2.7236002705321076,2.6413438865227485,46,4,2018/19,5.364944157054856
Barking and Dagenham,2019-09-01,640,605,2019,E09000002,Barking and Dagenham,218828,2.9246714314438735,2.764728462536787,47,4,2018/19,5.68939989398066
Barking and Dagenham,2019-10-01,675,676,2019,E09000002,Barking and Dagenham,218828,3.0846144003509606,3.0891841994625917,48,4,2018/19,6.173798599813552
Barking and Dagenham,2019-11-01,581,644,2019,E09000002,Barking and Dagenham,218828,2.6550532838576415,2.942950627890398,49,5,2019/20,5.598003911748039
Barking and Dagenham,2019-12-01,606,647,2019,E09000002,Barking and Dagenham,218828,2.769298261648418,2.956660025225291,50,5,2019/20,5.725958286873709
Barking and Dagenham,2020-01-01,591,639,2020,E09000002,Barking and Dagenham,219227,2.6958358231422226,2.9147869559862607,51,5,2019/20,5.610622779128484
Barking and Dagenham,2020-02-01,557,618,2020,E09000002,Barking and Dagenham,219227,2.540745437377695,2.818995835366994,52,5,2019/20,5.359741272744689
Barking and Dagenham,2020-03-01,572,522,2020,E09000002,Barking and Dagenham,219227,2.6091676663914574,2.3810935696789173,53,5,2019/20,4.990261236070374
Barking and Dagenham,2020-04-01,475,396,2020,E09000002,Barking and Dagenham,219227,2.1667039187691297,1.8063468459633165,54,5,2019/20,3.973050764732446
Barking and Dagenham,2020-05-01,584,458,2020,E09000002,Barking and Dagenham,219227,2.663905449602467,2.089158725886866,55,5,2019/20,4.7530641754893335
Barking and Dagenham,2020-06-01,615,515,2020,E09000002,Barking and Dagenham,219227,2.8053113895642414,2.3491631961391617,56,5,2019/20,5.154474585703403
Barking and Dagenham,2020-07-01,688,549,2020,E09000002,Barking and Dagenham,219227,3.13829957076455,2.504253581903689,57,5,2019/20,5.642553152668238
Barking and Dagenham,2020-08-01,678,548,2020,E09000002,Barking and Dagenham,219227,3.092684751422042,2.499692099969438,58,5,2019/20,5.59237685139148
Barking and Dagenham,2020-09-01,631,591,2020,E09000002,Barking and Dagenham,219227,2.8782951005122546,2.6958358231422226,59,5,2019/20,5.574130923654478
Barking and Dagenham,2020-10-01,644,608,2020,E09000002,Barking and Dagenham,219227,2.9375943656575148,2.773381016024486,60,5,2019/20,5.710975381682001
Barking and Dagenham,2020-11-01,618,591,2020,E09000002,Barking and Dagenham,219227,2.818995835366994,2.6958358231422226,61,6,2020/21,5.514831658509216
Barking and Dagenham,2020-12-01,563,533,2020,E09000002,Barking and Dagenham,219227,2.5681143289832002,2.431269870955676,62,6,2020/21,4.999384199938876
Barking and Dagenham,2021-01-01,522,532,2021,E09000002,Barking and Dagenham,218714,2.3866784933749097,2.4324003035928197,63,6,2020/21,4.819078796967729
Barking and Dagenham,2021-02-01,520,495,2021,E09000002,Barking and Dagenham,218714,2.377534131331328,2.2632296057865524,64,6,2020/21,4.64076373711788
Barking and Dagenham,2021-03-01,636,501,2021,E09000002,Barking and Dagenham,218714,2.9079071298590855,2.2906626919172983,65,6,2020/21,5.198569821776384
Barking and Dagenham,2021-04-01,632,545,2021,E09000002,Barking and Dagenham,218714,2.8896184057719214,2.491838656876103,66,6,2020/21,5.381457062648025
Barking and Dagenham,2021-05-01,660,568,2021,E09000002,Barking and Dagenham,218714,3.0176394743820696,2.5969988203772965,67,6,2020/21,5.6146382947593665
Barking and Dagenham,2021-06-01,684,621,2021,E09000002,Barking and Dagenham,218714,3.127371818905054,2.83932441453222,68,6,2020/21,5.966696233437274
Barking and Dagenham,2021-07-01,708,573,2021,E09000002,Barking and Dagenham,218714,3.2371041634280386,2.6198597254862515,69,6,2020/21,5.85696388891429
Barking and Dagenham,2021-08-01,579,590,2021,E09000002,Barking and Dagenham,218714,2.6472928116169974,2.6975868028566987,70,6,2020/21,5.344879614473696
Barking and Dagenham,2021-09-01,657,563,2021,E09000002,Barking and Dagenham,218714,3.003922931316697,2.5741379152683415,71,6,2020/21,5.578060846585038
Barking and Dagenham,2021-10-01,654,639,2021,E09000002,Barking and Dagenham,218714,2.9902063882513237,2.9216236729244582,72,6,2020/21,5.911830061175782
Barking and Dagenham,2021-11-01,617,643,2021,E09000002,Barking and Dagenham,218714,2.821035690445056,2.9399123970116223,73,7,2021/22,5.760948087456678
Barking and Dagenham,2021-12-01,597,562,2021,E09000002,Barking and Dagenham,218714,2.729592070009236,2.56956573424655,74,7,2021/22,5.2991578042557865
Barking and Dagenham,2022-01-01,614,588,2022,E09000002,Barking and Dagenham,220392,2.785945043377255,2.667973429162583,75,7,2021/22,5.453918472539838
Barking and Dagenham,2022-02-01,628,535,2022,E09000002,Barking and Dagenham,220392,2.8494682202620787,2.4274928309557517,76,7,2021/22,5.27696105121783
Barking and Dagenham,2022-03-01,661,584,2022,E09000002,Barking and Dagenham,220392,2.999201422919162,2.6498239500526335,77,7,2021/22,5.649025372971796
Barking and Dagenham,2022-04-01,651,585,2022,E09000002,Barking and Dagenham,220392,2.953827725144288,2.654361319830121,78,7,2021/22,5.608189044974409
Barking and Dagenham,2022-05-01,664,641,2022,E09000002,Barking and Dagenham,220392,3.0128135322516245,2.9084540273694146,79,7,2021/22,5.92126755962104
Barking and Dagenham,2022-06-01,656,696,2022,E09000002,Barking and Dagenham,220392,2.976514574031725,3.1580093651312207,80,7,2021/22,6.134523939162946
Barking and Dagenham,2022-07-01,689,580,2022,E09000002,Barking and Dagenham,220392,3.126247776688809,2.631674470942684,81,7,2021/22,5.757922247631493
Barking and Dagenham,2022-08-01,617,675,2022,E09000002,Barking and Dagenham,220392,2.7995571527097174,3.062724599803986,82,7,2021/22,5.862281752513703
Barking and Dagenham,2022-09-01,643,611,2022,E09000002,Barking and Dagenham,220392,2.9175287669243892,2.772332934044793,83,7,2021/22,5.689861700969182
Barking and Dagenham,2022-10-01,656,769,2022,E09000002,Barking and Dagenham,220392,2.976514574031725,3.4892373588878,84,7,2021/22,6.465751932919526
Barking and Dagenham,2022-11-01,672,779,2022,E09000002,Barking and Dagenham,220392,3.0491124904715234,3.5346110566626736,85,8,2022/23,6.583723547134197
Barking and Dagenham,2022-12-01,650,679,2022,E09000002,Barking and Dagenham,220392,2.949290355366801,3.080874078913935,86,8,2022/23,6.030164434280736
Barking and Dagenham,2023-01-01,662,715,2023,E09000002,Barking and Dagenham,226301,2.925307444509746,3.159508795807354,87,8,2022/23,6.0848162403171
Barking and Dagenham,2023-02-01,648,690,2023,E09000002,Barking and Dagenham,226301,2.8634429366198115,3.049036460289614,88,8,2022/23,5.912479396909426
Barking and Dagenham,2023-03-01,652,727,2023,E09000002,Barking and Dagenham,226301,2.88111851030265,3.212535516855869,89,8,2022/23,6.09365402715852
Barking and Dagenham,2023-04-01,686,668,2023,E09000002,Barking and Dagenham,226301,3.031360886606776,2.9518208050340036,90,8,2022/23,5.983181691640779
Barking and Dagenham,2023-05-01,783,764,2023,E09000002,Barking and Dagenham,226301,3.4599935484156057,3.3760345734221238,91,8,2022/23,6.83602812183773
Barking and Dagenham,2023-06-01,813,700,2023,E09000002,Barking and Dagenham,226301,3.5925603510368935,3.0932253944967103,92,8,2022/23,6.685785745533604
Barking and Dagenham,2023-07-01,775,731,2023,E09000002,Barking and Dagenham,226301,3.4246424010499292,3.2302110905387074,93,8,2022/23,6.654853491588637
Barking and Dagenham,2023-08-01,769,673,2023,E09000002,Barking and Dagenham,226301,3.3981290405256717,2.9739152721375515,94,8,2022/23,6.372044312663223
Barking and Dagenham,2023-09-01,753,721,2023,E09000002,Barking and Dagenham,226301,3.3274267457943183,3.1860221563316116,95,8,2022/23,6.51344890212593
Barking and Dagenham,2023-10-01,582,614,2023,E09000002,Barking and Dagenham,226301,2.571795970852979,2.713200560315686,96,8,2022/23,5.284996531168665
Barnet,2015-11-01,582,949,2015,E09000003,Barnet,377826,1.5403916088358134,2.5117382075346852,1,1,2015/16,4.052129816370499
Barnet,2015-12-01,577,960,2015,E09000003,Barnet,377826,1.5271580039489077,2.5408521382858775,2,1,2015/16,4.068010142234785
Barnet,2016-01-01,572,834,2016,E09000003,Barnet,382925,1.4937650976039694,2.1779721877652283,3,1,2015/16,3.671737285369198
Barnet,2016-02-01,566,884,2016,E09000003,Barnet,382925,1.478096232943788,2.3085460599334073,4,1,2015/16,3.786642292877195
Barnet,2016-03-01,551,1043,2016,E09000003,Barnet,382925,1.4389240712933342,2.723770973428217,5,1,2015/16,4.162695044721551
Barnet,2016-04-01,599,1053,2016,E09000003,Barnet,382925,1.5642749885747862,2.749885747861853,6,1,2015/16,4.314160736436639
Barnet,2016-05-01,638,1047,2016,E09000003,Barnet,382925,1.666122608865966,2.7342168832016713,7,1,2015/16,4.400339492067637
Barnet,2016-06-01,593,1047,2016,E09000003,Barnet,382925,1.5486061239146047,2.7342168832016713,8,1,2015/16,4.282823007116276
Barnet,2016-07-01,590,993,2016,E09000003,Barnet,382925,1.540771691584514,2.5931971012600377,9,1,2015/16,4.133968792844552
Barnet,2016-08-01,571,958,2016,E09000003,Barnet,382925,1.491153620160606,2.5017953907423123,10,1,2015/16,3.992949010902918
Barnet,2016-09-01,595,1076,2016,E09000003,Barnet,382925,1.5538290788013318,2.8099497290592153,11,1,2015/16,4.363778807860547
Barnet,2016-10-01,610,1026,2016,E09000003,Barnet,382925,1.5930012404517857,2.679375856891036,12,1,2015/16,4.272377097342822
Barnet,2016-11-01,579,945,2016,E09000003,Barnet,382925,1.5120454397075145,2.467846183978586,13,2,2016/17,3.9798916236861004
Barnet,2016-12-01,541,984,2016,E09000003,Barnet,382925,1.4128092968596984,2.5696938042697655,14,2,2016/17,3.982503101129464
Barnet,2017-01-01,586,941,2017,E09000003,Barnet,384117,1.5255768424724758,2.4497744176904432,15,2,2016/17,3.975351260162919
Barnet,2017-02-01,550,923,2017,E09000003,Barnet,384117,1.43185539822502,2.402913695566715,16,2,2016/17,3.834769093791735
Barnet,2017-03-01,677,1072,2017,E09000003,Barnet,384117,1.7624838265424336,2.79081633981313,17,2,2016/17,4.553300166355564
Barnet,2017-04-01,593,1067,2017,E09000003,Barnet,384117,1.5438004566317034,2.7777994725565387,18,2,2016/17,4.321599929188242
Barnet,2017-05-01,639,1123,2017,E09000003,Barnet,384117,1.6635556353923413,2.923588385830359,19,2,2016/17,4.5871440212227
Barnet,2017-06-01,626,1028,2017,E09000003,Barnet,384117,1.6297117805252046,2.676267907955128,20,2,2016/17,4.305979688480333
Barnet,2017-07-01,690,1073,2017,E09000003,Barnet,384117,1.7963276814095706,2.793419713264448,21,2,2016/17,4.589747394674019
Barnet,2017-08-01,547,1022,2017,E09000003,Barnet,384117,1.4240452778710653,2.660647667247219,22,2,2016/17,4.0846929451182845
Barnet,2017-09-01,627,998,2017,E09000003,Barnet,384117,1.6323151539765228,2.598166704415582,23,2,2016/17,4.230481858392105
Barnet,2017-10-01,647,1099,2017,E09000003,Barnet,384117,1.684382623002887,2.861107422998722,24,2,2016/17,4.545490046001609
Barnet,2017-11-01,683,1074,2017,E09000003,Barnet,384117,1.778104067250343,2.7960230867157665,25,3,2017/18,4.57412715396611
Barnet,2017-12-01,606,927,2017,E09000003,Barnet,384117,1.57764431149884,2.413327189371988,26,3,2017/18,3.9909715008708284
Barnet,2018-01-01,605,1024,2018,E09000003,Barnet,387574,1.5609922234205598,2.642076093855625,27,3,2017/18,4.203068317276185
Barnet,2018-02-01,533,1037,2018,E09000003,Barnet,387574,1.375221248071336,2.6756180755159016,28,3,2017/18,4.050839323587238
Barnet,2018-03-01,617,1149,2018,E09000003,Barnet,387574,1.5919540526454303,2.9645951482813606,29,3,2017/18,4.556549200926791
Barnet,2018-04-01,638,1106,2018,E09000003,Barnet,387574,1.6461372537889538,2.8536485935589075,30,3,2017/18,4.499785847347861
Barnet,2018-05-01,707,1047,2018,E09000003,Barnet,387574,1.8241677718319598,2.7014195998699604,31,3,2017/18,4.525587371701921
Barnet,2018-06-01,722,1070,2018,E09000003,Barnet,387574,1.8628700583630482,2.760763105884296,32,3,2017/18,4.6236331642473445
Barnet,2018-07-01,721,1048,2018,E09000003,Barnet,387574,1.860289905927642,2.703999752305366,33,3,2017/18,4.564289658233008
Barnet,2018-08-01,649,1046,2018,E09000003,Barnet,387574,1.6745189305784185,2.6988394474345543,34,3,2017/18,4.373358378012973
Barnet,2018-09-01,600,1172,2018,E09000003,Barnet,387574,1.5480914612435304,3.0239386542956956,35,3,2017/18,4.572030115539226
Barnet,2018-10-01,653,1202,2018,E09000003,Barnet,387574,1.684839540320042,3.1013432273578725,36,3,2017/18,4.786182767677914
Barnet,2018-11-01,671,1268,2018,E09000003,Barnet,387574,1.731282284157348,3.2716332880946606,37,4,2018/19,5.002915572252009
Barnet,2018-12-01,677,1163,2018,E09000003,Barnet,387574,1.7467631987697834,3.000717282377043,38,4,2018/19,4.747480481146827
Barnet,2019-01-01,677,1152,2019,E09000003,Barnet,390590,1.7332753014670115,2.9493842648301287,39,4,2018/19,4.68265956629714
Barnet,2019-02-01,728,1222,2019,E09000003,Barnet,390590,1.863847000691262,3.128600322588904,40,4,2018/19,4.992447323280166
Barnet,2019-03-01,772,1380,2019,E09000003,Barnet,390590,1.976497094139635,3.533116567244425,41,4,2018/19,5.50961366138406
Barnet,2019-04-01,686,1294,2019,E09000003,Barnet,390590,1.7563173660359968,3.312936839140787,42,4,2018/19,5.069254205176784
Barnet,2019-05-01,695,1261,2019,E09000003,Barnet,390590,1.7793594306049823,3.2284492690545075,43,4,2018/19,5.00780869965949
Barnet,2019-06-01,746,1367,2019,E09000003,Barnet,390590,1.9099311298292327,3.499833585089224,44,4,2018/19,5.409764714918457
Barnet,2019-07-01,879,1311,2019,E09000003,Barnet,390590,2.2504416395709055,3.3564607388822036,45,4,2018/19,5.606902378453109
Barnet,2019-08-01,694,1150,2019,E09000003,Barnet,390590,1.7767992012084284,2.944263806037021,46,4,2018/19,4.72106300724545
Barnet,2019-09-01,766,1268,2019,E09000003,Barnet,390590,1.9611357177603113,3.246370874830385,47,4,2018/19,5.207506592590696
Barnet,2019-10-01,765,1232,2019,E09000003,Barnet,390590,1.9585754883637574,3.1542026165544432,48,4,2018/19,5.112778104918201
Barnet,2019-11-01,903,1303,2019,E09000003,Barnet,390590,2.3118871450881997,3.3359789037097722,49,5,2019/20,5.647866048797972
Barnet,2019-12-01,751,1256,2019,E09000003,Barnet,390590,1.9227322768120023,3.2156481220717374,50,5,2019/20,5.13838039888374
Barnet,2020-01-01,816,1254,2020,E09000003,Barnet,391046,2.0867110263242687,3.2067838566306777,51,5,2019/20,5.293494882954946
Barnet,2020-02-01,748,1273,2020,E09000003,Barnet,391046,1.9128184407972464,3.2553714908220517,52,5,2019/20,5.168189931619298
Barnet,2020-03-01,636,829,2020,E09000003,Barnet,391046,1.6264071234586213,2.119955197086788,53,5,2019/20,3.7463623205454093
Barnet,2020-04-01,629,626,2020,E09000003,Barnet,391046,1.6085064161249572,1.6008346844105297,54,5,2019/20,3.209341100535487
Barnet,2020-05-01,704,767,2020,E09000003,Barnet,391046,1.8002997089856436,1.9614060749886202,55,5,2019/20,3.761705783974264
Barnet,2020-06-01,701,898,2020,E09000003,Barnet,391046,1.7926279772712161,2.2964050265186193,56,5,2019/20,4.089033003789836
Barnet,2020-07-01,787,1035,2020,E09000003,Barnet,391046,2.012550953084803,2.646747441477473,57,5,2019/20,4.659298394562276
Barnet,2020-08-01,759,1041,2020,E09000003,Barnet,391046,1.9409481237501471,2.662090904906328,58,5,2019/20,4.603039028656475
Barnet,2020-09-01,735,1047,2020,E09000003,Barnet,391046,1.8795742700347273,2.677434368335183,59,5,2019/20,4.55700863836991
Barnet,2020-10-01,737,1141,2020,E09000003,Barnet,391046,1.8846887578443456,2.9178152953872436,60,5,2019/20,4.802504053231589
Barnet,2020-11-01,779,1019,2020,E09000003,Barnet,391046,1.99209300184633,2.6058315390005267,61,6,2020/21,4.597924540846857
Barnet,2020-12-01,690,962,2020,E09000003,Barnet,391046,1.7644982943183154,2.460068636426405,62,6,2020/21,4.224566930744721
Barnet,2021-01-01,588,817,2021,E09000003,Barnet,388955,1.5117430036893729,2.100500057847309,63,6,2020/21,3.612243061536682
Barnet,2021-02-01,638,805,2021,E09000003,Barnet,388955,1.640292578833027,2.069648159812832,64,6,2020/21,3.7099407386458587
Barnet,2021-03-01,871,1002,2021,E09000003,Barnet,388955,2.2393335990024554,2.576133485878829,65,6,2020/21,4.815467084881284
Barnet,2021-04-01,754,918,2021,E09000003,Barnet,388955,1.9385275931663046,2.36017019963749,66,6,2020/21,4.298697792803795
Barnet,2021-05-01,834,1050,2021,E09000003,Barnet,388955,2.144206913396151,2.699541078016737,67,6,2020/21,4.843747991412888
Barnet,2021-06-01,822,1108,2021,E09000003,Barnet,388955,2.113355015361674,2.848658585183376,68,6,2020/21,4.96201360054505
Barnet,2021-07-01,789,962,2021,E09000003,Barnet,388955,2.0285122957668626,2.4732938257639057,69,6,2020/21,4.501806121530768
Barnet,2021-08-01,699,998,2021,E09000003,Barnet,388955,1.797123060508285,2.565849519867337,70,6,2020/21,4.362972580375622
Barnet,2021-09-01,846,993,2021,E09000003,Barnet,388955,2.1750588114306284,2.5529945623529713,71,6,2020/21,4.7280533737836
Barnet,2021-10-01,821,988,2021,E09000003,Barnet,388955,2.110784023858801,2.540139604838606,72,6,2020/21,4.650923628697407
Barnet,2021-11-01,763,1005,2021,E09000003,Barnet,388955,1.9616665166921623,2.5838464603874485,73,7,2021/22,4.5455129770796106
Barnet,2021-12-01,738,986,2021,E09000003,Barnet,388955,1.8973917291203353,2.53499762183286,74,7,2021/22,4.432389350953195
Barnet,2022-01-01,709,1038,2022,E09000003,Barnet,390371,1.8162209795297295,2.6590089940082637,75,7,2021/22,4.475229973537993
Barnet,2022-02-01,708,976,2022,E09000003,Barnet,390371,1.8136593138322263,2.500185720763069,76,7,2021/22,4.313845034595295
Barnet,2022-03-01,773,1073,2022,E09000003,Barnet,390371,1.9801675841699307,2.748667293420874,77,7,2021/22,4.7288348775908045
Barnet,2022-04-01,732,1000,2022,E09000003,Barnet,390371,1.8751392905723017,2.5616656975031447,78,7,2021/22,4.436804988075446
Barnet,2022-05-01,873,1056,2022,E09000003,Barnet,390371,2.2363341539202453,2.7051189765633206,79,7,2021/22,4.941453130483566
Barnet,2022-06-01,760,992,2022,E09000003,Barnet,390371,1.9468659301023898,2.5411723719231194,80,7,2021/22,4.488038302025509
Barnet,2022-07-01,788,1000,2022,E09000003,Barnet,390371,2.018592569632478,2.5616656975031447,81,7,2021/22,4.580258267135623
Barnet,2022-08-01,774,1077,2022,E09000003,Barnet,390371,1.9827292498674338,2.7589139562108866,82,7,2021/22,4.7416432060783205
Barnet,2022-09-01,746,1077,2022,E09000003,Barnet,390371,1.9110026103373459,2.7589139562108866,83,7,2021/22,4.669916566548233
Barnet,2022-10-01,745,1060,2022,E09000003,Barnet,390371,1.9084409446398427,2.715365639353333,84,7,2021/22,4.623806583993176
Barnet,2022-11-01,818,1081,2022,E09000003,Barnet,390371,2.0954425405575723,2.7691606190008993,85,8,2022/23,4.864603159558472
Barnet,2022-12-01,715,949,2022,E09000003,Barnet,390371,1.8315909737147482,2.431020746930484,86,8,2022/23,4.262611720645232
Barnet,2023-01-01,746,1095,2023,E09000003,Barnet,398191,1.8734727806504918,2.749936588220226,87,8,2022/23,4.623409368870718
Barnet,2023-02-01,725,928,2023,E09000003,Barnet,398191,1.820734270739419,2.3305398665464563,88,8,2022/23,4.151274137285875
Barnet,2023-03-01,837,1034,2023,E09000003,Barnet,398191,2.102006323598474,2.5967437737166335,89,8,2022/23,4.6987500973151075
Barnet,2023-04-01,748,1001,2023,E09000003,Barnet,398191,1.8784954958801179,2.513868972427805,90,8,2022/23,4.392364468307923
Barnet,2023-05-01,819,1086,2023,E09000003,Barnet,398191,2.05680188653184,2.727334369686909,91,8,2022/23,4.7841362562187495
Barnet,2023-06-01,821,1095,2023,E09000003,Barnet,398191,2.061824601761466,2.749936588220226,92,8,2022/23,4.8117611899816914
Barnet,2023-07-01,819,1141,2023,E09000003,Barnet,398191,2.05680188653184,2.8654590385016236,93,8,2022/23,4.922260925033464
Barnet,2023-08-01,782,1002,2023,E09000003,Barnet,398191,1.9638816547837596,2.5163803300426175,94,8,2022/23,4.480261984826377
Barnet,2023-09-01,787,1012,2023,E09000003,Barnet,398191,1.9764384428578246,2.5414939061907478,95,8,2022/23,4.517932349048572
Barnet,2023-10-01,820,1094,2023,E09000003,Barnet,398191,2.059313244146653,2.7474252306054128,96,8,2022/23,4.806738474752066
Bexley,2015-11-01,332,524,2015,E09000004,Bexley,241427,1.3751568797193354,2.170428328231722,1,1,2015/16,3.5455852079510572
Bexley,2015-12-01,337,471,2015,E09000004,Bexley,241427,1.3958670736910122,1.9509002721319488,2,1,2015/16,3.346767345822961
Bexley,2016-01-01,355,545,2016,E09000004,Bexley,244006,1.4548822569936806,2.2335516339762136,3,1,2015/16,3.688433890969894
Bexley,2016-02-01,320,476,2016,E09000004,Bexley,244006,1.31144316123374,1.9507717023351885,4,1,2015/16,3.2622148635689285
Bexley,2016-03-01,375,463,2016,E09000004,Bexley,244006,1.5368474545707893,1.897494323910068,5,1,2015/16,3.4343417784808574
Bexley,2016-04-01,310,435,2016,E09000004,Bexley,244006,1.2704605624451857,1.7827430473021155,6,1,2015/16,3.0532036097473014
Bexley,2016-05-01,360,461,2016,E09000004,Bexley,244006,1.4753735563879578,1.889297804152357,7,1,2015/16,3.3646713605403145
Bexley,2016-06-01,362,511,2016,E09000004,Bexley,244006,1.4835700761456685,2.094210798095129,8,1,2015/16,3.5777808742407977
Bexley,2016-07-01,388,489,2016,E09000004,Bexley,244006,1.59012483299591,2.0040490807603093,9,1,2015/16,3.594173913756219
Bexley,2016-08-01,326,503,2016,E09000004,Bexley,244006,1.3360327205068727,2.061424719064285,10,1,2015/16,3.397457439571158
Bexley,2016-09-01,370,531,2016,E09000004,Bexley,244006,1.5163561551765121,2.1761759956722377,11,1,2015/16,3.69253215084875
Bexley,2016-10-01,389,519,2016,E09000004,Bexley,244006,1.5942230928747654,2.1269968771259724,12,1,2015/16,3.721219970000738
Bexley,2016-11-01,394,519,2016,E09000004,Bexley,244006,1.6147143922690426,2.1269968771259724,13,2,2016/17,3.741711269395015
Bexley,2016-12-01,382,550,2016,E09000004,Bexley,244006,1.5655352737227772,2.2540429333704908,14,2,2016/17,3.819578207093268
Bexley,2017-01-01,358,509,2017,E09000004,Bexley,244494,1.464248611417867,2.0818506793622746,15,2,2016/17,3.5460992907801416
Bexley,2017-02-01,339,563,2017,E09000004,Bexley,244494,1.386537092934796,2.3027149950510033,16,2,2016/17,3.6892520879857993
Bexley,2017-03-01,373,626,2017,E09000004,Bexley,244494,1.5255998102202917,2.560390030021187,17,2,2016/17,4.085989840241479
Bexley,2017-04-01,335,547,2017,E09000004,Bexley,244494,1.3701767732541494,2.237273716328417,18,2,2016/17,3.6074504895825665
Bexley,2017-05-01,424,500,2017,E09000004,Bexley,244494,1.7341938861485353,2.04503996008082,19,2,2016/17,3.779233846229355
Bexley,2017-06-01,487,517,2017,E09000004,Bexley,244494,1.9918689211187186,2.1145713187235677,20,2,2016/17,4.106440239842287
Bexley,2017-07-01,419,565,2017,E09000004,Bexley,244494,1.7137434865477272,2.310895154891327,21,2,2016/17,4.024638641439054
Bexley,2017-08-01,398,558,2017,E09000004,Bexley,244494,1.6278518082243327,2.282264595450195,22,2,2016/17,3.910116403674528
Bexley,2017-09-01,389,614,2017,E09000004,Bexley,244494,1.5910410889428779,2.5113090709792467,23,2,2016/17,4.102350159922125
Bexley,2017-10-01,454,626,2017,E09000004,Bexley,244494,1.8568962837533844,2.560390030021187,24,2,2016/17,4.4172863137745715
Bexley,2017-11-01,414,587,2017,E09000004,Bexley,244494,1.693293086946919,2.4008769131348826,25,3,2017/18,4.094170000081801
Bexley,2017-12-01,344,501,2017,E09000004,Bexley,244494,1.406987492535604,2.0491300400009815,26,3,2017/18,3.4561175325365854
Bexley,2018-01-01,380,539,2018,E09000004,Bexley,245244,1.5494772553049208,2.1978111594982956,27,3,2017/18,3.7472884148032164
Bexley,2018-02-01,314,462,2018,E09000004,Bexley,245244,1.280357521488803,1.8838381367128247,28,3,2017/18,3.1641956582016277
Bexley,2018-03-01,397,519,2018,E09000004,Bexley,245244,1.6187959746211935,2.116259725008563,29,3,2017/18,3.7350556996297564
Bexley,2018-04-01,383,520,2018,E09000004,Bexley,245244,1.5617099704783808,2.1203372967330494,30,3,2017/18,3.68204726721143
Bexley,2018-05-01,458,581,2018,E09000004,Bexley,245244,1.8675278498148782,2.3690691719267343,31,3,2017/18,4.236597021741613
Bexley,2018-06-01,505,558,2018,E09000004,Bexley,245244,2.05917372086575,2.2752850222635415,32,3,2017/18,4.334458743129291
Bexley,2018-07-01,439,539,2018,E09000004,Bexley,245244,1.7900539870496321,2.1978111594982956,33,3,2017/18,3.987865146547928
Bexley,2018-08-01,391,568,2018,E09000004,Bexley,245244,1.5943305442742737,2.316060739508408,34,3,2017/18,3.9103912837826815
Bexley,2018-09-01,406,572,2018,E09000004,Bexley,245244,1.6554941201415734,2.3323710264063546,35,3,2017/18,3.987865146547928
Bexley,2018-10-01,426,596,2018,E09000004,Bexley,245244,1.737045554631306,2.4302327477940335,36,3,2017/18,4.1672783024253395
Bexley,2018-11-01,417,567,2018,E09000004,Bexley,245244,1.7003474091109263,2.311983167783921,37,4,2018/19,4.012330576894847
Bexley,2018-12-01,418,657,2018,E09000004,Bexley,245244,1.7044249808354128,2.6789646229877184,38,4,2018/19,4.383389603823131
Bexley,2019-01-01,484,693,2019,E09000004,Bexley,246622,1.9625175369593955,2.809968291555498,39,4,2018/19,4.772485828514894
Bexley,2019-02-01,454,592,2019,E09000004,Bexley,246622,1.840873887974309,2.400434673305707,40,4,2018/19,4.241308561280016
Bexley,2019-03-01,511,574,2019,E09000004,Bexley,246622,2.0719968210459734,2.327448483914655,41,4,2018/19,4.399445304960628
Bexley,2019-04-01,478,675,2019,E09000004,Bexley,246622,1.938188807162378,2.736982102164446,42,4,2018/19,4.675170909326824
Bexley,2019-05-01,515,697,2019,E09000004,Bexley,246622,2.0882159742439845,2.8261874447535096,43,4,2018/19,4.9144034189974946
Bexley,2019-06-01,496,633,2019,E09000004,Bexley,246622,2.01117499655343,2.566680993585325,44,4,2018/19,4.5778559901387545
Bexley,2019-07-01,527,679,2019,E09000004,Bexley,246622,2.1368734338380193,2.7532012553624576,45,4,2018/19,4.8900746892004765
Bexley,2019-08-01,506,701,2019,E09000004,Bexley,246622,2.0517228795484588,2.8424065979515207,46,4,2018/19,4.8941294774999795
Bexley,2019-09-01,508,677,2019,E09000004,Bexley,246622,2.0598324561474644,2.7450916787634516,47,4,2018/19,4.804924134910916
Bexley,2019-10-01,522,705,2019,E09000004,Bexley,246622,2.1165994923405047,2.8586257511495323,48,4,2018/19,4.975225243490037
Bexley,2019-11-01,484,668,2019,E09000004,Bexley,246622,1.9625175369593955,2.708598584067926,49,5,2019/20,4.671116121027321
Bexley,2019-12-01,530,560,2019,E09000004,Bexley,246622,2.149037798736528,2.2706814477216146,50,5,2019/20,4.4197192464581425
Bexley,2020-01-01,526,707,2020,E09000004,Bexley,246924,2.1302101051335636,2.863229171728953,51,5,2019/20,4.993439276862516
Bexley,2020-02-01,475,666,2020,E09000004,Bexley,246924,1.9236688211757464,2.697186178743257,52,5,2019/20,4.620854999919003
Bexley,2020-03-01,367,417,2020,E09000004,Bexley,246924,1.4862872786768397,1.6887787335374447,53,5,2019/20,3.1750660122142844
Bexley,2020-04-01,365,310,2020,E09000004,Bexley,246924,1.4781876204824156,1.2554470201357504,54,5,2019/20,2.733634640618166
Bexley,2020-05-01,463,444,2020,E09000004,Bexley,246924,1.8750708720092013,1.7981241191621713,55,5,2019/20,3.6731949911713726
Bexley,2020-06-01,499,441,2020,E09000004,Bexley,246924,2.020864719508837,1.785974631870535,56,5,2019/20,3.806839351379372
Bexley,2020-07-01,562,446,2020,E09000004,Bexley,246924,2.2760039526331988,1.8062237773565955,57,5,2019/20,4.082227729989794
Bexley,2020-08-01,594,530,2020,E09000004,Bexley,246924,2.405598483743986,2.146409421522412,58,5,2019/20,4.552007905266398
Bexley,2020-09-01,526,502,2020,E09000004,Bexley,246924,2.1302101051335636,2.033014206800473,59,5,2019/20,4.163224311934036
Bexley,2020-10-01,464,523,2020,E09000004,Bexley,246924,1.8791207011064133,2.1180606178419272,60,5,2019/20,3.9971813189483405
Bexley,2020-11-01,507,496,2020,E09000004,Bexley,246924,2.0532633522865336,2.0087152322172006,61,6,2020/21,4.061978584503734
Bexley,2020-12-01,506,456,2020,E09000004,Bexley,246924,2.0492135231893216,1.8467220683287164,62,6,2020/21,3.895935591518038
Bexley,2021-01-01,398,446,2021,E09000004,Bexley,246637,1.6137075945620487,1.8083255959162656,63,6,2020/21,3.4220331904783143
Bexley,2021-02-01,367,403,2021,E09000004,Bexley,246637,1.4880168020207836,1.6339803030364464,64,6,2020/21,3.12199710505723
Bexley,2021-03-01,528,440,2021,E09000004,Bexley,246637,2.140798014896386,1.7839983457469886,65,6,2020/21,3.9247963606433744
Bexley,2021-04-01,495,401,2021,E09000004,Bexley,246637,2.006998138965362,1.6258712196466871,66,6,2020/21,3.6328693586120493
Bexley,2021-05-01,499,432,2021,E09000004,Bexley,246637,2.02321630574488,1.7515620121879523,67,6,2020/21,3.7747783179328325
Bexley,2021-06-01,507,441,2021,E09000004,Bexley,246637,2.0556526393039163,1.788052887441868,68,6,2020/21,3.8437055267457843
Bexley,2021-07-01,511,446,2021,E09000004,Bexley,246637,2.0718708060834343,1.8083255959162656,69,6,2020/21,3.8801964019997
Bexley,2021-08-01,475,538,2021,E09000004,Bexley,246637,1.9259073050677717,2.1813434318451814,70,6,2020/21,4.107250736912953
Bexley,2021-09-01,518,490,2021,E09000004,Bexley,246637,2.100252597947591,1.9867254304909645,71,6,2020/21,4.086978028438555
Bexley,2021-10-01,548,507,2021,E09000004,Bexley,246637,2.2218888487939767,2.0556526393039163,72,6,2020/21,4.277541488097893
Bexley,2021-11-01,550,589,2021,E09000004,Bexley,246637,2.2299979321837355,2.3881250582840368,73,7,2021/22,4.618122990467772
Bexley,2021-12-01,507,531,2021,E09000004,Bexley,246637,2.0556526393039163,2.152961639981025,74,7,2021/22,4.208614279284941
Bexley,2022-01-01,499,524,2022,E09000004,Bexley,247875,2.0131114473020677,2.1139687342410487,75,7,2021/22,4.127080181543116
Bexley,2022-02-01,499,534,2022,E09000004,Bexley,247875,2.0131114473020677,2.1543116490166416,76,7,2021/22,4.167423096318709
Bexley,2022-03-01,567,528,2022,E09000004,Bexley,247875,2.287443267776097,2.130105900151286,77,7,2021/22,4.417549167927383
Bexley,2022-04-01,554,497,2022,E09000004,Bexley,247875,2.2349974785678266,2.005042864346949,78,7,2021/22,4.240040342914776
Bexley,2022-05-01,590,497,2022,E09000004,Bexley,247875,2.38023197175996,2.005042864346949,79,7,2021/22,4.385274836106909
Bexley,2022-06-01,589,540,2022,E09000004,Bexley,247875,2.3761976802824005,2.178517397881997,80,7,2021/22,4.5547150781643975
Bexley,2022-07-01,529,456,2022,E09000004,Bexley,247875,2.134140191628845,1.8396369137670197,81,7,2021/22,3.9737771053958646
Bexley,2022-08-01,504,570,2022,E09000004,Bexley,247875,2.0332829046898637,2.2995461422087744,82,7,2021/22,4.332829046898638
Bexley,2022-09-01,556,551,2022,E09000004,Bexley,247875,2.243066061522945,2.2228946041351487,83,7,2021/22,4.465960665658094
Bexley,2022-10-01,486,541,2022,E09000004,Bexley,247875,1.9606656580937973,2.1825516893595562,84,7,2021/22,4.143217347453353
Bexley,2022-11-01,564,499,2022,E09000004,Bexley,247875,2.275340393343419,2.0131114473020677,85,8,2022/23,4.288451840645487
Bexley,2022-12-01,462,473,2022,E09000004,Bexley,247875,1.8638426626323752,1.908219868885527,86,8,2022/23,3.772062531517902
Bexley,2023-01-01,568,531,2023,E09000004,Bexley,252124,2.2528597039551967,2.1061065190144532,87,8,2022/23,4.35896622296965
Bexley,2023-02-01,576,477,2023,E09000004,Bexley,252124,2.284590122320763,1.8919261950468818,88,8,2022/23,4.1765163173676445
Bexley,2023-03-01,533,560,2023,E09000004,Bexley,252124,2.1140391236058447,2.2211292855896305,89,8,2022/23,4.335168409195475
Bexley,2023-04-01,505,528,2023,E09000004,Bexley,252124,2.002982659326363,2.094207612127366,90,8,2022/23,4.097190271453729
Bexley,2023-05-01,597,550,2023,E09000004,Bexley,252124,2.367882470530374,2.181466262632673,91,8,2022/23,4.549348733163047
Bexley,2023-06-01,584,511,2023,E09000004,Bexley,252124,2.3163205406863288,2.026780473100538,92,8,2022/23,4.343101013786867
Bexley,2023-07-01,606,529,2023,E09000004,Bexley,252124,2.403579191191636,2.098173914423062,93,8,2022/23,4.501753105614698
Bexley,2023-08-01,574,534,2023,E09000004,Bexley,252124,2.276657517729371,2.1180054259015404,94,8,2022/23,4.3946629436309115
Bexley,2023-09-01,581,611,2023,E09000004,Bexley,252124,2.3044216337992416,2.4234107026701146,95,8,2022/23,4.727832336469357
Bexley,2023-10-01,509,592,2023,E09000004,Bexley,252124,2.0188478685091464,2.348050959051895,96,8,2022/23,4.366898827561041
Brent,2015-11-01,794,1036,2015,E09000005,Brent,335605,2.365876551302871,3.086962351574023,1,1,2015/16,5.452838902876894
Brent,2015-12-01,708,879,2015,E09000005,Brent,335605,2.1096229198015526,2.6191504894146393,2,1,2015/16,4.728773409216192
Brent,2016-01-01,783,834,2016,E09000005,Brent,339524,2.3061698142104827,2.45638010862266,3,1,2015/16,4.762549922833143
Brent,2016-02-01,719,819,2016,E09000005,Brent,339524,2.117670621222653,2.412200610266137,4,1,2015/16,4.52987123148879
Brent,2016-03-01,677,878,2016,E09000005,Brent,339524,1.9939680258243895,2.585973303801793,5,1,2015/16,4.579941329626182
Brent,2016-04-01,738,878,2016,E09000005,Brent,339524,2.173631319140915,2.585973303801793,6,1,2015/16,4.7596046229427085
Brent,2016-05-01,827,1029,2016,E09000005,Brent,339524,2.435763009389616,3.0307135872574547,7,1,2015/16,5.4664765966470705
Brent,2016-06-01,784,962,2016,E09000005,Brent,339524,2.309115114100918,2.83337849459832,8,1,2015/16,5.142493608699238
Brent,2016-07-01,769,1014,2016,E09000005,Brent,339524,2.264935615744395,2.9865340889009317,9,1,2015/16,5.251469704645327
Brent,2016-08-01,750,974,2016,E09000005,Brent,339524,2.208974917826133,2.868722093283538,10,1,2015/16,5.077697011109671
Brent,2016-09-01,742,966,2016,E09000005,Brent,339524,2.1854125187026545,2.8451596941600594,11,1,2015/16,5.0305722128627135
Brent,2016-10-01,796,1064,2016,E09000005,Brent,339524,2.344458712786136,3.133799083422674,12,1,2015/16,5.47825779620881
Brent,2016-11-01,744,911,2016,E09000005,Brent,339524,2.191303118483524,2.683168200186143,13,2,2016/17,4.874471318669666
Brent,2016-12-01,772,966,2016,E09000005,Brent,339524,2.2737715154156994,2.8451596941600594,14,2,2016/17,5.118931209575759
Brent,2017-01-01,710,911,2017,E09000005,Brent,342439,2.0733619710371776,2.660327824809674,15,2,2016/17,4.733689795846852
Brent,2017-02-01,691,900,2017,E09000005,Brent,342439,2.0178776366009714,2.628205315399239,16,2,2016/17,4.64608295200021
Brent,2017-03-01,858,1050,2017,E09000005,Brent,342439,2.5055557340139414,3.0662395346324454,17,2,2016/17,5.571795268646387
Brent,2017-04-01,798,951,2017,E09000005,Brent,342439,2.3303420463206588,2.777136949938529,18,2,2016/17,5.1074789962591876
Brent,2017-05-01,889,1091,2017,E09000005,Brent,342439,2.5960828059888037,3.185968887889522,19,2,2016/17,5.7820516938783255
Brent,2017-06-01,886,1030,2017,E09000005,Brent,342439,2.5873221216041395,3.007834972068018,20,2,2016/17,5.5951570936721575
Brent,2017-07-01,819,1082,2017,E09000005,Brent,342439,2.3916668370133074,3.1596868347355294,21,2,2016/17,5.551353671748837
Brent,2017-08-01,794,1134,2017,E09000005,Brent,342439,2.318661133807773,3.311538697403041,22,2,2016/17,5.630199831210814
Brent,2017-09-01,797,1089,2017,E09000005,Brent,342439,2.327421818192437,3.1801284316330793,23,2,2016/17,5.507550249825517
Brent,2017-10-01,963,1128,2017,E09000005,Brent,342439,2.812179687477186,3.294017328633713,24,2,2016/17,6.106197016110899
Brent,2017-11-01,876,1108,2017,E09000005,Brent,342439,2.558119840321926,3.2356127660692855,25,3,2017/18,5.793732606391211
Brent,2017-12-01,897,959,2017,E09000005,Brent,342439,2.619444631014575,2.8004987749643,26,3,2017/18,5.419943405978875
Brent,2018-01-01,844,962,2018,E09000005,Brent,345558,2.4424264522887618,2.7839031363765274,27,3,2017/18,5.226329588665289
Brent,2018-02-01,795,885,2018,E09000005,Brent,345558,2.3006268122862155,2.5610751306582396,28,3,2017/18,4.861701942944455
Brent,2018-03-01,877,900,2018,E09000005,Brent,345558,2.537924169025171,2.6044831837202436,29,3,2017/18,5.142407352745415
Brent,2018-04-01,815,949,2018,E09000005,Brent,345558,2.3585042163688876,2.7462828237227903,30,3,2017/18,5.1047870400916775
Brent,2018-05-01,972,953,2018,E09000005,Brent,345558,2.8128418384178633,2.757858304539325,31,3,2017/18,5.570700142957188
Brent,2018-06-01,986,1011,2018,E09000005,Brent,345558,2.853356021275734,2.9257027763790737,32,3,2017/18,5.779058797654807
Brent,2018-07-01,937,1020,2018,E09000005,Brent,345558,2.711556381273187,2.951747608216276,33,3,2017/18,5.663303989489464
Brent,2018-08-01,854,989,2018,E09000005,Brent,345558,2.471365154330098,2.8620376318881346,34,3,2017/18,5.333402786218233
Brent,2018-09-01,903,1033,2018,E09000005,Brent,345558,2.613164794332645,2.9893679208700132,35,3,2017/18,5.602532715202658
Brent,2018-10-01,910,1101,2018,E09000005,Brent,345558,2.63342188576158,3.1861510947510983,36,3,2017/18,5.819572980512678
Brent,2018-11-01,867,1160,2018,E09000005,Brent,345558,2.5089854669838347,3.356889436794981,37,4,2018/19,5.865874903778815
Brent,2018-12-01,820,987,2018,E09000005,Brent,345558,2.3729735673895553,2.8562498914798673,38,4,2018/19,5.229223458869423
Brent,2019-01-01,870,1062,2019,E09000005,Brent,347424,2.5041447913788337,3.056783641890025,39,4,2018/19,5.560928433268859
Brent,2019-02-01,869,1000,2019,E09000005,Brent,347424,2.5012664640324216,2.8783273464124526,40,4,2018/19,5.379593810444874
Brent,2019-03-01,916,1066,2019,E09000005,Brent,347424,2.6365478493138066,3.068296951275675,41,4,2018/19,5.704844800589481
Brent,2019-04-01,858,1003,2019,E09000005,Brent,347424,2.4696048632218845,2.8869623284516903,42,4,2018/19,5.356567191673575
Brent,2019-05-01,934,1046,2019,E09000005,Brent,347424,2.688357741549231,3.0107304043474254,43,4,2018/19,5.699088145896656
Brent,2019-06-01,923,1027,2019,E09000005,Brent,347424,2.6566961407386938,2.956042184765589,44,4,2018/19,5.612738325504283
Brent,2019-07-01,952,1011,2019,E09000005,Brent,347424,2.740167633784655,2.9099889472229896,45,4,2018/19,5.650156581007645
Brent,2019-08-01,846,940,2019,E09000005,Brent,347424,2.435064935064935,2.705627705627706,46,4,2018/19,5.140692640692641
Brent,2019-09-01,858,1061,2019,E09000005,Brent,347424,2.4696048632218845,3.0539053145436124,47,4,2018/19,5.5235101777654965
Brent,2019-10-01,928,1088,2019,E09000005,Brent,347424,2.671087777470756,3.1316201528967484,48,4,2018/19,5.802707930367505
Brent,2019-11-01,881,991,2019,E09000005,Brent,347424,2.5358063921893708,2.8524224002947407,49,5,2019/20,5.388228792484112
Brent,2019-12-01,898,957,2019,E09000005,Brent,347424,2.584737957078383,2.7545592705167175,50,5,2019/20,5.3392972275951
Brent,2020-01-01,847,1039,2020,E09000005,Brent,343988,2.4622951963440585,3.0204542018907636,51,5,2019/20,5.482749398234822
Brent,2020-02-01,811,1067,2020,E09000005,Brent,343988,2.357640382804051,3.101852390199658,52,5,2019/20,5.459492773003709
Brent,2020-03-01,663,730,2020,E09000005,Brent,343988,1.9273928160284661,2.122167052339035,53,5,2019/20,4.049559868367501
Brent,2020-04-01,777,705,2020,E09000005,Brent,343988,2.2587997255718224,2.0494900984918076,54,5,2019/20,4.30828982406363
Brent,2020-05-01,810,754,2020,E09000005,Brent,343988,2.3547333046501624,2.1919369280323733,55,5,2019/20,4.546670232682535
Brent,2020-06-01,869,904,2020,E09000005,Brent,343988,2.5262509157296185,2.6279986511157367,56,5,2019/20,5.154249566845355
Brent,2020-07-01,921,973,2020,E09000005,Brent,343988,2.677418979731851,2.8285870437340837,57,5,2019/20,5.506006023465934
Brent,2020-08-01,917,964,2020,E09000005,Brent,343988,2.665790667116295,2.802423340349082,58,5,2019/20,5.468214007465377
Brent,2020-09-01,901,957,2020,E09000005,Brent,343988,2.6192774166540693,2.7820737932718584,59,5,2019/20,5.401351209925927
Brent,2020-10-01,941,992,2020,E09000005,Brent,343988,2.735560542809633,2.8838215286579763,60,5,2019/20,5.619382071467609
Brent,2020-11-01,892,808,2020,E09000005,Brent,343988,2.5931137132690676,2.348919148342384,61,6,2020/21,4.942032861611452
Brent,2020-12-01,884,871,2020,E09000005,Brent,343988,2.569857088037955,2.5320650720373967,62,6,2020/21,5.101922160075352
Brent,2021-01-01,736,683,2021,E09000005,Brent,339248,2.169504315427062,2.013276423147668,63,6,2020/21,4.1827807385747295
Brent,2021-02-01,736,776,2021,E09000005,Brent,339248,2.169504315427062,2.2874121586567937,64,6,2020/21,4.456916474083856
Brent,2021-03-01,878,782,2021,E09000005,Brent,339248,2.5880771588926095,2.3050983351412535,65,6,2020/21,4.893175494033863
Brent,2021-04-01,865,687,2021,E09000005,Brent,339248,2.549757109842947,2.025067207470641,66,6,2020/21,4.574824317313588
Brent,2021-05-01,911,913,2021,E09000005,Brent,339248,2.685351129557138,2.6912465217186248,67,6,2020/21,5.3765976512757625
Brent,2021-06-01,878,905,2021,E09000005,Brent,339248,2.5880771588926095,2.6676649530726784,68,6,2020/21,5.255742111965288
Brent,2021-07-01,960,1015,2021,E09000005,Brent,339248,2.8297882375135592,2.9919115219544405,69,6,2020/21,5.821699759468
Brent,2021-08-01,848,960,2021,E09000005,Brent,339248,2.499646276470311,2.8297882375135592,70,6,2020/21,5.32943451398387
Brent,2021-09-01,893,937,2021,E09000005,Brent,339248,2.6322926001037588,2.7619912276564635,71,6,2020/21,5.394283827760223
Brent,2021-10-01,927,1063,2021,E09000005,Brent,339248,2.732514266849031,3.1334009338301185,72,6,2020/21,5.865915200679149
Brent,2021-11-01,884,945,2021,E09000005,Brent,339248,2.6057633353770693,2.78557279630241,73,7,2021/22,5.391336131679479
Brent,2021-12-01,797,816,2021,E09000005,Brent,339248,2.349313776352403,2.4053200018865253,74,7,2021/22,4.754633778238928
Brent,2022-01-01,852,907,2022,E09000005,Brent,341505,2.494839021390609,2.65589083615174,75,7,2021/22,5.150729857542349
Brent,2022-02-01,804,917,2022,E09000005,Brent,341505,2.3542847103263496,2.6851729842901277,76,7,2021/22,5.039457694616477
Brent,2022-03-01,973,1015,2022,E09000005,Brent,341505,2.8491530138650973,2.9721380360463243,77,7,2021/22,5.821291049911421
Brent,2022-04-01,917,1006,2022,E09000005,Brent,341505,2.6851729842901277,2.9457841027217757,78,7,2021/22,5.630957087011904
Brent,2022-05-01,933,1011,2022,E09000005,Brent,341505,2.7320244213115474,2.9604251767909693,79,7,2021/22,5.692449598102517
Brent,2022-06-01,1011,994,2022,E09000005,Brent,341505,2.9604251767909693,2.9106455249557106,80,7,2021/22,5.87107070174668
Brent,2022-07-01,961,1040,2022,E09000005,Brent,341505,2.8140144360990322,3.045343406392293,81,7,2021/22,5.859357842491326
Brent,2022-08-01,988,978,2022,E09000005,Brent,341505,2.8930762360726785,2.863794087934291,82,7,2021/22,5.75687032400697
Brent,2022-09-01,973,947,2022,E09000005,Brent,341505,2.8491530138650973,2.7730194287052896,83,7,2021/22,5.6221724425703865
Brent,2022-10-01,983,979,2022,E09000005,Brent,341505,2.8784351620034845,2.8667223027481294,84,7,2021/22,5.745157464751614
Brent,2022-11-01,947,976,2022,E09000005,Brent,341505,2.7730194287052896,2.8579376583066134,85,8,2022/23,5.630957087011903
Brent,2022-12-01,906,856,2022,E09000005,Brent,341505,2.652962621337901,2.506551880645964,86,8,2022/23,5.159514501983866
Brent,2023-01-01,905,936,2023,E09000005,Brent,348751,2.594974638065554,2.683863272076639,87,8,2022/23,5.278837910142193
Brent,2023-02-01,879,910,2023,E09000005,Brent,348751,2.5204228805078697,2.609311514518955,88,8,2022/23,5.129734395026825
Brent,2023-03-01,928,1123,2023,E09000005,Brent,348751,2.660924269751198,3.220062451433831,89,8,2022/23,5.880986721185029
Brent,2023-04-01,878,1004,2023,E09000005,Brent,348751,2.517555505217189,2.8788447918428908,90,8,2022/23,5.3964002970600795
Brent,2023-05-01,1083,1177,2023,E09000005,Brent,348751,3.105367439806624,3.37490071713056,91,8,2022/23,6.480268156937184
Brent,2023-06-01,1163,1161,2023,E09000005,Brent,348751,3.3347574630610377,3.3290227124796776,92,8,2022/23,6.663780175540715
Brent,2023-07-01,1047,1198,2023,E09000005,Brent,348751,3.0021419293421383,3.4351155982348436,93,8,2022/23,6.437257527576982
Brent,2023-08-01,990,1062,2023,E09000005,Brent,348751,2.8387015377733684,3.0451525587023407,94,8,2022/23,5.883854096475709
Brent,2023-09-01,1011,1149,2023,E09000005,Brent,348751,2.898916418877652,3.2946142089915154,95,8,2022/23,6.193530627869167
Brent,2023-10-01,865,1199,2023,E09000005,Brent,348751,2.4802796264383473,3.437982973525524,96,8,2022/23,5.918262599963871
Bromley,2015-11-01,492,759,2015,E09000006,Bromley,325653,1.5108105867288186,2.330701697819458,1,1,2015/16,3.8415122845482768
Bromley,2015-12-01,498,825,2015,E09000006,Bromley,325653,1.5292351060791702,2.533371410673324,2,1,2015/16,4.062606516752494
Bromley,2016-01-01,500,811,2016,E09000006,Bromley,327701,1.5257811236462506,2.4748169825542186,3,1,2015/16,4.000598106200469
Bromley,2016-02-01,490,747,2016,E09000006,Bromley,327701,1.4952655011733258,2.2795169987274986,4,1,2015/16,3.7747824999008244
Bromley,2016-03-01,507,808,2016,E09000006,Bromley,327701,1.5471420593772982,2.4656622958123413,5,1,2015/16,4.0128043551896395
Bromley,2016-04-01,441,733,2016,E09000006,Bromley,327701,1.3457389510559932,2.2367951272654034,6,1,2015/16,3.5825340783213964
Bromley,2016-05-01,519,833,2016,E09000006,Bromley,327701,1.5837608063448083,2.5419513519946535,7,1,2015/16,4.125712158339462
Bromley,2016-06-01,501,764,2016,E09000006,Bromley,327701,1.5288326858935433,2.331393556931471,8,1,2015/16,3.8602262428250143
Bromley,2016-07-01,539,833,2016,E09000006,Bromley,327701,1.6447920512906582,2.5419513519946535,9,1,2015/16,4.186743403285312
Bromley,2016-08-01,472,759,2016,E09000006,Bromley,327701,1.4403373807220607,2.3161357456950085,10,1,2015/16,3.7564731264170694
Bromley,2016-09-01,519,774,2016,E09000006,Bromley,327701,1.5837608063448083,2.361909179404396,11,1,2015/16,3.9456699857492046
Bromley,2016-10-01,555,878,2016,E09000006,Bromley,327701,1.6936170472473382,2.6792716531228162,12,1,2015/16,4.372888700370154
Bromley,2016-11-01,553,901,2016,E09000006,Bromley,327701,1.6875139227527534,2.7494575848105436,13,2,2016/17,4.436971507563297
Bromley,2016-12-01,589,880,2016,E09000006,Bromley,327701,1.7973701636552832,2.685374777617401,14,2,2016/17,4.482744941272684
Bromley,2017-01-01,562,757,2017,E09000006,Bromley,329134,1.7075112264305723,2.2999750861351305,15,2,2016/17,4.007486312565703
Bromley,2017-02-01,536,843,2017,E09000006,Bromley,329134,1.6285160451366312,2.5612668396458584,16,2,2016/17,4.18978288478249
Bromley,2017-03-01,677,988,2017,E09000006,Bromley,329134,2.0569129898460807,3.0018168891697607,17,2,2016/17,5.058729879015841
Bromley,2017-04-01,576,874,2017,E09000006,Bromley,329134,1.750047093281156,2.6554534019578653,18,2,2016/17,4.405500495239021
Bromley,2017-05-01,599,893,2017,E09000006,Bromley,329134,1.8199274459642578,2.7131806498265143,19,2,2016/17,4.533108095790772
Bromley,2017-06-01,646,856,2017,E09000006,Bromley,329134,1.9627264275340743,2.600764430292829,20,2,2016/17,4.563490857826904
Bromley,2017-07-01,598,886,2017,E09000006,Bromley,329134,1.8168891697606446,2.6919127164012226,21,2,2016/17,4.5088018861618675
Bromley,2017-08-01,519,938,2017,E09000006,Bromley,329134,1.5768653496752083,2.849903078989105,22,2,2016/17,4.426768428664313
Bromley,2017-09-01,602,850,2017,E09000006,Bromley,329134,1.8290422745750972,2.5825347730711505,23,2,2016/17,4.411577047646247
Bromley,2017-10-01,585,866,2017,E09000006,Bromley,329134,1.777391579113674,2.63114719232896,24,2,2016/17,4.408538771442634
Bromley,2017-11-01,547,920,2017,E09000006,Bromley,329134,1.6619370833763756,2.795214107324069,25,3,2017/18,4.457151190700444
Bromley,2017-12-01,548,811,2017,E09000006,Bromley,329134,1.6649753595799888,2.4640420011302386,26,3,2017/18,4.129017360710227
Bromley,2018-01-01,575,935,2018,E09000006,Bromley,330367,1.7404886081236928,2.8301858236446136,27,3,2017/18,4.570674431768307
Bromley,2018-02-01,467,797,2018,E09000006,Bromley,330367,1.4135794434674165,2.412468557694927,28,3,2017/18,3.8260480011623437
Bromley,2018-03-01,654,821,2018,E09000006,Bromley,330367,1.9796166081963393,2.485115038729655,29,3,2017/18,4.464731646925994
Bromley,2018-04-01,522,897,2018,E09000006,Bromley,330367,1.580060962505335,2.715162228672961,30,3,2017/18,4.295223191178296
Bromley,2018-05-01,638,888,2018,E09000006,Bromley,330367,1.931185620839854,2.6879197982849377,31,3,2017/18,4.619105419124791
Bromley,2018-06-01,613,998,2018,E09000006,Bromley,330367,1.8555122030953455,3.0208828363607747,32,3,2017/18,4.876395039456121
Bromley,2018-07-01,653,896,2018,E09000006,Bromley,330367,1.976589671486559,2.7121352919631803,33,3,2017/18,4.688724963449739
Bromley,2018-08-01,496,909,2018,E09000006,Bromley,330367,1.5013606080510462,2.7514854691903246,34,3,2017/18,4.2528460772413705
Bromley,2018-09-01,611,902,2018,E09000006,Bromley,330367,1.8494583296757847,2.7302969122218625,35,3,2017/18,4.579755241897647
Bromley,2018-10-01,564,946,2018,E09000006,Bromley,330367,1.707192304316109,2.863482127452197,36,3,2017/18,4.570674431768306
Bromley,2018-11-01,557,944,2018,E09000006,Bromley,330367,1.6860037473476468,2.8574282540326363,37,4,2018/19,4.543432001380284
Bromley,2018-12-01,556,917,2018,E09000006,Bromley,330367,1.6829768106378664,2.7757009628685676,38,4,2018/19,4.458677773506434
Bromley,2019-01-01,570,894,2019,E09000006,Bromley,331192,1.721056064156139,2.699340563781734,39,4,2018/19,4.420396627937873
Bromley,2019-02-01,562,921,2019,E09000006,Bromley,331192,1.6969008913258774,2.7808642720838668,40,4,2018/19,4.477765163409744
Bromley,2019-03-01,621,923,2019,E09000006,Bromley,331192,1.8750452909490567,2.786903065291432,41,4,2018/19,4.661948356240488
Bromley,2019-04-01,567,938,2019,E09000006,Bromley,331192,1.711997874344791,2.8321940143481728,42,4,2018/19,4.544191888692964
Bromley,2019-05-01,644,994,2019,E09000006,Bromley,331192,1.9444914128360589,3.001280224160004,43,4,2018/19,4.945771636996063
Bromley,2019-06-01,616,886,2019,E09000006,Bromley,331192,1.8599483079301433,2.6751853909514725,44,4,2018/19,4.535133698881616
Bromley,2019-07-01,703,978,2019,E09000006,Bromley,331192,2.122635812459238,2.9529698784994807,45,4,2018/19,5.075605690958719
Bromley,2019-08-01,617,998,2019,E09000006,Bromley,331192,1.862967704533926,3.0133578105751346,46,4,2018/19,4.876325515109061
Bromley,2019-09-01,656,948,2019,E09000006,Bromley,331192,1.9807241720814512,2.8623879803859995,47,4,2018/19,4.843112152467451
Bromley,2019-10-01,623,1074,2019,E09000006,Bromley,331192,1.881084084156622,3.2428319524626197,48,4,2018/19,5.123916036619242
Bromley,2019-11-01,711,1031,2019,E09000006,Bromley,331192,2.1467909852895,3.112997898499964,49,5,2019/20,5.259788883789463
Bromley,2019-12-01,671,900,2019,E09000006,Bromley,331192,2.0260151211381916,2.71745694340443,50,5,2019/20,4.743472064542622
Bromley,2020-01-01,576,1027,2020,E09000006,Bromley,331247,1.7388836729087358,3.1004054376341523,51,5,2019/20,4.839289110542888
Bromley,2020-02-01,621,962,2020,E09000006,Bromley,331247,1.8747339598547308,2.904177245378826,52,5,2019/20,4.778911205233557
Bromley,2020-03-01,454,615,2020,E09000006,Bromley,331247,1.3705784505218161,1.8566205882619313,53,5,2019/20,3.2271990387837475
Bromley,2020-04-01,485,523,2020,E09000006,Bromley,331247,1.4641642037512792,1.5788822238390083,54,5,2019/20,3.0430464275902875
Bromley,2020-05-01,599,598,2020,E09000006,Bromley,331247,1.8083182640144666,1.805299368749,55,5,2019/20,3.6136176327634666
Bromley,2020-06-01,645,652,2020,E09000006,Bromley,331247,1.947187446225928,1.968319713084194,56,5,2019/20,3.9155071593101223
Bromley,2020-07-01,696,793,2020,E09000006,Bromley,331247,2.1011511047647224,2.3939839455149783,57,5,2019/20,4.495135050279701
Bromley,2020-08-01,653,730,2020,E09000006,Bromley,331247,1.9713386083496605,2.203793543790585,58,5,2019/20,4.175132152140246
Bromley,2020-09-01,698,770,2020,E09000006,Bromley,331247,2.1071888952956557,2.3245493544092475,59,5,2019/20,4.431738249704903
Bromley,2020-10-01,665,1024,2020,E09000006,Bromley,331247,2.007565351535259,3.0913487518377525,60,5,2019/20,5.098914103373012
Bromley,2020-11-01,635,786,2020,E09000006,Bromley,331247,1.9169984935712625,2.3728516786567124,61,6,2020/21,4.289850172227975
Bromley,2020-12-01,544,705,2020,E09000006,Bromley,331247,1.642279024413806,2.1283211621539215,62,6,2020/21,3.7706001865677274
Bromley,2021-01-01,478,684,2021,E09000006,Bromley,329899,1.4489283083610438,2.073361847110782,63,6,2020/21,3.522290155471826
Bromley,2021-02-01,508,739,2021,E09000006,Bromley,329899,1.5398652314799377,2.2400795394954214,64,6,2020/21,3.779944770975359
Bromley,2021-03-01,587,797,2021,E09000006,Bromley,329899,1.779332462359692,2.4158909241919497,65,6,2020/21,4.195223386551642
Bromley,2021-04-01,604,783,2021,E09000006,Bromley,329899,1.8308633854603984,2.3734536934031323,66,6,2020/21,4.2043170788635305
Bromley,2021-05-01,667,822,2021,E09000006,Bromley,329899,2.021830924010076,2.4916716934576946,67,6,2020/21,4.51350261746777
Bromley,2021-06-01,622,799,2021,E09000006,Bromley,329899,1.885425539331735,2.421953385733209,68,6,2020/21,4.307378925064944
Bromley,2021-07-01,682,767,2021,E09000006,Bromley,329899,2.0672993855695228,2.324954001073056,69,6,2020/21,4.392253386642579
Bromley,2021-08-01,580,813,2021,E09000006,Bromley,329899,1.7581138469652833,2.4643906165220266,70,6,2020/21,4.22250446348731
Bromley,2021-09-01,684,871,2021,E09000006,Bromley,329899,2.073361847110782,2.640202001218555,71,6,2020/21,4.713563848329337
Bromley,2021-10-01,692,990,2021,E09000006,Bromley,329899,2.097611693275821,3.000918462923501,72,6,2020/21,5.098530156199322
Bromley,2021-11-01,683,1014,2021,E09000006,Bromley,329899,2.0703306163401525,3.073668001418616,73,7,2021/22,5.143998617758768
Bromley,2021-12-01,596,883,2021,E09000006,Bromley,329899,1.8066135392953602,2.6765767704661125,74,7,2021/22,4.483190309761473
Bromley,2022-01-01,620,880,2022,E09000006,Bromley,329930,1.8791864941048102,2.667232443245537,75,7,2021/22,4.546418937350348
Bromley,2022-02-01,632,805,2022,E09000006,Bromley,329930,1.9155578456036129,2.4399114963780195,76,7,2021/22,4.355469341981633
Bromley,2022-03-01,680,836,2022,E09000006,Bromley,329930,2.061043251598824,2.53387082108326,77,7,2021/22,4.594914072682084
Bromley,2022-04-01,657,820,2022,E09000006,Bromley,329930,1.991331494559452,2.485375685751523,78,7,2021/22,4.476707180310975
Bromley,2022-05-01,706,798,2022,E09000006,Bromley,329930,2.1398478465128967,2.4186948746703845,79,7,2021/22,4.558542721183281
Bromley,2022-06-01,673,850,2022,E09000006,Bromley,329930,2.039826629891189,2.57630406449853,80,7,2021/22,4.616130694389719
Bromley,2022-07-01,705,912,2022,E09000006,Bromley,329930,2.136816900554663,2.764222713909011,81,7,2021/22,4.901039614463674
Bromley,2022-08-01,673,786,2022,E09000006,Bromley,329930,2.039826629891189,2.382323523171582,82,7,2021/22,4.422150153062772
Bromley,2022-09-01,636,766,2022,E09000006,Bromley,329930,1.927681629436547,2.3217046040069107,83,7,2021/22,4.249386233443458
Bromley,2022-10-01,619,823,2022,E09000006,Bromley,329930,1.8761555481465766,2.4944685236262236,84,7,2021/22,4.3706240717728
Bromley,2022-11-01,617,870,2022,E09000006,Bromley,329930,1.8700936562301094,2.6369229836632013,85,8,2022/23,4.507016639893311
Bromley,2022-12-01,587,830,2022,E09000006,Bromley,329930,1.7791652774831024,2.5156851453338587,86,8,2022/23,4.294850422816961
Bromley,2023-01-01,565,823,2023,E09000006,Bromley,332482,1.6993401146528233,2.4753219723172983,87,8,2022/23,4.174662086970121
Bromley,2023-02-01,634,754,2023,E09000006,Bromley,332482,1.9068701463537876,2.267791940616334,88,8,2022/23,4.174662086970121
Bromley,2023-03-01,710,834,2023,E09000006,Bromley,332482,2.1354539493867337,2.5084064701246986,89,8,2022/23,4.643860419511432
Bromley,2023-04-01,688,787,2023,E09000006,Bromley,332482,2.0692849537719336,2.3670454340385345,90,8,2022/23,4.436330387810468
Bromley,2023-05-01,690,947,2023,E09000006,Bromley,332482,2.0753003170096425,2.8482744930552633,91,8,2022/23,4.923574810064906
Bromley,2023-06-01,712,899,2023,E09000006,Bromley,332482,2.1414693126244426,2.7039057753502447,92,8,2022/23,4.845375087974688
Bromley,2023-07-01,758,871,2023,E09000006,Bromley,332482,2.2798226670917523,2.619690690022317,93,8,2022/23,4.899513357114069
Bromley,2023-08-01,695,950,2023,E09000006,Bromley,332482,2.0903387251039156,2.8572975379118266,94,8,2022/23,4.947636263015742
Bromley,2023-09-01,694,928,2023,E09000006,Bromley,332482,2.0873310434850607,2.7911285422970264,95,8,2022/23,4.878459585782087
Bromley,2023-10-01,620,904,2023,E09000006,Bromley,332482,1.8647626036898237,2.7189441834445174,96,8,2022/23,4.583706787134341
Camden,2015-11-01,631,1329,2015,E09000007,Camden,221032,2.854790256614427,6.012704042853524,1,1,2015/16,8.86749429946795
Camden,2015-12-01,613,1328,2015,E09000007,Camden,221032,2.773354084476456,6.00817981106808,2,1,2015/16,8.781533895544536
Camden,2016-01-01,606,1224,2016,E09000007,Camden,221024,2.7417836976979877,5.537860141885044,3,1,2015/16,8.279643839583033
Camden,2016-02-01,578,1281,2016,E09000007,Camden,221024,2.6151006225568265,5.795750687708122,4,1,2015/16,8.410851310264949
Camden,2016-03-01,621,1233,2016,E09000007,Camden,221024,2.8096496308093237,5.578579701751846,5,1,2015/16,8.38822933256117
Camden,2016-04-01,599,1253,2016,E09000007,Camden,221024,2.710112928912697,5.669067612566961,6,1,2015/16,8.379180541479657
Camden,2016-05-01,656,1367,2016,E09000007,Camden,221024,2.968003474735775,6.184848704213117,7,1,2015/16,9.152852178948892
Camden,2016-06-01,608,1253,2016,E09000007,Camden,221024,2.750832488779499,5.669067612566961,8,1,2015/16,8.41990010134646
Camden,2016-07-01,649,1375,2016,E09000007,Camden,221024,2.936332705950485,6.221043868539163,9,1,2015/16,9.157376574489648
Camden,2016-08-01,626,1349,2016,E09000007,Camden,221024,2.8322716085131026,6.103409584479514,10,1,2015/16,8.935681192992616
Camden,2016-09-01,631,1357,2016,E09000007,Camden,221024,2.8548935862168814,6.139604748805559,11,1,2015/16,8.99449833502244
Camden,2016-10-01,599,1414,2016,E09000007,Camden,221024,2.710112928912697,6.397495294628637,12,1,2015/16,9.107608223541334
Camden,2016-11-01,576,1431,2016,E09000007,Camden,221024,2.6060518314753147,6.4744100188214855,13,2,2016/17,9.0804618502968
Camden,2016-12-01,699,1466,2016,E09000007,Camden,221024,3.1625524829882727,6.632763862747937,14,2,2016/17,9.79531634573621
Camden,2017-01-01,584,1310,2017,E09000007,Camden,218833,2.668701704039153,5.986300055293306,15,2,2016/17,8.655001759332459
Camden,2017-02-01,614,1422,2017,E09000007,Camden,218833,2.8057925450000685,6.49810586154739,16,2,2016/17,9.303898406547457
Camden,2017-03-01,732,1742,2017,E09000007,Camden,218833,3.345016519446336,7.960408165130487,17,2,2016/17,11.305424684576824
Camden,2017-04-01,696,1628,2017,E09000007,Camden,218833,3.1805075102932374,7.439462969479009,18,2,2016/17,10.619970479772245
Camden,2017-05-01,786,1934,2017,E09000007,Camden,218833,3.5917800331759837,8.837789547280346,19,2,2016/17,12.42956958045633
Camden,2017-06-01,813,1930,2017,E09000007,Camden,218833,3.715161790040807,8.819510768485557,20,2,2016/17,12.534672558526363
Camden,2017-07-01,781,1988,2017,E09000007,Camden,218833,3.5689315596824978,9.084553061009993,21,2,2016/17,12.653484620692492
Camden,2017-08-01,815,1948,2017,E09000007,Camden,218833,3.7243011794382017,8.901765273062107,22,2,2016/17,12.626066452500309
Camden,2017-09-01,793,1904,2017,E09000007,Camden,218833,3.623767896066864,8.70069870631943,23,2,2016/17,12.324466602386295
Camden,2017-10-01,909,2090,2017,E09000007,Camden,218833,4.153852481115736,9.550661920277106,24,2,2016/17,13.704514401392842
Camden,2017-11-01,823,1967,2017,E09000007,Camden,218833,3.760858737027779,8.988589472337353,25,3,2017/18,12.74944820936513
Camden,2017-12-01,770,1688,2017,E09000007,Camden,218833,3.5186649179968286,7.71364465140084,26,3,2017/18,11.23230956939767
Camden,2018-01-01,783,1749,2018,E09000007,Camden,217915,3.5931441158249777,8.026065208911731,27,3,2017/18,11.619209324736708
Camden,2018-02-01,702,1465,2018,E09000007,Camden,217915,3.2214395521189454,6.72280476332515,28,3,2017/18,9.944244315444095
Camden,2018-03-01,738,1644,2018,E09000007,Camden,217915,3.3866415804327374,7.544225959663171,29,3,2017/18,10.930867540095909
Camden,2018-04-01,733,1564,2018,E09000007,Camden,217915,3.3636968542780443,7.177110341188078,30,3,2017/18,10.540807195466122
Camden,2018-05-01,819,1560,2018,E09000007,Camden,217915,3.7583461441387698,7.158754560264323,31,3,2017/18,10.917100704403094
Camden,2018-06-01,818,1596,2018,E09000007,Camden,217915,3.753757198907831,7.323956588578115,32,3,2017/18,11.077713787485946
Camden,2018-07-01,894,1614,2018,E09000007,Camden,217915,4.10251703645917,7.4065576027350115,33,3,2017/18,11.509074639194182
Camden,2018-08-01,741,1526,2018,E09000007,Camden,217915,3.4004084161255537,7.002730422412409,34,3,2017/18,10.403138838537963
Camden,2018-09-01,736,1582,2018,E09000007,Camden,217915,3.37746368997086,7.259711355344974,35,3,2017/18,10.637175045315834
Camden,2018-10-01,739,1710,2018,E09000007,Camden,217915,3.3912305256636763,7.847096344905124,36,3,2017/18,11.2383268705688
Camden,2018-11-01,790,1738,2018,E09000007,Camden,217915,3.625266732441548,7.975586811371406,37,4,2018/19,11.600853543812955
Camden,2018-12-01,726,1675,2018,E09000007,Camden,217915,3.3315742376614734,7.6864832618222705,38,4,2018/19,11.018057499483744
Camden,2019-01-01,635,1827,2019,E09000007,Camden,217136,2.9244344558249207,8.414081497310441,39,4,2018/19,11.338515953135362
Camden,2019-02-01,681,1889,2019,E09000007,Camden,217136,3.1362832510500334,8.699616830005159,40,4,2018/19,11.835900081055192
Camden,2019-03-01,738,2050,2019,E09000007,Camden,217136,3.3987915407854983,9.441087613293051,41,4,2018/19,12.839879154078549
Camden,2019-04-01,729,1843,2019,E09000007,Camden,217136,3.3573428634588462,8.487768034780046,42,4,2018/19,11.845110898238893
Camden,2019-05-01,770,1811,2019,E09000007,Camden,217136,3.5461646157247073,8.340394959840838,43,4,2018/19,11.886559575565546
Camden,2019-06-01,746,1744,2019,E09000007,Camden,217136,3.4356348095203004,8.03183258418687,44,4,2018/19,11.46746739370717
Camden,2019-07-01,842,1887,2019,E09000007,Camden,217136,3.8777540343379266,8.690406012821457,45,4,2018/19,12.568160047159385
Camden,2019-08-01,801,1719,2019,E09000007,Camden,217136,3.6889322820720656,7.916697369390612,46,4,2018/19,11.605629651462678
Camden,2019-09-01,743,1842,2019,E09000007,Camden,217136,3.42181858374475,8.483162626188195,47,4,2018/19,11.904981209932945
Camden,2019-10-01,855,2101,2019,E09000007,Camden,217136,3.93762434603198,9.675963451477415,48,4,2018/19,13.613587797509394
Camden,2019-11-01,756,1985,2019,E09000007,Camden,217136,3.481688895438803,9.141736054822784,49,5,2019/20,12.623424950261587
Camden,2019-12-01,788,1789,2019,E09000007,Camden,217136,3.629061970378012,8.239075970820132,50,5,2019/20,11.868137941198142
Camden,2020-01-01,673,1821,2020,E09000007,Camden,214768,3.1336139462117263,8.478916784623408,51,5,2019/20,11.612530730835134
Camden,2020-02-01,788,2000,2020,E09000007,Camden,214768,3.669075467481189,9.31237428294718,52,5,2019/20,12.98144975042837
Camden,2020-03-01,601,1242,2020,E09000007,Camden,214768,2.7983684720256274,5.782984429710199,53,5,2019/20,8.581352901735826
Camden,2020-04-01,483,657,2020,E09000007,Camden,214768,2.248938389331744,3.059114951948149,54,5,2019/20,5.3080533412798925
Camden,2020-05-01,564,736,2020,E09000007,Camden,214768,2.626089547791105,3.4269537361245623,55,5,2019/20,6.053043283915667
Camden,2020-06-01,699,864,2020,E09000007,Camden,214768,3.2546748118900393,4.022945690233182,56,5,2019/20,7.277620502123221
Camden,2020-07-01,729,1128,2020,E09000007,Camden,214768,3.3943604261342473,5.25217909558221,57,5,2019/20,8.646539521716457
Camden,2020-08-01,723,1276,2020,E09000007,Camden,214768,3.366423303285406,5.941294792520301,58,5,2019/20,9.307718095805708
Camden,2020-09-01,716,1324,2020,E09000007,Camden,214768,3.3338299932950903,6.164791775311033,59,5,2019/20,9.498621768606125
Camden,2020-10-01,726,1439,2020,E09000007,Camden,214768,3.3803918647098263,6.700253296580496,60,5,2019/20,10.080645161290322
Camden,2020-11-01,669,1057,2020,E09000007,Camden,214768,3.1149891976458317,4.921589808537584,61,6,2020/21,8.036579006183416
Camden,2020-12-01,577,976,2020,E09000007,Camden,214768,2.6866199806302613,4.544438650078224,62,6,2020/21,7.231058630708485
Camden,2021-01-01,483,681,2021,E09000007,Camden,210968,2.2894467407379318,3.2279777027795684,63,6,2020/21,5.5174244435175
Camden,2021-02-01,482,698,2021,E09000007,Camden,210968,2.2847066853740854,3.3085586439649615,64,6,2020/21,5.593265329339047
Camden,2021-03-01,634,915,2021,E09000007,Camden,210968,3.005195100678776,4.337150657919684,65,6,2020/21,7.34234575859846
Camden,2021-04-01,580,1044,2021,E09000007,Camden,210968,2.749232111031057,4.948617799855902,66,6,2020/21,7.6978499108869585
Camden,2021-05-01,701,1198,2021,E09000007,Camden,210968,3.3227788100565014,5.678586325888286,67,6,2020/21,9.001365135944788
Camden,2021-06-01,761,1296,2021,E09000007,Camden,210968,3.6071821318873005,6.143111751545258,68,6,2020/21,9.750293883432558
Camden,2021-07-01,762,1331,2021,E09000007,Camden,210968,3.611922187251147,6.309013689279891,69,6,2020/21,9.920935876531038
Camden,2021-08-01,762,1303,2021,E09000007,Camden,210968,3.611922187251147,6.176292139092185,70,6,2020/21,9.788214326343333
Camden,2021-09-01,694,1225,2021,E09000007,Camden,210968,3.289598422509575,5.806567820712146,71,6,2020/21,9.09616624322172
Camden,2021-10-01,738,1548,2021,E09000007,Camden,210968,3.4981608585188275,7.337605703234614,72,6,2020/21,10.835766561753442
Camden,2021-11-01,763,1497,2021,E09000007,Camden,210968,3.6166622426149937,7.095862879678434,73,7,2021/22,10.712525122293428
Camden,2021-12-01,711,1199,2021,E09000007,Camden,210968,3.370179363694968,5.683326381252133,74,7,2021/22,9.0535057449471
Camden,2022-01-01,679,1205,2022,E09000007,Camden,217352,3.123964812838161,5.5440023556258975,75,7,2021/22,8.66796716846406
Camden,2022-02-01,724,1300,2022,E09000007,Camden,217352,3.331002245205933,5.981081379513416,76,7,2021/22,9.31208362471935
Camden,2022-03-01,797,1577,2022,E09000007,Camden,217352,3.6668629688247636,7.255511796532813,77,7,2021/22,10.922374765357578
Camden,2022-04-01,705,1685,2022,E09000007,Camden,217352,3.2435864404284294,7.752401634215466,78,7,2021/22,10.995988074643895
Camden,2022-05-01,776,1743,2022,E09000007,Camden,217352,3.57024550038647,8.019249880378373,79,7,2021/22,11.589495380764843
Camden,2022-06-01,764,1556,2022,E09000007,Camden,217352,3.5150355184217306,7.15889432809452,80,7,2021/22,10.67392984651625
Camden,2022-07-01,759,1716,2022,E09000007,Camden,217352,3.492031359269756,7.895027420957709,81,7,2021/22,11.387058780227466
Camden,2022-08-01,779,1617,2022,E09000007,Camden,217352,3.5840479958776545,7.43954506974861,82,7,2021/22,11.023593065626265
Camden,2022-09-01,724,1552,2022,E09000007,Camden,217352,3.331002245205933,7.14049100077294,83,7,2021/22,10.471493245978873
Camden,2022-10-01,793,1941,2022,E09000007,Camden,217352,3.648459641503184,8.93021458279657,84,7,2021/22,12.578674224299753
Camden,2022-11-01,797,1885,2022,E09000007,Camden,217352,3.6668629688247636,8.672568000294453,85,8,2022/23,12.339430969119217
Camden,2022-12-01,710,1504,2022,E09000007,Camden,217352,3.2665905995804043,6.919651072913983,86,8,2022/23,10.186241672494388
Camden,2023-01-01,791,1642,2023,E09000007,Camden,217235,3.641218035767717,7.558634658319332,87,8,2022/23,11.199852694087049
Camden,2023-02-01,704,1736,2023,E09000007,Camden,217235,3.2407300849310654,7.991345777614105,88,8,2022/23,11.23207586254517
Camden,2023-03-01,800,2000,2023,E09000007,Camden,217235,3.6826478237853015,9.206619559463254,89,8,2022/23,12.889267383248555
Camden,2023-04-01,878,1891,2023,E09000007,Camden,217235,4.041705986604368,8.704858793472507,90,8,2022/23,12.746564780076875
Camden,2023-05-01,907,2097,2023,E09000007,Camden,217235,4.175201970216586,9.653140608097221,91,8,2022/23,13.828342578313807
Camden,2023-06-01,965,2022,2023,E09000007,Camden,217235,4.44219393744102,9.30789237461735,92,8,2022/23,13.75008631205837
Camden,2023-07-01,906,2055,2023,E09000007,Camden,217235,4.170598660436854,9.459801597348493,93,8,2022/23,13.630400257785347
Camden,2023-08-01,812,1875,2023,E09000007,Camden,217235,3.737887541142081,8.6312058369968,94,8,2022/23,12.369093378138881
Camden,2023-09-01,828,1958,2023,E09000007,Camden,217235,3.8115404976177873,9.013280548714526,95,8,2022/23,12.824821046332314
Camden,2023-10-01,855,2004,2023,E09000007,Camden,217235,3.935829861670541,9.22503279858218,96,8,2022/23,13.160862660252722
Croydon,2015-11-01,869,1074,2015,E09000008,Croydon,381277,2.279182851312825,2.8168496919562416,1,1,2015/16,5.096032543269066
Croydon,2015-12-01,823,971,2015,E09000008,Croydon,381277,2.158535657802595,2.546704889096379,2,1,2015/16,4.705240546898974
Croydon,2016-01-01,833,938,2016,E09000008,Croydon,384382,2.1671150053852677,2.440280762366604,3,1,2015/16,4.607395767751871
Croydon,2016-02-01,730,960,2016,E09000008,Croydon,384382,1.8991524056797664,2.497515492400789,4,1,2015/16,4.396667898080556
Croydon,2016-03-01,809,969,2016,E09000008,Croydon,384382,2.104677118075248,2.5209297001420463,5,1,2015/16,4.625606818217294
Croydon,2016-04-01,805,1032,2016,E09000008,Croydon,384382,2.094270803523578,2.684829154330848,6,1,2015/16,4.7790999578544255
Croydon,2016-05-01,929,1170,2016,E09000008,Croydon,384382,2.4168665546253467,3.0438470063634613,7,1,2015/16,5.460713560988808
Croydon,2016-06-01,919,1087,2016,E09000008,Croydon,384382,2.390850768246172,2.82791597941631,8,1,2015/16,5.218766747662482
Croydon,2016-07-01,1013,1141,2016,E09000008,Croydon,384382,2.6353991602104156,2.9684012258638544,9,1,2015/16,5.60380038607427
Croydon,2016-08-01,980,1053,2016,E09000008,Croydon,384382,2.5495470651591385,2.7394623057271152,10,1,2015/16,5.289009370886253
Croydon,2016-09-01,925,1035,2016,E09000008,Croydon,384382,2.4064602400736765,2.6926338902446005,11,1,2015/16,5.099094130318277
Croydon,2016-10-01,883,1019,2016,E09000008,Croydon,384382,2.297193937281142,2.6510086320379207,12,1,2015/16,4.948202569319063
Croydon,2016-11-01,858,947,2016,E09000008,Croydon,384382,2.232154471333205,2.4636949701078614,13,2,2016/17,4.695849441441066
Croydon,2016-12-01,855,1019,2016,E09000008,Croydon,384382,2.2243497354194526,2.6510086320379207,14,2,2016/17,4.875358367457373
Croydon,2017-01-01,862,992,2017,E09000008,Croydon,385567,2.2356685089750936,2.572834293391291,15,2,2016/17,4.808502802366385
Croydon,2017-02-01,837,920,2017,E09000008,Croydon,385567,2.170828935048902,2.386096320483859,16,2,2016/17,4.556925255532761
Croydon,2017-03-01,916,1083,2017,E09000008,Croydon,385567,2.375721988655668,2.8088503424826294,17,2,2016/17,5.184572331138297
Croydon,2017-04-01,808,960,2017,E09000008,Croydon,385567,2.0956150292945197,2.4898396387657655,18,2,2016/17,4.585454668060285
Croydon,2017-05-01,908,1016,2017,E09000008,Croydon,385567,2.354973324999287,2.6350802843604355,19,2,2016/17,4.990053609359722
Croydon,2017-06-01,932,965,2017,E09000008,Croydon,385567,2.4172193159684308,2.502807553551004,20,2,2016/17,4.920026869519434
Croydon,2017-07-01,975,1045,2017,E09000008,Croydon,385567,2.5287433831214807,2.710294190114818,21,2,2016/17,5.239037573236299
Croydon,2017-08-01,821,1112,2017,E09000008,Croydon,385567,2.1293316077361393,2.884064248237012,22,2,2016/17,5.013395855973151
Croydon,2017-09-01,856,1054,2017,E09000008,Croydon,385567,2.2201070112328076,2.733636436728247,23,2,2016/17,4.953743447961054
Croydon,2017-10-01,855,1004,2017,E09000008,Croydon,385567,2.21751342827576,2.6039572888758635,24,2,2016/17,4.821470717151623
Croydon,2017-11-01,868,1040,2017,E09000008,Croydon,385567,2.25123000671738,2.6973262753295795,25,3,2017/18,4.94855628204696
Croydon,2017-12-01,914,1030,2017,E09000008,Croydon,385567,2.370534822741573,2.6713904457591027,26,3,2017/18,5.041925268500675
Croydon,2018-01-01,872,1102,2018,E09000008,Croydon,386999,2.253235796474926,2.8475525776552395,27,3,2017/18,5.100788374130166
Croydon,2018-02-01,835,948,2018,E09000008,Croydon,386999,2.15762831428505,2.4496187328649426,28,3,2017/18,4.6072470471499924
Croydon,2018-03-01,915,961,2018,E09000008,Croydon,386999,2.3643471946955934,2.483210550931656,29,3,2017/18,4.847557745627249
Croydon,2018-04-01,917,927,2018,E09000008,Croydon,386999,2.369515166705857,2.395355026757175,30,3,2017/18,4.764870193463032
Croydon,2018-05-01,1003,1052,2018,E09000008,Croydon,386999,2.5917379631471915,2.7183532773986494,31,3,2017/18,5.310091240545841
Croydon,2018-06-01,906,942,2018,E09000008,Croydon,386999,2.3410913206494075,2.434114816834152,32,3,2017/18,4.7752061374835595
Croydon,2018-07-01,986,1115,2018,E09000008,Croydon,386999,2.547810201059951,2.881144395721953,33,3,2017/18,5.428954596781904
Croydon,2018-08-01,895,1070,2018,E09000008,Croydon,386999,2.3126674745929576,2.764865025491022,34,3,2017/18,5.077532500083979
Croydon,2018-09-01,842,1047,2018,E09000008,Croydon,386999,2.1757162163209722,2.7054333473729906,35,3,2017/18,4.881149563693963
Croydon,2018-10-01,960,1160,2018,E09000008,Croydon,386999,2.4806265649265242,2.9974237659528837,36,3,2017/18,5.478050330879408
Croydon,2018-11-01,898,1095,2018,E09000008,Croydon,386999,2.320419432608353,2.8294646756193167,37,4,2018/19,5.14988410822767
Croydon,2018-12-01,955,1023,2018,E09000008,Croydon,386999,2.4677066349008654,2.6434176832498277,38,4,2018/19,5.111124318150694
Croydon,2019-01-01,948,1038,2019,E09000008,Croydon,390643,2.426768174522518,2.657157558179719,39,4,2018/19,5.083925732702237
Croydon,2019-02-01,832,1057,2019,E09000008,Croydon,390643,2.129821857808792,2.7057953169517948,40,4,2018/19,4.835617174760587
Croydon,2019-03-01,934,1086,2019,E09000008,Croydon,390643,2.39092982595362,2.780031896130226,41,4,2018/19,5.170961722083846
Croydon,2019-04-01,875,1045,2019,E09000008,Croydon,390643,2.2398967855561214,2.675076732464168,42,4,2018/19,4.91497351802029
Croydon,2019-05-01,970,1052,2019,E09000008,Croydon,390643,2.4830855794165005,2.692995906748617,43,4,2018/19,5.176081486165117
Croydon,2019-06-01,977,1028,2019,E09000008,Croydon,390643,2.5010047537009497,2.6315587377733634,44,4,2018/19,5.132563491474313
Croydon,2019-07-01,1149,1156,2019,E09000008,Croydon,390643,2.941304464690267,2.959223638974716,45,4,2018/19,5.900528103664983
Croydon,2019-08-01,965,1162,2019,E09000008,Croydon,390643,2.4702861692133227,2.9745829312185292,46,4,2018/19,5.444869100431852
Croydon,2019-09-01,969,1123,2019,E09000008,Croydon,390643,2.4805256973758647,2.8747475316337425,47,4,2018/19,5.355273229009607
Croydon,2019-10-01,982,1238,2019,E09000008,Croydon,390643,2.513804163904127,3.1691339663068328,48,4,2018/19,5.68293813021096
Croydon,2019-11-01,1040,1211,2019,E09000008,Croydon,390643,2.6622773222609903,3.100017151209672,49,5,2019/20,5.7622944734706625
Croydon,2019-12-01,964,1165,2019,E09000008,Croydon,390643,2.4677262871726873,2.9822625773404363,50,5,2019/20,5.449988864513124
Croydon,2020-01-01,1029,1182,2020,E09000008,Croydon,392101,2.6243238349302858,3.0145294197158385,51,5,2019/20,5.638853254646124
Croydon,2020-02-01,927,1217,2020,E09000008,Croydon,392101,2.364186778406584,3.1037921351896576,52,5,2019/20,5.467978913596242
Croydon,2020-03-01,771,956,2020,E09000008,Croydon,392101,1.9663301037232754,2.4381473140848913,53,5,2019/20,4.404477417808167
Croydon,2020-04-01,852,763,2020,E09000008,Croydon,392101,2.1729095309626856,1.9459271973292596,54,5,2019/20,4.118836728291945
Croydon,2020-05-01,971,785,2020,E09000008,Croydon,392101,2.476402763573671,2.002035189912803,55,5,2019/20,4.478437953486474
Croydon,2020-06-01,1065,925,2020,E09000008,Croydon,392101,2.716136913703357,2.35908605180808,56,5,2019/20,5.075222965511437
Croydon,2020-07-01,1172,1087,2020,E09000008,Croydon,392101,2.9890257867233188,2.772244906286901,57,5,2019/20,5.7612706930102195
Croydon,2020-08-01,1149,1007,2020,E09000008,Croydon,392101,2.930367430840523,2.5682158423467425,58,5,2019/20,5.498583273187266
Croydon,2020-09-01,1105,989,2020,E09000008,Croydon,392101,2.8181514456734362,2.5223093029602066,59,5,2019/20,5.340460748633642
Croydon,2020-10-01,1070,1102,2020,E09000008,Croydon,392101,2.7288887301996168,2.8105003557756802,60,5,2019/20,5.539389085975297
Croydon,2020-11-01,1018,902,2020,E09000008,Croydon,392101,2.596269838638514,2.3004276959252845,61,6,2020/21,4.896697534563799
Croydon,2020-12-01,978,921,2020,E09000008,Croydon,392101,2.494255306668435,2.3488845986110722,62,6,2020/21,4.843139905279507
Croydon,2021-01-01,932,918,2021,E09000008,Croydon,390691,2.385516943057301,2.3496829975607323,63,6,2020/21,4.735199940618033
Croydon,2021-02-01,907,820,2021,E09000008,Croydon,390691,2.321527754670571,2.0988453790847497,64,6,2020/21,4.420373133755321
Croydon,2021-03-01,1115,861,2021,E09000008,Croydon,390691,2.853917802048166,2.2037876480389875,65,6,2020/21,5.057705450087154
Croydon,2021-04-01,949,872,2021,E09000008,Croydon,390691,2.4290295911602775,2.2319428909291488,66,6,2020/21,4.660972482089426
Croydon,2021-05-01,1145,856,2021,E09000008,Croydon,390691,2.9307048281122423,2.1909898103616414,67,6,2020/21,5.121694638473883
Croydon,2021-06-01,1206,991,2021,E09000008,Croydon,390691,3.0868384477758637,2.5365314276499844,68,6,2020/21,5.623369875425848
Croydon,2021-07-01,1067,1039,2021,E09000008,Croydon,390691,2.731058560345644,2.659390669352506,69,6,2020/21,5.3904492296981505
Croydon,2021-08-01,986,1105,2021,E09000008,Croydon,390691,2.5237335899726383,2.828322126693474,70,6,2020/21,5.352055716666112
Croydon,2021-09-01,1011,1100,2021,E09000008,Croydon,390691,2.5877227783593684,2.815524289016128,71,6,2020/21,5.403247067375496
Croydon,2021-10-01,1225,1154,2021,E09000008,Croydon,390691,3.1354702309497786,2.953740935931465,72,6,2020/21,6.089211166881244
Croydon,2021-11-01,1104,1173,2021,E09000008,Croydon,390691,2.8257625591580044,3.00237271910538,73,7,2021/22,5.828135278263384
Croydon,2021-12-01,958,1057,2021,E09000008,Croydon,390691,2.4520656989795,2.705462884990952,74,7,2021/22,5.157528583970452
Croydon,2022-01-01,1053,1003,2022,E09000008,Croydon,393547,2.6756651683280523,2.548615540202314,75,7,2021/22,5.224280708530366
Croydon,2022-02-01,1009,911,2022,E09000008,Croydon,393547,2.5638614955774024,2.314844224450955,76,7,2021/22,4.878705720028357
Croydon,2022-03-01,1093,1000,2022,E09000008,Croydon,393547,2.777304870828643,2.5409925625147696,77,7,2021/22,5.318297433343412
Croydon,2022-04-01,1058,1035,2022,E09000008,Croydon,393547,2.6883701311406263,2.6299273022027863,78,7,2021/22,5.318297433343412
Croydon,2022-05-01,1120,1119,2022,E09000008,Croydon,393547,2.845911670016542,2.8433706774540273,79,7,2021/22,5.689282347470569
Croydon,2022-06-01,1120,1152,2022,E09000008,Croydon,393547,2.845911670016542,2.9272234320170143,80,7,2021/22,5.773135102033557
Croydon,2022-07-01,1182,1194,2022,E09000008,Croydon,393547,3.0034532088924575,3.033945119642635,81,7,2021/22,6.037398328535092
Croydon,2022-08-01,1114,1164,2022,E09000008,Croydon,393547,2.8306657146414533,2.957715342767192,82,7,2021/22,5.788381057408645
Croydon,2022-09-01,1142,1141,2022,E09000008,Croydon,393547,2.901813506391867,2.899272513829352,83,7,2021/22,5.801086020221218
Croydon,2022-10-01,1159,1143,2022,E09000008,Croydon,393547,2.945010379954618,2.9043544989543815,84,7,2021/22,5.849364878908999
Croydon,2022-11-01,1039,1078,2022,E09000008,Croydon,393547,2.6400912724528456,2.7391899823909216,85,8,2022/23,5.379281254843767
Croydon,2022-12-01,989,993,2022,E09000008,Croydon,393547,2.513041644327107,2.523205614577166,86,8,2022/23,5.0362472589042735
Croydon,2023-01-01,962,1098,2023,E09000008,Croydon,402217,2.3917437602090414,2.729869697203251,87,8,2022/23,5.121613457412293
Croydon,2023-02-01,991,938,2023,E09000008,Croydon,402217,2.4638441438328065,2.3320744772100634,88,8,2022/23,4.79591862104287
Croydon,2023-03-01,1070,1096,2023,E09000008,Croydon,402217,2.660255533704443,2.7248972569533363,89,8,2022/23,5.385152790657779
Croydon,2023-04-01,1026,963,2023,E09000008,Croydon,402217,2.5508618482063166,2.394229980333999,90,8,2022/23,4.945091828540315
Croydon,2023-05-01,1092,1066,2023,E09000008,Croydon,402217,2.7149523764535064,2.6503106532046132,91,8,2022/23,5.36526302965812
Croydon,2023-06-01,1242,1157,2023,E09000008,Croydon,402217,3.08788539519712,2.876556684575739,92,8,2022/23,5.964442079772859
Croydon,2023-07-01,1242,1186,2023,E09000008,Croydon,402217,3.08788539519712,2.948657068199504,93,8,2022/23,6.036542463396624
Croydon,2023-08-01,1145,1221,2023,E09000008,Croydon,402217,2.84672204307625,3.035674772573014,94,8,2022/23,5.882396815649264
Croydon,2023-09-01,1233,1177,2023,E09000008,Croydon,402217,3.065509414072503,2.9262810870748877,95,8,2022/23,5.99179050114739
Croydon,2023-10-01,1173,1146,2023,E09000008,Croydon,402217,2.9163362065750578,2.8492082632012075,96,8,2022/23,5.765544469776265
Ealing,2015-11-01,697,1008,2015,E09000009,Ealing,359144,1.9407257256142383,2.8066736462254696,1,1,2015/16,4.747399371839708
Ealing,2015-12-01,808,981,2015,E09000009,Ealing,359144,2.249793954514067,2.73149488784443,2,1,2015/16,4.981288842358497
Ealing,2016-01-01,749,898,2016,E09000009,Ealing,362163,2.0681295438794134,2.479546502541673,3,1,2015/16,4.547676046421087
Ealing,2016-02-01,630,856,2016,E09000009,Ealing,362163,1.7395482144780112,2.3635766215764726,4,1,2015/16,4.103124836054484
Ealing,2016-03-01,693,984,2016,E09000009,Ealing,362163,1.9135030359258125,2.717008639756132,5,1,2015/16,4.630511675681944
Ealing,2016-04-01,754,1053,2016,E09000009,Ealing,362163,2.0819354820895564,2.9075305870561046,6,1,2015/16,4.989466069145661
Ealing,2016-05-01,831,1171,2016,E09000009,Ealing,362163,2.2945469305257578,3.233350728815478,7,1,2015/16,5.527897659341235
Ealing,2016-06-01,827,1112,2016,E09000009,Ealing,362163,2.2835021799576434,3.0704406579357912,8,1,2015/16,5.353942837893435
Ealing,2016-07-01,791,1174,2016,E09000009,Ealing,362163,2.184099424844614,3.2416342917415637,9,1,2015/16,5.425733716586178
Ealing,2016-08-01,782,1113,2016,E09000009,Ealing,362163,2.159248736066357,3.07320184557782,10,1,2015/16,5.232450581644176
Ealing,2016-09-01,751,1071,2016,E09000009,Ealing,362163,2.0736519191634706,2.9572319646126193,11,1,2015/16,5.03088388377609
Ealing,2016-10-01,749,1029,2016,E09000009,Ealing,362163,2.0681295438794134,2.8412620836474183,12,1,2015/16,4.909391627526832
Ealing,2016-11-01,669,1060,2016,E09000009,Ealing,362163,1.8472345325171262,2.9268589005503047,13,2,2016/17,4.774093433067431
Ealing,2016-12-01,744,1082,2016,E09000009,Ealing,362163,2.0543236056692704,2.987605028674934,14,2,2016/17,5.041928634344204
Ealing,2017-01-01,643,941,2017,E09000009,Ealing,362670,1.7729616455731105,2.5946452698045053,15,2,2016/17,4.367606915377616
Ealing,2017-02-01,683,932,2017,E09000009,Ealing,362670,1.8832547494967877,2.569829321421678,16,2,2016/17,4.453084070918466
Ealing,2017-03-01,832,1032,2017,E09000009,Ealing,362670,2.294096561612485,2.845562081230871,17,2,2016/17,5.139658642843356
Ealing,2017-04-01,722,1007,2017,E09000009,Ealing,362670,1.990790525822373,2.776628891278573,18,2,2016/17,4.767419417100946
Ealing,2017-05-01,750,1136,2017,E09000009,Ealing,362670,2.067995698568947,3.1323241514324316,19,2,2016/17,5.200319850001378
Ealing,2017-06-01,850,1048,2017,E09000009,Ealing,362670,2.34372845837814,2.889679322800342,20,2,2016/17,5.233407781178482
Ealing,2017-07-01,842,1111,2017,E09000009,Ealing,362670,2.3216698375934044,3.0633909614801333,21,2,2016/17,5.385060799073537
Ealing,2017-08-01,736,1051,2017,E09000009,Ealing,362670,2.02939311219566,2.8979513055946176,22,2,2016/17,4.927344417790278
Ealing,2017-09-01,766,960,2017,E09000009,Ealing,362670,2.112112940138418,2.647034494168252,23,2,2016/17,4.75914743430667
Ealing,2017-10-01,835,1128,2017,E09000009,Ealing,362670,2.302368544406761,3.110265530647696,24,2,2016/17,5.4126340750544575
Ealing,2017-11-01,864,1060,2017,E09000009,Ealing,362670,2.3823310447514268,2.922767253977445,25,3,2017/18,5.305098298728872
Ealing,2017-12-01,732,894,2017,E09000009,Ealing,362670,2.018363801803292,2.4650508726941847,26,3,2017/18,4.483414674497476
Ealing,2018-01-01,756,995,2018,E09000009,Ealing,364208,2.0757369415279183,2.7319553661643896,27,3,2017/18,4.807692307692308
Ealing,2018-02-01,705,917,2018,E09000009,Ealing,364208,1.9357070684883364,2.517792030927382,28,3,2017/18,4.453499099415718
Ealing,2018-03-01,749,1054,2018,E09000009,Ealing,364208,2.056517155032289,2.89395070948469,29,3,2017/18,4.950467864516979
Ealing,2018-04-01,762,1013,2018,E09000009,Ealing,364208,2.092211044238457,2.7813776742960066,30,3,2017/18,4.873588718534464
Ealing,2018-05-01,834,1008,2018,E09000009,Ealing,364208,2.2899002767649255,2.7676492553705576,31,3,2017/18,5.057549532135483
Ealing,2018-06-01,833,927,2018,E09000009,Ealing,364208,2.2871545929798356,2.5452488687782804,32,3,2017/18,4.8324034617581155
Ealing,2018-07-01,927,1064,2018,E09000009,Ealing,364208,2.5452488687782804,2.9214075473355883,33,3,2017/18,5.466656416113869
Ealing,2018-08-01,779,959,2018,E09000009,Ealing,364208,2.1388876685849842,2.6331107499011552,34,3,2017/18,4.77199841848614
Ealing,2018-09-01,796,1071,2018,E09000009,Ealing,364208,2.1855642929315118,2.9406273338312174,35,3,2017/18,5.126191626762729
Ealing,2018-10-01,797,1176,2018,E09000009,Ealing,364208,2.1883099767166017,3.2289241312656505,36,3,2017/18,5.417234107982252
Ealing,2018-11-01,767,1205,2018,E09000009,Ealing,364208,2.105939463163906,3.3085489610332557,37,4,2018/19,5.414488424197161
Ealing,2018-12-01,814,938,2018,E09000009,Ealing,364208,2.2349866010631287,2.5754513904142686,38,4,2018/19,4.810437991477397
Ealing,2019-01-01,852,1013,2019,E09000009,Ealing,367284,2.3197307805403993,2.758083662778667,39,4,2018/19,5.077814443319067
Ealing,2019-02-01,755,1095,2019,E09000009,Ealing,367284,2.0556299757136167,2.9813441369621327,40,4,2018/19,5.0369741126757495
Ealing,2019-03-01,899,1280,2019,E09000009,Ealing,367284,2.447697149889459,3.4850415482297077,41,4,2018/19,5.9327386981191665
Ealing,2019-04-01,831,1105,2019,E09000009,Ealing,367284,2.2625543176397556,3.0085710240576775,42,4,2018/19,5.271125341697433
Ealing,2019-05-01,826,1092,2019,E09000009,Ealing,367284,2.2489408740919834,2.9731760708334694,43,4,2018/19,5.222116944925453
Ealing,2019-06-01,906,1058,2019,E09000009,Ealing,367284,2.4667559708563402,2.880604654708618,44,4,2018/19,5.347360625564958
Ealing,2019-07-01,858,1255,2019,E09000009,Ealing,367284,2.336066912797726,3.4169743304908464,45,4,2018/19,5.753041243288573
Ealing,2019-08-01,852,1115,2019,E09000009,Ealing,367284,2.3197307805403993,3.035797911153222,46,4,2018/19,5.355528691693621
Ealing,2019-09-01,856,1127,2019,E09000009,Ealing,367284,2.3306215353786173,3.0684701756678754,47,4,2018/19,5.399091711046493
Ealing,2019-10-01,849,1210,2019,E09000009,Ealing,367284,2.311562714411736,3.2944533385608956,48,4,2018/19,5.606016052972631
Ealing,2019-11-01,956,1202,2019,E09000009,Ealing,367284,2.602890406334063,3.27267182888446,49,5,2019/20,5.875562235218523
Ealing,2019-12-01,829,1108,2019,E09000009,Ealing,367284,2.257108940220647,3.016739090186341,50,5,2019/20,5.273848030406988
Ealing,2020-01-01,830,1180,2020,E09000009,Ealing,367936,2.255827100365281,3.20707949208558,51,5,2019/20,5.462906592450861
Ealing,2020-02-01,819,996,2020,E09000009,Ealing,367936,2.2259305966255,2.706992520438337,52,5,2019/20,4.932923117063837
Ealing,2020-03-01,664,741,2020,E09000009,Ealing,367936,1.8046616802922248,2.0139372064706906,53,5,2019/20,3.8185988867629153
Ealing,2020-04-01,666,708,2020,E09000009,Ealing,367936,1.8100974082449122,1.924247695251348,54,5,2019/20,3.7343451034962603
Ealing,2020-05-01,820,774,2020,E09000009,Ealing,367936,2.228648460601844,2.103626717690033,55,5,2019/20,4.3322751782918765
Ealing,2020-06-01,851,833,2020,E09000009,Ealing,367936,2.312902243868499,2.263980692294312,56,5,2019/20,4.576882936162811
Ealing,2020-07-01,930,1006,2020,E09000009,Ealing,367936,2.5276134979996523,2.7341711602017744,57,5,2019/20,5.261784658201426
Ealing,2020-08-01,970,1019,2020,E09000009,Ealing,367936,2.6363280570534005,2.7695033918942427,58,5,2019/20,5.405831448947643
Ealing,2020-09-01,873,1163,2020,E09000009,Ealing,367936,2.3726952513480604,3.160875804487737,59,5,2019/20,5.533571055835798
Ealing,2020-10-01,857,1176,2020,E09000009,Ealing,367936,2.329209427726561,3.1962080361802054,60,5,2019/20,5.525417463906766
Ealing,2020-11-01,851,912,2020,E09000009,Ealing,367936,2.312902243868499,2.478691946425465,61,6,2020/21,4.791594190293964
Ealing,2020-12-01,834,762,2020,E09000009,Ealing,367936,2.2666985562706556,2.0710123499739086,62,6,2020/21,4.337710906244564
Ealing,2021-01-01,817,712,2021,E09000009,Ealing,366762,2.2276026414950296,1.9413134403236976,63,6,2020/21,4.168916081818727
Ealing,2021-02-01,688,715,2021,E09000009,Ealing,366762,1.8758759086273933,1.9494931317857358,64,6,2020/21,3.825369040413129
Ealing,2021-03-01,806,889,2021,E09000009,Ealing,366762,2.1976104394675566,2.4239152365839427,65,6,2020/21,4.621525676051499
Ealing,2021-04-01,865,929,2021,E09000009,Ealing,366762,2.358477704887638,2.5329777894111167,66,6,2020/21,4.891455494298755
Ealing,2021-05-01,921,1002,2021,E09000009,Ealing,366762,2.5111652788456817,2.7320169483207093,67,6,2020/21,5.2431822271663915
Ealing,2021-06-01,969,1111,2021,E09000009,Ealing,366762,2.6420403422382908,3.0292124047747584,68,6,2020/21,5.67125274701305
Ealing,2021-07-01,976,975,2021,E09000009,Ealing,366762,2.6611262889830463,2.6583997251623668,69,6,2020/21,5.3195260141454135
Ealing,2021-08-01,876,910,2021,E09000009,Ealing,366762,2.388469906915111,2.481173076818209,70,6,2020/21,4.86964298373332
Ealing,2021-09-01,970,995,2021,E09000009,Ealing,366762,2.6447669060589702,2.712931001575954,71,6,2020/21,5.357697907634924
Ealing,2021-10-01,866,1031,2021,E09000009,Ealing,366762,2.3612042687083177,2.8110872991204103,72,6,2020/21,5.172291567828728
Ealing,2021-11-01,916,1108,2021,E09000009,Ealing,366762,2.497532459742285,3.0210327133127204,73,7,2021/22,5.518565173055006
Ealing,2021-12-01,827,833,2021,E09000009,Ealing,366762,2.254868279701823,2.271227662625899,74,7,2021/22,4.526095942327722
Ealing,2022-01-01,792,934,2022,E09000009,Ealing,370315,2.138719738600921,2.522177065471288,75,7,2021/22,4.660896804072209
Ealing,2022-02-01,835,943,2022,E09000009,Ealing,370315,2.2548370981461727,2.5464806988644804,76,7,2021/22,4.801317797010653
Ealing,2022-03-01,875,1017,2022,E09000009,Ealing,370315,2.362853246560361,2.746310573430728,77,7,2021/22,5.109163819991089
Ealing,2022-04-01,792,1010,2022,E09000009,Ealing,370315,2.138719738600921,2.727407747458245,78,7,2021/22,4.866127486059166
Ealing,2022-05-01,1020,1019,2022,E09000009,Ealing,370315,2.754411784561792,2.7517113808514373,79,7,2021/22,5.506123165413229
Ealing,2022-06-01,967,1012,2022,E09000009,Ealing,370315,2.611290387912993,2.7328085548789542,80,7,2021/22,5.344098942791947
Ealing,2022-07-01,964,1078,2022,E09000009,Ealing,370315,2.603189176781929,2.9110351997623645,81,7,2021/22,5.514224376544293
Ealing,2022-08-01,981,950,2022,E09000009,Ealing,370315,2.649096039857959,2.565383524836963,82,7,2021/22,5.214479564694922
Ealing,2022-09-01,866,930,2022,E09000009,Ealing,370315,2.3385496131671686,2.511375450629869,83,7,2021/22,4.849925063797038
Ealing,2022-10-01,986,1050,2022,E09000009,Ealing,370315,2.662598058409732,2.8354238958724327,84,7,2021/22,5.498021954282165
Ealing,2022-11-01,932,1032,2022,E09000009,Ealing,370315,2.5167762580505784,2.7868166290860485,85,8,2022/23,5.303592887136627
Ealing,2022-12-01,871,939,2022,E09000009,Ealing,370315,2.352051631718942,2.5356790840230614,86,8,2022/23,4.887730715742004
Ealing,2023-01-01,897,1006,2023,E09000009,Ealing,379203,2.365487614813174,2.6529325981070824,87,8,2022/23,5.018420212920256
Ealing,2023-02-01,887,1059,2023,E09000009,Ealing,379203,2.3391165154284117,2.7926994248463224,88,8,2022/23,5.131815940274734
Ealing,2023-03-01,995,1169,2023,E09000009,Ealing,379203,2.623924388783844,3.0827815180787073,89,8,2022/23,5.706705906862551
Ealing,2023-04-01,874,970,2023,E09000009,Ealing,379203,2.3048340862282206,2.5579966403219383,90,8,2022/23,4.862830726550159
Ealing,2023-05-01,1059,1211,2023,E09000009,Ealing,379203,2.7926994248463224,3.193540135494709,91,8,2022/23,5.986239560341032
Ealing,2023-06-01,960,1132,2023,E09000009,Ealing,379203,2.531625540937176,2.9852084503550866,92,8,2022/23,5.516833991292263
Ealing,2023-07-01,1076,1170,2023,E09000009,Ealing,379203,2.8375302938004183,3.0854186280171834,93,8,2022/23,5.922948921817602
Ealing,2023-08-01,998,1117,2023,E09000009,Ealing,379203,2.6318357185992727,2.9456518012779433,94,8,2022/23,5.5774875198772165
Ealing,2023-09-01,1101,1150,2023,E09000009,Ealing,379203,2.903458042262324,3.032676429247659,95,8,2022/23,5.936134471509983
Ealing,2023-10-01,993,1268,2023,E09000009,Ealing,379203,2.6186501689068917,3.3438554019878537,96,8,2022/23,5.962505570894745
Enfield,2015-11-01,629,823,2015,E09000010,Enfield,330868,1.9010602415464777,2.4873967866339446,1,1,2015/16,4.388457028180422
Enfield,2015-12-01,635,825,2015,E09000010,Enfield,330868,1.9191943614976366,2.493441493284331,2,1,2015/16,4.412635854781968
Enfield,2016-01-01,585,728,2016,E09000010,Enfield,333295,1.7552018482125444,2.184251188886722,3,1,2015/16,3.939453037099266
Enfield,2016-02-01,542,729,2016,E09000010,Enfield,333295,1.6261870115063233,2.1872515339264016,4,1,2015/16,3.813438545432725
Enfield,2016-03-01,636,866,2016,E09000010,Enfield,333295,1.9082194452362022,2.5982988043625017,5,1,2015/16,4.506518249598704
Enfield,2016-04-01,605,879,2016,E09000010,Enfield,333295,1.8152087490061357,2.637303289878336,6,1,2015/16,4.452512038884472
Enfield,2016-05-01,748,901,2016,E09000010,Enfield,333295,2.2442580896803133,2.7033108807512862,7,1,2015/16,4.9475689704315995
Enfield,2016-06-01,663,757,2016,E09000010,Enfield,333295,1.9892287613075503,2.2712611950374293,8,1,2015/16,4.26048995634498
Enfield,2016-07-01,670,849,2016,E09000010,Enfield,333295,2.0102311765853074,2.5472929386879493,9,1,2015/16,4.557524115273257
Enfield,2016-08-01,616,804,2016,E09000010,Enfield,333295,1.848212544442611,2.4122774119023687,10,1,2015/16,4.26048995634498
Enfield,2016-09-01,655,864,2016,E09000010,Enfield,333295,1.965226000990114,2.5922981142831425,11,1,2015/16,4.557524115273257
Enfield,2016-10-01,643,935,2016,E09000010,Enfield,333295,1.929221860513959,2.8053226121003916,12,1,2015/16,4.734544472614351
Enfield,2016-11-01,603,975,2016,E09000010,Enfield,333295,1.8092080589267765,2.925336413687574,13,2,2016/17,4.734544472614351
Enfield,2016-12-01,581,836,2016,E09000010,Enfield,333295,1.7432004680538262,2.508288453172115,14,2,2016/17,4.251488921225941
Enfield,2017-01-01,570,783,2017,E09000010,Enfield,333077,1.7113160020055422,2.3508077711760342,15,2,2016/17,4.062123773181576
Enfield,2017-02-01,565,831,2017,E09000010,Enfield,333077,1.6963044581283007,2.494918592397554,16,2,2016/17,4.1912230505258545
Enfield,2017-03-01,696,951,2017,E09000010,Enfield,333077,2.0896069077120307,2.855195645451352,17,2,2016/17,4.944802553163383
Enfield,2017-04-01,678,983,2017,E09000010,Enfield,333077,2.035565349753961,2.9512695262656985,18,2,2016/17,4.9868348760196595
Enfield,2017-05-01,682,982,2017,E09000010,Enfield,333077,2.047574584855754,2.94826721749025,19,2,2016/17,4.995841802346003
Enfield,2017-06-01,641,997,2017,E09000010,Enfield,333077,1.924479925062373,2.9933018491219747,20,2,2016/17,4.9177817741843475
Enfield,2017-07-01,799,925,2017,E09000010,Enfield,333077,2.3988447115832074,2.7771356172896957,21,2,2016/17,5.175980328872903
Enfield,2017-08-01,600,975,2017,E09000010,Enfield,333077,1.801385265268992,2.927251056062112,22,2,2016/17,4.728636321331104
Enfield,2017-09-01,632,927,2017,E09000010,Enfield,333077,1.897459146083338,2.7831402348405923,23,2,2016/17,4.680599380923931
Enfield,2017-10-01,758,1001,2017,E09000010,Enfield,333077,2.2757500517898266,3.0053110842237682,24,2,2016/17,5.281061136013594
Enfield,2017-11-01,725,1043,2017,E09000010,Enfield,333077,2.176673862200032,3.1314080527925974,25,3,2017/18,5.308081914992629
Enfield,2017-12-01,613,964,2017,E09000010,Enfield,333077,1.84041527934982,2.89422565953218,26,3,2017/18,4.734640938882
Enfield,2018-01-01,657,1038,2018,E09000010,Enfield,334000,1.967065868263473,3.1077844311377247,27,3,2017/18,5.074850299401198
Enfield,2018-02-01,623,991,2018,E09000010,Enfield,334000,1.8652694610778444,2.967065868263473,28,3,2017/18,4.832335329341317
Enfield,2018-03-01,735,1024,2018,E09000010,Enfield,334000,2.2005988023952097,3.065868263473054,29,3,2017/18,5.266467065868264
Enfield,2018-04-01,709,1087,2018,E09000010,Enfield,334000,2.122754491017964,3.254491017964072,30,3,2017/18,5.3772455089820355
Enfield,2018-05-01,825,1027,2018,E09000010,Enfield,334000,2.470059880239521,3.0748502994011977,31,3,2017/18,5.544910179640718
Enfield,2018-06-01,786,1063,2018,E09000010,Enfield,334000,2.3532934131736525,3.182634730538922,32,3,2017/18,5.5359281437125745
Enfield,2018-07-01,773,1118,2018,E09000010,Enfield,334000,2.31437125748503,3.3473053892215567,33,3,2017/18,5.661676646706587
Enfield,2018-08-01,722,1085,2018,E09000010,Enfield,334000,2.161676646706587,3.248502994011976,34,3,2017/18,5.410179640718563
Enfield,2018-09-01,711,1103,2018,E09000010,Enfield,334000,2.12874251497006,3.302395209580838,35,3,2017/18,5.431137724550898
Enfield,2018-10-01,717,1149,2018,E09000010,Enfield,334000,2.1467065868263475,3.440119760479042,36,3,2017/18,5.58682634730539
Enfield,2018-11-01,779,1075,2018,E09000010,Enfield,334000,2.3323353293413174,3.218562874251497,37,4,2018/19,5.550898203592814
Enfield,2018-12-01,727,1112,2018,E09000010,Enfield,334000,2.1766467065868262,3.3293413173652695,38,4,2018/19,5.505988023952096
Enfield,2019-01-01,805,1127,2019,E09000010,Enfield,335151,2.4019024260706368,3.3626633964988915,39,4,2018/19,5.764565822569528
Enfield,2019-02-01,717,1030,2019,E09000010,Enfield,335151,2.1393342105498716,3.0732416134816845,40,4,2018/19,5.212575824031556
Enfield,2019-03-01,823,1194,2019,E09000010,Enfield,335151,2.4556095610635205,3.5625732878612926,41,4,2018/19,6.018182848924813
Enfield,2019-04-01,788,1024,2019,E09000010,Enfield,335151,2.35117902079958,3.055339235150723,42,4,2018/19,5.406518255950303
Enfield,2019-05-01,835,1013,2019,E09000010,Enfield,335151,2.491414317725443,3.0225182082106277,43,4,2018/19,5.51393252593607
Enfield,2019-06-01,908,1111,2019,E09000010,Enfield,335151,2.7092265874188053,3.3149237209496616,44,4,2018/19,6.024150308368467
Enfield,2019-07-01,985,1177,2019,E09000010,Enfield,335151,2.9389737759994747,3.5118498825902353,45,4,2018/19,6.4508236585897105
Enfield,2019-08-01,759,1104,2019,E09000010,Enfield,335151,2.2646508588666006,3.294037612896873,46,4,2018/19,5.558688471763474
Enfield,2019-09-01,877,1127,2019,E09000010,Enfield,335151,2.616730966042172,3.3626633964988915,47,4,2018/19,5.979394362541063
Enfield,2019-10-01,877,1165,2019,E09000010,Enfield,335151,2.616730966042172,3.4760451259283127,48,4,2018/19,6.092776091970485
Enfield,2019-11-01,938,1179,2019,E09000010,Enfield,335151,2.7987384790736116,3.517817342033889,49,5,2019/20,6.316555821107501
Enfield,2019-12-01,841,1102,2019,E09000010,Enfield,335151,2.5093166960564046,3.2880701534532197,50,5,2019/20,5.797386849509625
Enfield,2020-01-01,863,1097,2020,E09000010,Enfield,333149,2.590432509177575,3.2928209299742757,51,5,2019/20,5.883253439151851
Enfield,2020-02-01,764,1117,2020,E09000010,Enfield,333149,2.293268177302048,3.352854128332968,52,5,2019/20,5.646122305635016
Enfield,2020-03-01,612,807,2020,E09000010,Enfield,333149,1.8370158697759862,2.4223395537732366,53,5,2019/20,4.259355423549223
Enfield,2020-04-01,713,657,2020,E09000010,Enfield,333149,2.1401835214873826,1.972090566083044,54,5,2019/20,4.112274087570427
Enfield,2020-05-01,820,779,2020,E09000010,Enfield,333149,2.4613611327063865,2.3382930760710674,55,5,2019/20,4.799654208777454
Enfield,2020-06-01,877,897,2020,E09000010,Enfield,333149,2.6324557480286597,2.692488946387352,56,5,2019/20,5.324944694416011
Enfield,2020-07-01,935,1002,2020,E09000010,Enfield,333149,2.8065520232688677,3.0076632377704873,57,5,2019/20,5.8142152610393545
Enfield,2020-08-01,848,1015,2020,E09000010,Enfield,333149,2.545407610408556,3.046684816703637,58,5,2019/20,5.592092427112194
Enfield,2020-09-01,945,1188,2020,E09000010,Enfield,333149,2.836568622448214,3.565971982506326,59,5,2019/20,6.40254060495454
Enfield,2020-10-01,935,1147,2020,E09000010,Enfield,333149,2.8065520232688677,3.442903925871007,60,5,2019/20,6.2494559491398745
Enfield,2020-11-01,848,1103,2020,E09000010,Enfield,333149,2.545407610408556,3.3108308894818834,61,6,2020/21,5.8562384998904395
Enfield,2020-12-01,836,952,2020,E09000010,Enfield,333149,2.5093876913933406,2.857580241873756,62,6,2020/21,5.366967933267096
Enfield,2021-01-01,714,859,2021,E09000010,Enfield,329876,2.164449671997963,2.6040087790563726,63,6,2020/21,4.768458451054336
Enfield,2021-02-01,714,783,2021,E09000010,Enfield,329876,2.164449671997963,2.3736191781154132,64,6,2020/21,4.538068850113376
Enfield,2021-03-01,845,1124,2021,E09000010,Enfield,329876,2.5615685894093536,3.4073409402320873,65,6,2020/21,5.968909529641441
Enfield,2021-04-01,873,963,2021,E09000010,Enfield,329876,2.6464489687033916,2.91927875929137,66,6,2020/21,5.565727727994762
Enfield,2021-05-01,946,1014,2021,E09000010,Enfield,329876,2.8677442432914186,3.0738823072912247,67,6,2020/21,5.941626550582644
Enfield,2021-06-01,995,1084,2021,E09000010,Enfield,329876,3.0162849070559847,3.286083255526319,68,6,2020/21,6.302368162582304
Enfield,2021-07-01,899,990,2021,E09000010,Enfield,329876,2.725266463762141,3.001127696467764,69,6,2020/21,5.726394160229905
Enfield,2021-08-01,834,1090,2021,E09000010,Enfield,329876,2.5282227261152674,3.304271908232184,70,6,2020/21,5.8324946343474515
Enfield,2021-09-01,934,976,2021,E09000010,Enfield,329876,2.831366937879688,2.9586875068207448,71,6,2020/21,5.7900544447004325
Enfield,2021-10-01,971,1055,2021,E09000010,Enfield,329876,2.943530296232524,3.198171434114637,72,6,2020/21,6.141701730347161
Enfield,2021-11-01,915,1162,2021,E09000010,Enfield,329876,2.7737695376444482,3.522535740702567,73,7,2021/22,6.296305278347015
Enfield,2021-12-01,879,1089,2021,E09000010,Enfield,329876,2.664637621409257,3.30124046611454,74,7,2021/22,5.965878087523796
Enfield,2022-01-01,907,1079,2022,E09000010,Enfield,326867,2.7748289059464555,3.301036813138065,75,7,2021/22,6.07586571908452
Enfield,2022-02-01,838,957,2022,E09000010,Enfield,326867,2.5637338734102864,2.927796320827737,76,7,2021/22,5.491530194238024
Enfield,2022-03-01,922,1105,2022,E09000010,Enfield,326867,2.82071913041084,3.3805798688763318,77,7,2021/22,6.201298999287172
Enfield,2022-04-01,862,966,2022,E09000010,Enfield,326867,2.6371582325533014,2.955330455506368,78,7,2021/22,5.592488688059669
Enfield,2022-05-01,1034,1005,2022,E09000010,Enfield,326867,3.1633661397449115,3.074645039113768,79,7,2021/22,6.238011178858679
Enfield,2022-06-01,978,1056,2022,E09000010,Enfield,326867,2.9920426350778757,3.2306718022926755,80,7,2021/22,6.222714437370551
Enfield,2022-07-01,954,1012,2022,E09000010,Enfield,326867,2.9186182759348602,3.0960604771971476,81,7,2021/22,6.014678753132008
Enfield,2022-08-01,949,1054,2022,E09000010,Enfield,326867,2.9033215344467322,3.2245531056974244,82,7,2021/22,6.127874640144157
Enfield,2022-09-01,870,1028,2022,E09000010,Enfield,326867,2.6616330189343067,3.145010049959158,83,7,2021/22,5.8066430688934645
Enfield,2022-10-01,876,1117,2022,E09000010,Enfield,326867,2.6799891087200605,3.4172920484478397,84,7,2021/22,6.097281157167901
Enfield,2022-11-01,912,1150,2022,E09000010,Enfield,326867,2.7901256474345835,3.518250542269486,85,8,2022/23,6.308376189704069
Enfield,2022-12-01,785,1057,2022,E09000010,Enfield,326867,2.4015884136361274,3.2337311505903013,86,8,2022/23,5.635319564226428
Enfield,2023-01-01,893,1162,2023,E09000010,Enfield,328014,2.7224447736986837,3.5425317212070215,87,8,2022/23,6.264976494905705
Enfield,2023-02-01,813,980,2023,E09000010,Enfield,328014,2.4785527446999214,2.9876773552348377,88,8,2022/23,5.466230099934759
Enfield,2023-03-01,954,1115,2023,E09000010,Enfield,328014,2.9084124458102396,3.3992451541702486,89,8,2022/23,6.307657599980488
Enfield,2023-04-01,838,1039,2023,E09000010,Enfield,328014,2.5547690037620345,3.1675477266214247,90,8,2022/23,5.72231673038346
Enfield,2023-05-01,1030,1027,2023,E09000010,Enfield,328014,3.140109873359064,3.1309639222716106,91,8,2022/23,6.271073795630675
Enfield,2023-06-01,957,1053,2023,E09000010,Enfield,328014,2.9175583968976935,3.210228831696208,92,8,2022/23,6.127787228593902
Enfield,2023-07-01,934,1076,2023,E09000010,Enfield,328014,2.8474394385605493,3.2803477900333524,93,8,2022/23,6.127787228593902
Enfield,2023-08-01,834,1058,2023,E09000010,Enfield,328014,2.5425744023120966,3.2254720835086306,94,8,2022/23,5.768046485820728
Enfield,2023-09-01,922,1117,2023,E09000010,Enfield,328014,2.8108556342107347,3.405342454895218,95,8,2022/23,6.216198089105953
Enfield,2023-10-01,927,972,2023,E09000010,Enfield,328014,2.8260988860231575,2.9632881523349615,96,8,2022/23,5.789387038358119
Greenwich,2015-11-01,661,790,2015,E09000011,Greenwich,274230,2.4103854428764175,2.8807934945119062,1,1,2015/16,5.291178937388324
Greenwich,2015-12-01,704,707,2015,E09000011,Greenwich,274230,2.567188126754914,2.5781278488859716,2,1,2015/16,5.1453159756408855
Greenwich,2016-01-01,636,803,2016,E09000011,Greenwich,278768,2.281467026344487,2.880531481375194,3,1,2015/16,5.161998507719681
Greenwich,2016-02-01,610,752,2016,E09000011,Greenwich,278768,2.1881995063995867,2.697583653790966,4,1,2015/16,4.885783160190552
Greenwich,2016-03-01,680,837,2016,E09000011,Greenwich,278768,2.439304367789703,3.002496699764679,5,1,2015/16,5.4418010675543815
Greenwich,2016-04-01,664,805,2016,E09000011,Greenwich,278768,2.381908970900534,2.8877059059863397,6,1,2015/16,5.269614876886873
Greenwich,2016-05-01,690,832,2016,E09000011,Greenwich,278768,2.4751764908454343,2.9845606382368133,7,1,2015/16,5.459737129082248
Greenwich,2016-06-01,709,953,2016,E09000011,Greenwich,278768,2.543333524651323,3.418613327211158,8,1,2015/16,5.96194685186248
Greenwich,2016-07-01,711,947,2016,E09000011,Greenwich,278768,2.550507949262469,3.397090053377719,9,1,2015/16,5.947598002640188
Greenwich,2016-08-01,646,887,2016,E09000011,Greenwich,278768,2.317339149400218,3.1818573150433336,10,1,2015/16,5.499196464443552
Greenwich,2016-09-01,724,860,2016,E09000011,Greenwich,278768,2.5971417092349194,3.08500258279286,11,1,2015/16,5.682144292027779
Greenwich,2016-10-01,687,952,2016,E09000011,Greenwich,278768,2.464414853928715,3.4150261149055847,12,1,2015/16,5.8794409688343
Greenwich,2016-11-01,621,912,2016,E09000011,Greenwich,278768,2.2276588417608907,3.271537622682661,13,2,2016/17,5.499196464443552
Greenwich,2016-12-01,685,847,2016,E09000011,Greenwich,278768,2.4572404293175687,3.0383688228204098,14,2,2016/17,5.495609252137978
Greenwich,2017-01-01,615,984,2017,E09000011,Greenwich,282376,2.177947134317364,3.4847154149077824,15,2,2016/17,5.662662549225146
Greenwich,2017-02-01,620,821,2017,E09000011,Greenwich,282376,2.1956540215882367,2.9074708898773265,16,2,2016/17,5.103124911465564
Greenwich,2017-03-01,718,888,2017,E09000011,Greenwich,282376,2.5427090120973452,3.144743179307023,17,2,2016/17,5.687452191404368
Greenwich,2017-04-01,742,870,2017,E09000011,Greenwich,282376,2.627702070997535,3.0809983851318807,18,2,2016/17,5.7087004561294155
Greenwich,2017-05-01,735,1017,2017,E09000011,Greenwich,282376,2.602912428818313,3.6015808708955435,19,2,2016/17,6.204493299713857
Greenwich,2017-06-01,744,890,2017,E09000011,Greenwich,282376,2.6347848259058844,3.1518259342153723,20,2,2016/17,5.786610760121256
Greenwich,2017-07-01,781,1002,2017,E09000011,Greenwich,282376,2.765815791710344,3.5484602090829247,21,2,2016/17,6.314276000793269
Greenwich,2017-08-01,725,945,2017,E09000011,Greenwich,282376,2.567498654276567,3.346601694194974,22,2,2016/17,5.914100348471541
Greenwich,2017-09-01,730,925,2017,E09000011,Greenwich,282376,2.5852055415474404,3.2757741451114826,23,2,2016/17,5.860979686658923
Greenwich,2017-10-01,790,1018,2017,E09000011,Greenwich,282376,2.797688188797915,3.6051222483497183,24,2,2016/17,6.402810437147633
Greenwich,2017-11-01,672,870,2017,E09000011,Greenwich,282376,2.379805649205315,3.0809983851318807,25,3,2017/18,5.460804034337196
Greenwich,2017-12-01,704,827,2017,E09000011,Greenwich,282376,2.4931297277389013,2.928719154602374,26,3,2017/18,5.421848882341275
Greenwich,2018-01-01,705,847,2018,E09000011,Greenwich,285773,2.4669930329317324,2.9638909204158543,27,3,2017/18,5.430883953347587
Greenwich,2018-02-01,560,770,2018,E09000011,Greenwich,285773,1.959597302754284,2.6944462912871403,28,3,2017/18,4.654043594041424
Greenwich,2018-03-01,678,814,2018,E09000011,Greenwich,285773,2.372512448691794,2.848414650789263,29,3,2017/18,5.220927099481057
Greenwich,2018-04-01,692,920,2018,E09000011,Greenwich,285773,2.421502381260651,3.2193384259534668,30,3,2017/18,5.640840807214118
Greenwich,2018-05-01,810,959,2018,E09000011,Greenwich,285773,2.834417527198161,3.3558103809667115,31,3,2017/18,6.190227908164872
Greenwich,2018-06-01,858,918,2018,E09000011,Greenwich,285773,3.002383010291385,3.2123398641579155,32,3,2017/18,6.214722874449301
Greenwich,2018-07-01,877,892,2018,E09000011,Greenwich,285773,3.0688693473491195,3.1213585608157524,33,3,2017/18,6.1902279081648715
Greenwich,2018-08-01,704,894,2018,E09000011,Greenwich,285773,2.463493752033957,3.128357122611303,34,3,2017/18,5.59185087464526
Greenwich,2018-09-01,753,987,2018,E09000011,Greenwich,285773,2.6349585160249567,3.4537902461044254,35,3,2017/18,6.0887487621293825
Greenwich,2018-10-01,770,983,2018,E09000011,Greenwich,285773,2.6944462912871403,3.4397931225133234,36,3,2017/18,6.134239413800463
Greenwich,2018-11-01,770,930,2018,E09000011,Greenwich,285773,2.6944462912871403,3.2543312349312217,37,4,2018/19,5.948777526218362
Greenwich,2018-12-01,784,916,2018,E09000011,Greenwich,285773,2.7434362238559977,3.2053413023623647,38,4,2018/19,5.948777526218363
Greenwich,2019-01-01,652,1012,2019,E09000011,Greenwich,288205,2.262278586422859,3.5113894623618607,39,4,2018/19,5.773668048784719
Greenwich,2019-02-01,654,912,2019,E09000011,Greenwich,288205,2.2692180912891864,3.164414219045471,40,4,2018/19,5.433632310334657
Greenwich,2019-03-01,784,959,2019,E09000011,Greenwich,288205,2.7202859076004926,3.327492583404174,41,4,2018/19,6.047778491004667
Greenwich,2019-04-01,761,1001,2019,E09000011,Greenwich,288205,2.640481601637723,3.4732221855970575,42,4,2018/19,6.113703787234781
Greenwich,2019-05-01,742,1057,2019,E09000011,Greenwich,288205,2.5745563054076093,3.6675283218542356,43,4,2018/19,6.242084627261844
Greenwich,2019-06-01,819,1059,2019,E09000011,Greenwich,288205,2.841727242761229,3.6744678267205635,44,4,2018/19,6.5161950694817925
Greenwich,2019-07-01,877,1141,2019,E09000011,Greenwich,288205,3.042972883884735,3.9589875262400027,45,4,2018/19,7.001960410124738
Greenwich,2019-08-01,805,1121,2019,E09000011,Greenwich,288205,2.7931507086969343,3.8895924775767248,46,4,2018/19,6.682743186273659
Greenwich,2019-09-01,942,1079,2019,E09000011,Greenwich,288205,3.268506792040388,3.7438628753838414,47,4,2018/19,7.012369667424229
Greenwich,2019-10-01,850,1041,2019,E09000011,Greenwich,288205,2.9492895681893097,3.6120122829236134,48,4,2018/19,6.561301851112923
Greenwich,2019-11-01,790,1119,2019,E09000011,Greenwich,288205,2.7411044221994763,3.8826529727103973,49,5,2019/20,6.623757394909873
Greenwich,2019-12-01,817,864,2019,E09000011,Greenwich,288205,2.834787737894901,2.9978661022536044,50,5,2019/20,5.832653840148506
Greenwich,2020-01-01,825,943,2020,E09000011,Greenwich,288384,2.8607689747003993,3.2699456280514867,51,5,2019/20,6.130714602751886
Greenwich,2020-02-01,802,945,2020,E09000011,Greenwich,288384,2.7810142032845095,3.2768808255659123,52,5,2019/20,6.057895028850422
Greenwich,2020-03-01,611,669,2020,E09000011,Greenwich,288384,2.1187028406569017,2.319823568575233,53,5,2019/20,4.438526409232135
Greenwich,2020-04-01,631,518,2020,E09000011,Greenwich,288384,2.188054815801154,1.7962161562361296,54,5,2019/20,3.9842709720372835
Greenwich,2020-05-01,770,640,2020,E09000011,Greenwich,288384,2.6700510430537063,2.2192632046160674,55,5,2019/20,4.889314247669773
Greenwich,2020-06-01,821,724,2020,E09000011,Greenwich,288384,2.846898579671549,2.5105415002219265,56,5,2019/20,5.357440079893475
Greenwich,2020-07-01,875,842,2020,E09000011,Greenwich,288384,3.03414891256103,2.919718153573014,57,5,2019/20,5.953867066134044
Greenwich,2020-08-01,905,772,2020,E09000011,Greenwich,288384,3.138176875277408,2.6769862405681315,58,5,2019/20,5.8151631158455395
Greenwich,2020-09-01,811,868,2020,E09000011,Greenwich,288384,2.812222592099423,3.0098757212605416,59,5,2019/20,5.822098313359964
Greenwich,2020-10-01,812,816,2020,E09000011,Greenwich,288384,2.8156901908566354,2.829560585885486,60,5,2019/20,5.645250776742122
Greenwich,2020-11-01,804,794,2020,E09000011,Greenwich,288384,2.7879494007989347,2.753273413226809,61,6,2020/21,5.541222814025744
Greenwich,2020-12-01,648,717,2020,E09000011,Greenwich,288384,2.247003994673768,2.486268308921438,62,6,2020/21,4.733272303595206
Greenwich,2021-01-01,625,634,2021,E09000011,Greenwich,289537,2.1586187602966116,2.189702870444883,63,6,2020/21,4.348321630741495
Greenwich,2021-02-01,713,631,2021,E09000011,Greenwich,289537,2.4625522817463743,2.179341500395459,64,6,2020/21,4.641893782141834
Greenwich,2021-03-01,856,734,2021,E09000011,Greenwich,289537,2.956444254102239,2.5350818720923405,65,6,2020/21,5.49152612619458
Greenwich,2021-04-01,778,681,2021,E09000011,Greenwich,289537,2.687048632817222,2.352031001219188,66,6,2020/21,5.03907963403641
Greenwich,2021-05-01,927,838,2021,E09000011,Greenwich,289537,3.201663345271934,2.8942760338056965,67,6,2020/21,6.095939379077631
Greenwich,2021-06-01,907,839,2021,E09000011,Greenwich,289537,3.1325875449424427,2.8977298238221714,68,6,2020/21,6.030317368764614
Greenwich,2021-07-01,904,823,2021,E09000011,Greenwich,289537,3.1222261748930187,2.842469183558578,69,6,2020/21,5.964695358451596
Greenwich,2021-08-01,846,852,2021,E09000011,Greenwich,289537,2.9219063539374934,2.9426290940363407,70,6,2020/21,5.864535447973834
Greenwich,2021-09-01,841,839,2021,E09000011,Greenwich,289537,2.9046374038551206,2.8977298238221714,71,6,2020/21,5.802367227677292
Greenwich,2021-10-01,865,859,2021,E09000011,Greenwich,289537,2.9875283642505104,2.9668056241516627,72,6,2020/21,5.954333988402173
Greenwich,2021-11-01,828,881,2021,E09000011,Greenwich,289537,2.859738133640951,3.0427890045141037,73,7,2021/22,5.902527138155055
Greenwich,2021-12-01,750,782,2021,E09000011,Greenwich,289537,2.590342512355934,2.7008637928831205,74,7,2021/22,5.291206305239054
Greenwich,2022-01-01,826,777,2022,E09000011,Greenwich,292381,2.825080973113848,2.6574914238613316,75,7,2021/22,5.482572396975179
Greenwich,2022-02-01,798,728,2022,E09000011,Greenwich,292381,2.7293155163981244,2.4899018746088153,76,7,2021/22,5.219217391006939
Greenwich,2022-03-01,903,858,2022,E09000011,Greenwich,292381,3.088435979082088,2.9345272093603896,77,7,2021/22,6.0229631884424775
Greenwich,2022-04-01,833,791,2022,E09000011,Greenwich,292381,2.8490223372927788,2.7053741522191936,78,7,2021/22,5.554396489511973
Greenwich,2022-05-01,965,851,2022,E09000011,Greenwich,292381,3.300488061809762,2.9105858451814584,79,7,2021/22,6.211073906991221
Greenwich,2022-06-01,897,931,2022,E09000011,Greenwich,292381,3.0679148097858615,3.184201435797812,80,7,2021/22,6.252116245583673
Greenwich,2022-07-01,924,919,2022,E09000011,Greenwich,292381,3.1602600716188807,3.1431590972053587,81,7,2021/22,6.30341916882424
Greenwich,2022-08-01,770,949,2022,E09000011,Greenwich,292381,2.633550059682401,3.245764943686491,82,7,2021/22,5.879315003368892
Greenwich,2022-09-01,819,863,2022,E09000011,Greenwich,292381,2.801139608934917,2.9516281837739116,83,7,2021/22,5.752767792708829
Greenwich,2022-10-01,850,906,2022,E09000011,Greenwich,292381,2.907165650298754,3.0986965637302015,84,7,2021/22,6.005862214028955
Greenwich,2022-11-01,833,889,2022,E09000011,Greenwich,292381,2.8490223372927788,3.0405532507242263,85,8,2022/23,5.889575588017005
Greenwich,2022-12-01,757,787,2022,E09000011,Greenwich,292381,2.5890875262072433,2.6916933726883756,86,8,2022/23,5.280780898895619
Greenwich,2023-01-01,771,915,2023,E09000011,Greenwich,296420,2.6010390661898657,3.0868362458673504,87,8,2022/23,5.687875312057216
Greenwich,2023-02-01,815,851,2023,E09000011,Greenwich,296420,2.7494770933135415,2.870926388232913,88,8,2022/23,5.620403481546454
Greenwich,2023-03-01,906,893,2023,E09000011,Greenwich,296420,3.0564739221375077,3.0126172323055123,89,8,2022/23,6.06909115444302
Greenwich,2023-04-01,900,892,2023,E09000011,Greenwich,296420,3.036232372984279,3.0092436407799745,90,8,2022/23,6.045476013764254
Greenwich,2023-05-01,1022,1002,2023,E09000011,Greenwich,296420,3.4478105390999256,3.380338708589164,91,8,2022/23,6.8281492476890895
Greenwich,2023-06-01,1071,1010,2023,E09000011,Greenwich,296420,3.613116523851292,3.407327440793469,92,8,2022/23,7.020443964644761
Greenwich,2023-07-01,975,973,2023,E09000011,Greenwich,296420,3.2892517373996357,3.2825045543485594,93,8,2022/23,6.571756291748195
Greenwich,2023-08-01,826,907,2023,E09000011,Greenwich,296420,2.7865866000944606,3.059847513663046,94,8,2022/23,5.846434113757507
Greenwich,2023-09-01,946,989,2023,E09000011,Greenwich,296420,3.1914175831590312,3.336482018757169,95,8,2022/23,6.5278996019162
Greenwich,2023-10-01,806,897,2023,E09000011,Greenwich,296420,2.719114769583699,3.026111598407665,96,8,2022/23,5.745226367991364
Hackney,2015-11-01,678,1031,2015,E09000012,Hackney,261929,2.588487719954644,3.936181178869083,1,1,2015/16,6.524668898823727
Hackney,2015-12-01,650,999,2015,E09000012,Hackney,261929,2.4815885220804113,3.8140106670128167,2,1,2015/16,6.2955991890932275
Hackney,2016-01-01,665,967,2016,E09000012,Hackney,264892,2.5104570919469067,3.6505443728009905,3,1,2015/16,6.161001464747898
Hackney,2016-02-01,589,959,2016,E09000012,Hackney,264892,2.2235477100101173,3.620343385228697,4,1,2015/16,5.843891095238814
Hackney,2016-03-01,713,1041,2016,E09000012,Hackney,264892,2.691663017380668,3.9299035078447067,5,1,2015/16,6.621566525225375
Hackney,2016-04-01,710,1006,2016,E09000012,Hackney,264892,2.6803376470410583,3.797774187215922,6,1,2015/16,6.47811183425698
Hackney,2016-05-01,750,1118,2016,E09000012,Hackney,264892,2.831342584902526,4.220588013228032,7,1,2015/16,7.051930598130559
Hackney,2016-06-01,870,1272,2016,E09000012,Hackney,264892,3.2843573984869305,4.801957023994684,8,1,2015/16,8.086314422481614
Hackney,2016-07-01,821,1252,2016,E09000012,Hackney,264892,3.099376349606632,4.726454555063951,9,1,2015/16,7.825830904670583
Hackney,2016-08-01,752,1310,2016,E09000012,Hackney,264892,2.8388928317956,4.945411714963079,10,1,2015/16,7.784304546758679
Hackney,2016-09-01,769,1168,2016,E09000012,Hackney,264892,2.9030699303867236,4.409344185554867,11,1,2015/16,7.312414115941591
Hackney,2016-10-01,702,1271,2016,E09000012,Hackney,264892,2.6501366594687648,4.798181900548148,12,1,2015/16,7.448318560016912
Hackney,2016-11-01,713,1159,2016,E09000012,Hackney,264892,2.691663017380668,4.375368074536038,13,2,2016/17,7.067031091916705
Hackney,2016-12-01,726,1213,2016,E09000012,Hackney,264892,2.7407396221856453,4.579224740649019,14,2,2016/17,7.319964362834664
Hackney,2017-01-01,736,1120,2017,E09000012,Hackney,264834,2.7790993603540333,4.229064244017007,15,2,2016/17,7.00816360437104
Hackney,2017-02-01,744,1265,2017,E09000012,Hackney,264834,2.8093069620970117,4.7765770256084945,16,2,2016/17,7.585883987705506
Hackney,2017-03-01,826,1540,2017,E09000012,Hackney,264834,3.1189348799625427,5.814963335523385,17,2,2016/17,8.933898215485927
Hackney,2017-04-01,779,1346,2017,E09000012,Hackney,264834,2.9414652197225433,5.082428993256153,18,2,2016/17,8.023894212978696
Hackney,2017-05-01,873,1308,2017,E09000012,Hackney,264834,3.296404540202542,4.9389428849770045,19,2,2016/17,8.235347425179548
Hackney,2017-06-01,892,1311,2017,E09000012,Hackney,264834,3.3681475943421164,4.950270735630621,20,2,2016/17,8.318418329972737
Hackney,2017-07-01,945,1423,2017,E09000012,Hackney,264834,3.5682729558893493,5.373177160032322,21,2,2016/17,8.941450115921672
Hackney,2017-08-01,730,1219,2017,E09000012,Hackney,264834,2.7564436590467993,4.602883315586367,22,2,2016/17,7.359326974633166
Hackney,2017-09-01,754,1138,2017,E09000012,Hackney,264834,2.847066464275735,4.297031347938709,23,2,2016/17,7.144097812214444
Hackney,2017-10-01,872,1191,2017,E09000012,Hackney,264834,3.2926285899846697,4.497156709485942,24,2,2016/17,7.789785299470612
Hackney,2017-11-01,834,1213,2017,E09000012,Hackney,264834,3.149142481705521,4.580227614279133,25,3,2017/18,7.729370095984654
Hackney,2017-12-01,734,1154,2017,E09000012,Hackney,264834,2.7715474599182883,4.357446551424666,26,3,2017/18,7.128994011342955
Hackney,2018-01-01,749,1104,2018,E09000012,Hackney,266210,2.813568235603471,4.1471019120243415,27,3,2017/18,6.9606701476278126
Hackney,2018-02-01,724,985,2018,E09000012,Hackney,266210,2.719657413320311,3.7000863979565004,28,3,2017/18,6.4197438112768115
Hackney,2018-03-01,794,973,2018,E09000012,Hackney,266210,2.9826077157131587,3.6550092032605837,29,3,2017/18,6.637616918973743
Hackney,2018-04-01,767,1113,2018,E09000012,Hackney,266210,2.881184027647346,4.180909808046279,30,3,2017/18,7.062093835693625
Hackney,2018-05-01,888,1161,2018,E09000012,Hackney,266210,3.33571240749784,4.3612185868299465,31,3,2017/18,7.696930994327786
Hackney,2018-06-01,825,1162,2018,E09000012,Hackney,266210,3.0990571353442773,4.364975019721273,32,3,2017/18,7.46403215506555
Hackney,2018-07-01,898,1263,2018,E09000012,Hackney,266210,3.373276736411104,4.744374741745239,33,3,2017/18,8.117651478156343
Hackney,2018-08-01,766,1268,2018,E09000012,Hackney,266210,2.8774275947560195,4.76315690620187,34,3,2017/18,7.64058450095789
Hackney,2018-09-01,806,1258,2018,E09000012,Hackney,266210,3.0276849104090755,4.725592577288607,35,3,2017/18,7.753277487697682
Hackney,2018-10-01,893,1370,2018,E09000012,Hackney,266210,3.354494571954472,5.146313061117163,36,3,2017/18,8.500807633071634
Hackney,2018-11-01,902,1275,2018,E09000012,Hackney,266210,3.3883024679764095,4.789451936441155,37,4,2018/19,8.177754404417565
Hackney,2018-12-01,895,1217,2018,E09000012,Hackney,266210,3.362007437737125,4.571578828744224,38,4,2018/19,7.933586266481349
Hackney,2019-01-01,835,1253,2019,E09000012,Hackney,265825,3.141164299821311,4.713627386438446,39,4,2018/19,7.854791686259757
Hackney,2019-02-01,749,1122,2019,E09000012,Hackney,265825,2.8176431863067806,4.220821969340732,40,4,2018/19,7.038465155647513
Hackney,2019-03-01,914,1296,2019,E09000012,Hackney,265825,3.438352299445124,4.875387943195712,41,4,2018/19,8.313740242640836
Hackney,2019-04-01,855,1263,2019,E09000012,Hackney,265825,3.216401768080504,4.751246120568043,42,4,2018/19,7.967647888648546
Hackney,2019-05-01,903,1380,2019,E09000012,Hackney,265825,3.3969716919025674,5.191385309884322,43,4,2018/19,8.588357001786889
Hackney,2019-06-01,850,1327,2019,E09000012,Hackney,265825,3.1975924010157057,4.99200601899746,44,4,2018/19,8.189598420013166
Hackney,2019-07-01,1031,1495,2019,E09000012,Hackney,265825,3.8784914887614033,5.624000752374682,45,4,2018/19,9.502492241136085
Hackney,2019-08-01,893,1465,2019,E09000012,Hackney,265825,3.359352957772971,5.511144549985893,46,4,2018/19,8.870497507758865
Hackney,2019-09-01,870,1410,2019,E09000012,Hackney,265825,3.272829869274899,5.304241512273112,47,4,2018/19,8.577071381548011
Hackney,2019-10-01,842,1415,2019,E09000012,Hackney,265825,3.1674974137120286,5.32305087933791,48,4,2018/19,8.490548293049939
Hackney,2019-11-01,882,1262,2019,E09000012,Hackney,265825,3.3179723502304146,4.747484247155083,49,5,2019/20,8.065456597385499
Hackney,2019-12-01,846,1222,2019,E09000012,Hackney,265825,3.182544907363867,4.597009310636697,50,5,2019/20,7.779554218000564
Hackney,2020-01-01,904,1250,2020,E09000012,Hackney,263782,3.427072355202402,4.738761553100667,51,5,2019/20,8.16583390830307
Hackney,2020-02-01,844,1241,2020,E09000012,Hackney,263782,3.19961180065357,4.704642469918341,52,5,2019/20,7.904254270571911
Hackney,2020-03-01,718,829,2020,E09000012,Hackney,263782,2.7219446361010227,3.142746662016362,53,5,2019/20,5.864691298117385
Hackney,2020-04-01,596,594,2020,E09000012,Hackney,263782,2.259441508518398,2.2518594900334366,54,5,2019/20,4.511300998551834
Hackney,2020-05-01,795,727,2020,E09000012,Hackney,263782,3.013852347772024,2.7560637192833477,55,5,2019/20,5.769916067055371
Hackney,2020-06-01,803,983,2020,E09000012,Hackney,263782,3.044180421711868,3.7265620853583643,56,5,2019/20,6.770742507070232
Hackney,2020-07-01,924,1217,2020,E09000012,Hackney,263782,3.5028925400520126,4.613658248098809,57,5,2019/20,8.116550788150821
Hackney,2020-08-01,957,1386,2020,E09000012,Hackney,263782,3.6279958450538703,5.254338810078019,58,5,2019/20,8.882334655131888
Hackney,2020-09-01,961,1490,2020,E09000012,Hackney,263782,3.6431598820237925,5.648603771295995,59,5,2019/20,9.291763653319787
Hackney,2020-10-01,817,1396,2020,E09000012,Hackney,263782,3.0972545511065954,5.292248902502824,60,5,2019/20,8.38950345360942
Hackney,2020-11-01,866,1132,2020,E09000012,Hackney,263782,3.283014003988142,4.291422462487963,61,6,2020/21,7.574436466476105
Hackney,2020-12-01,791,985,2020,E09000012,Hackney,263782,2.998688310802102,3.734144103843325,62,6,2020/21,6.7328324146454275
Hackney,2021-01-01,712,890,2021,E09000012,Hackney,260082,2.737598142124407,3.4219976776555088,63,6,2020/21,6.159595819779916
Hackney,2021-02-01,660,793,2021,E09000012,Hackney,260082,2.5376611991602647,3.0490383802031666,64,6,2020/21,5.586699579363431
Hackney,2021-03-01,731,921,2021,E09000012,Hackney,260082,2.8106520251305356,3.5411908551918243,65,6,2020/21,6.35184288032236
Hackney,2021-04-01,817,858,2021,E09000012,Hackney,260082,3.14131696926354,3.2989595589083445,66,6,2020/21,6.440276528171884
Hackney,2021-05-01,909,1018,2021,E09000012,Hackney,260082,3.4950515606616377,3.914150152644166,67,6,2020/21,7.409201713305803
Hackney,2021-06-01,938,1062,2021,E09000012,Hackney,260082,3.6065548557762552,4.083327565921517,68,6,2020/21,7.689882421697773
Hackney,2021-07-01,978,1158,2021,E09000012,Hackney,260082,3.7603525042102106,4.45244192216301,69,6,2020/21,8.212794426373222
Hackney,2021-08-01,852,1253,2021,E09000012,Hackney,260082,3.275889911643251,4.817711337193654,70,6,2020/21,8.093601248836904
Hackney,2021-09-01,905,1367,2021,E09000012,Hackney,260082,3.479671795818242,5.256034635230427,71,6,2020/21,8.73570643104867
Hackney,2021-10-01,1034,1507,2021,E09000012,Hackney,260082,3.975669212017748,5.794326404749271,72,6,2020/21,9.76999561676702
Hackney,2021-11-01,922,1403,2021,E09000012,Hackney,260082,3.545035796402673,5.394452518820987,73,7,2021/22,8.93948831522366
Hackney,2021-12-01,822,1041,2021,E09000012,Hackney,260082,3.160541675317784,4.0025838004936904,74,7,2021/22,7.163125475811475
Hackney,2022-01-01,798,1189,2022,E09000012,Hackney,261814,3.0479653494465535,4.541391980566356,75,7,2021/22,7.589357330012909
Hackney,2022-02-01,811,997,2022,E09000012,Hackney,261814,3.097618920302199,3.808046934082975,76,7,2021/22,6.905665854385174
Hackney,2022-03-01,832,1215,2022,E09000012,Hackney,261814,3.177828534761319,4.640699122277647,77,7,2021/22,7.818527657038967
Hackney,2022-04-01,841,1082,2022,E09000012,Hackney,261814,3.2122040838152275,4.132704897369888,78,7,2021/22,7.344908981185116
Hackney,2022-05-01,1038,1296,2022,E09000012,Hackney,261814,3.96464665755078,4.950079063762824,79,7,2021/22,8.914725721313605
Hackney,2022-06-01,902,1183,2022,E09000012,Hackney,261814,3.4451939162917187,4.5184749478637505,80,7,2021/22,7.963668864155469
Hackney,2022-07-01,946,1185,2022,E09000012,Hackney,261814,3.6132521561108266,4.526113958764619,81,7,2021/22,8.139366114875447
Hackney,2022-08-01,922,1134,2022,E09000012,Hackney,261814,3.5215840253004043,4.331319180792471,82,7,2021/22,7.852903206092876
Hackney,2022-09-01,815,1069,2022,E09000012,Hackney,261814,3.1128969421039363,4.0830513265142425,83,7,2021/22,7.195948268618179
Hackney,2022-10-01,935,1301,2022,E09000012,Hackney,261814,3.57123759615605,4.969176591014995,84,7,2021/22,8.540414187171045
Hackney,2022-11-01,878,1255,2022,E09000012,Hackney,261814,3.353525785481296,4.793479340295018,85,8,2022/23,8.147005125776314
Hackney,2022-12-01,762,1038,2022,E09000012,Hackney,261814,2.9104631532309195,3.96464665755078,86,8,2022/23,6.8751098107817
Hackney,2023-01-01,857,1108,2023,E09000012,Hackney,265411,3.228954338742554,4.174657418117561,87,8,2022/23,7.403611756860115
Hackney,2023-02-01,795,1058,2023,E09000012,Hackney,265411,2.995354374912871,3.986270350512978,88,8,2022/23,6.981624725425849
Hackney,2023-03-01,889,1149,2023,E09000012,Hackney,265411,3.349522062009487,4.329134813553319,89,8,2022/23,7.678656875562806
Hackney,2023-04-01,764,1133,2023,E09000012,Hackney,265411,2.8785543929980295,4.268850951919853,90,8,2022/23,7.147405344917882
Hackney,2023-05-01,893,1261,2023,E09000012,Hackney,265411,3.364593027417854,4.751121844987585,91,8,2022/23,8.115714872405439
Hackney,2023-06-01,1034,1247,2023,E09000012,Hackney,265411,3.895844558062778,4.698373466058302,92,8,2022/23,8.59421802412108
Hackney,2023-07-01,998,1225,2023,E09000012,Hackney,265411,3.7602058693874785,4.615483156312285,93,8,2022/23,8.375689025699764
Hackney,2023-08-01,967,1173,2023,E09000012,Hackney,265411,3.6434058874726367,4.419560606003519,94,8,2022/23,8.062966493476155
Hackney,2023-09-01,983,1158,2023,E09000012,Hackney,265411,3.703689749106103,4.363044485722144,95,8,2022/23,8.066734234828246
Hackney,2023-10-01,869,1269,2023,E09000012,Hackney,265411,3.274167234967654,4.781263775804319,96,8,2022/23,8.055431010771972
Hammersmith and Fulham,2015-11-01,439,904,2015,E09000013,Hammersmith and Fulham,187246,2.344509362015744,4.827873492624676,1,1,2015/16,7.17238285464042
Hammersmith and Fulham,2015-12-01,470,848,2015,E09000013,Hammersmith and Fulham,187246,2.510066970723006,4.528801683347041,2,1,2015/16,7.038868654070047
Hammersmith and Fulham,2016-01-01,429,758,2016,E09000013,Hammersmith and Fulham,187472,2.288341725697704,4.043270461722284,3,1,2015/16,6.331612187419989
Hammersmith and Fulham,2016-02-01,431,754,2016,E09000013,Hammersmith and Fulham,187472,2.2990099854911668,4.021933942135359,4,1,2015/16,6.320943927626526
Hammersmith and Fulham,2016-03-01,426,847,2016,E09000013,Hammersmith and Fulham,187472,2.2723393360075104,4.518008022531364,5,1,2015/16,6.790347358538875
Hammersmith and Fulham,2016-04-01,446,873,2016,E09000013,Hammersmith and Fulham,187472,2.3790219339421355,4.656695399846377,6,1,2015/16,7.035717333788513
Hammersmith and Fulham,2016-05-01,507,987,2016,E09000013,Hammersmith and Fulham,187472,2.7044038576427414,5.264786208073739,7,1,2015/16,7.9691900657164805
Hammersmith and Fulham,2016-06-01,439,950,2016,E09000013,Hammersmith and Fulham,187472,2.3416830246650164,5.067423401894683,8,1,2015/16,7.409106426559699
Hammersmith and Fulham,2016-07-01,467,854,2016,E09000013,Hammersmith and Fulham,187472,2.4910386617734916,4.555346931808484,9,1,2015/16,7.0463855935819755
Hammersmith and Fulham,2016-08-01,479,916,2016,E09000013,Hammersmith and Fulham,187472,2.5550482205342666,4.886062985405821,10,1,2015/16,7.4411112059400875
Hammersmith and Fulham,2016-09-01,436,795,2016,E09000013,Hammersmith and Fulham,187472,2.3256806349748227,4.24063326790134,11,1,2015/16,6.566313902876162
Hammersmith and Fulham,2016-10-01,451,916,2016,E09000013,Hammersmith and Fulham,187472,2.4056925834257914,4.886062985405821,12,1,2015/16,7.291755568831612
Hammersmith and Fulham,2016-11-01,435,805,2016,E09000013,Hammersmith and Fulham,187472,2.3203465050780916,4.293974566868652,13,2,2016/17,6.614321071946744
Hammersmith and Fulham,2016-12-01,483,812,2016,E09000013,Hammersmith and Fulham,187472,2.5763847401211915,4.3313134761457714,14,2,2016/17,6.907698216266963
Hammersmith and Fulham,2017-01-01,422,771,2017,E09000013,Hammersmith and Fulham,187720,2.2480289793309183,4.107180907734924,15,2,2016/17,6.3552098870658424
Hammersmith and Fulham,2017-02-01,407,761,2017,E09000013,Hammersmith and Fulham,187720,2.168122735989772,4.053910078840826,16,2,2016/17,6.222032814830598
Hammersmith and Fulham,2017-03-01,555,906,2017,E09000013,Hammersmith and Fulham,187720,2.956531003622416,4.826337097805242,17,2,2016/17,7.782868101427658
Hammersmith and Fulham,2017-04-01,468,809,2017,E09000013,Hammersmith and Fulham,187720,2.4930747922437675,4.309610057532495,18,2,2016/17,6.802684849776263
Hammersmith and Fulham,2017-05-01,455,984,2017,E09000013,Hammersmith and Fulham,187720,2.4238227146814406,5.241849563179203,19,2,2016/17,7.665672277860644
Hammersmith and Fulham,2017-06-01,513,922,2017,E09000013,Hammersmith and Fulham,187720,2.7327935222672064,4.911570424035798,20,2,2016/17,7.644363946303004
Hammersmith and Fulham,2017-07-01,461,968,2017,E09000013,Hammersmith and Fulham,187720,2.455785212017899,5.156616236948647,21,2,2016/17,7.612401448966546
Hammersmith and Fulham,2017-08-01,478,908,2017,E09000013,Hammersmith and Fulham,187720,2.546345621137865,4.8369912635840615,22,2,2016/17,7.383336884721926
Hammersmith and Fulham,2017-09-01,448,794,2017,E09000013,Hammersmith and Fulham,187720,2.386533134455572,4.229703814191349,23,2,2016/17,6.616236948646921
Hammersmith and Fulham,2017-10-01,480,910,2017,E09000013,Hammersmith and Fulham,187720,2.5569997869166845,4.847645429362881,24,2,2016/17,7.404645216279565
Hammersmith and Fulham,2017-11-01,503,1089,2017,E09000013,Hammersmith and Fulham,187720,2.6795226933731087,5.8011932665672274,25,3,2017/18,8.480715959940337
Hammersmith and Fulham,2017-12-01,483,976,2017,E09000013,Hammersmith and Fulham,187720,2.5729810355849136,5.199232900063925,26,3,2017/18,7.772213935648839
Hammersmith and Fulham,2018-01-01,427,887,2018,E09000013,Hammersmith and Fulham,189037,2.2588170569782635,4.692203113676158,27,3,2017/18,6.951020170654422
Hammersmith and Fulham,2018-02-01,444,895,2018,E09000013,Hammersmith and Fulham,189037,2.348746541682316,4.734522871183948,28,3,2017/18,7.083269412866264
Hammersmith and Fulham,2018-03-01,526,828,2018,E09000013,Hammersmith and Fulham,189037,2.7825240561371585,4.380094902056212,29,3,2017/18,7.16261895819337
Hammersmith and Fulham,2018-04-01,469,821,2018,E09000013,Hammersmith and Fulham,189037,2.480995783894158,4.343065114236896,30,3,2017/18,6.824060898131053
Hammersmith and Fulham,2018-05-01,563,875,2018,E09000013,Hammersmith and Fulham,189037,2.9782529346106847,4.628723477414474,31,3,2017/18,7.606976412025158
Hammersmith and Fulham,2018-06-01,569,819,2018,E09000013,Hammersmith and Fulham,189037,3.009992752741527,4.332485174859948,32,3,2017/18,7.342477927601475
Hammersmith and Fulham,2018-07-01,633,905,2018,E09000013,Hammersmith and Fulham,189037,3.348550812803843,4.787422568068685,33,3,2017/18,8.135973380872528
Hammersmith and Fulham,2018-08-01,555,755,2018,E09000013,Hammersmith and Fulham,189037,2.9359331771028954,3.993927114797632,34,3,2017/18,6.929860291900527
Hammersmith and Fulham,2018-09-01,505,957,2018,E09000013,Hammersmith and Fulham,189037,2.671434692679211,5.0625009918693165,35,3,2017/18,7.733935684548527
Hammersmith and Fulham,2018-10-01,543,893,2018,E09000013,Hammersmith and Fulham,189037,2.872453540841211,4.7239429318070005,36,3,2017/18,7.596396472648212
Hammersmith and Fulham,2018-11-01,510,857,2018,E09000013,Hammersmith and Fulham,189037,2.6978845411215793,4.533504023021948,37,4,2018/19,7.231388564143527
Hammersmith and Fulham,2018-12-01,536,863,2018,E09000013,Hammersmith and Fulham,189037,2.835423753021895,4.56524384115279,38,4,2018/19,7.400667594174685
Hammersmith and Fulham,2019-01-01,474,820,2019,E09000013,Hammersmith and Fulham,188562,2.5137620517389507,4.348702283599028,39,4,2018/19,6.862464335337979
Hammersmith and Fulham,2019-02-01,527,794,2019,E09000013,Hammersmith and Fulham,188562,2.7948367115325463,4.210816601436132,40,4,2018/19,7.005653312968679
Hammersmith and Fulham,2019-03-01,551,932,2019,E09000013,Hammersmith and Fulham,188562,2.922115802759835,4.942671375993042,41,4,2018/19,7.864787178752877
Hammersmith and Fulham,2019-04-01,564,919,2019,E09000013,Hammersmith and Fulham,188562,2.991058643841283,4.873728534911594,42,4,2018/19,7.864787178752877
Hammersmith and Fulham,2019-05-01,573,943,2019,E09000013,Hammersmith and Fulham,188562,3.038788303051516,5.0010076261388825,43,4,2018/19,8.039795929190399
Hammersmith and Fulham,2019-06-01,578,946,2019,E09000013,Hammersmith and Fulham,188562,3.0653047803905347,5.016917512542293,44,4,2018/19,8.082222292932828
Hammersmith and Fulham,2019-07-01,565,1093,2019,E09000013,Hammersmith and Fulham,188562,2.996361939309087,5.796501946309436,45,4,2018/19,8.792863885618523
Hammersmith and Fulham,2019-08-01,553,916,2019,E09000013,Hammersmith and Fulham,188562,2.9327223936954425,4.857818648508183,46,4,2018/19,7.790541042203626
Hammersmith and Fulham,2019-09-01,573,866,2019,E09000013,Hammersmith and Fulham,188562,3.038788303051516,4.592653875117998,47,4,2018/19,7.6314421781695145
Hammersmith and Fulham,2019-10-01,540,1034,2019,E09000013,Hammersmith and Fulham,188562,2.863779552613994,5.4836075137090186,48,4,2018/19,8.347387066323012
Hammersmith and Fulham,2019-11-01,597,958,2019,E09000013,Hammersmith and Fulham,188562,3.1660673942788047,5.0805570581559385,49,5,2019/20,8.246624452434743
Hammersmith and Fulham,2019-12-01,470,1029,2019,E09000013,Hammersmith and Fulham,188562,2.492548869867736,5.4570910363700005,50,5,2019/20,7.949639906237737
Hammersmith and Fulham,2020-01-01,524,878,2020,E09000013,Hammersmith and Fulham,186555,2.8088231352684194,4.7063868564230384,51,5,2019/20,7.515209991691458
Hammersmith and Fulham,2020-02-01,530,784,2020,E09000013,Hammersmith and Fulham,186555,2.840985232237142,4.2025140039130555,52,5,2019/20,7.043499236150197
Hammersmith and Fulham,2020-03-01,391,599,2020,E09000013,Hammersmith and Fulham,186555,2.0958966524617404,3.210849347377449,53,5,2019/20,5.3067459998391895
Hammersmith and Fulham,2020-04-01,420,427,2020,E09000013,Hammersmith and Fulham,186555,2.251346787810565,2.288869234274075,54,5,2019/20,4.54021602208464
Hammersmith and Fulham,2020-05-01,458,488,2020,E09000013,Hammersmith and Fulham,186555,2.4550400686124734,2.6158505534560854,55,5,2019/20,5.070890622068559
Hammersmith and Fulham,2020-06-01,477,505,2020,E09000013,Hammersmith and Fulham,186555,2.5568867090134275,2.7069764948674653,56,5,2019/20,5.263863203880893
Hammersmith and Fulham,2020-07-01,540,740,2020,E09000013,Hammersmith and Fulham,186555,2.8945887271850124,3.9666586261424244,57,5,2019/20,6.861247353327437
Hammersmith and Fulham,2020-08-01,538,784,2020,E09000013,Hammersmith and Fulham,186555,2.8838680281954385,4.2025140039130555,58,5,2019/20,7.086382032108494
Hammersmith and Fulham,2020-09-01,537,819,2020,E09000013,Hammersmith and Fulham,186555,2.878507678700651,4.390126236230603,59,5,2019/20,7.268633914931254
Hammersmith and Fulham,2020-10-01,484,920,2020,E09000013,Hammersmith and Fulham,186555,2.5944091554769373,4.931521535204095,60,5,2019/20,7.525930690681033
Hammersmith and Fulham,2020-11-01,472,617,2020,E09000013,Hammersmith and Fulham,186555,2.5300849615394925,3.307335638283616,61,6,2020/21,5.837420599823108
Hammersmith and Fulham,2020-12-01,430,619,2020,E09000013,Hammersmith and Fulham,186555,2.304950282758436,3.31805633727319,62,6,2020/21,5.623006620031626
Hammersmith and Fulham,2021-01-01,418,475,2021,E09000013,Hammersmith and Fulham,183310,2.2802902187551144,2.5912388849489933,63,6,2020/21,4.871529103704107
Hammersmith and Fulham,2021-02-01,401,535,2021,E09000013,Hammersmith and Fulham,183310,2.1875511428727292,2.918553270416235,64,6,2020/21,5.106104413288964
Hammersmith and Fulham,2021-03-01,519,628,2021,E09000013,Hammersmith and Fulham,183310,2.831269434291637,3.425890567890459,65,6,2020/21,6.257160002182096
Hammersmith and Fulham,2021-04-01,462,639,2021,E09000013,Hammersmith and Fulham,183310,2.5203207680977577,3.48589820522612,66,6,2020/21,6.006218973323877
Hammersmith and Fulham,2021-05-01,568,804,2021,E09000013,Hammersmith and Fulham,183310,3.0985761824232174,4.386012765261033,67,6,2020/21,7.484588947684251
Hammersmith and Fulham,2021-06-01,552,855,2021,E09000013,Hammersmith and Fulham,183310,3.0112923462986196,4.664229992908188,68,6,2020/21,7.6755223392068075
Hammersmith and Fulham,2021-07-01,579,840,2021,E09000013,Hammersmith and Fulham,183310,3.1585838197588783,4.582401396541378,69,6,2020/21,7.740985216300256
Hammersmith and Fulham,2021-08-01,488,766,2021,E09000013,Hammersmith and Fulham,183310,2.662157001800229,4.178713654465113,70,6,2020/21,6.840870656265342
Hammersmith and Fulham,2021-09-01,547,870,2021,E09000013,Hammersmith and Fulham,183310,2.984016147509683,4.746058589274998,71,6,2020/21,7.730074736784681
Hammersmith and Fulham,2021-10-01,564,870,2021,E09000013,Hammersmith and Fulham,183310,3.076755223392068,4.746058589274998,72,6,2020/21,7.822813812667066
Hammersmith and Fulham,2021-11-01,552,821,2021,E09000013,Hammersmith and Fulham,183310,3.0112923462986196,4.478751841143418,73,7,2021/22,7.490044187442038
Hammersmith and Fulham,2021-12-01,496,676,2021,E09000013,Hammersmith and Fulham,183310,2.705798919862528,3.687742076264252,74,7,2021/22,6.39354099612678
Hammersmith and Fulham,2022-01-01,491,660,2022,E09000013,Hammersmith and Fulham,185822,2.6423136119512223,3.551786117897773,75,7,2021/22,6.194099729848995
Hammersmith and Fulham,2022-02-01,512,662,2022,E09000013,Hammersmith and Fulham,185822,2.7553249884297877,3.562549106133827,76,7,2021/22,6.3178740945636145
Hammersmith and Fulham,2022-03-01,556,741,2022,E09000013,Hammersmith and Fulham,185822,2.9921107296229725,3.9876871414579544,77,7,2021/22,6.979797871080927
Hammersmith and Fulham,2022-04-01,561,800,2022,E09000013,Hammersmith and Fulham,185822,3.019018200213107,4.3051952944215435,78,7,2021/22,7.32421349463465
Hammersmith and Fulham,2022-05-01,572,779,2022,E09000013,Hammersmith and Fulham,185822,3.0782146355114035,4.192183917942978,79,7,2021/22,7.270398553454381
Hammersmith and Fulham,2022-06-01,540,841,2022,E09000013,Hammersmith and Fulham,185822,2.9060068237345416,4.525836553260647,80,7,2021/22,7.431843376995189
Hammersmith and Fulham,2022-07-01,591,757,2022,E09000013,Hammersmith and Fulham,185822,3.180463023753915,4.073791047346385,81,7,2021/22,7.2542540711003
Hammersmith and Fulham,2022-08-01,563,895,2022,E09000013,Hammersmith and Fulham,185822,3.029781188449161,4.816437235634101,82,7,2021/22,7.846218424083262
Hammersmith and Fulham,2022-09-01,501,834,2022,E09000013,Hammersmith and Fulham,185822,2.6961285531314916,4.488166094434459,83,7,2021/22,7.184294647565951
Hammersmith and Fulham,2022-10-01,530,892,2022,E09000013,Hammersmith and Fulham,185822,2.8521918825542723,4.80029275328002,84,7,2021/22,7.652484635834293
Hammersmith and Fulham,2022-11-01,514,764,2022,E09000013,Hammersmith and Fulham,185822,2.7660879766658417,4.111461506172573,85,8,2022/23,6.877549482838415
Hammersmith and Fulham,2022-12-01,466,716,2022,E09000013,Hammersmith and Fulham,185822,2.507776259000549,3.853149788507281,86,8,2022/23,6.36092604750783
Hammersmith and Fulham,2023-01-01,547,715,2023,E09000013,Hammersmith and Fulham,187479,2.917660111265795,3.813760474506478,87,8,2022/23,6.731420585772273
Hammersmith and Fulham,2023-02-01,514,754,2023,E09000013,Hammersmith and Fulham,187479,2.741640397057804,4.0217837731159225,88,8,2022/23,6.763424170173726
Hammersmith and Fulham,2023-03-01,560,902,2023,E09000013,Hammersmith and Fulham,187479,2.9870012108022763,4.811205521685095,89,8,2022/23,7.798206732487372
Hammersmith and Fulham,2023-04-01,533,891,2023,E09000013,Hammersmith and Fulham,187479,2.842985080995738,4.752532283615765,90,8,2022/23,7.595517364611503
Hammersmith and Fulham,2023-05-01,639,971,2023,E09000013,Hammersmith and Fulham,187479,3.4083817387547404,5.179246742301804,91,8,2022/23,8.587628481056544
Hammersmith and Fulham,2023-06-01,602,964,2023,E09000013,Hammersmith and Fulham,187479,3.2110263016124474,5.141909227166776,92,8,2022/23,8.352935528779224
Hammersmith and Fulham,2023-07-01,627,875,2023,E09000013,Hammersmith and Fulham,187479,3.344374569951835,4.667189391878557,93,8,2022/23,8.011563961830392
Hammersmith and Fulham,2023-08-01,552,863,2023,E09000013,Hammersmith and Fulham,187479,2.9443297649336726,4.603182223075651,94,8,2022/23,7.547511988009323
Hammersmith and Fulham,2023-09-01,605,921,2023,E09000013,Hammersmith and Fulham,187479,3.227028093813174,4.91255020562303,95,8,2022/23,8.139578299436204
Hammersmith and Fulham,2023-10-01,578,931,2023,E09000013,Hammersmith and Fulham,187479,3.0830119640066354,4.965889512958785,96,8,2022/23,8.048901476965419
Haringey,2015-11-01,691,1075,2015,E09000014,Haringey,272938,2.5317104983549377,3.9386234236346715,1,1,2015/16,6.470333921989609
Haringey,2015-12-01,697,1029,2015,E09000014,Haringey,272938,2.5536935128124334,3.7700869794605367,2,1,2015/16,6.32378049227297
Haringey,2016-01-01,643,853,2016,E09000014,Haringey,276262,2.3275007058516914,3.08764868132425,3,1,2015/16,5.4151493871759415
Haringey,2016-02-01,672,935,2016,E09000014,Haringey,276262,2.4324735215121875,3.3844683669849633,4,1,2015/16,5.816941888497151
Haringey,2016-03-01,715,989,2016,E09000014,Haringey,276262,2.5881228688708546,3.579934989249336,5,1,2015/16,6.168057858120191
Haringey,2016-04-01,723,1045,2016,E09000014,Haringey,276262,2.6170808869840947,3.782641116042018,6,1,2015/16,6.399722003026113
Haringey,2016-05-01,838,1119,2016,E09000014,Haringey,276262,3.0333523973619245,4.050502783589491,7,1,2015/16,7.083855180951415
Haringey,2016-06-01,763,1035,2016,E09000014,Haringey,276262,2.7618709775502963,3.7464435934004676,8,1,2015/16,6.508314570950764
Haringey,2016-07-01,815,1159,2016,E09000014,Haringey,276262,2.9500980952863585,4.195292874155693,9,1,2015/16,7.145390969442051
Haringey,2016-08-01,719,1072,2016,E09000014,Haringey,276262,2.6026018779274747,3.880374427174204,10,1,2015/16,6.482976305101679
Haringey,2016-09-01,722,1174,2016,E09000014,Haringey,276262,2.6134611347199397,4.2495891581180185,11,1,2015/16,6.863050292837958
Haringey,2016-10-01,700,1113,2016,E09000014,Haringey,276262,2.533826584908529,4.028784270004561,12,1,2015/16,6.56261085491309
Haringey,2016-11-01,730,1095,2016,E09000014,Haringey,276262,2.64241915283318,3.9636287292497703,13,2,2016/17,6.606047882082951
Haringey,2016-12-01,774,1169,2016,E09000014,Haringey,276262,2.801688252456002,4.231490396797243,14,2,2016/17,7.033178649253244
Haringey,2017-01-01,700,1052,2017,E09000014,Haringey,274463,2.5504348491417788,3.832939230424502,15,2,2016/17,6.383374079566281
Haringey,2017-02-01,694,1064,2017,E09000014,Haringey,274463,2.5285739790062776,3.8766609706955037,16,2,2016/17,6.405234949701781
Haringey,2017-03-01,787,1143,2017,E09000014,Haringey,274463,2.867417466106543,4.164495760812933,17,2,2016/17,7.031913226919476
Haringey,2017-04-01,796,1090,2017,E09000014,Haringey,274463,2.900208771309794,3.971391407949341,18,2,2016/17,6.871600179259135
Haringey,2017-05-01,862,1212,2017,E09000014,Haringey,274463,3.1406783428003044,4.415895767371194,19,2,2016/17,7.556574110171498
Haringey,2017-06-01,787,1126,2017,E09000014,Haringey,274463,2.867417466106543,4.102556628762347,20,2,2016/17,6.96997409486889
Haringey,2017-07-01,893,1410,2017,E09000014,Haringey,274463,3.253626171833726,5.137304481842726,21,2,2016/17,8.390930653676453
Haringey,2017-08-01,815,1262,2017,E09000014,Haringey,274463,2.9694348600722136,4.598069685167035,22,2,2016/17,7.567504545239249
Haringey,2017-09-01,884,1144,2017,E09000014,Haringey,274463,3.220834866630475,4.16813923916885,23,2,2016/17,7.388974105799325
Haringey,2017-10-01,865,1154,2017,E09000014,Haringey,274463,3.1516087778680553,4.204574022728018,24,2,2016/17,7.356182800596073
Haringey,2017-11-01,920,1307,2017,E09000014,Haringey,274463,3.3520000874434803,4.762026211183293,25,3,2017/18,8.114026298626772
Haringey,2017-12-01,820,961,2017,E09000014,Haringey,274463,2.987652251851798,3.5013827000360704,26,3,2017/18,6.489034951887868
Haringey,2018-01-01,823,1149,2018,E09000014,Haringey,274240,3.0010210035005835,4.189760793465577,27,3,2017/18,7.190781796966161
Haringey,2018-02-01,747,1024,2018,E09000014,Haringey,274240,2.723891481913652,3.733955659276546,28,3,2017/18,6.457847141190198
Haringey,2018-03-01,813,1019,2018,E09000014,Haringey,274240,2.964556592765461,3.7157234539089847,29,3,2017/18,6.680280046674445
Haringey,2018-04-01,839,1168,2018,E09000014,Haringey,274240,3.0593640606767796,4.2590431738623105,30,3,2017/18,7.31840723453909
Haringey,2018-05-01,921,1117,2018,E09000014,Haringey,274240,3.358372228704784,4.073074679113185,31,3,2017/18,7.4314469078179695
Haringey,2018-06-01,959,1265,2018,E09000014,Haringey,274240,3.49693698949825,4.612747957992998,32,3,2017/18,8.109684947491248
Haringey,2018-07-01,985,1232,2018,E09000014,Haringey,274240,3.5917444574095683,4.492415402567095,33,3,2017/18,8.084159859976662
Haringey,2018-08-01,817,1044,2018,E09000014,Haringey,274240,2.97914235705951,3.806884480746791,34,3,2017/18,6.7860268378063004
Haringey,2018-09-01,834,1071,2018,E09000014,Haringey,274240,3.041131855309218,3.905338389731622,35,3,2017/18,6.946470245040841
Haringey,2018-10-01,811,1118,2018,E09000014,Haringey,274240,2.9572637106184363,4.076721120186698,36,3,2017/18,7.033984830805134
Haringey,2018-11-01,836,1163,2018,E09000014,Haringey,274240,3.0484247374562425,4.240810968494749,37,4,2018/19,7.289235705950992
Haringey,2018-12-01,825,1189,2018,E09000014,Haringey,274240,3.008313885647608,4.335618436406068,38,4,2018/19,7.343932322053676
Haringey,2019-01-01,823,1142,2019,E09000014,Haringey,273716,3.006766137164068,4.172207689722194,39,4,2018/19,7.178973826886262
Haringey,2019-02-01,817,1074,2019,E09000014,Haringey,273716,2.9848456063949493,3.9237750076721856,40,4,2018/19,6.908620614067135
Haringey,2019-03-01,910,1274,2019,E09000014,Haringey,273716,3.3246138333162842,4.654459366642798,41,4,2018/19,7.979073199959082
Haringey,2019-04-01,843,1176,2019,E09000014,Haringey,273716,3.079834573061129,4.296424030747198,42,4,2018/19,7.376258603808327
Haringey,2019-05-01,934,1206,2019,E09000014,Haringey,273716,3.4122959563927573,4.406026684592789,43,4,2018/19,7.818322640985547
Haringey,2019-06-01,876,1280,2019,E09000014,Haringey,273716,3.20039749229128,4.676379897411916,44,4,2018/19,7.8767773897031965
Haringey,2019-07-01,976,1297,2019,E09000014,Haringey,273716,3.565739671776586,4.738488067924418,45,4,2018/19,8.304227739701005
Haringey,2019-08-01,876,1028,2019,E09000014,Haringey,273716,3.20039749229128,3.755717605108945,46,4,2018/19,6.956115097400225
Haringey,2019-09-01,866,1247,2019,E09000014,Haringey,273716,3.1638632743427495,4.555816978181765,47,4,2018/19,7.7196802525245145
Haringey,2019-10-01,945,1333,2019,E09000014,Haringey,273716,3.4524835961361413,4.870011252539128,48,4,2018/19,8.32249484867527
Haringey,2019-11-01,942,1087,2019,E09000014,Haringey,273716,3.441523330751582,3.9712694910052755,49,5,2019/20,7.412792821756858
Haringey,2019-12-01,841,1105,2019,E09000014,Haringey,273716,3.072527729471423,4.03703108331263,50,5,2019/20,7.109558812784053
Haringey,2020-01-01,835,1076,2020,E09000014,Haringey,269534,3.0979394065312724,3.9920752112905977,51,5,2019/20,7.09001461782187
Haringey,2020-02-01,850,1081,2020,E09000014,Haringey,269534,3.1535910126366247,4.0106257466590485,52,5,2019/20,7.164216759295673
Haringey,2020-03-01,608,874,2020,E09000014,Haringey,269534,2.255745100803609,3.242633582405188,53,5,2019/20,5.498378683208797
Haringey,2020-04-01,691,754,2020,E09000014,Haringey,269534,2.5636839879198914,2.7974207335623706,54,5,2019/20,5.361104721482262
Haringey,2020-05-01,676,793,2020,E09000014,Haringey,269534,2.508032381814539,2.9421149094362864,55,5,2019/20,5.4501472912508255
Haringey,2020-06-01,839,956,2020,E09000014,Haringey,269534,3.112779834826033,3.54686236244778,56,5,2019/20,6.659642197273813
Haringey,2020-07-01,836,1090,2020,E09000014,Haringey,269534,3.1016495136049627,4.04401671032226,57,5,2019/20,7.145666223927222
Haringey,2020-08-01,832,1100,2020,E09000014,Haringey,269534,3.086809085310202,4.081117781059161,58,5,2019/20,7.167926866369363
Haringey,2020-09-01,838,1192,2020,E09000014,Haringey,269534,3.109069727752343,4.422447631838655,59,5,2019/20,7.531517359590998
Haringey,2020-10-01,771,1119,2020,E09000014,Haringey,269534,2.860492553815103,4.151609815459274,60,5,2019/20,7.012102369274377
Haringey,2020-11-01,801,1057,2020,E09000014,Haringey,269534,2.9717957660258074,3.921583176890485,61,6,2020/21,6.893378942916293
Haringey,2020-12-01,846,1065,2020,E09000014,Haringey,269534,3.138750584341864,3.9512640334800064,62,6,2020/21,7.09001461782187
Haringey,2021-01-01,684,845,2021,E09000014,Haringey,264317,2.5878017683312082,3.1969188512278817,63,6,2020/21,5.78472061955909
Haringey,2021-02-01,678,849,2021,E09000014,Haringey,264317,2.565101752819531,3.2120521949023333,64,6,2020/21,5.777153947721864
Haringey,2021-03-01,816,961,2021,E09000014,Haringey,264317,3.0872021095881084,3.6357858177869753,65,6,2020/21,6.722987927375083
Haringey,2021-04-01,807,923,2021,E09000014,Haringey,264317,3.0531520863205923,3.492019052879686,66,6,2020/21,6.545171139200278
Haringey,2021-05-01,942,1011,2021,E09000014,Haringey,264317,3.563902435333331,3.8249526137176195,67,6,2020/21,7.38885504905095
Haringey,2021-06-01,852,1187,2021,E09000014,Haringey,264317,3.2234022026581717,4.490819735393486,68,6,2020/21,7.714221938051658
Haringey,2021-07-01,927,1094,2021,E09000014,Haringey,264317,3.5071523965541376,4.138969494962488,69,6,2020/21,7.646121891516626
Haringey,2021-08-01,814,1123,2021,E09000014,Haringey,264317,3.0796354377508823,4.2486862366022615,70,6,2020/21,7.328321674353144
Haringey,2021-09-01,939,1045,2021,E09000014,Haringey,264317,3.552552427577492,3.9535860349504572,71,6,2020/21,7.506138462527949
Haringey,2021-10-01,796,1154,2021,E09000014,Haringey,264317,3.0115353912158507,4.365969650079261,72,6,2020/21,7.377505041295112
Haringey,2021-11-01,834,1095,2021,E09000014,Haringey,264317,3.15530215612314,4.1427528308811015,73,7,2021/22,7.2980549870042415
Haringey,2021-12-01,836,1180,2021,E09000014,Haringey,264317,3.1628688279603656,4.464336383963196,74,7,2021/22,7.627205211923561
Haringey,2022-01-01,788,1055,2022,E09000014,Haringey,262078,3.006738451911263,4.025519120261907,75,7,2021/22,7.032257572173171
Haringey,2022-02-01,749,944,2022,E09000014,Haringey,262078,2.8579277924892588,3.6019810895992794,76,7,2021/22,6.459908882088538
Haringey,2022-03-01,799,1022,2022,E09000014,Haringey,262078,3.0487106891841362,3.899602408443288,77,7,2021/22,6.948313097627424
Haringey,2022-04-01,824,935,2022,E09000014,Haringey,262078,3.1441021375315747,3.5676401681942016,78,7,2021/22,6.711742305725776
Haringey,2022-05-01,930,1058,2022,E09000014,Haringey,262078,3.548561878524714,4.036966094063599,79,7,2021/22,7.585527972588313
Haringey,2022-06-01,877,981,2022,E09000014,Haringey,262078,3.3463320080281442,3.7431604331534887,80,7,2021/22,7.089492441181633
Haringey,2022-07-01,883,1099,2022,E09000014,Haringey,262078,3.3692259556315296,4.193408069353398,81,7,2021/22,7.562634024984928
Haringey,2022-08-01,811,980,2022,E09000014,Haringey,262078,3.0944985843909065,3.739344775219591,82,7,2021/22,6.833843359610498
Haringey,2022-09-01,842,1110,2022,E09000014,Haringey,262078,3.2127839803417304,4.235380306626271,83,7,2021/22,7.448164286968002
Haringey,2022-10-01,838,1067,2022,E09000014,Haringey,262078,3.19752134860614,4.071307015468677,84,7,2021/22,7.2688283640748175
Haringey,2022-11-01,795,1131,2022,E09000014,Haringey,262078,3.033448057448546,4.31550912323812,85,8,2022/23,7.348957180686666
Haringey,2022-12-01,728,1020,2022,E09000014,Haringey,262078,2.7777989758774106,3.891971092575493,86,8,2022/23,6.6697700684529035
Haringey,2023-01-01,842,1088,2023,E09000014,Haringey,263362,3.197120313484861,4.1311958445030035,87,8,2022/23,7.328316157987865
Haringey,2023-02-01,743,1057,2023,E09000014,Haringey,263362,2.821211868075121,4.013487139374701,88,8,2022/23,6.834699007449822
Haringey,2023-03-01,815,1323,2023,E09000014,Haringey,263362,3.0945998283731138,5.023503770475619,89,8,2022/23,8.118103598848734
Haringey,2023-04-01,793,1142,2023,E09000014,Haringey,263362,3.0110646182820604,4.336236814726498,90,8,2022/23,7.347301433008559
Haringey,2023-05-01,920,1088,2023,E09000014,Haringey,263362,3.493290603807687,4.1311958445030035,91,8,2022/23,7.624486448310691
Haringey,2023-06-01,904,1212,2023,E09000014,Haringey,263362,3.4325377237414663,4.602030665016214,92,8,2022/23,8.03456838875768
Haringey,2023-07-01,955,1186,2023,E09000014,Haringey,263362,3.6261875289525443,4.503307234908605,93,8,2022/23,8.12949476386115
Haringey,2023-08-01,761,1107,2023,E09000014,Haringey,263362,2.889558858149619,4.20333988958164,94,8,2022/23,7.092898747731259
Haringey,2023-09-01,902,1116,2023,E09000014,Haringey,263362,3.4249436137331886,4.2375133846188895,95,8,2022/23,7.662456998352078
Haringey,2023-10-01,853,1167,2023,E09000014,Haringey,263362,3.238887918530388,4.4311631898299675,96,8,2022/23,7.670051108360355
Harrow,2015-11-01,388,503,2015,E09000015,Harrow,255308,1.5197330283422377,1.9701693640622306,1,1,2015/16,3.4899023924044683
Harrow,2015-12-01,352,484,2015,E09000015,Harrow,255308,1.3787268710733702,1.895749447725884,2,1,2015/16,3.2744763187992545
Harrow,2016-01-01,393,389,2016,E09000015,Harrow,257317,1.5272990125020889,1.5117539843850192,3,1,2015/16,3.039052996887108
Harrow,2016-02-01,347,389,2016,E09000015,Harrow,257317,1.3485311891557883,1.5117539843850192,4,1,2015/16,2.8602851735408077
Harrow,2016-03-01,354,484,2016,E09000015,Harrow,257317,1.3757349883606602,1.8809484021654224,5,1,2015/16,3.2566833905260824
Harrow,2016-04-01,350,464,2016,E09000015,Harrow,257317,1.3601899602435905,1.8032232615800743,6,1,2015/16,3.1634132218236646
Harrow,2016-05-01,372,532,2016,E09000015,Harrow,257317,1.4456876148874733,2.067488739570258,7,1,2015/16,3.5131763544577312
Harrow,2016-06-01,384,540,2016,E09000015,Harrow,257317,1.4923226992386822,2.098578795804397,8,1,2015/16,3.590901495043079
Harrow,2016-07-01,397,511,2016,E09000015,Harrow,257317,1.5428440406191584,1.9858773419556424,9,1,2015/16,3.5287213825748007
Harrow,2016-08-01,367,462,2016,E09000015,Harrow,257317,1.4262563297411364,1.7954507475215395,10,1,2015/16,3.2217070772626757
Harrow,2016-09-01,388,488,2016,E09000015,Harrow,257317,1.507867727355752,1.896493430282492,11,1,2015/16,3.404361157638244
Harrow,2016-10-01,369,469,2016,E09000015,Harrow,257317,1.4340288437996713,1.8226545467264115,12,1,2015/16,3.256683390526083
Harrow,2016-11-01,347,450,2016,E09000015,Harrow,257317,1.3485311891557883,1.7488156631703307,13,2,2016/17,3.097346852326119
Harrow,2016-12-01,321,533,2016,E09000015,Harrow,257317,1.247488506394836,2.071374996599525,14,2,2016/17,3.318863502994361
Harrow,2017-01-01,333,425,2017,E09000015,Harrow,257881,1.2912932709272882,1.648046967399692,15,2,2016/17,2.93934023832698
Harrow,2017-02-01,330,422,2017,E09000015,Harrow,257881,1.2796599982162316,1.6364136946886354,16,2,2016/17,2.9160736929048667
Harrow,2017-03-01,379,513,2017,E09000015,Harrow,257881,1.4696701191634902,1.9892896335906871,17,2,2016/17,3.4589597527541773
Harrow,2017-04-01,409,456,2017,E09000015,Harrow,257881,1.5860028462740567,1.768257452080611,18,2,2016/17,3.3542602983546677
Harrow,2017-05-01,432,518,2017,E09000015,Harrow,257881,1.6751912703921576,2.0086784214424482,19,2,2016/17,3.683869691834606
Harrow,2017-06-01,454,441,2017,E09000015,Harrow,257881,1.7605019369399064,1.7100910885253275,20,2,2016/17,3.470593025465234
Harrow,2017-07-01,431,548,2017,E09000015,Harrow,257881,1.6713135128218055,2.125011148553015,21,2,2016/17,3.7963246613748205
Harrow,2017-08-01,338,460,2017,E09000015,Harrow,257881,1.3106820587790493,1.7837684823620197,22,2,2016/17,3.094450541141069
Harrow,2017-09-01,375,500,2017,E09000015,Harrow,257881,1.4541590888820812,1.9388787851761085,23,2,2016/17,3.39303787405819
Harrow,2017-10-01,408,461,2017,E09000015,Harrow,257881,1.5821250887037044,1.7876462399323718,24,2,2016/17,3.369771328636076
Harrow,2017-11-01,352,482,2017,E09000015,Harrow,257881,1.3649706647639803,1.8690791489097685,25,3,2017/18,3.2340498136737486
Harrow,2017-12-01,348,432,2017,E09000015,Harrow,257881,1.3494596344825713,1.6751912703921576,26,3,2017/18,3.024650904874729
Harrow,2018-01-01,395,467,2018,E09000015,Harrow,259861,1.520043407821874,1.7971146112729497,27,3,2017/18,3.3171580190948236
Harrow,2018-02-01,335,452,2018,E09000015,Harrow,259861,1.2891507382793108,1.739391443887309,28,3,2017/18,3.02854218216662
Harrow,2018-03-01,377,465,2018,E09000015,Harrow,259861,1.4507756069591051,1.7894181889548644,29,3,2017/18,3.2401937959139695
Harrow,2018-04-01,345,420,2018,E09000015,Harrow,259861,1.327632849869738,1.616248686797942,30,3,2017/18,2.9438815366676803
Harrow,2018-05-01,473,519,2018,E09000015,Harrow,259861,1.820203878227206,1.9972215915431712,31,3,2017/18,3.8174254697703773
Harrow,2018-06-01,418,531,2018,E09000015,Harrow,259861,1.6085522644798564,2.043400125451684,32,3,2017/18,3.65195238993154
Harrow,2018-07-01,512,541,2018,E09000015,Harrow,259861,1.970284113429872,2.081882237042111,33,3,2017/18,4.052166350471984
Harrow,2018-08-01,372,478,2018,E09000015,Harrow,259861,1.4315345511638915,1.8394449340224197,34,3,2017/18,3.270979485186311
Harrow,2018-09-01,378,531,2018,E09000015,Harrow,259861,1.4546238181181477,2.043400125451684,35,3,2017/18,3.4980239435698315
Harrow,2018-10-01,448,579,2018,E09000015,Harrow,259861,1.7239985992511382,2.2281142610857345,36,3,2017/18,3.9521128603368725
Harrow,2018-11-01,424,593,2018,E09000015,Harrow,259861,1.6316415314341128,2.2819892173123324,37,4,2018/19,3.9136307487464452
Harrow,2018-12-01,421,512,2018,E09000015,Harrow,259861,1.6200968979569847,1.970284113429872,38,4,2018/19,3.5903810113868566
Harrow,2019-01-01,456,590,2019,E09000015,Harrow,262065,1.740026329345773,2.2513498559517675,39,4,2018/19,3.9913761852975407
Harrow,2019-02-01,418,574,2019,E09000015,Harrow,262065,1.5950241352336252,2.1902963005361267,40,4,2018/19,3.785320435769752
Harrow,2019-03-01,441,613,2019,E09000015,Harrow,262065,1.6827886211436094,2.3391143418617517,41,4,2018/19,4.0219029630053615
Harrow,2019-04-01,456,580,2019,E09000015,Harrow,262065,1.740026329345773,2.213191383816992,42,4,2018/19,3.953217713162765
Harrow,2019-05-01,470,620,2019,E09000015,Harrow,262065,1.793448190334459,2.365825272356095,43,4,2018/19,4.159273462690554
Harrow,2019-06-01,501,639,2019,E09000015,Harrow,262065,1.9117394539522639,2.438326369412169,44,4,2018/19,4.3500658233644325
Harrow,2019-07-01,474,704,2019,E09000015,Harrow,262065,1.8087115791883692,2.686356438288211,45,4,2018/19,4.49506801747658
Harrow,2019-08-01,428,618,2019,E09000015,Harrow,262065,1.633182607368401,2.3581935779291396,46,4,2018/19,3.9913761852975407
Harrow,2019-09-01,453,595,2019,E09000015,Harrow,262065,1.7285787877053402,2.2704290920191554,47,4,2018/19,3.9990078797244957
Harrow,2019-10-01,480,672,2019,E09000015,Harrow,262065,1.8316066624692346,2.5642493274569285,48,4,2018/19,4.395855989926163
Harrow,2019-11-01,476,576,2019,E09000015,Harrow,262065,1.8163432736153244,2.1979279949630817,49,5,2019/20,4.0142712685784065
Harrow,2019-12-01,425,623,2019,E09000015,Harrow,262065,1.6217350657279683,2.3772728139965276,50,5,2019/20,3.9990078797244957
Harrow,2020-01-01,453,689,2020,E09000015,Harrow,262281,1.7271552266462307,2.626953534567887,51,5,2019/20,4.354108761214118
Harrow,2020-02-01,453,608,2020,E09000015,Harrow,262281,1.7271552266462307,2.3181244543066404,52,5,2019/20,4.045279680952871
Harrow,2020-03-01,363,494,2020,E09000015,Harrow,262281,1.3840118041337344,1.8834761191241456,53,5,2019/20,3.26748792325788
Harrow,2020-04-01,382,375,2020,E09000015,Harrow,262281,1.456453193330817,1.429764260468734,54,5,2019/20,2.886217453799551
Harrow,2020-05-01,420,467,2020,E09000015,Harrow,262281,1.601335971724982,1.7805330923703966,55,5,2019/20,3.381869064095379
Harrow,2020-06-01,389,383,2020,E09000015,Harrow,262281,1.4831421261929,1.4602658980254002,56,5,2019/20,2.9434080242183
Harrow,2020-07-01,462,562,2020,E09000015,Harrow,262281,1.7614695688974802,2.142740038355809,57,5,2019/20,3.9042096072532892
Harrow,2020-08-01,476,524,2020,E09000015,Harrow,262281,1.8148474346216463,1.9978572599616442,58,5,2019/20,3.8127046945832905
Harrow,2020-09-01,490,529,2020,E09000015,Harrow,262281,1.8682253003458122,2.0169207834345606,59,5,2019/20,3.8851460837803726
Harrow,2020-10-01,453,597,2020,E09000015,Harrow,262281,1.7271552266462307,2.2761847026662245,60,5,2019/20,4.003339929312455
Harrow,2020-11-01,440,523,2020,E09000015,Harrow,262281,1.6775900656166478,1.994044555267061,61,6,2020/21,3.671634620883709
Harrow,2020-12-01,439,470,2020,E09000015,Harrow,262281,1.6737773609220645,1.7919712064541464,62,6,2020/21,3.465748567376211
Harrow,2021-01-01,399,362,2021,E09000015,Harrow,261159,1.5278049004629364,1.3861287568109848,63,6,2020/21,2.913933657273921
Harrow,2021-02-01,371,372,2021,E09000015,Harrow,261159,1.4205905214830812,1.4244196064466474,64,6,2020/21,2.8450101279297284
Harrow,2021-03-01,454,473,2021,E09000015,Harrow,261159,1.7384045734590805,1.8111571877668393,65,6,2020/21,3.54956176122592
Harrow,2021-04-01,448,458,2021,E09000015,Harrow,261159,1.715430063677683,1.7537209133133456,66,6,2020/21,3.4691509769910285
Harrow,2021-05-01,453,511,2021,E09000015,Harrow,261159,1.7345754884955142,1.9566624163823572,67,6,2020/21,3.6912379048778714
Harrow,2021-06-01,456,552,2021,E09000015,Harrow,261159,1.746062743386213,2.113654899888574,68,6,2020/21,3.859717643274787
Harrow,2021-07-01,527,573,2021,E09000015,Harrow,261159,2.0179277757994174,2.194065684123465,69,6,2020/21,4.2119934599228825
Harrow,2021-08-01,406,549,2021,E09000015,Harrow,261159,1.5546084952079002,2.102167644997875,70,6,2020/21,3.656776140205775
Harrow,2021-09-01,464,516,2021,E09000015,Harrow,261159,1.7766954230947432,1.9758078412001885,71,6,2020/21,3.7525032642949316
Harrow,2021-10-01,496,585,2021,E09000015,Harrow,261159,1.8992261419288632,2.24001470368626,72,6,2020/21,4.139240845615123
Harrow,2021-11-01,431,572,2021,E09000015,Harrow,261159,1.6503356192970566,2.1902365991598987,73,7,2021/22,3.8405722184569555
Harrow,2021-12-01,456,526,2021,E09000015,Harrow,261159,1.746062743386213,2.014098690835851,74,7,2021/22,3.7601614342220637
Harrow,2022-01-01,452,537,2022,E09000015,Harrow,261798,1.7265219749577918,2.0511997799830404,75,7,2021/22,3.777721754940832
Harrow,2022-02-01,420,495,2022,E09000015,Harrow,261798,1.6042903307129925,1.8907707469117412,76,7,2021/22,3.495061077624734
Harrow,2022-03-01,476,548,2022,E09000015,Harrow,261798,1.8181957081413915,2.0932169076921903,77,7,2021/22,3.911412615833582
Harrow,2022-04-01,407,523,2022,E09000015,Harrow,261798,1.5546337252385427,1.9977234356259406,78,7,2021/22,3.5523571608644833
Harrow,2022-05-01,450,550,2022,E09000015,Harrow,261798,1.7188824971924919,2.10085638545749,79,7,2021/22,3.819738882649982
Harrow,2022-06-01,473,510,2022,E09000015,Harrow,261798,1.8067364914934414,1.9480668301514907,80,7,2021/22,3.754803321644932
Harrow,2022-07-01,528,482,2022,E09000015,Harrow,261798,2.0168221300391904,1.8411141414372914,81,7,2021/22,3.8579362714764818
Harrow,2022-08-01,453,523,2022,E09000015,Harrow,261798,1.7303417138404418,1.9977234356259406,82,7,2021/22,3.7280651494663823
Harrow,2022-09-01,459,539,2022,E09000015,Harrow,261798,1.7532601471363418,2.0588392577483403,83,7,2021/22,3.812099404884682
Harrow,2022-10-01,563,592,2022,E09000015,Harrow,261798,2.15051299093194,2.2612854185287894,84,7,2021/22,4.411798409460729
Harrow,2022-11-01,517,576,2022,E09000015,Harrow,261798,1.9748050023300407,2.20016959640639,85,8,2022/23,4.174974598736431
Harrow,2022-12-01,403,537,2022,E09000015,Harrow,261798,1.5393547697079428,2.0511997799830404,86,8,2022/23,3.5905545496909834
Harrow,2023-01-01,421,558,2023,E09000015,Harrow,266891,1.5774229929072168,2.0907411639957885,87,8,2022/23,3.6681641569030052
Harrow,2023-02-01,405,581,2023,E09000015,Harrow,266891,1.5174734254808142,2.1769186671712424,88,8,2022/23,3.6943920926520564
Harrow,2023-03-01,447,625,2023,E09000015,Harrow,266891,1.674841039975121,2.3417799775938493,89,8,2022/23,4.01662101756897
Harrow,2023-04-01,468,525,2023,E09000015,Harrow,266891,1.7535248472222742,1.9670951811788333,90,8,2022/23,3.7206200284011075
Harrow,2023-05-01,532,558,2023,E09000015,Harrow,266891,1.9933231169278844,2.0907411639957885,91,8,2022/23,4.084064280923673
Harrow,2023-06-01,530,572,2023,E09000015,Harrow,266891,1.9858294209995841,2.1431970354938907,92,8,2022/23,4.129026456493475
Harrow,2023-07-01,449,571,2023,E09000015,Harrow,266891,1.6823347359034213,2.1394501875297407,93,8,2022/23,3.821784923433162
Harrow,2023-08-01,414,551,2023,E09000015,Harrow,266891,1.5511950571581656,2.0645132282467373,94,8,2022/23,3.615708285404903
Harrow,2023-09-01,486,586,2023,E09000015,Harrow,266891,1.820968110576977,2.195652906991993,95,8,2022/23,4.01662101756897
Harrow,2023-10-01,441,546,2023,E09000015,Harrow,266891,1.65235995219022,2.0457789884259867,96,8,2022/23,3.6981389406162064
Havering,2015-11-01,459,697,2015,E09000016,Havering,250449,1.8327084556137179,2.783001728894905,1,1,2015/16,4.615710184508623
Havering,2015-12-01,471,635,2015,E09000016,Havering,250449,1.8806224021657103,2.535446338376276,2,1,2015/16,4.416068740541986
Havering,2016-01-01,416,602,2016,E09000016,Havering,254487,1.63466110253176,2.3655432301060566,3,1,2015/16,4.000204332637816
Havering,2016-02-01,463,630,2016,E09000016,Havering,254487,1.8193463713274156,2.4755684966226172,4,1,2015/16,4.294914867950033
Havering,2016-03-01,474,657,2016,E09000016,Havering,254487,1.8625705831732073,2.581664289335015,5,1,2015/16,4.444234872508222
Havering,2016-04-01,486,661,2016,E09000016,Havering,254487,1.909724268823162,2.5973821845516665,6,1,2015/16,4.507106453374829
Havering,2016-05-01,517,686,2016,E09000016,Havering,254487,2.0315379567522114,2.695619029655739,7,1,2015/16,4.72715698640795
Havering,2016-06-01,525,628,2016,E09000016,Havering,254487,2.0629737471855143,2.4677095490142915,8,1,2015/16,4.530683296199806
Havering,2016-07-01,496,631,2016,E09000016,Havering,254487,1.9490190068647908,2.47949797042678,9,1,2015/16,4.4285169772915705
Havering,2016-08-01,437,618,2016,E09000016,Havering,254487,1.7171800524191805,2.4284148109726624,10,1,2015/16,4.1455948633918425
Havering,2016-09-01,472,582,2016,E09000016,Havering,254487,1.8547116355648816,2.286953754022799,11,1,2015/16,4.141665389587681
Havering,2016-10-01,439,689,2016,E09000016,Havering,254487,1.7250390000275062,2.7074074510682276,12,1,2015/16,4.432446451095734
Havering,2016-11-01,469,664,2016,E09000016,Havering,254487,1.8429232141523928,2.6091706059641555,13,2,2016/17,4.4520938201165485
Havering,2016-12-01,488,634,2016,E09000016,Havering,254487,1.9175832164314877,2.4912863918392687,14,2,2016/17,4.408869608270757
Havering,2017-01-01,547,639,2017,E09000016,Havering,257429,2.1248577277618295,2.4822378209137277,15,2,2016/17,4.607095548675558
Havering,2017-02-01,418,634,2017,E09000016,Havering,257429,1.6237486841031896,2.462814989764168,16,2,2016/17,4.086563673867357
Havering,2017-03-01,496,766,2017,E09000016,Havering,257429,1.9267448500363207,2.975577732112544,17,2,2016/17,4.902322582148864
Havering,2017-04-01,500,715,2017,E09000016,Havering,257429,1.9422831149559685,2.777464854387035,18,2,2016/17,4.719747969343004
Havering,2017-05-01,485,805,2017,E09000016,Havering,257429,1.8840146215072895,3.127075815079109,19,2,2016/17,5.011090436586398
Havering,2017-06-01,534,682,2017,E09000016,Havering,257429,2.0743583667729744,2.649274168799941,20,2,2016/17,4.723632535572915
Havering,2017-07-01,521,640,2017,E09000016,Havering,257429,2.0238590057841193,2.4861223871436398,21,2,2016/17,4.5099813929277595
Havering,2017-08-01,530,700,2017,E09000016,Havering,257429,2.0588201018533265,2.719196360938356,22,2,2016/17,4.778016462791682
Havering,2017-09-01,448,671,2017,E09000016,Havering,257429,1.7402856710005477,2.60654394027091,23,2,2016/17,4.346829611271458
Havering,2017-10-01,546,718,2017,E09000016,Havering,257429,2.1209731615319174,2.789118553076771,24,2,2016/17,4.910091714608688
Havering,2017-11-01,474,772,2017,E09000016,Havering,257429,1.841284392978258,2.9988851294920154,25,3,2017/18,4.840169522470274
Havering,2017-12-01,494,642,2017,E09000016,Havering,257429,1.9189757175764968,2.4938915196034634,26,3,2017/18,4.41286723717996
Havering,2018-01-01,519,597,2018,E09000016,Havering,259229,2.002090815456604,2.3029830767390993,27,3,2017/18,4.305073892195703
Havering,2018-02-01,487,599,2018,E09000016,Havering,259229,1.8786478364689136,2.31069826292583,28,3,2017/18,4.189346099394744
Havering,2018-03-01,532,712,2018,E09000016,Havering,259229,2.052239525670353,2.7466062824761117,29,3,2017/18,4.798845808146465
Havering,2018-04-01,496,711,2018,E09000016,Havering,259229,1.9133661743092014,2.7427486893827466,30,3,2017/18,4.656114863691948
Havering,2018-05-01,561,778,2018,E09000016,Havering,259229,2.1641097253779478,3.0012074266382234,31,3,2017/18,5.165317152016171
Havering,2018-06-01,545,640,2018,E09000016,Havering,259229,2.1023882358841024,2.468859579753808,32,3,2017/18,4.571247815637911
Havering,2018-07-01,557,640,2018,E09000016,Havering,259229,2.1486793530044865,2.468859579753808,33,3,2017/18,4.617538932758295
Havering,2018-08-01,509,684,2018,E09000016,Havering,259229,1.9635148845229506,2.6385936758618826,34,3,2017/18,4.602108560384833
Havering,2018-09-01,538,650,2018,E09000016,Havering,259229,2.075385084230545,2.5074355106874617,35,3,2017/18,4.582820594918006
Havering,2018-10-01,571,706,2018,E09000016,Havering,259229,2.202685656311601,2.72346072391592,36,3,2017/18,4.926146380227521
Havering,2018-11-01,538,720,2018,E09000016,Havering,259229,2.075385084230545,2.7774670272230346,37,4,2018/19,4.852852111453579
Havering,2018-12-01,530,655,2018,E09000016,Havering,259229,2.0445243394836226,2.5267234761542885,38,4,2018/19,4.571247815637911
Havering,2019-01-01,523,691,2019,E09000016,Havering,261296,2.001561447553732,2.644510440266977,39,4,2018/19,4.646071887820709
Havering,2019-02-01,513,640,2019,E09000016,Havering,261296,1.963290674177944,2.4493294960504564,40,4,2018/19,4.412620170228401
Havering,2019-03-01,572,672,2019,E09000016,Havering,261296,2.189088237095095,2.571795970852979,41,4,2018/19,4.760884207948074
Havering,2019-04-01,582,671,2019,E09000016,Havering,261296,2.2273590104708836,2.5679688935154004,42,4,2018/19,4.7953279039862835
Havering,2019-05-01,552,773,2019,E09000016,Havering,261296,2.1125466903435184,2.9583307819484417,43,4,2018/19,5.07087747229196
Havering,2019-06-01,486,663,2019,E09000016,Havering,261296,1.8599595860633151,2.5373522748147694,44,4,2018/19,4.397311860878085
Havering,2019-07-01,599,677,2019,E09000016,Havering,261296,2.292419325209724,2.5909313575408732,45,4,2018/19,4.8833506827505975
Havering,2019-08-01,549,615,2019,E09000016,Havering,261296,2.101065458330782,2.353652562610985,46,4,2018/19,4.454718020941767
Havering,2019-09-01,525,655,2019,E09000016,Havering,261296,2.00921560222889,2.506735656114139,47,4,2018/19,4.515951258343029
Havering,2019-10-01,610,793,2019,E09000016,Havering,261296,2.334517175923091,3.0348723287000183,48,4,2018/19,5.3693895046231095
Havering,2019-11-01,475,714,2019,E09000016,Havering,261296,1.817861735349948,2.73253321903129,49,5,2019/20,4.550394954381238
Havering,2019-12-01,539,636,2019,E09000016,Havering,261296,2.0627946849549934,2.4340211867001407,50,5,2019/20,4.496815871655134
Havering,2020-01-01,506,735,2020,E09000016,Havering,261906,1.9319908669522654,2.8063503699800694,51,5,2019/20,4.738341236932335
Havering,2020-02-01,474,716,2020,E09000016,Havering,261906,1.8098096263544936,2.7338052583751424,52,5,2019/20,4.543614884729636
Havering,2020-03-01,387,456,2020,E09000016,Havering,261906,1.4776293784793018,1.741082678518247,53,5,2019/20,3.218712056997549
Havering,2020-04-01,391,291,2020,E09000016,Havering,261906,1.4929020335540233,1.1110856566859866,54,5,2019/20,2.60398769024001
Havering,2020-05-01,428,397,2020,E09000016,Havering,261906,1.6341740929951967,1.5158110161661054,55,5,2019/20,3.1499851091613023
Havering,2020-06-01,445,455,2020,E09000016,Havering,261906,1.699082877062763,1.7372645147495667,56,5,2019/20,3.4363473918123297
Havering,2020-07-01,552,578,2020,E09000016,Havering,261906,2.1076264003115623,2.2068986582972516,57,5,2019/20,4.3145250586088135
Havering,2020-08-01,622,590,2020,E09000016,Havering,261906,2.374897864119188,2.252716623521416,58,5,2019/20,4.627614487640605
Havering,2020-09-01,470,679,2020,E09000016,Havering,261906,1.794536971279772,2.592533198933969,59,5,2019/20,4.387070170213741
Havering,2020-10-01,614,620,2020,E09000016,Havering,261906,2.344352553969745,2.367261536581827,60,5,2019/20,4.711614090551572
Havering,2020-11-01,470,581,2020,E09000016,Havering,261906,1.794536971279772,2.218353149603293,61,6,2020/21,4.012890120883065
Havering,2020-12-01,462,516,2020,E09000016,Havering,261906,1.7639916611303292,1.970172504639069,62,6,2020/21,3.734164165769398
Havering,2021-01-01,440,456,2021,E09000016,Havering,262086,1.6788382439351968,1.7398869073510221,63,6,2020/21,3.418725151286219
Havering,2021-02-01,421,495,2021,E09000016,Havering,262086,1.6063429561289042,1.8886930244270965,64,6,2020/21,3.4950359805560005
Havering,2021-03-01,484,551,2021,E09000016,Havering,262086,1.8467220683287164,2.1023633463824853,65,6,2020/21,3.9490854147112016
Havering,2021-04-01,522,527,2021,E09000016,Havering,262086,1.9917126439413018,2.010790351258747,66,6,2020/21,4.002502995200048
Havering,2021-05-01,598,513,2021,E09000016,Havering,262086,2.281693795166472,1.9573727707699,67,6,2020/21,4.239066565936372
Havering,2021-06-01,547,571,2021,E09000016,Havering,262086,2.0871011805285287,2.178674175652267,68,6,2020/21,4.265775356180796
Havering,2021-07-01,608,644,2021,E09000016,Havering,262086,2.319849209801363,2.45720870248697,69,6,2020/21,4.777057912288333
Havering,2021-08-01,535,601,2021,E09000016,Havering,262086,2.04131468296666,2.293140419556939,70,6,2020/21,4.334455102523599
Havering,2021-09-01,547,599,2021,E09000016,Havering,262086,2.0871011805285287,2.285509336629961,71,6,2020/21,4.37261051715849
Havering,2021-10-01,623,616,2021,E09000016,Havering,262086,2.3770823317536993,2.3503735415092755,72,6,2020/21,4.727455873262975
Havering,2021-11-01,593,603,2021,E09000016,Havering,262086,2.2626160878490267,2.3007715024839177,73,7,2021/22,4.563387590332944
Havering,2021-12-01,507,560,2021,E09000016,Havering,262086,1.9344795219889654,2.136703219553887,74,7,2021/22,4.071182741542852
Havering,2022-01-01,504,688,2022,E09000016,Havering,264786,1.903423897033831,2.598324684839833,75,7,2021/22,4.501748581873664
Havering,2022-02-01,518,637,2022,E09000016,Havering,264786,1.9562967830625486,2.405716314306648,76,7,2021/22,4.362013097369196
Havering,2022-03-01,577,711,2022,E09000016,Havering,264786,2.1791182313264295,2.685187283315583,77,7,2021/22,4.864305514642012
Havering,2022-04-01,575,663,2022,E09000016,Havering,264786,2.171564961893756,2.5039088169314088,78,7,2021/22,4.675473778825165
Havering,2022-05-01,662,729,2022,E09000016,Havering,264786,2.5001321822150717,2.7531667082096485,79,7,2021/22,5.25329889042472
Havering,2022-06-01,610,756,2022,E09000016,Havering,264786,2.3037471769655498,2.8551358455507465,80,7,2021/22,5.158883022516296
Havering,2022-07-01,620,711,2022,E09000016,Havering,264786,2.3415135241289193,2.685187283315583,81,7,2021/22,5.026700807444502
Havering,2022-08-01,651,723,2022,E09000016,Havering,264786,2.458589200335365,2.7305068999116267,82,7,2021/22,5.189096100246992
Havering,2022-09-01,583,629,2022,E09000016,Havering,264786,2.2017780396244513,2.375503236575952,83,7,2021/22,4.577281276200403
Havering,2022-10-01,585,682,2022,E09000016,Havering,264786,2.2093313090571254,2.5756648765418113,84,7,2021/22,4.784996185598937
Havering,2022-11-01,602,743,2022,E09000016,Havering,264786,2.273534099234854,2.8060395942383662,85,8,2022/23,5.07957369347322
Havering,2022-12-01,525,685,2022,E09000016,Havering,264786,1.9827332260769075,2.586994780690822,86,8,2022/23,4.569728006767729
Havering,2023-01-01,588,817,2023,E09000016,Havering,270305,2.1753204713194356,3.0225116072584672,87,8,2022/23,5.197832078577903
Havering,2023-02-01,576,701,2023,E09000016,Havering,270305,2.1309261759863856,2.59336675237232,88,8,2022/23,4.724292928358706
Havering,2023-03-01,570,799,2023,E09000016,Havering,270305,2.108729028319861,2.9559201642588926,89,8,2022/23,5.064649192578754
Havering,2023-04-01,640,685,2023,E09000016,Havering,270305,2.367695751095984,2.5341743585949206,90,8,2022/23,4.901870109690904
Havering,2023-05-01,660,804,2023,E09000016,Havering,270305,2.4416862433177338,2.97441778731433,91,8,2022/23,5.416104030632064
Havering,2023-06-01,715,734,2023,E09000016,Havering,270305,2.645160096927545,2.715451064538207,92,8,2022/23,5.3606111614657515
Havering,2023-07-01,668,770,2023,E09000016,Havering,270305,2.4712824402064335,2.848633950537356,93,8,2022/23,5.319916390743789
Havering,2023-08-01,608,807,2023,E09000016,Havering,270305,2.249310963541185,2.9855163611475923,94,8,2022/23,5.234827324688777
Havering,2023-09-01,612,804,2023,E09000016,Havering,270305,2.264109061985535,2.97441778731433,95,8,2022/23,5.2385268492998645
Havering,2023-10-01,622,834,2023,E09000016,Havering,270305,2.3011043080964098,3.0854035256469543,96,8,2022/23,5.386507833743364
Hillingdon,2015-11-01,572,1020,2015,E09000017,Hillingdon,294011,1.9455054402726428,3.469257952933734,1,1,2015/16,5.414763393206377
Hillingdon,2015-12-01,598,989,2015,E09000017,Hillingdon,294011,2.033937505739581,3.3638197210308456,2,1,2015/16,5.397757226770427
Hillingdon,2016-01-01,562,882,2016,E09000017,Hillingdon,297451,1.889386823375951,2.9651942672910834,3,1,2015/16,4.854581090667034
Hillingdon,2016-02-01,606,865,2016,E09000017,Hillingdon,297451,2.0373103469142815,2.908041996833092,4,1,2015/16,4.945352343747373
Hillingdon,2016-03-01,591,909,2016,E09000017,Hillingdon,297451,1.9868818729807598,3.0559655203714224,5,1,2015/16,5.042847393352182
Hillingdon,2016-04-01,576,867,2016,E09000017,Hillingdon,297451,1.9364533990472381,2.9147657933575615,6,1,2015/16,4.8512191924048
Hillingdon,2016-05-01,653,1064,2016,E09000017,Hillingdon,297451,2.1953195652393167,3.577059751017815,7,1,2015/16,5.7723793162571315
Hillingdon,2016-06-01,604,944,2016,E09000017,Hillingdon,297451,2.030586550389812,3.17363195954964,8,1,2015/16,5.204218509939452
Hillingdon,2016-07-01,676,1008,2016,E09000017,Hillingdon,297451,2.2726432252707167,3.3887934483326667,9,1,2015/16,5.661436673603383
Hillingdon,2016-08-01,602,935,2016,E09000017,Hillingdon,297451,2.0238627538653424,3.143374875189527,10,1,2015/16,5.16723762905487
Hillingdon,2016-09-01,643,994,2016,E09000017,Hillingdon,297451,2.1617005826169686,3.3417268726613796,11,1,2015/16,5.503427455278349
Hillingdon,2016-10-01,643,974,2016,E09000017,Hillingdon,297451,2.1617005826169686,3.274488907416684,12,1,2015/16,5.4361894900336525
Hillingdon,2016-11-01,557,965,2016,E09000017,Hillingdon,297451,1.872577332064777,3.2442318230565705,13,2,2016/17,5.116809155121348
Hillingdon,2016-12-01,583,1125,2016,E09000017,Hillingdon,297451,1.9599866868828815,3.7821355450141367,14,2,2016/17,5.742122231897018
Hillingdon,2017-01-01,558,1006,2017,E09000017,Hillingdon,299469,1.8632980375264219,3.3592792576193196,15,2,2016/17,5.222577295145742
Hillingdon,2017-02-01,540,1056,2017,E09000017,Hillingdon,299469,1.8031916492191178,3.5262414473618304,16,2,2016/17,5.329433096580948
Hillingdon,2017-03-01,661,1194,2017,E09000017,Hillingdon,299469,2.2072401483959943,3.9870570910511605,17,2,2016/17,6.194297239447154
Hillingdon,2017-04-01,582,1065,2017,E09000017,Hillingdon,299469,1.943439888602827,3.5562946415154824,18,2,2016/17,5.499734530118309
Hillingdon,2017-05-01,704,1155,2017,E09000017,Hillingdon,299469,2.3508276315745538,3.856826583052002,19,2,2016/17,6.207654214626556
Hillingdon,2017-06-01,661,1076,2017,E09000017,Hillingdon,299469,2.2072401483959943,3.593026323258835,20,2,2016/17,5.80026647165483
Hillingdon,2017-07-01,666,1052,2017,E09000017,Hillingdon,299469,2.2239363673702455,3.5128844721824297,21,2,2016/17,5.736820839552675
Hillingdon,2017-08-01,582,1052,2017,E09000017,Hillingdon,299469,1.943439888602827,3.5128844721824297,22,2,2016/17,5.456324360785256
Hillingdon,2017-09-01,618,1158,2017,E09000017,Hillingdon,299469,2.0636526652174347,3.8668443144365527,23,2,2016/17,5.930496979653988
Hillingdon,2017-10-01,707,1198,2017,E09000017,Hillingdon,299469,2.3608453629591044,4.000414066230562,24,2,2016/17,6.361259429189666
Hillingdon,2017-11-01,689,1137,2017,E09000017,Hillingdon,299469,2.3007389746518006,3.7967201947446982,25,3,2017/18,6.097459169396499
Hillingdon,2017-12-01,634,1199,2017,E09000017,Hillingdon,299469,2.1170805659350385,4.003753310025411,26,3,2017/18,6.12083387596045
Hillingdon,2018-01-01,655,1123,2018,E09000017,Hillingdon,302263,2.166987027853227,3.7153075301972125,27,3,2017/18,5.8822945580504395
Hillingdon,2018-02-01,549,1133,2018,E09000017,Hillingdon,302263,1.816299050826598,3.7483913016148187,28,3,2017/18,5.564690352441417
Hillingdon,2018-03-01,683,1155,2018,E09000017,Hillingdon,302263,2.2596215878225254,3.821175598733553,29,3,2017/18,6.080797186556079
Hillingdon,2018-04-01,606,1034,2018,E09000017,Hillingdon,302263,2.0048765479069552,3.4208619645805145,30,3,2017/18,5.42573851248747
Hillingdon,2018-05-01,628,1120,2018,E09000017,Hillingdon,302263,2.0776608450256897,3.7053823987719303,31,3,2017/18,5.78304324379762
Hillingdon,2018-06-01,669,1032,2018,E09000017,Hillingdon,302263,2.2133043078378765,3.414245210296993,32,3,2017/18,5.627549518134869
Hillingdon,2018-07-01,759,1092,2018,E09000017,Hillingdon,302263,2.511058250596335,3.612747838802632,33,3,2017/18,6.1238060893989665
Hillingdon,2018-08-01,623,1047,2018,E09000017,Hillingdon,302263,2.0611189593168864,3.463870867423403,34,3,2017/18,5.524989826740289
Hillingdon,2018-09-01,663,992,2018,E09000017,Hillingdon,302263,2.1934540449873126,3.2819101246265667,35,3,2017/18,5.475364169613879
Hillingdon,2018-10-01,688,1203,2018,E09000017,Hillingdon,302263,2.2761634735313288,3.9799777015380644,36,3,2017/18,6.256141175069393
Hillingdon,2018-11-01,697,1265,2018,E09000017,Hillingdon,302263,2.3059388678071744,4.185097084327225,37,4,2018/19,6.4910359521344
Hillingdon,2018-12-01,772,1087,2018,E09000017,Hillingdon,302263,2.5540671534392234,3.596205953093829,38,4,2018/19,6.150273106533053
Hillingdon,2019-01-01,698,1120,2019,E09000017,Hillingdon,305641,2.2837250238024347,3.6644298376199527,39,4,2018/19,5.948154861422387
Hillingdon,2019-02-01,715,993,2019,E09000017,Hillingdon,305641,2.3393458338377378,3.2489096685326904,40,4,2018/19,5.588255502370428
Hillingdon,2019-03-01,765,1092,2019,E09000017,Hillingdon,305641,2.5029364515886283,3.572819091679454,41,4,2018/19,6.075755543268082
Hillingdon,2019-04-01,732,1113,2019,E09000017,Hillingdon,305641,2.394966643873041,3.641527151134828,42,4,2018/19,6.036493795007869
Hillingdon,2019-05-01,725,1041,2019,E09000017,Hillingdon,305641,2.372063957387916,3.4059566615735455,43,4,2018/19,5.778020618961461
Hillingdon,2019-06-01,761,1121,2019,E09000017,Hillingdon,305641,2.4898492021685574,3.667701649974971,44,4,2018/19,6.157550852143528
Hillingdon,2019-07-01,801,1188,2019,E09000017,Hillingdon,305641,2.62072169636927,3.8869130777611645,45,4,2018/19,6.507634774130434
Hillingdon,2019-08-01,701,1177,2019,E09000017,Hillingdon,305641,2.2935404608674883,3.850923141855968,46,4,2018/19,6.144463602723457
Hillingdon,2019-09-01,738,1137,2019,E09000017,Hillingdon,305641,2.4145975180031476,3.7200506476552557,47,4,2018/19,6.134648165658403
Hillingdon,2019-10-01,723,1326,2019,E09000017,Hillingdon,305641,2.3655203326778804,4.338423182753623,48,4,2018/19,6.703943515431503
Hillingdon,2019-11-01,756,1278,2019,E09000017,Hillingdon,305641,2.4734901403934684,4.1813761897127675,49,5,2019/20,6.654866330106236
Hillingdon,2019-12-01,719,1144,2019,E09000017,Hillingdon,305641,2.352433083257809,3.7429533341403802,50,5,2019/20,6.095386417398189
Hillingdon,2020-01-01,714,1193,2020,E09000017,Hillingdon,306460,2.3298309730470534,3.892840827514194,51,5,2019/20,6.222671800561248
Hillingdon,2020-02-01,669,1117,2020,E09000017,Hillingdon,306460,2.1829928865104744,3.644847614696861,52,5,2019/20,5.827840501207335
Hillingdon,2020-03-01,545,917,2020,E09000017,Hillingdon,306460,1.7783723813874568,2.9922338967565096,53,5,2019/20,4.770606278143966
Hillingdon,2020-04-01,595,589,2020,E09000017,Hillingdon,306460,1.9415258108725446,1.9219473993343341,54,5,2019/20,3.8634732102068785
Hillingdon,2020-05-01,725,704,2020,E09000017,Hillingdon,306460,2.365724727533773,2.297200287150036,55,5,2019/20,4.662925014683809
Hillingdon,2020-06-01,751,843,2020,E09000017,Hillingdon,306460,2.4505645108660183,2.75076682111858,56,5,2019/20,5.201331331984598
Hillingdon,2020-07-01,756,891,2020,E09000017,Hillingdon,306460,2.466879853814527,2.9073941134242642,57,5,2019/20,5.374273967238791
Hillingdon,2020-08-01,868,939,2020,E09000017,Hillingdon,306460,2.8323435358611238,3.0640214057299486,58,5,2019/20,5.896364941591072
Hillingdon,2020-09-01,755,959,2020,E09000017,Hillingdon,306460,2.4636167852248256,3.1292827775239838,59,5,2019/20,5.592899562748809
Hillingdon,2020-10-01,754,948,2020,E09000017,Hillingdon,306460,2.4603537166351237,3.0933890230372643,60,5,2019/20,5.553742739672388
Hillingdon,2020-11-01,726,958,2020,E09000017,Hillingdon,306460,2.3689877961234744,3.126019708934282,61,6,2020/21,5.495007505057757
Hillingdon,2020-12-01,598,724,2020,E09000017,Hillingdon,306460,1.9513150166416497,2.362461658944071,62,6,2020/21,4.3137766755857205
Hillingdon,2021-01-01,575,687,2021,E09000017,Hillingdon,305107,1.884584752234462,2.25166908658274,63,6,2020/21,4.136253838817202
Hillingdon,2021-02-01,596,701,2021,E09000017,Hillingdon,305107,1.953413064924764,2.2975546283762744,64,6,2020/21,4.250967693301039
Hillingdon,2021-03-01,788,756,2021,E09000017,Hillingdon,305107,2.5827004952360975,2.4778192568508755,65,6,2020/21,5.060519752086973
Hillingdon,2021-04-01,680,725,2021,E09000017,Hillingdon,305107,2.2287263156859725,2.376215557165191,66,6,2020/21,4.604941872851164
Hillingdon,2021-05-01,804,883,2021,E09000017,Hillingdon,305107,2.6351411144287087,2.894066671692226,67,6,2020/21,5.529207786120935
Hillingdon,2021-06-01,861,753,2021,E09000017,Hillingdon,305107,2.821960820302386,2.467986640752261,68,6,2020/21,5.289947461054647
Hillingdon,2021-07-01,843,804,2021,E09000017,Hillingdon,305107,2.762965123710698,2.6351411144287087,69,6,2020/21,5.398106238139407
Hillingdon,2021-08-01,661,764,2021,E09000017,Hillingdon,305107,2.1664530803947466,2.504039566447181,70,6,2020/21,4.670492646841927
Hillingdon,2021-09-01,718,782,2021,E09000017,Hillingdon,305107,2.3532727862684237,2.563035263038868,71,6,2020/21,4.9163080493072915
Hillingdon,2021-10-01,817,908,2021,E09000017,Hillingdon,305107,2.6777491175227053,2.976005139180681,72,6,2020/21,5.653754256703387
Hillingdon,2021-11-01,711,1045,2021,E09000017,Hillingdon,305107,2.3303300153716564,3.4250279410174134,73,7,2021/22,5.755357956389069
Hillingdon,2021-12-01,712,980,2021,E09000017,Hillingdon,305107,2.333607554071195,3.211987925547431,74,7,2021/22,5.545595479618626
Hillingdon,2022-01-01,717,912,2022,E09000017,Hillingdon,312162,2.2968843100697716,2.921559959251927,75,7,2021/22,5.218444269321699
Hillingdon,2022-02-01,693,829,2022,E09000017,Hillingdon,312162,2.2200011532473525,2.655672375241061,76,7,2021/22,4.875673528488413
Hillingdon,2022-03-01,776,964,2022,E09000017,Hillingdon,312162,2.4858887372582186,3.0881401323671684,77,7,2021/22,5.574028869625387
Hillingdon,2022-04-01,701,891,2022,E09000017,Hillingdon,312162,2.2456288721881585,2.8542871970323103,78,7,2021/22,5.099916069220469
Hillingdon,2022-05-01,802,921,2022,E09000017,Hillingdon,312162,2.569178823815839,2.950391143060334,79,7,2021/22,5.519569966876173
Hillingdon,2022-06-01,756,911,2022,E09000017,Hillingdon,312162,2.4218194399062027,2.918356494384326,80,7,2021/22,5.340175934290529
Hillingdon,2022-07-01,782,812,2022,E09000017,Hillingdon,312162,2.5051095264638232,2.601213472491847,81,7,2021/22,5.106322998955671
Hillingdon,2022-08-01,812,907,2022,E09000017,Hillingdon,312162,2.601213472491847,2.905542634913923,82,7,2021/22,5.50675610740577
Hillingdon,2022-09-01,809,951,2022,E09000017,Hillingdon,312162,2.5916030778890446,3.0464950890883578,83,7,2021/22,5.638098166977402
Hillingdon,2022-10-01,795,1077,2022,E09000017,Hillingdon,312162,2.5467545697426335,3.4501316624060583,84,7,2021/22,5.996886232148691
Hillingdon,2022-11-01,773,1056,2022,E09000017,Hillingdon,312162,2.4762783426554162,3.3828589001864415,85,8,2022/23,5.859137242841857
Hillingdon,2022-12-01,716,982,2022,E09000017,Hillingdon,312162,2.2936808452021706,3.145802499983983,86,8,2022/23,5.4394833451861535
Hillingdon,2023-01-01,785,1015,2023,E09000017,Hillingdon,321977,2.4380623460681976,3.15239908440665,87,8,2022/23,5.590461430474848
Hillingdon,2023-02-01,710,976,2023,E09000017,Hillingdon,321977,2.2051264531317454,3.031272420079695,88,8,2022/23,5.23639887321144
Hillingdon,2023-03-01,744,966,2023,E09000017,Hillingdon,321977,2.310724057929604,3.0002143010215017,89,8,2022/23,5.310938358951105
Hillingdon,2023-04-01,667,867,2023,E09000017,Hillingdon,321977,2.071576541181513,2.692738922345385,90,8,2022/23,4.764315463526898
Hillingdon,2023-05-01,785,783,2023,E09000017,Hillingdon,321977,2.4380623460681976,2.431850722256559,91,8,2022/23,4.869913068324756
Hillingdon,2023-06-01,822,823,2023,E09000017,Hillingdon,321977,2.552977386583514,2.556083198489333,92,8,2022/23,5.1090605850728465
Hillingdon,2023-07-01,777,815,2023,E09000017,Hillingdon,321977,2.4132158508216426,2.531236703242778,93,8,2022/23,4.944452554064421
Hillingdon,2023-08-01,699,878,2023,E09000017,Hillingdon,321977,2.1709625221677324,2.7269028533093977,94,8,2022/23,4.89786537547713
Hillingdon,2023-09-01,698,910,2023,E09000017,Hillingdon,321977,2.1678567102619133,2.8262888342956174,95,8,2022/23,4.994145544557531
Hillingdon,2023-10-01,678,908,2023,E09000017,Hillingdon,321977,2.1057404721455257,2.8200772104839786,96,8,2022/23,4.925817682629504
Hounslow,2015-11-01,623,881,2015,E09000018,Hounslow,275097,2.264655739611846,3.2025067521637824,1,1,2015/16,5.467162491775628
Hounslow,2015-12-01,590,881,2015,E09000018,Hounslow,275097,2.144698051959854,3.2025067521637824,2,1,2015/16,5.347204804123637
Hounslow,2016-01-01,591,808,2016,E09000018,Hounslow,278601,2.1213132759753197,2.900204952602467,3,1,2015/16,5.021518228577786
Hounslow,2016-02-01,511,867,2016,E09000018,Hounslow,278601,1.8341642707671544,3.1119773439434892,4,1,2015/16,4.946141614710644
Hounslow,2016-03-01,564,787,2016,E09000018,Hounslow,278601,2.024400486717564,2.824828338735324,5,1,2015/16,4.849228825452888
Hounslow,2016-04-01,549,829,2016,E09000018,Hounslow,278601,1.9705600482410328,2.975581566469611,6,1,2015/16,4.946141614710644
Hounslow,2016-05-01,593,978,2016,E09000018,Hounslow,278601,2.1284920011055237,3.5103965886698183,7,1,2015/16,5.638888589775342
Hounslow,2016-06-01,604,903,2016,E09000018,Hounslow,278601,2.1679749893216465,3.241194396287163,8,1,2015/16,5.409169385608809
Hounslow,2016-07-01,591,934,2016,E09000018,Hounslow,278601,2.1213132759753197,3.3524646358053274,9,1,2015/16,5.4737779117806475
Hounslow,2016-08-01,567,966,2016,E09000018,Hounslow,278601,2.03516857441287,3.4673242378885933,10,1,2015/16,5.502492812301464
Hounslow,2016-09-01,561,968,2016,E09000018,Hounslow,278601,2.0136323990222578,3.4745029630187974,11,1,2015/16,5.488135362041055
Hounslow,2016-10-01,679,1033,2016,E09000018,Hounslow,278601,2.437177181704301,3.7078115297504315,12,1,2015/16,6.144988711454733
Hounslow,2016-11-01,603,917,2016,E09000018,Hounslow,278601,2.1643856267565442,3.291445472198592,13,2,2016/17,5.455831098955136
Hounslow,2016-12-01,576,874,2016,E09000018,Hounslow,278601,2.0674728374987885,3.1371028818992035,14,2,2016/17,5.204575719397992
Hounslow,2017-01-01,552,838,2017,E09000018,Hounslow,281117,1.9635952290327514,2.9809652208866773,15,2,2016/17,4.944560449919429
Hounslow,2017-02-01,584,808,2017,E09000018,Hounslow,281117,2.077426836512911,2.8742480888740274,16,2,2016/17,4.951674925386938
Hounslow,2017-03-01,671,962,2017,E09000018,Hounslow,281117,2.3869065193495946,3.422062699872295,17,2,2016/17,5.80896921922189
Hounslow,2017-04-01,573,912,2017,E09000018,Hounslow,281117,2.038297221441606,3.244200813184546,18,2,2016/17,5.282498034626152
Hounslow,2017-05-01,656,1018,2017,E09000018,Hounslow,281117,2.33354795334327,3.6212680129625743,19,2,2016/17,5.954815966305844
Hounslow,2017-06-01,684,1006,2017,E09000018,Hounslow,281117,2.4331506098884095,3.5785811601575146,20,2,2016/17,6.011731770045924
Hounslow,2017-07-01,704,996,2017,E09000018,Hounslow,281117,2.504295364563509,3.543008782819965,21,2,2016/17,6.047304147383474
Hounslow,2017-08-01,602,996,2017,E09000018,Hounslow,281117,2.1414571157205007,3.543008782819965,22,2,2016/17,5.6844658985404655
Hounslow,2017-09-01,604,948,2017,E09000018,Hounslow,281117,2.1485715911880106,3.372261371599725,23,2,2016/17,5.520832962787736
Hounslow,2017-10-01,679,1087,2017,E09000018,Hounslow,281117,2.4153644212196346,3.8667174165916682,24,2,2016/17,6.282081837811303
Hounslow,2017-11-01,631,1031,2017,E09000018,Hounslow,281117,2.2446170099993954,3.667512103501389,25,3,2017/18,5.912129113500784
Hounslow,2017-12-01,601,904,2017,E09000018,Hounslow,281117,2.1378998779867455,3.215742911314506,26,3,2017/18,5.353642789301252
Hounslow,2018-01-01,691,950,2018,E09000018,Hounslow,285430,2.420908804260239,3.328311670111761,27,3,2017/18,5.749220474372001
Hounslow,2018-02-01,553,895,2018,E09000018,Hounslow,285430,1.937427740601899,3.135619941842133,28,3,2017/18,5.073047682444032
Hounslow,2018-03-01,676,947,2018,E09000018,Hounslow,285430,2.3683565147321586,3.3178012122061453,29,3,2017/18,5.686157726938304
Hounslow,2018-04-01,653,956,2018,E09000018,Hounslow,285430,2.2877763374557687,3.349332585922993,30,3,2017/18,5.6371089233787615
Hounslow,2018-05-01,770,945,2018,E09000018,Hounslow,285430,2.697684195774796,3.3107942402690678,31,3,2017/18,6.008478436043864
Hounslow,2018-06-01,734,827,2018,E09000018,Hounslow,285430,2.571558700907403,2.897382895981502,32,3,2017/18,5.468941596888905
Hounslow,2018-07-01,792,943,2018,E09000018,Hounslow,285430,2.7747608870826475,3.30378726833199,33,3,2017/18,6.078548155414637
Hounslow,2018-08-01,659,855,2018,E09000018,Hounslow,285430,2.3087972532670005,2.995480503100585,34,3,2017/18,5.304277756367585
Hounslow,2018-09-01,694,947,2018,E09000018,Hounslow,285430,2.4314192621658552,3.3178012122061453,35,3,2017/18,5.749220474372001
Hounslow,2018-10-01,782,1036,2018,E09000018,Hounslow,285430,2.73972602739726,3.629611463406089,36,3,2017/18,6.36933749080335
Hounslow,2018-11-01,659,1068,2018,E09000018,Hounslow,285430,2.3087972532670005,3.7417230143993274,37,4,2018/19,6.050520267666328
Hounslow,2018-12-01,701,956,2018,E09000018,Hounslow,285430,2.455943663945626,3.349332585922993,38,4,2018/19,5.805276249868619
Hounslow,2019-01-01,660,957,2019,E09000018,Hounslow,289652,2.2785963846270696,3.303964757709251,39,4,2018/19,5.582561142336321
Hounslow,2019-02-01,661,959,2019,E09000018,Hounslow,289652,2.2820488033916564,3.310869595238424,40,4,2018/19,5.592918398630081
Hounslow,2019-03-01,738,1041,2019,E09000018,Hounslow,289652,2.5478850482648143,3.5939679339345143,41,4,2018/19,6.141852982199328
Hounslow,2019-04-01,748,961,2019,E09000018,Hounslow,289652,2.582409235910679,3.317774432767597,42,4,2018/19,5.900183668678276
Hounslow,2019-05-01,721,947,2019,E09000018,Hounslow,289652,2.489193929266844,3.2694405700633866,43,4,2018/19,5.758634499330231
Hounslow,2019-06-01,773,946,2019,E09000018,Hounslow,289652,2.6687197050253406,3.2659881512988,44,4,2018/19,5.93470785632414
Hounslow,2019-07-01,833,1027,2019,E09000018,Hounslow,289652,2.875864830900529,3.545634071230304,45,4,2018/19,6.421498902130833
Hounslow,2019-08-01,650,919,2019,E09000018,Hounslow,289652,2.244072196981205,3.1727728446549652,46,4,2018/19,5.41684504163617
Hounslow,2019-09-01,718,911,2019,E09000018,Hounslow,289652,2.478836672973085,3.1451534945382735,47,4,2018/19,5.623990167511359
Hounslow,2019-10-01,734,996,2019,E09000018,Hounslow,289652,2.5340753732064685,3.4386090895281236,48,4,2018/19,5.972684462734592
Hounslow,2019-11-01,816,921,2019,E09000018,Hounslow,289652,2.817173711902559,3.1796776821841384,49,5,2019/20,5.996851394086697
Hounslow,2019-12-01,775,1087,2019,E09000018,Hounslow,289652,2.6756245425545138,3.7527791971054922,50,5,2019/20,6.4284037396600056
Hounslow,2020-01-01,734,1004,2020,E09000018,Hounslow,289773,2.5330172238269264,3.4647810527550877,51,5,2019/20,5.997798276582014
Hounslow,2020-02-01,710,835,2020,E09000018,Hounslow,289773,2.450193772366646,2.8815659153889426,52,5,2019/20,5.331759687755588
Hounslow,2020-03-01,604,709,2020,E09000018,Hounslow,289773,2.084390195083738,2.4467427952224674,53,5,2019/20,4.531132990306205
Hounslow,2020-04-01,643,632,2020,E09000018,Hounslow,289773,2.2189783037066944,2.1810175551207323,54,5,2019/20,4.399995858827427
Hounslow,2020-05-01,743,700,2020,E09000018,Hounslow,289773,2.564076018124532,2.4156840009248617,55,5,2019/20,4.979760019049394
Hounslow,2020-06-01,749,722,2020,E09000018,Hounslow,289773,2.584781880989602,2.491605498096786,56,5,2019/20,5.076387379086388
Hounslow,2020-07-01,835,828,2020,E09000018,Hounslow,289773,2.8815659153889426,2.8574090753796937,57,5,2019/20,5.738974990768636
Hounslow,2020-08-01,814,767,2020,E09000018,Hounslow,289773,2.8090953953611963,2.646899469584813,58,5,2019/20,5.4559948649460095
Hounslow,2020-09-01,802,898,2020,E09000018,Hounslow,289773,2.767683669631056,3.09897747547218,59,5,2019/20,5.866661145103236
Hounslow,2020-10-01,712,911,2020,E09000018,Hounslow,289773,2.457095726655002,3.143840178346499,60,5,2019/20,5.600935905001501
Hounslow,2020-11-01,702,796,2020,E09000018,Hounslow,289773,2.4225859552132185,2.746977806765986,61,6,2020/21,5.169563761979204
Hounslow,2020-12-01,625,635,2020,E09000018,Hounslow,289773,2.156860715111484,2.1913704865532675,62,6,2020/21,4.348231201664751
Hounslow,2021-01-01,619,578,2021,E09000018,Hounslow,288164,2.148082341999695,2.005802251495676,63,6,2020/21,4.153884593495371
Hounslow,2021-02-01,581,570,2021,E09000018,Hounslow,288164,2.0162129898252386,1.9780402826168433,64,6,2020/21,3.994253272442082
Hounslow,2021-03-01,769,763,2021,E09000018,Hounslow,288164,2.6686192584778112,2.6477977818186864,65,6,2020/21,5.316417040296498
Hounslow,2021-04-01,720,756,2021,E09000018,Hounslow,288164,2.4985771990949597,2.6235060590497077,66,6,2020/21,5.122083258144667
Hounslow,2021-05-01,819,776,2021,E09000018,Hounslow,288164,2.8421315639705167,2.69291098124679,67,6,2020/21,5.535042545217307
Hounslow,2021-06-01,868,818,2021,E09000018,Hounslow,288164,3.0121736233533682,2.838661317860663,68,6,2020/21,5.850834941214031
Hounslow,2021-07-01,831,758,2021,E09000018,Hounslow,288164,2.8837745172887663,2.630446551269416,69,6,2020/21,5.514221068558182
Hounslow,2021-08-01,757,787,2021,E09000018,Hounslow,288164,2.626976305159562,2.7310836884551852,70,6,2020/21,5.358059993614747
Hounslow,2021-09-01,743,776,2021,E09000018,Hounslow,288164,2.5783928596216046,2.69291098124679,71,6,2020/21,5.271303840868395
Hounslow,2021-10-01,734,821,2021,E09000018,Hounslow,288164,2.5471606446329176,2.849072056190225,72,6,2020/21,5.396232700823143
Hounslow,2021-11-01,806,896,2021,E09000018,Hounslow,288164,2.797018364542413,3.109340514429283,73,7,2021/22,5.906358878971696
Hounslow,2021-12-01,721,721,2021,E09000018,Hounslow,288164,2.502047445204814,2.502047445204814,74,7,2021/22,5.004094890409628
Hounslow,2022-01-01,728,754,2022,E09000018,Hounslow,289196,2.5173238910635,2.6072283157443397,75,7,2021/22,5.12455220680784
Hounslow,2022-02-01,692,739,2022,E09000018,Hounslow,289196,2.392840841505415,2.5553603784284706,76,7,2021/22,4.948201219933885
Hounslow,2022-03-01,824,810,2022,E09000018,Hounslow,289196,2.8492786898850606,2.8008686150569164,77,7,2021/22,5.650147304941977
Hounslow,2022-04-01,692,845,2022,E09000018,Hounslow,289196,2.392840841505415,2.921893802127277,78,7,2021/22,5.314734643632692
Hounslow,2022-05-01,912,850,2022,E09000018,Hounslow,289196,3.153570588804824,2.9391831145658998,79,7,2021/22,6.0927537033707235
Hounslow,2022-06-01,806,834,2022,E09000018,Hounslow,289196,2.787037165106018,2.8838573147623063,80,7,2021/22,5.670894479868324
Hounslow,2022-07-01,796,824,2022,E09000018,Hounslow,289196,2.7524585402287722,2.8492786898850606,81,7,2021/22,5.601737230113833
Hounslow,2022-08-01,706,925,2022,E09000018,Hounslow,289196,2.4412509163335594,3.198522801145244,82,7,2021/22,5.639773717478803
Hounslow,2022-09-01,738,838,2022,E09000018,Hounslow,289196,2.5519025159407462,2.897688764713205,83,7,2021/22,5.4495912806539515
Hounslow,2022-10-01,848,850,2022,E09000018,Hounslow,289196,2.932267389590451,2.9391831145658998,84,7,2021/22,5.871450504156351
Hounslow,2022-11-01,793,843,2022,E09000018,Hounslow,289196,2.7420849527655986,2.9149780771518277,85,8,2022/23,5.657063029917426
Hounslow,2022-12-01,685,835,2022,E09000018,Hounslow,289196,2.368635804091343,2.887315177250031,86,8,2022/23,5.255950981341375
Hounslow,2023-01-01,770,845,2023,E09000018,Hounslow,295221,2.60821554022241,2.862262508425891,87,8,2022/23,5.470478048648301
Hounslow,2023-02-01,726,867,2023,E09000018,Hounslow,295221,2.4591746522097004,2.9367829524322455,88,8,2022/23,5.395957604641946
Hounslow,2023-03-01,735,942,2023,E09000018,Hounslow,295221,2.489660288394118,3.190829920635727,89,8,2022/23,5.680490209029845
Hounslow,2023-04-01,739,890,2023,E09000018,Hounslow,295221,2.5032094600316372,3.01469068934798,90,8,2022/23,5.517900149379617
Hounslow,2023-05-01,925,995,2023,E09000018,Hounslow,295221,3.133245941176271,3.3703564448328542,91,8,2022/23,6.503602386009126
Hounslow,2023-06-01,917,940,2023,E09000018,Hounslow,295221,3.1061475979012334,3.184055334816968,92,8,2022/23,6.290202932718201
Hounslow,2023-07-01,927,1090,2023,E09000018,Hounslow,295221,3.140020526995031,3.6921492712239306,93,8,2022/23,6.8321697982189615
Hounslow,2023-08-01,853,1106,2023,E09000018,Hounslow,295221,2.8893608517009293,3.7463459577740066,94,8,2022/23,6.635706809474936
Hounslow,2023-09-01,943,1108,2023,E09000018,Hounslow,295221,3.194217213545107,3.753120543592766,95,8,2022/23,6.947337757137873
Hounslow,2023-10-01,798,993,2023,E09000018,Hounslow,295221,2.703059741685043,3.3635818590140945,96,8,2022/23,6.066641600699137
Islington,2015-11-01,676,1145,2015,E09000019,Islington,218255,3.0972944491535133,5.246157018166823,1,1,2015/16,8.343451467320335
Islington,2015-12-01,614,1247,2015,E09000019,Islington,218255,2.8132230647636938,5.7135002634533,2,1,2015/16,8.526723328216994
Islington,2016-01-01,619,1170,2016,E09000019,Islington,220620,2.8057293083129364,5.3032363339679085,3,1,2015/16,8.108965642280845
Islington,2016-02-01,560,1064,2016,E09000019,Islington,220620,2.5383011513008795,4.822772187471671,4,1,2015/16,7.361073338772551
Islington,2016-03-01,627,1016,2016,E09000019,Islington,220620,2.8419907533315203,4.605203517360167,5,1,2015/16,7.447194270691687
Islington,2016-04-01,613,964,2016,E09000019,Islington,220620,2.7785332245489984,4.369504124739371,6,1,2015/16,7.148037349288369
Islington,2016-05-01,647,1096,2016,E09000019,Islington,220620,2.93264436587798,4.967817967546007,7,1,2015/16,7.900462333423987
Islington,2016-06-01,722,1320,2016,E09000019,Islington,220620,3.2725954129272052,5.983138428066359,8,1,2015/16,9.255733840993564
Islington,2016-07-01,672,1343,2016,E09000019,Islington,220620,3.0459613815610553,6.087390082494787,9,1,2015/16,9.133351464055842
Islington,2016-08-01,592,1111,2016,E09000019,Islington,220620,2.6833469313752154,5.035808176955852,10,1,2015/16,7.719155108331067
Islington,2016-09-01,597,1102,2016,E09000019,Islington,220620,2.7060103345118303,4.995014051309945,11,1,2015/16,7.701024385821775
Islington,2016-10-01,634,1173,2016,E09000019,Islington,220620,2.8737195177227814,5.3168343758498775,12,1,2015/16,8.190553893572659
Islington,2016-11-01,575,1254,2016,E09000019,Islington,220620,2.6062913607107245,5.683981506663041,13,2,2016/17,8.290272867373766
Islington,2016-12-01,622,1291,2016,E09000019,Islington,220620,2.8193273501949054,5.851690689873991,14,2,2016/17,8.671018040068898
Islington,2017-01-01,617,1265,2017,E09000019,Islington,221535,2.785112961834473,5.710158665673595,15,2,2016/17,8.495271627508068
Islington,2017-02-01,569,1281,2017,E09000019,Islington,221535,2.5684429096982417,5.7823820163856725,16,2,2016/17,8.350824926083915
Islington,2017-03-01,708,1636,2017,E09000019,Islington,221535,3.1958832690094114,7.384837610309884,17,2,2016/17,10.580720879319294
Islington,2017-04-01,608,1308,2017,E09000019,Islington,221535,2.7444873270589296,5.904258920712302,18,2,2016/17,8.648746247771232
Islington,2017-05-01,741,1620,2017,E09000019,Islington,221535,3.3448439298530706,7.312614259597806,19,2,2016/17,10.657458189450876
Islington,2017-06-01,741,1720,2017,E09000019,Islington,221535,3.3448439298530706,7.764010201548288,20,2,2016/17,11.108854131401358
Islington,2017-07-01,787,1630,2017,E09000019,Islington,221535,3.552486063150292,7.357753853792854,21,2,2016/17,10.910239916943146
Islington,2017-08-01,729,1573,2017,E09000019,Islington,221535,3.290676416819013,7.100458166881079,22,2,2016/17,10.391134583700092
Islington,2017-09-01,763,1371,2017,E09000019,Islington,221535,3.4441510370821766,6.188638364141107,23,2,2016/17,9.632789401223283
Islington,2017-10-01,835,1384,2017,E09000019,Islington,221535,3.7691561152865236,6.247319836594669,24,2,2016/17,10.016475951881192
Islington,2017-11-01,734,1322,2017,E09000019,Islington,221535,3.313246213916537,5.96745435258537,25,3,2017/18,9.280700566501906
Islington,2017-12-01,700,1288,2017,E09000019,Islington,221535,3.1597715936533732,5.813979732322206,26,3,2017/18,8.973751325975579
Islington,2018-01-01,718,1275,2018,E09000019,Islington,221453,3.2422229547578945,5.757429341666177,27,3,2017/18,8.999652296424072
Islington,2018-02-01,601,953,2018,E09000019,Islington,221453,2.713894144581469,4.303396205966955,28,3,2017/18,7.017290350548423
Islington,2018-03-01,682,1001,2018,E09000019,Islington,221453,3.079660243934379,4.5201464870649755,29,3,2017/18,7.599806730999354
Islington,2018-04-01,713,1076,2018,E09000019,Islington,221453,3.2196448004768508,4.858818801280633,30,3,2017/18,8.078463601757484
Islington,2018-05-01,684,1117,2018,E09000019,Islington,221453,3.0886915056467963,5.043959666385192,31,3,2017/18,8.132651172031988
Islington,2018-06-01,809,1143,2018,E09000019,Islington,221453,3.653145362672892,5.16136606864662,32,3,2017/18,8.814511431319513
Islington,2018-07-01,820,1265,2018,E09000019,Islington,221453,3.7028173020911885,5.71227303310409,33,3,2017/18,9.415090335195279
Islington,2018-08-01,673,1081,2018,E09000019,Islington,221453,3.0390195662285,4.8813969555616765,34,3,2017/18,7.920416521790177
Islington,2018-09-01,702,1136,2018,E09000019,Islington,221453,3.1699728610585542,5.129756652653159,35,3,2017/18,8.299729513711712
Islington,2018-10-01,781,1252,2018,E09000019,Islington,221453,3.5267076986990467,5.653569831973376,36,3,2017/18,9.180277530672422
Islington,2018-11-01,626,1171,2018,E09000019,Islington,221453,2.826784915986688,5.287803732620466,37,4,2018/19,8.114588648607153
Islington,2018-12-01,689,1151,2018,E09000019,Islington,221453,3.1112696599278404,5.19749111549629,38,4,2018/19,8.30876077542413
Islington,2019-01-01,700,1209,2019,E09000019,Islington,221994,3.153238375811959,5.446093137652369,39,4,2018/19,8.599331513464328
Islington,2019-02-01,632,1088,2019,E09000019,Islington,221994,2.846923790733083,4.901033361262016,40,4,2018/19,7.747957151995099
Islington,2019-03-01,768,1177,2019,E09000019,Islington,221994,3.459552960890835,5.301945097615251,41,4,2018/19,8.761498058506085
Islington,2019-04-01,721,1292,2019,E09000019,Islington,221994,3.2478355270863175,5.819977116498644,42,4,2018/19,9.067812643584961
Islington,2019-05-01,705,1256,2019,E09000019,Islington,221994,3.1757615070677585,5.657810571456886,43,4,2018/19,8.833572078524645
Islington,2019-06-01,676,1148,2019,E09000019,Islington,221994,3.0451273457841204,5.171310936331612,44,4,2018/19,8.216438282115732
Islington,2019-07-01,775,1392,2019,E09000019,Islington,221994,3.4910853446489543,6.270439741614638,45,4,2018/19,9.761525086263592
Islington,2019-08-01,676,1218,2019,E09000019,Islington,221994,3.0451273457841204,5.486634773912808,46,4,2018/19,8.531762119696928
Islington,2019-09-01,652,1329,2019,E09000019,Islington,221994,2.937016315756282,5.986648287791562,47,4,2018/19,8.923664603547843
Islington,2019-10-01,730,1501,2019,E09000019,Islington,221994,3.288377163346757,6.761444002991071,48,4,2018/19,10.049821166337829
Islington,2019-11-01,784,1331,2019,E09000019,Islington,221994,3.531626980909394,5.995657540293882,49,5,2019/20,9.527284521203276
Islington,2019-12-01,666,1196,2019,E09000019,Islington,221994,3.000081083272521,5.387532996387289,50,5,2019/20,8.38761407965981
Islington,2020-01-01,742,1278,2020,E09000019,Islington,221018,3.3571926268448724,5.782334470495615,51,5,2019/20,9.139527097340487
Islington,2020-02-01,703,1278,2020,E09000019,Islington,221018,3.1807364106090907,5.782334470495615,52,5,2019/20,8.963070881104706
Islington,2020-03-01,485,797,2020,E09000019,Islington,221018,2.194391407034721,3.606041136920975,53,5,2019/20,5.800432543955695
Islington,2020-04-01,500,516,2020,E09000019,Islington,221018,2.262259182510022,2.3346514763503423,54,5,2019/20,4.596910658860365
Islington,2020-05-01,551,646,2020,E09000019,Islington,221018,2.493009619126044,2.9228388638029483,55,5,2019/20,5.415848482928992
Islington,2020-06-01,623,765,2020,E09000019,Islington,221018,2.818774941407487,3.4612565492403333,56,5,2019/20,6.28003149064782
Islington,2020-07-01,687,970,2020,E09000019,Islington,221018,3.10834411676877,4.388782814069442,57,5,2019/20,7.497126930838212
Islington,2020-08-01,760,1057,2020,E09000019,Islington,221018,3.438633957415233,4.782415911826186,58,5,2019/20,8.22104986924142
Islington,2020-09-01,722,1123,2020,E09000019,Islington,221018,3.2667022595444717,5.081034123917509,59,5,2019/20,8.347736383461982
Islington,2020-10-01,568,1123,2020,E09000019,Islington,221018,2.569926431331385,5.081034123917509,60,5,2019/20,7.6509605552488935
Islington,2020-11-01,563,956,2020,E09000019,Islington,221018,2.5473038395062844,4.325439556959162,61,6,2020/21,6.872743396465446
Islington,2020-12-01,589,823,2020,E09000019,Islington,221018,2.6649413169968055,3.723678614411496,62,6,2020/21,6.388619931408302
Islington,2021-01-01,451,683,2021,E09000019,Islington,217050,2.0778622437226444,3.1467403824003686,63,6,2020/21,5.224602626123013
Islington,2021-02-01,543,611,2021,E09000019,Islington,217050,2.5017277125086386,2.8150195807417644,64,6,2020/21,5.316747293250403
Islington,2021-03-01,669,724,2021,E09000019,Islington,217050,3.0822391154111957,3.335636950011518,65,6,2020/21,6.417876065422714
Islington,2021-04-01,676,795,2021,E09000019,Islington,217050,3.114489748905782,3.6627505183137528,66,6,2020/21,6.777240267219534
Islington,2021-05-01,759,891,2021,E09000019,Islington,217050,3.4968901174844507,4.105044920525224,67,6,2020/21,7.601935038009675
Islington,2021-06-01,693,886,2021,E09000019,Islington,217050,3.1928127159640636,4.082008753743377,68,6,2020/21,7.27482146970744
Islington,2021-07-01,754,978,2021,E09000019,Islington,217050,3.473853950702603,4.505874222529371,69,6,2020/21,7.979728173231974
Islington,2021-08-01,684,1009,2021,E09000019,Islington,217050,3.151347615756738,4.648698456576826,70,6,2020/21,7.800046072333563
Islington,2021-09-01,710,1077,2021,E09000019,Islington,217050,3.271135683022345,4.9619903248099515,71,6,2020/21,8.233126007832297
Islington,2021-10-01,761,1156,2021,E09000019,Islington,217050,3.5061045841971894,5.325961759963142,72,6,2020/21,8.832066344160332
Islington,2021-11-01,699,1169,2021,E09000019,Islington,217050,3.2204561161022807,5.385855793595946,73,7,2021/22,8.606311909698226
Islington,2021-12-01,692,968,2021,E09000019,Islington,217050,3.188205482607694,4.459801888965676,74,7,2021/22,7.64800737157337
Islington,2022-01-01,634,1066,2022,E09000019,Islington,219769,2.8848472714532076,4.850547620456024,75,7,2021/22,7.735394891909232
Islington,2022-02-01,706,974,2022,E09000019,Islington,219769,3.2124639962870103,4.431926249835054,76,7,2021/22,7.6443902461220645
Islington,2022-03-01,756,1104,2022,E09000019,Islington,219769,3.439975610754929,5.023456447451642,77,7,2021/22,8.463432058206571
Islington,2022-04-01,706,1055,2022,E09000019,Islington,219769,3.2124639962870103,4.800495065273082,78,7,2021/22,8.012959061560093
Islington,2022-05-01,733,1219,2022,E09000019,Islington,219769,3.3353202680996863,5.546733160727855,79,7,2021/22,8.882053428827541
Islington,2022-06-01,675,1046,2022,E09000019,Islington,219769,3.071406795316901,4.7595429746688565,80,7,2021/22,7.830949769985757
Islington,2022-07-01,726,1086,2022,E09000019,Islington,219769,3.303468642074178,4.941552266243192,81,7,2021/22,8.24502090831737
Islington,2022-08-01,748,1075,2022,E09000019,Islington,219769,3.403573752440062,4.891499711060249,82,7,2021/22,8.295073463500312
Islington,2022-09-01,692,1078,2022,E09000019,Islington,219769,3.148760744235993,4.905150407928325,83,7,2021/22,8.053911152164318
Islington,2022-10-01,804,1209,2022,E09000019,Islington,219769,3.658386760644131,5.501230837834272,84,7,2021/22,9.159617598478402
Islington,2022-11-01,747,1139,2022,E09000019,Islington,219769,3.3990235201507035,5.182714577579185,85,8,2022/23,8.58173809772989
Islington,2022-12-01,724,972,2022,E09000019,Islington,219769,3.294368177495461,4.422825785256338,86,8,2022/23,7.717193962751798
Islington,2023-01-01,771,1074,2023,E09000019,Islington,222333,3.4677713159989745,4.830591949912969,87,8,2022/23,8.298363265911943
Islington,2023-02-01,687,989,2023,E09000019,Islington,222333,3.089959655111927,4.448282531158218,88,8,2022/23,7.5382421862701445
Islington,2023-03-01,751,1147,2023,E09000019,Islington,222333,3.3778161586449156,5.158928274255284,89,8,2022/23,8.5367444329002
Islington,2023-04-01,749,1160,2023,E09000019,Islington,222333,3.3688206429095096,5.2173991265354225,90,8,2022/23,8.586219769444932
Islington,2023-05-01,757,1265,2023,E09000019,Islington,222333,3.404802705851133,5.689663702644232,91,8,2022/23,9.094466408495364
Islington,2023-06-01,828,1170,2023,E09000019,Islington,222333,3.7241435144580426,5.262376705212452,92,8,2022/23,8.986520219670494
Islington,2023-07-01,833,1192,2023,E09000019,Islington,222333,3.746632303796557,5.361327378301916,93,8,2022/23,9.107959682098473
Islington,2023-08-01,792,1146,2023,E09000019,Islington,222333,3.5622242312207364,5.154430516387581,94,8,2022/23,8.716654747608317
Islington,2023-09-01,729,1145,2023,E09000019,Islington,222333,3.2788654855554507,5.149932758519878,95,8,2022/23,8.428798244075328
Islington,2023-10-01,728,1195,2023,E09000019,Islington,222333,3.2743677276877476,5.374820651905026,96,8,2022/23,8.649188379592774
Kensington and Chelsea,2015-11-01,338,987,2015,E09000020,Kensington and Chelsea,156149,2.1645991969208898,6.320885820594432,1,1,2015/16,8.485485017515321
Kensington and Chelsea,2015-12-01,310,1019,2015,E09000020,Kensington and Chelsea,156149,1.9852832871167923,6.525818288941972,2,1,2015/16,8.511101576058763
Kensington and Chelsea,2016-01-01,301,895,2016,E09000020,Kensington and Chelsea,152708,1.971082065117741,5.860858632160725,3,1,2015/16,7.8319406972784655
Kensington and Chelsea,2016-02-01,309,781,2016,E09000020,Kensington and Chelsea,152708,2.0234696283102394,5.114335856667627,4,1,2015/16,7.137805484977866
Kensington and Chelsea,2016-03-01,346,828,2016,E09000020,Kensington and Chelsea,152708,2.265762108075543,5.4221127904235535,5,1,2015/16,7.687874898499096
Kensington and Chelsea,2016-04-01,301,801,2016,E09000020,Kensington and Chelsea,152708,1.971082065117741,5.245304764648872,6,1,2015/16,7.216386829766613
Kensington and Chelsea,2016-05-01,345,923,2016,E09000020,Kensington and Chelsea,152708,2.2592136626764807,6.044215103334468,7,1,2015/16,8.30342876601095
Kensington and Chelsea,2016-06-01,363,890,2016,E09000020,Kensington and Chelsea,152708,2.377085679859601,5.828116405165414,8,1,2015/16,8.205202085025014
Kensington and Chelsea,2016-07-01,342,924,2016,E09000020,Kensington and Chelsea,152708,2.2395683264792936,6.0507635487335305,9,1,2015/16,8.290331875212825
Kensington and Chelsea,2016-08-01,565,1178,2016,E09000020,Kensington and Chelsea,152708,3.6998716504701785,7.7140686800953455,10,1,2015/16,11.413940330565524
Kensington and Chelsea,2016-09-01,377,962,2016,E09000020,Kensington and Chelsea,152708,2.468763915446473,6.2996044738978965,11,1,2015/16,8.768368389344369
Kensington and Chelsea,2016-10-01,318,910,2016,E09000020,Kensington and Chelsea,152708,2.0824056369017994,5.959085313146659,12,1,2015/16,8.041490950048459
Kensington and Chelsea,2016-11-01,346,862,2016,E09000020,Kensington and Chelsea,152708,2.265762108075543,5.64475993399167,13,2,2016/17,7.910522042067213
Kensington and Chelsea,2016-12-01,338,921,2016,E09000020,Kensington and Chelsea,152708,2.213374544883045,6.031118212536344,14,2,2016/17,8.244492757419389
Kensington and Chelsea,2017-01-01,319,818,2017,E09000020,Kensington and Chelsea,149651,2.1316262504092856,5.466051012021303,15,2,2016/17,7.597677262430588
Kensington and Chelsea,2017-02-01,281,734,2017,E09000020,Kensington and Chelsea,149651,1.8777021202664868,4.904745040126695,16,2,2016/17,6.782447160393182
Kensington and Chelsea,2017-03-01,389,959,2017,E09000020,Kensington and Chelsea,149651,2.599381226988126,6.4082431791301095,17,2,2016/17,9.007624406118236
Kensington and Chelsea,2017-04-01,382,923,2017,E09000020,Kensington and Chelsea,149651,2.5526057293302418,6.167683476889563,18,2,2016/17,8.720289206219805
Kensington and Chelsea,2017-05-01,393,998,2017,E09000020,Kensington and Chelsea,149651,2.6261100827926307,6.668849523224035,19,2,2016/17,9.294959606016665
Kensington and Chelsea,2017-06-01,421,879,2017,E09000020,Kensington and Chelsea,149651,2.813212073424167,5.873666063040006,20,2,2016/17,8.686878136464173
Kensington and Chelsea,2017-07-01,426,1016,2017,E09000020,Kensington and Chelsea,149651,2.8466231431797984,6.7891293743443075,21,2,2016/17,9.635752517524105
Kensington and Chelsea,2017-08-01,556,1097,2017,E09000020,Kensington and Chelsea,149651,3.7153109568262157,7.330388704385537,22,2,2016/17,11.045699661211753
Kensington and Chelsea,2017-09-01,419,920,2017,E09000020,Kensington and Chelsea,149651,2.7998476455219143,6.1476368350361845,23,2,2016/17,8.9474844805581
Kensington and Chelsea,2017-10-01,452,868,2017,E09000020,Kensington and Chelsea,149651,3.020360705909082,5.800161709577617,24,2,2016/17,8.8205224154867
Kensington and Chelsea,2017-11-01,357,1034,2017,E09000020,Kensington and Chelsea,149651,2.3855503805520843,6.909409225464581,25,3,2017/18,9.294959606016665
Kensington and Chelsea,2017-12-01,391,957,2017,E09000020,Kensington and Chelsea,149651,2.6127456548903782,6.394878751227857,26,3,2017/18,9.007624406118236
Kensington and Chelsea,2018-01-01,380,851,2018,E09000020,Kensington and Chelsea,148471,2.5594223787810413,5.731759064059648,27,3,2017/18,8.291181442840688
Kensington and Chelsea,2018-02-01,348,934,2018,E09000020,Kensington and Chelsea,148471,2.34389207319948,6.290790794161823,28,3,2017/18,8.634682867361303
Kensington and Chelsea,2018-03-01,403,834,2018,E09000020,Kensington and Chelsea,148471,2.7143347859177887,5.6172585892194435,29,3,2017/18,8.331593375137231
Kensington and Chelsea,2018-04-01,354,804,2018,E09000020,Kensington and Chelsea,148471,2.384304005496023,5.415198927736729,30,3,2017/18,7.799502933232752
Kensington and Chelsea,2018-05-01,446,854,2018,E09000020,Kensington and Chelsea,148471,3.003953634043012,5.751965030207919,31,3,2017/18,8.755918664250931
Kensington and Chelsea,2018-06-01,483,938,2018,E09000020,Kensington and Chelsea,148471,3.253160549871692,6.317732082359518,32,3,2017/18,9.57089263223121
Kensington and Chelsea,2018-07-01,513,945,2018,E09000020,Kensington and Chelsea,148471,3.4552202113544057,6.364879336705485,33,3,2017/18,9.82009954805989
Kensington and Chelsea,2018-08-01,568,997,2018,E09000020,Kensington and Chelsea,148471,3.8256629240727147,6.715116083275522,34,3,2017/18,10.540779007348236
Kensington and Chelsea,2018-09-01,441,863,2018,E09000020,Kensington and Chelsea,148471,2.9702770237958926,5.812582928652733,35,3,2017/18,8.782859952448625
Kensington and Chelsea,2018-10-01,403,949,2018,E09000020,Kensington and Chelsea,148471,2.7143347859177887,6.39182062490318,36,3,2017/18,9.106155410820968
Kensington and Chelsea,2018-11-01,424,1007,2018,E09000020,Kensington and Chelsea,148471,2.855776548955688,6.782469303769759,37,4,2018/19,9.638245852725447
Kensington and Chelsea,2018-12-01,416,1000,2018,E09000020,Kensington and Chelsea,148471,2.801893972560298,6.735322049423793,38,4,2018/19,9.53721602198409
Kensington and Chelsea,2019-01-01,385,1018,2019,E09000020,Kensington and Chelsea,146805,2.622526480705698,6.93436872041143,39,4,2018/19,9.556895201117129
Kensington and Chelsea,2019-02-01,383,995,2019,E09000020,Kensington and Chelsea,146805,2.6089029665202137,6.777698307278363,40,4,2018/19,9.386601273798576
Kensington and Chelsea,2019-03-01,405,1133,2019,E09000020,Kensington and Chelsea,146805,2.7587616225605394,7.717720786076769,41,4,2018/19,10.476482408637308
Kensington and Chelsea,2019-04-01,400,1006,2019,E09000020,Kensington and Chelsea,146805,2.724702837096829,6.852627635298525,42,4,2018/19,9.577330472395353
Kensington and Chelsea,2019-05-01,409,1080,2019,E09000020,Kensington and Chelsea,146805,2.7860086509315076,7.356697660161439,43,4,2018/19,10.142706311092947
Kensington and Chelsea,2019-06-01,469,1167,2019,E09000020,Kensington and Chelsea,146805,3.194714076496032,7.949320527229999,44,4,2018/19,11.14403460372603
Kensington and Chelsea,2019-07-01,502,1232,2019,E09000020,Kensington and Chelsea,146805,3.4195020605565207,8.392084738258234,45,4,2018/19,11.811586798814755
Kensington and Chelsea,2019-08-01,588,1298,2019,E09000020,Kensington and Chelsea,146805,4.005313170532339,8.84166070637921,46,4,2018/19,12.846973876911548
Kensington and Chelsea,2019-09-01,448,1122,2019,E09000020,Kensington and Chelsea,146805,3.0516671775484485,7.642791458056606,47,4,2018/19,10.694458635605054
Kensington and Chelsea,2019-10-01,557,1225,2019,E09000020,Kensington and Chelsea,146805,3.7941487006573347,8.34440243860904,48,4,2018/19,12.138551139266374
Kensington and Chelsea,2019-11-01,524,1283,2019,E09000020,Kensington and Chelsea,146805,3.569360716596846,8.739484349988079,49,5,2019/20,12.308845066584924
Kensington and Chelsea,2019-12-01,471,1317,2019,E09000020,Kensington and Chelsea,146805,3.2083375906815164,8.97108409114131,50,5,2019/20,12.179421681822827
Kensington and Chelsea,2020-01-01,435,1113,2020,E09000020,Kensington and Chelsea,144874,3.002609163825117,7.682537929511161,51,5,2019/20,10.685147093336278
Kensington and Chelsea,2020-02-01,457,934,2020,E09000020,Kensington and Chelsea,144874,3.154465259466847,6.446981514971631,52,5,2019/20,9.601446774438479
Kensington and Chelsea,2020-03-01,299,653,2020,E09000020,Kensington and Chelsea,144874,2.063862390767149,4.507365020638624,53,5,2019/20,6.571227411405774
Kensington and Chelsea,2020-04-01,297,285,2020,E09000020,Kensington and Chelsea,144874,2.050057291163356,1.967226693540594,54,5,2019/20,4.017283984703949
Kensington and Chelsea,2020-05-01,354,350,2020,E09000020,Kensington and Chelsea,144874,2.4435026298714746,2.415892430663887,55,5,2019/20,4.859395060535362
Kensington and Chelsea,2020-06-01,409,527,2020,E09000020,Kensington and Chelsea,144874,2.8231428689757996,3.6376437455996244,56,5,2019/20,6.460786614575424
Kensington and Chelsea,2020-07-01,441,764,2020,E09000020,Kensington and Chelsea,144874,3.044024462636498,5.273548048649171,57,5,2019/20,8.317572511285668
Kensington and Chelsea,2020-08-01,414,768,2020,E09000020,Kensington and Chelsea,144874,2.8576556179852837,5.301158247856758,58,5,2019/20,8.158813865842042
Kensington and Chelsea,2020-09-01,430,936,2020,E09000020,Kensington and Chelsea,144874,2.968096414815633,6.460786614575424,59,5,2019/20,9.428883029391057
Kensington and Chelsea,2020-10-01,432,963,2020,E09000020,Kensington and Chelsea,144874,2.9819015144194267,6.647155459226639,60,5,2019/20,9.629056973646065
Kensington and Chelsea,2020-11-01,384,559,2020,E09000020,Kensington and Chelsea,144874,2.650579123928379,3.8585253392603227,61,6,2020/21,6.509104463188702
Kensington and Chelsea,2020-12-01,409,750,2020,E09000020,Kensington and Chelsea,144874,2.8231428689757996,5.176912351422615,62,6,2020/21,8.000055220398416
Kensington and Chelsea,2021-01-01,332,414,2021,E09000020,Kensington and Chelsea,144266,2.3013045346789958,2.869699028184049,63,6,2020/21,5.171003562863045
Kensington and Chelsea,2021-02-01,339,447,2021,E09000020,Kensington and Chelsea,144266,2.3498260158318662,3.098443153619009,64,6,2020/21,5.448269169450875
Kensington and Chelsea,2021-03-01,390,553,2021,E09000020,Kensington and Chelsea,144266,2.7033396642313505,3.833197011076761,65,6,2020/21,6.5365366753081116
Kensington and Chelsea,2021-04-01,362,637,2021,E09000020,Kensington and Chelsea,144266,2.5092537396198686,4.415454784911206,66,6,2020/21,6.924708524531074
Kensington and Chelsea,2021-05-01,482,702,2021,E09000020,Kensington and Chelsea,144266,3.3410505593833615,4.866011395616431,67,6,2020/21,8.207061954999793
Kensington and Chelsea,2021-06-01,454,753,2021,E09000020,Kensington and Chelsea,144266,3.1469646347718796,5.219525044015915,68,6,2020/21,8.366489678787795
Kensington and Chelsea,2021-07-01,441,834,2021,E09000020,Kensington and Chelsea,144266,3.056853312630835,5.7809878973562725,69,6,2020/21,8.837841209987108
Kensington and Chelsea,2021-08-01,489,788,2021,E09000020,Kensington and Chelsea,144266,3.3895720405362315,5.462132449780267,70,6,2020/21,8.851704490316498
Kensington and Chelsea,2021-09-01,473,923,2021,E09000020,Kensington and Chelsea,144266,3.2786657979010996,6.397903872014196,71,6,2020/21,9.676569669915295
Kensington and Chelsea,2021-10-01,501,960,2021,E09000020,Kensington and Chelsea,144266,3.472751722512581,6.654374558107939,72,6,2020/21,10.12712628062052
Kensington and Chelsea,2021-11-01,448,950,2021,E09000020,Kensington and Chelsea,144266,3.1053747937837053,6.585058156460982,73,7,2021/22,9.690432950244688
Kensington and Chelsea,2021-12-01,423,922,2021,E09000020,Kensington and Chelsea,144266,2.932083789666311,6.3909722318495,74,7,2021/22,9.32305602151581
Kensington and Chelsea,2022-01-01,428,929,2022,E09000020,Kensington and Chelsea,146336,2.92477585829871,6.3484036737371525,75,7,2021/22,9.273179532035861
Kensington and Chelsea,2022-02-01,383,847,2022,E09000020,Kensington and Chelsea,146336,2.6172643778701072,5.788049420511699,76,7,2021/22,8.405313798381806
Kensington and Chelsea,2022-03-01,406,996,2022,E09000020,Kensington and Chelsea,146336,2.7744369123113928,6.8062541001530725,77,7,2021/22,9.580691012464465
Kensington and Chelsea,2022-04-01,412,985,2022,E09000020,Kensington and Chelsea,146336,2.8154384430352066,6.731084627159414,78,7,2021/22,9.54652307019462
Kensington and Chelsea,2022-05-01,476,921,2022,E09000020,Kensington and Chelsea,146336,3.2527881040892193,6.293734966105402,79,7,2021/22,9.54652307019462
Kensington and Chelsea,2022-06-01,466,953,2022,E09000020,Kensington and Chelsea,146336,3.18445221954953,6.512409796632408,80,7,2021/22,9.696862016181939
Kensington and Chelsea,2022-07-01,506,986,2022,E09000020,Kensington and Chelsea,146336,3.4577957577082876,6.737918215613383,81,7,2021/22,10.19571397332167
Kensington and Chelsea,2022-08-01,656,1040,2022,E09000020,Kensington and Chelsea,146336,4.48283402580363,7.1069319921277065,82,7,2021/22,11.589766017931336
Kensington and Chelsea,2022-09-01,436,813,2022,E09000020,Kensington and Chelsea,146336,2.9794445659304616,5.555707413076755,83,7,2021/22,8.535151979007217
Kensington and Chelsea,2022-10-01,453,1063,2022,E09000020,Kensington and Chelsea,146336,3.0956155696479337,7.264104526568992,84,7,2021/22,10.359720096216925
Kensington and Chelsea,2022-11-01,465,1020,2022,E09000020,Kensington and Chelsea,146336,3.177618631095561,6.970260223048327,85,8,2022/23,10.147878854143888
Kensington and Chelsea,2022-12-01,390,1017,2022,E09000020,Kensington and Chelsea,146336,2.6650994970478896,6.949759457686421,86,8,2022/23,9.61485895473431
Kensington and Chelsea,2023-01-01,369,977,2023,E09000020,Kensington and Chelsea,146499,2.5187885241537487,6.668987501621172,87,8,2022/23,9.18777602577492
Kensington and Chelsea,2023-02-01,400,861,2023,E09000020,Kensington and Chelsea,146499,2.7303940641233044,5.877173223025413,88,8,2022/23,8.607567287148719
Kensington and Chelsea,2023-03-01,436,1019,2023,E09000020,Kensington and Chelsea,146499,2.976129529894402,6.955678878354118,89,8,2022/23,9.93180840824852
Kensington and Chelsea,2023-04-01,416,1029,2023,E09000020,Kensington and Chelsea,146499,2.839609826688237,7.023938729957201,90,8,2022/23,9.863548556645437
Kensington and Chelsea,2023-05-01,501,1118,2023,E09000020,Kensington and Chelsea,146499,3.419818565314439,7.631451409224637,91,8,2022/23,11.051269974539075
Kensington and Chelsea,2023-06-01,505,1144,2023,E09000020,Kensington and Chelsea,146499,3.4471225059556723,7.808927023392651,92,8,2022/23,11.256049529348324
Kensington and Chelsea,2023-07-01,470,1154,2023,E09000020,Kensington and Chelsea,146499,3.208213025344883,7.877186874995734,93,8,2022/23,11.085399900340617
Kensington and Chelsea,2023-08-01,690,1219,2023,E09000020,Kensington and Chelsea,146499,4.709929760612701,8.32087591041577,94,8,2022/23,13.030805671028471
Kensington and Chelsea,2023-09-01,486,1015,2023,E09000020,Kensington and Chelsea,146499,3.317428787909815,6.928374937712886,95,8,2022/23,10.2458037256227
Kensington and Chelsea,2023-10-01,470,1223,2023,E09000020,Kensington and Chelsea,146499,3.208213025344883,8.348179851057004,96,8,2022/23,11.556392876401887
Kingston upon Thames,2015-11-01,258,386,2015,E09000021,Kingston upon Thames,167594,1.539434585963698,2.3031850782247574,1,1,2015/16,3.8426196641884554
Kingston upon Thames,2015-12-01,242,424,2015,E09000021,Kingston upon Thames,167594,1.4439657744310654,2.5299235056147595,2,1,2015/16,3.973889280045825
Kingston upon Thames,2016-01-01,250,369,2016,E09000021,Kingston upon Thames,168617,1.4826500293564706,2.1883914433301506,3,1,2015/16,3.671041472686621
Kingston upon Thames,2016-02-01,234,391,2016,E09000021,Kingston upon Thames,168617,1.3877604274776565,2.31886464591352,4,1,2015/16,3.7066250733911765
Kingston upon Thames,2016-03-01,213,396,2016,E09000021,Kingston upon Thames,168617,1.263217825011713,2.348517646500649,5,1,2015/16,3.611735471512362
Kingston upon Thames,2016-04-01,250,415,2016,E09000021,Kingston upon Thames,168617,1.4826500293564706,2.461199048731741,6,1,2015/16,3.9438490780882116
Kingston upon Thames,2016-05-01,246,436,2016,E09000021,Kingston upon Thames,168617,1.458927628886767,2.5857416511976847,7,1,2015/16,4.0446692800844515
Kingston upon Thames,2016-06-01,250,377,2016,E09000021,Kingston upon Thames,168617,1.4826500293564706,2.235836244269558,8,1,2015/16,3.7184862736260285
Kingston upon Thames,2016-07-01,257,393,2016,E09000021,Kingston upon Thames,168617,1.5241642301784517,2.330725846148372,9,1,2015/16,3.8548900763268237
Kingston upon Thames,2016-08-01,259,382,2016,E09000021,Kingston upon Thames,168617,1.5360254304133034,2.265489244856687,10,1,2015/16,3.80151467526999
Kingston upon Thames,2016-09-01,261,460,2016,E09000021,Kingston upon Thames,168617,1.5478866306481553,2.7280760540159057,11,1,2015/16,4.275962684664061
Kingston upon Thames,2016-10-01,240,429,2016,E09000021,Kingston upon Thames,168617,1.4233440281822118,2.5442274503757036,12,1,2015/16,3.9675714785579155
Kingston upon Thames,2016-11-01,228,403,2016,E09000021,Kingston upon Thames,168617,1.3521768267731011,2.3900318473226307,13,2,2016/17,3.742208674095732
Kingston upon Thames,2016-12-01,271,396,2016,E09000021,Kingston upon Thames,168617,1.6071926318224141,2.348517646500649,14,2,2016/17,3.955710278323063
Kingston upon Thames,2017-01-01,270,369,2017,E09000021,Kingston upon Thames,168781,1.599706128059438,2.186265041681232,15,2,2016/17,3.78597116974067
Kingston upon Thames,2017-02-01,218,401,2017,E09000021,Kingston upon Thames,168781,1.2916145774702128,2.375859842043832,16,2,2016/17,3.667474419514045
Kingston upon Thames,2017-03-01,295,443,2017,E09000021,Kingston upon Thames,168781,1.7478270658427193,2.6247030175197446,17,2,2016/17,4.372530083362464
Kingston upon Thames,2017-04-01,268,448,2017,E09000021,Kingston upon Thames,168781,1.5878564530367754,2.6543272050764006,18,2,2016/17,4.242183658113176
Kingston upon Thames,2017-05-01,302,450,2017,E09000021,Kingston upon Thames,168781,1.789300928422038,2.666176880099063,19,2,2016/17,4.455477808521101
Kingston upon Thames,2017-06-01,268,411,2017,E09000021,Kingston upon Thames,168781,1.5878564530367754,2.4351082171571443,20,2,2016/17,4.02296467019392
Kingston upon Thames,2017-07-01,300,490,2017,E09000021,Kingston upon Thames,168781,1.7774512533993756,2.9031703805523135,21,2,2016/17,4.680621633951689
Kingston upon Thames,2017-08-01,272,490,2017,E09000021,Kingston upon Thames,168781,1.6115558030821004,2.9031703805523135,22,2,2016/17,4.514726183634414
Kingston upon Thames,2017-09-01,255,473,2017,E09000021,Kingston upon Thames,168781,1.5108335653894691,2.802448142859682,23,2,2016/17,4.313281708249151
Kingston upon Thames,2017-10-01,326,457,2017,E09000021,Kingston upon Thames,168781,1.931497028693988,2.707650742678382,24,2,2016/17,4.63914777137237
Kingston upon Thames,2017-11-01,302,497,2017,E09000021,Kingston upon Thames,168781,1.789300928422038,2.944644243131632,25,3,2017/18,4.73394517155367
Kingston upon Thames,2017-12-01,272,408,2017,E09000021,Kingston upon Thames,168781,1.6115558030821004,2.4173337046231507,26,3,2017/18,4.028889507705252
Kingston upon Thames,2018-01-01,261,528,2018,E09000021,Kingston upon Thames,168729,1.546859164696051,3.1292783101897124,27,3,2017/18,4.676137474885763
Kingston upon Thames,2018-02-01,265,458,2018,E09000021,Kingston upon Thames,168729,1.5705658185611246,2.714411867550925,28,3,2017/18,4.284977686112049
Kingston upon Thames,2018-03-01,310,452,2018,E09000021,Kingston upon Thames,168729,1.8372656745432023,2.6788518867533146,29,3,2017/18,4.516117561296517
Kingston upon Thames,2018-04-01,298,467,2018,E09000021,Kingston upon Thames,168729,1.7661457129479816,2.7677518387473405,30,3,2017/18,4.533897551695322
Kingston upon Thames,2018-05-01,300,511,2018,E09000021,Kingston upon Thames,168729,1.7779990398805186,3.02852503126315,31,3,2017/18,4.806524071143668
Kingston upon Thames,2018-06-01,287,460,2018,E09000021,Kingston upon Thames,168729,1.7009524148190294,2.7262651944834615,32,3,2017/18,4.427217609302491
Kingston upon Thames,2018-07-01,321,526,2018,E09000021,Kingston upon Thames,168729,1.9024589726721548,3.117424983257176,33,3,2017/18,5.0198839559293305
Kingston upon Thames,2018-08-01,324,544,2018,E09000021,Kingston upon Thames,168729,1.92023896307096,3.224104925650007,34,3,2017/18,5.144343888720967
Kingston upon Thames,2018-09-01,319,441,2018,E09000021,Kingston upon Thames,168729,1.8906056457396179,2.613658588624362,35,3,2017/18,4.50426423436398
Kingston upon Thames,2018-10-01,338,556,2018,E09000021,Kingston upon Thames,168729,2.0032122515987174,3.2952248872452277,36,3,2017/18,5.298437138843945
Kingston upon Thames,2018-11-01,331,500,2018,E09000021,Kingston upon Thames,168729,1.9617256073348388,2.9633317331341975,37,4,2018/19,4.925057340469037
Kingston upon Thames,2018-12-01,349,440,2018,E09000021,Kingston upon Thames,168729,2.06840554972767,2.607731925158094,38,4,2018/19,4.676137474885763
Kingston upon Thames,2019-01-01,324,490,2019,E09000021,Kingston upon Thames,169797,1.9081609215710524,2.8857989245981965,39,4,2018/19,4.793959846169249
Kingston upon Thames,2019-02-01,274,476,2019,E09000021,Kingston upon Thames,169797,1.6136916435508284,2.803347526752534,40,4,2018/19,4.4170391703033625
Kingston upon Thames,2019-03-01,392,444,2019,E09000021,Kingston upon Thames,169797,2.3086391396785575,2.6148871888195906,41,4,2018/19,4.9235263284981485
Kingston upon Thames,2019-04-01,313,514,2019,E09000021,Kingston upon Thames,169797,1.843377680406603,3.0271441780479043,42,4,2018/19,4.870521858454508
Kingston upon Thames,2019-05-01,335,507,2019,E09000021,Kingston upon Thames,169797,1.9729441627355018,2.985918479125073,43,4,2018/19,4.958862641860574
Kingston upon Thames,2019-06-01,291,519,2019,E09000021,Kingston upon Thames,169797,1.7138111980777047,3.0565911058499267,44,4,2018/19,4.770402303927631
Kingston upon Thames,2019-07-01,315,563,2019,E09000021,Kingston upon Thames,169797,1.8551564515274122,3.315724070507724,45,4,2018/19,5.170880522035136
Kingston upon Thames,2019-08-01,329,446,2019,E09000021,Kingston upon Thames,169797,1.9376078493730748,2.626665959940399,46,4,2018/19,4.564273809313474
Kingston upon Thames,2019-09-01,363,419,2019,E09000021,Kingston upon Thames,169797,2.1378469584268274,2.4676525498094786,47,4,2018/19,4.605499508236306
Kingston upon Thames,2019-10-01,330,437,2019,E09000021,Kingston upon Thames,169797,1.9434972349334794,2.573661489896759,48,4,2018/19,4.517158724830239
Kingston upon Thames,2019-11-01,333,490,2019,E09000021,Kingston upon Thames,169797,1.961165391614693,2.8857989245981965,49,5,2019/20,4.8469643162128895
Kingston upon Thames,2019-12-01,321,469,2019,E09000021,Kingston upon Thames,169797,1.890492764889839,2.7621218278297026,50,5,2019/20,4.652614592719542
Kingston upon Thames,2020-01-01,315,402,2020,E09000021,Kingston upon Thames,169770,1.855451493196678,2.3679095246509982,51,5,2019/20,4.223361017847676
Kingston upon Thames,2020-02-01,338,390,2020,E09000021,Kingston upon Thames,169770,1.9909289038110385,2.297225658243506,52,5,2019/20,4.288154562054545
Kingston upon Thames,2020-03-01,265,304,2020,E09000021,Kingston upon Thames,169770,1.560935383165459,1.7906579489898098,53,5,2019/20,3.351593332155269
Kingston upon Thames,2020-04-01,254,217,2020,E09000021,Kingston upon Thames,169770,1.496141838958591,1.2781999175354892,54,5,2019/20,2.7743417564940804
Kingston upon Thames,2020-05-01,276,241,2020,E09000021,Kingston upon Thames,169770,1.6257289273723272,1.4195676503504742,55,5,2019/20,3.0452965777228016
Kingston upon Thames,2020-06-01,324,322,2020,E09000021,Kingston upon Thames,169770,1.9084643930022973,1.8966837486010484,56,5,2019/20,3.805148141603346
Kingston upon Thames,2020-07-01,371,401,2020,E09000021,Kingston upon Thames,169770,2.185309536431643,2.362019202450374,57,5,2019/20,4.547328738882017
Kingston upon Thames,2020-08-01,321,398,2020,E09000021,Kingston upon Thames,169770,1.890793426400424,2.344348235848501,58,5,2019/20,4.235141662248925
Kingston upon Thames,2020-09-01,325,395,2020,E09000021,Kingston upon Thames,169770,1.9143547152029217,2.3266772692466278,59,5,2019/20,4.241031984449549
Kingston upon Thames,2020-10-01,297,384,2020,E09000021,Kingston upon Thames,169770,1.749425693585439,2.26188372503976,60,5,2019/20,4.011309418625199
Kingston upon Thames,2020-11-01,302,358,2020,E09000021,Kingston upon Thames,169770,1.778877304588561,2.108735347823526,61,6,2020/21,3.887612652412087
Kingston upon Thames,2020-12-01,296,289,2020,E09000021,Kingston upon Thames,169770,1.7435353713848147,1.702303115980444,62,6,2020/21,3.4458384873652586
Kingston upon Thames,2021-01-01,211,274,2021,E09000021,Kingston upon Thames,167992,1.256012191056717,1.6310300490499547,63,6,2020/21,2.8870422401066715
Kingston upon Thames,2021-02-01,202,257,2021,E09000021,Kingston upon Thames,167992,1.2024382113433973,1.5298347540359065,64,6,2020/21,2.7322729653793036
Kingston upon Thames,2021-03-01,311,239,2021,E09000021,Kingston upon Thames,167992,1.8512786323158246,1.4226867946092672,65,6,2020/21,3.2739654269250917
Kingston upon Thames,2021-04-01,317,334,2021,E09000021,Kingston upon Thames,167992,1.886994618791371,1.9881899138054193,66,6,2020/21,3.8751845325967906
Kingston upon Thames,2021-05-01,325,335,2021,E09000021,Kingston upon Thames,167992,1.9346159340920996,1.9941425782180104,67,6,2020/21,3.92875851231011
Kingston upon Thames,2021-06-01,403,422,2021,E09000021,Kingston upon Thames,167992,2.3989237582742033,2.512024382113434,68,6,2020/21,4.910948140387637
Kingston upon Thames,2021-07-01,369,435,2021,E09000021,Kingston upon Thames,167992,2.196533168246107,2.589409019477118,69,6,2020/21,4.785942187723225
Kingston upon Thames,2021-08-01,284,426,2021,E09000021,Kingston upon Thames,167992,1.6905566931758655,2.535835039763798,70,6,2020/21,4.226391732939664
Kingston upon Thames,2021-09-01,328,478,2021,E09000021,Kingston upon Thames,167992,1.9524739273298728,2.8453735892185343,71,6,2020/21,4.797847516548407
Kingston upon Thames,2021-10-01,339,443,2021,E09000021,Kingston upon Thames,167992,2.0179532358683745,2.6370303347778465,72,6,2020/21,4.6549835706462215
Kingston upon Thames,2021-11-01,327,464,2021,E09000021,Kingston upon Thames,167992,1.9465212629172817,2.762036287442259,73,7,2021/22,4.708557550359541
Kingston upon Thames,2021-12-01,333,462,2021,E09000021,Kingston upon Thames,167992,1.9822372493928282,2.750130958617077,74,7,2021/22,4.732368208009905
Kingston upon Thames,2022-01-01,335,401,2022,E09000021,Kingston upon Thames,169076,1.981357496037285,2.371714495256571,75,7,2021/22,4.353071991293856
Kingston upon Thames,2022-02-01,299,396,2022,E09000021,Kingston upon Thames,169076,1.768435496463129,2.342141995315716,76,7,2021/22,4.1105774917788445
Kingston upon Thames,2022-03-01,319,423,2022,E09000021,Kingston upon Thames,169076,1.886725496226549,2.5018334949963332,77,7,2021/22,4.388558991222882
Kingston upon Thames,2022-04-01,285,431,2022,E09000021,Kingston upon Thames,169076,1.685632496628735,2.549149494901701,78,7,2021/22,4.234781991530436
Kingston upon Thames,2022-05-01,347,487,2022,E09000021,Kingston upon Thames,169076,2.052331495895337,2.8803614942392772,79,7,2021/22,4.932692990134614
Kingston upon Thames,2022-06-01,311,448,2022,E09000021,Kingston upon Thames,169076,1.8394094963211811,2.649695994700608,80,7,2021/22,4.489105491021789
Kingston upon Thames,2022-07-01,291,403,2022,E09000021,Kingston upon Thames,169076,1.721119496557761,2.383543495232913,81,7,2021/22,4.104662991790674
Kingston upon Thames,2022-08-01,321,429,2022,E09000021,Kingston upon Thames,169076,1.898554496202891,2.537320494925359,82,7,2021/22,4.43587499112825
Kingston upon Thames,2022-09-01,326,454,2022,E09000021,Kingston upon Thames,169076,1.928126996143746,2.685182994629634,83,7,2021/22,4.61330999077338
Kingston upon Thames,2022-10-01,320,458,2022,E09000021,Kingston upon Thames,169076,1.89263999621472,2.708840994582318,84,7,2021/22,4.601480990797038
Kingston upon Thames,2022-11-01,328,462,2022,E09000021,Kingston upon Thames,169076,1.939955996120088,2.732498994535002,85,8,2022/23,4.6724549906550905
Kingston upon Thames,2022-12-01,275,431,2022,E09000021,Kingston upon Thames,169076,1.626487496747025,2.549149494901701,86,8,2022/23,4.175636991648726
Kingston upon Thames,2023-01-01,305,424,2023,E09000021,Kingston upon Thames,170780,1.7859234102353905,2.4827263145567398,87,8,2022/23,4.26864972479213
Kingston upon Thames,2023-02-01,297,389,2023,E09000021,Kingston upon Thames,170780,1.739079517507905,2.27778428387399,88,8,2022/23,4.016863801381895
Kingston upon Thames,2023-03-01,328,497,2023,E09000021,Kingston upon Thames,170780,1.9205996018269118,2.9101768356950464,89,8,2022/23,4.830776437521958
Kingston upon Thames,2023-04-01,302,432,2023,E09000021,Kingston upon Thames,170780,1.7683569504625833,2.5295702072842254,90,8,2022/23,4.297927157746809
Kingston upon Thames,2023-05-01,364,451,2023,E09000021,Kingston upon Thames,170780,2.131397119100597,2.6408244525120037,91,8,2022/23,4.772221571612601
Kingston upon Thames,2023-06-01,320,502,2023,E09000021,Kingston upon Thames,170780,1.8737557090994261,2.9394542686497247,92,8,2022/23,4.813209977749151
Kingston upon Thames,2023-07-01,289,524,2023,E09000021,Kingston upon Thames,170780,1.6922356247804193,3.0682749736503103,93,8,2022/23,4.76051059843073
Kingston upon Thames,2023-08-01,313,515,2023,E09000021,Kingston upon Thames,170780,1.8327673029628762,3.015575594331889,94,8,2022/23,4.848342897294765
Kingston upon Thames,2023-09-01,330,476,2023,E09000021,Kingston upon Thames,170780,1.9323105750087832,2.7872116172853962,95,8,2022/23,4.719522192294179
Kingston upon Thames,2023-10-01,323,465,2023,E09000021,Kingston upon Thames,170780,1.8913221688722333,2.7228012647851036,96,8,2022/23,4.614123433657337
Lambeth,2015-11-01,878,1449,2015,E09000022,Lambeth,322881,2.7192680894818833,4.487721482527618,1,1,2015/16,7.206989572009501
Lambeth,2015-12-01,867,1268,2015,E09000022,Lambeth,322881,2.685199810456484,3.9271434367460456,2,1,2015/16,6.61234324720253
Lambeth,2016-01-01,785,1264,2016,E09000022,Lambeth,326613,2.4034560779883227,3.870023544684382,3,1,2015/16,6.2734796226727045
Lambeth,2016-02-01,817,1194,2016,E09000022,Lambeth,326613,2.5014313576005853,3.6557026205325567,4,1,2015/16,6.1571339781331424
Lambeth,2016-03-01,825,1293,2016,E09000022,Lambeth,326613,2.5259251775036513,3.958813641832995,5,1,2015/16,6.484738819336647
Lambeth,2016-04-01,821,1296,2016,E09000022,Lambeth,326613,2.5136782675521183,3.967998824296645,6,1,2015/16,6.481677091848763
Lambeth,2016-05-01,989,1475,2016,E09000022,Lambeth,326613,3.028048485516498,4.51604804462774,7,1,2015/16,7.544096530144238
Lambeth,2016-06-01,870,1285,2016,E09000022,Lambeth,326613,2.663702914458396,3.9343198219299294,8,1,2015/16,6.598022736388325
Lambeth,2016-07-01,966,1443,2016,E09000022,Lambeth,326613,2.957628753295184,4.418072765015477,9,1,2015/16,7.375701518310661
Lambeth,2016-08-01,910,1369,2016,E09000022,Lambeth,326613,2.786172013973724,4.191504930912119,10,1,2015/16,6.977676944885843
Lambeth,2016-09-01,939,1330,2016,E09000022,Lambeth,326613,2.8749621111223376,4.072097558884674,11,1,2015/16,6.947059670007011
Lambeth,2016-10-01,871,1383,2016,E09000022,Lambeth,326613,2.666764641946279,4.234369115742484,12,1,2015/16,6.901133757688763
Lambeth,2016-11-01,825,1228,2016,E09000022,Lambeth,326613,2.5259251775036513,3.759801355120586,13,2,2016/17,6.2857265326242375
Lambeth,2016-12-01,818,1281,2016,E09000022,Lambeth,326613,2.504493085088469,3.9220729119783964,14,2,2016/17,6.426565997066865
Lambeth,2017-01-01,846,1272,2017,E09000022,Lambeth,327227,2.5853612324166404,3.8872097962576437,15,2,2016/17,6.472571028674285
Lambeth,2017-02-01,757,1043,2017,E09000022,Lambeth,327227,2.3133787859803743,3.1873897936294986,16,2,2016/17,5.500768579609873
Lambeth,2017-03-01,887,1231,2017,E09000022,Lambeth,327227,2.7106565167299763,3.761914511944308,17,2,2016/17,6.472571028674285
Lambeth,2017-04-01,822,1272,2017,E09000022,Lambeth,327227,2.5120176513551753,3.8872097962576437,18,2,2016/17,6.3992274476128195
Lambeth,2017-05-01,894,1315,2017,E09000022,Lambeth,327227,2.7320483945395706,4.018617045659435,19,2,2016/17,6.750665440199006
Lambeth,2017-06-01,983,1217,2017,E09000022,Lambeth,327227,3.0040308409758363,3.7191307563251197,20,2,2016/17,6.723161597300956
Lambeth,2017-07-01,1048,1424,2017,E09000022,Lambeth,327227,3.2026697063506373,4.351719142980255,21,2,2016/17,7.554388849330893
Lambeth,2017-08-01,950,1477,2017,E09000022,Lambeth,327227,2.903183417016322,4.513686217824324,22,2,2016/17,7.416869634840646
Lambeth,2017-09-01,892,1254,2017,E09000022,Lambeth,327227,2.725936429451115,3.832202110461545,23,2,2016/17,6.55813853991266
Lambeth,2017-10-01,927,1332,2017,E09000022,Lambeth,327227,2.8328958184990847,4.070568748911306,24,2,2016/17,6.90346456741039
Lambeth,2017-11-01,1001,1407,2017,E09000022,Lambeth,327227,3.059038526771935,4.2997674397283845,25,3,2017/18,7.35880596650032
Lambeth,2017-12-01,870,1173,2017,E09000022,Lambeth,327227,2.6587048134781055,3.5846675243791006,26,3,2017/18,6.243372337857206
Lambeth,2018-01-01,896,1284,2018,E09000022,Lambeth,328923,2.724041797016323,3.903649182331427,27,3,2017/18,6.62769097934775
Lambeth,2018-02-01,780,1178,2018,E09000022,Lambeth,328923,2.3713756715097456,3.5813853090236925,28,3,2017/18,5.952760980533438
Lambeth,2018-03-01,896,1205,2018,E09000022,Lambeth,328923,2.724041797016323,3.663471389960568,29,3,2017/18,6.387513186976891
Lambeth,2018-04-01,838,1341,2018,E09000022,Lambeth,328923,2.547708734263034,4.076942019864831,30,3,2017/18,6.624650754127865
Lambeth,2018-05-01,968,1343,2018,E09000022,Lambeth,328923,2.942938012847992,4.0830224703046,31,3,2017/18,7.025960483152592
Lambeth,2018-06-01,942,1411,2018,E09000022,Lambeth,328923,2.863892157131,4.2897577852567315,32,3,2017/18,7.153649942387732
Lambeth,2018-07-01,1150,1462,2018,E09000022,Lambeth,328923,3.4962590028669323,4.444809271470831,33,3,2017/18,7.941068274337763
Lambeth,2018-08-01,846,1343,2018,E09000022,Lambeth,328923,2.5720305360221087,4.0830224703046,34,3,2017/18,6.655053006326709
Lambeth,2018-09-01,899,1180,2018,E09000022,Lambeth,328923,2.733162472675976,3.587465759463461,35,3,2017/18,6.320628232139437
Lambeth,2018-10-01,901,1292,2018,E09000022,Lambeth,328923,2.7392429231157442,3.9279709840905013,36,3,2017/18,6.6672139072062455
Lambeth,2018-11-01,896,1312,2018,E09000022,Lambeth,328923,2.724041797016323,3.988775488488187,37,4,2018/19,6.71281728550451
Lambeth,2018-12-01,802,1251,2018,E09000022,Lambeth,328923,2.4382606263472,3.8033217500752454,38,4,2018/19,6.241582376422445
Lambeth,2019-01-01,833,1242,2019,E09000022,Lambeth,329513,2.5279730996956116,3.7691987873012596,39,4,2018/19,6.297171886996871
Lambeth,2019-02-01,876,1181,2019,E09000022,Lambeth,329513,2.65846870988398,3.584077107731713,40,4,2018/19,6.242545817615693
Lambeth,2019-03-01,946,1336,2019,E09000022,Lambeth,329513,2.8709034241441156,4.054468260736298,41,4,2018/19,6.925371684880414
Lambeth,2019-04-01,857,1347,2019,E09000022,Lambeth,329513,2.600807858870515,4.087850858691463,42,4,2018/19,6.688658717561978
Lambeth,2019-05-01,949,1368,2019,E09000022,Lambeth,329513,2.8800077690409784,4.151581272969503,43,4,2018/19,7.031589042010482
Lambeth,2019-06-01,940,1275,2019,E09000022,Lambeth,329513,2.85269473435039,3.8693465811667522,44,4,2018/19,6.722041315517142
Lambeth,2019-07-01,1012,1360,2019,E09000022,Lambeth,329513,3.0711990118751005,4.127303019911202,45,4,2018/19,7.198502031786303
Lambeth,2019-08-01,951,1377,2019,E09000022,Lambeth,329513,2.886077332305554,4.178894307660093,46,4,2018/19,7.064971639965647
Lambeth,2019-09-01,966,1347,2019,E09000022,Lambeth,329513,2.9315990567898687,4.087850858691463,47,4,2018/19,7.0194499154813315
Lambeth,2019-10-01,986,1392,2019,E09000022,Lambeth,329513,2.9922946894356217,4.224416032144407,48,4,2018/19,7.216710721580029
Lambeth,2019-11-01,988,1263,2019,E09000022,Lambeth,329513,2.998364252700197,3.8329292015793004,49,5,2019/20,6.831293454279497
Lambeth,2019-12-01,933,1241,2019,E09000022,Lambeth,329513,2.8314512629243764,3.7661640056689722,50,5,2019/20,6.597615268593349
Lambeth,2020-01-01,845,1283,2020,E09000022,Lambeth,325527,2.5957908253386046,3.941301335987491,51,5,2019/20,6.537092161326095
Lambeth,2020-02-01,863,1171,2020,E09000022,Lambeth,325527,2.6510857778310246,3.5972438538124334,52,5,2019/20,6.248329631643458
Lambeth,2020-03-01,733,804,2020,E09000022,Lambeth,325527,2.251733343163547,2.4698412113280925,53,5,2019/20,4.72157455449164
Lambeth,2020-04-01,702,535,2020,E09000022,Lambeth,325527,2.156503147204379,1.6434888657469273,54,5,2019/20,3.7999920129513063
Lambeth,2020-05-01,824,711,2020,E09000022,Lambeth,325527,2.5312800474307813,2.184150623450589,55,5,2019/20,4.7154306708813705
Lambeth,2020-06-01,964,860,2020,E09000022,Lambeth,325527,2.9613519001496034,2.6418699524156213,56,5,2019/20,5.603221852565225
Lambeth,2020-07-01,990,1034,2020,E09000022,Lambeth,325527,3.041222387083099,3.1763878265090146,57,5,2019/20,6.217610213592113
Lambeth,2020-08-01,1060,1144,2020,E09000022,Lambeth,325527,3.25625831344251,3.5143014250738034,58,5,2019/20,6.770559738516313
Lambeth,2020-09-01,958,1130,2020,E09000022,Lambeth,325527,2.9429202493187967,3.4712942398019213,59,5,2019/20,6.4142144891207185
Lambeth,2020-10-01,863,1041,2020,E09000022,Lambeth,325527,2.6510857778310246,3.197891419144956,60,5,2019/20,5.84897719697598
Lambeth,2020-11-01,929,879,2020,E09000022,Lambeth,325527,2.853833936969898,2.700236846713176,61,6,2020/21,5.554070783683073
Lambeth,2020-12-01,770,843,2020,E09000022,Lambeth,325527,2.3653951899535217,2.589646941728336,62,6,2020/21,4.955042131681857
Lambeth,2021-01-01,764,729,2021,E09000022,Lambeth,317691,2.4048525139207593,2.2946825689113006,63,6,2020/21,4.69953508283206
Lambeth,2021-02-01,662,791,2021,E09000022,Lambeth,317691,2.0837858170360506,2.4898407572137704,64,6,2020/21,4.573626574249821
Lambeth,2021-03-01,905,852,2021,E09000022,Lambeth,317691,2.848680006673151,2.6818512328016846,65,6,2020/21,5.530531239474835
Lambeth,2021-04-01,913,924,2021,E09000022,Lambeth,317691,2.8738617083895988,2.9084865482497144,66,6,2020/21,5.782348256639313
Lambeth,2021-05-01,973,952,2021,E09000022,Lambeth,317691,3.062724471262957,2.9966225042572816,67,6,2020/21,6.0593469755202385
Lambeth,2021-06-01,1121,1032,2021,E09000022,Lambeth,317691,3.52858595301724,3.248439521421759,68,6,2020/21,6.777025474438998
Lambeth,2021-07-01,1066,1106,2021,E09000022,Lambeth,317691,3.355461753716662,3.4813702622989005,69,6,2020/21,6.8368320160155625
Lambeth,2021-08-01,1066,1132,2021,E09000022,Lambeth,317691,3.355461753716662,3.5632107928773555,70,6,2020/21,6.918672546594017
Lambeth,2021-09-01,1158,1236,2021,E09000022,Lambeth,317691,3.6450513234558106,3.8905729151911763,71,6,2020/21,7.535624238646987
Lambeth,2021-10-01,1056,1235,2021,E09000022,Lambeth,317691,3.323984626571102,3.8874252024766203,72,6,2020/21,7.211409829047723
Lambeth,2021-11-01,1053,1072,2021,E09000022,Lambeth,317691,3.3145414884274342,3.3743480300039974,73,7,2021/22,6.688889518431432
Lambeth,2021-12-01,842,993,2021,E09000022,Lambeth,317691,2.650374105656125,3.125678725554076,74,7,2021/22,5.776052831210201
Lambeth,2022-01-01,904,1025,2022,E09000022,Lambeth,317657,2.845836861772289,3.2267508665006597,75,7,2021/22,6.072587728272948
Lambeth,2022-02-01,917,970,2022,E09000022,Lambeth,317657,2.8867615069083947,3.053608137078673,76,7,2021/22,5.940369643987068
Lambeth,2022-03-01,982,1079,2022,E09000022,Lambeth,317657,3.0913847325889243,3.396745546296792,77,7,2021/22,6.488130278885716
Lambeth,2022-04-01,939,1068,2022,E09000022,Lambeth,317657,2.9560185986771894,3.3621170004123946,78,7,2021/22,6.318135599089584
Lambeth,2022-05-01,1000,1195,2022,E09000022,Lambeth,317657,3.148049625854302,3.761919302895891,79,7,2021/22,6.909968928750192
Lambeth,2022-06-01,1002,1269,2022,E09000022,Lambeth,317657,3.1543457251060105,3.9948749752091093,80,7,2021/22,7.149220700315119
Lambeth,2022-07-01,1112,1388,2022,E09000022,Lambeth,317657,3.500631183949984,4.369492880685772,81,7,2021/22,7.870124064635755
Lambeth,2022-08-01,1012,1382,2022,E09000022,Lambeth,317657,3.1858262213645534,4.350604582930646,82,7,2021/22,7.536430804295199
Lambeth,2022-09-01,925,1181,2022,E09000022,Lambeth,317657,2.911945903915229,3.7178466081339305,83,7,2021/22,6.62979251204916
Lambeth,2022-10-01,1017,1279,2022,E09000022,Lambeth,317657,3.2015664694938253,4.026355471467652,84,7,2021/22,7.227921940961478
Lambeth,2022-11-01,1005,1153,2022,E09000022,Lambeth,317657,3.1637898739835735,3.6297012186100104,85,8,2022/23,6.793491092593584
Lambeth,2022-12-01,931,1165,2022,E09000022,Lambeth,317657,2.930834201670355,3.6674778141202617,86,8,2022/23,6.598312015790617
Lambeth,2023-01-01,1006,1260,2023,E09000022,Lambeth,318738,3.156197252916188,3.9530899986823034,87,8,2022/23,7.1092872515984915
Lambeth,2023-02-01,905,1204,2023,E09000022,Lambeth,318738,2.8393225784186384,3.7773971098519787,88,8,2022/23,6.616719688270617
Lambeth,2023-03-01,1041,1207,2023,E09000022,Lambeth,318738,3.2660053084351413,3.7868092288964603,89,8,2022/23,7.052814537331601
Lambeth,2023-04-01,1069,1390,2023,E09000022,Lambeth,318738,3.3538517528503036,4.360948490609842,90,8,2022/23,7.714800243460146
Lambeth,2023-05-01,1049,1454,2023,E09000022,Lambeth,318738,3.291104292553759,4.561740363558785,91,8,2022/23,7.852844656112544
Lambeth,2023-06-01,1105,1463,2023,E09000022,Lambeth,318738,3.4667971813840834,4.58997672069223,92,8,2022/23,8.056773902076314
Lambeth,2023-07-01,1131,1436,2023,E09000022,Lambeth,318738,3.5483688797695914,4.505267649291895,93,8,2022/23,8.053636529061485
Lambeth,2023-08-01,1047,1374,2023,E09000022,Lambeth,318738,3.2848295465241044,4.310750522372607,94,8,2022/23,7.5955800688967114
Lambeth,2023-09-01,1070,1315,2023,E09000022,Lambeth,318738,3.3569891258651308,4.1256455144978,95,8,2022/23,7.482634640362932
Lambeth,2023-10-01,1061,1335,2023,E09000022,Lambeth,318738,3.3287527687316856,4.188392974794345,96,8,2022/23,7.517145743526031
Lewisham,2015-11-01,760,814,2015,E09000023,Lewisham,295364,2.5730962473422623,2.7559215070218444,1,1,2015/16,5.329017754364107
Lewisham,2015-12-01,756,795,2015,E09000023,Lewisham,295364,2.559553635514145,2.6915941008382878,2,1,2015/16,5.251147736352433
Lewisham,2016-01-01,742,735,2016,E09000023,Lewisham,298809,2.483191604001218,2.459765268114414,3,1,2015/16,4.942956872115632
Lewisham,2016-02-01,655,742,2016,E09000023,Lewisham,298809,2.192035715122369,2.483191604001218,4,1,2015/16,4.675227319123588
Lewisham,2016-03-01,697,786,2016,E09000023,Lewisham,298809,2.3325937304431927,2.630442858146843,5,1,2015/16,4.963036588590036
Lewisham,2016-04-01,644,830,2016,E09000023,Lewisham,298809,2.155222901585963,2.7776941122924677,6,1,2015/16,4.932917013878431
Lewisham,2016-05-01,788,971,2016,E09000023,Lewisham,298809,2.637136096971644,3.2495674494409474,7,1,2015/16,5.886703546412591
Lewisham,2016-06-01,765,913,2016,E09000023,Lewisham,298809,2.5601638504864312,3.0554635235217145,8,1,2015/16,5.615627374008145
Lewisham,2016-07-01,735,911,2016,E09000023,Lewisham,298809,2.459765268114414,3.0487702846969134,9,1,2015/16,5.508535552811328
Lewisham,2016-08-01,711,858,2016,E09000023,Lewisham,298809,2.3794464022168005,2.8713994558396836,10,1,2015/16,5.2508458580564845
Lewisham,2016-09-01,715,772,2016,E09000023,Lewisham,298809,2.392832879866403,2.583590186373235,11,1,2015/16,4.976423066239638
Lewisham,2016-10-01,755,843,2016,E09000023,Lewisham,298809,2.5266976563624257,2.8212001646536753,12,1,2015/16,5.347897821016101
Lewisham,2016-11-01,750,774,2016,E09000023,Lewisham,298809,2.5099645593004225,2.5902834251980362,13,2,2016/17,5.100247984498459
Lewisham,2016-12-01,734,821,2016,E09000023,Lewisham,298809,2.4564186487020137,2.7475745375808627,14,2,2016/17,5.203993186282876
Lewisham,2017-01-01,652,732,2017,E09000023,Lewisham,300924,2.166660020470285,2.4325078757427123,15,2,2016/17,4.599167896212997
Lewisham,2017-02-01,685,776,2017,E09000023,Lewisham,300924,2.2763222607701614,2.5787241961425478,16,2,2016/17,4.855046456912709
Lewisham,2017-03-01,823,911,2017,E09000023,Lewisham,300924,2.7349098111150987,3.027342451914769,17,2,2016/17,5.762252263029868
Lewisham,2017-04-01,705,821,2017,E09000023,Lewisham,300924,2.342784224588268,2.728263614733288,18,2,2016/17,5.071047839321556
Lewisham,2017-05-01,841,864,2017,E09000023,Lewisham,300924,2.794725578551395,2.871156836942218,19,2,2016/17,5.665882415493613
Lewisham,2017-06-01,837,816,2017,E09000023,Lewisham,300924,2.781433185787774,2.7116481237787613,20,2,2016/17,5.493081309566535
Lewisham,2017-07-01,841,810,2017,E09000023,Lewisham,300924,2.794725578551395,2.6917095346333295,21,2,2016/17,5.486435113184724
Lewisham,2017-08-01,795,840,2017,E09000023,Lewisham,300924,2.641863061769749,2.7914024803604898,22,2,2016/17,5.433265542130239
Lewisham,2017-09-01,725,859,2017,E09000023,Lewisham,300924,2.409246188406375,2.854541345987691,23,2,2016/17,5.263787534394066
Lewisham,2017-10-01,744,852,2017,E09000023,Lewisham,300924,2.472385054033577,2.831279658651354,24,2,2016/17,5.303664712684931
Lewisham,2017-11-01,731,828,2017,E09000023,Lewisham,300924,2.429184777551807,2.7515253020696258,25,3,2017/18,5.1807100796214325
Lewisham,2017-12-01,712,819,2017,E09000023,Lewisham,300924,2.3660459119246053,2.7216174183514776,26,3,2017/18,5.087663330276083
Lewisham,2018-01-01,751,882,2018,E09000023,Lewisham,303127,2.4775094267419266,2.90967152381675,27,3,2017/18,5.387180950558676
Lewisham,2018-02-01,650,736,2018,E09000023,Lewisham,303127,2.144315748844544,2.4280252171532064,28,3,2017/18,4.57234096599775
Lewisham,2018-03-01,771,874,2018,E09000023,Lewisham,303127,2.5434883728602204,2.8832799453694324,29,3,2017/18,5.426768318229653
Lewisham,2018-04-01,676,813,2018,E09000023,Lewisham,303127,2.2300883787983254,2.682044159708637,30,3,2017/18,4.912132538506962
Lewisham,2018-05-01,803,930,2018,E09000023,Lewisham,303127,2.64905468664949,3.068020994500655,31,3,2017/18,5.7170756811501455
Lewisham,2018-06-01,806,800,2018,E09000023,Lewisham,303127,2.658951528567234,2.6391578447317463,32,3,2017/18,5.29810937329898
Lewisham,2018-07-01,858,943,2018,E09000023,Lewisham,303127,2.8304967884747976,3.110907309477546,33,3,2017/18,5.9414040979523435
Lewisham,2018-08-01,747,860,2018,E09000023,Lewisham,303127,2.4643136375182677,2.8370946830866273,34,3,2017/18,5.301408320604895
Lewisham,2018-09-01,722,893,2018,E09000023,Lewisham,303127,2.381839954870401,2.9459599441818116,35,3,2017/18,5.327799899052213
Lewisham,2018-10-01,842,958,2018,E09000023,Lewisham,303127,2.7777136315801627,3.160391519066266,36,3,2017/18,5.938105150646429
Lewisham,2018-11-01,807,881,2018,E09000023,Lewisham,303127,2.6622504758731487,2.9063725765108352,37,4,2018/19,5.568623052383984
Lewisham,2018-12-01,783,883,2018,E09000023,Lewisham,303127,2.5830757405311964,2.912970471122665,38,4,2018/19,5.496046211653861
Lewisham,2019-01-01,828,886,2019,E09000023,Lewisham,305906,2.7067138271233646,2.8963145541440833,39,4,2018/19,5.603028381267448
Lewisham,2019-02-01,742,902,2019,E09000023,Lewisham,305906,2.425581714644368,2.9486182029773853,40,4,2018/19,5.374199917621754
Lewisham,2019-03-01,841,1049,2019,E09000023,Lewisham,305906,2.7492105418004225,3.429157976633345,41,4,2018/19,6.178368518433768
Lewisham,2019-04-01,822,999,2019,E09000023,Lewisham,305906,2.6870999588108764,3.265709074029277,42,4,2018/19,5.952809032840154
Lewisham,2019-05-01,904,1097,2019,E09000023,Lewisham,305906,2.955156159081548,3.58606892313325,43,4,2018/19,6.5412250822147975
Lewisham,2019-06-01,847,1035,2019,E09000023,Lewisham,305906,2.7688244101129107,3.3833922839042057,44,4,2018/19,6.152216694017117
Lewisham,2019-07-01,970,946,2019,E09000023,Lewisham,305906,3.1709087105189178,3.092453237268965,45,4,2018/19,6.263361947787883
Lewisham,2019-08-01,817,1017,2019,E09000023,Lewisham,305906,2.67075506855047,3.3245506789667414,46,4,2018/19,5.995305747517211
Lewisham,2019-09-01,929,1007,2019,E09000023,Lewisham,305906,3.036880610383582,3.2918608984459277,47,4,2018/19,6.328741508829509
Lewisham,2019-10-01,899,1001,2019,E09000023,Lewisham,305906,2.938811268821141,3.27224703013344,48,4,2018/19,6.2110582989545815
Lewisham,2019-11-01,926,945,2019,E09000023,Lewisham,305906,3.027073676227338,3.0891842592168834,49,5,2019/20,6.116257935444221
Lewisham,2019-12-01,821,899,2019,E09000023,Lewisham,305906,2.683830980758795,2.938811268821141,50,5,2019/20,5.622642249579936
Lewisham,2020-01-01,861,974,2020,E09000023,Lewisham,304169,2.8306632168301173,3.2021672162514916,51,5,2019/20,6.0328304330816085
Lewisham,2020-02-01,786,877,2020,E09000023,Lewisham,304169,2.5840897658867275,2.883265553031374,52,5,2019/20,5.467355318918102
Lewisham,2020-03-01,654,627,2020,E09000023,Lewisham,304169,2.150120492226361,2.0613540498867406,53,5,2019/20,4.211474542113102
Lewisham,2020-04-01,722,687,2020,E09000023,Lewisham,304169,2.3736804210817013,2.2586128106414525,54,5,2019/20,4.632293231723153
Lewisham,2020-05-01,818,760,2020,E09000023,Lewisham,304169,2.6892944382892403,2.4986109695596856,55,5,2019/20,5.187905407848926
Lewisham,2020-06-01,792,894,2020,E09000023,Lewisham,304169,2.6038156419621985,2.939155535245209,56,5,2019/20,5.5429711772074075
Lewisham,2020-07-01,952,936,2020,E09000023,Lewisham,304169,3.129839003974764,3.0772366677735077,57,5,2019/20,6.207075671748272
Lewisham,2020-08-01,931,956,2020,E09000023,Lewisham,304169,3.060798437710615,3.142989588025078,58,5,2019/20,6.203788025735693
Lewisham,2020-09-01,908,968,2020,E09000023,Lewisham,304169,2.9851825794213087,3.1824413401760205,59,5,2019/20,6.167623919597329
Lewisham,2020-10-01,841,1043,2020,E09000023,Lewisham,304169,2.7649102965785466,3.4290147911194104,60,5,2019/20,6.1939250876979575
Lewisham,2020-11-01,805,915,2020,E09000023,Lewisham,304169,2.6465550401257194,3.008196101509358,61,6,2020/21,5.654751141635078
Lewisham,2020-12-01,760,818,2020,E09000023,Lewisham,304169,2.4986109695596856,2.6892944382892403,62,6,2020/21,5.187905407848926
Lewisham,2021-01-01,738,806,2021,E09000023,Lewisham,300013,2.459893404619133,2.686550249489189,63,6,2020/21,5.146443654108322
Lewisham,2021-02-01,686,729,2021,E09000023,Lewisham,300013,2.2865675820714437,2.4298947045628023,64,6,2020/21,4.716462286634246
Lewisham,2021-03-01,774,855,2021,E09000023,Lewisham,300013,2.579888204844457,2.8498765053514346,65,6,2020/21,5.429764710195892
Lewisham,2021-04-01,769,763,2021,E09000023,Lewisham,300013,2.5632222603687174,2.5432231269978303,66,6,2020/21,5.106445387366548
Lewisham,2021-05-01,843,867,2021,E09000023,Lewisham,300013,2.8098782386096604,2.889874772093209,67,6,2020/21,5.699753010702869
Lewisham,2021-06-01,871,921,2021,E09000023,Lewisham,300013,2.9032075276738007,3.0698669724311944,68,6,2020/21,5.973074500104995
Lewisham,2021-07-01,894,893,2021,E09000023,Lewisham,300013,2.979870872262202,2.976537683367054,69,6,2020/21,5.956408555629256
Lewisham,2021-08-01,695,857,2021,E09000023,Lewisham,300013,2.3165662821277744,2.8565428831417305,70,6,2020/21,5.173109165269505
Lewisham,2021-09-01,803,923,2021,E09000023,Lewisham,300013,2.6765506828037453,3.0765333502214904,71,6,2020/21,5.753084033025235
Lewisham,2021-10-01,938,992,2021,E09000023,Lewisham,300013,3.1265311836487086,3.306523383986694,72,6,2020/21,6.433054567635402
Lewisham,2021-11-01,850,955,2021,E09000023,Lewisham,300013,2.8332105608756954,3.1831953948662224,73,7,2021/22,6.016405955741918
Lewisham,2021-12-01,815,879,2021,E09000023,Lewisham,300013,2.7165489495455195,2.929873038834984,74,7,2021/22,5.646421988380503
Lewisham,2022-01-01,847,834,2022,E09000023,Lewisham,299164,2.8312230081159497,2.7877685817812305,75,7,2021/22,5.61899158989718
Lewisham,2022-02-01,759,855,2022,E09000023,Lewisham,299164,2.537069968311695,2.8579641935527,76,7,2021/22,5.395034161864395
Lewisham,2022-03-01,861,1003,2022,E09000023,Lewisham,299164,2.878020082630263,3.3526761241325826,77,7,2021/22,6.230696206762845
Lewisham,2022-04-01,834,849,2022,E09000023,Lewisham,299164,2.7877685817812305,2.837908304475137,78,7,2021/22,5.625676886256368
Lewisham,2022-05-01,915,892,2022,E09000023,Lewisham,299164,3.0585230843283284,2.981642176197671,79,7,2021/22,6.040165260525999
Lewisham,2022-06-01,836,963,2022,E09000023,Lewisham,299164,2.794453878140418,3.2189701969488307,80,7,2021/22,6.013424075089249
Lewisham,2022-07-01,916,1035,2022,E09000023,Lewisham,299164,3.061865732507922,3.4596408658795843,81,7,2021/22,6.521506598387506
Lewisham,2022-08-01,885,1005,2022,E09000023,Lewisham,299164,2.9582436389405142,3.3593614204917706,82,7,2021/22,6.317605059432285
Lewisham,2022-09-01,838,964,2022,E09000023,Lewisham,299164,2.8011391744996055,3.2223128451284246,83,7,2021/22,6.02345201962803
Lewisham,2022-10-01,841,1032,2022,E09000023,Lewisham,299164,2.811167119038387,3.449612921340803,84,7,2021/22,6.26078004037919
Lewisham,2022-11-01,808,926,2022,E09000023,Lewisham,299164,2.7008597291117917,3.09529221430386,85,8,2022/23,5.796151943415651
Lewisham,2022-12-01,850,955,2022,E09000023,Lewisham,299164,2.841250952654731,3.1922290115120804,86,8,2022/23,6.033479964166812
Lewisham,2023-01-01,878,995,2023,E09000023,Lewisham,300225,2.9244733116829047,3.3141810308934967,87,8,2022/23,6.238654342576401
Lewisham,2023-02-01,829,903,2023,E09000023,Lewisham,300225,2.7612623865434256,3.007744191856108,88,8,2022/23,5.769006578399534
Lewisham,2023-03-01,953,949,2023,E09000023,Lewisham,300225,3.174285952202515,3.1609626113748024,89,8,2022/23,6.335248563577317
Lewisham,2023-04-01,964,931,2023,E09000023,Lewisham,300225,3.210925139478724,3.101007577650096,90,8,2022/23,6.31193271712882
Lewisham,2023-05-01,958,1091,2023,E09000023,Lewisham,300225,3.1909401282371554,3.6339412107585978,91,8,2022/23,6.824881338995754
Lewisham,2023-06-01,1097,1176,2023,E09000023,Lewisham,300225,3.6539262220001665,3.9170622033474896,92,8,2022/23,7.570988425347656
Lewisham,2023-07-01,998,1052,2023,E09000023,Lewisham,300225,3.324173536514281,3.5040386376884003,93,8,2022/23,6.828212174202681
Lewisham,2023-08-01,979,1049,2023,E09000023,Lewisham,300225,3.2608876675826464,3.494046132067616,94,8,2022/23,6.754933799650262
Lewisham,2023-09-01,1020,997,2023,E09000023,Lewisham,300225,3.3974519110667,3.320842701307353,95,8,2022/23,6.718294612374053
Lewisham,2023-10-01,841,959,2023,E09000023,Lewisham,300225,2.8012324090265635,3.1942709634440836,96,8,2022/23,5.9955033724706475
Merton,2015-11-01,326,547,2015,E09000024,Merton,213791,1.524853712270395,2.5585735601592208,1,1,2015/16,4.083427272429615
Merton,2015-12-01,336,472,2015,E09000024,Merton,213791,1.5716283660210206,2.207763657029529,2,1,2015/16,3.7793920230505496
Merton,2016-01-01,301,491,2016,E09000024,Merton,215514,1.396661005781527,2.2782742652449492,3,1,2015/16,3.6749352710264764
Merton,2016-02-01,310,489,2016,E09000024,Merton,215514,1.4384216338613733,2.26899412567165,4,1,2015/16,3.7074157595330233
Merton,2016-03-01,351,531,2016,E09000024,Merton,215514,1.6286644951140066,2.463877056710933,5,1,2015/16,4.092541551824939
Merton,2016-04-01,311,522,2016,E09000024,Merton,215514,1.4430617036480229,2.4221164286310866,6,1,2015/16,3.8651781322791097
Merton,2016-05-01,358,501,2016,E09000024,Merton,215514,1.6611449836205536,2.324674963111445,7,1,2015/16,3.985819946731999
Merton,2016-06-01,329,447,2016,E09000024,Merton,215514,1.5265829598077154,2.0741111946323674,8,1,2015/16,3.600694154440083
Merton,2016-07-01,385,543,2016,E09000024,Merton,215514,1.7864268678600925,2.519557894150728,9,1,2015/16,4.30598476201082
Merton,2016-08-01,314,562,2016,E09000024,Merton,215514,1.4569819130079715,2.6077192200970702,10,1,2015/16,4.064701133105042
Merton,2016-09-01,327,533,2016,E09000024,Merton,215514,1.5173028202344163,2.473157196284232,11,1,2015/16,3.9904600165186483
Merton,2016-10-01,299,585,2016,E09000024,Merton,215514,1.3873808662082279,2.7144408251900107,12,1,2015/16,4.101821691398238
Merton,2016-11-01,290,627,2016,E09000024,Merton,215514,1.3456202381283815,2.9093237562292935,13,2,2016/17,4.254943994357675
Merton,2016-12-01,298,460,2016,E09000024,Merton,215514,1.382740796421578,2.134432101858812,14,2,2016/17,3.51717289828039
Merton,2017-01-01,299,478,2017,E09000024,Merton,215431,1.3879153882217508,2.2188078781605247,15,2,2016/17,3.6067232663822755
Merton,2017-02-01,304,495,2017,E09000024,Merton,215431,1.4111246756502083,2.2977194554172797,16,2,2016/17,3.708844131067488
Merton,2017-03-01,349,530,2017,E09000024,Merton,215431,1.6200082625063246,2.4601844674164814,17,2,2016/17,4.080192729922806
Merton,2017-04-01,364,484,2017,E09000024,Merton,215431,1.6896361247916967,2.2466590230746735,18,2,2016/17,3.93629514786637
Merton,2017-05-01,387,529,2017,E09000024,Merton,215431,1.7963988469626007,2.4555426099307898,19,2,2016/17,4.25194145689339
Merton,2017-06-01,402,496,2017,E09000024,Merton,215431,1.8660267092479728,2.3023613129029714,20,2,2016/17,4.168388022150944
Merton,2017-07-01,376,553,2017,E09000024,Merton,215431,1.7453384146199944,2.566947189587385,21,2,2016/17,4.312285604207379
Merton,2017-08-01,352,532,2017,E09000024,Merton,215431,1.633933834963399,2.4694681823878644,22,2,2016/17,4.1034020173512635
Merton,2017-09-01,386,530,2017,E09000024,Merton,215431,1.791756989476909,2.4601844674164814,23,2,2016/17,4.25194145689339
Merton,2017-10-01,373,531,2017,E09000024,Merton,215431,1.73141284216292,2.4648263249021727,24,2,2016/17,4.196239167065093
Merton,2017-11-01,348,521,2017,E09000024,Merton,215431,1.6153664050206331,2.418407750045258,25,3,2017/18,4.033774155065891
Merton,2017-12-01,335,578,2017,E09000024,Merton,215431,1.555022257706644,2.6829936267296723,26,3,2017/18,4.238015884436316
Merton,2018-01-01,315,568,2018,E09000024,Merton,216171,1.4571797327116034,2.62754948628632,27,3,2017/18,4.084729218997923
Merton,2018-02-01,303,504,2018,E09000024,Merton,216171,1.4016681238463993,2.3314875723385655,28,3,2017/18,3.733155696184965
Merton,2018-03-01,305,507,2018,E09000024,Merton,216171,1.4109200586572668,2.345365474554866,29,3,2017/18,3.756285533212133
Merton,2018-04-01,325,517,2018,E09000024,Merton,216171,1.50343940676594,2.391625148609203,30,3,2017/18,3.895064555375143
Merton,2018-05-01,373,542,2018,E09000024,Merton,216171,1.7254858422267556,2.5072743337450443,31,3,2017/18,4.2327601759718
Merton,2018-06-01,357,522,2018,E09000024,Merton,216171,1.6514703637398171,2.414754985636371,32,3,2017/18,4.066225349376188
Merton,2018-07-01,463,415,2018,E09000024,Merton,216171,2.141822908715785,1.9197764732549694,33,3,2017/18,4.061599381970755
Merton,2018-08-01,395,532,2018,E09000024,Merton,216171,1.8272571251462961,2.461014659690708,34,3,2017/18,4.288271784837004
Merton,2018-09-01,364,473,2018,E09000024,Merton,216171,1.6838521355778526,2.188082582770122,35,3,2017/18,3.8719347183479744
Merton,2018-10-01,363,549,2018,E09000024,Merton,216171,1.679226168172419,2.53965610558308,36,3,2017/18,4.218882273755499
Merton,2018-11-01,413,535,2018,E09000024,Merton,216171,1.910524538444102,2.474892561907009,37,4,2018/19,4.385417100351111
Merton,2018-12-01,410,532,2018,E09000024,Merton,216171,1.8966466362278012,2.461014659690708,38,4,2018/19,4.3576612959185095
Merton,2019-01-01,363,551,2019,E09000024,Merton,217219,1.6711245333050977,2.5366105174961673,39,4,2018/19,4.207735050801265
Merton,2019-02-01,328,447,2019,E09000024,Merton,217219,1.509996823482292,2.057831036879831,40,4,2018/19,3.567827860362123
Merton,2019-03-01,386,507,2019,E09000024,Merton,217219,1.7770084569029412,2.3340499680046403,41,4,2018/19,4.111058424907581
Merton,2019-04-01,361,567,2019,E09000024,Merton,217219,1.6619172356009373,2.61026889912945,42,4,2018/19,4.272186134730387
Merton,2019-05-01,358,484,2019,E09000024,Merton,217219,1.648106289044697,2.2281660444067968,43,4,2018/19,3.8762723334514937
Merton,2019-06-01,421,512,2019,E09000024,Merton,217219,1.9381361667257468,2.3570682122650415,44,4,2018/19,4.295204378990788
Merton,2019-07-01,448,587,2019,E09000024,Merton,217219,2.062434685731911,2.702341876171053,45,4,2018/19,4.7647765619029645
Merton,2019-08-01,418,543,2019,E09000024,Merton,217219,1.9243252201695062,2.499781326679526,46,4,2018/19,4.424106546849032
Merton,2019-09-01,381,523,2019,E09000024,Merton,217219,1.7539902126425404,2.407708349637923,47,4,2018/19,4.161698562280463
Merton,2019-10-01,379,544,2019,E09000024,Merton,217219,1.7447829149383802,2.5043849755316065,48,4,2018/19,4.2491678904699866
Merton,2019-11-01,457,506,2019,E09000024,Merton,217219,2.1038675254006325,2.3294463191525603,49,5,2019/20,4.433313844553193
Merton,2019-12-01,396,488,2019,E09000024,Merton,217219,1.823044945423743,2.2465806398151176,50,5,2019/20,4.06962558523886
Merton,2020-01-01,376,582,2020,E09000024,Merton,217101,1.7319127963482435,2.680779913496483,51,5,2019/20,4.412692709844727
Merton,2020-02-01,338,481,2020,E09000024,Merton,217101,1.556879056291772,2.2155586570305985,52,5,2019/20,3.7724377133223705
Merton,2020-03-01,271,441,2020,E09000024,Merton,217101,1.2482669356658882,2.0313126148658918,53,5,2019/20,3.27957955053178
Merton,2020-04-01,368,289,2020,E09000024,Merton,217101,1.695063587915302,1.3311776546400063,54,5,2019/20,3.026241242555308
Merton,2020-05-01,367,326,2020,E09000024,Merton,217101,1.6904574368611844,1.50160524364236,55,5,2019/20,3.192062680503544
Merton,2020-06-01,407,406,2020,E09000024,Merton,217101,1.8747034790258912,1.8700973279717734,56,5,2019/20,3.744800806997665
Merton,2020-07-01,463,511,2020,E09000024,Merton,217101,2.1326479380564805,2.353743188654129,57,5,2019/20,4.486391126710609
Merton,2020-08-01,468,457,2020,E09000024,Merton,217101,2.155678693327069,2.1050110317317747,58,5,2019/20,4.260689725058844
Merton,2020-09-01,463,504,2020,E09000024,Merton,217101,2.1326479380564805,2.321500131275305,59,5,2019/20,4.454148069331786
Merton,2020-10-01,454,468,2020,E09000024,Merton,217101,2.0911925785694216,2.155678693327069,60,5,2019/20,4.246871271896491
Merton,2020-11-01,434,439,2020,E09000024,Merton,217101,1.9990695574870683,2.0221003127576567,61,6,2020/21,4.021169870244725
Merton,2020-12-01,374,351,2020,E09000024,Merton,217101,1.7227004942400082,1.6167590199953017,62,6,2020/21,3.33945951423531
Merton,2021-01-01,357,370,2021,E09000024,Merton,215426,1.6571815843955697,1.717527132286725,63,6,2020/21,3.374708716682295
Merton,2021-02-01,364,310,2021,E09000024,Merton,215426,1.6896753409523455,1.4390092189429318,64,6,2020/21,3.1286845598952775
Merton,2021-03-01,412,436,2021,E09000024,Merton,215426,1.9124896716273803,2.0238968369648975,65,6,2020/21,3.936386508592278
Merton,2021-04-01,392,363,2021,E09000024,Merton,215426,1.819650367179449,1.685033375729949,66,6,2020/21,3.504683742909398
Merton,2021-05-01,454,368,2021,E09000024,Merton,215426,2.1074522109680354,1.7082432018419318,67,6,2020/21,3.8156954128099674
Merton,2021-06-01,477,430,2021,E09000024,Merton,215426,2.214217411083156,1.996045045630518,68,6,2020/21,4.210262456713674
Merton,2021-07-01,450,443,2021,E09000024,Merton,215426,2.088884350078449,2.0563905935216735,69,6,2020/21,4.145274943600123
Merton,2021-08-01,404,443,2021,E09000024,Merton,215426,1.8753539498482077,2.0563905935216735,70,6,2020/21,3.931744543369881
Merton,2021-09-01,426,477,2021,E09000024,Merton,215426,1.9774771847409318,2.214217411083156,71,6,2020/21,4.191694595824088
Merton,2021-10-01,429,515,2021,E09000024,Merton,215426,1.9914030804081215,2.3906120895342253,72,6,2020/21,4.382015169942347
Merton,2021-11-01,372,439,2021,E09000024,Merton,215426,1.726811062731518,2.0378227326320872,73,7,2021/22,3.764633795363605
Merton,2021-12-01,392,405,2021,E09000024,Merton,215426,1.819650367179449,1.8799959150706043,74,7,2021/22,3.699646282250053
Merton,2022-01-01,432,409,2022,E09000024,Merton,215105,2.0083215173984796,1.9013969921666163,75,7,2021/22,3.9097185095650957
Merton,2022-02-01,400,410,2022,E09000024,Merton,215105,1.859556960554148,1.9060458845680017,76,7,2021/22,3.7656028451221495
Merton,2022-03-01,426,480,2022,E09000024,Merton,215105,1.9804281629901677,2.2314683526649777,77,7,2021/22,4.211896515655146
Merton,2022-04-01,415,439,2022,E09000024,Merton,215105,1.9292903465749285,2.0408637642081775,78,7,2021/22,3.970154110783106
Merton,2022-05-01,442,521,2022,E09000024,Merton,215105,2.0548104414123336,2.422072941121778,79,7,2021/22,4.476883382534112
Merton,2022-06-01,457,534,2022,E09000024,Merton,215105,2.124543827433114,2.4825085423397875,80,7,2021/22,4.607052369772902
Merton,2022-07-01,511,544,2022,E09000024,Merton,215105,2.375584017107924,2.5289974663536414,81,7,2021/22,4.904581483461565
Merton,2022-08-01,457,473,2022,E09000024,Merton,215105,2.124543827433114,2.19892610585528,82,7,2021/22,4.3234699332883935
Merton,2022-09-01,454,489,2022,E09000024,Merton,215105,2.110597150228958,2.273308384277446,83,7,2021/22,4.383905534506404
Merton,2022-10-01,484,494,2022,E09000024,Merton,215105,2.250063922270519,2.296552846284373,84,7,2021/22,4.546616768554892
Merton,2022-11-01,392,494,2022,E09000024,Merton,215105,1.822365821343065,2.296552846284373,85,8,2022/23,4.118918667627438
Merton,2022-12-01,352,447,2022,E09000024,Merton,215105,1.6364101252876502,2.0780549034192606,86,8,2022/23,3.7144650287069108
Merton,2023-01-01,417,486,2023,E09000024,Merton,217135,1.9204642273240151,2.238238883643816,87,8,2022/23,4.158703110967831
Merton,2023-02-01,372,429,2023,E09000024,Merton,217135,1.7132198862458838,1.97572938494485,88,8,2022/23,3.688949271190734
Merton,2023-03-01,470,432,2023,E09000024,Merton,217135,2.164552006816036,1.9895456743500588,89,8,2022/23,4.154097681166095
Merton,2023-04-01,402,483,2023,E09000024,Merton,217135,1.8513827802979712,2.2244225942386073,90,8,2022/23,4.0758053745365785
Merton,2023-05-01,475,541,2023,E09000024,Merton,217135,2.1875791558247175,2.4915375227393097,91,8,2022/23,4.679116678564027
Merton,2023-06-01,464,550,2023,E09000024,Merton,217135,2.1369194280056187,2.5329863909549357,92,8,2022/23,4.6699058189605545
Merton,2023-07-01,494,525,2023,E09000024,Merton,217135,2.275082322057706,2.4178506459115297,93,8,2022/23,4.692932967969236
Merton,2023-08-01,402,494,2023,E09000024,Merton,217135,1.8513827802979712,2.275082322057706,94,8,2022/23,4.126465102355677
Merton,2023-09-01,483,530,2023,E09000024,Merton,217135,2.2244225942386073,2.440877794920211,95,8,2022/23,4.665300389158818
Merton,2023-10-01,488,539,2023,E09000024,Merton,217135,2.2474497432472886,2.482326663135837,96,8,2022/23,4.729776406383126
Newham,2015-11-01,888,1187,2015,E09000025,Newham,330322,2.688285975502691,3.593463347884791,1,1,2015/16,6.281749323387482
Newham,2015-12-01,858,1141,2015,E09000025,Newham,330322,2.59746550335733,3.454205290595237,2,1,2015/16,6.051670793952567
Newham,2016-01-01,807,1143,2016,E09000025,Newham,335337,2.40653432218932,3.4085114377476984,3,1,2015/16,5.815045759937018
Newham,2016-02-01,780,1098,2016,E09000025,Newham,335337,2.3260183039748075,3.2743180740568443,4,1,2015/16,5.600336378031652
Newham,2016-03-01,880,1065,2016,E09000025,Newham,335337,2.6242257788433725,3.175909607350218,5,1,2015/16,5.80013538619359
Newham,2016-04-01,823,1104,2016,E09000025,Newham,335337,2.4542475181682906,3.292210522548958,6,1,2015/16,5.746458040717249
Newham,2016-05-01,861,1147,2016,E09000025,Newham,335337,2.567566358618345,3.4204397367424413,7,1,2015/16,5.988006095360786
Newham,2016-06-01,804,1167,2016,E09000025,Newham,335337,2.397588097943263,3.480081231716154,8,1,2015/16,5.877669329659417
Newham,2016-07-01,893,1195,2016,E09000025,Newham,335337,2.662992750576286,3.5635793246793526,9,1,2015/16,6.226572075255639
Newham,2016-08-01,822,1214,2016,E09000025,Newham,335337,2.451265443419605,3.6202387449043796,10,1,2015/16,6.071504188323985
Newham,2016-09-01,797,1214,2016,E09000025,Newham,335337,2.3767135747024635,3.6202387449043796,11,1,2015/16,5.996952319606843
Newham,2016-10-01,945,1402,2016,E09000025,Newham,335337,2.81806063750794,4.180868797657282,12,1,2015/16,6.998929435165222
Newham,2016-11-01,883,1304,2016,E09000025,Newham,335337,2.6331720030894292,3.8886254722860882,13,2,2016/17,6.521797475375518
Newham,2016-12-01,924,1326,2016,E09000025,Newham,335337,2.7554370677855413,3.9542311167571724,14,2,2016/17,6.709668184542714
Newham,2017-01-01,778,1294,2017,E09000025,Newham,338333,2.299509654689315,3.8246343099845417,15,2,2016/17,6.1241439646738565
Newham,2017-02-01,794,1177,2017,E09000025,Newham,338333,2.3468003416752135,3.478821161400159,16,2,2016/17,5.825621503075372
Newham,2017-03-01,1003,1397,2017,E09000025,Newham,338333,2.964534940428513,4.129068107456264,17,2,2016/17,7.093603047884777
Newham,2017-04-01,910,1275,2017,E09000025,Newham,338333,2.6896578223229777,3.7684766191887875,18,2,2016/17,6.458134441511765
Newham,2017-05-01,920,1209,2017,E09000025,Newham,338333,2.719214501689164,3.573402535371956,19,2,2016/17,6.29261703706112
Newham,2017-06-01,934,1274,2017,E09000025,Newham,338333,2.7605938528018252,3.7655209512521686,20,2,2016/17,6.526114804053994
Newham,2017-07-01,1026,1378,2017,E09000025,Newham,338333,3.032515302970742,4.072910416660509,21,2,2016/17,7.105425719631251
Newham,2017-08-01,914,1292,2017,E09000025,Newham,338333,2.701480494069452,3.8187229741113047,22,2,2016/17,6.520203468180757
Newham,2017-09-01,902,1325,2017,E09000025,Newham,338333,2.6660124788300283,3.91626001601972,23,2,2016/17,6.582272494849748
Newham,2017-10-01,1094,1359,2017,E09000025,Newham,338333,3.2335007226608106,4.016752725864754,24,2,2016/17,7.250253448525565
Newham,2017-11-01,1088,1401,2017,E09000025,Newham,338333,3.2157667150410987,4.1408907792027385,25,3,2017/18,7.356657494243837
Newham,2017-12-01,993,1259,2017,E09000025,Newham,338333,2.934978261062326,3.721185932202889,26,3,2017/18,6.656164193265215
Newham,2018-01-01,929,1403,2018,E09000025,Newham,344570,2.6961139971558756,4.071741590968453,27,3,2017/18,6.767855588124329
Newham,2018-02-01,827,1230,2018,E09000025,Newham,344570,2.400092869373422,3.5696665409060566,28,3,2017/18,5.969759410279479
Newham,2018-03-01,972,1327,2018,E09000025,Newham,344570,2.8209072176916155,3.8511768290913313,29,3,2017/18,6.672084046782947
Newham,2018-04-01,870,1412,2018,E09000025,Newham,344570,2.5248860899091623,4.0978611022433755,30,3,2017/18,6.622747192152538
Newham,2018-05-01,976,1368,2018,E09000025,Newham,344570,2.832515889369359,3.9701657137882,31,3,2017/18,6.802681603157559
Newham,2018-06-01,1074,1457,2018,E09000025,Newham,344570,3.116928345474069,4.2284586586179875,32,3,2017/18,7.345387004092057
Newham,2018-07-01,1070,1405,2018,E09000025,Newham,344570,3.105319673796326,4.077545926807325,33,3,2017/18,7.182865600603651
Newham,2018-08-01,879,1461,2018,E09000025,Newham,344570,2.5510056011840847,4.240067330295731,34,3,2017/18,6.791072931479816
Newham,2018-09-01,990,1307,2018,E09000025,Newham,344570,2.8731462402414603,3.7931334707026148,35,3,2017/18,6.666279710944075
Newham,2018-10-01,968,1453,2018,E09000025,Newham,344570,2.8092985460138724,4.216849986940244,36,3,2017/18,7.0261485329541165
Newham,2018-11-01,960,1472,2018,E09000025,Newham,344570,2.786081202658386,4.271991177409525,37,4,2018/19,7.058072380067911
Newham,2018-12-01,947,1381,2018,E09000025,Newham,344570,2.74835301970572,4.007893896740866,38,4,2018/19,6.756246916446585
Newham,2019-01-01,883,1290,2019,E09000025,Newham,349786,2.524400633530216,3.687969215463169,39,4,2018/19,6.212369848993385
Newham,2019-02-01,944,1279,2019,E09000025,Newham,349786,2.6987929762769234,3.6565214159514676,40,4,2018/19,6.355314392228391
Newham,2019-03-01,971,1335,2019,E09000025,Newham,349786,2.775983029623827,3.816619304374675,41,4,2018/19,6.592602333998502
Newham,2019-04-01,896,1379,2019,E09000025,Newham,349786,2.561566214771317,3.9424105024214806,42,4,2018/19,6.503976717192797
Newham,2019-05-01,1058,1346,2019,E09000025,Newham,349786,3.0247065348527387,3.8480671038863763,43,4,2018/19,6.872773638739115
Newham,2019-06-01,1039,1297,2019,E09000025,Newham,349786,2.970387608423436,3.7079814515160696,44,4,2018/19,6.678369059939506
Newham,2019-07-01,1002,1411,2019,E09000025,Newham,349786,2.8646086464295313,4.033895010091885,45,4,2018/19,6.898503656521417
Newham,2019-08-01,949,1252,2019,E09000025,Newham,349786,2.7130874306004245,3.579331362604564,46,4,2018/19,6.292418793204988
Newham,2019-09-01,887,1124,2019,E09000025,Newham,349786,2.535836196989016,3.2133933319229473,47,4,2018/19,5.749229528911963
Newham,2019-10-01,1038,1393,2019,E09000025,Newham,349786,2.9675287175587357,3.9824349745272825,48,4,2018/19,6.949963692086018
Newham,2019-11-01,1051,1381,2019,E09000025,Newham,349786,3.0046942987998375,3.9481282841508807,49,5,2019/20,6.952822582950718
Newham,2019-12-01,937,1269,2019,E09000025,Newham,349786,2.6787807402240227,3.6279325073044664,50,5,2019/20,6.306713247528489
Newham,2020-01-01,1056,1264,2020,E09000025,Newham,350025,3.0169273623312622,3.6111706306692377,51,5,2019/20,6.6280979930005
Newham,2020-02-01,906,1331,2020,E09000025,Newham,350025,2.5883865438182987,3.8025855296050284,52,5,2019/20,6.3909720734233275
Newham,2020-03-01,766,876,2020,E09000025,Newham,350025,2.1884151132061995,2.502678380115706,53,5,2019/20,4.6910934933219055
Newham,2020-04-01,757,722,2020,E09000025,Newham,350025,2.1627026640954217,2.0627098064423968,54,5,2019/20,4.225412470537819
Newham,2020-05-01,833,774,2020,E09000025,Newham,350025,2.3798300121419897,2.211270623526891,55,5,2019/20,4.59110063566888
Newham,2020-06-01,984,994,2020,E09000025,Newham,350025,2.81122776944504,2.8397971573459038,56,5,2019/20,5.651024926790944
Newham,2020-07-01,934,1236,2020,E09000025,Newham,350025,2.6683808299407183,3.531176344546818,57,5,2019/20,6.199557174487536
Newham,2020-08-01,1038,1199,2020,E09000025,Newham,350025,2.9655024641097065,3.4254696093136205,58,5,2019/20,6.3909720734233275
Newham,2020-09-01,981,1213,2020,E09000025,Newham,350025,2.8026569530747802,3.46546675237483,59,5,2019/20,6.268123705449611
Newham,2020-10-01,1001,1413,2020,E09000025,Newham,350025,2.859795728876509,4.036854510392115,60,5,2019/20,6.896650239268624
Newham,2020-11-01,916,1185,2020,E09000025,Newham,350025,2.616955931719163,3.3854724662524105,61,6,2020/21,6.002428397971574
Newham,2020-12-01,925,1280,2020,E09000025,Newham,350025,2.642668380829941,3.656881651310621,62,6,2020/21,6.299550032140562
Newham,2021-01-01,800,1005,2021,E09000025,Newham,351256,2.2775411665565857,2.8611610904867106,63,6,2020/21,5.138702257043296
Newham,2021-02-01,782,885,2021,E09000025,Newham,351256,2.2262964903090623,2.519529915503223,64,6,2020/21,4.745826405812285
Newham,2021-03-01,985,893,2021,E09000025,Newham,351256,2.804222561322796,2.5423053271687888,65,6,2020/21,5.346527888491584
Newham,2021-04-01,903,1102,2021,E09000025,Newham,351256,2.570774591750746,3.1373129569316967,66,6,2020/21,5.7080875486824425
Newham,2021-05-01,1019,1150,2021,E09000025,Newham,351256,2.9010180609014506,3.2739654269250917,67,6,2020/21,6.174983487826543
Newham,2021-06-01,1028,1213,2021,E09000025,Newham,351256,2.9266403990252123,3.4533217937914227,68,6,2020/21,6.379962192816635
Newham,2021-07-01,1000,1210,2021,E09000025,Newham,351256,2.846926458195732,3.4447810144168356,69,6,2020/21,6.2917074726125675
Newham,2021-08-01,929,1229,2021,E09000025,Newham,351256,2.644794679663835,3.4988726171225544,70,6,2020/21,6.14366729678639
Newham,2021-09-01,959,1353,2021,E09000025,Newham,351256,2.730202473409707,3.8518914979388255,71,6,2020/21,6.582093971348533
Newham,2021-10-01,1079,1526,2021,E09000025,Newham,351256,3.0718336483931945,4.344409775206687,72,6,2020/21,7.416243423599882
Newham,2021-11-01,1018,1321,2021,E09000025,Newham,351256,2.8981711344432552,3.7607898512765616,73,7,2021/22,6.658960985719817
Newham,2021-12-01,1008,1145,2021,E09000025,Newham,351256,2.8697018698612977,3.259730794634113,74,7,2021/22,6.129432664495411
Newham,2022-01-01,987,1231,2022,E09000025,Newham,357327,2.7621758221461015,3.445023745756688,75,7,2021/22,6.207199567902789
Newham,2022-02-01,850,1407,2022,E09000025,Newham,357327,2.378773504381141,3.937569789016783,76,7,2021/22,6.316343293397924
Newham,2022-03-01,1062,1449,2022,E09000025,Newham,357327,2.9720676019444374,4.055109185703851,77,7,2021/22,7.027176787648289
Newham,2022-04-01,875,1361,2022,E09000025,Newham,357327,2.4487374309805863,3.8088361640738038,78,7,2021/22,6.2575735950543905
Newham,2022-05-01,1059,1308,2022,E09000025,Newham,357327,2.963671930752504,3.6605126396829792,79,7,2021/22,6.624184570435483
Newham,2022-06-01,1001,1234,2022,E09000025,Newham,357327,2.801355621041791,3.453419416948621,80,7,2021/22,6.254775037990412
Newham,2022-07-01,1047,1268,2022,E09000025,Newham,357327,2.93008924598477,3.548570357123867,81,7,2021/22,6.478659603108637
Newham,2022-08-01,975,1235,2022,E09000025,Newham,357327,2.728593137378368,3.456217974012599,82,7,2021/22,6.184811111390967
Newham,2022-09-01,937,1237,2022,E09000025,Newham,357327,2.6222479689472107,3.461815088140555,83,7,2021/22,6.084063057087766
Newham,2022-10-01,1078,1360,2022,E09000025,Newham,357327,3.0168445149680823,3.806037607009826,84,7,2021/22,6.8228821219779086
Newham,2022-11-01,1018,1434,2022,E09000025,Newham,357327,2.8489310911294137,4.013130829744184,85,8,2022/23,6.862061920873598
Newham,2022-12-01,893,1280,2022,E09000025,Newham,357327,2.499111458132187,3.5821530418916008,86,8,2022/23,6.081264500023788
Newham,2023-01-01,961,1355,2023,E09000025,Newham,368194,2.6100371000070615,3.6801251514147433,87,8,2022/23,6.290162251421805
Newham,2023-02-01,901,1370,2023,E09000025,Newham,368194,2.4470795287267038,3.720864544234833,88,8,2022/23,6.167944072961537
Newham,2023-03-01,989,1397,2023,E09000025,Newham,368194,2.6860839666045617,3.7941954513109937,89,8,2022/23,6.480279417915556
Newham,2023-04-01,1023,1314,2023,E09000025,Newham,368194,2.7784265903300978,3.5687708110398324,90,8,2022/23,6.347197401369931
Newham,2023-05-01,1079,1474,2023,E09000025,Newham,368194,2.9305203235250983,4.00332433445412,91,8,2022/23,6.933844657979218
Newham,2023-06-01,1213,1596,2023,E09000025,Newham,368194,3.2944588993845634,4.334671396057513,92,8,2022/23,7.629130295442076
Newham,2023-07-01,1122,1530,2023,E09000025,Newham,368194,3.0473065829426877,4.15541806764912,93,8,2022/23,7.202724650591808
Newham,2023-08-01,1096,1549,2023,E09000025,Newham,368194,2.976691635387866,4.207021298554566,94,8,2022/23,7.183712933942433
Newham,2023-09-01,1162,1571,2023,E09000025,Newham,368194,3.1559449637962596,4.266772408024031,95,8,2022/23,7.422717371820291
Newham,2023-10-01,1004,1573,2023,E09000025,Newham,368194,2.726823359424651,4.272204327066709,96,8,2022/23,6.99902768649136
Redbridge,2015-11-01,551,778,2015,E09000026,Redbridge,301022,1.830430998398788,2.5845287055431165,1,1,2015/16,4.414959703941904
Redbridge,2015-12-01,525,717,2015,E09000026,Redbridge,301022,1.7440585737919487,2.381885709350147,2,1,2015/16,4.125944283142096
Redbridge,2016-01-01,491,658,2016,E09000026,Redbridge,304369,1.6131734835019336,2.161849597035178,3,1,2015/16,3.775023080537111
Redbridge,2016-02-01,513,751,2016,E09000026,Redbridge,304369,1.6854541691170914,2.467399768044709,4,1,2015/16,4.152853937161801
Redbridge,2016-03-01,579,770,2016,E09000026,Redbridge,304369,1.902296225962565,2.529823996530527,5,1,2015/16,4.432120222493092
Redbridge,2016-04-01,546,779,2016,E09000026,Redbridge,304369,1.7938751975398284,2.5593933679185463,6,1,2015/16,4.353268565458375
Redbridge,2016-05-01,564,758,2016,E09000026,Redbridge,304369,1.8530139403158665,2.490398168013168,7,1,2015/16,4.3434121083290345
Redbridge,2016-06-01,536,729,2016,E09000026,Redbridge,304369,1.7610203404420293,2.395119082429551,8,1,2015/16,4.15613942287158
Redbridge,2016-07-01,598,771,2016,E09000026,Redbridge,304369,1.9647204544483834,2.533109482240307,9,1,2015/16,4.4978299366886905
Redbridge,2016-08-01,597,819,2016,E09000026,Redbridge,304369,1.9614349687386035,2.6908127963097423,10,1,2015/16,4.652247765048346
Redbridge,2016-09-01,514,776,2016,E09000026,Redbridge,304369,1.6887396548268714,2.5495369107892065,11,1,2015/16,4.2382765656160775
Redbridge,2016-10-01,552,788,2016,E09000026,Redbridge,304369,1.8135881117985078,2.5889627393065653,12,1,2015/16,4.402550851105073
Redbridge,2016-11-01,520,759,2016,E09000026,Redbridge,304369,1.7084525690855508,2.493683653722948,13,2,2016/17,4.202136222808499
Redbridge,2016-12-01,505,709,2016,E09000026,Redbridge,304369,1.6591702834388522,2.3294093682339527,14,2,2016/17,3.988579651672805
Redbridge,2017-01-01,492,770,2017,E09000026,Redbridge,305937,1.6081742319497152,2.5168580459375622,15,2,2016/17,4.125032277887278
Redbridge,2017-02-01,506,756,2017,E09000026,Redbridge,305937,1.653935287330398,2.4710969905568794,16,2,2016/17,4.125032277887278
Redbridge,2017-03-01,563,921,2017,E09000026,Redbridge,305937,1.8402481556660357,3.010423714686357,17,2,2016/17,4.850671870352393
Redbridge,2017-04-01,540,870,2017,E09000026,Redbridge,305937,1.7650692789691995,2.8437227272281547,18,2,2016/17,4.608792006197354
Redbridge,2017-05-01,651,928,2017,E09000026,Redbridge,305937,2.1278890752017574,3.0333042423766985,19,2,2016/17,5.161193317578456
Redbridge,2017-06-01,644,1002,2017,E09000026,Redbridge,305937,2.1050085475114155,3.275184106531737,20,2,2016/17,5.380192654043153
Redbridge,2017-07-01,652,970,2017,E09000026,Redbridge,305937,2.131157722014663,3.1705874085187475,21,2,2016/17,5.30174513053341
Redbridge,2017-08-01,535,984,2017,E09000026,Redbridge,305937,1.74872604490467,3.2163484638994304,22,2,2016/17,4.965074508804101
Redbridge,2017-09-01,618,971,2017,E09000026,Redbridge,305937,2.0200237303758617,3.1738560553316533,23,2,2016/17,5.193879785707515
Redbridge,2017-10-01,611,1017,2017,E09000026,Redbridge,305937,1.9971432026855203,3.3242138087253257,24,2,2016/17,5.321357011410846
Redbridge,2017-11-01,592,905,2017,E09000026,Redbridge,305937,1.9350389132403076,2.9581253656798623,25,3,2017/18,4.89316427892017
Redbridge,2017-12-01,547,787,2017,E09000026,Redbridge,305937,1.787949806659541,2.572425041756963,26,3,2017/18,4.360374848416504
Redbridge,2018-01-01,641,869,2018,E09000026,Redbridge,308841,2.0755016335266365,2.8137455842974215,27,3,2017/18,4.8892472178240585
Redbridge,2018-02-01,542,801,2018,E09000026,Redbridge,308841,1.7549483391130063,2.5935675638921,28,3,2017/18,4.348515903005106
Redbridge,2018-03-01,605,871,2018,E09000026,Redbridge,308841,1.9589367991944076,2.82022140842699,29,3,2017/18,4.779158207621398
Redbridge,2018-04-01,600,909,2018,E09000026,Redbridge,308841,1.9427472388704867,2.943262066888787,30,3,2017/18,4.8860093057592735
Redbridge,2018-05-01,675,806,2018,E09000026,Redbridge,308841,2.185590643729298,2.6097571242160207,31,3,2017/18,4.7953477679453185
Redbridge,2018-06-01,652,834,2018,E09000026,Redbridge,308841,2.1111186662392623,2.7004186620299766,32,3,2017/18,4.811537328269239
Redbridge,2018-07-01,730,919,2018,E09000026,Redbridge,308841,2.3636758072924255,2.975641187536629,33,3,2017/18,5.339316994829055
Redbridge,2018-08-01,594,826,2018,E09000026,Redbridge,308841,1.9233197664817818,2.6745153655117035,34,3,2017/18,4.597835131993485
Redbridge,2018-09-01,613,889,2018,E09000026,Redbridge,308841,1.9848400957126806,2.8785038255931044,35,3,2017/18,4.863343921305785
Redbridge,2018-10-01,683,983,2018,E09000026,Redbridge,308841,2.211493940247571,3.182867559682814,36,3,2017/18,5.394361499930385
Redbridge,2018-11-01,661,939,2018,E09000026,Redbridge,308841,2.1402598748223194,3.0403994288323117,37,4,2018/19,5.180659303654631
Redbridge,2018-12-01,658,817,2018,E09000026,Redbridge,308841,2.130546138627967,2.645374156928646,38,4,2018/19,4.775920295556613
Redbridge,2019-01-01,661,854,2019,E09000026,Redbridge,311780,2.1200846750914106,2.7391109115401884,39,4,2018/19,4.859195586631599
Redbridge,2019-02-01,641,855,2019,E09000026,Redbridge,311780,2.0559368785682213,2.742318301366348,40,4,2018/19,4.79825517993457
Redbridge,2019-03-01,587,975,2019,E09000026,Redbridge,311780,1.8827378279556097,3.1272050805054845,41,4,2018/19,5.0099429084610945
Redbridge,2019-04-01,618,966,2019,E09000026,Redbridge,311780,1.9821669125665533,3.0983385720700496,42,4,2018/19,5.080505484636603
Redbridge,2019-05-01,690,917,2019,E09000026,Redbridge,311780,2.2130989800500354,2.9411764705882355,43,4,2018/19,5.154275450638271
Redbridge,2019-06-01,678,911,2019,E09000026,Redbridge,311780,2.174610302136122,2.9219321316312783,44,4,2018/19,5.0965424337674
Redbridge,2019-07-01,686,934,2019,E09000026,Redbridge,311780,2.200269420745397,2.9957020976329463,45,4,2018/19,5.195971518378343
Redbridge,2019-08-01,643,868,2019,E09000026,Redbridge,311780,2.0623516582205403,2.7840143691064214,46,4,2018/19,4.846366027326962
Redbridge,2019-09-01,610,927,2019,E09000026,Redbridge,311780,1.9565077939572775,2.97325036884983,47,4,2018/19,4.929758162807108
Redbridge,2019-10-01,695,985,2019,E09000026,Redbridge,311780,2.2291359291808326,3.1592789787670794,48,4,2018/19,5.388414907947912
Redbridge,2019-11-01,635,960,2019,E09000026,Redbridge,311780,2.0366925396112645,3.0790942331130924,49,5,2019/20,5.115786772724357
Redbridge,2019-12-01,578,915,2019,E09000026,Redbridge,311780,1.8538713195201746,2.9347616909359164,50,5,2019/20,4.788633010456091
Redbridge,2020-01-01,637,944,2020,E09000026,Redbridge,311750,2.0433039294306337,3.028067361668003,51,5,2019/20,5.071371291098637
Redbridge,2020-02-01,623,1018,2020,E09000026,Redbridge,311750,1.9983961507618284,3.2654370489174016,52,5,2019/20,5.26383319967923
Redbridge,2020-03-01,517,683,2020,E09000026,Redbridge,311750,1.6583801122694466,2.1908580593424216,53,5,2019/20,3.8492381716118684
Redbridge,2020-04-01,520,603,2020,E09000026,Redbridge,311750,1.6680032076984763,1.934242181234964,54,5,2019/20,3.60224538893344
Redbridge,2020-05-01,575,727,2020,E09000026,Redbridge,311750,1.8444266238973537,2.3319967923015237,55,5,2019/20,4.176423416198878
Redbridge,2020-06-01,719,752,2020,E09000026,Redbridge,311750,2.306335204490778,2.412189254210104,56,5,2019/20,4.718524458700882
Redbridge,2020-07-01,738,802,2020,E09000026,Redbridge,311750,2.367281475541299,2.5725741780272653,57,5,2019/20,4.939855653568564
Redbridge,2020-08-01,712,788,2020,E09000026,Redbridge,311750,2.2838813151563753,2.5276663993584605,58,5,2019/20,4.811547714514836
Redbridge,2020-09-01,710,832,2020,E09000026,Redbridge,311750,2.277465918203689,2.668805132317562,59,5,2019/20,4.946271050521251
Redbridge,2020-10-01,682,990,2020,E09000026,Redbridge,311750,2.1876503608660784,3.1756214915797916,60,5,2019/20,5.36327185244587
Redbridge,2020-11-01,638,850,2020,E09000026,Redbridge,311750,2.046511627906977,2.72654370489174,61,6,2020/21,4.773055332798717
Redbridge,2020-12-01,575,834,2020,E09000026,Redbridge,311750,1.8444266238973537,2.6752205292702484,62,6,2020/21,4.519647153167602
Redbridge,2021-01-01,600,762,2021,E09000026,Redbridge,310130,1.9346725566697835,2.457034146970625,63,6,2020/21,4.391706703640409
Redbridge,2021-02-01,571,693,2021,E09000026,Redbridge,310130,1.8411633830974108,2.2345468029536,64,6,2020/21,4.075710186051011
Redbridge,2021-03-01,760,785,2021,E09000026,Redbridge,310130,2.450585238448393,2.5311965949763002,65,6,2020/21,4.981781833424693
Redbridge,2021-04-01,733,763,2021,E09000026,Redbridge,310130,2.363524973398252,2.4602586012317413,66,6,2020/21,4.823783574629994
Redbridge,2021-05-01,867,823,2021,E09000026,Redbridge,310130,2.7956018443878374,2.65372585689872,67,6,2020/21,5.449327701286558
Redbridge,2021-06-01,780,1013,2021,E09000026,Redbridge,310130,2.515074323670719,3.266372166510818,68,6,2020/21,5.781446490181537
Redbridge,2021-07-01,792,940,2021,E09000026,Redbridge,310130,2.5537677748041143,3.0309870054493278,69,6,2020/21,5.5847547802534425
Redbridge,2021-08-01,725,842,2021,E09000026,Redbridge,310130,2.337729339309322,2.7149904878599296,70,6,2020/21,5.052719827169252
Redbridge,2021-09-01,724,854,2021,E09000026,Redbridge,310130,2.3345048850482057,2.7536839389933254,71,6,2020/21,5.088188824041531
Redbridge,2021-10-01,833,904,2021,E09000026,Redbridge,310130,2.685970399509883,2.9149066520491407,72,6,2020/21,5.600877051559024
Redbridge,2021-11-01,803,936,2021,E09000026,Redbridge,310130,2.589236771676394,3.0180891884048626,73,7,2021/22,5.607325960081257
Redbridge,2021-12-01,662,871,2021,E09000026,Redbridge,310130,2.1345887208589946,2.8084996614323026,74,7,2021/22,4.943088382291297
Redbridge,2022-01-01,676,909,2022,E09000026,Redbridge,311629,2.16924612279345,2.9169300674840914,75,7,2021/22,5.086176190277541
Redbridge,2022-02-01,691,841,2022,E09000026,Redbridge,311629,2.2173802823228903,2.6987218776172948,76,7,2021/22,4.916102159940185
Redbridge,2022-03-01,769,907,2022,E09000026,Redbridge,311629,2.4676779118759806,2.9105121795468327,77,7,2021/22,5.378190091422813
Redbridge,2022-04-01,667,844,2022,E09000026,Redbridge,311629,2.1403656270757856,2.708348709523183,78,7,2021/22,4.848714336598968
Redbridge,2022-05-01,792,911,2022,E09000026,Redbridge,311629,2.541483623154456,2.92334795542135,79,7,2021/22,5.464831578575806
Redbridge,2022-06-01,744,975,2022,E09000026,Redbridge,311629,2.3874543126602465,3.12872036941363,80,7,2021/22,5.516174682073876
Redbridge,2022-07-01,785,864,2022,E09000026,Redbridge,311629,2.5190210153740504,2.77252758889577,81,7,2021/22,5.2915486042698205
Redbridge,2022-08-01,690,881,2022,E09000026,Redbridge,311629,2.214171338354261,2.8270796363624693,82,7,2021/22,5.04125097471673
Redbridge,2022-09-01,714,880,2022,E09000026,Redbridge,311629,2.2911859936013657,2.82387069239384,83,7,2021/22,5.115056685995206
Redbridge,2022-10-01,752,1022,2022,E09000026,Redbridge,311629,2.4131258644092815,3.27954073593921,84,7,2021/22,5.692666600348492
Redbridge,2022-11-01,707,941,2022,E09000026,Redbridge,311629,2.26872338582096,3.0196162744802315,85,8,2022/23,5.288339660301192
Redbridge,2022-12-01,714,844,2022,E09000026,Redbridge,311629,2.2911859936013657,2.708348709523183,86,8,2022/23,4.9995347031245485
Redbridge,2023-01-01,725,866,2023,E09000026,Redbridge,316556,2.290274074729274,2.7356928947800707,87,8,2022/23,5.025966969509344
Redbridge,2023-02-01,668,878,2023,E09000026,Redbridge,316556,2.1102111474746965,2.7736008794652447,88,8,2022/23,4.883812026939941
Redbridge,2023-03-01,762,922,2023,E09000026,Redbridge,316556,2.407157027508561,2.912596823310883,89,8,2022/23,5.319753850819444
Redbridge,2023-04-01,807,858,2023,E09000026,Redbridge,316556,2.549311970077964,2.7104209049899546,90,8,2022/23,5.259732875067918
Redbridge,2023-05-01,854,985,2023,E09000026,Redbridge,316556,2.6977849100948963,3.1116137429080477,91,8,2022/23,5.809398653002944
Redbridge,2023-06-01,840,869,2023,E09000026,Redbridge,316556,2.653558927962193,2.745169890951364,92,8,2022/23,5.398728818913558
Redbridge,2023-07-01,801,919,2023,E09000026,Redbridge,316556,2.530357977735377,2.90311982713959,93,8,2022/23,5.433477804874967
Redbridge,2023-08-01,774,946,2023,E09000026,Redbridge,316556,2.445065012193735,2.9884127926812316,94,8,2022/23,5.433477804874967
Redbridge,2023-09-01,829,927,2023,E09000026,Redbridge,316556,2.6188099420007833,2.928391816929706,95,8,2022/23,5.547201758930489
Redbridge,2023-10-01,768,835,2023,E09000026,Redbridge,316556,2.426111019851148,2.6377639343433703,96,8,2022/23,5.063874954194518
Richmond upon Thames,2015-11-01,216,436,2015,E09000027,Richmond upon Thames,194966,1.1078854774678661,2.236287352666619,1,1,2015/16,3.344172830134485
Richmond upon Thames,2015-12-01,255,414,2015,E09000027,Richmond upon Thames,194966,1.3079203553440086,2.1234471651467435,2,1,2015/16,3.431367520490752
Richmond upon Thames,2016-01-01,249,401,2016,E09000027,Richmond upon Thames,196293,1.2685118674634348,2.0428644933848887,3,1,2015/16,3.3113763608483238
Richmond upon Thames,2016-02-01,198,443,2016,E09000027,Richmond upon Thames,196293,1.0086961837661048,2.256830350547396,4,1,2015/16,3.2655265343135005
Richmond upon Thames,2016-03-01,237,443,2016,E09000027,Richmond upon Thames,196293,1.207378765417004,2.256830350547396,5,1,2015/16,3.4642091159644
Richmond upon Thames,2016-04-01,239,445,2016,E09000027,Richmond upon Thames,196293,1.217567615758076,2.2670192008884675,6,1,2015/16,3.4845868166465435
Richmond upon Thames,2016-05-01,272,589,2016,E09000027,Richmond upon Thames,196293,1.38568364638576,3.0006164254456347,7,1,2015/16,4.3863000718313945
Richmond upon Thames,2016-06-01,224,514,2016,E09000027,Richmond upon Thames,196293,1.1411512382000377,2.6185345376554436,8,1,2015/16,3.7596857758554814
Richmond upon Thames,2016-07-01,260,571,2016,E09000027,Richmond upon Thames,196293,1.3245505443393295,2.908916772375989,9,1,2015/16,4.233467316715318
Richmond upon Thames,2016-08-01,231,537,2016,E09000027,Richmond upon Thames,196293,1.176812214393789,2.735706316577769,10,1,2015/16,3.9125185309715578
Richmond upon Thames,2016-09-01,259,536,2016,E09000027,Richmond upon Thames,196293,1.3194561191687937,2.730611891407233,11,1,2015/16,4.050068010576027
Richmond upon Thames,2016-10-01,226,517,2016,E09000027,Richmond upon Thames,196293,1.1513400885411094,2.633817813167051,12,1,2015/16,3.7851579017081605
Richmond upon Thames,2016-11-01,219,471,2016,E09000027,Richmond upon Thames,196293,1.1156791123473584,2.3994742553224007,13,2,2016/17,3.5151533676697593
Richmond upon Thames,2016-12-01,246,424,2016,E09000027,Richmond upon Thames,196293,1.2532285919518271,2.1600362723072144,14,2,2016/17,3.4132648642590415
Richmond upon Thames,2017-01-01,226,438,2017,E09000027,Richmond upon Thames,196849,1.1480881284639495,2.225055753394734,15,2,2016/17,3.3731438818586836
Richmond upon Thames,2017-02-01,226,458,2017,E09000027,Richmond upon Thames,196849,1.1480881284639495,2.326656472727827,16,2,2016/17,3.4747446011917766
Richmond upon Thames,2017-03-01,244,585,2017,E09000027,Richmond upon Thames,196849,1.2395287758637332,2.9718210404929666,17,2,2016/17,4.2113498163567
Richmond upon Thames,2017-04-01,265,532,2017,E09000027,Richmond upon Thames,196849,1.3462095311634807,2.7025791342602705,18,2,2016/17,4.048788665423752
Richmond upon Thames,2017-05-01,324,643,2017,E09000027,Richmond upon Thames,196849,1.6459316531961046,3.266463126558936,19,2,2016/17,4.912394779755041
Richmond upon Thames,2017-06-01,308,613,2017,E09000027,Richmond upon Thames,196849,1.5646510777296303,3.1140620475592966,20,2,2016/17,4.678713125288927
Richmond upon Thames,2017-07-01,305,659,2017,E09000027,Richmond upon Thames,196849,1.5494109698296663,3.34774370202541,21,2,2016/17,4.897154671855077
Richmond upon Thames,2017-08-01,267,527,2017,E09000027,Richmond upon Thames,196849,1.35636960309679,2.6771789544269975,22,2,2016/17,4.033548557523788
Richmond upon Thames,2017-09-01,290,567,2017,E09000027,Richmond upon Thames,196849,1.4732104303298468,2.880380393093183,23,2,2016/17,4.35359082342303
Richmond upon Thames,2017-10-01,283,530,2017,E09000027,Richmond upon Thames,196849,1.4376501785632643,2.6924190623269615,24,2,2016/17,4.130069240890226
Richmond upon Thames,2017-11-01,297,559,2017,E09000027,Richmond upon Thames,196849,1.5087706820964293,2.839740105359946,25,3,2017/18,4.348510787456375
Richmond upon Thames,2017-12-01,268,498,2017,E09000027,Richmond upon Thames,196849,1.3614496390634445,2.5298579113940125,26,3,2017/18,3.891307550457457
Richmond upon Thames,2018-01-01,250,526,2018,E09000027,Richmond upon Thames,197119,1.268269421009644,2.6684388618042907,27,3,2017/18,3.9367082828139344
Richmond upon Thames,2018-02-01,243,467,2018,E09000027,Richmond upon Thames,197119,1.2327578772213739,2.369127278446015,28,3,2017/18,3.6018851556673885
Richmond upon Thames,2018-03-01,261,535,2018,E09000027,Richmond upon Thames,197119,1.3240732755340683,2.714096560960638,29,3,2017/18,4.038169836494706
Richmond upon Thames,2018-04-01,263,464,2018,E09000027,Richmond upon Thames,197119,1.3342194309021453,2.353908045393899,30,3,2017/18,3.688127476296044
Richmond upon Thames,2018-05-01,325,525,2018,E09000027,Richmond upon Thames,197119,1.648750247312537,2.663365784120252,31,3,2017/18,4.312116031432789
Richmond upon Thames,2018-06-01,304,507,2018,E09000027,Richmond upon Thames,197119,1.542215615947727,2.572050385807558,32,3,2017/18,4.114266001755285
Richmond upon Thames,2018-07-01,401,561,2018,E09000027,Richmond upon Thames,197119,2.034304151299469,2.845996580745641,33,3,2017/18,4.88030073204511
Richmond upon Thames,2018-08-01,307,512,2018,E09000027,Richmond upon Thames,197119,1.5574348489998426,2.5974157742277506,34,3,2017/18,4.154850623227594
Richmond upon Thames,2018-09-01,246,527,2018,E09000027,Richmond upon Thames,197119,1.2479771102734896,2.6735119394883293,35,3,2017/18,3.921489049761819
Richmond upon Thames,2018-10-01,277,594,2018,E09000027,Richmond upon Thames,197119,1.4052425184786854,3.013408144318914,36,3,2017/18,4.418650662797599
Richmond upon Thames,2018-11-01,317,593,2018,E09000027,Richmond upon Thames,197119,1.6081656258402286,3.0083350666348756,37,4,2018/19,4.616500692475104
Richmond upon Thames,2018-12-01,316,436,2018,E09000027,Richmond upon Thames,197119,1.60309254815619,2.211861870240819,38,4,2018/19,3.8149544183970088
Richmond upon Thames,2019-01-01,277,526,2019,E09000027,Richmond upon Thames,198185,1.3976839821379015,2.6540858288972426,39,4,2018/19,4.051769811035144
Richmond upon Thames,2019-02-01,234,482,2019,E09000027,Richmond upon Thames,198185,1.1807149885208266,2.4320710447309333,40,4,2018/19,3.61278603325176
Richmond upon Thames,2019-03-01,321,551,2019,E09000027,Richmond upon Thames,198185,1.6196987663042106,2.7802305926281,41,4,2018/19,4.399929358932311
Richmond upon Thames,2019-04-01,330,545,2019,E09000027,Richmond upon Thames,198185,1.6651108812473194,2.7499558493326943,42,4,2018/19,4.415066730580014
Richmond upon Thames,2019-05-01,311,534,2019,E09000027,Richmond upon Thames,198185,1.5692408608118678,2.6944521532911168,43,4,2018/19,4.2636930141029845
Richmond upon Thames,2019-06-01,354,473,2019,E09000027,Richmond upon Thames,198185,1.7862098544289426,2.3866589297878247,44,4,2018/19,4.172868784216767
Richmond upon Thames,2019-07-01,344,531,2019,E09000027,Richmond upon Thames,198185,1.7357519489365996,2.679314781643414,45,4,2018/19,4.415066730580014
Richmond upon Thames,2019-08-01,266,493,2019,E09000027,Richmond upon Thames,198185,1.3421802860963241,2.4875747407725104,46,4,2018/19,3.8297550268688347
Richmond upon Thames,2019-09-01,301,484,2019,E09000027,Richmond upon Thames,198185,1.5187829553195247,2.442162625829402,47,4,2018/19,3.9609455811489265
Richmond upon Thames,2019-10-01,286,576,2019,E09000027,Richmond upon Thames,198185,1.4430960970810103,2.9063753563589576,48,4,2018/19,4.349471453439968
Richmond upon Thames,2019-11-01,319,613,2019,E09000027,Richmond upon Thames,198185,1.609607185205742,3.0930696066806265,49,5,2019/20,4.702676791886368
Richmond upon Thames,2019-12-01,310,493,2019,E09000027,Richmond upon Thames,198185,1.5641950702626335,2.4875747407725104,50,5,2019/20,4.051769811035144
Richmond upon Thames,2020-01-01,290,596,2020,E09000027,Richmond upon Thames,197797,1.4661496382654944,3.013190291055982,51,5,2019/20,4.479339929321476
Richmond upon Thames,2020-02-01,265,506,2020,E09000027,Richmond upon Thames,197797,1.3397574280701932,2.558178334352897,52,5,2019/20,3.8979357624230904
Richmond upon Thames,2020-03-01,203,325,2020,E09000027,Richmond upon Thames,197797,1.0263047467858462,1.6430987325389161,53,5,2019/20,2.669403479324762
Richmond upon Thames,2020-04-01,244,283,2020,E09000027,Richmond upon Thames,197797,1.2335879715061402,1.43075981941081,54,5,2019/20,2.66434779091695
Richmond upon Thames,2020-05-01,307,404,2020,E09000027,Richmond upon Thames,197797,1.5520963411982993,2.042498116756068,55,5,2019/20,3.5945944579543676
Richmond upon Thames,2020-06-01,325,420,2020,E09000027,Richmond upon Thames,197797,1.6430987325389161,2.123389131281061,56,5,2019/20,3.766487863819977
Richmond upon Thames,2020-07-01,351,577,2020,E09000027,Richmond upon Thames,197797,1.7745466311420295,2.917132211307553,57,5,2019/20,4.6916788424495826
Richmond upon Thames,2020-08-01,340,564,2020,E09000027,Richmond upon Thames,197797,1.7189340586560968,2.851408262005996,58,5,2019/20,4.570342320662093
Richmond upon Thames,2020-09-01,287,581,2020,E09000027,Richmond upon Thames,197797,1.4509825730420582,2.937354964938801,59,5,2019/20,4.388337537980859
Richmond upon Thames,2020-10-01,258,554,2020,E09000027,Richmond upon Thames,197797,1.3043676092155088,2.8008513779278754,60,5,2019/20,4.105218987143385
Richmond upon Thames,2020-11-01,308,428,2020,E09000027,Richmond upon Thames,197797,1.5571520296061112,2.163834638543557,61,6,2020/21,3.7209866681496684
Richmond upon Thames,2020-12-01,284,390,2020,E09000027,Richmond upon Thames,197797,1.435815507818622,1.9717184790466995,62,6,2020/21,3.407533986865322
Richmond upon Thames,2021-01-01,261,300,2021,E09000027,Richmond upon Thames,195315,1.3363028953229399,1.535980339451655,63,6,2020/21,2.872283234774595
Richmond upon Thames,2021-02-01,280,348,2021,E09000027,Richmond upon Thames,195315,1.433581650154878,1.78173719376392,64,6,2020/21,3.215318843918798
Richmond upon Thames,2021-03-01,278,415,2021,E09000027,Richmond upon Thames,195315,1.4233417812252003,2.1247728029081228,65,6,2020/21,3.548114584133323
Richmond upon Thames,2021-04-01,311,425,2021,E09000027,Richmond upon Thames,195315,1.5922996185648823,2.1759721475565112,66,6,2020/21,3.7682717661213934
Richmond upon Thames,2021-05-01,336,440,2021,E09000027,Richmond upon Thames,195315,1.7202979801858536,2.252771164529094,67,6,2020/21,3.9730691447149473
Richmond upon Thames,2021-06-01,338,481,2021,E09000027,Richmond upon Thames,195315,1.7305378491155312,2.462688477587487,68,6,2020/21,4.193226326703018
Richmond upon Thames,2021-07-01,284,467,2021,E09000027,Richmond upon Thames,195315,1.4540613880142335,2.391009395079743,69,6,2020/21,3.8450707830939765
Richmond upon Thames,2021-08-01,282,444,2021,E09000027,Richmond upon Thames,195315,1.4438215190845558,2.2732509023884493,70,6,2020/21,3.717072421473005
Richmond upon Thames,2021-09-01,309,470,2021,E09000027,Richmond upon Thames,195315,1.5820597496352047,2.4063691984742595,71,6,2020/21,3.988428948109464
Richmond upon Thames,2021-10-01,276,449,2021,E09000027,Richmond upon Thames,195315,1.4131019122955226,2.2988505747126435,72,6,2020/21,3.7119524870081664
Richmond upon Thames,2021-11-01,296,467,2021,E09000027,Richmond upon Thames,195315,1.5155006015922996,2.391009395079743,73,7,2021/22,3.9065099966720425
Richmond upon Thames,2021-12-01,276,376,2021,E09000027,Richmond upon Thames,195315,1.4131019122955226,1.9250953587794075,74,7,2021/22,3.33819727107493
Richmond upon Thames,2022-01-01,316,477,2022,E09000027,Richmond upon Thames,195295,1.6180649786220846,2.4424588443124504,75,7,2021/22,4.060523822934535
Richmond upon Thames,2022-02-01,244,422,2022,E09000027,Richmond upon Thames,195295,1.2493919455183184,2.160833610691518,76,7,2021/22,3.4102255562098365
Richmond upon Thames,2022-03-01,291,461,2022,E09000027,Richmond upon Thames,195295,1.490053508794388,2.360531503622725,77,7,2021/22,3.850585012417113
Richmond upon Thames,2022-04-01,273,515,2022,E09000027,Richmond upon Thames,195295,1.3978852505184465,2.637036278450549,78,7,2021/22,4.0349215289689955
Richmond upon Thames,2022-05-01,343,508,2022,E09000027,Richmond upon Thames,195295,1.7563173660359968,2.601193066898794,79,7,2021/22,4.357510432934791
Richmond upon Thames,2022-06-01,320,439,2022,E09000027,Richmond upon Thames,195295,1.638546813794516,2.247881410174352,80,7,2021/22,3.886428223968868
Richmond upon Thames,2022-07-01,307,453,2022,E09000027,Richmond upon Thames,195295,1.5719808494841139,2.3195678332778615,81,7,2021/22,3.891548682761975
Richmond upon Thames,2022-08-01,286,474,2022,E09000027,Richmond upon Thames,195295,1.4644512148288487,2.4270974679331268,82,7,2021/22,3.891548682761975
Richmond upon Thames,2022-09-01,286,462,2022,E09000027,Richmond upon Thames,195295,1.4644512148288487,2.3656519624158325,83,7,2021/22,3.8301031772446814
Richmond upon Thames,2022-10-01,315,516,2022,E09000027,Richmond upon Thames,195295,1.6129445198289767,2.642156737243657,84,7,2021/22,4.255101257072634
Richmond upon Thames,2022-11-01,266,507,2022,E09000027,Richmond upon Thames,195295,1.3620420389666914,2.596072608105686,85,8,2022/23,3.9581146470723776
Richmond upon Thames,2022-12-01,259,451,2022,E09000027,Richmond upon Thames,195295,1.3261988274149363,2.309326915691646,86,8,2022/23,3.6355257431065824
Richmond upon Thames,2023-01-01,270,494,2023,E09000027,Richmond upon Thames,196061,1.3771224261836876,2.5196239945731174,87,8,2022/23,3.8967464207568048
Richmond upon Thames,2023-02-01,267,451,2023,E09000027,Richmond upon Thames,196061,1.3618210658927579,2.3003044970697895,88,8,2022/23,3.6621255629625473
Richmond upon Thames,2023-03-01,277,465,2023,E09000027,Richmond upon Thames,196061,1.4128256001958575,2.3717108450941287,89,8,2022/23,3.7845364452899863
Richmond upon Thames,2023-04-01,250,478,2023,E09000027,Richmond upon Thames,196061,1.2751133575774887,2.4380167396881585,90,8,2022/23,3.713130097265647
Richmond upon Thames,2023-05-01,297,523,2023,E09000027,Richmond upon Thames,196061,1.5148346688020564,2.667537144052106,91,8,2022/23,4.1823718128541625
Richmond upon Thames,2023-06-01,331,491,2023,E09000027,Richmond upon Thames,196061,1.688250085432595,2.504322634282188,92,8,2022/23,4.192572719714783
Richmond upon Thames,2023-07-01,328,525,2023,E09000027,Richmond upon Thames,196061,1.672948725141665,2.677738050912726,93,8,2022/23,4.350686776054391
Richmond upon Thames,2023-08-01,275,613,2023,E09000027,Richmond upon Thames,196061,1.4026246933352375,3.126577952780002,94,8,2022/23,4.529202646115239
Richmond upon Thames,2023-09-01,325,528,2023,E09000027,Richmond upon Thames,196061,1.6576473648507353,2.693039411203656,95,8,2022/23,4.350686776054392
Richmond upon Thames,2023-10-01,258,494,2023,E09000027,Richmond upon Thames,196061,1.3159169850199683,2.5196239945731174,96,8,2022/23,3.8355409795930857
Southwark,2015-11-01,851,1338,2015,E09000028,Southwark,304048,2.798900173656791,4.400620954586118,1,1,2015/16,7.199521128242909
Southwark,2015-12-01,821,1205,2015,E09000028,Southwark,304048,2.700231542388044,3.963190022628006,2,1,2015/16,6.6634215650160495
Southwark,2016-01-01,780,1150,2016,E09000028,Southwark,306720,2.543035993740219,3.7493479394887848,3,1,2015/16,6.292383933229004
Southwark,2016-02-01,796,1136,2016,E09000028,Southwark,306720,2.5952008346374544,3.7037037037037037,4,1,2015/16,6.298904538341159
Southwark,2016-03-01,767,1214,2016,E09000028,Southwark,306720,2.5006520605112152,3.9580073030777254,5,1,2015/16,6.458659363588941
Southwark,2016-04-01,773,1278,2016,E09000028,Southwark,306720,2.520213875847679,4.166666666666667,6,1,2015/16,6.686880542514346
Southwark,2016-05-01,829,1539,2016,E09000028,Southwark,306720,2.702790818988002,5.017605633802817,7,1,2015/16,7.720396452790819
Southwark,2016-06-01,871,1296,2016,E09000028,Southwark,306720,2.8397235263432448,4.225352112676056,8,1,2015/16,7.065075639019301
Southwark,2016-07-01,897,1294,2016,E09000028,Southwark,306720,2.924491392801252,4.218831507563902,9,1,2015/16,7.143322900365154
Southwark,2016-08-01,810,1357,2016,E09000028,Southwark,306720,2.640845070422535,4.424230568596766,10,1,2015/16,7.065075639019301
Southwark,2016-09-01,779,1440,2016,E09000028,Southwark,306720,2.539775691184142,4.694835680751174,11,1,2015/16,7.234611371935316
Southwark,2016-10-01,805,1359,2016,E09000028,Southwark,306720,2.624543557642149,4.43075117370892,12,1,2015/16,7.0552947313510685
Southwark,2016-11-01,777,1193,2016,E09000028,Southwark,306720,2.5332550860719873,3.8895409494001045,13,2,2016/17,6.422796035472092
Southwark,2016-12-01,806,1266,2016,E09000028,Southwark,306720,2.6278038601982265,4.127543035993741,14,2,2016/17,6.755346896191967
Southwark,2017-01-01,820,1184,2017,E09000028,Southwark,307640,2.6654531270315953,3.8486542712261085,15,2,2016/17,6.514107398257703
Southwark,2017-02-01,739,1130,2017,E09000028,Southwark,307640,2.402158366922377,3.6731244311532962,16,2,2016/17,6.075282798075673
Southwark,2017-03-01,864,1287,2017,E09000028,Southwark,307640,2.808477441164998,4.1834611884020285,17,2,2016/17,6.991938629567027
Southwark,2017-04-01,806,1191,2017,E09000028,Southwark,307640,2.619945390716422,3.8714081393836954,18,2,2016/17,6.491353530100117
Southwark,2017-05-01,843,1317,2017,E09000028,Southwark,307640,2.740215836692238,4.280977766220257,19,2,2016/17,7.021193602912495
Southwark,2017-06-01,877,1276,2017,E09000028,Southwark,307640,2.850734624886231,4.147705109868678,20,2,2016/17,6.998439734754909
Southwark,2017-07-01,929,1314,2017,E09000028,Southwark,307640,3.019763359771161,4.271226108438435,21,2,2016/17,7.290989468209595
Southwark,2017-08-01,850,1401,2017,E09000028,Southwark,307640,2.7629697048498243,4.554024184111299,22,2,2016/17,7.3169938889611235
Southwark,2017-09-01,861,1335,2017,E09000028,Southwark,307640,2.7987257833831753,4.339487712911195,23,2,2016/17,7.13821349629437
Southwark,2017-10-01,897,1346,2017,E09000028,Southwark,307640,2.91574567676505,4.375243791444546,24,2,2016/17,7.290989468209595
Southwark,2017-11-01,916,1444,2017,E09000028,Southwark,307640,2.9775061760499284,4.69379794565076,25,3,2017/18,7.671304121700689
Southwark,2017-12-01,848,1125,2017,E09000028,Southwark,307640,2.7564685996619427,3.6568716681835913,26,3,2017/18,6.413340267845534
Southwark,2018-01-01,890,1208,2018,E09000028,Southwark,310492,2.8664184584465944,3.890599435734254,27,3,2017/18,6.757017894180848
Southwark,2018-02-01,829,1072,2018,E09000028,Southwark,310492,2.669956069721603,3.4525849297244373,28,3,2017/18,6.1225409994460405
Southwark,2018-03-01,889,1194,2018,E09000028,Southwark,310492,2.8631977635494636,3.8455097071744198,29,3,2017/18,6.708707470723883
Southwark,2018-04-01,945,1323,2018,E09000028,Southwark,310492,3.0435566777888,4.2609793489043195,30,3,2017/18,7.304536026693119
Southwark,2018-05-01,1002,1322,2018,E09000028,Southwark,310492,3.227136286925267,4.257758654007189,31,3,2017/18,7.484894940932456
Southwark,2018-06-01,966,1355,2018,E09000028,Southwark,310492,3.111191270628551,4.364041585612512,32,3,2017/18,7.475232856241062
Southwark,2018-07-01,1093,1536,2018,E09000028,Southwark,310492,3.5202195225641884,4.946987361993224,33,3,2017/18,8.467206884557413
Southwark,2018-08-01,880,1421,2018,E09000028,Southwark,310492,2.8342115094752844,4.576607448823158,34,3,2017/18,7.410818958298442
Southwark,2018-09-01,879,1454,2018,E09000028,Southwark,310492,2.8309908145781533,4.682890380428481,35,3,2017/18,7.513881195006634
Southwark,2018-10-01,1006,1605,2018,E09000028,Southwark,310492,3.240019066513791,5.169215309895263,36,3,2017/18,8.409234376409053
Southwark,2018-11-01,939,1545,2018,E09000028,Southwark,310492,3.0242325084060138,4.975973616067403,37,4,2018/19,8.000206124473417
Southwark,2018-12-01,885,1403,2018,E09000028,Southwark,310492,2.8503149839609394,4.5186349406748,38,4,2018/19,7.368949924635739
Southwark,2019-01-01,984,1389,2019,E09000028,Southwark,312591,3.1478833363724483,4.443506051037938,39,4,2018/19,7.591389387410386
Southwark,2019-02-01,908,1370,2019,E09000028,Southwark,312591,2.9047541355957147,4.382723750843755,40,4,2018/19,7.287477886439469
Southwark,2019-03-01,1018,1691,2019,E09000028,Southwark,312591,3.256651663035724,5.409624717282328,41,4,2018/19,8.666276380318052
Southwark,2019-04-01,998,1574,2019,E09000028,Southwark,312591,3.192670294410268,5.035333710823409,42,4,2018/19,8.228004005233677
Southwark,2019-05-01,1011,1616,2019,E09000028,Southwark,312591,3.2342581840168143,5.169694584936867,43,4,2018/19,8.403952768953681
Southwark,2019-06-01,1060,1481,2019,E09000028,Southwark,312591,3.391012537149182,4.737820346715036,44,4,2018/19,8.128832883864218
Southwark,2019-07-01,1058,1521,2019,E09000028,Southwark,312591,3.3846144002866367,4.865783083965949,45,4,2018/19,8.250397484252586
Southwark,2019-08-01,993,1530,2019,E09000028,Southwark,312591,3.1766749522539035,4.8945746998474045,46,4,2018/19,8.071249652101308
Southwark,2019-09-01,1005,1627,2019,E09000028,Southwark,312591,3.2150637734291774,5.204884337680867,47,4,2018/19,8.419948111110045
Southwark,2019-10-01,1039,1764,2019,E09000028,Southwark,312591,3.323832100092453,5.643156712765243,48,4,2018/19,8.966988812857696
Southwark,2019-11-01,1015,1537,2019,E09000028,Southwark,312591,3.2470544577419056,4.916968178866314,49,5,2019/20,8.16402263660822
Southwark,2019-12-01,923,1478,2019,E09000028,Southwark,312591,2.952740162064807,4.728223141421219,50,5,2019/20,7.680963303486026
Southwark,2020-01-01,965,1321,2020,E09000028,Southwark,312055,3.0924035827017673,4.233228116838378,51,5,2019/20,7.3256316995401445
Southwark,2020-02-01,917,1393,2020,E09000028,Southwark,312055,2.938584544391213,4.463956674304209,52,5,2019/20,7.402541218695422
Southwark,2020-03-01,658,898,2020,E09000028,Southwark,312055,2.1086026501738475,2.8776978417266186,53,5,2019/20,4.986300491900466
Southwark,2020-04-01,640,667,2020,E09000028,Southwark,312055,2.05092051080739,2.1374437198570764,54,5,2019/20,4.188364230664466
Southwark,2020-05-01,748,815,2020,E09000028,Southwark,312055,2.3970133470061366,2.6117190879812853,55,5,2019/20,5.008732434987422
Southwark,2020-06-01,825,1087,2020,E09000028,Southwark,312055,2.643764720962651,3.483360305074426,56,5,2019/20,6.127125026037077
Southwark,2020-07-01,986,1313,2020,E09000028,Southwark,312055,3.159699411962635,4.207591610453285,57,5,2019/20,7.36729102241592
Southwark,2020-08-01,1076,1349,2020,E09000028,Southwark,312055,3.448110108794924,4.322955889186201,58,5,2019/20,7.771065997981125
Southwark,2020-09-01,1016,1241,2020,E09000028,Southwark,312055,3.255836310906731,3.9768630529874542,59,5,2019/20,7.232699363894185
Southwark,2020-10-01,960,1304,2020,E09000028,Southwark,312055,3.0763807662110847,4.178750540770056,60,5,2019/20,7.255131306981141
Southwark,2020-11-01,805,1065,2020,E09000028,Southwark,312055,2.57967345499992,3.412859912515422,61,6,2020/21,5.9925333675153425
Southwark,2020-12-01,744,1066,2020,E09000028,Southwark,312055,2.3841950938135907,3.4160644758135583,62,6,2020/21,5.8002595696271495
Southwark,2021-01-01,672,809,2021,E09000028,Southwark,306762,2.190623349697811,2.6372236456927522,63,6,2020/21,4.827846995390564
Southwark,2021-02-01,727,891,2021,E09000028,Southwark,306762,2.369915439330817,2.9045318520546872,64,6,2020/21,5.2744472913855045
Southwark,2021-03-01,822,1029,2021,E09000028,Southwark,306762,2.6796017759696444,3.3543920042247737,65,6,2020/21,6.033993780194418
Southwark,2021-04-01,856,1080,2021,E09000028,Southwark,306762,2.790436885924593,3.5206446691571966,66,6,2020/21,6.31108155508179
Southwark,2021-05-01,872,1137,2021,E09000028,Southwark,306762,2.842594584726922,3.7064564711404935,67,6,2020/21,6.549051055867416
Southwark,2021-06-01,920,1224,2021,E09000028,Southwark,306762,2.9990676811339085,3.9900639583781565,68,6,2020/21,6.989131639512065
Southwark,2021-07-01,947,1282,2021,E09000028,Southwark,306762,3.0870837978628383,4.179135616536598,69,6,2020/21,7.266219414399437
Southwark,2021-08-01,830,1187,2021,E09000028,Southwark,306762,2.7056806253708086,3.869449279897771,70,6,2020/21,6.57512990526858
Southwark,2021-09-01,956,1315,2021,E09000028,Southwark,306762,3.116422503439148,4.286710870316401,71,6,2020/21,7.40313337375555
Southwark,2021-10-01,914,1318,2021,E09000028,Southwark,306762,2.979508544083035,4.296490438841838,72,6,2020/21,7.2759989829248735
Southwark,2021-11-01,909,1179,2021,E09000028,Southwark,306762,2.9632092632073075,3.8433704304966065,73,7,2021/22,6.806579693703914
Southwark,2021-12-01,777,1100,2021,E09000028,Southwark,306762,2.5329082480880944,3.585841792660108,74,7,2021/22,6.1187500407482025
Southwark,2022-01-01,829,1049,2022,E09000028,Southwark,309327,2.6800117674823083,3.391233225680267,75,7,2021/22,6.071244993162575
Southwark,2022-02-01,819,1070,2022,E09000028,Southwark,309327,2.6476835193824013,3.459122546690072,76,7,2021/22,6.1068060660724734
Southwark,2022-03-01,863,1356,2022,E09000028,Southwark,309327,2.7899278110219927,4.383710442347419,77,7,2021/22,7.173638253369411
Southwark,2022-04-01,848,1371,2022,E09000028,Southwark,309327,2.741435438872132,4.43220281449728,78,7,2021/22,7.173638253369411
Southwark,2022-05-01,1052,1405,2022,E09000028,Southwark,309327,3.4009317001102395,4.5421188580369645,79,7,2021/22,7.943050558147204
Southwark,2022-06-01,1014,1410,2022,E09000028,Southwark,309327,3.278084357330592,4.558282982086918,80,7,2021/22,7.83636733941751
Southwark,2022-07-01,1000,1562,2022,E09000028,Southwark,309327,3.232824809990722,5.049672353205508,81,7,2021/22,8.28249716319623
Southwark,2022-08-01,936,1420,2022,E09000028,Southwark,309327,3.0259240221513157,4.590611230186825,82,7,2021/22,7.61653525233814
Southwark,2022-09-01,825,1258,2022,E09000028,Southwark,309327,2.6670804682423457,4.066893610968328,83,7,2021/22,6.7339740792106735
Southwark,2022-10-01,883,1495,2022,E09000028,Southwark,309327,2.8545843072218076,4.8330730909361295,84,7,2021/22,7.687657398157937
Southwark,2022-11-01,906,1474,2022,E09000028,Southwark,309327,2.928939277851594,4.765183769926324,85,8,2022/23,7.694123047777918
Southwark,2022-12-01,759,1388,2022,E09000028,Southwark,309327,2.4537140307829577,4.487160836267122,86,8,2022/23,6.940874867050079
Southwark,2023-01-01,902,1317,2023,E09000028,Southwark,313485,2.8773306537792878,4.201157950141155,87,8,2022/23,7.078488603920443
Southwark,2023-02-01,909,1362,2023,E09000028,Southwark,313485,2.8996602708263555,4.3447054883008756,88,8,2022/23,7.244365759127231
Southwark,2023-03-01,986,1441,2023,E09000028,Southwark,313485,3.1452860583440994,4.596711166403496,89,8,2022/23,7.741997224747596
Southwark,2023-04-01,950,1359,2023,E09000028,Southwark,313485,3.030448027816323,4.335135652423561,90,8,2022/23,7.365583680239883
Southwark,2023-05-01,1036,1691,2023,E09000028,Southwark,313485,3.3047833229660113,5.394197489513055,91,8,2022/23,8.698980812479066
Southwark,2023-06-01,1116,1823,2023,E09000028,Southwark,313485,3.55997894636107,5.815270268114902,92,8,2022/23,9.375249214475971
Southwark,2023-07-01,1011,1676,2023,E09000028,Southwark,313485,3.2250346906550553,5.346348310126482,93,8,2022/23,8.571383000781537
Southwark,2023-08-01,944,1556,2023,E09000028,Southwark,313485,3.0113083560616936,4.963554875033894,94,8,2022/23,7.974863231095587
Southwark,2023-09-01,1036,1668,2023,E09000028,Southwark,313485,3.3047833229660113,5.320828747786975,95,8,2022/23,8.625612070752986
Southwark,2023-10-01,900,1567,2023,E09000028,Southwark,313485,2.8709507631944113,4.998644273250714,96,8,2022/23,7.8695950364451255
Sutton,2015-11-01,260,359,2015,E09000029,Sutton,201208,1.2921951413462684,1.7842232913204246,1,1,2015/16,3.076418432666693
Sutton,2015-12-01,293,382,2015,E09000029,Sutton,201208,1.4562045246709872,1.8985328615164407,2,1,2015/16,3.354737386187428
Sutton,2016-01-01,331,361,2016,E09000029,Sutton,203299,1.6281437685379663,1.7757096690096852,3,1,2015/16,3.4038534375476512
Sutton,2016-02-01,305,414,2016,E09000029,Sutton,203299,1.5002533214624765,2.036409426509722,4,1,2015/16,3.5366627479721986
Sutton,2016-03-01,286,467,2016,E09000029,Sutton,203299,1.4067949178303878,2.297109184009759,5,1,2015/16,3.7039041018401466
Sutton,2016-04-01,279,416,2016,E09000029,Sutton,203299,1.3723628743869867,2.046247153207837,6,1,2015/16,3.4186100275948235
Sutton,2016-05-01,324,408,2016,E09000029,Sutton,203299,1.5937117250945652,2.006896246415378,7,1,2015/16,3.6006079715099433
Sutton,2016-06-01,301,380,2016,E09000029,Sutton,203299,1.4805778680662474,1.8691680726417739,8,1,2015/16,3.3497459407080212
Sutton,2016-07-01,325,331,2016,E09000029,Sutton,203299,1.5986305884436225,1.6281437685379663,9,1,2015/16,3.226774356981589
Sutton,2016-08-01,239,353,2016,E09000029,Sutton,203299,1.1756083404246946,1.7363587622172267,10,1,2015/16,2.9119671026419214
Sutton,2016-09-01,305,401,2016,E09000029,Sutton,203299,1.5002533214624765,1.9724642029719772,11,1,2015/16,3.4727175244344535
Sutton,2016-10-01,278,407,2016,E09000029,Sutton,203299,1.3674440110379293,2.001977383066321,12,1,2015/16,3.3694213941042506
Sutton,2016-11-01,290,472,2016,E09000029,Sutton,203299,1.426470371226617,2.3217035007550457,13,2,2016/17,3.7481738719816624
Sutton,2016-12-01,281,407,2016,E09000029,Sutton,203299,1.3822006010851013,2.001977383066321,14,2,2016/17,3.3841779841514223
Sutton,2017-01-01,301,414,2017,E09000029,Sutton,204824,1.469554349099715,2.021247510057415,15,2,2016/17,3.49080185915713
Sutton,2017-02-01,297,397,2017,E09000029,Sutton,204824,1.4500253876498848,1.9382494238956371,16,2,2016/17,3.388274811545522
Sutton,2017-03-01,354,410,2017,E09000029,Sutton,204824,1.7283130883099638,2.001718548607585,17,2,2016/17,3.730031636917549
Sutton,2017-04-01,314,427,2017,E09000029,Sutton,204824,1.5330234738116626,2.084716634769363,18,2,2016/17,3.6177401085810255
Sutton,2017-05-01,375,523,2017,E09000029,Sutton,204824,1.8308401359215718,2.5534117095652853,19,2,2016/17,4.384251845486857
Sutton,2017-06-01,413,519,2017,E09000029,Sutton,204824,2.0163652696949574,2.533882748115455,20,2,2016/17,4.5502480178104125
Sutton,2017-07-01,368,411,2017,E09000029,Sutton,204824,1.796664453384369,2.006600788970043,21,2,2016/17,3.8032652423544118
Sutton,2017-08-01,307,461,2017,E09000029,Sutton,204824,1.49884779127446,2.2507128070929188,22,2,2016/17,3.7495605983673785
Sutton,2017-09-01,355,446,2017,E09000029,Sutton,204824,1.733195328672421,2.177479201656056,23,2,2016/17,3.910674530328477
Sutton,2017-10-01,364,455,2017,E09000029,Sutton,204824,1.777135491934539,2.2214193649181735,24,2,2016/17,3.9985548568527127
Sutton,2017-11-01,347,430,2017,E09000029,Sutton,204824,1.694137405772761,2.0993633558567355,25,3,2017/18,3.7935007616294962
Sutton,2017-12-01,308,425,2017,E09000029,Sutton,204824,1.5037300316369175,2.074952154044448,26,3,2017/18,3.5786821856813655
Sutton,2018-01-01,326,487,2018,E09000029,Sutton,206286,1.5803302211492782,2.3608000542935534,27,3,2017/18,3.9411302754428315
Sutton,2018-02-01,260,397,2018,E09000029,Sutton,206286,1.260386065947277,1.9245125699271886,28,3,2017/18,3.1848986358744655
Sutton,2018-03-01,302,475,2018,E09000029,Sutton,206286,1.4639868919849142,2.3026283897113715,29,3,2017/18,3.7666152816962857
Sutton,2018-04-01,351,431,2018,E09000029,Sutton,206286,1.701521189028824,2.089332286243371,30,3,2017/18,3.790853475272195
Sutton,2018-05-01,316,431,2018,E09000029,Sutton,206286,1.53185383399746,2.089332286243371,31,3,2017/18,3.621186120240831
Sutton,2018-06-01,409,403,2018,E09000029,Sutton,206286,1.9826842345093705,1.9535984022182795,32,3,2017/18,3.93628263672765
Sutton,2018-07-01,422,480,2018,E09000029,Sutton,206286,2.0457035378067343,2.3268665832872806,33,3,2017/18,4.372570121094014
Sutton,2018-08-01,349,424,2018,E09000029,Sutton,206286,1.6918259115984604,2.055398815237098,34,3,2017/18,3.7472247268355585
Sutton,2018-09-01,378,376,2018,E09000029,Sutton,206286,1.8324074343387335,1.82271215690837,35,3,2017/18,3.6551195912471037
Sutton,2018-10-01,347,472,2018,E09000029,Sutton,206286,1.6821306341680968,2.2880854735658263,36,3,2017/18,3.970216107733923
Sutton,2018-11-01,338,441,2018,E09000029,Sutton,206286,1.6385018857314602,2.137808673395189,37,4,2018/19,3.7763105591266495
Sutton,2018-12-01,393,463,2018,E09000029,Sutton,206286,1.9051220150664612,2.2444567251291896,38,4,2018/19,4.1495787401956505
Sutton,2019-01-01,377,471,2019,E09000029,Sutton,208516,1.808014732682384,2.2588194670912545,39,4,2018/19,4.066834199773639
Sutton,2019-02-01,390,467,2019,E09000029,Sutton,208516,1.8703600682921215,2.239636286903643,40,4,2018/19,4.109996355195765
Sutton,2019-03-01,392,472,2019,E09000029,Sutton,208516,1.8799516583859273,2.263615262138157,41,4,2018/19,4.143566920524084
Sutton,2019-04-01,413,465,2019,E09000029,Sutton,208516,1.9806633543708876,2.2300446968098373,42,4,2018/19,4.210708051180725
Sutton,2019-05-01,418,560,2019,E09000029,Sutton,208516,2.004642329605402,2.6856452262656103,43,4,2018/19,4.690287555871013
Sutton,2019-06-01,402,437,2019,E09000029,Sutton,208516,1.9279096088549559,2.0957624354965567,44,4,2018/19,4.023672044351512
Sutton,2019-07-01,398,466,2019,E09000029,Sutton,208516,1.9087264286673444,2.23484049185674,45,4,2018/19,4.143566920524084
Sutton,2019-08-01,413,570,2019,E09000029,Sutton,208516,1.9806633543708876,2.733603176734639,46,4,2018/19,4.714266531105526
Sutton,2019-09-01,378,480,2019,E09000029,Sutton,208516,1.812810527729287,2.3019816225133805,47,4,2018/19,4.114792150242668
Sutton,2019-10-01,392,476,2019,E09000029,Sutton,208516,1.8799516583859273,2.2827984423257686,48,4,2018/19,4.162750100711696
Sutton,2019-11-01,395,535,2019,E09000029,Sutton,208516,1.8943390435266358,2.5657503500930385,49,5,2019/20,4.460089393619675
Sutton,2019-12-01,390,511,2019,E09000029,Sutton,208516,1.8703600682921215,2.4506512689673694,50,5,2019/20,4.321011337259491
Sutton,2020-01-01,432,597,2020,E09000029,Sutton,209921,2.057917025928802,2.8439270011099413,51,5,2019/20,4.901844027038743
Sutton,2020-02-01,424,511,2020,E09000029,Sutton,209921,2.0198074513745645,2.434249074651893,52,5,2019/20,4.4540565260264575
Sutton,2020-03-01,327,454,2020,E09000029,Sutton,209921,1.5577288599044403,2.1627183559529537,53,5,2019/20,3.7204472158573942
Sutton,2020-04-01,323,280,2020,E09000029,Sutton,209921,1.5386740726273218,1.3338351093982974,54,5,2019/20,2.8725091820256194
Sutton,2020-05-01,402,348,2020,E09000029,Sutton,209921,1.9150061213504128,1.6577664931093126,55,5,2019/20,3.5727726144597254
Sutton,2020-06-01,400,427,2020,E09000029,Sutton,209921,1.9054787277118534,2.0340985418324036,56,5,2019/20,3.939577269544257
Sutton,2020-07-01,390,406,2020,E09000029,Sutton,209921,1.8578417595190573,1.9340609086275313,57,5,2019/20,3.7919026681465886
Sutton,2020-08-01,386,422,2020,E09000029,Sutton,209921,1.8387869722419385,2.0102800577360056,58,5,2019/20,3.8490670299779444
Sutton,2020-09-01,370,413,2020,E09000029,Sutton,209921,1.7625678231334645,1.9674067863624887,59,5,2019/20,3.729974609495953
Sutton,2020-10-01,388,448,2020,E09000029,Sutton,209921,1.848314365880498,2.134136175037276,60,5,2019/20,3.9824505409177737
Sutton,2020-11-01,443,483,2020,E09000029,Sutton,209921,2.1103176909408776,2.300865563712063,61,6,2020/21,4.411183254652941
Sutton,2020-12-01,334,386,2020,E09000029,Sutton,209921,1.5910747376393977,1.8387869722419385,62,6,2020/21,3.429861709881336
Sutton,2021-01-01,303,340,2021,E09000029,Sutton,209617,1.4454934475734316,1.6220058487622664,63,6,2020/21,3.067499296335698
Sutton,2021-02-01,338,334,2021,E09000029,Sutton,209617,1.6124646378871943,1.59338221613705,64,6,2020/21,3.2058468540242444
Sutton,2021-03-01,401,376,2021,E09000029,Sutton,209617,1.9130127804519672,1.7937476445135652,65,6,2020/21,3.706760424965532
Sutton,2021-04-01,414,355,2021,E09000029,Sutton,209617,1.9750306511399363,1.6935649303253075,66,6,2020/21,3.668595581465244
Sutton,2021-05-01,448,390,2021,E09000029,Sutton,209617,2.137231236016163,1.8605361206390703,67,6,2020/21,3.997767356655233
Sutton,2021-06-01,500,464,2021,E09000029,Sutton,209617,2.3853027187680387,2.21356092301674,68,6,2020/21,4.598863641784779
Sutton,2021-07-01,480,425,2021,E09000029,Sutton,209617,2.2898906100173173,2.027507310952833,69,6,2020/21,4.3173979209701505
Sutton,2021-08-01,402,390,2021,E09000029,Sutton,209617,1.9177833858895033,1.8605361206390703,70,6,2020/21,3.7783195065285735
Sutton,2021-09-01,418,484,2021,E09000029,Sutton,209617,1.9941130728900804,2.3089730317674615,71,6,2020/21,4.303086104657542
Sutton,2021-10-01,414,484,2021,E09000029,Sutton,209617,1.9750306511399363,2.3089730317674615,72,6,2020/21,4.2840036829073975
Sutton,2021-11-01,446,563,2021,E09000029,Sutton,209617,2.127690025141091,2.6858508613328116,73,7,2021/22,4.813540886473902
Sutton,2021-12-01,433,475,2021,E09000029,Sutton,209617,2.0656721544531216,2.266037582829637,74,7,2021/22,4.331709737282758
Sutton,2022-01-01,417,411,2022,E09000029,Sutton,210369,1.9822312222808494,1.9537099097300459,75,7,2021/22,3.9359411320108952
Sutton,2022-02-01,405,416,2022,E09000029,Sutton,210369,1.9251885971792422,1.9774776701890489,76,7,2021/22,3.902666267368291
Sutton,2022-03-01,436,474,2022,E09000029,Sutton,210369,2.0725487120250605,2.2531836915134833,77,7,2021/22,4.325732403538543
Sutton,2022-04-01,359,434,2022,E09000029,Sutton,210369,1.7065252009564147,2.0630416078414595,78,7,2021/22,3.769566808797874
Sutton,2022-05-01,451,507,2022,E09000029,Sutton,210369,2.1438519934020697,2.4100509105429033,79,7,2021/22,4.553902903944973
Sutton,2022-06-01,428,474,2022,E09000029,Sutton,210369,2.034520295290656,2.2531836915134833,80,7,2021/22,4.287703986804139
Sutton,2022-07-01,438,461,2022,E09000029,Sutton,210369,2.082055816208662,2.1913875143200756,81,7,2021/22,4.273443330528737
Sutton,2022-08-01,480,516,2022,E09000029,Sutton,210369,2.2817050040642872,2.4528328793691085,82,7,2021/22,4.734537883433395
Sutton,2022-09-01,385,517,2022,E09000029,Sutton,210369,1.8301175553432303,2.4575864314609093,83,7,2021/22,4.287703986804139
Sutton,2022-10-01,384,489,2022,E09000029,Sutton,210369,1.8253640032514296,2.3244869728904924,84,7,2021/22,4.149850976141922
Sutton,2022-11-01,383,480,2022,E09000029,Sutton,210369,1.820610451159629,2.2817050040642872,85,8,2022/23,4.102315455223916
Sutton,2022-12-01,377,451,2022,E09000029,Sutton,210369,1.7920891386088253,2.1438519934020697,86,8,2022/23,3.9359411320108952
Sutton,2023-01-01,453,499,2023,E09000029,Sutton,212336,2.1334111973476,2.3500489789767163,87,8,2022/23,4.483460176324316
Sutton,2023-02-01,437,429,2023,E09000029,Sutton,212336,2.0580589254766033,2.0203827895411046,88,8,2022/23,4.078441715017708
Sutton,2023-03-01,406,408,2023,E09000029,Sutton,212336,1.9120638987265466,1.9214829327104213,89,8,2022/23,3.833546831436968
Sutton,2023-04-01,408,382,2023,E09000029,Sutton,212336,1.9214829327104213,1.7990354909200512,90,8,2022/23,3.7205184236304722
Sutton,2023-05-01,419,455,2023,E09000029,Sutton,212336,1.9732876196217315,2.1428302313314744,91,8,2022/23,4.116117850953206
Sutton,2023-06-01,448,445,2023,E09000029,Sutton,212336,2.1098636123879135,2.0957350614121015,92,8,2022/23,4.205598673800015
Sutton,2023-07-01,474,512,2023,E09000029,Sutton,212336,2.2323110541782833,2.411272699871901,93,8,2022/23,4.6435837540501845
Sutton,2023-08-01,408,427,2023,E09000029,Sutton,212336,1.9214829327104213,2.01096375555723,94,8,2022/23,3.9324466882676514
Sutton,2023-09-01,441,438,2023,E09000029,Sutton,212336,2.076896993444352,2.0627684424685406,95,8,2022/23,4.139665435912892
Sutton,2023-10-01,457,417,2023,E09000029,Sutton,212336,2.152249265315349,1.963868585637857,96,8,2022/23,4.116117850953206
Tower Hamlets,2015-11-01,774,1020,2015,E09000030,Tower Hamlets,282674,2.7381365106093947,3.6083969519658687,1,1,2015/16,6.346533462575263
Tower Hamlets,2015-12-01,767,1090,2015,E09000030,Tower Hamlets,282674,2.713373002115511,3.8560320369047028,2,1,2015/16,6.569405039020214
Tower Hamlets,2016-01-01,765,962,2016,E09000030,Tower Hamlets,289011,2.6469580742601493,3.3285930293310635,3,1,2015/16,5.975551103591213
Tower Hamlets,2016-02-01,679,924,2016,E09000030,Tower Hamlets,289011,2.3493915456505117,3.1971101445965724,4,1,2015/16,5.546501690247084
Tower Hamlets,2016-03-01,741,920,2016,E09000030,Tower Hamlets,289011,2.563916252322576,3.1832698409403104,5,1,2015/16,5.747186093262886
Tower Hamlets,2016-04-01,783,995,2016,E09000030,Tower Hamlets,289011,2.709239440713329,3.442775534495227,6,1,2015/16,6.152014975208556
Tower Hamlets,2016-05-01,827,1182,2016,E09000030,Tower Hamlets,289011,2.8614827809322136,4.089809730425485,7,1,2015/16,6.951292511357699
Tower Hamlets,2016-06-01,829,1108,2016,E09000030,Tower Hamlets,289011,2.8684029327603446,3.8337641127846345,8,1,2015/16,6.702167045544979
Tower Hamlets,2016-07-01,918,1268,2016,E09000030,Tower Hamlets,289011,3.176349689112179,4.387376259035123,9,1,2015/16,7.563725948147302
Tower Hamlets,2016-08-01,744,1163,2016,E09000030,Tower Hamlets,289011,2.5742964800647727,4.02406828805824,10,1,2015/16,6.598364768123012
Tower Hamlets,2016-09-01,812,1138,2016,E09000030,Tower Hamlets,289011,2.8095816422212305,3.937566390206601,11,1,2015/16,6.747148032427832
Tower Hamlets,2016-10-01,856,1285,2016,E09000030,Tower Hamlets,289011,2.9618249824401146,4.446197549574237,12,1,2015/16,7.408022532014352
Tower Hamlets,2016-11-01,758,1153,2016,E09000030,Tower Hamlets,289011,2.6227375428616906,3.9894675289175843,13,2,2016/17,6.612205071779275
Tower Hamlets,2016-12-01,762,1125,2016,E09000030,Tower Hamlets,289011,2.6365778465179526,3.892585403323749,14,2,2016/17,6.529163249841702
Tower Hamlets,2017-01-01,723,1040,2017,E09000030,Tower Hamlets,293526,2.463154882361358,3.5431273549872926,15,2,2016/17,6.006282237348651
Tower Hamlets,2017-02-01,661,1123,2017,E09000030,Tower Hamlets,293526,2.2519299823525003,3.825896172741086,16,2,2016/17,6.077826155093586
Tower Hamlets,2017-03-01,852,1067,2017,E09000030,Tower Hamlets,293526,2.9026389485088204,3.6351123920879242,17,2,2016/17,6.537751340596745
Tower Hamlets,2017-04-01,770,1313,2017,E09000030,Tower Hamlets,293526,2.623276983980976,4.473198285671456,18,2,2016/17,7.096475269652432
Tower Hamlets,2017-05-01,833,1273,2017,E09000030,Tower Hamlets,293526,2.837908737215783,4.336924156633484,19,2,2016/17,7.174832893849267
Tower Hamlets,2017-06-01,918,1209,2017,E09000030,Tower Hamlets,293526,3.1274912614214756,4.1188855501727275,20,2,2016/17,7.246376811594203
Tower Hamlets,2017-07-01,984,1288,2017,E09000030,Tower Hamlets,293526,3.3523435743341303,4.388026955022724,21,2,2016/17,7.740370529356854
Tower Hamlets,2017-08-01,771,1226,2017,E09000030,Tower Hamlets,293526,2.6266838372069254,4.176802055013866,22,2,2016/17,6.803485892220792
Tower Hamlets,2017-09-01,773,1120,2017,E09000030,Tower Hamlets,293526,2.633497543658824,3.815675613063238,23,2,2016/17,6.449173156722062
Tower Hamlets,2017-10-01,875,1308,2017,E09000030,Tower Hamlets,293526,2.9809965727056547,4.45616401954171,24,2,2016/17,7.4371605922473645
Tower Hamlets,2017-11-01,839,1088,2017,E09000030,Tower Hamlets,293526,2.858349856571479,3.70665630983286,25,3,2017/18,6.5650061664043395
Tower Hamlets,2017-12-01,813,948,2017,E09000030,Tower Hamlets,293526,2.769771672696797,3.2296968581999552,26,3,2017/18,5.999468530896753
Tower Hamlets,2018-01-01,879,1041,2018,E09000030,Tower Hamlets,300050,2.929511748041993,3.4694217630394935,27,3,2017/18,6.398933511081486
Tower Hamlets,2018-02-01,694,946,2018,E09000030,Tower Hamlets,300050,2.312947842026329,3.152807865355774,28,3,2017/18,5.465755707382103
Tower Hamlets,2018-03-01,853,1023,2018,E09000030,Tower Hamlets,300050,2.8428595234127645,3.4094317613731047,29,3,2017/18,6.252291284785869
Tower Hamlets,2018-04-01,851,1112,2018,E09000030,Tower Hamlets,300050,2.8361939676720547,3.7060489918346944,30,3,2017/18,6.5422429595067495
Tower Hamlets,2018-05-01,899,1258,2018,E09000030,Tower Hamlets,300050,2.9961673054490916,4.192634560906516,31,3,2017/18,7.1888018663556075
Tower Hamlets,2018-06-01,1031,1223,2018,E09000030,Tower Hamlets,300050,3.436093984335944,4.0759873354440925,32,3,2017/18,7.5120813197800365
Tower Hamlets,2018-07-01,1030,1345,2018,E09000030,Tower Hamlets,300050,3.4327612064655892,4.482586235627395,33,3,2017/18,7.915347442092985
Tower Hamlets,2018-08-01,833,1277,2018,E09000030,Tower Hamlets,300050,2.776203966005666,4.25595734044326,34,3,2017/18,7.032161306448925
Tower Hamlets,2018-09-01,888,1198,2018,E09000030,Tower Hamlets,300050,2.9595067488751874,3.992667888685219,35,3,2017/18,6.9521746375604065
Tower Hamlets,2018-10-01,863,1303,2018,E09000030,Tower Hamlets,300050,2.876187302116314,4.342609565072488,36,3,2017/18,7.218796867188802
Tower Hamlets,2018-11-01,919,1153,2018,E09000030,Tower Hamlets,300050,3.0628228628561907,3.8426928845192467,37,4,2018/19,6.905515747375437
Tower Hamlets,2018-12-01,860,1070,2018,E09000030,Tower Hamlets,300050,2.866188968505249,3.566072321279787,38,4,2018/19,6.4322612897850355
Tower Hamlets,2019-01-01,786,1179,2019,E09000030,Tower Hamlets,305066,2.5764916444310413,3.8647374666465617,39,4,2018/19,6.441229111077603
Tower Hamlets,2019-02-01,816,1199,2019,E09000030,Tower Hamlets,305066,2.674831020172684,3.9302970504743238,40,4,2018/19,6.605128070647008
Tower Hamlets,2019-03-01,936,1437,2019,E09000030,Tower Hamlets,305066,3.068188523139255,4.7104560980246895,41,4,2018/19,7.778644621163945
Tower Hamlets,2019-04-01,825,1263,2019,E09000030,Tower Hamlets,305066,2.704332832895177,4.140087718723161,42,4,2018/19,6.844420551618338
Tower Hamlets,2019-05-01,939,1292,2019,E09000030,Tower Hamlets,305066,3.0780224607134192,4.235149115273416,43,4,2018/19,7.313171575986836
Tower Hamlets,2019-06-01,943,1373,2019,E09000030,Tower Hamlets,305066,3.091134377478972,4.500665429775852,44,4,2018/19,7.591799807254824
Tower Hamlets,2019-07-01,955,1256,2019,E09000030,Tower Hamlets,305066,3.130470127775629,4.117141864383445,45,4,2018/19,7.247611992159074
Tower Hamlets,2019-08-01,846,1198,2019,E09000030,Tower Hamlets,305066,2.7731703959143266,3.9270190712829356,46,4,2018/19,6.700189467197262
Tower Hamlets,2019-09-01,840,1144,2019,E09000030,Tower Hamlets,305066,2.753502520765998,3.7500081949479784,47,4,2018/19,6.503510715713976
Tower Hamlets,2019-10-01,867,1338,2019,E09000030,Tower Hamlets,305066,2.842007958933477,4.385936158077269,48,4,2018/19,7.227944117010745
Tower Hamlets,2019-11-01,886,1333,2019,E09000030,Tower Hamlets,305066,2.9042895635698502,4.369546262120328,49,5,2019/20,7.273835825690178
Tower Hamlets,2019-12-01,842,1215,2019,E09000030,Tower Hamlets,305066,2.7600584791487743,3.982744717536533,50,5,2019/20,6.7428031966853075
Tower Hamlets,2020-01-01,823,1127,2020,E09000030,Tower Hamlets,306780,2.682704218006389,3.6736423495664647,51,5,2019/20,6.356346567572854
Tower Hamlets,2020-02-01,818,1181,2020,E09000030,Tower Hamlets,306780,2.666405893474151,3.849664254514636,52,5,2019/20,6.516070147988787
Tower Hamlets,2020-03-01,640,899,2020,E09000030,Tower Hamlets,306780,2.086185540126475,2.930438750896408,53,5,2019/20,5.016624291022882
Tower Hamlets,2020-04-01,623,641,2020,E09000030,Tower Hamlets,306780,2.0307712367168653,2.0894452050329226,54,5,2019/20,4.120216441749788
Tower Hamlets,2020-05-01,730,748,2020,E09000030,Tower Hamlets,306780,2.3795553817067607,2.4382293500228176,55,5,2019/20,4.817784731729578
Tower Hamlets,2020-06-01,775,939,2020,E09000030,Tower Hamlets,306780,2.526240302496903,3.0608253471543123,56,5,2019/20,5.587065649651215
Tower Hamlets,2020-07-01,882,1145,2020,E09000030,Tower Hamlets,306780,2.8750244474867985,3.7323163178825216,57,5,2019/20,6.607340765369321
Tower Hamlets,2020-08-01,918,1206,2020,E09000030,Tower Hamlets,306780,2.9923723841189127,3.931155877175826,58,5,2019/20,6.923528261294739
Tower Hamlets,2020-09-01,905,1251,2020,E09000030,Tower Hamlets,306780,2.9499967403350937,4.077840797965969,59,5,2019/20,7.027837538301062
Tower Hamlets,2020-10-01,843,1179,2020,E09000030,Tower Hamlets,306780,2.747897516135341,3.8431449247017406,60,5,2019/20,6.591042440837082
Tower Hamlets,2020-11-01,858,967,2020,E09000030,Tower Hamlets,306780,2.7967924897320557,3.152095964534846,61,6,2020/21,5.948888454266902
Tower Hamlets,2020-12-01,874,935,2020,E09000030,Tower Hamlets,306780,2.8489471282352175,3.047786687528522,62,6,2020/21,5.8967338157637395
Tower Hamlets,2021-01-01,800,826,2021,E09000030,Tower Hamlets,312715,2.5582399309275217,2.6413827286826663,63,6,2020/21,5.199622659610188
Tower Hamlets,2021-02-01,712,773,2021,E09000030,Tower Hamlets,312715,2.2768335385254943,2.471899333258718,64,6,2020/21,4.748732871784212
Tower Hamlets,2021-03-01,900,931,2021,E09000030,Tower Hamlets,312715,2.878019922293462,2.9771517196169035,65,6,2020/21,5.855171641910365
Tower Hamlets,2021-04-01,856,964,2021,E09000030,Tower Hamlets,312715,2.7373167260924482,3.0826791167676637,66,6,2020/21,5.819995842860112
Tower Hamlets,2021-05-01,1001,1041,2021,E09000030,Tower Hamlets,312715,3.2009977135730616,3.328909710119438,67,6,2020/21,6.529907423692499
Tower Hamlets,2021-06-01,1013,1112,2021,E09000030,Tower Hamlets,312715,3.2393713125369747,3.5559535039892554,68,6,2020/21,6.7953248165262305
Tower Hamlets,2021-07-01,1063,1082,2021,E09000030,Tower Hamlets,312715,3.3992613082199448,3.4600195065794734,69,6,2020/21,6.859280814799418
Tower Hamlets,2021-08-01,871,1167,2021,E09000030,Tower Hamlets,312715,2.785283724797339,3.7318324992405225,70,6,2020/21,6.517116224037862
Tower Hamlets,2021-09-01,951,1157,2021,E09000030,Tower Hamlets,312715,3.0411077178900916,3.6998545001039287,71,6,2020/21,6.740962217994021
Tower Hamlets,2021-10-01,963,1309,2021,E09000030,Tower Hamlets,312715,3.0794813168540043,4.185920086980158,72,6,2020/21,7.265401403834161
Tower Hamlets,2021-11-01,1005,1226,2021,E09000030,Tower Hamlets,312715,3.2137889132276993,3.9205026941464274,73,7,2021/22,7.134291607374127
Tower Hamlets,2021-12-01,852,1031,2021,E09000030,Tower Hamlets,312715,2.724525526437811,3.296931710982844,74,7,2021/22,6.021457237420655
Tower Hamlets,2022-01-01,909,1066,2022,E09000030,Tower Hamlets,324881,2.79794755618211,3.281201424521594,75,7,2021/22,6.079148980703704
Tower Hamlets,2022-02-01,825,1013,2022,E09000030,Tower Hamlets,324881,2.5393913463699014,3.118064768330558,76,7,2021/22,5.657456114700459
Tower Hamlets,2022-03-01,929,1232,2022,E09000030,Tower Hamlets,324881,2.8595085585183497,3.7921577439123864,77,7,2021/22,6.651666302430736
Tower Hamlets,2022-04-01,938,1313,2022,E09000030,Tower Hamlets,324881,2.8872110095696577,4.041479803374158,78,7,2021/22,6.928690812943816
Tower Hamlets,2022-05-01,1036,1191,2022,E09000030,Tower Hamlets,324881,3.188859921017234,3.6659576891230943,79,7,2021/22,6.854817610140328
Tower Hamlets,2022-06-01,940,1046,2022,E09000030,Tower Hamlets,324881,2.8933671098032816,3.219640422185354,80,7,2021/22,6.113007531988636
Tower Hamlets,2022-07-01,1003,989,2022,E09000030,Tower Hamlets,324881,3.087284267162438,3.0441915655270697,81,7,2021/22,6.131475832689508
Tower Hamlets,2022-08-01,955,1109,2022,E09000030,Tower Hamlets,324881,2.9395378615554617,3.41355757954451,82,7,2021/22,6.353095441099972
Tower Hamlets,2022-09-01,899,1094,2022,E09000030,Tower Hamlets,324881,2.7671670550139895,3.36738682779233,83,7,2021/22,6.134553882806319
Tower Hamlets,2022-10-01,1000,1223,2022,E09000030,Tower Hamlets,324881,3.078050116812002,3.7644552928610784,84,7,2021/22,6.84250540967308
Tower Hamlets,2022-11-01,944,1313,2022,E09000030,Tower Hamlets,324881,2.90567931027053,4.041479803374158,85,8,2022/23,6.9471591136446875
Tower Hamlets,2022-12-01,832,1140,2022,E09000030,Tower Hamlets,324881,2.5609376971875855,3.5089771331656823,86,8,2022/23,6.069914830353268
Tower Hamlets,2023-01-01,903,1293,2023,E09000030,Tower Hamlets,329143,2.743488392583163,3.928383711639014,87,8,2022/23,6.671872104222177
Tower Hamlets,2023-02-01,921,1196,2023,E09000030,Tower Hamlets,329143,2.798175868847279,3.6336789784379433,88,8,2022/23,6.431854847285223
Tower Hamlets,2023-03-01,1010,1276,2023,E09000030,Tower Hamlets,329143,3.068575057042076,3.876734428500682,89,8,2022/23,6.945309485542758
Tower Hamlets,2023-04-01,954,1222,2023,E09000030,Tower Hamlets,329143,2.8984362419981586,3.7126719997083333,90,8,2022/23,6.611108241706492
Tower Hamlets,2023-05-01,1102,1184,2023,E09000030,Tower Hamlets,329143,3.3480888246142255,3.5972206609285324,91,8,2022/23,6.945309485542758
Tower Hamlets,2023-06-01,1074,1205,2023,E09000030,Tower Hamlets,329143,3.263019417092267,3.6610227165700016,92,8,2022/23,6.924042133662269
Tower Hamlets,2023-07-01,1118,1351,2023,E09000030,Tower Hamlets,329143,3.3966999146267733,4.1045989129345,93,8,2022/23,7.501298827561273
Tower Hamlets,2023-08-01,1050,1287,2023,E09000030,Tower Hamlets,329143,3.190102782073445,3.9101545528843085,94,8,2022/23,7.100257334957753
Tower Hamlets,2023-09-01,1031,1366,2023,E09000030,Tower Hamlets,329143,3.1323771126835447,4.150171809821263,95,8,2022/23,7.282548922504807
Tower Hamlets,2023-10-01,1103,1406,2023,E09000030,Tower Hamlets,329143,3.35112701774001,4.271699534852632,96,8,2022/23,7.622826552592642
Waltham Forest,2015-11-01,644,824,2015,E09000031,Waltham Forest,274579,2.345408789455858,3.0009578299869983,1,1,2015/16,5.346366619442856
Waltham Forest,2015-12-01,587,843,2015,E09000031,Waltham Forest,274579,2.1378182599543303,3.0701546731541742,2,1,2015/16,5.207972933108504
Waltham Forest,2016-01-01,574,756,2016,E09000031,Waltham Forest,277081,2.071596392390673,2.7284440290023495,3,1,2015/16,4.800040421393023
Waltham Forest,2016-02-01,596,704,2016,E09000031,Waltham Forest,277081,2.1509955572558206,2.5407732756847277,4,1,2015/16,4.691768832940548
Waltham Forest,2016-03-01,656,772,2016,E09000031,Waltham Forest,277081,2.3675387341607688,2.786188876177002,5,1,2015/16,5.153727610337771
Waltham Forest,2016-04-01,618,722,2016,E09000031,Waltham Forest,277081,2.2303947221209683,2.605736228756212,6,1,2015/16,4.83613095087718
Waltham Forest,2016-05-01,612,796,2016,E09000031,Waltham Forest,277081,2.2087404044304733,2.8728061469389816,7,1,2015/16,5.081546551369454
Waltham Forest,2016-06-01,639,801,2016,E09000031,Waltham Forest,277081,2.3061848340377002,2.890851411681061,8,1,2015/16,5.1970362457187615
Waltham Forest,2016-07-01,682,786,2016,E09000031,Waltham Forest,277081,2.46137411081958,2.8367156174548236,9,1,2015/16,5.2980897282744035
Waltham Forest,2016-08-01,545,770,2016,E09000031,Waltham Forest,277081,1.9669338568866144,2.778970770280171,10,1,2015/16,4.7459046271667855
Waltham Forest,2016-09-01,541,774,2016,E09000031,Waltham Forest,277081,1.9524976450929512,2.793406982073834,11,1,2015/16,4.7459046271667855
Waltham Forest,2016-10-01,606,859,2016,E09000031,Waltham Forest,277081,2.1870860867399786,3.1001764826891773,12,1,2015/16,5.287262569429156
Waltham Forest,2016-11-01,570,794,2016,E09000031,Waltham Forest,277081,2.0571601805970094,2.86558804104215,13,2,2016/17,4.922748221639159
Waltham Forest,2016-12-01,618,739,2016,E09000031,Waltham Forest,277081,2.2303947221209683,2.667090128879281,14,2,2016/17,4.897484851000249
Waltham Forest,2017-01-01,540,824,2017,E09000031,Waltham Forest,278105,1.9417126624835943,2.9629096923823734,15,2,2016/17,4.9046223548659675
Waltham Forest,2017-02-01,586,799,2017,E09000031,Waltham Forest,278105,2.1071178152136785,2.8730155876377625,16,2,2016/17,4.9801334028514415
Waltham Forest,2017-03-01,655,899,2017,E09000031,Waltham Forest,278105,2.355225544308804,3.232592006616206,17,2,2016/17,5.58781755092501
Waltham Forest,2017-04-01,616,747,2017,E09000031,Waltham Forest,278105,2.2149907409072114,2.686035849768972,18,2,2016/17,4.901026590676183
Waltham Forest,2017-05-01,619,881,2017,E09000031,Waltham Forest,278105,2.2257780334765647,3.1678682512000864,19,2,2016/17,5.393646284676651
Waltham Forest,2017-06-01,676,893,2017,E09000031,Waltham Forest,278105,2.430736592294277,3.2110174214774996,20,2,2016/17,5.641754013771777
Waltham Forest,2017-07-01,590,920,2017,E09000031,Waltham Forest,278105,2.121500871972816,3.308103054601679,21,2,2016/17,5.4296039265744955
Waltham Forest,2017-08-01,501,866,2017,E09000031,Waltham Forest,278105,1.8014778590820013,3.11393178835332,22,2,2016/17,4.915409647435322
Waltham Forest,2017-09-01,581,816,2017,E09000031,Waltham Forest,278105,2.089138994264756,2.934143578864098,23,2,2016/17,5.023282573128855
Waltham Forest,2017-10-01,708,888,2017,E09000031,Waltham Forest,278105,2.5458010463673793,3.193038600528577,24,2,2016/17,5.738839646895956
Waltham Forest,2017-11-01,632,882,2017,E09000031,Waltham Forest,278105,2.2725229679437624,3.1714640153898705,25,3,2017/18,5.443986983333633
Waltham Forest,2017-12-01,618,696,2017,E09000031,Waltham Forest,278105,2.22218226928678,2.502651876089966,26,3,2017/18,4.724834145376747
Waltham Forest,2018-01-01,644,813,2018,E09000031,Waltham Forest,279795,2.301685162351007,2.9056988152039884,27,3,2017/18,5.207383977554995
Waltham Forest,2018-02-01,620,786,2018,E09000031,Waltham Forest,279795,2.2159080755553173,2.8091995925588376,28,3,2017/18,5.025107668114154
Waltham Forest,2018-03-01,693,833,2018,E09000031,Waltham Forest,279795,2.47681338122554,2.9771797208670634,29,3,2017/18,5.453993102092603
Waltham Forest,2018-04-01,620,778,2018,E09000031,Waltham Forest,279795,2.2159080755553173,2.780607230293608,30,3,2017/18,4.996515305848925
Waltham Forest,2018-05-01,682,811,2018,E09000031,Waltham Forest,279795,2.437498883110849,2.898550724637681,31,3,2017/18,5.33604960774853
Waltham Forest,2018-06-01,657,853,2018,E09000031,Waltham Forest,279795,2.3481477510320055,3.048660626530138,32,3,2017/18,5.396808377562143
Waltham Forest,2018-07-01,713,880,2018,E09000031,Waltham Forest,279795,2.548294286888615,3.1451598491752892,33,3,2017/18,5.693454136063904
Waltham Forest,2018-08-01,614,907,2018,E09000031,Waltham Forest,279795,2.194463803856395,3.24165907182044,34,3,2017/18,5.436122875676835
Waltham Forest,2018-09-01,638,945,2018,E09000031,Waltham Forest,279795,2.2802408906520846,3.377472792580282,35,3,2017/18,5.657713683232366
Waltham Forest,2018-10-01,665,1036,2018,E09000031,Waltham Forest,279795,2.3767401132972354,3.702710913347272,36,3,2017/18,6.079451026644508
Waltham Forest,2018-11-01,666,933,2018,E09000031,Waltham Forest,279795,2.380314158580389,3.3345842491824373,37,4,2018/19,5.714898407762826
Waltham Forest,2018-12-01,618,891,2018,E09000031,Waltham Forest,279795,2.2087599849890096,3.18447434728998,38,4,2018/19,5.39323433227899
Waltham Forest,2019-01-01,649,955,2019,E09000031,Waltham Forest,281015,2.3094852587940147,3.3983951034642277,39,4,2018/19,5.707880362258242
Waltham Forest,2019-02-01,609,884,2019,E09000031,Waltham Forest,281015,2.1671441026279736,3.145739551269505,40,4,2018/19,5.312883653897479
Waltham Forest,2019-03-01,636,906,2019,E09000031,Waltham Forest,281015,2.2632243830400514,3.2240271871608277,41,4,2018/19,5.487251570200879
Waltham Forest,2019-04-01,563,863,2019,E09000031,Waltham Forest,281015,2.0034517730370265,3.071010444282334,42,4,2018/19,5.07446221731936
Waltham Forest,2019-05-01,685,934,2019,E09000031,Waltham Forest,281015,2.4375922993434513,3.3236659964770565,43,4,2018/19,5.761258295820507
Waltham Forest,2019-06-01,667,899,2019,E09000031,Waltham Forest,281015,2.373538779068733,3.1991174848317705,44,4,2018/19,5.5726562639005035
Waltham Forest,2019-07-01,615,959,2019,E09000031,Waltham Forest,281015,2.1884952760528797,3.412629219080832,45,4,2018/19,5.601124495133712
Waltham Forest,2019-08-01,591,852,2019,E09000031,Waltham Forest,281015,2.1030905823532553,3.0318666263366723,46,4,2018/19,5.1349572086899276
Waltham Forest,2019-09-01,603,984,2019,E09000031,Waltham Forest,281015,2.1457929292030675,3.5015924416846076,47,4,2018/19,5.647385370887675
Waltham Forest,2019-10-01,559,963,2019,E09000031,Waltham Forest,281015,1.9892176574204223,3.426863334697436,48,4,2018/19,5.416080992117858
Waltham Forest,2019-11-01,622,976,2019,E09000031,Waltham Forest,281015,2.213404978381937,3.4731242104513993,49,5,2019/20,5.686529188833337
Waltham Forest,2019-12-01,641,866,2019,E09000031,Waltham Forest,281015,2.2810170275608064,3.0816860309947867,50,5,2019/20,5.362703058555593
Waltham Forest,2020-01-01,663,953,2020,E09000031,Waltham Forest,279527,2.3718638986573746,3.4093307623234965,51,5,2019/20,5.781194660980871
Waltham Forest,2020-02-01,667,943,2020,E09000031,Waltham Forest,279527,2.38617378643208,3.3735560428867335,52,5,2019/20,5.759729829318813
Waltham Forest,2020-03-01,460,770,2020,E09000031,Waltham Forest,279527,1.6456370940910896,2.754653396630737,53,5,2019/20,4.400290490721827
Waltham Forest,2020-04-01,531,733,2020,E09000031,Waltham Forest,279527,1.8996376020921055,2.6222869347147144,54,5,2019/20,4.52192453680682
Waltham Forest,2020-05-01,604,764,2020,E09000031,Waltham Forest,279527,2.1607930539804743,2.733188564968679,55,5,2019/20,4.893981618949153
Waltham Forest,2020-06-01,644,850,2020,E09000031,Waltham Forest,279527,2.3038919317275255,3.0408511521248394,56,5,2019/20,5.344743083852364
Waltham Forest,2020-07-01,647,889,2020,E09000031,Waltham Forest,279527,2.314624347558554,3.1803725579282145,57,5,2019/20,5.494996905486769
Waltham Forest,2020-08-01,763,807,2020,E09000031,Waltham Forest,279527,2.729611093025003,2.8870198585467595,58,5,2019/20,5.6166309515717625
Waltham Forest,2020-09-01,742,815,2020,E09000031,Waltham Forest,279527,2.654484182207801,2.9156396340961694,59,5,2019/20,5.570123816303971
Waltham Forest,2020-10-01,667,814,2020,E09000031,Waltham Forest,279527,2.38617378643208,2.9120621621524934,60,5,2019/20,5.298235948584573
Waltham Forest,2020-11-01,686,793,2020,E09000031,Waltham Forest,279527,2.4541457533619293,2.8369352513352912,61,6,2020/21,5.2910810046972205
Waltham Forest,2020-12-01,630,689,2020,E09000031,Waltham Forest,279527,2.2538073245160577,2.464878169192958,62,6,2020/21,4.718685493709016
Waltham Forest,2021-01-01,589,717,2021,E09000031,Waltham Forest,278147,2.117585305611781,2.5777736232999096,63,6,2020/21,4.69535892891169
Waltham Forest,2021-02-01,591,655,2021,E09000031,Waltham Forest,278147,2.124775748075658,2.3548699069197223,64,6,2020/21,4.47964565499538
Waltham Forest,2021-03-01,686,749,2021,E09000031,Waltham Forest,278147,2.466321765109816,2.692820702721942,65,6,2020/21,5.159142467831758
Waltham Forest,2021-04-01,669,741,2021,E09000031,Waltham Forest,278147,2.4052030041668613,2.664058932866434,66,6,2020/21,5.069261937033295
Waltham Forest,2021-05-01,778,812,2021,E09000031,Waltham Forest,278147,2.797082118448159,2.9193196403340678,67,6,2020/21,5.716401758782227
Waltham Forest,2021-06-01,740,840,2021,E09000031,Waltham Forest,278147,2.6604637116344954,3.019985834828346,68,6,2020/21,5.6804495464628415
Waltham Forest,2021-07-01,726,784,2021,E09000031,Waltham Forest,278147,2.6101306143873564,2.81865344583979,69,6,2020/21,5.428784060227146
Waltham Forest,2021-08-01,617,857,2021,E09000031,Waltham Forest,278147,2.218251500106059,3.0811045957713006,70,6,2020/21,5.29935609587736
Waltham Forest,2021-09-01,676,737,2021,E09000031,Waltham Forest,278147,2.430369552790431,2.64967804793868,71,6,2020/21,5.080047600729111
Waltham Forest,2021-10-01,655,853,2021,E09000031,Waltham Forest,278147,2.3548699069197223,3.066723710843547,72,6,2020/21,5.4215936177632695
Waltham Forest,2021-11-01,699,857,2021,E09000031,Waltham Forest,278147,2.513059641125017,3.0811045957713006,73,7,2021/22,5.594164236896317
Waltham Forest,2021-12-01,544,741,2021,E09000031,Waltham Forest,278147,1.955800350174548,2.664058932866434,74,7,2021/22,4.619859283040983
Waltham Forest,2022-01-01,670,849,2022,E09000031,Waltham Forest,275847,2.4288826777162704,3.077793124449423,75,7,2021/22,5.506675802165693
Waltham Forest,2022-02-01,662,700,2022,E09000031,Waltham Forest,275847,2.3998810935047326,2.537638618509536,76,7,2021/22,4.937519712014268
Waltham Forest,2022-03-01,694,783,2022,E09000031,Waltham Forest,275847,2.515887430350883,2.838530054704238,77,7,2021/22,5.354417485055121
Waltham Forest,2022-04-01,567,807,2022,E09000031,Waltham Forest,275847,2.055487280992724,2.9255348073388507,78,7,2021/22,4.981022088331574
Waltham Forest,2022-05-01,711,846,2022,E09000031,Waltham Forest,275847,2.5775157968004003,3.0669175303700964,79,7,2021/22,5.644433327170496
Waltham Forest,2022-06-01,684,906,2022,E09000031,Waltham Forest,275847,2.479635450086461,3.284429411956628,80,7,2021/22,5.764064862043089
Waltham Forest,2022-07-01,702,884,2022,E09000031,Waltham Forest,275847,2.5448890145624206,3.2046750553748997,81,7,2021/22,5.74956406993732
Waltham Forest,2022-08-01,599,771,2022,E09000031,Waltham Forest,275847,2.1714936178388746,2.7950276783869317,82,7,2021/22,4.966521296225807
Waltham Forest,2022-09-01,651,813,2022,E09000031,Waltham Forest,275847,2.3600039152138685,2.947285995497504,83,7,2021/22,5.307289910711372
Waltham Forest,2022-10-01,671,860,2022,E09000031,Waltham Forest,275847,2.4325078757427123,3.117670302740287,84,7,2021/22,5.550178178483
Waltham Forest,2022-11-01,703,877,2022,E09000031,Waltham Forest,275847,2.5485142125888625,3.1792986691898046,85,8,2022/23,5.727812881778667
Waltham Forest,2022-12-01,546,799,2022,E09000031,Waltham Forest,275847,1.9793581224374381,2.8965332231273133,86,8,2022/23,4.875891345564751
Waltham Forest,2023-01-01,604,775,2023,E09000031,Waltham Forest,278506,2.168714498071855,2.7827048609365685,87,8,2022/23,4.9514193590084234
Waltham Forest,2023-02-01,614,728,2023,E09000031,Waltham Forest,278506,2.20462036724523,2.613947275821706,88,8,2022/23,4.818567643066936
Waltham Forest,2023-03-01,659,856,2023,E09000031,Waltham Forest,278506,2.366196778525418,3.073542401240907,89,8,2022/23,5.439739179766325
Waltham Forest,2023-04-01,606,758,2023,E09000031,Waltham Forest,278506,2.1758956719065297,2.721664883341831,90,8,2022/23,4.8975605552483605
Waltham Forest,2023-05-01,666,887,2023,E09000031,Waltham Forest,278506,2.3913308869467804,3.1848505956783697,91,8,2022/23,5.576181482625151
Waltham Forest,2023-06-01,773,897,2023,E09000031,Waltham Forest,278506,2.775523687101894,3.220756464851745,92,8,2022/23,5.996280151953639
Waltham Forest,2023-07-01,732,944,2023,E09000031,Waltham Forest,278506,2.628309623491056,3.3895140499666074,93,8,2022/23,6.017823673457663
Waltham Forest,2023-08-01,654,929,2023,E09000031,Waltham Forest,278506,2.34824384393873,3.335655246206545,94,8,2022/23,5.683899090145275
Waltham Forest,2023-09-01,659,924,2023,E09000031,Waltham Forest,278506,2.366196778525418,3.317702311619857,95,8,2022/23,5.683899090145275
Waltham Forest,2023-10-01,570,898,2023,E09000031,Waltham Forest,278506,2.0466345428823796,3.224347051769082,96,8,2022/23,5.270981594651461
Wandsworth,2015-11-01,530,1027,2015,E09000032,Wandsworth,322658,1.6426061030564871,3.182936731771721,1,1,2015/16,4.825542834828209
Wandsworth,2015-12-01,540,955,2015,E09000032,Wandsworth,322658,1.673598671038685,2.9597902422998965,2,1,2015/16,4.633388913338582
Wandsworth,2016-01-01,556,889,2016,E09000032,Wandsworth,326413,1.7033635302515524,2.7235434863194787,3,1,2015/16,4.426907016571031
Wandsworth,2016-02-01,551,904,2016,E09000032,Wandsworth,326413,1.6880455128931753,2.7694975383946105,4,1,2015/16,4.457543051287786
Wandsworth,2016-03-01,553,932,2016,E09000032,Wandsworth,326413,1.6941727198365262,2.855278435601523,5,1,2015/16,4.5494511554380495
Wandsworth,2016-04-01,594,921,2016,E09000032,Wandsworth,326413,1.8197804621752198,2.821578797413093,6,1,2015/16,4.641359259588313
Wandsworth,2016-05-01,596,1056,2016,E09000032,Wandsworth,326413,1.8259076691185707,3.2351652660892793,7,1,2015/16,5.06107293520785
Wandsworth,2016-06-01,559,1052,2016,E09000032,Wandsworth,326413,1.7125543406665789,3.2229108522025776,8,1,2015/16,4.935465192869156
Wandsworth,2016-07-01,642,1179,2016,E09000032,Wandsworth,326413,1.9668334288156415,3.6119884931053603,9,1,2015/16,5.578821921921001
Wandsworth,2016-08-01,517,1132,2016,E09000032,Wandsworth,326413,1.5838829948562099,3.467999129936614,10,1,2015/16,5.051882124792824
Wandsworth,2016-09-01,560,1131,2016,E09000032,Wandsworth,326413,1.7156179441382542,3.4649355264649384,11,1,2015/16,5.180553470603193
Wandsworth,2016-10-01,601,1242,2016,E09000032,Wandsworth,326413,1.8412256864769478,3.804995511820914,12,1,2015/16,5.646221198297862
Wandsworth,2016-11-01,511,1102,2016,E09000032,Wandsworth,326413,1.565501374026157,3.3760910257863506,13,2,2016/17,4.9415923998125075
Wandsworth,2016-12-01,531,1046,2016,E09000032,Wandsworth,326413,1.6267734434596661,3.204529231372525,14,2,2016/17,4.831302674832191
Wandsworth,2017-01-01,542,900,2017,E09000032,Wandsworth,329493,1.6449514860710244,2.731469257313509,15,2,2016/17,4.376420743384533
Wandsworth,2017-02-01,543,922,2017,E09000032,Wandsworth,329493,1.6479864519124838,2.798238505825617,16,2,2016/17,4.446224957738101
Wandsworth,2017-03-01,634,1052,2017,E09000032,Wandsworth,329493,1.924168343485294,3.192784065215346,17,2,2016/17,5.11695240870064
Wandsworth,2017-04-01,553,942,2017,E09000032,Wandsworth,329493,1.6783361103270782,2.858937822654806,18,2,2016/17,4.5372739329818845
Wandsworth,2017-05-01,603,1142,2017,E09000032,Wandsworth,329493,1.8300844024000509,3.465930990946697,19,2,2016/17,5.296015393346748
Wandsworth,2017-06-01,687,1008,2017,E09000032,Wandsworth,329493,2.0850215330826454,3.05924556819113,20,2,2016/17,5.144267101273775
Wandsworth,2017-07-01,728,1092,2017,E09000032,Wandsworth,329493,2.209455132582483,3.314182698873724,21,2,2016/17,5.523637831456207
Wandsworth,2017-08-01,568,1004,2017,E09000032,Wandsworth,329493,1.72386059794897,3.047105704825292,22,2,2016/17,4.770966302774262
Wandsworth,2017-09-01,604,1040,2017,E09000032,Wandsworth,329493,1.8331193682415103,3.1563644751178326,23,2,2016/17,4.989483843359343
Wandsworth,2017-10-01,596,1098,2017,E09000032,Wandsworth,329493,1.808839641509835,3.3323924939224807,24,2,2016/17,5.141232135432316
Wandsworth,2017-11-01,692,1064,2017,E09000032,Wandsworth,329493,2.1001963622899424,3.2292036553128596,25,3,2017/18,5.3294000176028025
Wandsworth,2017-12-01,673,1064,2017,E09000032,Wandsworth,329493,2.042532011302213,3.2292036553128596,26,3,2017/18,5.271735666615072
Wandsworth,2018-01-01,654,1049,2018,E09000032,Wandsworth,331069,1.9754190214124547,3.1685237820514756,27,3,2017/18,5.14394280346393
Wandsworth,2018-02-01,569,1090,2018,E09000032,Wandsworth,331069,1.718674958996463,3.292365035687425,28,3,2017/18,5.0110399946838875
Wandsworth,2018-03-01,633,960,2018,E09000032,Wandsworth,331069,1.911988135403798,2.8996976461100252,29,3,2017/18,4.811685781513823
Wandsworth,2018-04-01,671,941,2018,E09000032,Wandsworth,331069,2.026767833895653,2.8423077968640977,30,3,2017/18,4.869075630759751
Wandsworth,2018-05-01,717,1057,2018,E09000032,Wandsworth,331069,2.165711679438425,3.1926879291023926,31,3,2017/18,5.358399608540818
Wandsworth,2018-06-01,753,999,2018,E09000032,Wandsworth,331069,2.274450341167551,3.0174978629832454,32,3,2017/18,5.291948204150796
Wandsworth,2018-07-01,859,1052,2018,E09000032,Wandsworth,331069,2.5946252895921997,3.1775853371955693,33,3,2017/18,5.7722106267877695
Wandsworth,2018-08-01,622,943,2018,E09000032,Wandsworth,331069,1.8787624332087873,2.8483488336268272,34,3,2017/18,4.727111266835615
Wandsworth,2018-09-01,642,951,2018,E09000032,Wandsworth,331069,1.9391728008360796,2.872512980677744,35,3,2017/18,4.811685781513823
Wandsworth,2018-10-01,664,1009,2018,E09000032,Wandsworth,331069,2.005624205226101,3.047703046796891,36,3,2017/18,5.053327252022992
Wandsworth,2018-11-01,700,936,2018,E09000032,Wandsworth,331069,2.114362866955227,2.827205204957275,37,4,2018/19,4.941568071912502
Wandsworth,2018-12-01,602,889,2018,E09000032,Wandsworth,331069,1.818352065581495,2.685240841033138,38,4,2018/19,4.503592906614633
Wandsworth,2019-01-01,696,995,2019,E09000032,Wandsworth,334558,2.0803567692298497,2.974073254861638,39,4,2018/19,5.054430024091488
Wandsworth,2019-02-01,670,972,2019,E09000032,Wandsworth,334558,2.0026422922183897,2.9053258328899623,40,4,2018/19,4.9079681251083525
Wandsworth,2019-03-01,663,975,2019,E09000032,Wandsworth,334558,1.9817191637922273,2.9142928879297463,41,4,2018/19,4.896012051721973
Wandsworth,2019-04-01,634,985,2019,E09000032,Wandsworth,334558,1.8950376317409836,2.9441830713956922,42,4,2018/19,4.839220703136676
Wandsworth,2019-05-01,690,1004,2019,E09000032,Wandsworth,334558,2.0624226591502817,3.00097441998099,43,4,2018/19,5.0633970791312715
Wandsworth,2019-06-01,723,987,2019,E09000032,Wandsworth,334558,2.161060264587904,2.9501611080888814,44,4,2018/19,5.111221372676786
Wandsworth,2019-07-01,692,1042,2019,E09000032,Wandsworth,334558,2.0684006958434713,3.114557117151585,45,4,2018/19,5.182957812995056
Wandsworth,2019-08-01,655,949,2019,E09000032,Wandsworth,334558,1.9578070170194706,2.8365784109182863,46,4,2018/19,4.7943854279377565
Wandsworth,2019-09-01,697,1030,2019,E09000032,Wandsworth,334558,2.083345787576444,3.0786888969924497,47,4,2018/19,5.162034684568894
Wandsworth,2019-10-01,746,1159,2019,E09000032,Wandsworth,334558,2.22980768655958,3.4642722637031547,48,4,2018/19,5.694079950262735
Wandsworth,2019-11-01,673,1083,2019,E09000032,Wandsworth,334558,2.0116093472581733,3.237106869361964,49,5,2019/20,5.248716216620137
Wandsworth,2019-12-01,676,967,2019,E09000032,Wandsworth,334558,2.0205764022979573,2.890380741156989,50,5,2019/20,4.910957143454946
Wandsworth,2020-01-01,690,1032,2020,E09000032,Wandsworth,333678,2.0678618308668835,3.0928020426878606,51,5,2019/20,5.1606638735547445
Wandsworth,2020-02-01,609,905,2020,E09000032,Wandsworth,333678,1.8251128333303364,2.712195589760188,52,5,2019/20,4.537308423090525
Wandsworth,2020-03-01,454,646,2020,E09000032,Wandsworth,333678,1.3605931466863264,1.9359981778840678,53,5,2019/20,3.296591324570394
Wandsworth,2020-04-01,502,481,2020,E09000032,Wandsworth,333678,1.5044444044857617,1.4415094791985088,54,5,2019/20,2.9459538836842705
Wandsworth,2020-05-01,603,695,2020,E09000032,Wandsworth,333678,1.807131426105407,2.082846336887658,55,5,2019/20,3.889977762993065
Wandsworth,2020-06-01,698,840,2020,E09000032,Wandsworth,333678,2.0918370405001228,2.5173970114901194,56,5,2019/20,4.609234051990242
Wandsworth,2020-07-01,816,887,2020,E09000032,Wandsworth,333678,2.4454713825904015,2.6582513680854,57,5,2019/20,5.103722750675802
Wandsworth,2020-08-01,774,1030,2020,E09000032,Wandsworth,333678,2.3196015320158954,3.086808240279551,58,5,2019/20,5.406409772295446
Wandsworth,2020-09-01,815,1099,2020,E09000032,Wandsworth,333678,2.4424744813862467,3.293594423366239,59,5,2019/20,5.736068904752486
Wandsworth,2020-10-01,732,1055,2020,E09000032,Wandsworth,333678,2.1937316814413896,3.1617307703834236,60,5,2019/20,5.355462451824813
Wandsworth,2020-11-01,768,806,2020,E09000032,Wandsworth,333678,2.3016201247909662,2.4155023705488525,61,6,2020/21,4.717122495339819
Wandsworth,2020-12-01,650,793,2020,E09000032,Wandsworth,333678,1.9479857827006875,2.376542654894839,62,6,2020/21,4.324528437595527
Wandsworth,2021-01-01,574,662,2021,E09000032,Wandsworth,328429,1.7477141178154183,2.015656351905587,63,6,2020/21,3.7633704697210053
Wandsworth,2021-02-01,612,797,2021,E09000032,Wandsworth,328429,1.8634164461725364,2.426704097384823,64,6,2020/21,4.290120543557359
Wandsworth,2021-03-01,721,806,2021,E09000032,Wandsworth,328429,2.195299440670586,2.454107280416772,65,6,2020/21,4.649406721087358
Wandsworth,2021-04-01,711,812,2021,E09000032,Wandsworth,328429,2.1648514595239763,2.472376069104738,66,6,2020/21,4.637227528628714
Wandsworth,2021-05-01,809,833,2021,E09000032,Wandsworth,328429,2.463241674760755,2.5363168295126193,67,6,2020/21,4.999558504273374
Wandsworth,2021-06-01,726,897,2021,E09000032,Wandsworth,328429,2.2105234312438915,2.7311839088509235,68,6,2020/21,4.9417073400948155
Wandsworth,2021-07-01,797,930,2021,E09000032,Wandsworth,328429,2.426704097384823,2.8316622466347368,69,6,2020/21,5.25836634401956
Wandsworth,2021-08-01,729,926,2021,E09000032,Wandsworth,328429,2.2196578255878743,2.819483054176093,70,6,2020/21,5.039140879763967
Wandsworth,2021-09-01,796,1004,2021,E09000032,Wandsworth,328429,2.4236592992701618,3.0569773071196513,71,6,2020/21,5.4806366063898135
Wandsworth,2021-10-01,794,1071,2021,E09000032,Wandsworth,328429,2.41756970304084,3.260978780801939,72,6,2020/21,5.678548483842778
Wandsworth,2021-11-01,829,916,2021,E09000032,Wandsworth,328429,2.524137637053975,2.7890350730294826,73,7,2021/22,5.313172710083458
Wandsworth,2021-12-01,709,853,2021,E09000032,Wandsworth,328429,2.158761863294654,2.5972127918058394,74,7,2021/22,4.755974655100493
Wandsworth,2022-01-01,666,818,2022,E09000032,Wandsworth,330447,2.0154517971111856,2.47543478984527,75,7,2021/22,4.490886586956456
Wandsworth,2022-02-01,742,804,2022,E09000032,Wandsworth,330447,2.245443293478228,2.4330679352513416,76,7,2021/22,4.678511228729569
Wandsworth,2022-03-01,787,843,2022,E09000032,Wandsworth,330447,2.3816224689587133,2.5510898873344288,77,7,2021/22,4.932712356293142
Wandsworth,2022-04-01,683,782,2022,E09000032,Wandsworth,330447,2.0668972634038134,2.3664914494608817,78,7,2021/22,4.433388712864695
Wandsworth,2022-05-01,816,870,2022,E09000032,Wandsworth,330447,2.4693823820461374,2.63279739262272,79,7,2021/22,5.1021797746688575
Wandsworth,2022-06-01,765,874,2022,E09000032,Wandsworth,330447,2.315045983168254,2.6449022082209854,80,7,2021/22,4.959948191389239
Wandsworth,2022-07-01,769,923,2022,E09000032,Wandsworth,330447,2.327150798766519,2.793186199299736,81,7,2021/22,5.120336998066255
Wandsworth,2022-08-01,651,1027,2022,E09000032,Wandsworth,330447,1.9700587386176907,3.107911404854636,82,7,2021/22,5.077970143472327
Wandsworth,2022-09-01,679,872,2022,E09000032,Wandsworth,330447,2.054792447805548,2.638849800421853,83,7,2021/22,4.693642248227401
Wandsworth,2022-10-01,711,933,2022,E09000032,Wandsworth,330447,2.151630972591671,2.8234482382954,84,7,2021/22,4.9750792108870705
Wandsworth,2022-11-01,688,950,2022,E09000032,Wandsworth,330447,2.0820282829016454,2.8748937045880276,85,8,2022/23,4.9569219874896735
Wandsworth,2022-12-01,649,787,2022,E09000032,Wandsworth,330447,1.9640063308185578,2.3816224689587133,86,8,2022/23,4.345628799777272
Wandsworth,2023-01-01,650,857,2023,E09000032,Wandsworth,333859,1.9469296918759116,2.5669519168271635,87,8,2022/23,4.513881608703075
Wandsworth,2023-02-01,671,812,2023,E09000032,Wandsworth,333859,2.009830497305749,2.4321644766203696,88,8,2022/23,4.441994973926119
Wandsworth,2023-03-01,711,980,2023,E09000032,Wandsworth,333859,2.1296415552673436,2.935370920059067,89,8,2022/23,5.0650124753264105
Wandsworth,2023-04-01,691,948,2023,E09000032,Wandsworth,333859,2.069736026286546,2.8395220736897913,90,8,2022/23,4.909258099976338
Wandsworth,2023-05-01,810,1186,2023,E09000032,Wandsworth,333859,2.42617392372229,3.552397868561279,91,8,2022/23,5.978571792283569
Wandsworth,2023-06-01,860,1122,2023,E09000032,Wandsworth,333859,2.575937746174283,3.3607001758227275,92,8,2022/23,5.9366379219970105
Wandsworth,2023-07-01,827,1141,2023,E09000032,Wandsworth,333859,2.4770936233559677,3.417610428354485,93,8,2022/23,5.894704051710453
Wandsworth,2023-08-01,704,1081,2023,E09000032,Wandsworth,333859,2.1086746201240643,3.237893841412093,94,8,2022/23,5.346568461536157
Wandsworth,2023-09-01,779,1025,2023,E09000032,Wandsworth,333859,2.3333203538020544,3.070158360265861,95,8,2022/23,5.403478714067916
Wandsworth,2023-10-01,777,1096,2023,E09000032,Wandsworth,333859,2.3273298009039745,3.282822988147691,96,8,2022/23,5.610152789051666
Westminster,2015-11-01,898,2707,2015,E09000033,Westminster,215876,4.1597954381218845,12.539606070151383,1,1,2015/16,16.69940150827327
Westminster,2015-12-01,921,2878,2015,E09000033,Westminster,215876,4.266338082973559,13.331727473179047,2,1,2015/16,17.598065556152605
Westminster,2016-01-01,895,2584,2016,E09000033,Westminster,213193,4.19807404558311,12.12047299864442,3,1,2015/16,16.31854704422753
Westminster,2016-02-01,797,2398,2016,E09000033,Westminster,213193,3.738396664055574,11.248024090847261,4,1,2015/16,14.986420754902834
Westminster,2016-03-01,841,2229,2016,E09000033,Westminster,213193,3.944782427190386,10.45531513698855,5,1,2015/16,14.400097564178937
Westminster,2016-04-01,792,2271,2016,E09000033,Westminster,213193,3.7149437364266182,10.65231972907178,6,1,2015/16,14.367263465498397
Westminster,2016-05-01,912,2313,2016,E09000033,Westminster,213193,4.277813999521561,10.84932432115501,7,1,2015/16,15.12713832067657
Westminster,2016-06-01,912,2281,2016,E09000033,Westminster,213193,4.277813999521561,10.699225584329692,8,1,2015/16,14.977039583851253
Westminster,2016-07-01,1048,2620,2016,E09000033,Westminster,213193,4.915733631029162,12.289334077572903,9,1,2015/16,17.205067708602066
Westminster,2016-08-01,978,2496,2016,E09000033,Westminster,213193,4.587392644223779,11.707701472374797,10,1,2015/16,16.295094116598577
Westminster,2016-09-01,943,2153,2016,E09000033,Westminster,213193,4.423222150821087,10.09883063702842,11,1,2015/16,14.522052787849507
Westminster,2016-10-01,954,2484,2016,E09000033,Westminster,213193,4.47481859160479,11.651414446065303,12,1,2015/16,16.126233037670094
Westminster,2016-11-01,878,2750,2016,E09000033,Westminster,213193,4.11833409164466,12.899110195925758,13,2,2016/17,17.017444287570417
Westminster,2016-12-01,1040,3081,2016,E09000033,Westminster,213193,4.878208946822832,14.45169400496264,14,2,2016/17,19.32990295178547
Westminster,2017-01-01,870,2495,2017,E09000033,Westminster,210459,4.1338217895171985,11.855040649247597,15,2,2016/17,15.988862438764794
Westminster,2017-02-01,822,2273,2017,E09000033,Westminster,210459,3.905748863199008,10.800203365025967,16,2,2016/17,14.705952228224975
Westminster,2017-03-01,1025,2911,2017,E09000033,Westminster,210459,4.870307280753021,13.83167267733858,17,2,2016/17,18.7019799580916
Westminster,2017-04-01,956,2885,2017,E09000033,Westminster,210459,4.542452449170622,13.708133175582892,18,2,2016/17,18.250585624753516
Westminster,2017-05-01,1077,2966,2017,E09000033,Westminster,210459,5.117386284264393,14.093006238744838,19,2,2016/17,19.210392523009233
Westminster,2017-06-01,1024,2596,2017,E09000033,Westminster,210459,4.865555761454726,12.334944098375455,20,2,2016/17,17.20049985983018
Westminster,2017-07-01,1202,2990,2017,E09000033,Westminster,210459,5.711326196551347,14.207042701903934,21,2,2016/17,19.91836889845528
Westminster,2017-08-01,1139,2816,2017,E09000033,Westminster,210459,5.411980480758722,13.380278344000494,22,2,2016/17,18.792258824759216
Westminster,2017-09-01,1052,2817,2017,E09000033,Westminster,210459,4.998598301807003,13.38502986329879,23,2,2016/17,18.383628165105794
Westminster,2017-10-01,1098,2854,2017,E09000033,Westminster,210459,5.217168189528602,13.560836077335727,24,2,2016/17,18.77800426686433
Westminster,2017-11-01,1137,2874,2017,E09000033,Westminster,210459,5.402477442162131,13.65586646330164,25,3,2017/18,19.058343905463772
Westminster,2017-12-01,1107,3204,2017,E09000033,Westminster,210459,5.259931863213263,15.223867831739199,26,3,2017/18,20.48379969495246
Westminster,2018-01-01,1004,2828,2018,E09000033,Westminster,209868,4.783959441172547,13.47513675262546,27,3,2017/18,18.25909619379801
Westminster,2018-02-01,884,2690,2018,E09000033,Westminster,209868,4.212171460155908,12.817580574456326,28,3,2017/18,17.029752034612233
Westminster,2018-03-01,1035,2868,2018,E09000033,Westminster,209868,4.931671336268511,13.665732746297673,29,3,2017/18,18.597404082566186
Westminster,2018-04-01,1000,2649,2018,E09000033,Westminster,209868,4.764899841805326,12.622219680942306,30,3,2017/18,17.387119522747632
Westminster,2018-05-01,1155,2879,2018,E09000033,Westminster,209868,5.5034593172851505,13.718146644557532,31,3,2017/18,19.221605961842684
Westminster,2018-06-01,1142,2925,2018,E09000033,Westminster,209868,5.441515619341682,13.937332037280576,32,3,2017/18,19.37884765662226
Westminster,2018-07-01,1241,3295,2018,E09000033,Westminster,209868,5.913240703680408,15.700344978748547,33,3,2017/18,21.613585682428955
Westminster,2018-08-01,1259,3048,2018,E09000033,Westminster,209868,5.999008900832904,14.52341471782263,34,3,2017/18,20.522423618655534
Westminster,2018-09-01,1192,3007,2018,E09000033,Westminster,209868,5.679760611431948,14.328053824308613,35,3,2017/18,20.00781443574056
Westminster,2018-10-01,1253,3502,2018,E09000033,Westminster,209868,5.9704195017820725,16.68667924600225,36,3,2017/18,22.65709874778432
Westminster,2018-11-01,1266,3893,2018,E09000033,Westminster,209868,6.032363199725542,18.54975508414813,37,4,2018/19,24.582118283873672
Westminster,2018-12-01,1448,4345,2018,E09000033,Westminster,209868,6.899574970934111,20.70348981264414,38,4,2018/19,27.60306478357825
Westminster,2019-01-01,1217,4143,2019,E09000033,Westminster,208415,5.839310990091884,19.878607585826355,39,4,2018/19,25.71791857591824
Westminster,2019-02-01,1216,4458,2019,E09000033,Westminster,208415,5.834512870954586,21.390015114075283,40,4,2018/19,27.22452798502987
Westminster,2019-03-01,1323,4755,2019,E09000033,Westminster,208415,6.347911618645491,22.81505649785284,41,4,2018/19,29.16296811649833
Westminster,2019-04-01,1279,4838,2019,E09000033,Westminster,208415,6.136794376604371,23.21330038624859,42,4,2018/19,29.35009476285296
Westminster,2019-05-01,1335,4412,2019,E09000033,Westminster,208415,6.405489048293069,21.169301633759567,43,4,2018/19,27.574790682052637
Westminster,2019-06-01,1378,4349,2019,E09000033,Westminster,208415,6.611808171196891,20.867020128109782,44,4,2018/19,27.478828299306674
Westminster,2019-07-01,1398,4211,2019,E09000033,Westminster,208415,6.707770553942854,20.20487968716263,45,4,2018/19,26.912650241105485
Westminster,2019-08-01,1466,3912,2019,E09000033,Westminster,208415,7.034042655279131,18.770242065110477,46,4,2018/19,25.804284720389607
Westminster,2019-09-01,1244,3678,2019,E09000033,Westminster,208415,5.968860206798935,17.647482186982703,47,4,2018/19,23.616342393781636
Westminster,2019-10-01,1399,4404,2019,E09000033,Westminster,208415,6.712568673080153,21.13091668066118,48,4,2018/19,27.843485353741332
Westminster,2019-11-01,1339,4174,2019,E09000033,Westminster,208415,6.424681524842262,20.0273492790826,49,5,2019/20,26.452030803924863
Westminster,2019-12-01,1493,4777,2019,E09000033,Westminster,208415,7.163591871986181,22.920615118873403,50,5,2019/20,30.084206990859585
Westminster,2020-01-01,1249,3890,2020,E09000033,Westminster,205624,6.074193673890208,18.91802513325293,51,5,2019/20,24.992218807143136
Westminster,2020-02-01,1216,4322,2020,E09000033,Westminster,205624,5.913706571217368,21.018947204606466,52,5,2019/20,26.932653775823834
Westminster,2020-03-01,916,2484,2020,E09000033,Westminster,205624,4.4547329105551885,12.080301910282847,53,5,2019/20,16.535034820838035
Westminster,2020-04-01,533,550,2020,E09000033,Westminster,205624,2.592109870443139,2.674785044547329,54,5,2019/20,5.266894914990468
Westminster,2020-05-01,740,680,2020,E09000033,Westminster,205624,3.598801696300043,3.307006964167607,55,5,2019/20,6.90580866046765
Westminster,2020-06-01,925,1192,2020,E09000033,Westminster,205624,4.498502120375053,5.796988678364393,56,5,2019/20,10.295490798739447
Westminster,2020-07-01,1007,2031,2020,E09000033,Westminster,205624,4.897288254289383,9.877251682682955,57,5,2019/20,14.774539936972339
Westminster,2020-08-01,1062,2470,2020,E09000033,Westminster,205624,5.164766758744116,12.012216472785278,58,5,2019/20,17.176983231529395
Westminster,2020-09-01,1090,2412,2020,E09000033,Westminster,205624,5.300937633739252,11.730148231723923,59,5,2019/20,17.031085865463176
Westminster,2020-10-01,1021,2379,2020,E09000033,Westminster,205624,4.965373691786951,11.569661129051083,60,5,2019/20,16.535034820838035
Westminster,2020-11-01,829,1366,2020,E09000033,Westminster,205624,4.031630548963156,6.643193401548458,61,6,2020/21,10.674823950511612
Westminster,2020-12-01,828,1873,2020,E09000033,Westminster,205624,4.026767303427615,9.108858888067541,62,6,2020/21,13.135626191495156
Westminster,2021-01-01,576,805,2021,E09000033,Westminster,205759,2.7993915211485283,3.9123440529940368,63,6,2020/21,6.7117355741425655
Westminster,2021-02-01,593,788,2021,E09000033,Westminster,205759,2.8820124514602035,3.8297231226823616,64,6,2020/21,6.7117355741425655
Westminster,2021-03-01,799,959,2021,E09000033,Westminster,205759,3.8831837246487395,4.66079248052333,65,6,2020/21,8.54397620517207
Westminster,2021-04-01,879,1479,2021,E09000033,Westminster,205759,4.271988102586035,7.188020937115752,66,6,2020/21,11.460009039701788
Westminster,2021-05-01,972,2115,2021,E09000033,Westminster,205759,4.723973191938141,10.279015741717252,67,6,2020/21,15.002988933655393
Westminster,2021-06-01,1163,2146,2021,E09000033,Westminster,205759,5.652243644263434,10.429677438167953,68,6,2020/21,16.081921082431386
Westminster,2021-07-01,1410,2652,2021,E09000033,Westminster,205759,6.852677161144834,12.88886512862135,69,6,2020/21,19.741542289766183
Westminster,2021-08-01,1272,2410,2021,E09000033,Westminster,205759,6.181989609203,11.712731885361029,70,6,2020/21,17.894721494564028
Westminster,2021-09-01,1258,2538,2021,E09000033,Westminster,205759,6.113948843063973,12.334818890060703,71,6,2020/21,18.448767733124676
Westminster,2021-10-01,1531,3526,2021,E09000033,Westminster,205759,7.4407437827749945,17.136552957586304,72,6,2020/21,24.577296740361298
Westminster,2021-11-01,1360,3515,2021,E09000033,Westminster,205759,6.609674424934025,17.083092355619925,73,7,2021/22,23.69276678055395
Westminster,2021-12-01,1353,3639,2021,E09000033,Westminster,205759,6.575654041864511,17.685739141422733,74,7,2021/22,24.261393183287243
Westminster,2022-01-01,1231,3013,2022,E09000033,Westminster,209333,5.880582612392695,14.39333502123411,75,7,2021/22,20.273917633626805
Westminster,2022-02-01,1178,3094,2022,E09000033,Westminster,209333,5.6273974958558854,14.780278312545084,76,7,2021/22,20.40767580840097
Westminster,2022-03-01,1247,3708,2022,E09000033,Westminster,209333,5.957015855120789,17.713404002235674,77,7,2021/22,23.670419857356464
Westminster,2022-04-01,1120,3516,2022,E09000033,Westminster,209333,5.350326990966546,16.79620508949855,78,7,2021/22,22.146532080465096
Westminster,2022-05-01,1334,3649,2022,E09000033,Westminster,209333,6.372621612454797,17.43155641967583,79,7,2021/22,23.804178032130626
Westminster,2022-06-01,1251,3792,2022,E09000033,Westminster,209333,5.976124165802812,18.114678526558162,80,7,2021/22,24.090802692360974
Westminster,2022-07-01,1522,4461,2022,E09000033,Westminster,209333,7.270712214509896,21.310543488126573,81,7,2021/22,28.58125570263647
Westminster,2022-08-01,1353,3597,2022,E09000033,Westminster,209333,6.463386088194408,17.183148380809524,82,7,2021/22,23.64653446900393
Westminster,2022-09-01,1108,3274,2022,E09000033,Westminster,209333,5.293002058920476,15.640152293236136,83,7,2021/22,20.933154352156613
Westminster,2022-10-01,1365,5144,2022,E09000033,Westminster,209333,6.520711020240478,24.573287537082066,84,7,2021/22,31.093998557322543
Westminster,2022-11-01,1350,5739,2022,E09000033,Westminster,209333,6.44905485518289,27.415648751033043,85,8,2022/23,33.86470360621593
Westminster,2022-12-01,1424,6058,2022,E09000033,Westminster,209333,6.802558602800323,28.939536527924407,86,8,2022/23,35.74209513072473
Westminster,2023-01-01,1334,5198,2023,E09000033,Westminster,210665,6.332328578548881,24.674245840552537,87,8,2022/23,31.00657441910142
Westminster,2023-02-01,1255,4918,2023,E09000033,Westminster,210665,5.957325611753258,23.34512140127691,88,8,2022/23,29.302447013030168
Westminster,2023-03-01,1187,4971,2023,E09000033,Westminster,210665,5.634538247929177,23.596705670139794,89,8,2022/23,29.23124391806897
Westminster,2023-04-01,1267,4545,2023,E09000033,Westminster,210665,6.014288087722213,21.574537773241875,90,8,2022/23,27.58882586096409
Westminster,2023-05-01,1422,4901,2023,E09000033,Westminster,210665,6.750053402321221,23.26442456032089,91,8,2022/23,30.01447796264211
Westminster,2023-06-01,1481,5046,2023,E09000033,Westminster,210665,7.030118909168586,23.952721144945766,92,8,2022/23,30.98284005411435
Westminster,2023-07-01,1537,5085,2023,E09000033,Westminster,210665,7.29594379702371,24.13784919184487,93,8,2022/23,31.433792988868582
Westminster,2023-08-01,1464,4372,2023,E09000033,Westminster,210665,6.949422068212565,20.753328744689437,94,8,2022/23,27.702750812902003
Westminster,2023-09-01,1406,4272,2023,E09000033,Westminster,210665,6.674103434362614,20.27864144494814,95,8,2022/23,26.952744879310753
Westminster,2023-10-01,1350,5183,2023,E09000033,Westminster,210665,6.408278546507488,24.603042745591342,96,8,2022/23,31.01132129209883
