year,LA_2023,age_group,volunteer_category,volunteer_category_label,volunteer_category_rate,inactive_rate,fairly_active_rate,active_rate,mean_number_activities_150,n_parent_cell,weighted_n_parent_cell,n,weighted_n,small_cell
5,8.0,16-24,0.0,not_volunteered,0.7974381352362929,0.1793882435862104,0.1252881849709696,0.6953235714428201,1.4154179974493757,45,74.23585904605584,37,59.19850500535105,False
5,8.0,16-24,1.0,once_or_one_off,0.03204108582030408,0.3274056432677702,0.0,0.6725943567322298,0.6725943567322298,45,74.23585904605584,2,2.3785975306386717,True
5,8.0,16-24,2.0,a_few_times,0.16248014953132967,0.5644205404017132,0.0,0.43557945959828676,0.7920150167348448,45,74.23585904605584,5,12.061853478389864,True
5,8.0,16-24,4.0,weekly,0.008040629412073086,0.0,0.0,1.0,1.0,45,74.23585904605584,1,0.5969030316762284,True
5,8.0,25-34,0.0,not_volunteered,0.8706682094565315,0.3140921972478119,0.11625008432181289,0.5696577184303754,1.1936666944148557,77,92.4474499651271,69,80.4910557299595,False
5,8.0,25-34,1.0,once_or_one_off,0.008503832730393393,1.0,0.0,0.0,0.0,77,92.4474499651271,1,0.7861576508548533,True
5,8.0,25-34,2.0,a_few_times,0.05615747142890894,0.0,0.21859673780127192,0.7814032621987279,1.0861604098124307,77,92.4474499651271,4,5.191615030092114,True
5,8.0,25-34,3.0,monthly,0.019121757451934028,0.0,0.4530249905926492,0.5469750094073508,2.187900037629403,77,92.4474499651271,2,1.7677577152829675,True
5,8.0,25-34,4.0,weekly,0.04554872893223221,0.0,0.0,1.0,4.0,77,92.4474499651271,1,4.210863838937675,True
5,8.0,35-44,0.0,not_volunteered,0.8790043679760441,0.45303911156479476,0.15146976228533438,0.3954911261498711,0.708169081479567,75,80.99891993815523,67,71.19840442698033,False
5,8.0,35-44,1.0,once_or_one_off,0.034561950259459365,0.551326657975416,0.0,0.4486733420245841,0.8973466840491682,75,80.99891993815523,2,2.799480641972452,True
5,8.0,35-44,2.0,a_few_times,0.03625037093517925,0.0,0.0,1.0,2.0,75,80.99891993815523,1,2.9362408931070134,True
5,8.0,35-44,3.0,monthly,0.03623901148645704,0.0,0.222399555401528,0.777600444598472,0.6500255749284567,75,80.99891993815523,4,2.9353207900294214,True
5,8.0,35-44,4.0,weekly,0.013944299342860032,1.0,0.0,0.0,0.0,75,80.99891993815523,1,1.1294731860659903,True
5,8.0,45-54,0.0,not_volunteered,0.8045562312910397,0.3612020433729249,0.1691453016306537,0.4696526549964213,0.6495729852530244,52,61.347150729699564,43,49.35723239153044,False
5,8.0,45-54,1.0,once_or_one_off,0.004408849794461616,0.0,0.0,1.0,3.0,52,61.347150729699564,1,0.2704703728854417,True
5,8.0,45-54,2.0,a_few_times,0.10378581526238986,0.09569078243314877,0.7324953495379071,0.17181386802894427,0.17181386802894427,52,61.347150729699564,3,6.366964052506584,True
5,8.0,45-54,3.0,monthly,0.08204559125554943,0.09572564464010673,0.09676130322470891,0.8075130521351845,1.8709696384957035,52,61.347150729699564,4,5.033263253461511,True
5,8.0,45-54,4.0,weekly,0.005203512396559466,0.0,0.0,1.0,0.0,52,61.347150729699564,1,0.3192206593155938,True
5,8.0,55-64,0.0,not_volunteered,0.909120365721067,0.2611313974093065,0.08276577823180517,0.6561028243588884,1.1326074841709994,51,59.933414186907015,46,54.48668742451309,False
5,8.0,55-64,1.0,once_or_one_off,0.06512131935612339,0.0,0.0,1.0,0.44924396686504536,51,59.933414186907015,3,3.9029430053683885,True
5,8.0,55-64,2.0,a_few_times,0.018597415868347466,0.0,1.0,0.0,0.0,51,59.933414186907015,1,1.1146066280438256,True
5,8.0,55-64,3.0,monthly,0.007160899054461994,0.0,0.0,1.0,1.0,51,59.933414186907015,1,0.4291771289817015,True
5,8.0,65-74,0.0,not_volunteered,0.8427391723791273,0.302022442919134,0.02139785983301827,0.6765796972478474,1.4338546373081131,26,19.22521187537117,22,16.20183914466367,True
5,8.0,65-74,1.0,once_or_one_off,0.06826056814995647,0.0,0.0,1.0,1.0,26,19.22521187537117,1,1.312323885416126,True
5,8.0,65-74,2.0,a_few_times,0.015598191630552052,0.0,0.0,1.0,2.0,26,19.22521187537117,1,0.2998785389700045,True
5,8.0,65-74,4.0,weekly,0.07340206784036415,0.0,0.0,1.0,2.0,26,19.22521187537117,2,1.4111703063213692,True
5,8.0,75-84,0.0,not_volunteered,0.7221771379238328,0.42377441889421147,0.0,0.5762255811057886,0.852104943694776,7,15.024908899301359,5,10.85064570646378,True
5,8.0,75-84,1.0,once_or_one_off,0.05589990440050066,0.0,0.0,1.0,0.0,7,15.024908899301359,1,0.8398909710971776,True
5,8.0,75-84,3.0,monthly,0.22192295767566647,0.0,0.0,1.0,0.0,7,15.024908899301359,1,3.3343722217404,True
5,8.0,85+,0.0,not_volunteered,0.2830463298543411,1.0,0.0,0.0,0.0,2,3.076966029448533,1,0.8709239417218916,True
5,8.0,85+,3.0,monthly,0.716953670145659,1.0,0.0,0.0,0.0,2,3.076966029448533,1,2.2060420877266416,True
5,9.0,16-24,0.0,not_volunteered,0.789246009701698,0.266819540320318,0.0,0.7331804596796819,1.3310634936026924,32,105.81944124660649,27,83.51757175274744,True
5,9.0,16-24,1.0,once_or_one_off,0.07057550353810198,0.0,0.7341434570549101,0.26585654294508987,0.5317130858901797,32,105.81944124660649,2,7.46826035009985,True
5,9.0,16-24,3.0,monthly,0.10211779920495624,0.0,0.0,1.0,1.675224661529696,32,105.81944124660649,2,10.806048453201626,True
5,9.0,16-24,4.0,weekly,0.038060687555243986,1.0,0.0,0.0,0.0,32,105.81944124660649,1,4.027560690557587,True
5,9.0,25-34,0.0,not_volunteered,0.862177801984685,0.20111913485511432,0.19930600039917984,0.599574864745706,1.1262628318524497,81,179.0900279943824,71,154.40744669357233,False
5,9.0,25-34,1.0,once_or_one_off,0.0724361079696867,0.3952467990007197,0.15822581343798187,0.44652738756129845,0.44652738756129845,81,179.0900279943824,5,12.972584604095298,True
5,9.0,25-34,2.0,a_few_times,0.03406430524051473,0.6967384325703144,0.0,0.30326156742968546,0.5098565863471213,81,179.0900279943824,3,6.10057737913297,True
5,9.0,25-34,3.0,monthly,0.004743341342320906,0.0,0.0,1.0,0.0,81,179.0900279943824,1,0.8494851337831625,True
5,9.0,25-34,4.0,weekly,0.026578443462792735,0.0,0.0,1.0,1.0,81,179.0900279943824,1,4.759934183798661,True
5,9.0,35-44,0.0,not_volunteered,0.7809268122173291,0.1877890817444313,0.07805523221047904,0.7341556860450895,1.7318462885120396,58,106.99722912337839,49,83.55700505540705,False
5,9.0,35-44,1.0,once_or_one_off,0.10969293568102156,0.10717664663954096,0.262180239683747,0.630643113676712,1.6062540473615605,58,106.99722912337839,5,11.736840172278272,True
5,9.0,35-44,2.0,a_few_times,0.03390214308504372,0.0,0.0,1.0,1.0,58,106.99722912337839,1,3.627435371443981,True
5,9.0,35-44,3.0,monthly,0.023427031789018574,0.0,0.0,1.0,1.3479266883257672,58,106.99722912337839,2,2.5066274880102895,True
5,9.0,35-44,4.0,weekly,0.052051077227587145,0.0,0.0,1.0,6.0,58,106.99722912337839,1,5.569321036238805,True
5,9.0,45-54,0.0,not_volunteered,0.7673094786864646,0.25033319456140135,0.16632485365006472,0.5833419517885339,1.264909625657207,69,130.8762042533558,53,100.42255205810571,False
5,9.0,45-54,1.0,once_or_one_off,0.03288377537700765,0.43547650746994254,0.0,0.5645234925300575,1.1961075680523248,69,130.8762042533558,4,4.303703702862726,True
5,9.0,45-54,2.0,a_few_times,0.05307084189849569,0.0,0.09971455448645462,0.9002854455135453,1.407176649558959,69,130.8762042533558,4,6.945710344205075,True
5,9.0,45-54,3.0,monthly,0.06560090144425833,0.4455985767235901,0.0,0.55440142327641,0.8702232947219649,69,130.8762042533558,5,8.585596976623018,True
5,9.0,45-54,4.0,weekly,0.08113500259377399,0.0,0.0,1.0,2.7355051603785667,69,130.8762042533558,3,10.618641171559318,True
5,9.0,55-64,0.0,not_volunteered,0.6847775527405261,0.1658716991612699,0.20715580301938036,0.6269724978193496,1.5215402545209546,53,107.69994985970366,40,73.75050809520525,False
5,9.0,55-64,1.0,once_or_one_off,0.0617854824802142,0.7105223477158169,0.0,0.28947765228418304,0.07878363551872185,53,107.69994985970366,4,6.6542933651766685,True
5,9.0,55-64,2.0,a_few_times,0.08241511833570583,0.588039735114218,0.1838835171022285,0.22807674778355352,0.9784414153010543,53,107.69994985970366,4,8.876104112437062,True
5,9.0,55-64,3.0,monthly,0.0073774031449726106,0.0,0.0,1.0,3.0,53,107.69994985970366,1,0.7945459488083703,True
5,9.0,55-64,4.0,weekly,0.16364444329858127,0.10872069130331731,0.0,0.8912793086966826,0.7345180734650447,53,107.69994985970366,4,17.62449833807632,True
5,9.0,65-74,0.0,not_volunteered,0.8575342370914406,0.1362512961653686,0.011983928206197862,0.8517647756284333,0.8412751547164548,38,98.8318492784372,32,84.75169447132089,False
5,9.0,65-74,1.0,once_or_one_off,0.034961033957043065,0.1755128370402649,0.0,0.8244871629597351,3.2979486518389405,38,98.8318492784372,2,3.4552636386608055,True
5,9.0,65-74,2.0,a_few_times,0.08304155714688417,0.0,0.12747653768872927,0.8725234623112709,0.8725234623112709,38,98.8318492784372,2,8.207150659787587,True
5,9.0,65-74,3.0,monthly,0.024463171804632203,0.5,0.0,0.5,1.0,38,98.8318492784372,2,2.4177405086679244,True
5,9.0,75-84,0.0,not_volunteered,0.8401583564186698,0.3793499538883542,0.24070523224335494,0.3799448138682909,0.9177847054042745,15,56.165576760200345,14,47.18797865815656,True
5,9.0,75-84,1.0,once_or_one_off,0.15984164358133024,1.0,0.0,0.0,0.0,15,56.165576760200345,1,8.977598102043789,True
5,9.0,85+,0.0,not_volunteered,1.0,0.0,0.0,1.0,0.7311200595378259,2,7.987912784366079,2,7.987912784366079,True
5,17.0,16-24,0.0,not_volunteered,0.6600456748224043,0.1316740275711458,0.26438258937375714,0.6039433830550971,0.5761512974730107,18,43.37541092569719,14,28.62975237515089,True
5,17.0,16-24,1.0,once_or_one_off,0.04154222615458996,1.0,0.0,0.0,0.0,18,43.37541092569719,1,1.8019111302235848,True
5,17.0,16-24,2.0,a_few_times,0.09841790392903414,0.0,0.0,1.0,2.0,18,43.37541092569719,1,4.268917025367644,True
5,17.0,16-24,3.0,monthly,0.19999419509397165,0.47366723414297257,0.0,0.5263327658570274,1.5789982975710823,18,43.37541092569719,2,8.674830394955073,True
5,17.0,25-34,0.0,not_volunteered,0.8668642945859207,0.2874541080402113,0.12722544305835318,0.5853204489014358,1.0123395780812856,53,78.90731566699172,44,68.40193453333535,False
5,17.0,25-34,1.0,once_or_one_off,0.021210500297427184,0.0,0.0,1.0,2.5213558394229723,53,78.90731566699172,2,1.6736636424239086,True
5,17.0,25-34,2.0,a_few_times,0.011058218187146356,0.0,0.0,1.0,1.0,53,78.90731566699172,1,0.8725743132076264,True
5,17.0,25-34,3.0,monthly,0.04637496702516278,0.0,0.8495516366031417,0.15044836339685833,0.15044836339685833,53,78.90731566699172,2,3.659324162100851,True
5,17.0,25-34,4.0,weekly,0.05449201990434293,0.0,0.0,1.0,2.3014113463315935,53,78.90731566699172,4,4.299819015923983,True
5,17.0,35-44,0.0,not_volunteered,0.8480892508382709,0.42570669660003013,0.13824202673124725,0.43605127666872256,0.6728114904065514,80,108.78569040812877,67,92.259974680154,False
5,17.0,35-44,1.0,once_or_one_off,0.03280080527568451,0.0,0.7716578198122118,0.22834218018778826,0.6850265405633646,80,108.78569040812877,3,3.5682582478579326,True
5,17.0,35-44,2.0,a_few_times,0.012529736198150622,0.0,0.0,1.0,2.6734116559143093,80,108.78569040812877,2,1.363056002947538,True
5,17.0,35-44,3.0,monthly,0.0432910594061858,0.32308350116792767,0.0,0.6769164988320723,0.41383941105005323,80,108.78569040812877,5,4.709447786001239,True
5,17.0,35-44,4.0,weekly,0.06328914828170826,0.4612309366870064,0.0,0.5387690633129936,1.307824548011586,80,108.78569040812877,3,6.884953691168069,True
5,17.0,45-54,0.0,not_volunteered,0.8632841810383097,0.26693606246764473,0.07227905141047578,0.6607848861218796,0.844039744609167,67,124.03478719871816,54,107.07726968710644,False
5,17.0,45-54,1.0,once_or_one_off,0.029316533121414155,0.0,0.0,1.0,3.2190813829899074,67,124.03478719871816,2,3.6362699471187776,True
5,17.0,45-54,2.0,a_few_times,0.06659786207255035,0.0,0.2952171548623393,0.7047828451376608,0.9687330773562531,67,124.03478719871816,5,8.260451650058366,True
5,17.0,45-54,3.0,monthly,0.006622165139414858,0.0,0.3261636016441594,0.6738363983558405,3.3691819917792025,67,124.03478719871816,2,0.8213788438620917,True
5,17.0,45-54,4.0,weekly,0.034179258628310685,0.0,0.09195366474971939,0.9080463352502806,1.6839415638046649,67,124.03478719871816,4,4.239417070572467,True
5,17.0,55-64,0.0,not_volunteered,0.8124131259965929,0.2964429769820991,0.11271813166241863,0.5908388913554822,0.641880462052787,52,71.70406589836523,40,58.25332432315659,False
5,17.0,55-64,1.0,once_or_one_off,0.02277645425340619,0.0,0.0,1.0,1.0,52,71.70406589836523,2,1.6331643767173385,True
5,17.0,55-64,2.0,a_few_times,0.05281426534567246,0.44287583328998953,0.21194662214611135,0.3451775445638991,1.2180195230042146,52,71.70406589836523,4,3.7869975627198453,True
5,17.0,55-64,3.0,monthly,0.07582632004772683,0.37105368017600987,0.0,0.62894631982399,0.8825705531458232,52,71.70406589836523,4,5.437055449532737,True
5,17.0,55-64,4.0,weekly,0.03616983435660173,0.4839043063580512,0.0,0.5160956936419488,0.5160956936419488,52,71.70406589836523,2,2.5935241862387253,True
5,17.0,65-74,0.0,not_volunteered,0.8633801366606315,0.37558675873385144,0.1521920000567567,0.4722212412093919,0.8528791484280602,37,49.76030137348393,32,42.962055800112765,False
5,17.0,65-74,1.0,once_or_one_off,0.035590031041885656,1.0,0.0,0.0,0.0,37,49.76030137348393,2,1.7709706705358783,True
5,17.0,65-74,2.0,a_few_times,0.017901288422503023,1.0,0.0,0.0,0.0,37,49.76030137348393,1,0.8907735068774092,True
5,17.0,65-74,3.0,monthly,0.0831285438749796,0.0,0.0,1.0,1.7811270093549008,37,49.76030137348393,2,4.1365013959578665,True
5,17.0,75-84,0.0,not_volunteered,0.9592371774297842,0.2938688661956062,0.0,0.7061311338043937,1.0047206162575706,18,48.26510382079233,17,46.29768195741233,True
5,17.0,75-84,3.0,monthly,0.04076282257021564,0.0,0.0,1.0,1.0,18,48.26510382079233,1,1.9674218633799951,True
5,17.0,85+,0.0,not_volunteered,0.6096621498729149,0.0,0.0,1.0,0.0,3,4.032963847771061,2,2.458745409791848,True
5,17.0,85+,4.0,weekly,0.3903378501270852,1.0,0.0,0.0,0.0,3,4.032963847771061,1,1.5742184379792132,True
5,30.0,16-24,0.0,not_volunteered,0.9099807324709305,0.21887778591817011,0.07556258407847678,0.7055596300033531,1.329434389353267,54,83.60696278712467,50,76.08072523669753,False
5,30.0,16-24,1.0,once_or_one_off,0.007629963989923305,0.0,0.0,1.0,1.0,54,83.60696278712467,1,0.637918115372619,True
5,30.0,16-24,2.0,a_few_times,0.043485959052604196,0.28990445894110195,0.0,0.710095541058898,0.710095541058898,54,83.60696278712467,2,3.6357289602735063,True
5,30.0,16-24,4.0,weekly,0.03890334448654191,0.0,0.0,1.0,4.0,54,83.60696278712467,1,3.2525904747810013,True
5,30.0,25-34,0.0,not_volunteered,0.8966398148037209,0.37579507568418696,0.08487472589958826,0.5393301984162249,1.0119088940993266,75,136.14635555720747,65,122.07424303301605,False
5,30.0,25-34,2.0,a_few_times,0.04284558348343212,0.6706167667003335,0.0,0.32938323329966634,1.2184854139710841,75,136.14635555720747,4,5.833270042991366,True
5,30.0,25-34,3.0,monthly,0.007450618648612342,0.0,0.0,1.0,5.0,75,136.14635555720747,1,1.0143745756551366,True
5,30.0,25-34,4.0,weekly,0.05306398306423451,0.4760464787760751,0.0772187689519338,0.4467347522719912,1.6777143835199517,75,136.14635555720747,5,7.224467905544907,True
5,30.0,35-44,0.0,not_volunteered,0.8439085767055121,0.37693558573640024,0.04348711801883395,0.5795772962447657,0.7351425944181421,91,157.39887859297053,74,132.83026360843746,False
5,30.0,35-44,1.0,once_or_one_off,0.03201382508090476,0.1469334630749638,0.6440964879074732,0.20897004901756305,0.4179400980351261,91,157.39887859297053,4,5.038940167205923,True
5,30.0,35-44,2.0,a_few_times,0.06190972011647139,0.06000525621776159,0.0,0.9399947437822385,0.8827087485772572,91,157.39887859297053,6,9.744520520337266,True
5,30.0,35-44,3.0,monthly,0.028089433702802983,0.0,0.06687272509611152,0.9331272749038886,1.3180142688840777,91,157.39887859297053,3,4.421245365132782,True
5,30.0,35-44,4.0,weekly,0.034078444394308585,0.48789309112133217,0.0790790985913377,0.4330278102873301,1.5076166873893846,91,157.39887859297053,4,5.3639089318570745,True
5,30.0,45-54,0.0,not_volunteered,0.7808437858314619,0.1939171743586265,0.33270585645707185,0.47337696918430167,0.6541793804407174,66,105.07393433110191,51,82.04632867530403,False
5,30.0,45-54,1.0,once_or_one_off,0.04833515141310196,0.0,0.0,1.0,1.3763729541470913,66,105.07393433110191,3,5.078764525464143,True
5,30.0,45-54,2.0,a_few_times,0.032364327486098,0.0,0.0,1.0,9.207028724992508,66,105.07393433110191,2,3.400647220944538,True
5,30.0,45-54,3.0,monthly,0.096384501056184,0.1746339934333612,0.08824980741807002,0.7371161991485686,1.5501837867383854,66,105.07393433110191,7,10.1274987345135,True
5,30.0,45-54,4.0,weekly,0.04207223421315412,0.0,0.0,1.0,0.7977039650982101,66,105.07393433110191,3,4.420695174875695,True
5,30.0,55-64,0.0,not_volunteered,0.9401963695314736,0.3314317485177703,0.07974241472895528,0.5888258367532744,0.9954676806957332,53,89.71633766594131,49,84.35097496117781,False
5,30.0,55-64,1.0,once_or_one_off,0.04027313527653101,0.7138340158171259,0.17475901133398156,0.11140697284889256,0.0,53,89.71633766594131,3,3.613158203335389,True
5,30.0,55-64,4.0,weekly,0.019530495191995633,0.0,0.0,1.0,5.0,53,89.71633766594131,1,1.7522045014281236,True
5,30.0,65-74,0.0,not_volunteered,0.8024127471446674,0.2289007620603557,0.06126303392946061,0.7098362040101837,1.6919644979611292,43,51.78875102386268,36,41.55595398024886,False
5,30.0,65-74,1.0,once_or_one_off,0.0903504022485959,0.0,0.19367205254257655,0.8063279474574234,1.0813554581091944,43,51.78875102386268,3,4.679134486958376,True
5,30.0,65-74,2.0,a_few_times,0.007025404643765359,0.0,0.0,1.0,2.0,43,51.78875102386268,1,0.3638369319378528,True
5,30.0,65-74,3.0,monthly,0.09285631098020747,0.05409963591602573,0.0,0.9459003640839743,0.0,43,51.78875102386268,2,4.808912370348331,True
5,30.0,65-74,4.0,weekly,0.007355134982764003,0.0,0.0,1.0,1.0,43,51.78875102386268,1,0.3809132543692675,True
5,30.0,75-84,0.0,not_volunteered,0.8107509860282671,0.40361017641205094,0.0,0.5963898235879491,0.6754588605881243,14,32.00457483829995,11,25.947740607567155,True
5,30.0,75-84,1.0,once_or_one_off,0.08056887933791682,0.0,0.0,1.0,1.0,14,32.00457483829995,1,2.5785727284083175,True
5,30.0,75-84,2.0,a_few_times,0.08223472597470063,0.0,0.0,1.0,1.0,14,32.00457483829995,1,2.6318874417643956,True
5,30.0,75-84,3.0,monthly,0.026445408659115124,1.0,0.0,0.0,0.0,14,32.00457483829995,1,0.8463740605600756,True
5,30.0,85+,0.0,not_volunteered,1.0,1.0,0.0,0.0,0.0,1,0.9650932436389114,1,0.9650932436389114,True
5,35.0,16-24,0.0,not_volunteered,0.7048700078948307,0.01724273852273423,0.04394648133359472,0.938810780143671,1.5088711960971932,19,54.324221191008,14,38.291514219786336,True
5,35.0,16-24,1.0,once_or_one_off,0.035033167510881355,0.0,0.0,1.0,1.0,19,54.324221191008,1,1.903149540882754,True
5,35.0,16-24,2.0,a_few_times,0.1739491026767711,0.0,0.13247913755282004,0.86752086244718,3.9674131656844147,19,54.324221191008,3,9.449649529790275,True
5,35.0,16-24,4.0,weekly,0.086147721917517,0.0,0.0,1.0,2.0,19,54.324221191008,1,4.679907900548642,True
5,35.0,25-34,0.0,not_volunteered,0.8927922927991657,0.1351382584621098,0.14910064377690174,0.7157610977609886,1.769013048426151,52,88.39536221145843,47,78.9186981015807,False
5,35.0,25-34,1.0,once_or_one_off,0.02934454574958749,0.0,0.0,1.0,1.0,52,88.39536221145843,1,2.593921750465499,True
5,35.0,25-34,2.0,a_few_times,0.07786316145124689,0.0,0.12943187064943804,0.8705681293505619,1.4117399831744895,52,88.39536221145843,4,6.882742359412236,True
5,35.0,35-44,0.0,not_volunteered,0.8424828821942637,0.09906178516416318,0.13103140301606822,0.7699068118197687,1.871306338289593,67,118.67388895325769,54,99.98072000654253,False
5,35.0,35-44,1.0,once_or_one_off,0.07976735160786537,0.0,0.0,1.0,2.058792050765702,67,118.67388895325769,6,9.466301826807276,True
5,35.0,35-44,2.0,a_few_times,0.02527136888521087,0.35493840122921977,0.0,0.6450615987707803,2.2768254857925627,67,118.67388895325769,3,2.9990516247803263,True
5,35.0,35-44,3.0,monthly,0.014252367761126325,0.2690030826696068,0.0,0.7309969173303932,1.4619938346607864,67,118.67388895325769,2,1.6913839090048954,True
5,35.0,35-44,4.0,weekly,0.03822602955153359,0.0,0.0,1.0,4.553224077046023,67,118.67388895325769,2,4.536431586122644,True
5,35.0,45-54,0.0,not_volunteered,0.7036393413746895,0.37054094351477485,0.06595023841323588,0.5635088180719893,1.0787961128701515,73,132.32990748529969,48,93.11252894712987,False
5,35.0,45-54,1.0,once_or_one_off,0.07009054733149782,0.0,0.11849482484905068,0.8815051751509492,1.5872276843873663,73,132.32990748529969,4,9.275075643971125,True
5,35.0,45-54,2.0,a_few_times,0.1770155295381862,0.0,0.0891728672101672,0.9108271327898328,1.9406508584711808,73,132.32990748529969,16,23.424448647249513,True
5,35.0,45-54,3.0,monthly,0.02861395516067174,0.0,0.0,1.0,1.3859936557533703,73,132.32990748529969,3,3.7864820392002048,True
5,35.0,45-54,4.0,weekly,0.020640626594954904,0.0,0.0,1.0,1.243451639455861,73,132.32990748529969,2,2.731372207748999,True
5,35.0,55-64,0.0,not_volunteered,0.6680149149074891,0.2629466235498503,0.04972402184609182,0.687329354604058,1.1892967008410245,55,108.1234783216785,38,72.2280961705578,False
5,35.0,55-64,1.0,once_or_one_off,0.18679031542222624,0.07716397397998587,0.03845913877007622,0.884376887249938,1.3363621174232319,55,108.1234783216785,9,20.19641862025457,True
5,35.0,55-64,2.0,a_few_times,0.05828478265532414,0.20603925646213547,0.0,0.7939607435378645,0.7939607435378645,55,108.1234783216785,3,6.301953433916683,True
5,35.0,55-64,3.0,monthly,0.019743227456758224,0.0,0.0,1.0,2.0,55,108.1234783216785,1,2.1347064259207658,True
5,35.0,55-64,4.0,weekly,0.0671667595582022,0.0,0.0,1.0,1.1578980719871268,55,108.1234783216785,4,7.2623036710286675,True
5,35.0,65-74,0.0,not_volunteered,0.7105599631725155,0.1246010394056809,0.0691783399761207,0.8062206206181985,1.3541795752853756,53,127.80098078152562,39,90.8102601975322,False
5,35.0,65-74,2.0,a_few_times,0.14413695686110536,0.0,0.0,1.0,2.837481504684672,53,127.80098078152562,7,18.420844453713716,True
5,35.0,65-74,3.0,monthly,0.11544515824570178,0.0,0.0,1.0,1.229437248022601,53,127.80098078152562,4,14.754004450279119,True
5,35.0,65-74,4.0,weekly,0.029857921720677544,0.0,0.3573958840308719,0.6426041159691279,0.6426041159691279,53,127.80098078152562,3,3.8158716800006074,True
5,35.0,75-84,0.0,not_volunteered,0.7617539610912032,0.21716734155789755,0.14417209448051543,0.6386605639615871,0.7757336303573644,15,58.82140186089203,13,44.80743586447198,True
5,35.0,75-84,1.0,once_or_one_off,0.1347907852114342,1.0,0.0,0.0,0.0,15,58.82140186089203,1,7.928582944066954,True
5,35.0,75-84,4.0,weekly,0.10345525369736262,0.0,0.0,1.0,3.0000000000000004,15,58.82140186089203,1,6.085383052353103,True
5,35.0,85+,0.0,not_volunteered,0.7853224778442369,1.0,0.0,0.0,0.0,5,14.934650546162093,4,11.728516772649801,True
5,35.0,85+,2.0,a_few_times,0.21467752215576302,0.0,0.0,1.0,0.0,5,14.934650546162093,1,3.206133773512291,True
5,44.0,16-24,0.0,not_volunteered,0.8941219758748719,0.3708704462130285,0.028722285802619346,0.600407267984352,1.5456307544453969,36,79.8834980341543,30,71.42559110209449,False
5,44.0,16-24,1.0,once_or_one_off,0.005079660468441608,1.0,0.0,0.0,0.0,36,79.8834980341543,1,0.4057810470449265,True
5,44.0,16-24,2.0,a_few_times,0.06805780942489656,0.0,0.07832554790966144,0.9216744520903386,6.084487339447539,36,79.8834980341543,3,5.436695885402572,True
5,44.0,16-24,3.0,monthly,0.022804923252517286,0.0,0.0,1.0,3.0,36,79.8834980341543,1,1.8217370418115044,True
5,44.0,16-24,4.0,weekly,0.009935630979272622,0.0,0.0,1.0,7.0,36,79.8834980341543,1,0.7936929578008071,True
5,44.0,25-34,0.0,not_volunteered,0.8918054595366839,0.2437959686347965,0.09035790934992238,0.6658461220152811,1.6675632540369114,87,149.12867860980086,81,132.9937697577119,False
5,44.0,25-34,1.0,once_or_one_off,0.027786189723250563,0.0,0.0,1.0,1.6232086665285306,87,149.12867860980086,2,4.1437177570295844,True
5,44.0,25-34,3.0,monthly,0.03204137798039467,0.0,1.0,0.0,0.0,87,149.12867860980086,1,4.778288359053427,True
5,44.0,25-34,4.0,weekly,0.048366972759670696,0.0,0.19890835340705473,0.8010916465929452,1.8010916465929452,87,149.12867860980086,3,7.212902736005924,True
5,44.0,35-44,0.0,not_volunteered,0.746627231421368,0.217418188515979,0.18813736445374088,0.5944444470302801,1.1981074741369657,73,101.18065281584846,60,75.54423068530357,False
5,44.0,35-44,1.0,once_or_one_off,0.05390249341702638,0.0,0.05984565609244752,0.9401543439075525,0.9401543439075525,73,101.18065281584846,3,5.453889472336703,True
5,44.0,35-44,2.0,a_few_times,0.07189887561762587,0.0,0.0,1.0,2.982098836026691,73,101.18065281584846,3,7.2747751717168745,True
5,44.0,35-44,3.0,monthly,0.12757139954397972,0.19877381911093672,0.20451065196597495,0.5967155289230883,1.2656460069743143,73,101.18065281584846,7,12.907757486491303,True
5,44.0,45-54,0.0,not_volunteered,0.9212462969630466,0.35044248655809623,0.028124753429245457,0.6214327600126583,1.414087314754799,57,66.86917295974985,52,61.60297797015103,False
5,44.0,45-54,2.0,a_few_times,0.03049090982528311,0.5211007245700106,0.4788992754299894,0.0,0.0,57,66.86917295974985,2,2.0389019228069922,True
5,44.0,45-54,3.0,monthly,0.01621515669134421,0.0,0.0,1.0,1.0,57,66.86917295974985,1,1.084294117362941,True
5,44.0,45-54,4.0,weekly,0.0320476365203261,0.0,0.0,1.0,2.7763759646553137,57,66.86917295974985,2,2.1429989494288817,True
5,44.0,55-64,0.0,not_volunteered,0.9456270340706591,0.28383286552721454,0.11979095683383721,0.5963761776389482,1.0305087937404374,74,89.30528410346463,67,84.44949093359683,False
5,44.0,55-64,1.0,once_or_one_off,0.027170808435944598,0.0,0.0,1.0,3.873842578571965,74,89.30528410346463,3,2.426496766692846,True
5,44.0,55-64,2.0,a_few_times,0.004683966217257767,0.0,1.0,0.0,0.0,74,89.30528410346463,1,0.4183029337632354,True
5,44.0,55-64,3.0,monthly,0.009033613382010863,1.0,0.0,0.0,0.0,74,89.30528410346463,1,0.8067494095613401,True
5,44.0,55-64,4.0,weekly,0.01348457789412758,0.0,0.0,1.0,5.57919204546449,74,89.30528410346463,2,1.2042440598503623,True
5,44.0,65-74,0.0,not_volunteered,0.8801021491879313,0.3287794958326919,0.13707051847563245,0.5341499856916757,0.8236827432736681,38,57.45793602434998,33,50.56885298293308,False
5,44.0,65-74,2.0,a_few_times,0.04708313610491779,0.0,0.0,1.0,0.5631446644930355,38,57.45793602434998,2,2.705299822142129,True
5,44.0,65-74,4.0,weekly,0.07281471470715095,0.0,0.0,1.0,1.5534211726960099,38,57.45793602434998,3,4.183783219274775,True
5,44.0,75-84,0.0,not_volunteered,0.9351111456606674,0.24469675336952007,0.1526496626949121,0.6026535839355679,1.1645347682451368,14,28.92406549497114,13,27.04721602216664,True
5,44.0,75-84,2.0,a_few_times,0.06488885433933263,0.0,0.0,1.0,2.0,14,28.92406549497114,1,1.876849472804499,True
5,44.0,85+,0.0,not_volunteered,1.0,0.0,0.6311714832697393,0.36882851673026074,0.7376570334605215,2,8.91051877576858,2,8.91051877576858,True
5,68.0,16-24,0.0,not_volunteered,0.8516938896782092,0.43830065611611374,0.04845749755830121,0.5132418463255849,0.6819781222136715,37,133.56393983402756,33,113.75559143798925,False
5,68.0,16-24,1.0,once_or_one_off,0.03257304410460246,0.0,0.0,1.0,1.0,37,133.56393983402756,1,4.3505841029982495,True
5,68.0,16-24,3.0,monthly,0.035291433541878386,0.0,1.0,0.0,0.0,37,133.56393983402756,1,4.713662906244027,True
5,68.0,16-24,4.0,weekly,0.0804416326753102,0.0,0.0,1.0,2.5000000000000004,37,133.56393983402756,2,10.744101386796077,True
5,68.0,25-34,0.0,not_volunteered,0.8730894834038883,0.29613564553808375,0.0543368991865743,0.649527455275342,1.1147727144082367,65,145.03002854461212,53,126.62419270006656,False
5,68.0,25-34,1.0,once_or_one_off,0.025840750795690263,0.4027792446669441,0.3898464480742255,0.20737430725883038,0.41474861451766076,65,145.03002854461212,3,3.747684825513167,True
5,68.0,25-34,2.0,a_few_times,0.054435369093050794,0.16361399733449924,0.0,0.8363860026655007,3.4829007890583052,65,145.03002854461212,4,7.8947631334016535,True
5,68.0,25-34,3.0,monthly,0.023948168435236287,0.0,0.3528295307694433,0.6471704692305567,1.2943409384611133,65,145.03002854461212,2,3.473203551753498,True
5,68.0,25-34,4.0,weekly,0.022686228272134554,0.0,0.0,1.0,1.4582122769953503,65,145.03002854461212,3,3.290184333877261,True
5,68.0,35-44,0.0,not_volunteered,0.7727071144694612,0.29961833846772423,0.10241521369968537,0.5979664478325902,1.1803323451054968,84,177.62581435837944,62,137.25273046815155,False
5,68.0,35-44,1.0,once_or_one_off,0.04206886566102105,0.08541760069543355,0.22025472764871792,0.6943276716558486,1.8546510165649732,84,177.62581435837944,7,7.472516522172128,True
5,68.0,35-44,2.0,a_few_times,0.10724634860404003,0.0,0.19447081154061185,0.8055291884593883,0.2667677439091252,84,177.62581435837944,5,19.049720007755262,True
5,68.0,35-44,3.0,monthly,0.04995115863788564,0.3022747828917185,0.30394271618383384,0.3937825009244476,0.7260941047228053,84,177.62581435837944,7,8.872615231199037,True
5,68.0,35-44,4.0,weekly,0.028026512627592284,0.5551518505705015,0.0,0.4448481494294986,0.6559274462403226,84,177.62581435837944,3,4.978232129101484,True
5,68.0,45-54,0.0,not_volunteered,0.8429773050756528,0.38123493023667493,0.09320776319833475,0.5255573065649904,0.6947687077211587,50,123.66571177094306,40,104.24738843893202,False
5,68.0,45-54,1.0,once_or_one_off,0.03759863791705665,0.0,0.6715151118678587,0.3284848881321413,0.0,50,123.66571177094306,2,4.649662319630779,True
5,68.0,45-54,2.0,a_few_times,0.07951186329810236,0.21314728922186263,0.0,0.7868527107781375,0.6738285698333389,50,123.66571177094306,5,9.832891168993752,True
5,68.0,45-54,3.0,monthly,0.023547008916476736,0.0,0.6893500935116244,0.3106499064883756,0.0,50,123.66571177094306,2,2.9119576177328383,True
5,68.0,45-54,4.0,weekly,0.01636518479271137,0.0,0.0,1.0,1.0,50,123.66571177094306,1,2.023812225653665,True
5,68.0,55-64,0.0,not_volunteered,0.808311410837194,0.1905406859100689,0.1288698956623617,0.6805894184275694,1.065243430216851,44,87.44608623790677,34,70.68366933915335,False
5,68.0,55-64,1.0,once_or_one_off,0.05930800908738911,0.31407102575631723,0.0,0.6859289742436828,1.1122138155975931,44,87.44608623790677,3,5.186253277254386,True
5,68.0,55-64,2.0,a_few_times,0.02046834007726986,0.0,0.0,1.0,1.4724535366447644,44,87.44608623790677,2,1.7898762315437433,True
5,68.0,55-64,3.0,monthly,0.007572487863419973,0.0,0.0,1.0,2.0,44,87.44608623790677,1,0.6621844267401253,True
5,68.0,55-64,4.0,weekly,0.10433975213472735,0.5061811497488676,0.0,0.4938188502511323,0.9732767518625144,44,87.44608623790677,4,9.124102963215185,True
5,68.0,65-74,0.0,not_volunteered,0.9138520382893744,0.33592256982069146,0.012612468868751607,0.651464961310557,1.2116164497673763,41,77.76064237817575,37,71.06172153598702,False
5,68.0,65-74,1.0,once_or_one_off,0.05406978763082295,0.37074343224615275,0.0,0.6292565677538472,0.26790511933245825,41,77.76064237817575,3,4.204501419424334,True
5,68.0,65-74,3.0,monthly,0.03207817407980238,0.0,1.0,0.0,0.0,41,77.76064237817575,1,2.4944194227643797,True
5,68.0,75-84,0.0,not_volunteered,0.8897118387269508,0.3438093773374734,0.1516211204642946,0.5045695021982318,0.9467853887837779,11,58.29796927336286,8,51.86839343625095,True
5,68.0,75-84,2.0,a_few_times,0.03238864867698395,0.0,0.0,1.0,1.0,11,58.29796927336286,1,1.8881924453765548,True
5,68.0,75-84,4.0,weekly,0.07789951259606535,0.0,0.0,1.0,1.0,11,58.29796927336286,2,4.541383391735361,True
5,68.0,85+,0.0,not_volunteered,1.0,0.4757684017552533,0.0,0.5242315982447467,0.5242315982447467,2,4.292605638586594,2,4.292605638586594,True
5,78.0,16-24,0.0,not_volunteered,0.7455783041054849,0.19127478690027985,0.046444052185625834,0.7622811609140945,1.4437846723128773,41,101.38531459178375,33,75.5906909145432,False
5,78.0,16-24,1.0,once_or_one_off,0.10253302873718649,0.0,0.0,1.0,1.3523935472736432,41,101.38531459178375,4,10.395343374568057,True
5,78.0,16-24,3.0,monthly,0.08334530684583866,0.0,0.0,1.0,2.0,41,101.38531459178375,2,8.4499901543141,True
5,78.0,16-24,4.0,weekly,0.06854336031148994,0.0,0.0,1.0,4.408339072200792,41,101.38531459178375,2,6.949290148358393,True
5,78.0,25-34,0.0,not_volunteered,0.8099801251910789,0.16700683592702803,0.1984378104761382,0.6345553535968339,0.8908068037302905,65,128.72788860193458,53,104.26703132537823,False
5,78.0,25-34,1.0,once_or_one_off,0.05404980627997704,0.0,0.5728355654175348,0.4271644345824652,0.5839810758169971,65,128.72788860193458,4,6.957717441765029,True
5,78.0,25-34,2.0,a_few_times,0.05774056827658389,0.0,0.0,1.0,1.6930915297669398,65,128.72788860193458,3,7.432821440920488,True
5,78.0,25-34,3.0,monthly,0.06491752030614867,0.671809709282355,0.0,0.328190290717645,0.4918808100970749,65,128.72788860193458,4,8.356695322283732,True
5,78.0,25-34,4.0,weekly,0.013311979946211442,0.0,0.0,1.0,0.0,65,128.72788860193458,1,1.7136230715870937,True
5,78.0,35-44,0.0,not_volunteered,0.870208183612921,0.2867506566515508,0.11177086457505692,0.6014784787733923,1.0367279407918244,66,108.7581984468502,56,94.64227432344711,False
5,78.0,35-44,1.0,once_or_one_off,0.04068249502642321,0.10412636377586605,0.0,0.8958736362241339,2.5483017562407535,66,108.7581984468502,3,4.424554867396732,True
5,78.0,35-44,2.0,a_few_times,0.014530623989940346,0.0,0.0,1.0,3.0,66,108.7581984468502,1,1.5803244874544944,True
5,78.0,35-44,3.0,monthly,0.026091546700716995,0.0,0.0,1.0,1.4854223988052186,66,108.7581984468502,3,2.8376696138618387,True
5,78.0,35-44,4.0,weekly,0.04848715066999846,0.15731038435356381,0.0,0.8426896156464362,2.2175234975901272,66,108.7581984468502,3,5.273375154690018,True
5,78.0,45-54,0.0,not_volunteered,0.9165550153925405,0.3533712511172623,0.11354368012824761,0.5330850687544901,1.2556556328508166,64,120.18898167460065,52,110.15981394877737,False
5,78.0,45-54,1.0,once_or_one_off,0.027796547372521716,0.0,0.0,1.0,0.9240674090545967,64,120.18898167460065,3,3.3408387227731815,True
5,78.0,45-54,2.0,a_few_times,0.012348808397236068,0.0,0.0,1.0,4.4377886319428,64,120.18898167460065,3,1.4841907061585604,True
5,78.0,45-54,3.0,monthly,0.015771279022600164,0.0,0.0,1.0,1.5788132478417134,64,120.18898167460065,3,1.8955339654323047,True
5,78.0,45-54,4.0,weekly,0.02752834981510148,0.0,0.0,1.0,1.6277441516553168,64,120.18898167460065,3,3.308604331459228,True
5,78.0,55-64,0.0,not_volunteered,0.8625035091592401,0.2529222782874749,0.04564601348675094,0.701431708225774,0.8708559551850255,69,119.36325232326622,56,102.95122399347694,False
5,78.0,55-64,1.0,once_or_one_off,0.031024484394266246,0.0,0.0,1.0,2.3840150695859648,69,119.36325232326622,3,3.703183358952037,True
5,78.0,55-64,2.0,a_few_times,0.060791948882688095,0.26134236371101843,0.27093116586341986,0.4677264704255618,1.4478483012464316,69,119.36325232326622,6,7.256324733707401,True
5,78.0,55-64,3.0,monthly,0.04058467826544845,0.0,0.0,1.0,1.3199023223888147,69,119.36325232326622,3,4.844319192257301,True
5,78.0,55-64,4.0,weekly,0.005095379298356861,0.0,0.0,1.0,4.0,69,119.36325232326622,1,0.6082010448725171,True
5,78.0,65-74,0.0,not_volunteered,0.9175216709544659,0.3986697747823715,0.20477294031518484,0.39655728490244374,0.8674042728700153,34,44.84533786076409,30,41.14656932852584,False
5,78.0,65-74,2.0,a_few_times,0.029640480040645404,0.0,1.0,0.0,0.0,34,44.84533786076409,1,1.3292373417779777,True
5,78.0,65-74,3.0,monthly,0.05283784900488872,0.0,0.0,1.0,2.146820488404706,34,44.84533786076409,3,2.3695311904602723,True
5,78.0,75-84,0.0,not_volunteered,0.8466893043689369,0.2151765777275667,0.23362330619470814,0.5512001160777255,0.4098383983561892,16,57.354649368527,13,48.56156817616241,True
5,78.0,75-84,2.0,a_few_times,0.05857415183676502,0.0,0.0,1.0,1.0,16,57.354649368527,1,3.35949994065652,True
5,78.0,75-84,3.0,monthly,0.025457611405524803,0.0,0.0,1.0,2.0,16,57.354649368527,1,1.4601123759240888,True
5,78.0,75-84,4.0,weekly,0.06927893238877303,0.0,1.0,0.0,0.0,16,57.354649368527,1,3.973468875783966,True
5,78.0,85+,0.0,not_volunteered,0.8507501030281392,1.0,0.0,0.0,0.0,4,9.081853603040372,3,7.726387888473075,True
5,78.0,85+,4.0,weekly,0.1492498969718606,1.0,0.0,0.0,0.0,4,9.081853603040372,1,1.3554657145672966,True
5,91.0,16-24,0.0,not_volunteered,0.8566290675980391,0.36890125001623564,0.05797476789648301,0.5731239820872814,1.1167440177563475,40,104.90943490280264,34,89.86847140302501,False
5,91.0,16-24,2.0,a_few_times,0.0627432277109812,0.8688252174589778,0.0,0.1311747825410222,0.2623495650820444,40,104.90943490280264,2,6.582356563136906,True
5,91.0,16-24,3.0,monthly,0.046731878002846006,0.249015169347299,0.0,0.750984830652701,7.50984830652701,40,104.90943490280264,2,4.902614913225288,True
5,91.0,16-24,4.0,weekly,0.03389582668813367,0.8032049617801528,0.0,0.19679503821984723,0.5903851146595417,40,104.90943490280264,2,3.55599202341544,True
5,91.0,25-34,0.0,not_volunteered,0.7488270155221243,0.2814464828761072,0.08461063711755458,0.6339428800063385,0.920191391477921,50,86.01987929623732,39,64.41400948897476,False
5,91.0,25-34,1.0,once_or_one_off,0.040826326329292374,0.0,0.0,1.0,2.226606895947555,50,86.01987929623732,3,3.511875662954526,True
5,91.0,25-34,2.0,a_few_times,0.13406606134882249,0.2580191603823151,0.0,0.7419808396176849,4.230419953243051,50,86.01987929623732,5,11.532346414947657,True
5,91.0,25-34,3.0,monthly,0.06662808469139715,0.0,0.0,1.0,1.7307463366120528,50,86.01987929623732,2,5.73133980289346,True
5,91.0,25-34,4.0,weekly,0.00965251210836373,1.0,0.0,0.0,0.0,50,86.01987929623732,1,0.8303079264669172,True
5,91.0,35-44,0.0,not_volunteered,0.78817176999795,0.2434965454440948,0.07658051837484228,0.6799229361810629,1.4321262493689413,73,123.6645370657153,58,97.46889706506192,False
5,91.0,35-44,1.0,once_or_one_off,0.04105033608469356,0.0,0.4781820635862603,0.5218179364137397,1.0823001822529301,73,123.6645370657153,7,5.076470808305657,True
5,91.0,35-44,2.0,a_few_times,0.05105542857867651,0.5315986429198981,0.35839989636977904,0.11000146071032285,0.11000146071032285,73,123.6645370657153,4,6.313745939873721,True
5,91.0,35-44,3.0,monthly,0.10010652492764337,0.0,0.8648533033260495,0.13514669667395043,0.14037460126570964,73,123.6645370657153,3,12.379627062434505,True
5,91.0,35-44,4.0,weekly,0.019615940411036537,0.0,0.0,1.0,0.0,73,123.6645370657153,1,2.4257961900394904,True
5,91.0,45-54,0.0,not_volunteered,0.8186081137037603,0.3323937141263984,0.08686462949006793,0.5807416563835339,1.3055978639903683,83,138.33500181093936,67,113.24215489165934,False
5,91.0,45-54,1.0,once_or_one_off,0.023535984639274022,0.0,0.22147268326583394,0.778527316734166,2.7634926852667703,83,138.33500181093936,4,3.255850477696213,True
5,91.0,45-54,2.0,a_few_times,0.04427431710995287,0.043248280998864706,0.0,0.9567517190011353,1.5310165698104172,83,138.33500181093936,6,6.124687737583433,True
5,91.0,45-54,3.0,monthly,0.06372368594273808,0.0,0.30171919094930333,0.6982808090506968,0.45269303517723064,83,138.33500181093936,3,8.815216210288405,True
5,91.0,45-54,4.0,weekly,0.04985789860427456,0.0,0.5666578027876955,0.43334219721230444,0.37394677195362747,83,138.33500181093936,3,6.897092493711952,True
5,91.0,55-64,0.0,not_volunteered,0.9342495133212027,0.23769143386105773,0.1300050037594825,0.6323035623794597,0.7642728920641931,66,107.74936918402514,60,100.66479572084208,False
5,91.0,55-64,1.0,once_or_one_off,0.013974474128780346,0.0,0.0,1.0,3.5708001816746306,66,107.74936918402514,2,1.5057407720545617,True
5,91.0,55-64,2.0,a_few_times,0.01451459431328119,0.0,0.21637908341290046,0.7836209165870995,1.2932525981104865,66,107.74936918402514,3,1.5639383812180867,True
5,91.0,55-64,4.0,weekly,0.03726141823673586,0.0,0.0,1.0,4.0,66,107.74936918402514,1,4.014894309910419,True
5,91.0,65-74,0.0,not_volunteered,0.9505654026779463,0.2634458144756043,0.17264459342590288,0.5639095920984928,0.542026134600681,41,72.66058376764188,38,69.06863706790315,False
5,91.0,65-74,2.0,a_few_times,0.030413268532488238,0.5522880544192553,0.0,0.44771194558074456,0.44771194558074456,41,72.66058376764188,2,2.2098458458526484,True
5,91.0,65-74,3.0,monthly,0.019021328789565608,0.0,0.0,1.0,4.0,41,72.66058376764188,1,1.38210085388609,True
5,91.0,75-84,0.0,not_volunteered,1.0,0.23204975029461092,0.18603960441791512,0.5819106452874742,0.6957310083653097,14,25.517068533977568,14,25.517068533977568,True
5,91.0,85+,0.0,not_volunteered,1.0,0.8719039338171944,0.0,0.12809606618280564,0.0,5,15.654704268095607,5,15.654704268095607,True
5,107.0,16-24,0.0,not_volunteered,0.5403746080032725,0.6295850331335486,0.16588485716341522,0.20453010970303612,0.2523606640774796,20,40.62398033858643,12,21.952167450996292,True
5,107.0,16-24,1.0,once_or_one_off,0.23510562029435034,0.0,0.46919106182130277,0.5308089381786971,1.950514531020225,20,40.62398033858643,3,9.550926096328855,True
5,107.0,16-24,2.0,a_few_times,0.08969060411096816,0.0,0.0,1.0,2.4256677978509305,20,40.62398033858643,2,3.6435893379599094,True
5,107.0,16-24,3.0,monthly,0.0670997000982643,0.1350183119266098,0.0,0.8649816880733902,5.189890128440341,20,40.62398033858643,2,2.725856897516935,True
5,107.0,16-24,4.0,weekly,0.06772946749314455,0.0,0.0,1.0,1.0,20,40.62398033858643,1,2.7514405557844333,True
5,107.0,25-34,0.0,not_volunteered,0.8343812451859273,0.142587240599336,0.11921788327969537,0.7381948761209686,1.529449390584382,110,181.83091962646185,97,151.7163091312295,False
5,107.0,25-34,1.0,once_or_one_off,0.0910469083463017,0.0,0.18391016615018346,0.8160898338498165,1.4532219681203191,110,181.83091962646185,5,16.555143073754223,True
5,107.0,25-34,2.0,a_few_times,0.04021217201496072,0.0,0.0,1.0,4.11482869033379,110,181.83091962646185,4,7.31181621765778,True
5,107.0,25-34,3.0,monthly,0.006335688161727677,1.0,0.0,0.0,0.0,110,181.83091962646185,1,1.1520240049134312,True
5,107.0,25-34,4.0,weekly,0.02802398629108267,0.0,0.23908543630040327,0.7609145636995968,2.2827436910987906,110,181.83091962646185,3,5.0956271989069215,True
5,107.0,35-44,0.0,not_volunteered,0.8713387105354554,0.35349242969444195,0.07605774532686314,0.570449824978695,1.4281167373062025,100,146.08266104840322,86,127.28747750950366,False
5,107.0,35-44,1.0,once_or_one_off,0.05075486989408127,0.0,0.0,1.0,2.7763006263891863,100,146.08266104840322,4,7.4144064552928794,True
5,107.0,35-44,2.0,a_few_times,0.014648556167192708,0.0,0.0,1.0,0.2523986727967688,100,146.08266104840322,2,2.139900065420509,True
5,107.0,35-44,3.0,monthly,0.02554706544275773,0.0,0.0,1.0,3.689661669424054,100,146.08266104840322,4,3.731983301855753,True
5,107.0,35-44,4.0,weekly,0.03771079796051304,0.1152054576851929,0.0,0.8847945423148071,0.9429714167882294,100,146.08266104840322,4,5.508893716330443,True
5,107.0,45-54,0.0,not_volunteered,0.9220644063153228,0.30225802051490486,0.0720068735927577,0.6257351058923374,1.147021438099416,56,100.42989943293603,50,92.60283559693774,False
5,107.0,45-54,1.0,once_or_one_off,0.05168026694442265,0.0,0.0,1.0,3.663818202181021,56,100.42989943293603,3,5.190244011895654,True
5,107.0,45-54,2.0,a_few_times,0.014139478491017928,0.0,0.0,1.0,3.0,56,100.42989943293603,2,1.4200264028870926,True
5,107.0,45-54,3.0,monthly,0.012115848249236514,0.0,0.0,1.0,2.0,56,100.42989943293603,1,1.2167934212155371,True
5,107.0,55-64,0.0,not_volunteered,1.0,0.24512166130667093,0.128825467871561,0.626052870821768,1.1264096407675726,35,49.21116871862358,35,49.21116871862358,False
5,107.0,65-74,0.0,not_volunteered,0.8667555893314052,0.508873287323292,0.08826789616055251,0.40285881651615546,0.5585590517725192,31,42.03443112438596,25,36.433578121427516,True
5,107.0,65-74,1.0,once_or_one_off,0.023111227271661233,0.0,0.0,1.0,3.0,31,42.03443112438596,1,0.9714672909506746,True
5,107.0,65-74,2.0,a_few_times,0.050810126252987003,0.0,0.0,1.0,0.8858531464461792,31,42.03443112438596,2,2.1357747524025372,True
5,107.0,65-74,3.0,monthly,0.016407035992288117,0.0,0.0,1.0,2.0,31,42.03443112438596,1,0.6896604243731563,True
5,107.0,65-74,4.0,weekly,0.04291602115165846,0.0,0.0,1.0,2.0,31,42.03443112438596,2,1.8039505352320786,True
5,107.0,75-84,0.0,not_volunteered,0.9354094462705749,0.06640537402534048,0.1746511057852553,0.7589435201894044,1.0874829921660354,8,25.69744651372437,7,24.037634213970627,True
5,107.0,75-84,3.0,monthly,0.06459055372942503,1.0,0.0,0.0,0.0,8,25.69744651372437,1,1.65981229975374,True
5,109.0,16-24,0.0,not_volunteered,0.76483555430556,0.0898985213540941,0.25132295054817116,0.6587785280977347,1.1015003260127962,34,64.02707169014218,25,48.97018086669173,True
5,109.0,16-24,1.0,once_or_one_off,0.05439007384280097,1.0,0.0,0.0,0.0,34,64.02707169014218,1,3.482437157165145,True
5,109.0,16-24,2.0,a_few_times,0.02546045743363133,0.0,0.0,1.0,1.4533228522861754,34,64.02707169014218,2,1.6301585333669266,True
5,109.0,16-24,3.0,monthly,0.1259167943653904,0.0,0.0,1.0,1.7314802824542235,34,64.02707169014218,3,8.062083619825742,True
5,109.0,16-24,4.0,weekly,0.029397120052617045,0.15532626164035548,0.0,0.8446737383596445,7.990071523048472,34,64.02707169014218,3,1.8822115130926278,True
5,109.0,25-34,0.0,not_volunteered,0.772010528148401,0.10152733754385548,0.09427688874174957,0.8041957737143951,1.8888579154476697,139,232.55829315902065,119,179.5374507269862,False
5,109.0,25-34,1.0,once_or_one_off,0.06432718394909678,0.0382226798007737,0.0,0.9617773201992263,1.2245593213049306,139,232.55829315902065,8,14.959820102928298,True
5,109.0,25-34,2.0,a_few_times,0.033142431888151136,0.0,0.06928168623069102,0.9307183137693089,2.6437797488736723,139,232.55829315902065,6,7.707547391047526,True
5,109.0,25-34,3.0,monthly,0.058064530010101825,0.0,0.053171102314464196,0.9468288976855359,1.780642571213822,139,232.55829315902065,5,13.503387992230012,True
5,109.0,25-34,4.0,weekly,0.07245532600424907,0.0,0.0,1.0,3.0,139,232.55829315902065,1,16.85008694582857,True
5,109.0,35-44,0.0,not_volunteered,0.9239671319515924,0.20285676410334597,0.10703849413726534,0.6901047417593887,1.4977191690157898,91,110.6668208242245,86,102.25250503915947,False
5,109.0,35-44,1.0,once_or_one_off,0.018041672433907276,0.0,0.0,1.0,3.5245801313896323,91,110.6668208242245,3,1.9966145306125669,True
5,109.0,35-44,3.0,monthly,0.05799119561450031,0.0,0.0,1.0,3.812021084702261,91,110.6668208242245,2,6.417701254452459,True
5,109.0,45-54,0.0,not_volunteered,0.8867683494367375,0.08994564858958332,0.10939520033059877,0.8006591510798179,1.3369046534438653,58,71.1260856982959,49,63.072361616573794,False
5,109.0,45-54,1.0,once_or_one_off,0.011949127337006447,0.35824979889767417,0.0,0.6417502011023257,1.2835004022046514,58,71.1260856982959,3,0.8498946549917709,True
5,109.0,45-54,2.0,a_few_times,0.06744332859647494,0.0,0.0,1.0,4.800388965934904,58,71.1260856982959,2,4.796979969531207,True
5,109.0,45-54,3.0,monthly,0.03383919462978096,0.16038600527596134,0.0,0.8396139947240387,1.4197581175471417,58,71.1260856982959,4,2.406849457199115,True
5,109.0,55-64,0.0,not_volunteered,0.8202951504343352,0.1557038364603304,0.12931631200298369,0.714979851536686,1.0696158607493633,41,51.9620991429476,36,42.62425793334804,False
5,109.0,55-64,1.0,once_or_one_off,0.03421481932701923,0.0,0.0,1.0,2.3919054236885073,41,51.9620991429476,3,1.777873834028613,True
5,109.0,55-64,2.0,a_few_times,0.043920212578714306,0.0,0.0,1.0,4.0,41,51.9620991429476,1,2.282186440394487,True
5,109.0,55-64,3.0,monthly,0.10156981765993124,0.0,0.0,1.0,0.0,41,51.9620991429476,1,5.277780935176457,True
5,109.0,65-74,0.0,not_volunteered,0.8919192219964716,0.5744554597942998,0.03443771479449263,0.3911068254112076,0.6230985744426011,29,28.281042611015817,25,25.224405522866288,True
5,109.0,65-74,1.0,once_or_one_off,0.04331043320626598,0.0,0.0,1.0,1.0,29,28.281042611015817,2,1.2248642070079625,True
5,109.0,65-74,2.0,a_few_times,0.03701191156232695,0.0,0.0,1.0,3.0,29,28.281042611015817,1,1.0467354480093174,True
5,109.0,65-74,4.0,weekly,0.02775843323493546,0.0,0.0,1.0,2.0,29,28.281042611015817,1,0.7850374331322474,True
5,109.0,75-84,0.0,not_volunteered,0.867329053856814,0.27275244501364576,0.3688039329026544,0.3584436220837,0.7926486367002233,13,22.088303859061707,11,19.157827687381804,True
5,109.0,75-84,3.0,monthly,0.13267094614318592,0.0,0.0,1.0,0.5017012198055628,13,22.088303859061707,2,2.9304761716799015,True
5,109.0,85+,0.0,not_volunteered,1.0,1.0,0.0,0.0,0.0,1,2.1123239902638193,1,2.1123239902638193,True
5,112.0,16-24,0.0,not_volunteered,0.8391327392530824,0.1140440916547659,0.09773085252456226,0.7882250558206718,1.1774500394370306,46,88.22547714082646,36,74.0328863050919,False
5,112.0,16-24,1.0,once_or_one_off,0.08763670950549912,0.0,0.0,1.0,3.286373334206865,46,88.22547714082646,4,7.731790511174662,True
5,112.0,16-24,2.0,a_few_times,0.04142178631506559,0.039064033291023,0.13932996066281142,0.8216060060461655,2.315019316897745,46,88.22547714082646,4,3.654456861672017,True
5,112.0,16-24,3.0,monthly,0.03180876492635302,0.0,0.0,1.0,3.255545194999835,46,88.22547714082646,2,2.8063434628878805,True
5,112.0,25-34,0.0,not_volunteered,0.8308368552171759,0.10340809924076806,0.09355715705260874,0.8030347437066231,2.0565205909332005,93,114.98497145425972,79,95.53375208029388,False
5,112.0,25-34,1.0,once_or_one_off,0.038905643074247556,0.2987138044198946,0.0,0.7012861955801054,3.0663512707048444,93,114.98497145425972,4,4.473564258301972,True
5,112.0,25-34,2.0,a_few_times,0.040398326580705156,0.08650681356317527,0.0,0.9134931864368246,2.8553729229116143,93,114.98497145425972,4,4.645200428682244,True
5,112.0,25-34,3.0,monthly,0.01992135251725766,0.0,0.0,1.0,1.0,93,114.98497145425972,2,2.2906561505271172,True
5,112.0,25-34,4.0,weekly,0.06993782261061389,0.0,0.4618412027040234,0.5381587972959765,0.8524776726672226,93,114.98497145425972,4,8.041798536454518,True
5,112.0,35-44,0.0,not_volunteered,0.7798221423113223,0.18739548181779028,0.07844287928593996,0.7341616388962697,2.012037278669097,56,52.64379908678471,41,41.05280018326329,False
5,112.0,35-44,1.0,once_or_one_off,0.06106273267283525,0.12710988463463807,0.0,0.8728901153653619,2.1037873716233393,56,52.64379908678471,7,3.214574230518783,True
5,112.0,35-44,2.0,a_few_times,0.024661383827801812,0.0,0.0,1.0,2.1905108420620065,56,52.64379908678471,2,1.2982689354328802,True
5,112.0,35-44,3.0,monthly,0.05462972100809233,0.0,0.0,1.0,2.0,56,52.64379908678471,2,2.8759160569171147,True
5,112.0,35-44,4.0,weekly,0.07982402017994845,0.0,0.0,1.0,1.3836345539984425,56,52.64379908678471,4,4.202239680652655,True
5,112.0,45-54,0.0,not_volunteered,0.8319453790766672,0.32640609909817986,0.09326804273182863,0.5803258581699914,1.1620531498627624,63,58.03056584387763,54,48.27826109901827,False
5,112.0,45-54,1.0,once_or_one_off,0.0035954933418606712,1.0,0.0,0.0,0.0,63,58.03056584387763,1,0.2086485131160693,True
5,112.0,45-54,2.0,a_few_times,0.043748367084815984,0.0,0.0,1.0,4.107135140575301,63,58.03056584387763,2,2.5387424966775427,True
5,112.0,45-54,3.0,monthly,0.0845083930192949,0.08359491174476452,0.0,0.9164050882552355,0.9921068969480057,63,58.03056584387763,5,4.904069865466481,True
5,112.0,45-54,4.0,weekly,0.03620236747736116,0.0,0.0,1.0,5.0,63,58.03056584387763,1,2.100843869599261,True
5,112.0,55-64,0.0,not_volunteered,0.8479114903511434,0.24252005091122547,0.23493959749775456,0.5225403515910199,0.9681136232981686,51,45.518287559692475,44,38.59547904297076,False
5,112.0,55-64,1.0,once_or_one_off,0.074545392558082,0.0,0.0,1.0,2.991742007698326,51,45.518287559692475,3,3.393178614708936,True
5,112.0,55-64,2.0,a_few_times,0.042643559753293474,0.0,0.0,1.0,4.0,51,45.518287559692475,1,1.9410618154193409,True
5,112.0,55-64,3.0,monthly,0.005212532885747536,0.0,0.0,1.0,2.0,51,45.518287559692475,1,0.23726557080781,True
5,112.0,55-64,4.0,weekly,0.029687024451733417,0.0,0.0,1.0,3.0,51,45.518287559692475,2,1.3513025157856235,True
5,112.0,65-74,0.0,not_volunteered,0.912554531276466,0.16625745174464812,0.05241539222851552,0.7813271560268362,1.4441115816235306,30,23.468957043837804,28,21.416703094686923,True
5,112.0,65-74,2.0,a_few_times,0.05083778386597599,0.0,0.0,1.0,2.0,30,23.468957043837804,1,1.1931097657545011,True
5,112.0,65-74,4.0,weekly,0.03660768485755809,0.0,0.0,1.0,1.0,30,23.468957043837804,1,0.8591441833963824,True
5,112.0,75-84,0.0,not_volunteered,0.8383183514580598,0.3364760586909578,0.06010040486267372,0.6034235364463685,0.9556020306804595,17,23.149302666048193,14,19.40648524840519,True
5,112.0,75-84,1.0,once_or_one_off,0.055219331680168134,0.0,0.0,1.0,1.0,17,23.149302666048193,1,1.2782890220811156,True
5,112.0,75-84,2.0,a_few_times,0.03321022554695856,0.0,0.0,1.0,1.0,17,23.149302666048193,1,0.7687935627942696,True
5,112.0,75-84,3.0,monthly,0.07325209131481339,0.0,0.0,1.0,5.0,17,23.149302666048193,1,1.6957348327676154,True
5,114.0,16-24,0.0,not_volunteered,0.7298469607721259,0.3986815702340476,0.10612310632462024,0.49519532344133216,0.9669752218912366,31,76.2553940738449,23,55.654767607276476,True
5,114.0,16-24,1.0,once_or_one_off,0.08972773837872632,0.0,0.0,1.0,2.1903668187150527,31,76.2553940738449,2,6.842224049424632,True
5,114.0,16-24,2.0,a_few_times,0.10791941021314216,0.4965941767444319,0.0,0.5034058232555679,0.6936100382092287,31,76.2553940738449,4,8.229437154020077,True
5,114.0,16-24,3.0,monthly,0.024063665114123986,0.0,1.0,0.0,0.0,31,76.2553940738449,1,1.8349842661385585,True
5,114.0,16-24,4.0,weekly,0.048442225521881356,0.0,0.0,1.0,1.0,31,76.2553940738449,1,3.6939809969851294,True
5,114.0,25-34,0.0,not_volunteered,0.850042742383528,0.27694102168165147,0.09096472794947444,0.632094250368874,1.3593448826980876,80,115.63550196647915,71,98.29511920848178,False
5,114.0,25-34,1.0,once_or_one_off,0.04464048492206676,0.0,0.0,1.0,2.4744512360894975,80,115.63550196647915,3,5.1620248819902335,True
5,114.0,25-34,2.0,a_few_times,0.029006031911711996,0.8446466205985379,0.0,0.15535337940146215,0.15535337940146215,80,115.63550196647915,2,3.3541270601665296,True
5,114.0,25-34,3.0,monthly,0.0072038660852376465,0.0,0.0,1.0,1.0,80,115.63550196647915,1,0.8330226708657503,True
5,114.0,25-34,4.0,weekly,0.0691068746974556,0.0,0.0,1.0,2.3350605118041154,80,115.63550196647915,3,7.991208144974856,True
5,114.0,35-44,0.0,not_volunteered,0.8231616282461953,0.17157303207399272,0.08297952936293876,0.7454474385630683,1.2970466075194884,91,115.55839131275474,78,95.12323355051818,False
5,114.0,35-44,1.0,once_or_one_off,0.013949592154440325,0.30797982502349913,0.0,0.6920201749765008,5.5361613998120065,91,115.55839131275474,2,1.6119924288361485,True
5,114.0,35-44,3.0,monthly,0.08937030298881574,0.4405436123201845,0.11482475668070197,0.4446316309991135,0.8573829682745356,91,115.55839131275474,7,10.327488444521023,True
5,114.0,35-44,4.0,weekly,0.07351847661054874,0.0,0.0,1.0,1.031427039046192,91,115.55839131275474,4,8.495676888879398,True
5,114.0,45-54,0.0,not_volunteered,0.8393673786194784,0.19789428594937047,0.09901557984107316,0.7030901342095565,1.1492548157064342,66,74.52614427362379,55,62.554814357568645,False
5,114.0,45-54,1.0,once_or_one_off,0.01408808123020071,0.0,0.0,1.0,1.956124422905845,66,74.52614427362379,2,1.0499303743004693,True
5,114.0,45-54,2.0,a_few_times,0.008278548754603663,0.0,0.0,1.0,2.0,66,74.52614427362379,1,0.616968318861821,True
5,114.0,45-54,3.0,monthly,0.10239223411849512,0.49634412634204705,0.0,0.503655873657953,1.7364427801655293,66,74.52614427362379,5,7.6308984124136305,True
5,114.0,45-54,4.0,weekly,0.035873757277222286,0.0,0.8974370605096735,0.10256293949032633,0.10256293949032633,66,74.52614427362379,3,2.6735328104792293,True
5,114.0,55-64,0.0,not_volunteered,0.7522387605429716,0.21311654191521173,0.07122193313309652,0.7156615249516916,2.0759076145795476,54,69.00656907980155,47,51.909415993912866,False
5,114.0,55-64,1.0,once_or_one_off,0.10373572581385877,0.0,0.0,1.0,9.0,54,69.00656907980155,1,7.1584465294173985,True
5,114.0,55-64,2.0,a_few_times,0.03784890046840918,0.0,0.0,1.0,1.0,54,69.00656907980155,2,2.6118227647678114,True
5,114.0,55-64,3.0,monthly,0.02673421470742212,0.5673604858299758,0.0,0.4326395141700242,0.4326395141700242,54,69.00656907980155,2,1.8448364340019712,True
5,114.0,55-64,4.0,weekly,0.07944239846733846,0.1264971587105502,0.0,0.8735028412894498,4.3675142064472485,54,69.00656907980155,2,5.4820473577015125,True
5,114.0,65-74,0.0,not_volunteered,0.9115334822719614,0.3283043353377728,0.05926963122164785,0.6124260334405791,0.8236057241786253,33,42.01067176971308,28,38.294133930830945,True
5,114.0,65-74,2.0,a_few_times,0.020836012460158614,1.0,0.0,0.0,0.0,33,42.01067176971308,1,0.8753348804533754,True
5,114.0,65-74,3.0,monthly,0.01971059533102327,0.0,0.0,1.0,4.0,33,42.01067176971308,1,0.8280553508372577,True
5,114.0,65-74,4.0,weekly,0.04791990993685695,0.0,0.0,1.0,2.950211540160222,33,42.01067176971308,3,2.0131476075915096,True
5,114.0,75-84,0.0,not_volunteered,1.0,0.21066745081911226,0.007619217804757174,0.7817133313761305,0.7894186772701451,14,75.95158289263432,14,75.95158289263432,True
5,114.0,85+,0.0,not_volunteered,1.0,0.0,0.0,1.0,0.0,1,2.318474465486295,1,2.318474465486295,True
5,117.0,16-24,0.0,not_volunteered,0.7721465037778721,0.23035454659415466,0.1441693512904729,0.6254761021153724,1.514874762971692,42,80.15399556138472,32,61.89062743655029,False
5,117.0,16-24,2.0,a_few_times,0.07012600016014801,0.2660268114394152,0.223052013971364,0.5109211745892207,1.5980325710618863,42,80.15399556138472,4,5.620879105574168,True
5,117.0,16-24,3.0,monthly,0.082902845973823,0.0,0.0,1.0,3.289732452382607,42,80.15399556138472,4,6.64499434821197,True
5,117.0,16-24,4.0,weekly,0.07482465008815678,0.0,0.0,1.0,1.4691833795356652,42,80.15399556138472,2,5.997494671048283,True
5,117.0,25-34,0.0,not_volunteered,0.7936359295250238,0.29853499500953407,0.09866009387339977,0.6028049111170662,1.5971862522158342,62,79.57583589700852,51,63.15424248985311,False
5,117.0,25-34,1.0,once_or_one_off,0.07655924945316284,0.4043384041908007,0.0,0.5956615958091992,0.5956615958091992,62,79.57583589700852,4,6.092266270883025,True
5,117.0,25-34,2.0,a_few_times,0.032231901370025066,0.0,0.7675385139071945,0.23246148609280545,0.23246148609280545,62,79.57583589700852,2,2.5648804940696786,True
5,117.0,25-34,3.0,monthly,0.04560340470322554,0.0,0.0,1.0,2.0,62,79.57583589700852,1,3.628929049008742,True
5,117.0,25-34,4.0,weekly,0.05196951494856247,0.11667719176162891,0.0,0.8833228082383712,1.7684582274954186,62,79.57583589700852,4,4.1355175931939385,True
5,117.0,35-44,0.0,not_volunteered,0.9223264709068746,0.3894526487294354,0.10953422162485042,0.5010131296457141,0.763830589336169,84,117.64552082775047,76,108.5075780430603,False
5,117.0,35-44,1.0,once_or_one_off,0.04263849275119603,0.6089881112472054,0.0,0.3910118887527946,0.7820237775055892,84,117.64552082775047,3,5.01622768702472,True
5,117.0,35-44,2.0,a_few_times,0.013465752380219744,0.3194860448949281,0.0,0.6805139551050718,2.0415418653152155,84,117.64552082775047,2,1.5841854521084724,True
5,117.0,35-44,3.0,monthly,0.018157520692890526,0.0,0.0,1.0,0.0,84,117.64552082775047,2,2.1361509788557624,True
5,117.0,35-44,4.0,weekly,0.003411763268819139,0.0,0.0,1.0,1.0,84,117.64552082775047,1,0.4013786667012161,True
5,117.0,45-54,0.0,not_volunteered,0.8586900292676586,0.23772650219259187,0.18116974719015433,0.5811037506172537,1.1419549329996725,61,90.6232234284991,50,77.81725837814746,False
5,117.0,45-54,1.0,once_or_one_off,0.037426725234232884,0.2583361254693335,0.0,0.7416638745306665,2.630962139397944,61,90.6232234284991,3,3.3917304830989323,True
5,117.0,45-54,2.0,a_few_times,0.030974552155102204,0.7103305326917041,0.28966946730829596,0.0,0.0,61,90.6232234284991,2,2.8070137605495256,True
5,117.0,45-54,3.0,monthly,0.03344527305510852,0.8286112008859425,0.0,0.17138879911405755,0.17138879911405755,61,90.6232234284991,4,3.03091845270026,True
5,117.0,45-54,4.0,weekly,0.03946342028789786,0.23888533461544295,0.0,0.761114665384557,0.761114665384557,61,90.6232234284991,2,3.576302354002932,True
5,117.0,55-64,0.0,not_volunteered,0.9417258199143488,0.21522431068028086,0.03437012222181692,0.7504055670979021,1.3566197274940164,51,59.2855145143108,45,55.83069976503336,False
5,117.0,55-64,1.0,once_or_one_off,0.01786452542010291,0.0,0.0,1.0,0.0,51,59.2855145143108,1,1.0591075810847852,True
5,117.0,55-64,2.0,a_few_times,0.004697832103124637,0.0,1.0,0.0,0.0,51,59.2855145143108,1,0.2785133933355909,True
5,117.0,55-64,3.0,monthly,0.03571182256242391,0.0,0.2591818860829411,0.7408181139170589,2.235129156795853,51,59.2855145143108,4,2.1171937748570744,True
5,117.0,65-74,0.0,not_volunteered,0.9141385220502767,0.23651438521992557,0.2543757482353261,0.5091098665447483,0.9000979935960799,43,47.69131311969152,37,43.59646648987178,False
5,117.0,65-74,2.0,a_few_times,0.06706605289099596,0.2575138936231952,0.0,0.7424861063768048,0.9532378458289184,43,47.69131311969152,5,3.1984681281262812,True
5,117.0,65-74,4.0,weekly,0.0187954250587273,0.0,0.0,1.0,3.0,43,47.69131311969152,1,0.89637850169346,True
5,117.0,75-84,0.0,not_volunteered,0.7300402344149127,0.4072496643263497,0.24657667808960648,0.3461736575840439,0.3461736575840439,15,31.045455869218998,12,22.664431880282464,True
5,117.0,75-84,2.0,a_few_times,0.14535896797852887,0.0,0.0,1.0,1.0,15,31.045455869218998,2,4.512735425572636,True
5,117.0,75-84,4.0,weekly,0.12460079760655839,0.0,0.0,1.0,2.9999999999999996,15,31.045455869218998,1,3.8682885633638966,True
5,117.0,85+,0.0,not_volunteered,1.0,0.8376959480518397,0.16230405194816014,0.0,0.0,6,9.666684447235543,6,9.666684447235543,True
5,122.0,16-24,0.0,not_volunteered,0.584802664470184,0.22380326678481963,0.04858749016210783,0.7276092430530725,1.6873416242260662,20,49.12493342363245,14,28.728391958060655,True
5,122.0,16-24,1.0,once_or_one_off,0.11269041427470247,0.0,0.0,1.0,2.0,20,49.12493342363245,1,5.535909098726319,True
5,122.0,16-24,2.0,a_few_times,0.0874291117967672,1.0,0.0,0.0,0.0,20,49.12493342363245,1,4.294949296303507,True
5,122.0,16-24,3.0,monthly,0.21507780945834626,0.5976333259525202,0.0,0.4023666740474798,1.0486538719026888,20,49.12493342363245,4,10.565683070541965,True
5,122.0,25-34,0.0,not_volunteered,0.9535502606398423,0.35702145655256773,0.10335248187252759,0.5396260615749048,1.4204103603353508,51,75.98667397346918,47,72.45711277255626,False
5,122.0,25-34,1.0,once_or_one_off,0.016933315117926867,1.0,0.0,0.0,0.0,51,75.98667397346918,1,1.2867062951559256,True
5,122.0,25-34,2.0,a_few_times,0.02472955658783944,0.0,0.0,1.0,6.418551021355813,51,75.98667397346918,2,1.8791167539486124,True
5,122.0,25-34,4.0,weekly,0.004786867654391447,1.0,0.0,0.0,0.0,51,75.98667397346918,1,0.363738151808388,True
5,122.0,35-44,0.0,not_volunteered,0.7635931980523766,0.3984513017739803,0.04774252179803586,0.5538061764279836,0.8639426628799293,63,114.53668076947999,46,87.45943036307136,False
5,122.0,35-44,1.0,once_or_one_off,0.09701269455334717,0.0,0.36079025924037533,0.6392097407596248,1.16867839066389,63,114.53668076947999,6,11.111512026643794,True
5,122.0,35-44,2.0,a_few_times,0.03978551695840183,0.0,0.558207332950597,0.44179266704940306,0.8237501403150268,63,114.53668076947999,4,4.556901055113203,True
5,122.0,35-44,3.0,monthly,0.04022792782857469,0.0,0.0,1.0,2.9801549489878703,63,114.53668076947999,4,4.607573327719139,True
5,122.0,35-44,4.0,weekly,0.05938066260729977,0.475309879234477,0.0,0.5246901207655229,0.728625593712435,63,114.53668076947999,3,6.801263996932491,True
5,122.0,45-54,0.0,not_volunteered,0.777581838340207,0.21795215535327198,0.13485047732208363,0.6471973673246445,1.0535147888458607,53,102.1282816921982,40,79.41309702474598,False
5,122.0,45-54,1.0,once_or_one_off,0.039927778600642845,0.0,0.0,1.0,1.1506077243589807,53,102.1282816921982,2,4.077755420270176,True
5,122.0,45-54,2.0,a_few_times,0.01633454476267649,0.0,0.0,1.0,2.0,53,102.1282816921982,1,1.6682189888364456,True
5,122.0,45-54,3.0,monthly,0.1030328873486244,0.0,0.4012543369136502,0.5987456630863498,0.3420706706573251,53,102.1282816921982,6,10.522571742700837,True
5,122.0,45-54,4.0,weekly,0.06312295094784925,0.0,0.0,1.0,5.446063985459631,53,102.1282816921982,4,6.446638515644758,True
5,122.0,55-64,0.0,not_volunteered,0.9015949564793357,0.2053641453638106,0.19418723781796998,0.6004486168182195,0.6835220993122024,46,102.07617215874403,40,92.03136199504,False
5,122.0,55-64,2.0,a_few_times,0.07730156909944695,0.0,0.45127385254749564,0.5487261474525045,1.4549041268508742,46,102.07617215874403,4,7.890648275536194,True
5,122.0,55-64,3.0,monthly,0.008119545724720144,0.0,0.0,1.0,0.0,46,102.07617215874403,1,0.8288121472473274,True
5,122.0,55-64,4.0,weekly,0.01298392869649721,0.0,0.0,1.0,2.0,46,102.07617215874403,1,1.3253497409205062,True
5,122.0,65-74,0.0,not_volunteered,0.9208795939250063,0.224173492779693,0.19506957260366142,0.5807569346166456,0.7628821920278395,55,71.90651189714761,50,66.21723947640892,False
5,122.0,65-74,1.0,once_or_one_off,0.028792955570152223,0.0,0.0,1.0,0.0,55,71.90651189714761,1,2.070401002259193,True
5,122.0,65-74,3.0,monthly,0.03869571795017177,0.0,0.0,1.0,1.0,55,71.90651189714761,3,2.782474103152695,True
5,122.0,65-74,4.0,weekly,0.011631732554669719,0.0,0.0,1.0,2.0,55,71.90651189714761,1,0.8363973153267973,True
5,122.0,75-84,0.0,not_volunteered,0.8942511074780815,0.44662302060649284,0.29097278291358214,0.262404196479925,0.1968674753149595,13,29.10417142439279,11,26.026437528495183,True
5,122.0,75-84,2.0,a_few_times,0.06382267113061416,0.0,0.0,1.0,1.0,13,29.10417142439279,1,1.857505961348039,True
5,122.0,75-84,3.0,monthly,0.041926221391304426,1.0,0.0,0.0,0.0,13,29.10417142439279,1,1.220227934549568,True
5,122.0,85+,0.0,not_volunteered,0.20815928724590568,1.0,0.0,0.0,0.0,2,5.861991317774215,1,1.220227934549568,True
5,122.0,85+,3.0,monthly,0.7918407127540943,1.0,0.0,0.0,0.0,2,5.861991317774215,1,4.641763383224647,True
5,126.0,16-24,0.0,not_volunteered,0.6521604392879143,0.13143087671049838,0.06514135879893773,0.8034277644905639,1.7560233660284736,33,58.26039291396143,22,37.99512343585558,True
5,126.0,16-24,1.0,once_or_one_off,0.15894599273130625,0.21473461527777574,0.0,0.7852653847222243,1.5927151259997907,33,58.26039291396143,4,9.260255988625559,True
5,126.0,16-24,2.0,a_few_times,0.023034864128975256,0.0,0.0,1.0,0.0,33,58.26039291396143,1,1.3420202348738144,True
5,126.0,16-24,3.0,monthly,0.06223346937470701,0.0,0.0,1.0,5.376156692958296,33,58.26039291396143,2,3.625746378169416,True
5,126.0,16-24,4.0,weekly,0.10362523447709711,0.0,0.0,1.0,1.4550745948942834,33,58.26039291396143,4,6.03724687643706,True
5,126.0,25-34,0.0,not_volunteered,0.8821978799488815,0.29900924712302035,0.09062291991327277,0.6103678329637068,0.909873062260345,58,94.71844284083151,47,83.56040946624088,False
5,126.0,25-34,1.0,once_or_one_off,0.07005407163736292,0.0,0.0,1.0,2.192074070694675,58,94.71844284083151,6,6.635412580151076,True
5,126.0,25-34,2.0,a_few_times,0.027631939262187752,0.5329979962346729,0.0,0.46700200376532697,1.6870454689818528,58,94.71844284083151,3,2.6172542595868586,True
5,126.0,25-34,3.0,monthly,0.008632931414710724,0.0,0.0,1.0,2.0,58,94.71844284083151,1,0.8176978207530965,True
5,126.0,25-34,4.0,weekly,0.01148317773685704,1.0,0.0,0.0,0.0,58,94.71844284083151,1,1.0876687140996024,True
5,126.0,35-44,0.0,not_volunteered,0.8563148906659823,0.3741054585875038,0.09869719336048845,0.5271973480520077,1.2014003344760962,100,131.291780301715,82,112.42710649440525,False
5,126.0,35-44,1.0,once_or_one_off,0.03156455692047238,0.107282444203429,0.22508908216423637,0.6676284736323346,0.7931118049055805,100,131.291780301715,4,4.144166872523638,True
5,126.0,35-44,2.0,a_few_times,0.044960035182886125,0.5850801014691978,0.0,0.4149198985308021,1.1626460078122427,100,131.291780301715,6,5.902883061588861,True
5,126.0,35-44,3.0,monthly,0.04340345386530033,0.5332593818177638,0.0,0.46674061818223617,0.8629580092122374,100,131.291780301715,5,5.698516729218634,True
5,126.0,35-44,4.0,weekly,0.023757063365359158,0.0,0.0,1.0,3.0010375685819826,100,131.291780301715,3,3.1191071439786566,True
5,126.0,45-54,0.0,not_volunteered,0.7940405259998405,0.4557425010722501,0.03160210715447401,0.5126553917732756,0.7940117871142479,80,142.6888887377914,58,113.3007602676886,False
5,126.0,45-54,1.0,once_or_one_off,0.06889920889020552,0.0,0.15905392965141527,0.8409460703485845,1.4803216275870388,80,142.6888887377914,10,9.831151551456383,True
5,126.0,45-54,2.0,a_few_times,0.0034423313048235686,0.0,0.0,1.0,2.9999999999999996,80,142.6888887377914,1,0.4911824285525864,True
5,126.0,45-54,3.0,monthly,0.0642122997900327,0.20992513572177413,0.13856362992298438,0.6515112343552414,0.6515112343552414,80,142.6888887377914,5,9.162381700337683,True
5,126.0,45-54,4.0,weekly,0.06940563401509793,0.0,0.08254856868467818,0.9174514313153218,1.8934218028979777,80,142.6888887377914,6,9.903412789756178,True
5,126.0,55-64,0.0,not_volunteered,0.8559803743997341,0.4357357318058516,0.04430226971309013,0.5199619984810583,0.7162406172715057,52,80.06858114243597,44,68.53713406395784,False
5,126.0,55-64,2.0,a_few_times,0.040312468323792164,0.0,0.0,1.0,1.9769114915955053,52,80.06858114243597,2,3.227762141035433,True
5,126.0,55-64,3.0,monthly,0.04368796724564614,0.0,0.5054418363650149,0.4945581636349851,0.4945581636349851,52,80.06858114243597,3,3.498033550356103,True
5,126.0,55-64,4.0,weekly,0.060019190030827445,0.4061057088179226,0.0,0.5938942911820774,3.5633657470924645,52,80.06858114243597,3,4.805651387086591,True
5,126.0,65-74,0.0,not_volunteered,0.797617386658243,0.17229434897130588,0.20115547733332195,0.6265501736953722,0.9227702010489357,37,38.50171479953611,33,30.70963714026699,False
5,126.0,65-74,1.0,once_or_one_off,0.11103276891716558,0.4498652586453266,0.0,0.5501347413546732,0.3634896091015582,37,38.50171479953611,3,4.274952002251507,True
5,126.0,65-74,4.0,weekly,0.09134984442459122,0.0,0.0,1.0,0.0,37,38.50171479953611,1,3.5171256570176053,True
5,126.0,75-84,0.0,not_volunteered,0.825835255124219,0.4797890076609759,0.01539420492050339,0.5048167874185207,0.4672443753769987,19,61.34096694358171,15,50.65753308541908,True
5,126.0,75-84,3.0,monthly,0.1180820449109296,1.0,0.0,0.0,0.0,19,61.34096694358171,3,7.243266813511864,True
5,126.0,75-84,4.0,weekly,0.05608269996485158,0.0,0.0,1.0,1.0,19,61.34096694358171,1,3.440167044650772,True
5,126.0,85+,0.0,not_volunteered,1.0,1.0,0.0,0.0,0.0,2,3.2665711571177782,2,3.2665711571177782,True
5,129.0,16-24,0.0,not_volunteered,0.7693813757772399,0.17483777526854238,0.12469320982920629,0.7004690149022512,1.462252594412889,31,72.1267914878829,23,55.49301006534546,True
5,129.0,16-24,1.0,once_or_one_off,0.040958683445716064,0.782514108291709,0.0,0.21748589170829108,0.8699435668331643,31,72.1267914878829,2,2.9542184205073636,True
5,129.0,16-24,3.0,monthly,0.11713494324241572,0.43945612246324717,0.0,0.5605438775367528,2.6810371484035196,31,72.1267914878829,4,8.448567627190716,True
5,129.0,16-24,4.0,weekly,0.07252499753462838,0.0,0.0,1.0,1.0,31,72.1267914878829,2,5.230995374839362,True
5,129.0,25-34,0.0,not_volunteered,0.8320477091806824,0.23428441821282067,0.23752352193345627,0.5281920598537232,1.5315713192369178,61,90.29726094968241,51,75.13162911847354,False
5,129.0,25-34,1.0,once_or_one_off,0.05205877921965071,0.0,0.0,1.0,1.6292866253674436,61,90.29726094968241,3,4.700765171918704,True
5,129.0,25-34,2.0,a_few_times,0.06620219010547093,0.0,0.0,1.0,3.29331097151343,61,90.29726094968241,3,5.977876435394192,True
5,129.0,25-34,3.0,monthly,0.011932680852347714,0.0,1.0,0.0,0.0,61,90.29726094968241,1,1.0774883967537203,True
5,129.0,25-34,4.0,weekly,0.0377586406418481,0.649013544898078,0.35098645510192206,0.0,0.0,61,90.29726094968241,3,3.4095018271422415,True
5,129.0,35-44,0.0,not_volunteered,0.8641825782051358,0.2660542252080119,0.15932333993987846,0.5746224348521095,0.9942280147323305,104,122.0523063972177,85,105.47547681823079,False
5,129.0,35-44,1.0,once_or_one_off,0.027422483421387263,0.0,0.0,1.0,1.2377938063195717,104,122.0523063972177,6,3.346977348719781,True
5,129.0,35-44,2.0,a_few_times,0.014728138157754036,0.0,0.0,1.0,4.512235449048544,104,122.0523063972177,2,1.797603231090749,True
5,129.0,35-44,3.0,monthly,0.064318578316753,0.36485460426929806,0.0,0.6351453957307018,1.8278369973498345,104,122.0523063972177,8,7.85023082774978,True
5,129.0,35-44,4.0,weekly,0.029348221898969976,0.0,0.0,1.0,3.704806528083414,104,122.0523063972177,3,3.582018171426618,True
5,129.0,45-54,0.0,not_volunteered,0.8129798439888861,0.4012655586677547,0.11430670100657754,0.4844277403256678,0.6241686391451173,55,81.06119436997508,47,65.90111715245511,False
5,129.0,45-54,1.0,once_or_one_off,0.012463011030479072,0.0,1.0,0.0,0.0,55,81.06119436997508,1,1.0102665595768074,True
5,129.0,45-54,2.0,a_few_times,0.0306284090762953,0.0,0.0,1.0,3.0,55,81.06119436997508,2,2.482775421376682,True
5,129.0,45-54,3.0,monthly,0.025972796034479665,0.6705765619596419,0.0,0.32942343804035806,1.3176937521614323,55,81.06119436997508,2,2.105385867682674,True
5,129.0,45-54,4.0,weekly,0.11795593986985987,0.0,0.0,1.0,1.1637479956315544,55,81.06119436997508,3,9.561649368883804,True
5,129.0,55-64,0.0,not_volunteered,0.6926021554372809,0.20899687198980987,0.10650375782284524,0.684499370187345,1.0676263894200075,52,92.32912248080576,37,63.94734923983878,False
5,129.0,55-64,1.0,once_or_one_off,0.0431867144183064,0.0,0.0,1.0,2.5183260976202257,52,92.32912248080576,3,3.9873914450713914,True
5,129.0,55-64,2.0,a_few_times,0.1692115082611382,0.14079802145825815,0.0,0.8592019785417419,1.0497848557432474,52,92.32912248080576,5,15.623150071404506,True
5,129.0,55-64,3.0,monthly,0.03260429439436296,0.0,0.0,1.0,2.5019873960827113,52,92.32912248080576,4,3.0103258905373864,True
5,129.0,55-64,4.0,weekly,0.06239532748891159,0.8052620294359941,0.1947379705640059,0.0,0.0,52,92.32912248080576,3,5.760905833953705,True
5,129.0,65-74,0.0,not_volunteered,0.8268083687824879,0.1365898286619555,0.18475750531413385,0.6786526660239106,0.8616035338779997,41,50.635875890082005,34,41.866165946551206,False
5,129.0,65-74,1.0,once_or_one_off,0.05715449876069064,0.0,0.0,1.0,3.6251392705748717,41,50.635875890082005,2,2.894068105806177,True
5,129.0,65-74,2.0,a_few_times,0.042011906563978484,0.509474833653585,0.0,0.49052516634641485,0.49052516634641485,41,50.635875890082005,2,2.127309686679336,True
5,129.0,65-74,3.0,monthly,0.045689163247940194,0.338781017199979,0.6612189828000209,0.0,0.0,41,50.635875890082005,2,2.3135107997443956,True
5,129.0,65-74,4.0,weekly,0.02833606264490312,0.0,0.0,1.0,3.0,41,50.635875890082005,1,1.4348213513009032,True
5,129.0,75-84,0.0,not_volunteered,0.7763646071241194,0.3786433728851751,0.21937329585847715,0.4019833312563477,0.6702429759911381,12,27.68529540934457,10,21.49388349359098,True
5,129.0,75-84,3.0,monthly,0.22363539287588066,0.0,0.0,1.0,0.8854947463624144,12,27.68529540934457,2,6.191411915753588,True
5,129.0,85+,0.0,not_volunteered,1.0,1.0,0.0,0.0,0.0,2,4.3033302066757395,2,4.3033302066757395,True
5,135.0,16-24,0.0,not_volunteered,0.6920625375859202,0.2241493923852526,0.0306094919640007,0.7452411156507466,2.6664316437638944,45,104.71352851679,32,72.46831026490531,False
5,135.0,16-24,1.0,once_or_one_off,0.11062715052174243,0.0,0.0,1.0,1.4657350295345117,45,104.71352851679,4,11.584159280889697,True
5,135.0,16-24,2.0,a_few_times,0.06227925097459179,0.0,0.0,1.0,0.8498941536684695,45,104.71352851679,4,6.521480122932239,True
5,135.0,16-24,3.0,monthly,0.005256643619517432,0.0,0.0,1.0,1.0,45,104.71352851679,1,0.5504417015549409,True
5,135.0,16-24,4.0,weekly,0.12977441729822817,0.0,0.0,1.0,3.586185944937894,45,104.71352851679,4,13.58913714650782,True
5,135.0,25-34,0.0,not_volunteered,0.9350565326029537,0.10679657566763961,0.10036123917339725,0.7928421851589632,2.136934554732272,130,158.04784951057303,120,147.78367414870985,False
5,135.0,25-34,1.0,once_or_one_off,0.009091081018671501,0.1655681226317573,0.0,0.8344318773682426,0.8344318773682426,130,158.04784951057303,2,1.4368258047274203,True
5,135.0,25-34,2.0,a_few_times,0.032362026330171836,0.0,0.0,1.0,1.6295909356481422,130,158.04784951057303,4,5.1147486672882,True
5,135.0,25-34,3.0,monthly,0.0075296317667730185,0.0,0.0,1.0,3.509380932001014,130,158.04784951057303,2,1.1900421083449721,True
5,135.0,25-34,4.0,weekly,0.01596072828142997,0.6427547636886279,0.0,0.35724523631137217,0.0,130,158.04784951057303,2,2.5225587815025907,True
5,135.0,35-44,0.0,not_volunteered,0.9054053928857997,0.163187476170505,0.12928678457904713,0.7075257392504478,1.7194771832721987,79,82.49391335049718,69,74.69043402779401,False
5,135.0,35-44,1.0,once_or_one_off,0.03125339068442019,0.0,0.0,1.0,1.3795509711515077,79,82.49391335049718,5,2.578214503029795,True
5,135.0,35-44,2.0,a_few_times,0.03220739586462972,0.4584456772803099,0.0,0.5415543227196902,0.34521972834763043,79,82.49391335049718,3,2.6569141237019256,True
5,135.0,35-44,3.0,monthly,0.021539709688785057,0.0,0.0,1.0,2.9999999999999996,79,82.49391335049718,1,1.7768949446614992,True
5,135.0,35-44,4.0,weekly,0.009594110876365374,0.0,0.0,1.0,5.0,79,82.49391335049718,1,0.7914557513099477,True
5,135.0,45-54,0.0,not_volunteered,0.798725146179894,0.16395637566482335,0.1378118411152275,0.6982317832199494,1.3632826669467262,55,60.0131557364075,44,47.93401658827882,False
5,135.0,45-54,1.0,once_or_one_off,0.025284262331246303,0.7641428198189574,0.23585718018104262,0.0,0.0,55,60.0131557364075,2,1.5173883729652662,True
5,135.0,45-54,2.0,a_few_times,0.05979799490725673,0.2620220439752713,0.19668492439373134,0.5412930316309974,1.9993290702751512,55,60.0131557364075,4,3.5886663810941006,True
5,135.0,45-54,3.0,monthly,0.1025033278989634,0.0,0.0,1.0,1.2093812598346931,55,60.0131557364075,4,6.151548180700534,True
5,135.0,45-54,4.0,weekly,0.013689268682639545,0.0,1.0,0.0,0.0,55,60.0131557364075,1,0.8215362133687729,True
5,135.0,55-64,0.0,not_volunteered,0.9484081692089634,0.21513079253557213,0.1896297200813427,0.5952394873830852,1.295656249872033,53,65.17122048593437,47,61.808917906178706,False
5,135.0,55-64,1.0,once_or_one_off,0.02916216974490176,0.0,0.26435334817650213,0.7356466518234979,1.4712933036469957,53,65.17122048593437,3,1.900534194293237,True
5,135.0,55-64,2.0,a_few_times,0.003537836490600841,0.0,0.0,1.0,2.0,53,65.17122048593437,1,0.2305651219721317,True
5,135.0,55-64,3.0,monthly,0.00747559978273742,0.0,0.0,1.0,3.0,53,65.17122048593437,1,0.4871939617053835,True
5,135.0,55-64,4.0,weekly,0.01141622477279664,0.0,0.0,1.0,3.0,53,65.17122048593437,1,0.7440093017849159,True
5,135.0,65-74,0.0,not_volunteered,0.7658175339976473,0.3236394656584755,0.03749594258859985,0.6388645917529245,1.2573588849970958,31,39.62936312366364,24,30.348861141261388,True
5,135.0,65-74,1.0,once_or_one_off,0.11680618327127897,0.0,0.0,1.0,2.0,31,39.62936312366364,2,4.628954651946719,True
5,135.0,65-74,4.0,weekly,0.11737628273107402,0.0,0.0,1.0,3.3775661389665985,31,39.62936312366364,5,4.651547330455542,True
5,135.0,75-84,0.0,not_volunteered,1.0,0.3915162196939276,0.17469551177270534,0.43378826853336716,1.2095036623613724,10,29.90714226483044,10,29.90714226483044,True
5,135.0,85+,0.0,not_volunteered,1.0,0.0,0.0,1.0,1.61420177886264,2,3.875613034880213,2,3.875613034880213,True
5,136.0,16-24,0.0,not_volunteered,0.7314878058238047,0.1640675597291587,0.0,0.8359324402708415,2.119218076242271,24,32.81129899590386,21,24.001065108742523,True
5,136.0,16-24,2.0,a_few_times,0.15922955983035547,0.0,0.0,1.0,1.10395406113906,24,32.81129899590386,2,5.224528696579957,True
5,136.0,16-24,4.0,weekly,0.1092826343458397,0.0,0.0,1.0,4.0,24,32.81129899590386,1,3.5857051905813786,True
5,136.0,25-34,0.0,not_volunteered,0.860923332558497,0.13552285219097476,0.18820376243193584,0.6762733853770893,1.6330195132746033,73,73.51178262423178,67,63.28800887916944,False
5,136.0,25-34,1.0,once_or_one_off,0.10364585348493306,0.0,0.0,1.0,6.750659324519616,73,73.51178262423178,4,7.619191451287375,True
5,136.0,25-34,3.0,monthly,0.03543081395656994,0.0,0.5399945517392872,0.4600054482607127,1.8400217930428509,73,73.51178262423178,2,2.604582293774967,True
5,136.0,35-44,0.0,not_volunteered,0.9276771000091734,0.16303225483709774,0.16543114798056582,0.6715365971823364,1.5563964498356466,47,41.59056692605013,44,38.582616513695626,False
5,136.0,35-44,1.0,once_or_one_off,0.043591310935390405,1.0,0.0,0.0,0.0,47,41.59056692605013,1,1.8129873348526155,True
5,136.0,35-44,2.0,a_few_times,0.004538513920198114,0.0,1.0,0.0,0.0,47,41.59056692605013,1,0.1887593669428098,True
5,136.0,35-44,4.0,weekly,0.02419307513523798,0.0,0.0,1.0,1.0,47,41.59056692605013,1,1.0062037105590744,True
5,136.0,45-54,0.0,not_volunteered,0.8630516157357331,0.18656725081776604,0.15624453027920038,0.6571882189030335,1.801984491037752,66,54.06769414384842,58,46.663210789953816,False
5,136.0,45-54,1.0,once_or_one_off,0.021615630811475176,0.0,0.0,1.0,3.0,66,54.06769414384842,1,1.1687073154411858,True
5,136.0,45-54,2.0,a_few_times,0.020911352277775203,0.37744403387695546,0.0,0.6225559661230445,0.0,66,54.06769414384842,2,1.1306285990890177,True
5,136.0,45-54,3.0,monthly,0.06154995199390849,0.34818023639372225,0.0,0.6518197636062777,1.3701842056633131,66,54.06769414384842,4,3.3278639789751976,True
5,136.0,45-54,4.0,weekly,0.032871449181108,0.0,0.0,1.0,4.0,66,54.06769414384842,1,1.777283460389204,True
5,136.0,55-64,0.0,not_volunteered,0.8683838897062455,0.10676551094456943,0.11369092177302852,0.7795435672824019,1.8203385035136297,54,47.58260694542045,49,41.31996930162762,False
5,136.0,55-64,1.0,once_or_one_off,0.04335199856385845,0.0,0.0,1.0,3.1177966025316177,54,47.58260694542045,2,2.0628011079625086,True
5,136.0,55-64,2.0,a_few_times,0.08449314497741765,0.0,0.0,1.0,1.6767363026518614,54,47.58260694542045,2,4.02040410704289,True
5,136.0,55-64,3.0,monthly,0.003770966752478221,0.0,0.0,1.0,4.0,54,47.58260694542045,1,0.1794324287874198,True
5,136.0,65-74,0.0,not_volunteered,0.8616750708141394,0.19059164035339474,0.13366825851367078,0.6757401011329344,1.466674381128293,41,38.93857954480975,35,33.55240328667594,False
5,136.0,65-74,2.0,a_few_times,0.027300567267340727,0.24157230297221088,0.0,0.7584276970277891,0.7584276970277891,41,38.93857954480975,2,1.0630453101577761,True
5,136.0,65-74,3.0,monthly,0.0810625207148371,0.0,0.7654992166003486,0.23450078339965136,0.4690015667993027,41,38.93857954480975,2,3.156459410957473,True
5,136.0,65-74,4.0,weekly,0.029961841203682685,0.0,0.0,1.0,2.4798458502133642,41,38.93857954480975,2,1.1666715370185565,True
5,136.0,75-84,0.0,not_volunteered,0.9332260240308146,0.19299613750820505,0.12398880738242012,0.6830150551093749,1.1572706099697903,25,48.2968289234382,23,45.07185762951668,True
5,136.0,75-84,3.0,monthly,0.0667739759691856,0.6170672275849437,0.0,0.38293277241505635,0.7658655448301127,25,48.2968289234382,2,3.2249712939215307,True
5,136.0,85+,0.0,not_volunteered,0.5572984337616844,0.0,0.0,1.0,1.0,2,6.502512360499242,1,3.6238399540222215,True
5,136.0,85+,2.0,a_few_times,0.4427015662383156,0.0,0.0,1.0,0.0,2,6.502512360499242,1,2.8786724064770213,True
5,139.0,16-24,0.0,not_volunteered,0.7840707799122525,0.08850812153840373,0.08850812153840373,0.8229837569231925,1.7794660105061437,17,31.662958384631025,12,24.826000474966843,True
5,139.0,16-24,1.0,once_or_one_off,0.059885107694558445,0.45383959162313703,0.546160408376863,0.0,0.0,17,31.662958384631025,2,1.8961396727919513,True
5,139.0,16-24,2.0,a_few_times,0.0749016277162548,0.0,1.0,0.0,0.0,17,31.662958384631025,1,2.371607121320902,True
5,139.0,16-24,3.0,monthly,0.04747129628889627,0.0,0.0,1.0,1.0,17,31.662958384631025,1,1.5030816788598118,True
5,139.0,16-24,4.0,weekly,0.033671188388037995,0.0,0.0,1.0,4.0,17,31.662958384631025,1,1.0661294366915184,True
5,139.0,25-34,0.0,not_volunteered,0.9021875671662001,0.24867157036842022,0.14304192376598765,0.608286505865592,1.2636931913382785,53,53.404049662073824,47,48.180469641449314,False
5,139.0,25-34,1.0,once_or_one_off,0.05398725832631196,0.0,0.0,1.0,3.485666714262819,53,53.404049662073824,3,2.8831382247775723,True
5,139.0,25-34,2.0,a_few_times,0.021312707850196195,0.0,0.0,1.0,2.2893400072847836,53,53.404049662073824,2,1.1381849084651483,True
5,139.0,25-34,4.0,weekly,0.02251246665729198,0.0,0.0,1.0,1.0,53,53.404049662073824,1,1.202256887381802,True
5,139.0,35-44,0.0,not_volunteered,0.7538666600383469,0.12085305799528827,0.04121837234398518,0.8379285696607265,2.0896771271486463,89,88.64381289457184,67,66.82561515989502,False
5,139.0,35-44,1.0,once_or_one_off,0.0737731666284789,0.05381849833118305,0.0,0.946181501668817,2.4733806974235657,89,88.64381289457184,7,6.5395347792549545,True
5,139.0,35-44,2.0,a_few_times,0.0692299688871125,0.0,0.0,1.0,2.666758436439065,89,88.64381289457184,6,6.13680840872623,True
5,139.0,35-44,3.0,monthly,0.054759576841407975,0.07250532736181742,0.0,0.9274946726381826,1.5884858839838973,89,88.64381289457184,6,4.854097683715698,True
5,139.0,35-44,4.0,weekly,0.04837062760465379,0.7821221091899829,0.0,0.2178778908100172,0.4357557816200344,89,88.64381289457184,3,4.2877568629799425,True
5,139.0,45-54,0.0,not_volunteered,0.6192325518778471,0.06469849666645912,0.1657607249753469,0.7695407783581939,1.912915835225974,70,64.74417347529705,49,40.09169976033021,False
5,139.0,45-54,1.0,once_or_one_off,0.085868777320226,0.14536213393503056,0.08817692963476473,0.7664609364302049,1.2450883731327214,70,64.74417347529705,7,5.559503014932365,True
5,139.0,45-54,2.0,a_few_times,0.0919027172947654,0.0,0.4349551481000974,0.5650448518999027,0.8575994056687939,70,64.74417347529705,5,5.950165471383473,True
5,139.0,45-54,3.0,monthly,0.15540800992243345,0.06266478628129184,0.1060745671435518,0.8312606465751565,1.0148651541525178,70,64.74417347529705,7,10.061763153868716,True
5,139.0,45-54,4.0,weekly,0.047587943584727975,0.0,0.0,1.0,1.0,70,64.74417347529705,2,3.0810420747822773,True
5,139.0,55-64,0.0,not_volunteered,0.6903714898583614,0.3008446725253452,0.06790037540513627,0.6312549520695186,1.0323328336111524,51,42.65741409192433,38,29.44946252014686,False
5,139.0,55-64,1.0,once_or_one_off,0.04662538879226292,0.0,0.0,1.0,4.0,51,42.65741409192433,1,1.9889185169085268,True
5,139.0,55-64,2.0,a_few_times,0.048158724340973534,0.0,0.0,1.0,1.5922336078325,51,42.65741409192433,5,2.054326646351744,True
5,139.0,55-64,3.0,monthly,0.0662576250731299,0.10230739541016698,0.3128661015118164,0.5848265030780166,0.0,51,42.65741409192433,3,2.8263789494919704,True
5,139.0,55-64,4.0,weekly,0.14858677193527234,0.5216830877179859,0.0,0.47831691228201406,0.3966612984600447,51,42.65741409192433,4,6.338327459025233,True
5,139.0,65-74,0.0,not_volunteered,0.811641537339524,0.20643551989885855,0.1540026630974073,0.639561817003734,1.3957649911405001,47,46.125190141535164,39,37.43712023655346,False
5,139.0,65-74,1.0,once_or_one_off,0.029838686328489804,0.0,0.0,1.0,0.0,47,46.125190141535164,1,1.376315080475218,True
5,139.0,65-74,2.0,a_few_times,0.06521377569233912,0.0,0.1372562269124792,0.8627437730875208,0.0,47,46.125190141535164,3,3.0079978036565658,True
5,139.0,65-74,3.0,monthly,0.037640583907488576,0.0,0.0,1.0,0.0,47,46.125190141535164,1,1.7361790897713192,True
5,139.0,65-74,4.0,weekly,0.05566541673215832,0.0,0.0,1.0,0.740883010846684,47,46.125190141535164,3,2.5675779310785956,True
5,139.0,75-84,0.0,not_volunteered,0.8020386589895595,0.2071329105108617,0.2747840512218736,0.5180830382672648,0.4296413469215424,17,35.26427898749446,13,28.283315029363756,True
5,139.0,75-84,1.0,once_or_one_off,0.10353110837536286,0.0,0.0,1.0,0.6109371113610875,17,35.26427898749446,2,3.65094988963332,True
5,139.0,75-84,3.0,monthly,0.050975724774630485,0.0,0.0,1.0,1.0,17,35.26427898749446,1,1.7976221800423025,True
5,139.0,75-84,4.0,weekly,0.04345450786044716,0.0,0.0,1.0,1.0,17,35.26427898749446,1,1.5323918884550796,True
5,139.0,85+,3.0,monthly,1.0,0.0,0.0,1.0,4.0,1,0.9701542190882184,1,0.9701542190882184,True
5,142.0,16-24,0.0,not_volunteered,0.6123181322839275,0.35991688385499665,0.11860163932855877,0.5214814768164445,1.5551736343911975,33,68.67211844197425,21,42.049183304370324,True
5,142.0,16-24,1.0,once_or_one_off,0.21642831474757684,0.14452745254165464,0.28227732442587866,0.5731952230324667,1.2257098103783204,33,68.67211844197425,8,14.86259086454248,True
5,142.0,16-24,2.0,a_few_times,0.07558648213050587,0.0,0.6971070321039486,0.3028929678960514,1.8173578073763086,33,68.67211844197425,2,5.190683853478269,True
5,142.0,16-24,3.0,monthly,0.0956670708379898,0.0,0.6064497806646303,0.39355021933536966,1.967751096676848,33,68.67211844197425,2,6.569660419583176,True
5,142.0,25-34,0.0,not_volunteered,0.8039430667397354,0.03226017426686768,0.05432972820451571,0.9134100975286166,2.0579934363219192,128,295.4635965157161,104,237.5359098927966,False
5,142.0,25-34,1.0,once_or_one_off,0.08037324683960495,0.3125516604342452,0.0,0.6874483395657549,2.0071055259593087,128,295.4635965157161,9,23.747368574875093,True
5,142.0,25-34,2.0,a_few_times,0.037554772322097335,0.0,0.0,1.0,3.336727823266468,128,295.4635965157161,6,11.09606809661575,True
5,142.0,25-34,3.0,monthly,0.06097292312468042,0.041618075137618345,0.24468138926799524,0.7137005355943863,2.3715825382836693,128,295.4635965157161,8,18.01527915649435,True
5,142.0,25-34,4.0,weekly,0.017155990973881943,0.0,0.0,1.0,5.0,128,295.4635965157161,1,5.068970794934322,True
5,142.0,35-44,0.0,not_volunteered,0.9327747162429916,0.1964809502589237,0.14215393250573186,0.6613651172353443,1.5244906900748785,78,129.06251485720975,70,120.3862506735407,False
5,142.0,35-44,1.0,once_or_one_off,0.03682593131456744,0.0,0.0,1.0,3.3868766084128565,78,129.06251485720975,4,4.752847307416946,True
5,142.0,35-44,3.0,monthly,0.030399352442441078,0.0,0.2157281462808187,0.7842718537191813,3.3308546789422886,78,129.06251485720975,4,3.923416876252107,True
5,142.0,45-54,0.0,not_volunteered,0.8969931295957874,0.1757398738756389,0.1323612837606524,0.6918988423637085,1.499640824721951,51,82.06019753123792,43,73.6074333987936,False
5,142.0,45-54,1.0,once_or_one_off,0.03256200427998439,0.0,0.0,1.0,1.4396562703283038,51,82.06019753123792,3,2.672044503228533,True
5,142.0,45-54,2.0,a_few_times,0.014434828244546645,0.0,0.0,1.0,4.008225860840381,51,82.06019753123792,2,1.18452485707699,True
5,142.0,45-54,3.0,monthly,0.04917200820027729,0.0,0.0,1.0,1.4021612053837957,51,82.06019753123792,2,4.035064705922405,True
5,142.0,45-54,4.0,weekly,0.0068380296794047215,0.0,0.0,1.0,2.0,51,82.06019753123792,1,0.5611300662164189,True
5,142.0,55-64,0.0,not_volunteered,0.8872106778876964,0.1260350199155043,0.03874366083159641,0.8352213192528993,1.4740861203748519,44,77.77621050423636,38,69.00388444499971,False
5,142.0,55-64,1.0,once_or_one_off,0.02387032581281529,0.0,0.0,1.0,2.0,44,77.77621050423636,1,1.856543485222229,True
5,142.0,55-64,2.0,a_few_times,0.011928992502248083,0.0,0.0,1.0,1.0,44,77.77621050423636,2,0.9277918319583042,True
5,142.0,55-64,3.0,monthly,0.07699000379724036,0.0,0.0,1.0,2.5830462830731435,44,77.77621050423636,3,5.987990742056123,True
5,142.0,65-74,0.0,not_volunteered,0.9182403658647867,0.031162356271311618,0.08740885005987102,0.8814287936688172,1.6332377540961174,26,54.276776441597704,24,49.839127057693915,True
5,142.0,65-74,2.0,a_few_times,0.026523754915610098,0.0,0.0,1.0,4.0,26,54.276776441597704,1,1.4396239159462976,True
5,142.0,65-74,3.0,monthly,0.055235879219603046,0.0,0.0,1.0,2.0,26,54.276776441597704,1,2.9980254679574867,True
5,142.0,75-84,0.0,not_volunteered,1.0,0.0,0.0,1.0,1.6322128335513912,2,6.840283443486472,2,6.840283443486472,True
5,142.0,85+,0.0,not_volunteered,1.0,1.0,0.0,0.0,0.0,1,3.8704629657256895,1,3.8704629657256895,True
5,147.0,16-24,0.0,not_volunteered,0.8532828880671626,0.4661593196349516,0.038448638765844916,0.49539204159920336,0.9321198644151932,22,55.05377733280709,17,46.97644612154412,True
5,147.0,16-24,1.0,once_or_one_off,0.028631966369092276,0.0,0.0,1.0,3.0,22,55.05377733280709,1,1.5762979010844271,True
5,147.0,16-24,3.0,monthly,0.016501743877389195,0.0,0.0,1.0,3.0,22,55.05377733280709,1,0.9084833330287974,True
5,147.0,16-24,4.0,weekly,0.10158340168635592,0.23999792401748823,0.0,0.760002075982512,2.4978472208405886,22,55.05377733280709,3,5.592549977149739,True
5,147.0,25-34,0.0,not_volunteered,0.8500910977295163,0.14687927751403645,0.07508457628383264,0.7780361462021309,1.7948820903722786,116,163.52604152240662,101,139.0120321451451,False
5,147.0,25-34,1.0,once_or_one_off,0.03574442808722168,0.0,0.0,1.0,3.729807306944603,116,163.52604152240662,4,5.84514483158569,True
5,147.0,25-34,2.0,a_few_times,0.07817531959204804,0.7259259787207166,0.0,0.27407402127928326,0.7430402165686416,116,163.52604152240662,7,12.783700557636656,True
5,147.0,25-34,3.0,monthly,0.019436901670075606,0.0,0.18525216678352352,0.8147478332164765,2.188121305972282,116,163.52604152240662,3,3.178439589567718,True
5,147.0,25-34,4.0,weekly,0.016552252921138308,0.0,0.0,1.0,5.999999999999999,116,163.52604152240662,1,2.7067243984714393,True
5,147.0,35-44,0.0,not_volunteered,0.8985003217823321,0.1239764450615452,0.25224403540859,0.6237795195298648,1.1077459183449703,112,160.62901613613076,98,144.3252226858929,False
5,147.0,35-44,1.0,once_or_one_off,0.02424321970858033,0.1617904414607046,0.0,0.8382095585392954,1.7934269307563655,112,160.62901613613076,4,3.894164529761313,True
5,147.0,35-44,2.0,a_few_times,0.026739039055052982,0.0,0.7653657671291204,0.23463423287087962,1.0846168736941435,112,160.62901613613076,3,4.295065535838736,True
5,147.0,35-44,3.0,monthly,0.016423978212754462,0.0,0.0,1.0,3.925524302965719,112,160.62901613613076,4,2.6381674613559967,True
5,147.0,35-44,4.0,weekly,0.034093441241280206,0.0,0.0,1.0,3.0781793994917988,112,160.62901613613076,3,5.4763959232818245,True
5,147.0,45-54,0.0,not_volunteered,0.8697975238228721,0.26397809931571764,0.1204592756972871,0.6155626249869952,1.0476624466160882,73,131.46490590115536,58,114.34784962243182,False
5,147.0,45-54,1.0,once_or_one_off,0.022093677047349405,0.0,0.0,1.0,2.5439631039665165,73,131.46490590115536,4,2.9045431740403056,True
5,147.0,45-54,2.0,a_few_times,0.05679650995491056,0.4707503032016555,0.0,0.5292496967983445,1.0614093219064331,73,131.46490590115536,6,7.466747836736351,True
5,147.0,45-54,3.0,monthly,0.04812788032532671,0.0,0.0,1.0,2.8180319484652956,73,131.46490590115536,4,6.327127258191142,True
5,147.0,45-54,4.0,weekly,0.0031844088495411697,0.0,0.0,1.0,1.0,73,131.46490590115536,1,0.4186380097557363,True
5,147.0,55-64,0.0,not_volunteered,0.9598749560089774,0.2184565058319268,0.058510014803962784,0.7230334793641103,1.9023699884048737,51,59.68745239995516,47,57.292490746694895,False
5,147.0,55-64,1.0,once_or_one_off,0.0182342798424028,0.0,0.0,1.0,6.0,51,59.68745239995516,1,1.088357710140879,True
5,147.0,55-64,2.0,a_few_times,0.007055012842012882,0.0,0.0,1.0,1.0,51,59.68745239995516,1,0.4210957431887163,True
5,147.0,55-64,3.0,monthly,0.00698283835844839,0.0,0.0,1.0,2.0,51,59.68745239995516,1,0.4167878321364693,True
5,147.0,55-64,4.0,weekly,0.007852912948158555,0.0,1.0,0.0,0.0,51,59.68745239995516,1,0.4687203677942053,True
5,147.0,65-74,0.0,not_volunteered,0.9224643461827314,0.17522758921617926,0.04543347632876938,0.7793389344550513,0.7950068450499139,15,21.274659254395015,13,19.625114639365894,True
5,147.0,65-74,2.0,a_few_times,0.021847817661646063,1.0,0.0,0.0,0.0,15,21.274659254395015,1,0.4648048762036733,True
5,147.0,65-74,3.0,monthly,0.05568783615562263,1.0,0.0,0.0,0.0,15,21.274659254395015,1,1.1847397388254504,True
5,147.0,75-84,0.0,not_volunteered,0.6742009241748292,0.44373737724565876,0.15293678447974016,0.403325838274601,0.8048301330034489,9,41.70084414233084,7,28.114747659629966,True
5,147.0,75-84,3.0,monthly,0.05050068692319557,0.0,1.0,0.0,0.0,9,41.70084414233084,1,2.1059212744648237,True
5,147.0,75-84,4.0,weekly,0.2752983889019751,0.0,1.0,0.0,0.0,9,41.70084414233084,1,11.480175208236044,True
5,147.0,85+,0.0,not_volunteered,1.0,0.7604474584580805,0.0,0.23955254154191957,1.4373152492515173,2,5.95006431472888,2,5.95006431472888,True
5,160.0,16-24,0.0,not_volunteered,0.8897942119077967,0.2705637269394383,0.06373708186851859,0.6656991911920429,1.0352909548383913,27,46.500870592525324,24,41.37620550190251,True
5,160.0,16-24,2.0,a_few_times,0.09588014780648052,0.0,0.0,1.0,1.0,27,46.500870592525324,2,4.4585103455413515,True
5,160.0,16-24,3.0,monthly,0.014325640285722812,0.0,0.0,1.0,1.0,27,46.500870592525324,1,0.666154745081464,True
5,160.0,25-34,0.0,not_volunteered,0.7859683753150821,0.22207446621035434,0.14013599315337963,0.6377895406362659,1.4891808781539895,82,76.05755787153461,65,59.778835190722894,False
5,160.0,25-34,1.0,once_or_one_off,0.08870747519513039,0.0,0.06986909491952553,0.9301309050804745,2.3198211314625703,82,76.05755787153461,6,6.746873928291351,True
5,160.0,25-34,2.0,a_few_times,0.09368274068328139,0.0,0.0,1.0,2.5582216257251686,82,76.05755787153461,7,7.125280471082644,True
5,160.0,25-34,3.0,monthly,0.01062245796062658,0.0,0.0,1.0,2.1669447932772856,82,76.05755787153461,2,0.8079182110782996,True
5,160.0,25-34,4.0,weekly,0.02101895084587961,0.0,0.0,1.0,1.634455843679881,82,76.05755787153461,2,1.59865007035943,True
5,160.0,35-44,0.0,not_volunteered,0.8881365565959495,0.23277920185507991,0.2472910787660039,0.5199297193789163,1.037390297015097,84,98.45156638983008,74,87.4384351649412,False
5,160.0,35-44,1.0,once_or_one_off,0.04507218728777551,0.0,0.0,1.0,1.9689934441132069,84,98.45156638983008,5,4.437427439097286,True
5,160.0,35-44,3.0,monthly,0.025733362639181755,0.2929267367139865,0.0,0.7070732632860135,0.9062035815644289,84,98.45156638983008,3,2.5334898603049756,True
5,160.0,35-44,4.0,weekly,0.04105789347709325,0.0,0.7407633849976114,0.25923661500238854,0.25923661500238854,84,98.45156638983008,2,4.042213925486617,True
5,160.0,45-54,0.0,not_volunteered,0.7885387196713666,0.2549895126353722,0.1988474730125143,0.5461630143521137,1.1042092845750267,67,57.55123726275485,54,45.38137894667575,False
5,160.0,45-54,1.0,once_or_one_off,0.0103828732944233,0.0,0.0,1.0,1.7219051601860023,67,57.55123726275485,2,0.5975472044364765,True
5,160.0,45-54,2.0,a_few_times,0.0826162337853857,0.24998405237971583,0.0,0.7500159476202842,2.07193622266662,67,57.55123726275485,5,4.754666472337956,True
5,160.0,45-54,3.0,monthly,0.06266763720231744,0.0,0.27399849368435014,0.7260015063156499,4.022795573027562,67,57.55123726275485,3,3.6066000573268133,True
5,160.0,45-54,4.0,weekly,0.055794536046507054,0.0,0.0,1.0,3.4729058224871694,67,57.55123726275485,3,3.2110445819778555,True
5,160.0,55-64,0.0,not_volunteered,0.8022549542556983,0.40285259359766484,0.03742370084616348,0.5597237055561717,0.8405588402483978,61,61.524172446525796,49,49.35807215170724,False
5,160.0,55-64,1.0,once_or_one_off,0.075278454074844,0.0,0.0,1.0,1.2382308896141103,61,61.524172446525796,4,4.631444590008575,True
5,160.0,55-64,2.0,a_few_times,0.08425708651329616,0.11809663979862618,0.0,0.8819033602013737,1.762615339689512,61,61.524172446525796,6,5.183847520485876,True
5,160.0,55-64,3.0,monthly,0.038209505156161776,0.7963130460041334,0.0,0.20368695399586664,0.8147478159834666,61,61.524172446525796,2,2.3508081843241135,True
5,160.0,65-74,0.0,not_volunteered,0.9155496999632834,0.1352795627210134,0.19474287989840697,0.6699775573805796,0.8655864524797928,46,49.483264714357375,41,45.304388162433625,False
5,160.0,65-74,1.0,once_or_one_off,0.05055884868006241,0.8481589823097022,0.0,0.15184101769029787,0.30368203538059574,46,49.483264714357375,2,2.5018168928886664,True
5,160.0,65-74,2.0,a_few_times,0.012864692775006474,0.0,0.0,1.0,1.0,46,49.483264714357375,1,0.6365869980545261,True
5,160.0,65-74,3.0,monthly,0.021026758581647584,0.40102587808294027,0.0,0.5989741219170597,0.5989741219170597,46,49.483264714357375,2,1.040472660980553,True
5,160.0,75-84,0.0,not_volunteered,0.924539030731418,0.14370706523031015,0.033352881968981535,0.8229400528007079,0.6854706958471083,16,36.425450261165565,14,33.67675047841349,True
5,160.0,75-84,3.0,monthly,0.023418476630267505,1.0,0.0,0.0,0.0,16,36.425450261165565,1,0.8530285556880772,True
5,160.0,75-84,4.0,weekly,0.052042492638314876,0.0,0.0,1.0,1.0,16,36.425450261165565,1,1.8956712270640137,True
5,160.0,85+,0.0,not_volunteered,1.0,0.21338968714178602,0.0,0.786610312858214,1.573220625716428,2,2.85841015342248,2,2.85841015342248,True
5,171.0,16-24,0.0,not_volunteered,0.757503652307291,0.3075816527642152,0.08711484338353827,0.6053035038522463,1.3639207760341592,61,126.68737524720507,46,95.96614945098213,False
5,171.0,16-24,1.0,once_or_one_off,0.11382454258803124,0.18709093848593902,0.30222832702078306,0.5106807344932779,0.4804103578677795,61,126.68737524720507,6,14.420132539191387,True
5,171.0,16-24,2.0,a_few_times,0.06362209542120192,0.24279581761410313,0.5900306961002606,0.1671734862856362,0.8799221104569884,61,126.68737524720507,5,8.060116276639295,True
5,171.0,16-24,4.0,weekly,0.06504970968347581,0.0,0.352454328563894,0.647545671436106,1.3581002564935123,61,126.68737524720507,4,8.240976980392249,True
5,171.0,25-34,0.0,not_volunteered,0.8733790693480148,0.317483913396419,0.14035983067815866,0.5421562559254224,1.449927493209909,136,225.74650175479883,113,197.16226961117619,False
5,171.0,25-34,1.0,once_or_one_off,0.07150818294588483,0.44014195834612,0.0,0.5598580416538799,1.0664714823124197,136,225.74650175479883,11,16.142722146875666,True
5,171.0,25-34,2.0,a_few_times,0.01332895930088739,0.3674578462564916,0.0,0.6325421537435084,1.4459605768801915,136,225.74650175479883,4,3.008965934207417,True
5,171.0,25-34,3.0,monthly,0.02542969771498357,0.7789240972645798,0.15917099815113162,0.06190490458428857,0.2476196183371543,136,225.74650175479883,4,5.740665299839542,True
5,171.0,25-34,4.0,weekly,0.01635409069022939,0.0,0.13619261193636714,0.863807388063633,1.613058178010351,136,225.74650175479883,4,3.691878762700008,True
5,171.0,35-44,0.0,not_volunteered,0.8226938266839496,0.45328379229296706,0.10194589857913114,0.4447703091279018,0.825488919922108,89,130.3826237341818,73,107.26497965296758,False
5,171.0,35-44,1.0,once_or_one_off,0.07230514892404569,0.33959020572236637,0.3926851994421458,0.26772459483548783,0.45097220887521927,89,130.3826237341818,6,9.42733502620783,True
5,171.0,35-44,2.0,a_few_times,0.0386275020998099,0.30080281363064937,0.0,0.6991971863693507,1.127717635363629,89,130.3826237341818,3,5.036355072070831,True
5,171.0,35-44,3.0,monthly,0.04003715418234392,0.43830812158102445,0.0,0.5616918784189756,0.5616918784189756,89,130.3826237341818,4,5.220149209143971,True
5,171.0,35-44,4.0,weekly,0.026336368109850947,0.5274680313791446,0.4725319686208555,0.0,0.0,89,130.3826237341818,3,3.433804773791601,True
5,171.0,45-54,0.0,not_volunteered,0.9154492523875329,0.2714083778350108,0.15123535778045985,0.5773562643845294,0.8022148378451306,56,117.46938330412294,49,107.53725912418389,False
5,171.0,45-54,1.0,once_or_one_off,0.006647500767888368,0.0,0.0,1.0,1.0,56,117.46938330412294,1,0.7808778157175303,True
5,171.0,45-54,2.0,a_few_times,0.03258092750729832,0.0,0.0,1.0,0.6148146867989996,56,117.46938330412294,3,3.827261461758669,True
5,171.0,45-54,3.0,monthly,0.04532231933728046,0.5442179479870621,0.0,0.45578205201293776,0.45578205201293776,56,117.46938330412294,3,5.323984902462862,True
5,171.0,55-64,0.0,not_volunteered,0.9757415425371161,0.33216557470920116,0.20205735926232796,0.4657770660284708,0.45093004189849767,32,67.09028116452038,30,65.46277443271794,False
5,171.0,55-64,3.0,monthly,0.024258457462883954,0.0,0.4885576914535478,0.5114423085464521,1.5343269256393561,32,67.09028116452038,2,1.627506731802442,True
5,171.0,65-74,0.0,not_volunteered,0.959173165814807,0.14661832345614734,0.0,0.8533816765438526,1.526609495768311,11,15.388041870313817,10,14.759796836439708,True
5,171.0,65-74,2.0,a_few_times,0.04082683418519298,1.0,0.0,0.0,0.0,11,15.388041870313817,1,0.628245033874109,True
5,171.0,75-84,0.0,not_volunteered,1.0,0.38953267068687897,0.0,0.610467329313121,1.3124304274250345,5,9.60984126103224,5,9.60984126103224,True
5,171.0,85+,0.0,not_volunteered,1.0,1.0,0.0,0.0,0.0,1,1.9946454268098788,1,1.9946454268098788,True
5,196.0,16-24,0.0,not_volunteered,0.7616079182003263,0.351630624985403,0.13917007435344458,0.5091993006611525,1.6380815401786755,57,113.14402570479304,46,86.17138587383162,False
5,196.0,16-24,1.0,once_or_one_off,0.1116090350042085,0.0,0.5366046777428983,0.4633953222571018,0.9267906445142036,57,113.14402570479304,3,12.627895525403313,True
5,196.0,16-24,2.0,a_few_times,0.04896793270812252,0.0,0.0,1.0,0.9566862607574481,57,113.14402570479304,3,5.54042903703839,True
5,196.0,16-24,3.0,monthly,0.07781511408734261,0.4174116457402441,0.35867347037986985,0.22391488387988603,0.44782976775977207,57,113.14402570479304,5,8.804315268519694,True
5,196.0,25-34,0.0,not_volunteered,0.870055039956819,0.26933520557649226,0.2293969239624291,0.5012678704610787,1.1085863339929065,71,98.77210433543502,60,85.93716718418601,False
5,196.0,25-34,1.0,once_or_one_off,0.0688000797928559,0.30696282634632865,0.2536126930037354,0.439424480649936,0.7086296793014945,71,98.77210433543502,5,6.795528659586218,True
5,196.0,25-34,2.0,a_few_times,0.02728291400572757,0.2142079473253208,0.0,0.7857920526746791,2.1707280349414004,71,98.77210433543502,3,2.694790828748425,True
5,196.0,25-34,3.0,monthly,0.02075304324559323,0.0,0.0,1.0,1.0,71,98.77210433543502,1,2.0498217527315292,True
5,196.0,25-34,4.0,weekly,0.013108922999004144,0.0,0.0,1.0,5.151837802514227,71,98.77210433543502,2,1.294795910182821,True
5,196.0,35-44,0.0,not_volunteered,0.8375855738579149,0.341829102864262,0.22576503657022412,0.4324058605655139,0.7333988875172893,88,116.93549341890775,74,97.94348235963427,False
5,196.0,35-44,1.0,once_or_one_off,0.06048908046967545,0.3134610700241811,0.0,0.686538929975819,0.360265915278734,88,116.93549341890775,4,7.0733204711775155,True
5,196.0,35-44,2.0,a_few_times,0.026764107035206187,0.7634076069307001,0.0,0.23659239306929977,0.23659239306929977,88,116.93549341890775,2,3.129674062078296,True
5,196.0,35-44,3.0,monthly,0.06006037498632987,0.3140426339357016,0.3399995866107646,0.34595777945353373,0.5323200344369102,88,116.93549341890775,6,7.023189583951108,True
5,196.0,35-44,4.0,weekly,0.015100863650873576,0.0,0.0,1.0,1.5473949509942653,88,116.93549341890775,2,1.7658269420665504,True
5,196.0,45-54,0.0,not_volunteered,0.8903192640302947,0.3904111116588087,0.07935123191659711,0.5302376564245943,1.284299989082093,65,102.0239904439111,54,90.83392408545676,False
5,196.0,45-54,1.0,once_or_one_off,0.0054623226646101685,0.0,0.0,1.0,0.811639652787915,65,102.0239904439111,2,0.5572879553357468,True
5,196.0,45-54,2.0,a_few_times,0.04162840194215453,0.0,0.0,1.0,2.3615749786712104,65,102.0239904439111,5,4.247095681941664,True
5,196.0,45-54,3.0,monthly,0.0325297486850504,0.0,0.0,1.0,2.4371217342558618,65,102.0239904439111,3,3.318814768986412,True
5,196.0,45-54,4.0,weekly,0.03006026267789009,0.0,0.0,1.0,2.9999999999999996,65,102.0239904439111,1,3.066867952190516,True
5,196.0,55-64,0.0,not_volunteered,0.8387992272263105,0.732203323146665,0.07118409374848668,0.19661258310484828,0.2625728039100797,34,43.40949126451946,24,36.4118477269662,True
5,196.0,55-64,1.0,once_or_one_off,0.007848214678149718,1.0,0.0,0.0,0.0,34,43.40949126451946,1,0.3406870065132136,True
5,196.0,55-64,2.0,a_few_times,0.07784692350922261,0.0,0.0,1.0,3.2991536404640223,34,43.40949126451946,4,3.379295346043313,True
5,196.0,55-64,3.0,monthly,0.04533811746303287,0.0,0.0,1.0,1.7955063525450061,34,43.40949126451946,4,1.9681046139612826,True
5,196.0,55-64,4.0,weekly,0.030167517123284367,0.0,0.0,1.0,0.0,34,43.40949126451946,1,1.309556571035454,True
5,196.0,65-74,0.0,not_volunteered,0.8339761367861476,0.33553949620328205,0.07627006953393844,0.5881904342627796,1.073370089419017,58,78.48896689997144,47,65.457925395574,False
5,196.0,65-74,1.0,once_or_one_off,0.017142178000726923,0.6108606680314771,0.3891393319685229,0.0,0.0,58,78.48896689997144,2,1.345471841692474,True
5,196.0,65-74,3.0,monthly,0.06838986334601865,0.10658541591525157,0.0,0.8934145840847484,2.7065941088641763,58,78.48896689997144,4,5.367849720459229,True
5,196.0,65-74,4.0,weekly,0.08049182186710684,0.0,0.0,1.0,1.7272971851360626,58,78.48896689997144,5,6.317719942245746,True
5,196.0,75-84,0.0,not_volunteered,0.6186174604954503,0.8681066229992802,0.09117723325647455,0.04071614374424528,0.08143228748849056,14,36.738811639642876,9,22.727270358136565,True
5,196.0,75-84,2.0,a_few_times,0.06724277253496809,0.0,0.0,1.0,1.0,14,36.738811639642876,1,2.470419554289544,True
5,196.0,75-84,3.0,monthly,0.2438880816885377,0.8369502126587757,0.1630497873412244,0.0,0.0,14,36.738811639642876,2,8.960158294309021,True
5,196.0,75-84,4.0,weekly,0.07025168528104382,0.0,0.0,1.0,1.0,14,36.738811639642876,2,2.580963432907741,True
5,196.0,85+,0.0,not_volunteered,1.0,0.796493898409532,0.0,0.20350610159046797,0.20350610159046797,4,12.722693906580707,4,12.722693906580707,True
5,201.0,16-24,0.0,not_volunteered,0.6539634742123164,0.2662806805691596,0.0,0.7337193194308403,1.7447888930383704,28,46.34234025079301,20,30.306197833537865,True
5,201.0,16-24,1.0,once_or_one_off,0.21407759655883438,0.31569075266583757,0.0,0.6843092473341625,1.3156907526658377,28,46.34234025079301,4,9.920856819801497,True
5,201.0,16-24,2.0,a_few_times,0.0968606112558891,0.0,0.0,1.0,6.812741204706655,28,46.34234025079301,2,4.488747403720204,True
5,201.0,16-24,3.0,monthly,0.006363167556182492,0.0,0.0,1.0,5.0,28,46.34234025079301,1,0.2948840759614161,True
5,201.0,16-24,4.0,weekly,0.028735150416777457,0.0,1.0,0.0,0.0,28,46.34234025079301,1,1.3316541177720174,True
5,201.0,25-34,0.0,not_volunteered,0.853529274765126,0.12531454910019504,0.048834925628180564,0.8258505252716243,1.9588447537323486,42,35.223057036099334,34,30.06391032703253,False
5,201.0,25-34,1.0,once_or_one_off,0.005348149084993719,0.0,0.0,1.0,2.0,42,35.223057036099334,1,0.1883781602582962,True
5,201.0,25-34,2.0,a_few_times,0.05622601245948167,0.18745554924565555,0.0,0.8125444507543444,2.7116019906692057,42,35.223057036099334,3,1.9804520437727546,True
5,201.0,25-34,3.0,monthly,0.055425243632668375,0.0,0.0,1.0,2.2668177571358266,42,35.223057036099334,3,1.9522465177131796,True
5,201.0,25-34,4.0,weekly,0.02947132005773025,0.0,0.0,1.0,2.0,42,35.223057036099334,1,1.038069987322571,True
5,201.0,35-44,0.0,not_volunteered,0.8265424399985143,0.16619351566775695,0.06869841561098576,0.7651080687212573,1.6156346745289718,68,68.61813639463595,55,56.71580188377326,False
5,201.0,35-44,1.0,once_or_one_off,0.023842601332058063,0.0,0.0,1.0,5.71049928464259,68,68.61813639463595,2,1.636034870206089,True
5,201.0,35-44,2.0,a_few_times,0.030691579991705156,0.0,0.0,1.0,6.055189127201702,68,68.61813639463595,2,2.1059990220377043,True
5,201.0,35-44,3.0,monthly,0.04287374638563258,0.0,0.0,1.0,1.9780183116539656,68,68.61813639463595,4,2.9419165772383664,True
5,201.0,35-44,4.0,weekly,0.07604963229208982,0.0,0.0,1.0,5.288291225642413,68,68.61813639463595,5,5.21838404138053,True
5,201.0,45-54,0.0,not_volunteered,0.6920452729934037,0.17507024986486344,0.0619055478067919,0.7630242023283447,1.7506856354579834,84,80.56566792566882,57,55.755089653515384,False
5,201.0,45-54,1.0,once_or_one_off,0.0145118275205085,0.0,0.0,1.0,4.431167733352509,84,80.56566792566882,2,1.1691550770118697,True
5,201.0,45-54,2.0,a_few_times,0.12665377590111013,0.017549276073452538,0.0,0.9824507239265474,1.9247461899461844,84,80.56566792566882,10,10.203946050780914,True
5,201.0,45-54,3.0,monthly,0.11087057667615541,0.09742358061948325,0.0,0.9025764193805167,2.7420077958214835,84,80.56566792566882,9,8.93236206321854,True
5,201.0,45-54,4.0,weekly,0.0559185469088222,0.0,0.0,1.0,2.4082979350499287,84,80.56566792566882,6,4.505115081142104,True
5,201.0,55-64,0.0,not_volunteered,0.9234916402238503,0.13776449832661572,0.06752657340516882,0.7947089282682154,1.7979459325919755,76,76.85597642450276,67,70.97585172926962,False
5,201.0,55-64,1.0,once_or_one_off,0.019203188275146124,0.0,0.0,1.0,3.1665750510880444,76,76.85597642450276,3,1.4758797853499184,True
5,201.0,55-64,2.0,a_few_times,0.01685303593712062,0.0,0.0,1.0,1.4012019552489208,76,76.85597642450276,2,1.2952565326646401,True
5,201.0,55-64,3.0,monthly,0.023475445994570136,0.0,0.0,1.0,1.2045114512126371,76,76.85597642450276,2,1.80422832391337,True
5,201.0,55-64,4.0,weekly,0.016976689569312968,0.0,0.0,1.0,2.9999999999999996,76,76.85597642450276,2,1.3047600533052193,True
5,201.0,65-74,0.0,not_volunteered,0.7647416488845564,0.24988477022695252,0.039808120317326175,0.7103071094557214,1.1897862307642724,52,41.29884342638234,40,31.582945618916753,False
5,201.0,65-74,1.0,once_or_one_off,0.03203550880499134,0.0,0.2803600782482108,0.7196399217517893,2.878559687007157,52,41.29884342638234,2,1.3230294622218304,True
5,201.0,65-74,2.0,a_few_times,0.07347189516328452,0.0,0.4346629991390075,0.5653370008609925,1.8615410101719634,52,41.29884342638234,4,3.0343042945880656,True
5,201.0,65-74,3.0,monthly,0.06605887499122239,0.0,0.0,1.0,0.5261245008945425,52,41.29884342638234,3,2.728155135185457,True
5,201.0,65-74,4.0,weekly,0.06369207215594551,0.3173280058457202,0.0,0.6826719941542798,2.7276340283755074,52,41.29884342638234,3,2.63040891547024,True
5,201.0,75-84,0.0,not_volunteered,0.7168169810217226,0.2197020851515236,0.3360472947345501,0.44425062011392635,0.649471267642375,34,71.29331225487637,27,51.10425685757946,True
5,201.0,75-84,1.0,once_or_one_off,0.0791308594478339,0.0,0.0,1.0,2.0,34,71.29331225487637,1,5.641501071611157,True
5,201.0,75-84,2.0,a_few_times,0.05086220160846812,0.3025181341486095,0.0,0.6974818658513905,2.0924455975541716,34,71.29331225487637,2,3.6261348212429927,True
5,201.0,75-84,3.0,monthly,0.1294513560891562,0.0,0.0,1.0,1.0,34,71.29331225487637,3,9.229015951481404,True
5,201.0,75-84,4.0,weekly,0.02373860183281936,0.0,0.0,1.0,1.0,34,71.29331225487637,1,1.6924035529613712,True
5,201.0,85+,0.0,not_volunteered,0.29689767259108607,1.0,0.0,0.0,0.0,2,4.5377063441408,1,1.3472344524772095,True
5,201.0,85+,3.0,monthly,0.7031023274089139,1.0,0.0,0.0,0.0,2,4.5377063441408,1,3.1904718916635906,True
5,241.0,16-24,0.0,not_volunteered,0.6858313199277712,0.35808774437085356,0.20737531396939968,0.43453694165974666,0.9708639653241774,32,69.24873181709887,24,47.492949145445166,True
5,241.0,16-24,1.0,once_or_one_off,0.14319789186651485,0.6860987942464034,0.0,0.31390120575359676,1.0410248126651558,32,69.24873181709887,4,9.91627241063821,True
5,241.0,16-24,2.0,a_few_times,0.0913316296795715,0.0,0.0,1.0,6.629358849468765,32,69.24873181709887,2,6.324599530099234,True
5,241.0,16-24,3.0,monthly,0.05081486584152693,0.0,0.0,1.0,4.0,32,69.24873181709887,1,3.518865016981757,True
5,241.0,16-24,4.0,weekly,0.028824292684615414,0.0,0.0,1.0,2.0,32,69.24873181709887,1,1.9960457139344976,True
5,241.0,25-34,0.0,not_volunteered,0.8751927217131682,0.11531339430066657,0.05866657731055553,0.8260200283887777,1.878778602981215,134,245.8158832623719,115,215.1362719127217,False
5,241.0,25-34,1.0,once_or_one_off,0.03226038801824391,0.0,0.08600239139658933,0.9139976086034106,1.8535068411826494,134,245.8158832623719,8,7.9301157750914655,True
5,241.0,25-34,2.0,a_few_times,0.029298173242892325,0.06828847658396182,0.0,0.9317115234160381,1.5842282781975823,134,245.8158832623719,4,7.201956333675567,True
5,241.0,25-34,3.0,monthly,0.006773171804522478,1.0,0.0,0.0,0.0,134,245.8158832623719,1,1.6649532096164863,True
5,241.0,25-34,4.0,weekly,0.05647554522117314,0.0,0.08259035600072198,0.9174096439992779,2.942824165215467,134,245.8158832623719,6,13.882586031266701,True
5,241.0,35-44,0.0,not_volunteered,0.8722862857463779,0.27063902829974723,0.06421934531942745,0.6651416263808252,1.3067729105537897,98,155.48954485919455,87,135.63139755762163,False
5,241.0,35-44,1.0,once_or_one_off,0.051348155064307656,0.0,0.13537693520526578,0.8646230647947342,1.2209867513053485,98,155.48954485919455,4,7.9841012603085435,True
5,241.0,35-44,2.0,a_few_times,0.02039191530855967,0.0,0.0,1.0,2.2121760454941746,98,155.48954485919455,3,3.170729630135185,True
5,241.0,35-44,4.0,weekly,0.05597364388075469,0.8497835917503931,0.0,0.1502164082496067,0.3004328164992134,98,155.48954485919455,4,8.703316411129187,True
5,241.0,45-54,0.0,not_volunteered,0.7418994297723228,0.3618056777902891,0.11719785021460628,0.5209964719951046,1.4737806974717895,58,88.77189274488235,45,65.85981660723802,False
5,241.0,45-54,1.0,once_or_one_off,0.05874866146798352,0.0,0.1658988505526596,0.8341011494473404,0.8341011494473404,58,88.77189274488235,3,5.215229874741236,True
5,241.0,45-54,2.0,a_few_times,0.022065528223484024,0.0,0.0,1.0,1.0958769904442496,58,88.77189274488235,4,1.958798704814298,True
5,241.0,45-54,3.0,monthly,0.08028236211425534,0.0,0.0,1.0,2.128894337776026,58,88.77189274488235,3,7.126817238912481,True
5,241.0,45-54,4.0,weekly,0.09700401842195445,0.13786701224078995,0.0,0.8621329877592101,0.0,58,88.77189274488235,3,8.611230319176332,True
5,241.0,55-64,0.0,not_volunteered,0.8057001308414691,0.23341030615489838,0.1328528552027036,0.6337368386423979,1.2281368560435832,45,68.73434099659349,39,55.37926753425752,False
5,241.0,55-64,2.0,a_few_times,0.16221561320141592,0.0,0.22307058523471338,0.7769294147652867,2.475991678644146,45,68.73434099659349,5,11.149783272757634,True
5,241.0,55-64,3.0,monthly,0.03208425595711506,0.0,1.0,0.0,0.0,45,68.73434099659349,1,2.2052901895783323,True
5,241.0,65-74,0.0,not_volunteered,0.8904360906349653,0.25989089042326075,0.1343782811676338,0.6057308284091054,1.517735206962285,22,34.735916744504145,20,30.930113910597903,True
5,241.0,65-74,1.0,once_or_one_off,0.06755662638839151,0.0,0.0,1.0,1.0,22,34.735916744504145,1,2.346641349766739,True
5,241.0,65-74,2.0,a_few_times,0.04200728297664317,0.0,0.0,1.0,4.0,22,34.735916744504145,1,1.4591614841395033,True
5,241.0,75-84,0.0,not_volunteered,1.0,0.1089434369669009,0.16381964220263281,0.7272369208304662,0.38752343701992753,4,12.134209597338861,4,12.134209597338861,True
5,255.0,16-24,0.0,not_volunteered,0.9183022065842046,0.28647767990990075,0.19566117596674365,0.5178611441233555,1.7748287554837552,24,34.4097497155739,21,31.59854909182172,True
5,255.0,16-24,3.0,monthly,0.039608985710790634,0.0,0.0,1.0,1.6180133402849481,24,34.4097497155739,2,1.3629352847960488,True
5,255.0,16-24,4.0,weekly,0.04208880770500491,0.0,0.0,1.0,1.0,24,34.4097497155739,1,1.4482653389561373,True
5,255.0,25-34,0.0,not_volunteered,0.9180021879700283,0.21502227654567135,0.09870329682689821,0.6862744266274305,1.789440638741655,52,57.05893652394153,46,52.38022857222129,False
5,255.0,25-34,1.0,once_or_one_off,0.010441642654416125,0.0,0.0,1.0,6.0,52,57.05893652394153,1,0.59578902542401,True
5,255.0,25-34,2.0,a_few_times,0.05268263522962021,0.0,0.421273219682684,0.5787267803173161,3.154191280627556,52,57.05893652394153,4,3.0060151394808656,True
5,255.0,25-34,3.0,monthly,0.01887353414593525,0.0,0.0,1.0,2.0,52,57.05893652394153,1,1.0769037868153626,True
5,255.0,35-44,0.0,not_volunteered,0.8761038230759866,0.26867046780774484,0.03524044816406965,0.6960890840281856,1.3319842957866568,96,122.16009154850757,83,107.02492323295999,False
5,255.0,35-44,1.0,once_or_one_off,0.027334280373857576,0.0,0.2705492161726803,0.7294507838273196,3.0470016505742468,96,122.16009154850757,4,3.339158192883015,True
5,255.0,35-44,2.0,a_few_times,0.03190142584377753,0.39915846740795874,0.0,0.6008415325920413,1.6391403489944798,96,122.16009154850757,3,3.8970811016037885,True
5,255.0,35-44,3.0,monthly,0.0391872346666397,0.0,0.1009050467482913,0.8990949532517086,1.456378870328231,96,122.16009154850757,4,4.787116174409555,True
5,255.0,35-44,4.0,weekly,0.025473236039738712,0.0,0.0,1.0,2.8594661394041654,96,122.16009154850757,2,3.1118128466512234,True
5,255.0,45-54,0.0,not_volunteered,0.8313086845981904,0.37575680495716396,0.1070832440431957,0.5171599509996405,1.0606751462219381,56,63.67677346034718,47,52.935054784778174,False
5,255.0,45-54,1.0,once_or_one_off,0.08948360665707104,0.0,0.0,1.0,1.0,56,63.67677346034718,3,5.698027349517128,True
5,255.0,45-54,2.0,a_few_times,0.04077193608768458,0.0,0.0,1.0,3.2176367644127524,56,63.67677346034718,3,2.5962253377952447,True
5,255.0,45-54,3.0,monthly,0.03843577265705391,0.0,0.0,1.0,1.4516716428173855,56,63.67677346034718,3,2.4474659882566283,True
5,255.0,55-64,0.0,not_volunteered,0.9176005467692757,0.1346191515218866,0.05274968580791292,0.8126311626702006,1.3397544189449684,61,67.91453389019632,55,62.318413431224656,False
5,255.0,55-64,1.0,once_or_one_off,0.02178565198809173,0.0,0.29121055484212655,0.7087894451578735,0.7087894451578735,61,67.91453389019632,2,1.4795624002652787,True
5,255.0,55-64,2.0,a_few_times,0.060613801242632374,0.0,0.0,1.0,1.0961535126006892,61,67.91453389019632,4,4.116558058706381,True
5,255.0,65-74,0.0,not_volunteered,0.7196728997099534,0.1570733335339692,0.15451331298430826,0.6884133534817225,0.6774751772551414,38,41.2046124362317,25,29.653842913407676,True
5,255.0,65-74,2.0,a_few_times,0.10629533057375412,0.0,0.0,1.0,1.783076784179891,38,41.2046124362317,4,4.379857900072668,True
5,255.0,65-74,3.0,monthly,0.09434664012756315,0.0,0.0,1.0,1.0640712019193415,38,41.2046124362317,5,3.887516741116865,True
5,255.0,65-74,4.0,weekly,0.07968512958872903,0.0,0.15033123953116995,0.84966876046883,2.5270337742447513,38,41.2046124362317,4,3.2833948816344787,True
5,255.0,75-84,0.0,not_volunteered,0.8733469115778476,0.49661606972888733,0.0,0.5033839302711126,0.20866231019070391,12,30.87744136138089,10,26.96671805038809,True
5,255.0,75-84,1.0,once_or_one_off,0.04383466137953982,0.0,0.0,1.0,1.0,12,30.87744136138089,1,1.3535021863427283,True
5,255.0,75-84,4.0,weekly,0.08281842704261273,1.0,0.0,0.0,0.0,12,30.87744136138089,1,2.557221124650076,True
5,255.0,85+,0.0,not_volunteered,1.0,1.0,0.0,0.0,0.0,3,5.404328638081136,3,5.404328638081136,True
5,272.0,16-24,0.0,not_volunteered,0.9105703386758005,0.3564263527018233,0.11745618049664608,0.5261174668015306,1.1198913837171796,56,143.34942092881752,49,130.52973076413326,False
5,272.0,16-24,1.0,once_or_one_off,0.010912693282196117,0.0,0.0,1.0,9.0,56,143.34942092881752,1,1.5643282627766104,True
5,272.0,16-24,2.0,a_few_times,0.0613826060100925,0.3717692821788698,0.22296034999262687,0.4052703678285034,1.7403644723327965,56,143.34942092881752,4,8.799161026648514,True
5,272.0,16-24,3.0,monthly,0.010773512688391652,0.0,0.0,1.0,1.0,56,143.34942092881752,1,1.5443768052502114,True
5,272.0,16-24,4.0,weekly,0.006360849343519242,0.0,0.0,1.0,1.0,56,143.34942092881752,1,0.9118240700089324,True
5,272.0,25-34,0.0,not_volunteered,0.86261094229979,0.16914990694856513,0.09896547285020067,0.7318846202012342,1.7549293490797246,155,229.39908069649664,133,197.88215716231053,False
5,272.0,25-34,1.0,once_or_one_off,0.02739519378721373,0.3812237804330675,0.0,0.6187762195669325,1.5447288045977414,155,229.39908069649664,6,6.284432270289206,True
5,272.0,25-34,2.0,a_few_times,0.04394567587738647,0.0,0.0,1.0,1.2684937847065765,155,229.39908069649664,5,10.081097646858666,True
5,272.0,25-34,3.0,monthly,0.032569966828882545,0.0,0.0,1.0,2.7804664554130594,155,229.39908069649664,5,7.471520448861046,True
5,272.0,25-34,4.0,weekly,0.03347822120672719,0.18109372092068932,0.0,0.8189062790793107,3.012249630208495,155,229.39908069649664,6,7.679873168177176,True
5,272.0,35-44,0.0,not_volunteered,0.8970814615283684,0.443349056414733,0.07019624427891397,0.4864546993063529,1.2213691639236919,103,165.06294871820515,90,148.0749112803096,False
5,272.0,35-44,1.0,once_or_one_off,0.047167800548156065,0.32018832306604544,0.0,0.6798116769339547,0.5879555979970651,103,165.06294871820515,4,7.785656243030813,True
5,272.0,35-44,3.0,monthly,0.04603861212068896,0.04214533506320125,0.0,0.9578546649367987,2.004069156031973,103,165.06294871820515,7,7.59926907153462,True
5,272.0,35-44,4.0,weekly,0.009712125802786627,0.0,0.0,1.0,2.5201158117059435,103,165.06294871820515,2,1.603112123330126,True
5,272.0,45-54,0.0,not_volunteered,0.8666232263949619,0.4943368001870466,0.0,0.5056631998129536,1.2342917764797097,41,57.80461971991888,35,50.094826042209945,False
5,272.0,45-54,1.0,once_or_one_off,0.026014342807248226,0.0,0.0,1.0,6.000000000000001,41,57.80461971991888,1,1.5037491932365907,True
5,272.0,45-54,2.0,a_few_times,0.0797562908454276,0.6776024676022072,0.0,0.32239753239779284,0.0,41,57.80461971991888,2,4.61028206259119,True
5,272.0,45-54,3.0,monthly,0.007239920222477593,0.0,0.0,1.0,2.0,41,57.80461971991888,1,0.4185008352628678,True
5,272.0,45-54,4.0,weekly,0.020366219729884567,0.0,0.0,1.0,4.1994125161786355,41,57.80461971991888,2,1.1772615866182865,True
5,272.0,55-64,0.0,not_volunteered,0.9620359759745463,0.34791055017975964,0.14654412908253492,0.5055453207377053,0.797634415791003,17,30.5203555298869,16,29.361680019284883,True
5,272.0,55-64,2.0,a_few_times,0.037964024025453874,0.0,0.0,1.0,2.0,17,30.5203555298869,1,1.1586755106020203,True
5,272.0,65-74,0.0,not_volunteered,0.9722944459152264,0.18447782132098847,0.06330224168031491,0.7522199369986966,1.1326578898962947,17,22.334555144513413,16,21.715763918997737,True
5,272.0,65-74,1.0,once_or_one_off,0.02770555408477353,1.0,0.0,0.0,0.0,17,22.334555144513413,1,0.6187912255156732,True
5,272.0,75-84,0.0,not_volunteered,1.0,0.2857149310030148,0.0,0.7142850689969852,0.8570141097900035,3,8.388314169320534,3,8.388314169320534,True
5,279.0,16-24,0.0,not_volunteered,0.6754338978781423,0.34990940545085514,0.09998130057195853,0.5501092939771863,0.9442713688754787,35,85.17934245560885,25,57.53301529348902,True
5,279.0,16-24,1.0,once_or_one_off,0.09333875210931596,0.0,0.0,1.0,3.6111941925778184,35,85.17934245560885,2,7.950533530298606,True
5,279.0,16-24,2.0,a_few_times,0.05536854225168753,0.0,0.0,1.0,2.025216647237476,35,85.17934245560885,2,4.71625602172434,True
5,279.0,16-24,3.0,monthly,0.1577345631678565,0.41079055576827367,0.0,0.5892094442317264,1.4178623066720502,35,85.17934245560885,4,13.435726373160714,True
5,279.0,16-24,4.0,weekly,0.018124244592997676,0.26660232702318976,0.0,0.7333976729768102,0.7333976729768102,35,85.17934245560885,2,1.543811236936166,True
5,279.0,25-34,0.0,not_volunteered,0.9070830310648085,0.1552747690382989,0.13358385800619632,0.7111413729555047,1.6892465085109571,97,140.21965861034508,83,127.19087294714448,False
5,279.0,25-34,1.0,once_or_one_off,0.005914584618866788,0.3384704429460944,0.0,0.6615295570539055,3.307647785269528,97,140.21965861034508,2,0.829341036079499,True
5,279.0,25-34,2.0,a_few_times,0.043425041620457724,0.0,0.0,1.0,1.9624982656342935,97,140.21965861034508,7,6.089044511160608,True
5,279.0,25-34,3.0,monthly,0.04357734269586692,0.3800712662193969,0.0,0.619928733780603,1.7322736231522677,97,140.21965861034508,5,6.1104001159604735,True
5,279.0,35-44,0.0,not_volunteered,0.8930080906657125,0.2190872434231543,0.10753675010449336,0.6733760064723525,1.1307944557519627,93,150.16807255661786,83,134.1013037527355,False
5,279.0,35-44,1.0,once_or_one_off,0.027024043352763396,0.16208188090365744,0.0,0.8379181190963427,2.5137543572890277,93,150.16807255661786,3,4.05814850297096,True
5,279.0,35-44,2.0,a_few_times,0.062469354576960096,0.5244365790593232,0.0,0.47556342094067694,1.9226408210022827,93,150.16807255661786,5,9.380902570678032,True
5,279.0,35-44,4.0,weekly,0.01749851140456414,0.0,0.7426346364439481,0.2573653635560519,1.0294614542242075,93,150.16807255661786,2,2.627717730233393,True
5,279.0,45-54,0.0,not_volunteered,0.7978291714542891,0.28971504984636637,0.07612491416279704,0.6341600359908368,0.9490629273162369,62,83.74957325073275,46,66.81785263628241,False
5,279.0,45-54,1.0,once_or_one_off,0.051896841950626695,0.5035792630639472,0.0,0.4964207369360526,1.3082232476015465,62,83.74957325073275,5,4.3463383664257105,True
5,279.0,45-54,2.0,a_few_times,0.056539558328127695,0.0,0.465869058895436,0.5341309411045638,0.6204660457422985,62,83.74957325073275,5,4.735163881765607,True
5,279.0,45-54,3.0,monthly,0.04117954092111767,0.0,0.0,1.0,1.2167905217920822,62,83.74957325073275,2,3.448768978804691,True
5,279.0,45-54,4.0,weekly,0.05255488734583892,0.0,0.0,1.0,3.418085734076545,62,83.74957325073275,4,4.4014493874543446,True
5,279.0,55-64,0.0,not_volunteered,0.8101948835886478,0.15431341622544453,0.19760960113344303,0.6480769826411125,1.4042237134210798,49,67.9060624220018,39,55.017144338957195,False
5,279.0,55-64,2.0,a_few_times,0.0635109516899098,0.0,0.588744098914821,0.4112559010851789,1.2513895587142527,49,67.9060624220018,3,4.312778649935756,True
5,279.0,55-64,3.0,monthly,0.06291232385220585,0.0,0.0,1.0,1.633481228053771,49,67.9060624220018,4,4.272128190621083,True
5,279.0,55-64,4.0,weekly,0.06338184086923657,0.43687403646922157,0.0,0.5631259635307783,2.3238538651485174,49,67.9060624220018,3,4.304011242487763,True
5,279.0,65-74,0.0,not_volunteered,0.6501807240710704,0.3077526297573047,0.03423678022474403,0.6580105900179511,0.6045777832425904,20,36.73642975859671,15,23.885318500230426,True
5,279.0,65-74,2.0,a_few_times,0.33691616357987114,0.0,0.0,1.0,0.7368784908435829,20,36.73642975859671,4,12.377096977887813,True
5,279.0,65-74,3.0,monthly,0.012903112349058245,0.0,0.0,1.0,1.0,20,36.73642975859671,1,0.47401428047846,True
5,279.0,75-84,0.0,not_volunteered,1.0,0.2915120921555903,0.7084879078444097,0.0,0.0,2,3.522224818336964,2,3.522224818336964,True
5,280.0,16-24,0.0,not_volunteered,0.5586967360272503,0.27261297852647154,0.0,0.7273870214735284,2.4279061195131555,26,81.9033401589196,14,45.759128816518,True
5,280.0,16-24,1.0,once_or_one_off,0.25466798650591843,0.0,0.1811385533501213,0.8188614466498786,2.3531081834428016,26,81.9033401589196,5,20.858158726381387,True
5,280.0,16-24,2.0,a_few_times,0.06598855294267388,0.0,0.0,1.0,3.426161622789776,26,81.9033401589196,2,5.404682898258693,True
5,280.0,16-24,3.0,monthly,0.09660577586151714,0.0,0.0,1.0,4.466488076824842,26,81.9033401589196,4,7.912335721702183,True
5,280.0,16-24,4.0,weekly,0.024040948662640275,1.0,0.0,0.0,0.0,26,81.9033401589196,1,1.9690339960593497,True
5,280.0,25-34,0.0,not_volunteered,0.734458301650976,0.1959764469584059,0.13585455027784274,0.668169002763751,1.736758049653126,119,223.30901411845286,93,164.0111592527927,False
5,280.0,25-34,1.0,once_or_one_off,0.09524810123330987,0.05869310575786027,0.0,0.9413068942421398,2.891962696652157,119,223.30901411845286,12,21.26975958306502,True
5,280.0,25-34,2.0,a_few_times,0.04551923432046406,0.0,0.0,1.0,2.6572379899480807,119,223.30901411845286,6,10.164855339529673,True
5,280.0,25-34,3.0,monthly,0.0775058667352833,0.2187020078959288,0.0,0.7812979921040712,3.237035599311625,119,223.30901411845286,3,17.307758689052303,True
5,280.0,25-34,4.0,weekly,0.04726849605996673,0.0,0.44089945849191203,0.5591005415080879,3.121813401113177,119,223.30901411845286,5,10.555481254013145,True
5,280.0,35-44,0.0,not_volunteered,0.7667123499978564,0.08739598736182858,0.11473784614606773,0.7978661664921036,1.541235477092435,87,177.91583577932488,67,136.4102685521989,False
5,280.0,35-44,1.0,once_or_one_off,0.11122105867155975,0.29114619107582,0.0,0.7088538089241799,1.376516076885349,87,177.91583577932488,7,19.787987609811882,True
5,280.0,35-44,2.0,a_few_times,0.07656207395601786,0.0,0.0,1.0,2.6424969104876777,87,177.91583577932488,8,13.6216053768834,True
5,280.0,35-44,3.0,monthly,0.021476804492875746,0.0,0.7550820040720355,0.24491799592796457,0.24491799592796457,87,177.91583577932488,3,3.8210636212191478,True
5,280.0,35-44,4.0,weekly,0.02402771288169008,0.0,0.0,1.0,4.49119148092871,87,177.91583577932488,2,4.274910619211541,True
5,280.0,45-54,0.0,not_volunteered,0.8373218787312372,0.1433331104887665,0.19676322023501222,0.6599036692762211,1.5877596686852027,54,89.09789737106749,42,74.60361881774519,False
5,280.0,45-54,1.0,once_or_one_off,0.008614328078853121,0.0,1.0,0.0,0.0,54,89.09789737106749,1,0.7675185190903604,True
5,280.0,45-54,2.0,a_few_times,0.08636759563581399,0.0,0.0,1.0,2.356721384288438,54,89.09789737106749,4,7.695171172145611,True
5,280.0,45-54,3.0,monthly,0.04553543496368652,0.0,0.0,1.0,3.2853600587950242,54,89.09789737106749,4,4.05711151114146,True
5,280.0,45-54,4.0,weekly,0.022160762590409225,0.0,0.0,1.0,3.0397300037791046,54,89.09789737106749,3,1.9744773509448728,True
5,280.0,55-64,0.0,not_volunteered,0.8014585970193523,0.1998709579677648,0.07243358007636101,0.7276954619558742,1.3663734174386928,45,76.05980779020561,34,60.958786841099794,False
5,280.0,55-64,1.0,once_or_one_off,0.038328874644993474,0.0,0.0,1.0,5.44986332226541,45,76.05980779020561,2,2.9152868383130888,True
5,280.0,55-64,2.0,a_few_times,0.0919737717832028,0.4456659921355282,0.0,0.5543340078644718,2.2021008185066284,45,76.05980779020561,5,6.995507403570642,True
5,280.0,55-64,3.0,monthly,0.03211829911038879,0.0,0.30887529111699,0.6911247088830099,1.3822494177660198,45,76.05980779020561,2,2.4429116568845033,True
5,280.0,55-64,4.0,weekly,0.03612045744206266,0.18060278452670758,0.0,0.8193972154732924,1.6387944309465847,45,76.05980779020561,2,2.747315050337588,True
5,280.0,65-74,0.0,not_volunteered,0.6707923328943907,0.2587328978506574,0.08425244994697097,0.6570146522023714,1.5079090660923111,26,53.13918201192478,19,35.645355869878664,True
5,280.0,65-74,1.0,once_or_one_off,0.11490616423046415,0.35887695303723455,0.0,0.6411230469627655,3.205615234813827,26,53.13918201192478,2,6.106019575334756,True
5,280.0,65-74,2.0,a_few_times,0.02035650149008993,1.0,0.0,0.0,0.0,26,53.13918201192478,1,1.0817278378079067,True
5,280.0,65-74,3.0,monthly,0.05642214377199625,0.0,0.0,1.0,2.411983135310802,26,53.13918201192478,2,2.9982265674030972,True
5,280.0,65-74,4.0,weekly,0.137522857613059,0.0,0.0,1.0,1.0,26,53.13918201192478,2,7.307852161500357,True
5,280.0,75-84,0.0,not_volunteered,0.7721661344524274,0.6136609048101054,0.0,0.38633909518989473,0.6562482747335516,6,25.162602880104558,4,19.429709798691853,True
5,280.0,75-84,3.0,monthly,0.2278338655475726,0.0,0.0,1.0,1.0,6,25.162602880104558,2,5.732893081412705,True
5,293.0,16-24,0.0,not_volunteered,0.7710591464839182,0.2291755261839971,0.25610698073183374,0.514717493084169,1.176001802487264,38,103.62894205524685,28,79.90404361215005,True
5,293.0,16-24,1.0,once_or_one_off,0.05009653301111895,0.4337741366551199,0.0,0.56622586334488,1.6160490703307167,38,103.62894205524685,3,5.191450716578007,True
5,293.0,16-24,2.0,a_few_times,0.026342125018101046,0.0,0.0,1.0,3.706294788478243,38,103.62894205524685,2,2.7298065471128616,True
5,293.0,16-24,3.0,monthly,0.08912598773125023,0.24587830799632546,0.0,0.7541216920036746,1.5082433840073493,38,103.62894205524685,3,9.236031818218372,True
5,293.0,16-24,4.0,weekly,0.06337620775561179,0.9224789827042418,0.07752101729575821,0.0,0.0,38,103.62894205524685,2,6.56760936118758,True
5,293.0,25-34,0.0,not_volunteered,0.8342472804698859,0.28832876448095485,0.11278869057834708,0.598882544940698,1.6292666642377078,73,118.27162910526702,66,98.66778493781203,False
5,293.0,25-34,1.0,once_or_one_off,0.021826420708894633,0.0,0.6577022161158369,0.34229778388416304,1.0268933516524892,73,118.27162910526702,2,2.5814463347779055,True
5,293.0,25-34,2.0,a_few_times,0.13035751501623233,0.0,0.0,1.0,2.2826023164122735,73,118.27162910526702,3,15.417595667084106,True
5,293.0,25-34,3.0,monthly,0.006562984057604746,0.0,0.0,1.0,6.0,73,118.27162910526702,1,0.7762148162848089,True
5,293.0,25-34,4.0,weekly,0.007005799747382293,0.0,1.0,0.0,0.0,73,118.27162910526702,1,0.828587349308172,True
5,293.0,35-44,0.0,not_volunteered,0.8019858294857356,0.17895001427845714,0.05010472060896566,0.770945265112577,2.1174337413266917,54,86.24459275926212,44,69.1669412626963,False
5,293.0,35-44,2.0,a_few_times,0.05725587266996203,0.32694817164391526,0.08456788658795206,0.5884839417681328,1.5776131424976512,54,86.24459275926212,4,4.938009421497041,True
5,293.0,35-44,3.0,monthly,0.11852313885316547,0.187684740310029,0.0,0.8123152596899712,1.6839193009546758,54,86.24459275926212,4,10.221979842940733,True
5,293.0,35-44,4.0,weekly,0.022235158991136872,0.0,0.0,1.0,3.2047281259511817,54,86.24459275926212,2,1.9176622321280452,True
5,293.0,45-54,0.0,not_volunteered,0.8736342410120223,0.1865404315528483,0.12137502644578126,0.6920845420013704,1.3636052472149223,68,101.15645462656852,57,88.37374246114925,False
5,293.0,45-54,1.0,once_or_one_off,0.06597733514364461,0.078263274866753,0.28606742694445614,0.6356692981887908,2.0618928860624237,68,101.15645462656852,6,6.67403330883999,True
5,293.0,45-54,2.0,a_few_times,0.028051767198917655,0.0,0.0,1.0,2.7178611346841177,68,101.15645462656852,2,2.837617315852377,True
5,293.0,45-54,4.0,weekly,0.032336656645415775,0.0,0.0,1.0,2.0632213100705306,68,101.15645462656852,3,3.2710615407269263,True
5,293.0,55-64,0.0,not_volunteered,0.7952985188034931,0.4257896458972346,0.07943996491156927,0.494770389191196,0.7143818699412706,44,52.510265314517085,36,41.76133622661388,False
5,293.0,55-64,1.0,once_or_one_off,0.008882971672087885,0.0,0.0,1.0,1.0,44,52.510265314517085,1,0.4664471992826743,True
5,293.0,55-64,2.0,a_few_times,0.008587890836016914,0.0,0.0,1.0,8.0,44,52.510265314517085,1,0.4509524262913581,True
5,293.0,55-64,3.0,monthly,0.1620901476639356,0.0,0.0,1.0,1.116724741531937,44,52.510265314517085,5,8.511396658702509,True
5,293.0,55-64,4.0,weekly,0.025140471024466676,0.0,0.0,1.0,8.0,44,52.510265314517085,1,1.3201328036266744,True
5,293.0,65-74,0.0,not_volunteered,0.9519104230522871,0.36906454245651754,0.2082903083408412,0.4226451492026411,0.8801803119859288,41,61.20528074699472,38,58.26194468890574,False
5,293.0,65-74,1.0,once_or_one_off,0.031664049225483645,0.0,0.0,1.0,1.7545812053540948,41,61.20528074699472,2,1.938007022432387,True
5,293.0,65-74,3.0,monthly,0.01642552772222925,0.0,0.0,1.0,7.0,41,61.20528074699472,1,1.005329035656586,True
5,293.0,75-84,0.0,not_volunteered,0.9385209837709471,0.582652032858172,0.04715249225430866,0.37019547488751936,0.2218005136120184,20,44.20286639018701,19,41.485317650014046,True
5,293.0,75-84,1.0,once_or_one_off,0.061479016229052975,0.0,1.0,0.0,0.0,20,44.20286639018701,1,2.7175487401729677,True
5,293.0,85+,0.0,not_volunteered,1.0,0.41226023301247283,0.0,0.5877397669875272,0.5877397669875272,2,4.5863251547563575,2,4.5863251547563575,True
6,8.0,16-24,0.0,not_volunteered,0.8324282536198029,0.2192410457730006,0.21583097602190052,0.5649279782050989,0.8864434148203985,53,72.11126295078672,44,60.02745268444178,False
6,8.0,16-24,1.0,once_or_one_off,0.023247008617418113,0.0,0.0,1.0,1.0,53,72.11126295078672,1,1.6763711512298425,True
6,8.0,16-24,2.0,a_few_times,0.05888257842106792,0.05493618911594723,0.0,0.9450638108840528,2.6174926032675336,53,72.11126295078672,4,4.246097095741949,True
6,8.0,16-24,3.0,monthly,0.033456585366579264,0.0,0.0,1.0,2.1386363742701504,53,72.11126295078672,2,2.4125966248048405,True
6,8.0,16-24,4.0,weekly,0.05198557397513164,0.08568293970925553,0.0,0.9143170602907446,6.400219422035211,53,72.11126295078672,2,3.748745394568293,True
6,8.0,25-34,0.0,not_volunteered,0.9858360481793711,0.3473822358077147,0.07574265950298756,0.5768751046892976,1.1966456742638374,71,67.72533660801041,68,66.76607820325867,False
6,8.0,25-34,1.0,once_or_one_off,0.006539869956187263,0.0,0.0,1.0,5.0,71,67.72533660801041,1,0.4429148941553967,True
6,8.0,25-34,2.0,a_few_times,0.004226868852718088,1.0,0.0,0.0,0.0,71,67.72533660801041,1,0.2862661158482473,True
6,8.0,25-34,4.0,weekly,0.0033972130117234036,1.0,0.0,0.0,0.0,71,67.72533660801041,1,0.2300773947480803,True
6,8.0,35-44,0.0,not_volunteered,0.8852924317017876,0.4767689497857159,0.1496652453953011,0.37356580481898294,0.6378301575858458,107,111.54083942949798,94,98.7462609725989,False
6,8.0,35-44,1.0,once_or_one_off,0.04813230150773617,0.0,0.14062990807955003,0.8593700919204499,2.57811027576135,107,111.54083942949798,3,5.368717313846584,True
6,8.0,35-44,2.0,a_few_times,0.02719822929811349,0.0,0.0,1.0,2.523537252685901,107,111.54083942949798,4,3.0337133269075442,True
6,8.0,35-44,3.0,monthly,0.004613466854836624,0.0,0.0,1.0,3.0,107,111.54083942949798,1,0.514589965668643,True
6,8.0,35-44,4.0,weekly,0.03476357063752623,0.44211929138420125,0.0,0.5578807086157989,1.1068276990821255,107,111.54083942949798,5,3.8775578504763235,True
6,8.0,45-54,0.0,not_volunteered,0.8715144159895244,0.3566145108094323,0.059783245549338615,0.583602243641229,1.202549684681648,82,86.45875575428892,74,75.35005202838003,False
6,8.0,45-54,1.0,once_or_one_off,0.02057677619525662,0.0,0.0,1.0,1.2842793262540506,82,86.45875575428892,2,1.7790424672763585,True
6,8.0,45-54,2.0,a_few_times,0.03292130351611673,0.0,0.0,1.0,1.0,82,86.45875575428892,1,2.8463349398127495,True
6,8.0,45-54,3.0,monthly,0.01931037092078917,0.0,0.771967074888609,0.22803292511139098,0.0,82,86.45875575428892,2,1.669550642965234,True
6,8.0,45-54,4.0,weekly,0.05567713337831311,0.23268478294327696,0.0,0.7673152170567229,2.301945651170169,82,86.45875575428892,3,4.81377567585454,True
6,8.0,55-64,0.0,not_volunteered,0.9195444037826795,0.399932369343726,0.2343160262019089,0.36575160445436544,0.44314465333158115,40,43.86878793173585,36,40.33929844335685,False
6,8.0,55-64,1.0,once_or_one_off,0.006936453073231523,0.0,1.0,0.0,0.0,40,43.86878793173585,1,0.3042937888680311,True
6,8.0,55-64,2.0,a_few_times,0.010327854737814906,1.0,0.0,0.0,0.0,40,43.86878793173585,1,0.4530704692829755,True
6,8.0,55-64,3.0,monthly,0.0631912884062736,0.0,0.0,1.0,2.0,40,43.86878793173585,2,2.772125230227975,True
6,8.0,65-74,0.0,not_volunteered,0.7962613037720987,0.48748145007213756,0.144073957530571,0.36844459239729155,0.20711422044401717,20,16.42519308743672,17,13.078745662510826,True
6,8.0,65-74,1.0,once_or_one_off,0.13736804441237363,0.0,1.0,0.0,0.0,20,16.42519308743672,1,2.2562966535168196,True
6,8.0,65-74,4.0,weekly,0.06637065181552772,0.0,0.0,1.0,5.11182295013006,20,16.42519308743672,2,1.0901507714090752,True
6,8.0,75-84,0.0,not_volunteered,1.0,0.5390442382344622,0.16132633389464734,0.2996294278708903,0.5985485389128855,11,18.2118125988475,11,18.2118125988475,True
6,8.0,85+,0.0,not_volunteered,1.0,1.0,0.0,0.0,0.0,2,2.5948197726796938,2,2.5948197726796938,True
6,9.0,16-24,0.0,not_volunteered,0.8934678914430703,0.07295946819372805,0.11567597876397112,0.8113645530423007,2.163175199430713,41,109.41446887247331,36,97.75831479685218,False
6,9.0,16-24,1.0,once_or_one_off,0.06455320709026575,0.18456878788699183,0.0,0.8154312121130082,1.6308624242260163,41,109.41446887247331,2,7.063054867796206,True
6,9.0,16-24,3.0,monthly,0.011101696242402603,0.0,0.0,1.0,5.0,41,109.41446887247331,1,1.2146861979460135,True
6,9.0,16-24,4.0,weekly,0.030877205224261583,0.0,0.45024815935952667,0.5497518406404733,0.5497518406404733,41,109.41446887247331,2,3.378413009878939,True
6,9.0,25-34,0.0,not_volunteered,0.8907886259381759,0.4615211475880043,0.12493166060837814,0.41354719180361743,0.8417980496479095,78,156.49636986798973,69,139.40518627901912,False
6,9.0,25-34,1.0,once_or_one_off,0.047397100257347724,0.0,0.0,1.0,1.120327651820176,78,156.49636986798973,3,7.41747413254408,True
6,9.0,25-34,2.0,a_few_times,0.01886935440680967,0.0,1.0,0.0,0.0,78,156.49636986798973,1,2.952985466418268,True
6,9.0,25-34,3.0,monthly,0.0049844289416411955,0.0,0.0,1.0,1.0,78,156.49636986798973,1,0.7800450352317931,True
6,9.0,25-34,4.0,weekly,0.03796049045602534,0.0,0.0,1.0,2.021853335415535,78,156.49636986798973,4,5.940678954776436,True
6,9.0,35-44,0.0,not_volunteered,0.9135602650933815,0.3362282329681453,0.07164264727897655,0.5921291197528782,1.147254483295549,104,182.91383315270545,97,167.10280990423215,False
6,9.0,35-44,1.0,once_or_one_off,0.006574516501382213,0.0,0.0,1.0,2.0,104,182.91383315270545,2,1.202570014393535,True
6,9.0,35-44,2.0,a_few_times,0.00927953853595278,0.0,0.0,1.0,1.4771095291123237,104,182.91383315270545,2,1.6973559634993676,True
6,9.0,35-44,4.0,weekly,0.0705856798692835,0.0,0.6546046546154296,0.3453953453845704,1.2991443856226739,104,182.91383315270545,3,12.911097270580402,True
6,9.0,45-54,0.0,not_volunteered,0.9214326070381385,0.21334559632709596,0.06453032117444867,0.7221240824984552,1.4258705454597336,60,114.35857410013962,55,105.37371907025579,False
6,9.0,45-54,2.0,a_few_times,0.014004254982963971,0.0,0.0,1.0,1.447777561266537,60,114.35857410013962,2,1.601506631186535,True
6,9.0,45-54,3.0,monthly,0.03197958305504102,0.0,0.5293173506059634,0.4706826493940366,0.0,60,114.35857410013962,2,3.657139518491478,True
6,9.0,45-54,4.0,weekly,0.032583554923856596,0.0,0.0,1.0,3.0,60,114.35857410013962,1,3.726208880205824,True
6,9.0,55-64,0.0,not_volunteered,0.8581342862805279,0.06986654511863405,0.17243313200275143,0.7577003228786144,1.0801583665764862,59,96.06615323344447,48,82.43765984069769,False
6,9.0,55-64,1.0,once_or_one_off,0.047527739512369035,0.0,0.0,1.0,0.5432106449142831,59,96.06615323344447,4,4.565807106834477,True
6,9.0,55-64,2.0,a_few_times,0.02833672517008954,0.0,0.0,1.0,1.0,59,96.06615323344447,2,2.7222001823238244,True
6,9.0,55-64,3.0,monthly,0.02744278321930685,0.40531242539898704,0.31969300856824323,0.2749945660327697,1.099978264131079,59,96.06615323344447,3,2.6363226178981303,True
6,9.0,55-64,4.0,weekly,0.038558465817706916,0.0,0.0,1.0,1.0,59,96.06615323344447,2,3.704163485690363,True
6,9.0,65-74,0.0,not_volunteered,0.6578336943664339,0.14642582643756927,0.07121328566041284,0.7823608879020179,1.3064149061560744,37,66.42432666024456,27,43.69616020271149,True
6,9.0,65-74,2.0,a_few_times,0.11373100327667728,0.0,0.0,1.0,1.0,37,66.42432666024456,2,7.554505313047356,True
6,9.0,65-74,3.0,monthly,0.10985637971089551,0.0,0.0,1.0,0.7036849444360599,37,66.42432666024456,3,7.297136051628386,True
6,9.0,65-74,4.0,weekly,0.11857892264599344,0.0,0.0,1.0,2.0413299348200966,37,66.42432666024456,5,7.87652509285734,True
6,9.0,75-84,0.0,not_volunteered,0.9505409193569145,0.2852028888254651,0.19292409105480288,0.5218730201197321,0.6861058469913662,16,67.82303545025562,15,64.46857047046258,True
6,9.0,75-84,4.0,weekly,0.049459080643085705,0.0,0.0,1.0,5.0,16,67.82303545025562,1,3.354464979793053,True
6,9.0,85+,0.0,not_volunteered,1.0,0.6100698598518507,0.0,0.38993014014814925,0.2861671979153053,7,20.212837314119557,7,20.212837314119557,True
6,17.0,16-24,0.0,not_volunteered,0.830154099137932,0.33535099086187403,0.09163273995212673,0.5730162691859995,0.9551063237814165,22,49.407688928842816,17,41.01599549321069,True
6,17.0,16-24,1.0,once_or_one_off,0.10466480258651317,0.0,0.0,1.0,2.2745136558592853,22,49.407688928842816,2,5.171246007993186,True
6,17.0,16-24,2.0,a_few_times,0.019640145819482004,0.0,0.0,1.0,2.0,22,49.407688928842816,1,0.9703742151660796,True
6,17.0,16-24,3.0,monthly,0.030433383532501346,0.0,1.0,0.0,0.0,22,49.407688928842816,1,1.503643146625994,True
6,17.0,16-24,4.0,weekly,0.015107568923571173,1.0,0.0,0.0,0.0,22,49.407688928842816,1,0.7464300658468572,True
6,17.0,25-34,0.0,not_volunteered,0.9209086996594311,0.11827571690727967,0.25756611012054526,0.624158172972175,0.9599450773270041,65,94.70731298936298,61,87.21678845327301,False
6,17.0,25-34,1.0,once_or_one_off,0.018241315918284238,0.0,0.0,1.0,3.0,65,94.70731298936298,1,1.7275860160107943,True
6,17.0,25-34,3.0,monthly,0.031184751674608303,0.0,0.0,1.0,1.0,65,94.70731298936298,1,2.95342403734269,True
6,17.0,25-34,4.0,weekly,0.029665232747676355,0.0,0.0,1.0,1.884430209928028,65,94.70731298936298,2,2.8095144827364846,True
6,17.0,35-44,0.0,not_volunteered,0.8607413058510007,0.2712458520411463,0.13628261298326788,0.5924715349755858,1.0446371363231923,74,95.63950913527742,64,82.3208759840474,False
6,17.0,35-44,1.0,once_or_one_off,0.06299208342800247,0.0,0.5511706780606859,0.4488293219393141,0.8976586438786281,74,95.63950913527742,3,6.0245319384626,True
6,17.0,35-44,2.0,a_few_times,0.04200065503597968,0.49431731016289937,0.0,0.5056826898371006,0.7453330049313097,74,95.63950913527742,4,4.016922031001214,True
6,17.0,35-44,3.0,monthly,0.025992443443753243,0.1178407714595992,0.0,0.8821592285404007,2.646477685621202,74,95.63950913527742,2,2.48590453218702,True
6,17.0,35-44,4.0,weekly,0.00827351224126379,0.0,0.0,1.0,3.0,74,95.63950913527742,1,0.7912746495791779,True
6,17.0,45-54,0.0,not_volunteered,0.8840450764682813,0.32577665911961173,0.16363107657830955,0.5105922643020788,0.8360255594325668,68,98.79961317068633,60,87.34331158051602,False
6,17.0,45-54,1.0,once_or_one_off,0.00955223073181362,0.0,0.0,1.0,3.0,68,98.79961317068633,1,0.9437567012203276,True
6,17.0,45-54,2.0,a_few_times,0.010934434506678005,0.0,0.0,1.0,2.0,68,98.79961317068633,1,1.0803178994999914,True
6,17.0,45-54,3.0,monthly,0.011047546829051309,0.0,0.0,1.0,1.0,68,98.79961317068633,1,1.0914933531953117,True
6,17.0,45-54,4.0,weekly,0.08442071146417576,0.18891376969876403,0.0,0.8110862303012359,2.045286588372476,68,98.79961317068633,5,8.34073363625469,True
6,17.0,55-64,0.0,not_volunteered,0.8883586279858955,0.2278812466455466,0.10982695557358582,0.6622917977808676,1.182747984063106,60,73.71208152517919,54,65.48276360969265,False
6,17.0,55-64,1.0,once_or_one_off,0.023184725352886407,0.0,0.0,1.0,1.0,60,73.71208152517919,2,1.7089943653508517,True
6,17.0,55-64,2.0,a_few_times,0.012438239909975947,0.0,0.0,1.0,2.0,60,73.71208152517919,1,0.9168485542738845,True
6,17.0,55-64,3.0,monthly,0.060780842303231865,1.0,0.0,0.0,0.0,60,73.71208152517919,2,4.480282403024887,True
6,17.0,55-64,4.0,weekly,0.015237564448010535,0.0,0.0,1.0,0.0,60,73.71208152517919,1,1.1231925928369246,True
6,17.0,65-74,0.0,not_volunteered,0.9311182215347985,0.39128440525951375,0.06539238966558551,0.543323205074901,0.6518647113958672,38,51.04618727083231,35,47.530035107749654,False
6,17.0,65-74,1.0,once_or_one_off,0.01295744113562741,0.0,0.0,1.0,1.0,38,51.04618727083231,1,0.6614279667600229,True
6,17.0,65-74,2.0,a_few_times,0.025656109568397287,0.0,0.0,1.0,0.0,38,51.04618727083231,1,1.3096465736694007,True
6,17.0,65-74,4.0,weekly,0.030268227761176745,0.0,1.0,0.0,0.0,38,51.04618727083231,1,1.5450776226532337,True
6,17.0,75-84,0.0,not_volunteered,0.9746508407775822,0.4312960617188437,0.08314712104715985,0.4855568172339965,0.5801657072668207,20,55.71684383078125,19,54.304468685144194,True
6,17.0,75-84,2.0,a_few_times,0.025349159222417723,0.0,1.0,0.0,0.0,20,55.71684383078125,1,1.4123751456370566,True
6,17.0,85+,0.0,not_volunteered,1.0,0.6506051113440472,0.06857483172354414,0.2808200569324087,0.5960494598420204,9,16.213527937266836,9,16.213527937266836,True
6,30.0,16-24,0.0,not_volunteered,0.756264962646424,0.2900442052741607,0.21877715285419733,0.49117864187164195,0.6603784548012509,53,130.91146005063447,38,99.00375044518191,False
6,30.0,16-24,1.0,once_or_one_off,0.005202286366857383,0.0,0.0,1.0,1.0,53,130.91146005063447,1,0.6810389038868108,True
6,30.0,16-24,2.0,a_few_times,0.07317038702783114,0.0,0.26066950256662796,0.7393304974333721,1.1674720884951628,53,130.91146005063447,5,9.578842198283379,True
6,30.0,16-24,3.0,monthly,0.014772674426344369,0.0,0.0,1.0,2.0,53,130.91146005063447,1,1.9339123780054104,True
6,30.0,16-24,4.0,weekly,0.15058968953254306,0.15918076405788617,0.1702399572221615,0.6705792787199523,1.0413543502739155,53,130.91146005063447,8,19.71391612527696,True
6,30.0,25-34,0.0,not_volunteered,0.863800041139047,0.29137414032041736,0.07399306015959756,0.6346327995199852,1.3296151366019842,73,154.08633633669913,64,133.09978366660573,False
6,30.0,25-34,1.0,once_or_one_off,0.009554289262207213,0.7470984102310344,0.0,0.2529015897689655,0.505803179537931,73,154.08633633669913,2,1.4721854287145737,True
6,30.0,25-34,2.0,a_few_times,0.06588562329908813,0.0,0.8030244776360276,0.19697552236397242,0.7585693746550605,73,154.08633633669913,3,10.152074311416355,True
6,30.0,25-34,3.0,monthly,0.0027413879010661003,0.0,0.0,1.0,0.0,73,154.08633633669913,1,0.4224104181530288,True
6,30.0,25-34,4.0,weekly,0.05801865839859143,0.0,0.47037814058640964,0.5296218594135903,0.1251860717576637,73,154.08633633669913,3,8.939882511809413,True
6,30.0,35-44,0.0,not_volunteered,0.8494288337786153,0.33588374981254804,0.12735936010554896,0.5367568900819031,0.9631453703667896,95,143.416417809111,82,121.82204052429981,False
6,30.0,35-44,1.0,once_or_one_off,0.03345620393814264,0.0,0.22886094170759108,0.7711390582924089,4.6268343497544535,95,143.416417809111,2,4.79816892229949,True
6,30.0,35-44,2.0,a_few_times,0.08561559258913917,0.0,0.0,1.0,1.7950521739429504,95,143.416417809111,7,12.278681597738611,True
6,30.0,35-44,3.0,monthly,0.01250648228607312,0.0,0.0,1.0,4.947319596863217,95,143.416417809111,2,1.7936348888617082,True
6,30.0,35-44,4.0,weekly,0.018992887408029954,0.8577625718178397,0.0,0.14223742818216034,0.2844748563643207,95,143.416417809111,2,2.7238918759114275,True
6,30.0,45-54,0.0,not_volunteered,0.8843935877575915,0.3477544828915971,0.10354644423168172,0.5486990728767213,0.986564200824221,51,86.28985920386889,44,76.31419816840703,False
6,30.0,45-54,1.0,once_or_one_off,0.04088092237955038,0.751076478509036,0.0,0.2489235214909639,0.9956940859638556,51,86.28985920386889,2,3.527609036255695,True
6,30.0,45-54,2.0,a_few_times,0.028997038075946648,0.14458816243137115,0.0,0.8554118375686288,5.132471025411773,51,86.28985920386889,2,2.5021503329026613,True
6,30.0,45-54,3.0,monthly,0.011885490884647968,0.0,0.0,1.0,1.0,51,86.28985920386889,1,1.0255973350051402,True
6,30.0,45-54,4.0,weekly,0.033842960902263436,0.38844696559240965,0.0,0.6115530344075903,0.0,51,86.28985920386889,2,2.920304331298351,True
6,30.0,55-64,0.0,not_volunteered,0.8969005319823017,0.44551614714800825,0.027505218055431352,0.5269786347965604,0.8288392619650427,46,65.3127060388483,41,58.57900079144673,False
6,30.0,55-64,2.0,a_few_times,0.059383954818595416,0.0,0.0,1.0,0.8589909317446953,46,65.3127060388483,2,3.8785267844911715,True
6,30.0,55-64,3.0,monthly,0.03730744817025679,0.8142385545184143,0.0,0.1857614454815856,0.3715228909631712,46,65.3127060388483,2,2.4366503954035506,True
6,30.0,55-64,4.0,weekly,0.006408065028845928,0.0,0.0,1.0,2.0,46,65.3127060388483,1,0.4185280675068381,True
6,30.0,65-74,0.0,not_volunteered,0.9700489892823803,0.2083255152551184,0.15846062469453867,0.6332138600503429,0.8107809059913165,33,57.23741683170152,31,55.523098346726364,False
6,30.0,65-74,3.0,monthly,0.029951010717619842,0.0,0.0,1.0,1.88360131286629,33,57.23741683170152,2,1.7143184849751667,True
6,30.0,75-84,0.0,not_volunteered,0.7819385173639213,0.5013593727940043,0.11365519511688502,0.3849854320891105,0.1298766119919071,14,37.62507011691018,12,29.420491542930325,True
6,30.0,75-84,2.0,a_few_times,0.21806148263607872,1.0,0.0,0.0,0.0,14,37.62507011691018,2,8.204578573979854,True
6,30.0,85+,0.0,not_volunteered,0.8747668941176402,0.0,0.20505600706772845,0.7949439929322716,1.473708065238701,4,8.966747176927498,3,7.843813578298986,True
6,30.0,85+,3.0,monthly,0.1252331058823597,1.0,0.0,0.0,0.0,4,8.966747176927498,1,1.1229335986285112,True
6,35.0,16-24,0.0,not_volunteered,0.8719243387184613,0.1280389933933382,0.21328612952909215,0.6586748770775698,0.9406776193274817,12,41.3259686385485,10,36.033117877066275,True
6,35.0,16-24,3.0,monthly,0.12807566128153883,0.0,0.0,1.0,1.0,12,41.3259686385485,2,5.292850761482234,True
6,35.0,25-34,0.0,not_volunteered,0.9491045768108509,0.08261231690981356,0.024751750160798443,0.892635932929388,2.064003506987751,38,73.54439197902202,35,69.80131902606104,False
6,35.0,25-34,2.0,a_few_times,0.02537836728142238,0.0,0.0,1.0,2.0,38,73.54439197902202,1,1.8664365911325151,True
6,35.0,25-34,3.0,monthly,0.012827872267015185,0.0,0.0,1.0,4.0,38,73.54439197902202,1,0.9434180662621906,True
6,35.0,25-34,4.0,weekly,0.01268918364071119,0.0,0.0,1.0,2.0,38,73.54439197902202,1,0.9332182955662576,True
6,35.0,35-44,0.0,not_volunteered,0.9319516954030458,0.1911058548898997,0.16065842086429447,0.6482357242458057,1.3376303668476428,64,112.73275623690544,58,105.06148330244231,False
6,35.0,35-44,1.0,once_or_one_off,0.026619598301808912,0.0,0.0,1.0,5.0,64,112.73275623690544,1,3.0009006864821663,True
6,35.0,35-44,2.0,a_few_times,0.02218724191198067,0.4789454939828764,0.0,0.5210545060171236,2.734951648027726,64,112.73275623690544,3,2.501228934032569,True
6,35.0,35-44,4.0,weekly,0.019241464383164666,0.0,0.0,1.0,3.235305359061263,64,112.73275623690544,2,2.1691433139484007,True
6,35.0,45-54,0.0,not_volunteered,0.855169573234411,0.23359898703085621,0.11933485769030196,0.6470661552788417,1.4689637329375722,77,159.4898038150821,66,136.3908274637837,False
6,35.0,45-54,1.0,once_or_one_off,0.034701489086908184,0.0,0.0,1.0,1.3916156707699439,77,159.4898038150821,2,5.534533686562199,True
6,35.0,45-54,2.0,a_few_times,0.02285658380404711,0.0,0.0,1.0,3.7732185134913876,77,159.4898038150821,3,3.6453920667904565,True
6,35.0,45-54,3.0,monthly,0.024720447444913078,0.0,0.0,1.0,1.1438025267612155,77,159.4898038150821,3,3.9426593132102346,True
6,35.0,45-54,4.0,weekly,0.06255190642972065,0.0,0.0,1.0,2.4712280495386443,77,159.4898038150821,3,9.97639128473552,True
6,35.0,55-64,0.0,not_volunteered,0.8885628784182162,0.11243957833207537,0.12441297284317418,0.7631474488247506,0.9291768799271766,51,124.05163155087189,45,110.22767480331873,False
6,35.0,55-64,1.0,once_or_one_off,0.011941909282371451,0.0,0.0,1.0,1.0,51,124.05163155087189,1,1.4814133303106802,True
6,35.0,55-64,2.0,a_few_times,0.005205207472559634,0.0,0.0,1.0,2.0,51,124.05163155087189,1,0.6457144795318128,True
6,35.0,55-64,3.0,monthly,0.024538717628959664,0.0,0.0,1.0,3.0,51,124.05163155087189,1,3.044067958038589,True
6,35.0,55-64,4.0,weekly,0.06975128719789302,0.5103874541811545,0.0,0.4896125458188455,1.0929027072989899,51,124.05163155087189,3,8.652760979672072,True
6,35.0,65-74,0.0,not_volunteered,0.8676402478737734,0.3031496869163787,0.06020474419825561,0.6366455688853656,0.7312162969250943,68,128.5699868510739,62,111.55249526059355,False
6,35.0,65-74,1.0,once_or_one_off,0.03831969419620366,0.0,0.0,1.0,1.0,68,128.5699868510739,2,4.926762578943078,True
6,35.0,65-74,3.0,monthly,0.03959055520013501,0.0,0.0,1.0,1.198530486947554,68,128.5699868510739,2,5.090157161508074,True
6,35.0,65-74,4.0,weekly,0.054449502729887786,0.0,0.0,1.0,1.0,68,128.5699868510739,2,7.000571850029186,True
6,35.0,75-84,0.0,not_volunteered,0.934157427350661,0.24495962693106463,0.09150982634367329,0.663530546725262,1.2719230294199928,24,74.61919499126665,21,69.70607522401899,True
6,35.0,75-84,3.0,monthly,0.06584257264933902,0.0,0.0,1.0,1.0,24,74.61919499126665,3,4.913119767247668,True
6,35.0,85+,0.0,not_volunteered,0.475459647296321,1.0,0.0,0.0,0.0,2,8.982451951407327,1,4.270793436672278,True
6,35.0,85+,2.0,a_few_times,0.524540352703679,1.0,0.0,0.0,0.0,2,8.982451951407327,1,4.711658514735049,True
6,44.0,16-24,0.0,not_volunteered,0.8293521361471523,0.282234875364174,0.06563894498611018,0.6521261796497156,1.02268051220743,58,117.71840982457203,48,97.63001465185474,False
6,44.0,16-24,1.0,once_or_one_off,0.021446821518298534,0.0,1.0,0.0,0.0,58,117.71840982457203,1,2.5246857249255172,True
6,44.0,16-24,2.0,a_few_times,0.02015358941548603,1.0,0.0,0.0,0.0,58,117.71840982457203,3,2.3724484982483416,True
6,44.0,16-24,3.0,monthly,0.006439853807412747,0.0,0.0,1.0,2.0,58,117.71840982457203,1,0.7580893497113443,True
6,44.0,16-24,4.0,weekly,0.1226075991116504,0.3409306762468415,0.0,0.6590693237531586,1.976707652834387,58,117.71840982457203,5,14.433171599832095,True
6,44.0,25-34,0.0,not_volunteered,0.9717174140674425,0.17475019063894343,0.046528800709488796,0.7787210086515678,1.7990811873696089,101,154.08261620015762,98,149.72476136676337,False
6,44.0,25-34,1.0,once_or_one_off,0.021546471398272288,0.0,0.0,1.0,8.0,101,154.08261620015762,1,3.319936682927662,True
6,44.0,25-34,4.0,weekly,0.006736114534285308,0.45531066934597936,0.0,0.5446893306540207,1.0893786613080414,101,154.08261620015762,2,1.0379181504665866,True
6,44.0,35-44,0.0,not_volunteered,0.9516439759184976,0.31444048282149817,0.14549769558329426,0.5400618215952078,1.2371438163296986,65,83.49094843849656,61,79.45365812521715,False
6,44.0,35-44,1.0,once_or_one_off,0.02696998156759649,0.0,0.0,1.0,3.4272685870709108,65,83.49094843849656,2,2.251749340447401,True
6,44.0,35-44,3.0,monthly,0.011523425917715463,0.0,0.0,1.0,6.0,65,83.49094843849656,1,0.9621017591308166,True
6,44.0,35-44,4.0,weekly,0.009862616596190607,0.0,0.0,1.0,4.0,65,83.49094843849656,1,0.8234392137012104,True
6,44.0,45-54,0.0,not_volunteered,0.9370234304685086,0.29883707567432893,0.10963362214262953,0.5915293021830413,1.5761321714480863,59,70.05916253542561,55,65.64707681469532,False
6,44.0,45-54,3.0,monthly,0.025497750410841364,0.42808294341037456,0.0,0.5719170565896254,1.1438341131792509,59,70.05916253542561,3,1.7863510403208505,True
6,44.0,45-54,4.0,weekly,0.0374788191206499,0.0,0.0,1.0,1.0,59,70.05916253542561,1,2.625734680409429,True
6,44.0,55-64,0.0,not_volunteered,0.9390752527451501,0.0866386137829613,0.15638707800239865,0.7569743082146401,1.7426080200658778,55,78.97388961033927,49,74.16242534609694,False
6,44.0,55-64,1.0,once_or_one_off,0.021031269231688916,0.7437058940227721,0.0,0.2562941059772279,0.5125882119544558,55,78.97388961033927,3,1.6609211346687254,True
6,44.0,55-64,2.0,a_few_times,0.007469567721800446,0.0,0.0,1.0,5.0,55,78.97388961033927,1,0.5899008166984218,True
6,44.0,55-64,3.0,monthly,0.01316546568788683,0.0,0.0,1.0,4.0,55,78.97388961033927,1,1.039728033903884,True
6,44.0,55-64,4.0,weekly,0.019258444613473622,0.0,0.0,1.0,7.0,55,78.97388961033927,1,1.5209142789712988,True
6,44.0,65-74,0.0,not_volunteered,0.9120179527280962,0.09963731453391032,0.06630733781814947,0.8340553476479402,1.9172791632316994,36,53.6012560188676,32,48.88530777798217,False
6,44.0,65-74,2.0,a_few_times,0.0201102465067925,0.0,0.0,1.0,5.0,36,53.6012560188676,1,1.0779344716131225,True
6,44.0,65-74,3.0,monthly,0.03206840004692999,0.0,0.0,1.0,1.0,36,53.6012560188676,1,1.7189065210309602,True
6,44.0,65-74,4.0,weekly,0.03580340071818155,0.0,0.0,1.0,2.0471694139780703,36,53.6012560188676,2,1.9191072482413574,True
6,44.0,75-84,0.0,not_volunteered,1.0,0.3169508090545356,0.2284298444196753,0.45461934652578917,0.3281868036763912,15,45.123065541026946,15,45.123065541026946,True
6,44.0,85+,0.0,not_volunteered,1.0,1.0,0.0,0.0,0.0,1,1.1251823256946498,1,1.1251823256946498,True
6,68.0,16-24,0.0,not_volunteered,0.9095828980455097,0.4377799364232113,0.10384509514452286,0.45837496843226583,0.8782972507435938,37,89.9184024068656,32,81.78824104885915,False
6,68.0,16-24,2.0,a_few_times,0.05628991322191974,0.0,0.0,1.0,1.7232215695619044,37,89.9184024068656,2,5.061499068536124,True
6,68.0,16-24,3.0,monthly,0.00884862659211405,0.0,0.0,1.0,1.0,37,89.9184024068656,1,0.795654366657803,True
6,68.0,16-24,4.0,weekly,0.02527856214045656,0.0,0.0,1.0,1.0,37,89.9184024068656,2,2.2730079228125306,True
6,68.0,25-34,0.0,not_volunteered,0.9120342300462917,0.25504004215482495,0.12213505704574035,0.6228249007994345,1.1350124922311695,78,169.88047811235154,71,154.93681105509444,False
6,68.0,25-34,1.0,once_or_one_off,0.02084206143458976,0.0,0.0,1.0,0.7348486707995234,78,169.88047811235154,2,3.540659361355112,True
6,68.0,25-34,2.0,a_few_times,0.008120491479791233,0.0,0.0,1.0,8.0,78,169.88047811235154,1,1.379512975094212,True
6,68.0,25-34,3.0,monthly,0.0076807362997265835,0.0,1.0,0.0,0.0,78,169.88047811235154,1,1.3048071548524458,True
6,68.0,25-34,4.0,weekly,0.05132248073960079,0.03507285561394759,0.0,0.9649271443860525,0.9649271443860525,78,169.88047811235154,3,8.718687565955335,True
6,68.0,35-44,0.0,not_volunteered,0.8313359678195587,0.29497768082423775,0.08781232087615165,0.6172099982996108,0.7629924955769207,89,160.6332871754745,77,133.54022925806018,False
6,68.0,35-44,1.0,once_or_one_off,0.050452916275143575,0.050471455568283745,0.0,0.9495285444317163,3.7208944506204378,89,160.6332871754745,5,8.104417788865309,True
6,68.0,35-44,2.0,a_few_times,0.0098048597291654,0.0,0.47810438062263316,0.5218956193773668,1.0437912387547337,89,160.6332871754745,2,1.574986848590271,True
6,68.0,35-44,3.0,monthly,0.022648971435648226,0.0,0.0,1.0,6.0,89,160.6332871754745,1,3.6381787328516,True
6,68.0,35-44,4.0,weekly,0.08575728474048419,0.0,0.14073648236613792,0.8592635176338621,14.931126792307724,89,160.6332871754745,4,13.775474547107134,True
6,68.0,45-54,0.0,not_volunteered,0.8575319442966017,0.21051579119326103,0.13536118037240488,0.6541230284343342,1.179971581908288,56,133.97117048006976,46,114.88455830146572,False
6,68.0,45-54,1.0,once_or_one_off,0.02208118277698088,0.0,0.0,1.0,5.17268471476889,56,133.97117048006976,2,2.9582419022164856,True
6,68.0,45-54,2.0,a_few_times,0.06460213466545221,0.0,0.0,1.0,3.3285574549654693,56,133.97117048006976,3,8.654823596641723,True
6,68.0,45-54,3.0,monthly,0.025607604612287994,0.0,0.0,1.0,1.568434252713325,56,133.97117048006976,2,3.4306807630990557,True
6,68.0,45-54,4.0,weekly,0.03017713364867724,0.0,0.3118741616212043,0.6881258383787958,1.3762516767575916,56,133.97117048006976,3,4.042865916646788,True
6,68.0,55-64,0.0,not_volunteered,0.8729365916251733,0.23902156376600361,0.19880849113735105,0.5621699450966452,0.9052592056473512,50,103.0533296380703,45,89.95902232988254,False
6,68.0,55-64,1.0,once_or_one_off,0.06604424111921019,0.8097927058700755,0.0,0.1902072941299246,0.5706218823897738,50,103.0533296380703,2,6.806078950754164,True
6,68.0,55-64,3.0,monthly,0.03953566204619145,0.0,1.0,0.0,0.0,50,103.0533296380703,2,4.074281613305512,True
6,68.0,55-64,4.0,weekly,0.02148350520942498,0.0,0.0,1.0,5.0,50,103.0533296380703,1,2.213946744128073,True
6,68.0,65-74,0.0,not_volunteered,0.8497942449259172,0.11028123725623738,0.28393135495019384,0.6057874077935687,0.8326081619712533,42,81.37699701925159,34,69.15370373631352,False
6,68.0,65-74,1.0,once_or_one_off,0.021539975965888997,0.0,0.0,1.0,3.0,42,81.37699701925159,1,1.7528585599708997,True
6,68.0,65-74,2.0,a_few_times,0.044416378187727354,0.0,0.0,1.0,2.567907409762878,42,81.37699701925159,2,3.6144714753886404,True
6,68.0,65-74,3.0,monthly,0.05250352041744027,0.0,0.32125572606015024,0.6787442739398498,2.3183532703626426,42,81.37699701925159,3,4.272578824510251,True
6,68.0,65-74,4.0,weekly,0.03174588050302622,0.0,0.0,1.0,1.4016360687664422,42,81.37699701925159,2,2.583384423068282,True
6,68.0,75-84,0.0,not_volunteered,0.857682725489548,0.285176921328551,0.06651981046756072,0.6483032682038883,1.124065013428709,20,74.58165282180644,18,63.967395263722196,True
6,68.0,75-84,1.0,once_or_one_off,0.06605132745688395,0.0,0.0,1.0,2.0,20,74.58165282180644,1,4.92621717280877,True
6,68.0,75-84,3.0,monthly,0.07626594705356804,0.0,0.0,1.0,0.0,20,74.58165282180644,1,5.6880403852754835,True
6,68.0,85+,3.0,monthly,1.0,1.0,0.0,0.0,0.0,1,3.7920265040707735,1,3.7920265040707735,True
6,78.0,16-24,0.0,not_volunteered,0.8258508938516741,0.3829643227171384,0.0,0.6170356772828616,1.518503987864313,32,94.12023498707961,27,77.72928019360931,True
6,78.0,16-24,1.0,once_or_one_off,0.03618165675499788,0.0,0.0,1.0,2.0,32,94.12023498707961,1,3.405426036002257,True
6,78.0,16-24,2.0,a_few_times,0.1175387221981042,0.06235138396744173,0.2889330672461561,0.6487155487864024,0.6487155487864024,32,94.12023498707961,3,11.062772153366637,True
6,78.0,16-24,4.0,weekly,0.02042872719522384,0.0,0.0,1.0,1.0,32,94.12023498707961,1,1.9227566041014117,True
6,78.0,25-34,0.0,not_volunteered,0.8568595295676061,0.2649277517939696,0.09104491552277406,0.6440273326832562,1.5006932652602685,90,163.42986411904695,80,140.03643648634437,False
6,78.0,25-34,1.0,once_or_one_off,0.05005247447370551,0.21194422306876412,0.0,0.7880557769312357,2.6117361869118585,90,163.42986411904695,4,8.180069102059758,True
6,78.0,25-34,2.0,a_few_times,0.026138315293947008,1.0,0.0,0.0,0.0,90,163.42986411904695,1,4.271781316790566,True
6,78.0,25-34,4.0,weekly,0.06694968066474123,0.9535751778626348,0.0,0.046424822137365325,0.046424822137365325,90,163.42986411904695,5,10.941577213852245,True
6,78.0,35-44,0.0,not_volunteered,0.8851799492876534,0.22203444267271022,0.2137341304824726,0.5642314268448171,1.2890287464643513,79,122.52936894759834,70,108.46054059128328,False
6,78.0,35-44,1.0,once_or_one_off,0.007315893903864835,0.0,0.0,1.0,2.9999999999999996,79,122.52936894759834,2,0.8964118633281399,True
6,78.0,35-44,2.0,a_few_times,0.02195929715154044,0.0,0.28370646105015607,0.7162935389498439,2.8651741557993757,79,122.52936894759834,2,2.6906588225110437,True
6,78.0,35-44,4.0,weekly,0.08554485965694138,0.46601927465572174,0.0,0.5339807253442783,1.6609239311182085,79,122.52936894759834,5,10.481757670475892,True
6,78.0,45-54,0.0,not_volunteered,0.8446827407911934,0.2983262718359999,0.08941298249070989,0.6122607456732903,1.0294393040747691,77,116.03843236149251,67,98.015661084219,False
6,78.0,45-54,1.0,once_or_one_off,0.02880741556139151,0.0,0.0,1.0,2.0,77,116.03843236149251,2,3.3427673421299353,True
6,78.0,45-54,2.0,a_few_times,0.05351316667402131,0.1332236263911398,0.0,0.8667763736088602,0.8667763736088602,77,116.03843236149251,3,6.209583971552697,True
6,78.0,45-54,3.0,monthly,0.05341598588351127,0.0,0.20755630443832038,0.7924436955616796,1.9971261533952736,77,116.03843236149251,3,6.198307264966261,True
6,78.0,45-54,4.0,weekly,0.019580691089882484,0.0,0.0,1.0,2.069415990853336,77,116.03843236149251,2,2.272112698624608,True
6,78.0,55-64,0.0,not_volunteered,0.8260443418601049,0.3166201413225605,0.11444474150298257,0.5689351171744567,0.666624817066415,56,93.65072549955073,45,77.35965190999772,False
6,78.0,55-64,2.0,a_few_times,0.061949364852650846,0.7321875694928446,0.0,0.2678124305071555,0.535624861014311,56,93.65072549955073,4,5.80160296268712,True
6,78.0,55-64,3.0,monthly,0.029574667793065553,0.0,0.4988527576575011,0.5011472423424989,1.4537316879700655,56,93.65072549955073,4,2.769689095228786,True
6,78.0,55-64,4.0,weekly,0.08243162549417901,0.0,0.0,1.0,1.4249700322036274,56,93.65072549955073,3,7.7197815316371265,True
6,78.0,65-74,0.0,not_volunteered,0.7914455662281993,0.4852761812307747,0.04286573302231636,0.4718580857469089,0.6318724911412218,40,81.58782814557753,32,64.57232484400562,False
6,78.0,65-74,1.0,once_or_one_off,0.11996689023264252,0.0,0.0,1.0,1.5605864919908061,40,81.58782814557753,3,9.787838023460202,True
6,78.0,65-74,2.0,a_few_times,0.02603126206547505,0.0,0.0,1.0,1.0,40,81.58782814557753,1,2.12383413581047,True
6,78.0,65-74,3.0,monthly,0.043872406534816485,0.0,0.0,1.0,1.117439902743597,40,81.58782814557753,2,3.57945436469552,True
6,78.0,65-74,4.0,weekly,0.018683874938866828,0.0,0.0,1.0,0.7029498664325997,40,81.58782814557753,2,1.5243767776057298,True
6,78.0,75-84,0.0,not_volunteered,0.9057421479130845,0.28722627504529546,0.38584876801084744,0.32692495694385726,0.2892863981221448,12,38.96944259739553,11,35.296266641140676,True
6,78.0,75-84,3.0,monthly,0.09425785208691544,0.0,0.0,1.0,4.0,12,38.96944259739553,1,3.673175956254849,True
6,91.0,16-24,0.0,not_volunteered,0.8660997981527543,0.3025832659581212,0.004417141631062282,0.6929995924108165,1.0642637598408056,34,75.10122731198514,29,65.04515781593445,True
6,91.0,16-24,1.0,once_or_one_off,0.05903731640697121,0.0,0.29060391251376644,0.7093960874862336,2.128188262458701,34,75.10122731198514,2,4.433774919369535,True
6,91.0,16-24,2.0,a_few_times,0.01042352192249667,0.0,0.0,1.0,2.9999999999999996,34,75.10122731198514,1,0.7828192892928827,True
6,91.0,16-24,3.0,monthly,0.06443936351777785,0.49355754573205335,0.0,0.5064424542679468,0.5064424542679468,34,75.10122731198514,2,4.839475287388277,True
6,91.0,25-34,0.0,not_volunteered,0.9499632698542663,0.23107720964157666,0.175037767759694,0.5938850225987293,1.522249123351775,42,87.68789949372997,37,83.30028372971599,False
6,91.0,25-34,1.0,once_or_one_off,0.006294639064726897,1.0,0.0,0.0,0.0,42,87.68789949372997,1,0.5519636776570785,True
6,91.0,25-34,2.0,a_few_times,0.005644446912841464,0.0,1.0,0.0,0.0,42,87.68789949372997,1,0.4949496935909367,True
6,91.0,25-34,4.0,weekly,0.03809764416816521,0.0,0.0,1.0,2.650591438021576,42,87.68789949372997,3,3.3407023927659587,True
6,91.0,35-44,0.0,not_volunteered,0.934492558981846,0.2959223519011253,0.12601307794053904,0.5780645701583355,1.07036421785483,80,140.29932166887102,73,131.10867212976044,False
6,91.0,35-44,1.0,once_or_one_off,0.0059235576349773765,0.0,0.0,1.0,2.0,80,140.29932166887102,1,0.8310711180537877,True
6,91.0,35-44,2.0,a_few_times,0.0197829883089522,0.0,0.0,1.0,1.1918841410186827,80,140.29932166887102,2,2.7755398403291993,True
6,91.0,35-44,3.0,monthly,0.021211425225121636,0.0,0.0,1.0,0.0,80,140.29932166887102,1,2.975948570714545,True
6,91.0,35-44,4.0,weekly,0.018589469849103105,0.0,0.0,1.0,4.203055340840084,80,140.29932166887102,3,2.6080900100130955,True
6,91.0,45-54,0.0,not_volunteered,0.8381439112726321,0.332927519264404,0.03138950852937229,0.6356829722062235,0.9486444809676907,84,159.0329994229249,69,133.2925401577485,False
6,91.0,45-54,1.0,once_or_one_off,0.0575825510320608,0.0,0.35908009692608783,0.6409199030739121,2.125547860045276,84,159.0329994229249,4,9.157525805052268,True
6,91.0,45-54,2.0,a_few_times,0.0773362253487258,0.0753069710095113,0.0,0.9246930289904889,0.8625463295792122,84,159.0329994229249,7,12.299011881255101,True
6,91.0,45-54,3.0,monthly,0.01314441151994795,0.0,0.0,1.0,1.915275898342156,84,159.0329994229249,2,2.0903951896665696,True
6,91.0,45-54,4.0,weekly,0.013792900826633328,0.0,0.0,1.0,1.590269612503163,84,159.0329994229249,2,2.193526389202438,True
6,91.0,55-64,0.0,not_volunteered,0.9473237808627233,0.27141017434216647,0.14307917447166435,0.5855106511861692,0.9797229553823795,69,126.96876831220088,61,120.28053364899726,False
6,91.0,55-64,1.0,once_or_one_off,0.005916854749276089,0.0,0.0,1.0,3.0,69,126.96876831220088,1,0.7512557597977811,True
6,91.0,55-64,2.0,a_few_times,0.00454198179817602,0.0,0.0,1.0,1.0,69,126.96876831220088,1,0.5766898346108446,True
6,91.0,55-64,3.0,monthly,0.020866264942724515,0.1992052033906523,0.0,0.8007947966093476,1.3120443338193426,69,126.96876831220088,4,2.6493639590537885,True
6,91.0,55-64,4.0,weekly,0.02135111764710017,0.0,0.18503673310847607,0.814963266891524,1.629926533783048,69,126.96876831220088,2,2.710925109741205,True
6,91.0,65-74,0.0,not_volunteered,0.8379828382424483,0.23583211658770845,0.1967129172043641,0.5674549662079273,0.9611615563858389,47,64.85104721163958,42,54.34406460540475,False
6,91.0,65-74,2.0,a_few_times,0.07917570034705869,1.0,0.0,0.0,0.0,47,64.85104721163958,1,5.134627081221732,True
6,91.0,65-74,3.0,monthly,0.04175097453192659,0.0,0.0,1.0,1.618558119362512,47,64.85104721163958,2,2.707594420501933,True
6,91.0,65-74,4.0,weekly,0.04109048687856642,0.0,0.358741676394175,0.6412583236058249,1.923774970817475,47,64.85104721163958,2,2.6647611045111677,True
6,91.0,75-84,0.0,not_volunteered,0.9578950965017936,0.4368814931011463,0.0,0.5631185068988537,0.891202755567228,8,33.965729142307076,7,32.53560539452402,True
6,91.0,75-84,4.0,weekly,0.042104903498206545,0.0,0.0,1.0,1.0,8,33.965729142307076,1,1.4301237477830613,True
6,91.0,85+,0.0,not_volunteered,1.0,1.0,0.0,0.0,0.0,1,2.8948436649597173,1,2.8948436649597173,True
6,107.0,16-24,0.0,not_volunteered,0.8863669690009185,0.27713679968731586,0.08915878348104558,0.6337044168316386,1.1698374792956332,34,66.25746109526965,30,58.728424964710435,False
6,107.0,16-24,1.0,once_or_one_off,0.04784528121330575,0.0,0.0,1.0,2.0,34,66.25746109526965,1,3.170106858582842,True
6,107.0,16-24,2.0,a_few_times,0.06578774978577583,0.15296580648537195,0.0,0.847034193514628,1.270551290271942,34,66.25746109526965,3,4.3589292719763755,True
6,107.0,25-34,0.0,not_volunteered,0.93375528250243,0.24476761055644483,0.050852335778057256,0.7043800536654982,1.9310280632378578,88,146.5456112748557,81,136.83773865544418,False
6,107.0,25-34,1.0,once_or_one_off,0.02272405039810925,0.44549822965787256,0.0,0.5545017703421274,1.1090035406842549,88,146.5456112748557,2,3.330109856231548,True
6,107.0,25-34,2.0,a_few_times,0.02974091710811615,0.0,0.28187797870731446,0.7181220212926855,1.835814199894539,88,146.5456112748557,3,4.358400877483695,True
6,107.0,25-34,4.0,weekly,0.013779749991344431,0.0,0.6686260402135702,0.33137395978642986,0.9941218793592896,88,146.5456112748557,2,2.019361885696257,True
6,107.0,35-44,0.0,not_volunteered,0.8978272905716085,0.33388539561412545,0.08939971343438219,0.5767148909514923,1.721390658311539,96,160.14816395332946,87,143.78539213223553,False
6,107.0,35-44,1.0,once_or_one_off,0.054453496392892556,0.0,0.0,1.0,1.6617131117005355,96,160.14816395332946,4,8.720627468160991,True
6,107.0,35-44,2.0,a_few_times,0.01715554032708037,0.0,0.0,1.0,8.0,96,160.14816395332946,1,2.747428285009222,True
6,107.0,35-44,3.0,monthly,0.012357686889308798,0.0,0.0,1.0,0.0,96,160.14816395332946,1,1.9790608660329352,True
6,107.0,35-44,4.0,weekly,0.01820598581910968,0.0,0.0,1.0,0.9205934618454091,96,160.14816395332946,3,2.915655201890768,True
6,107.0,45-54,0.0,not_volunteered,0.9194038069940518,0.38260882768685045,0.06163446290859416,0.5557567094045555,1.1044509153975584,67,90.16873639076795,60,82.90147950951514,False
6,107.0,45-54,2.0,a_few_times,0.04548067162311231,0.0,0.09174850089497337,0.9082514991050267,1.9727702837913215,67,90.16873639076795,4,4.1009346904594945,True
6,107.0,45-54,3.0,monthly,0.035115521382835975,0.0,0.0,1.0,3.1249732235543344,67,90.16873639076795,3,3.166322190793312,True
6,107.0,55-64,0.0,not_volunteered,0.9754690611270056,0.28036026249487567,0.04678376446018552,0.6728559730449386,1.089259492456736,42,65.95668845693565,39,64.33870896413343,False
6,107.0,55-64,1.0,once_or_one_off,0.0052941225005760945,0.0,0.0,1.0,1.0,42,65.95668845693565,1,0.3491827884233506,True
6,107.0,55-64,3.0,monthly,0.005596780122798176,0.0,1.0,0.0,0.0,42,65.95668845693565,1,0.3691450829213694,True
6,107.0,55-64,4.0,weekly,0.013640036249620107,0.0,0.0,1.0,1.0,42,65.95668845693565,1,0.8996516214575023,True
6,107.0,65-74,0.0,not_volunteered,0.9636895330325085,0.20034901617701156,0.040161497871051,0.7594894859519374,1.8146478742666317,42,57.318576266290215,41,55.237311996149444,False
6,107.0,65-74,4.0,weekly,0.03631046696749142,0.0,0.0,1.0,1.0,42,57.318576266290215,1,2.0812642701407684,True
6,107.0,75-84,0.0,not_volunteered,1.0,0.36973883891675663,0.12371768528666693,0.5065434757965765,1.4784287921777648,5,16.56505012075637,5,16.56505012075637,True
6,107.0,85+,0.0,not_volunteered,1.0,0.4494263623930128,0.0,0.5505736376069871,0.5505736376069871,2,3.230997303859745,2,3.230997303859745,True
6,109.0,16-24,0.0,not_volunteered,0.8655258925393026,0.2941819642419219,0.0035771100898517316,0.7022409256682263,1.5763447700811408,48,107.59629546570224,38,93.12737966687445,False
6,109.0,16-24,1.0,once_or_one_off,0.035300876432076855,0.23063697151490226,0.0,0.7693630284850977,1.5387260569701955,48,107.59629546570224,2,3.798243530783986,True
6,109.0,16-24,2.0,a_few_times,0.0342477661979671,0.6877375952134722,0.0,0.31226240478652756,0.7872657575690369,48,107.59629546570224,4,3.6849327708767583,True
6,109.0,16-24,3.0,monthly,0.019781064977540556,0.0,0.0,1.0,3.082741147448485,48,107.59629546570224,2,2.1283693119497085,True
6,109.0,16-24,4.0,weekly,0.04514439985311293,0.0,0.0,1.0,4.303828534242551,48,107.59629546570224,2,4.857370185217343,True
6,109.0,25-34,0.0,not_volunteered,0.9354636634829091,0.12417735771465001,0.061671494958986064,0.8141511473263637,2.067082292232549,115,205.56841152261052,109,192.3017793393035,False
6,109.0,25-34,1.0,once_or_one_off,0.011701233081336783,1.0,0.0,0.0,0.0,115,205.56841152261052,1,2.4054038973862237,True
6,109.0,25-34,2.0,a_few_times,0.03523240748853939,0.19559861717718582,0.0,0.8044013828228141,1.2977025480084883,115,205.56841152261052,3,7.242670041536369,True
6,109.0,25-34,4.0,weekly,0.017602695947214784,0.1251762390996277,0.0,0.8748237609003723,2.6244712827011165,115,205.56841152261052,2,3.6185582443844373,True
6,109.0,35-44,0.0,not_volunteered,0.8828288340063186,0.19804296914641287,0.09681729400200353,0.7051397368515835,1.186505487755881,72,104.25944931558878,64,92.04324807342212,False
6,109.0,35-44,1.0,once_or_one_off,0.03570057594130449,0.0,0.0,1.0,1.9774113389804033,72,104.25944931558878,3,3.7221223878897636,True
6,109.0,35-44,2.0,a_few_times,0.024784680043384653,0.0,0.0,1.0,5.026413649627395,72,104.25944931558878,2,2.584037092786347,True
6,109.0,35-44,4.0,weekly,0.056685910008992195,0.0,0.0,1.0,2.7376936104770113,72,104.25944931558878,3,5.9100417614905485,True
6,109.0,45-54,0.0,not_volunteered,0.9330303147956851,0.159505670296521,0.07248133591547375,0.7680129937880054,2.204984271600122,54,65.89778372447486,48,61.48462989278475,False
6,109.0,45-54,1.0,once_or_one_off,0.004260184482600444,0.0,0.0,1.0,2.0,54,65.89778372447486,1,0.2807367156607679,True
6,109.0,45-54,3.0,monthly,0.05581771351594825,0.0,0.0,1.0,3.3583789340310157,54,65.89778372447486,4,3.678263613268655,True
6,109.0,45-54,4.0,weekly,0.006891787205766382,0.0,0.0,1.0,2.0,54,65.89778372447486,1,0.454153502760696,True
6,109.0,55-64,0.0,not_volunteered,0.9677757499954439,0.26575188754329215,0.06364758295197845,0.6706005295047296,1.5030934893898742,35,48.08391971680825,34,46.53445146665482,False
6,109.0,55-64,3.0,monthly,0.03222425000455609,0.0,0.0,1.0,5.0,35,48.08391971680825,1,1.549468250153433,True
6,109.0,65-74,0.0,not_volunteered,0.9223905677230481,0.2911585815276578,0.059312006546445854,0.6495294119258965,1.200136803210139,31,54.25812404428839,28,50.04718184079873,True
6,109.0,65-74,2.0,a_few_times,0.007896871990035423,0.0,0.0,1.0,2.0,31,54.25812404428839,1,0.4284694599972085,True
6,109.0,65-74,3.0,monthly,0.02085727450059439,0.0,0.0,1.0,3.0,31,54.25812404428839,1,1.1316765870790235,True
6,109.0,65-74,4.0,weekly,0.048855285786322,0.0,0.0,1.0,3.0,31,54.25812404428839,1,2.6507961564134184,True
6,109.0,75-84,0.0,not_volunteered,1.0,0.29627227695825525,0.0,0.7037277230417448,0.7180189062879632,5,11.178565341026655,5,11.178565341026655,True
6,109.0,85+,0.0,not_volunteered,1.0,1.0,0.0,0.0,0.0,1,7.6608010825646415,1,7.6608010825646415,True
6,112.0,16-24,0.0,not_volunteered,0.7276351275794821,0.3820962604820858,0.10906598272710014,0.5088377567908141,0.923638539992737,36,50.34409471657154,29,36.632131781966066,True
6,112.0,16-24,1.0,once_or_one_off,0.09893899826575946,0.0,0.0,1.0,2.2500000431358655,36,50.34409471657154,2,4.9809942998541015,True
6,112.0,16-24,2.0,a_few_times,0.03828075278799022,0.0,0.0,1.0,4.0,36,50.34409471657154,1,1.9272098441802397,True
6,112.0,16-24,3.0,monthly,0.12691950239404523,0.10758521917261774,0.0,0.8924147808273823,2.9042321088523075,36,50.34409471657154,3,6.389647449905941,True
6,112.0,16-24,4.0,weekly,0.008225618972722832,0.0,0.0,1.0,2.0,36,50.34409471657154,1,0.4141113406651861,True
6,112.0,25-34,0.0,not_volunteered,0.892101654866832,0.20086455642261064,0.09743157950465366,0.7017038640727358,1.782198041988171,89,116.20416004572786,83,103.66592347920403,False
6,112.0,25-34,1.0,once_or_one_off,0.016790794084204128,0.0,0.0,1.0,4.0,89,116.20416004572786,1,1.951160123055717,True
6,112.0,25-34,2.0,a_few_times,0.022432417310934056,0.0,0.0,1.0,3.6761023260784507,89,116.20416004572786,3,2.6067402114123372,True
6,112.0,25-34,3.0,monthly,0.010065025989041833,0.0,0.0,1.0,2.0,89,116.20416004572786,1,1.1695978908950275,True
6,112.0,25-34,4.0,weekly,0.05861010774898811,0.0,0.0,1.0,2.0,89,116.20416004572786,1,6.810738341160769,True
6,112.0,35-44,0.0,not_volunteered,0.8899216336617555,0.09625134728828981,0.04222468462822646,0.8615239680834839,1.709980535596092,66,86.31431399689036,57,76.8129753205064,False
6,112.0,35-44,1.0,once_or_one_off,0.023749678362437736,0.0,0.0,1.0,1.9346932068735028,66,86.31431399689036,2,2.0499371955006036,True
6,112.0,35-44,2.0,a_few_times,0.03705388674528061,0.0,0.0,1.0,1.4050329751779964,66,86.31431399689036,2,3.1982808153373643,True
6,112.0,35-44,3.0,monthly,0.00806735828695417,0.0,0.0,1.0,1.0,66,86.31431399689036,1,0.6963284963055778,True
6,112.0,35-44,4.0,weekly,0.041207442943571995,0.0,0.0,1.0,3.218846676179758,66,86.31431399689036,4,3.5567921692404174,True
6,112.0,45-54,0.0,not_volunteered,0.6986030247314606,0.24909443663268177,0.03820029797362316,0.7127052653936948,1.684395872678089,56,56.053110661986,40,39.158872654070706,False
6,112.0,45-54,1.0,once_or_one_off,0.14389630970390022,0.0,0.30623861850742534,0.6937613814925746,1.6931121548270294,56,56.053110661986,6,8.065835771684128,True
6,112.0,45-54,2.0,a_few_times,0.05934896826760867,0.0,0.0,1.0,1.8323044213433466,56,56.053110661986,5,3.3266942859789643,True
6,112.0,45-54,3.0,monthly,0.08424129521554526,0.20368968130401263,0.0,0.7963103186959873,1.7917971521716538,56,56.053110661986,4,4.72198664302599,True
6,112.0,45-54,4.0,weekly,0.01391040208148541,0.0,0.0,1.0,0.0,56,56.053110661986,1,0.779721307226222,True
6,112.0,55-64,0.0,not_volunteered,0.9205463352651653,0.159285597975746,0.09227916088522764,0.7484352411390264,1.4370320975392468,52,44.966971402523185,47,41.394180732566205,False
6,112.0,55-64,1.0,once_or_one_off,0.020072464378569948,0.0,0.0,1.0,1.0,52,44.966971402523185,2,0.9025979316893202,True
6,112.0,55-64,2.0,a_few_times,0.041128567984583975,0.0,0.0,1.0,2.109137064473971,52,44.966971402523185,2,1.8494271403895182,True
6,112.0,55-64,3.0,monthly,0.018252632371680743,0.0,0.0,1.0,1.0,52,44.966971402523185,1,0.8207655978781369,True
6,112.0,65-74,0.0,not_volunteered,0.9597127902807218,0.09115409014861932,0.11106399824599351,0.797781911605387,1.7680675746629941,29,28.518736575629266,27,27.36979625427804,True
6,112.0,65-74,1.0,once_or_one_off,0.015662837108189144,1.0,0.0,0.0,0.0,29,28.518736575629266,1,0.4466843255154371,True
6,112.0,65-74,2.0,a_few_times,0.02462437261108927,0.0,0.0,1.0,3.0,29,28.518736575629266,1,0.7022559958357951,True
6,112.0,75-84,0.0,not_volunteered,0.876197984587664,0.2564068445712547,0.08157445937494355,0.6620186960538018,0.8937831673950223,15,26.981364579787297,14,23.641017266234613,True
6,112.0,75-84,1.0,once_or_one_off,0.12380201541233603,0.0,1.0,0.0,0.0,15,26.981364579787297,1,3.340347313552684,True
6,112.0,85+,0.0,not_volunteered,1.0,0.5718771654301287,0.0,0.42812283456987144,0.42812283456987144,2,2.235697492566253,2,2.235697492566253,True
6,114.0,16-24,0.0,not_volunteered,0.8578764254045779,0.2342436970460335,0.0819815846769198,0.6837747182770468,1.561233630652805,36,89.93680286364817,31,77.15466295298269,False
6,114.0,16-24,3.0,monthly,0.06896623999522117,0.5167735070636867,0.0,0.48322649293631326,0.48322649293631326,36,89.93680286364817,2,6.202603130697254,True
6,114.0,16-24,4.0,weekly,0.0731573346002009,0.0,0.0,1.0,1.8130998824163649,36,89.93680286364817,3,6.579536779968215,True
6,114.0,25-34,0.0,not_volunteered,0.9074597770273821,0.23173326803240368,0.1399541625527775,0.6283125694148189,1.275190557648326,76,112.7220834143582,70,102.29075668125546,False
6,114.0,25-34,1.0,once_or_one_off,0.014270649319386057,0.0,0.0,1.0,4.0,76,112.7220834143582,2,1.6086173229568892,True
6,114.0,25-34,2.0,a_few_times,0.02589526868788668,0.0,0.0,1.0,0.0,76,112.7220834143582,2,2.9189686370731804,True
6,114.0,25-34,4.0,weekly,0.05237430496534496,0.0,0.0,1.0,2.1264413143773573,76,112.7220834143582,2,5.903740773072649,True
6,114.0,35-44,0.0,not_volunteered,0.9007164418212045,0.1562307741616159,0.09057196234226382,0.7531972634961203,1.6776926016817315,69,98.0614099212679,62,88.32552422425498,False
6,114.0,35-44,1.0,once_or_one_off,0.035506543097555895,0.0,0.2702221443941273,0.7297778556058727,1.975935411244773,69,98.0614099212679,3,3.4818216775765936,True
6,114.0,35-44,2.0,a_few_times,0.025163337256077018,0.0,0.2670813620338466,0.7329186379661534,1.4658372759323068,69,98.0614099212679,2,2.467552329655281,True
6,114.0,35-44,4.0,weekly,0.038613677825162666,0.0,0.0,1.0,1.67120862501557,69,98.0614099212679,2,3.7865116897810482,True
6,114.0,45-54,0.0,not_volunteered,0.9053615800645672,0.27182174169340384,0.11166204666398219,0.6165162116426138,1.2464281114066944,71,109.10094223370069,63,98.77580144723633,False
6,114.0,45-54,2.0,a_few_times,0.0375898303490007,0.0,0.0,1.0,0.7692702704175706,71,109.10094223370069,3,4.101085909480934,True
6,114.0,45-54,3.0,monthly,0.05213561670055346,0.3672334954718626,0.0,0.6327665045281373,3.927402190494422,71,109.10094223370069,4,5.688044905965444,True
6,114.0,45-54,4.0,weekly,0.004912972885878806,0.0,0.0,1.0,3.0,71,109.10094223370069,1,0.5360099710180014,True
6,114.0,55-64,0.0,not_volunteered,0.8690649954782147,0.12521665572080865,0.23409679651519263,0.6406865477639989,1.207675355472443,45,70.49446279074633,40,61.26426998647913,False
6,114.0,55-64,1.0,once_or_one_off,0.03252375560333254,0.0,0.0,1.0,1.0,45,70.49446279074633,1,2.292744679194453,True
6,114.0,55-64,2.0,a_few_times,0.05180604019407627,0.0,0.0,1.0,1.6164910825325312,45,70.49446279074633,2,3.652038972797218,True
6,114.0,55-64,3.0,monthly,0.008334540299802781,0.0,0.0,1.0,6.0,45,70.49446279074633,1,0.5875389410424229,True
6,114.0,55-64,4.0,weekly,0.0382706684245739,1.0,0.0,0.0,0.0,45,70.49446279074633,1,2.697870211233115,True
6,114.0,65-74,0.0,not_volunteered,0.9261366962543034,0.16875744686289004,0.113063128884072,0.7181794242530378,1.916780855219174,39,55.083227651483405,35,51.01459847616853,False
6,114.0,65-74,2.0,a_few_times,0.016555947628894646,0.0,0.0,1.0,3.0,39,55.083227651483405,1,0.9119550322284408,True
6,114.0,65-74,3.0,monthly,0.01726397582339208,0.0,0.0,1.0,2.0,39,55.083227651483405,1,0.9509555104496116,True
6,114.0,65-74,4.0,weekly,0.040043380293409855,0.0,0.0,1.0,2.13773634009448,39,55.083227651483405,2,2.2057186326368194,True
6,114.0,75-84,0.0,not_volunteered,0.8848626062285074,0.3641757420612136,0.0,0.6358242579387863,0.5832407579366682,10,23.996461086076245,9,21.233571096886386,True
6,114.0,75-84,4.0,weekly,0.11513739377149275,0.0,0.0,1.0,1.0,10,23.996461086076245,1,2.7628899891898633,True
6,114.0,85+,0.0,not_volunteered,1.0,0.0,1.0,0.0,0.0,2,4.718499847440614,2,4.718499847440614,True
6,117.0,16-24,0.0,not_volunteered,0.8634077252052847,0.2987962143955681,0.1527752717858572,0.5484285138185746,0.7232114689550596,42,74.12747396073779,36,64.0022336676546,False
6,117.0,16-24,1.0,once_or_one_off,0.06141366879821854,0.8859388486434521,0.0,0.11406115135654793,0.3421834540696438,42,74.12747396073779,2,4.552440134673319,True
6,117.0,16-24,2.0,a_few_times,0.019669077737694236,0.0,0.7618117989085704,0.23818820109142944,0.47637640218285887,42,74.12747396073779,2,1.4580190478326567,True
6,117.0,16-24,3.0,monthly,0.020630937037018657,0.0,0.0,1.0,2.0,42,74.12747396073779,1,1.5293192479972213,True
6,117.0,16-24,4.0,weekly,0.03487859122178414,0.0,0.0,1.0,1.0,42,74.12747396073779,1,2.585461862580021,True
6,117.0,25-34,0.0,not_volunteered,0.8264729471023262,0.29453842914453593,0.1346035551019926,0.5708580157534715,1.1020399564892471,51,79.01470470878999,43,65.30351586509371,False
6,117.0,25-34,1.0,once_or_one_off,0.047949708533513755,0.5072008101339307,0.0,0.49279918986606924,1.971196759464277,51,79.01470470878999,2,3.788732060648137,True
6,117.0,25-34,2.0,a_few_times,0.04058397471854816,0.84991846666886,0.0,0.15008153333114002,0.7504076666557001,51,79.01470470878999,3,3.2067307782950816,True
6,117.0,25-34,4.0,weekly,0.08499336964561183,0.0,0.09231982701480605,0.9076801729851941,3.3679197155485707,51,79.01470470878999,3,6.715726004753053,True
6,117.0,35-44,0.0,not_volunteered,0.8620296579555565,0.3585671453208082,0.1494954731776576,0.4919373815015341,0.7471034514971241,89,105.24179889642974,78,90.7215519053168,False
6,117.0,35-44,1.0,once_or_one_off,0.015353322478018554,0.0,0.0,1.0,1.0,89,105.24179889642974,2,1.615811276623663,True
6,117.0,35-44,3.0,monthly,0.08259961291537168,0.0,0.2093639581455506,0.7906360418544494,1.9132612296241158,89,105.24179889642974,6,8.692931851362488,True
6,117.0,35-44,4.0,weekly,0.04001740665105336,0.31983981844594156,0.4586791031826901,0.2214810783713683,0.2214810783713683,89,105.24179889642974,3,4.211503863126808,True
6,117.0,45-54,0.0,not_volunteered,0.9246470257370546,0.2671123674444393,0.1734051591900612,0.5594824733654994,0.7751433403713013,69,87.07601729473787,63,80.5145804046077,False
6,117.0,45-54,1.0,once_or_one_off,0.008174324821747373,0.0,0.0,1.0,3.0,69,87.07601729473787,1,0.7117876495512793,True
6,117.0,45-54,3.0,monthly,0.048679891316086576,0.0,0.0,1.0,1.71902075120941,69,87.07601729473787,4,4.2388510581455145,True
6,117.0,45-54,4.0,weekly,0.018498758125111755,1.0,0.0,0.0,0.0,69,87.07601729473787,1,1.610798182433404,True
6,117.0,55-64,0.0,not_volunteered,0.9035994862074536,0.22257902328829765,0.13728140532904076,0.6401395713826616,0.9514980654618244,60,80.05226031638377,52,72.3351812916297,False
6,117.0,55-64,1.0,once_or_one_off,0.029815482072539944,0.0,0.0,1.0,5.0,60,80.05226031638377,1,2.386796732329441,True
6,117.0,55-64,2.0,a_few_times,0.025180766368830952,0.0,0.0,1.0,5.429516355870707,60,80.05226031638377,3,2.015777264323697,True
6,117.0,55-64,3.0,monthly,0.005652440065630986,0.0,0.0,1.0,1.0,60,80.05226031638377,1,0.452490603556649,True
6,117.0,55-64,4.0,weekly,0.035751825285544506,0.0,0.0,1.0,2.037884187538153,60,80.05226031638377,3,2.86201442454428,True
6,117.0,65-74,0.0,not_volunteered,0.916845932538334,0.345822212773403,0.05767578128580037,0.5965020059407966,1.2519629073042096,36,45.1687932837206,32,41.412824399844055,False
6,117.0,65-74,2.0,a_few_times,0.01579409854827087,0.0,0.0,1.0,1.0,36,45.1687932837206,1,0.7134003724295586,True
6,117.0,65-74,3.0,monthly,0.00973187903814212,0.0,0.0,1.0,1.0,36,45.1687932837206,1,0.4395772325360151,True
6,117.0,65-74,4.0,weekly,0.057628089875252725,0.0,0.0,1.0,2.2192302267570287,36,45.1687932837206,2,2.6029912789109626,True
6,117.0,75-84,0.0,not_volunteered,0.8389267025510044,0.2317239477983137,0.13418646768455922,0.6340895845171273,0.7621214174652845,20,42.94425539201809,18,36.02708256953393,True
6,117.0,75-84,3.0,monthly,0.16107329744899565,0.0,0.0,1.0,3.399767669029199,20,42.94425539201809,2,6.917172822484165,True
6,117.0,85+,0.0,not_volunteered,1.0,0.3965272647235282,0.0,0.6034727352764718,0.4980842605110515,7,15.057973282906872,7,15.057973282906872,True
6,122.0,16-24,0.0,not_volunteered,0.7272301702825416,0.3961166382939597,0.2254001707041152,0.3784831910019249,0.870604410982427,15,32.67005480081003,12,23.75864951593304,True
6,122.0,16-24,4.0,weekly,0.27276982971745845,0.0,0.0,1.0,2.2803019060249086,15,32.67005480081003,3,8.911405284876988,True
6,122.0,25-34,0.0,not_volunteered,0.8721071333555286,0.48373628783857636,0.0891562979385983,0.4271074142228254,0.5491971664480414,54,89.94813273141934,48,78.44440818708071,False
6,122.0,25-34,2.0,a_few_times,0.06732725799359195,0.0,0.27747980814122136,0.7225201918587786,2.361912382053045,54,89.94813273141934,3,6.0559611384501215,True
6,122.0,25-34,3.0,monthly,0.014844511765258821,1.0,0.0,0.0,0.0,54,89.94813273141934,1,1.3352361145946163,True
6,122.0,25-34,4.0,weekly,0.045721096885620253,0.5919261579901617,0.0,0.4080738420098384,0.4080738420098384,54,89.94813273141934,2,4.112527291293854,True
6,122.0,35-44,0.0,not_volunteered,0.9347537850038921,0.1786161314994205,0.11288784030368852,0.708496028196891,1.67441596321138,55,89.50952881271624,51,83.66937085160144,False
6,122.0,35-44,1.0,once_or_one_off,0.010895590345267065,0.0,0.0,1.0,5.0,55,89.50952881271624,1,0.9752591579412352,True
6,122.0,35-44,2.0,a_few_times,0.02976766703841751,0.0,0.0,1.0,2.2075023473983184,55,89.50952881271624,2,2.6644898504625756,True
6,122.0,35-44,4.0,weekly,0.02458295761242341,0.0,0.0,1.0,1.0,55,89.50952881271624,1,2.2004089527109953,True
6,122.0,45-54,0.0,not_volunteered,0.9160805274699497,0.1771104455622746,0.06625858979776077,0.7566309646399645,1.1191778586619763,52,88.65165371665185,46,81.21205369783375,False
6,122.0,45-54,1.0,once_or_one_off,0.02108771909995028,0.0,0.0,1.0,4.0,52,88.65165371665185,1,1.8694611713228173,True
6,122.0,45-54,2.0,a_few_times,0.018934151826376,0.0,0.0,1.0,1.0,52,88.65165371665185,2,1.6785438711303962,True
6,122.0,45-54,3.0,monthly,0.018814780056211768,0.0,0.0,1.0,5.000000000000001,52,88.65165371665185,1,1.667961366298253,True
6,122.0,45-54,4.0,weekly,0.02508282154751231,0.0,0.0,1.0,2.866087896630642,52,88.65165371665185,2,2.223633610066635,True
6,122.0,55-64,0.0,not_volunteered,0.9172077413375741,0.24071964740680654,0.21219684467342761,0.5470835079197659,0.4968665716255158,56,108.20025318028475,52,99.24210983164264,False
6,122.0,55-64,1.0,once_or_one_off,0.028952500023136526,0.0,0.0,1.0,1.0,56,108.20025318028475,1,3.132667832705572,True
6,122.0,55-64,2.0,a_few_times,0.007414600679341053,0.0,0.0,1.0,2.0,56,108.20025318028475,1,0.8022616707354132,True
6,122.0,55-64,3.0,monthly,0.01763058846357416,0.0,0.0,1.0,2.0,56,108.20025318028475,1,1.9076341354761317,True
6,122.0,55-64,4.0,weekly,0.028794569496374243,0.0,0.0,1.0,3.0,56,108.20025318028475,1,3.1155797097249973,True
6,122.0,65-74,0.0,not_volunteered,0.9224120370851566,0.13364802574161314,0.10609609000435902,0.7602558842540279,0.9990577288072671,54,95.63358296185282,49,88.21356807359498,False
6,122.0,65-74,1.0,once_or_one_off,0.016335128736155422,0.0,0.0,1.0,1.0,54,95.63358296185282,1,1.5621868891816657,True
6,122.0,65-74,3.0,monthly,0.01657911647453214,0.0,0.0,1.0,1.0,54,95.63358296185282,1,1.5855203108013904,True
6,122.0,65-74,4.0,weekly,0.044673717704155784,0.0,0.16831544732625214,0.8316845526737477,0.2380770516278129,54,95.63358296185282,3,4.2723076882747755,True
6,122.0,75-84,0.0,not_volunteered,0.7705144072173459,0.34714247063658976,0.061459487559404974,0.5913980418040052,0.318183535294799,14,38.97125589748052,10,30.027914136362696,True
6,122.0,75-84,3.0,monthly,0.12991056371006562,0.0,0.0,1.0,1.0,14,38.97125589748052,2,5.062777822130913,True
6,122.0,75-84,4.0,weekly,0.0995750290725887,0.4477071290067051,0.0,0.5522928709932948,0.5522928709932948,14,38.97125589748052,2,3.880563938986916,True
6,122.0,85+,0.0,not_volunteered,1.0,1.0,0.0,0.0,0.0,3,9.837365577902421,3,9.837365577902421,True
6,126.0,16-24,0.0,not_volunteered,0.9760125205135425,0.4776961334905853,0.0,0.5223038665094147,1.0487221929275516,27,58.2883139372142,26,56.89012420234508,True
6,126.0,16-24,4.0,weekly,0.023987479486457318,1.0,0.0,0.0,0.0,27,58.2883139372142,1,1.3981897348691097,True
6,126.0,25-34,0.0,not_volunteered,0.8617005417710842,0.3286035017742723,0.11079171834737019,0.5606047798783576,0.7070807618869287,53,98.25758509062923,47,84.66861430571362,False
6,126.0,25-34,3.0,monthly,0.024594583390411862,0.0,0.0,1.0,2.0,53,98.25758509062923,1,2.41660437025197,True
6,126.0,25-34,4.0,weekly,0.1137048748385039,0.1241021519546674,0.14302439469039693,0.7328734533549356,1.226438478981444,53,98.25758509062923,5,11.172366414663644,True
6,126.0,35-44,0.0,not_volunteered,0.8980563992004915,0.39143089171544454,0.12982480412143327,0.47874430416312225,0.7827387725498219,91,142.84511828301885,81,128.2829725686162,False
6,126.0,35-44,1.0,once_or_one_off,0.004662390712577256,1.0,0.0,0.0,0.0,91,142.84511828301885,1,0.6659997528197467,True
6,126.0,35-44,2.0,a_few_times,0.04614065592294791,0.6898038418055827,0.0,0.3101961581944172,0.5670803952814374,91,142.84511828301885,5,6.5909674529695685,True
6,126.0,35-44,3.0,monthly,0.037742468335624384,0.0,0.0,1.0,1.0,91,142.84511828301885,2,5.391327353695359,True
6,126.0,35-44,4.0,weekly,0.0133980858283589,0.0,0.7229489510238487,0.2770510489761513,0.0,91,142.84511828301885,2,1.9138511549179655,True
6,126.0,45-54,0.0,not_volunteered,0.878619986157445,0.28301058186482675,0.13194347166913398,0.5850459464660392,0.6075824055426129,80,127.69885638463984,71,112.1987674289938,False
6,126.0,45-54,2.0,a_few_times,0.024516152199787783,0.2715497430009234,0.0,0.7284502569990767,1.146117641523532,80,127.69885638463984,3,3.130684598864672,True
6,126.0,45-54,3.0,monthly,0.023533553057555646,1.0,0.0,0.0,0.0,80,127.69885638463984,1,3.0052078121171,True
6,126.0,45-54,4.0,weekly,0.07333030858521165,0.12309464472426561,0.0,0.8769053552757343,1.0710560551343526,80,127.69885638463984,5,9.364196544664265,True
6,126.0,55-64,0.0,not_volunteered,0.8861175319461918,0.3572890652506319,0.16550021547185614,0.47721071927751196,1.0595254284266769,48,96.10846472488231,40,85.16339556115035,False
6,126.0,55-64,1.0,once_or_one_off,0.047625056800899825,0.0,0.0,1.0,2.1405813827934903,48,96.10846472488231,3,4.577171091569797,True
6,126.0,55-64,2.0,a_few_times,0.05020345284538976,0.0,0.0,1.0,2.0,48,96.10846472488231,2,4.824976776858434,True
6,126.0,55-64,4.0,weekly,0.016053958407518595,0.0,0.0,1.0,1.646243776255145,48,96.10846472488231,3,1.5429212953037286,True
6,126.0,65-74,0.0,not_volunteered,0.9184239560473838,0.1354260100806673,0.13124710929057454,0.733326880628758,0.9602895903578297,45,72.62696462047698,40,66.70234416245185,False
6,126.0,65-74,2.0,a_few_times,0.01488628198725122,0.0,0.0,1.0,1.0,45,72.62696462047698,1,1.081145475218538,True
6,126.0,65-74,4.0,weekly,0.06668976196536525,0.14691155213280066,0.0,0.8530884478671994,2.7856751242869944,45,72.62696462047698,4,4.8434749828066135,True
6,126.0,75-84,0.0,not_volunteered,0.9358493854351715,0.5649108921524559,0.0,0.43508910784754407,0.43508910784754407,11,31.778349263607762,10,29.739748628491558,True
6,126.0,75-84,3.0,monthly,0.06415061456482868,0.0,0.0,1.0,2.0,11,31.778349263607762,1,2.0386006351162087,True
6,126.0,85+,0.0,not_volunteered,1.0,0.5862395088289228,0.0,0.41376049117107727,0.8275209823421545,3,6.501066937772679,3,6.501066937772679,True
6,129.0,16-24,0.0,not_volunteered,0.9007179228765027,0.43512357788831557,0.18944110582572157,0.3754353162859627,1.0847098821589216,35,55.577266871796624,33,50.05944037591772,False
6,129.0,16-24,2.0,a_few_times,0.06656238708452057,0.0,0.0,1.0,9.0,35,55.577266871796624,1,3.6993555506202287,True
6,129.0,16-24,4.0,weekly,0.03271969003897684,0.0,0.0,1.0,2.0,35,55.577266871796624,1,1.8184709452586816,True
6,129.0,25-34,0.0,not_volunteered,0.9151181099273279,0.32448394257237934,0.13585786961523705,0.5396581878123834,1.1328085621398278,66,109.60892110449265,61,100.30510871231692,False
6,129.0,25-34,1.0,once_or_one_off,0.031597947407659026,0.0,0.0,1.0,1.8498272004959828,66,109.60892110449265,2,3.463416924470006,True
6,129.0,25-34,3.0,monthly,0.043574961363961544,0.0,0.1578094637215412,0.8421905362784587,1.6843810725569175,66,109.60892110449265,2,4.776204502273776,True
6,129.0,25-34,4.0,weekly,0.009708981301051469,0.0,1.0,0.0,0.0,66,109.60892110449265,1,1.0641909654319448,True
6,129.0,35-44,0.0,not_volunteered,0.8592424255790666,0.3034992488134526,0.11738294093516045,0.5791178102513871,1.0983138352309496,106,131.11984639232483,95,112.66373485569581,False
6,129.0,35-44,1.0,once_or_one_off,0.018508279831288145,0.0,0.0,1.0,1.8665738759064296,106,131.11984639232483,3,2.4268028084646653,True
6,129.0,35-44,2.0,a_few_times,0.10792724456175852,0.7305917024748633,0.0334227538111585,0.2359855437139783,0.24872750264970211,106,131.11984639232483,6,14.151403728484652,True
6,129.0,35-44,4.0,weekly,0.014322050027886758,0.0,0.0,1.0,4.086696179285157,106,131.11984639232483,2,1.8779049996797033,True
6,129.0,45-54,0.0,not_volunteered,0.9538727339137634,0.28292472282974873,0.09020289846831742,0.6268723787019338,0.9725388033189801,88,108.11339877325287,83,103.12642326055162,False
6,129.0,45-54,1.0,once_or_one_off,0.010088848310179564,0.0,0.0,1.0,3.0,88,108.11339877325287,1,1.0907396805213014,True
6,129.0,45-54,2.0,a_few_times,0.009889260076571559,0.0,0.0,1.0,3.0,88,108.11339877325287,1,1.06916151823079,True
6,129.0,45-54,3.0,monthly,0.019893258730810374,0.0,0.0,1.0,3.6876385145049073,88,108.11339877325287,2,2.1507278140635964,True
6,129.0,45-54,4.0,weekly,0.006255898968675231,0.0,1.0,0.0,0.0,88,108.11339877325287,1,0.6763464998855666,True
6,129.0,55-64,0.0,not_volunteered,0.8649140278213253,0.18748465938760142,0.18218695508799296,0.6303283855244056,1.347316256443522,71,97.48897858964472,62,84.31958514015656,False
6,129.0,55-64,1.0,once_or_one_off,0.059795859781433265,0.0,0.0,1.0,1.3711017497552418,71,97.48897858964472,3,5.829437293981545,True
6,129.0,55-64,2.0,a_few_times,0.013680409305363671,0.0,0.0,1.0,1.0,71,97.48897858964472,2,1.3336891298681752,True
6,129.0,55-64,4.0,weekly,0.06160970309187768,0.46890317439085255,0.0,0.5310968256091473,1.6342925689019363,71,97.48897858964472,4,6.006267025638431,True
6,129.0,65-74,0.0,not_volunteered,0.9699862213553464,0.33120310948548776,0.013964894216521681,0.6548319962979905,0.6538536784287543,34,33.88696856357335,33,32.86989259016792,False
6,129.0,65-74,2.0,a_few_times,0.03001377864465358,1.0,0.0,0.0,0.0,34,33.88696856357335,1,1.0170759734054249,True
6,129.0,75-84,0.0,not_volunteered,0.7874999948762653,0.6646223504747814,0.06180889062958661,0.27356875889563215,0.5034454473689854,11,29.95916292289636,9,23.59284064827808,True
6,129.0,75-84,3.0,monthly,0.21250000512373463,0.0,0.0,1.0,0.0,11,29.95916292289636,2,6.366322274618277,True
6,129.0,85+,0.0,not_volunteered,1.0,0.44950436426612145,0.0,0.5504956357338787,3.587356301030956,3,4.524151178100076,3,4.524151178100076,True
6,135.0,16-24,0.0,not_volunteered,0.7393889782499418,0.16648426413357253,0.1795900750746519,0.6539256607917756,1.143144699502641,45,79.61963859964148,37,58.86988323281854,False
6,135.0,16-24,2.0,a_few_times,0.12378933265876117,0.16582395307386366,0.47504382458956224,0.35913222233657416,0.35913222233657416,45,79.61963859964148,3,9.85606192878136,True
6,135.0,16-24,3.0,monthly,0.07950928860507353,0.0,0.0,1.0,2.1632919658894583,45,79.61963859964148,2,6.330500824050547,True
6,135.0,16-24,4.0,weekly,0.057312400486223304,0.0,0.0,1.0,3.1827403112744004,45,79.61963859964148,3,4.563192613991016,True
6,135.0,25-34,0.0,not_volunteered,0.8904534098722997,0.0898213971812179,0.1151485917511879,0.7950300110675942,1.8372289303388551,136,153.42784689993184,124,136.62034944140945,False
6,135.0,25-34,1.0,once_or_one_off,0.04058748822677965,0.0,0.0,1.0,3.2137217763699644,136,153.42784689993184,3,6.227250929711134,True
6,135.0,25-34,2.0,a_few_times,0.021519048034006852,0.0,0.0,1.0,3.522921684247436,136,153.42784689993184,2,3.3016212071938824,True
6,135.0,25-34,3.0,monthly,0.04088652863178222,0.0,0.1290264281498769,0.8709735718501231,3.8503498403049643,136,153.42784689993184,6,6.273132055186762,True
6,135.0,25-34,4.0,weekly,0.006553525235131614,0.0,0.0,1.0,0.0,136,153.42784689993184,1,1.005493266430613,True
6,135.0,35-44,0.0,not_volunteered,0.9663605861175903,0.21222874647010948,0.07217236604618751,0.715598887483703,1.3980969662935094,85,103.02926125376644,81,99.56341729245207,False
6,135.0,35-44,2.0,a_few_times,0.01338199340788425,1.0,0.0,0.0,0.0,85,103.02926125376644,1,1.3787368949170866,True
6,135.0,35-44,3.0,monthly,0.0036178218251848495,0.0,0.0,1.0,2.0,85,103.02926125376644,1,0.372741509996548,True
6,135.0,35-44,4.0,weekly,0.016639598649340424,0.0,0.0,1.0,4.424428945568675,85,103.02926125376644,2,1.7143655564007136,True
6,135.0,45-54,0.0,not_volunteered,0.9229204200886801,0.06804126815378377,0.09298027424231256,0.8389784576039037,1.7819547983768318,58,62.73692828784723,50,57.90119221049336,False
6,135.0,45-54,1.0,once_or_one_off,0.00620258453405022,0.0,0.0,1.0,2.0,58,62.73692828784723,1,0.389131101112019,True
6,135.0,45-54,2.0,a_few_times,0.03948138675515202,0.0,0.0,1.0,1.5750139901470104,58,62.73692828784723,3,2.4769409295627334,True
6,135.0,45-54,3.0,monthly,0.010623952946652748,1.0,0.0,0.0,0.0,58,62.73692828784723,1,0.6665141741476167,True
6,135.0,45-54,4.0,weekly,0.02077165567546502,0.0,0.0,1.0,2.14299745748527,58,62.73692828784723,3,1.3031498725315038,True
6,135.0,55-64,0.0,not_volunteered,0.8928908946247053,0.30576523524876625,0.05724517598167672,0.6369895887695571,1.4152428520271292,62,69.46233382060933,55,62.02228538780379,False
6,135.0,55-64,1.0,once_or_one_off,0.017138818801062234,0.0,0.0,1.0,1.6790120788979972,62,69.46233382060933,2,1.1905023528503202,True
6,135.0,55-64,2.0,a_few_times,0.016078552408190415,0.0,0.7495061981899753,0.2504938018100246,0.7514814054300739,62,69.46233382060933,2,1.1168537747298846,True
6,135.0,55-64,4.0,weekly,0.07389173416604244,0.0,0.0,1.0,4.78884817083515,62,69.46233382060933,3,5.132692305225364,True
6,135.0,65-74,0.0,not_volunteered,0.9519549738873604,0.2920680270151752,0.08850880340202351,0.6194231695828013,1.5470316885167237,26,33.249194859870116,24,31.651736424603413,True
6,135.0,65-74,1.0,once_or_one_off,0.022847633009103165,0.0,0.0,1.0,3.0,26,33.249194859870116,1,0.7596654020064717,True
6,135.0,65-74,4.0,weekly,0.025197393103536334,0.0,0.0,1.0,2.0,26,33.249194859870116,1,0.837793033260227,True
6,135.0,75-84,0.0,not_volunteered,1.0,0.4731348166558459,0.16518231194489655,0.36168287139925764,0.4986885347206513,15,39.0355408308168,15,39.0355408308168,True
6,135.0,85+,0.0,not_volunteered,1.0,0.7548083749794706,0.0,0.24519162502052927,0.49038325004105854,2,4.071036608284505,2,4.071036608284505,True
6,136.0,16-24,0.0,not_volunteered,0.6775225086222205,0.21466579691385762,0.0948459045380983,0.690488298548044,1.7609626535775362,27,44.66670424147368,19,30.262697509570025,True
6,136.0,16-24,2.0,a_few_times,0.15685500701223928,0.3852562709963444,0.0,0.6147437290036555,0.9413845933246179,27,44.66670424147368,5,7.006196207009972,True
6,136.0,16-24,3.0,monthly,0.08101557231581476,0.0,0.0,1.0,8.35979883910017,27,44.66670424147368,2,3.6186986075842205,True
6,136.0,16-24,4.0,weekly,0.08460691204972562,0.0,0.0,1.0,0.0,27,44.66670424147368,1,3.77911191730947,True
6,136.0,25-34,0.0,not_volunteered,0.994244243072921,0.23415376096568985,0.10679569763341154,0.6590505414008988,1.6827306264960928,47,42.14281826371209,46,41.900254445564094,False
6,136.0,25-34,3.0,monthly,0.005755756927079037,0.0,0.0,1.0,1.0,47,42.14281826371209,1,0.2425638181479938,True
6,136.0,35-44,0.0,not_volunteered,0.9108856509437033,0.3048005283287036,0.14898562799343926,0.5462138436778573,1.1709912924967734,64,51.53135888828072,59,46.939175384965175,False
6,136.0,35-44,1.0,once_or_one_off,0.06499571312491952,0.5018051835883207,0.28400093150311834,0.21419388490856098,0.21419388490856098,64,51.53135888828072,3,3.349317419239965,True
6,136.0,35-44,3.0,monthly,0.015825773223862905,0.0,0.0,1.0,1.0,64,51.53135888828072,1,0.8155235996834228,True
6,136.0,35-44,4.0,weekly,0.008292862707514087,0.0,0.0,1.0,6.0,64,51.53135888828072,1,0.4273424843921478,True
6,136.0,45-54,0.0,not_volunteered,0.8997011622008303,0.18272394360496652,0.04042258855218369,0.7768534678428499,1.866319904604189,80,76.48719894445705,72,68.81562178381412,False
6,136.0,45-54,1.0,once_or_one_off,0.008327686414563848,0.0,0.0,1.0,1.0,80,76.48719894445705,1,0.6369614075377973,True
6,136.0,45-54,2.0,a_few_times,0.009998548248011462,0.0,0.0,1.0,1.0,80,76.48719894445705,1,0.7647609490014051,True
6,136.0,45-54,3.0,monthly,0.04800931521150707,0.0,0.16873823925133385,0.8312617607486663,2.7307030084675037,80,76.48719894445705,4,3.6720980437696893,True
6,136.0,45-54,4.0,weekly,0.03396328792508721,0.0,0.0,1.0,6.8439074801902064,80,76.48719894445705,2,2.597756760334021,True
6,136.0,55-64,0.0,not_volunteered,0.8660124901285995,0.12389547046888653,0.17141354459596717,0.7046909849351463,1.9212186794038775,57,50.70060230209745,49,43.90735485065922,False
6,136.0,55-64,1.0,once_or_one_off,0.037360538287587265,0.17403582991575414,0.0,0.8259641700842459,2.291708020216091,57,50.70060230209745,4,1.8942017935112467,True
6,136.0,55-64,2.0,a_few_times,0.014084300189996813,0.0,0.0,1.0,2.0,57,50.70060230209745,1,0.714082502636384,True
6,136.0,55-64,3.0,monthly,0.0065046861168703346,1.0,0.0,0.0,0.0,57,50.70060230209745,1,0.3297915039114174,True
6,136.0,55-64,4.0,weekly,0.07603798527694612,0.0,0.0,1.0,1.6709430699571206,57,50.70060230209745,2,3.8551716513791865,True
6,136.0,65-74,0.0,not_volunteered,0.7657881886035943,0.32198660504553855,0.13619204306765367,0.5418213518868076,1.0253013002284133,40,39.70160335456857,32,30.403018917553446,False
6,136.0,65-74,1.0,once_or_one_off,0.04460530455890469,0.0,0.0,1.0,1.0,40,39.70160335456857,1,1.7709021091073631,True
6,136.0,65-74,2.0,a_few_times,0.05154799688114551,0.0,0.0,1.0,1.3010564107134104,40,39.70160335456857,2,2.0465381258977766,True
6,136.0,65-74,3.0,monthly,0.05121603359355381,0.0,0.0,1.0,0.7830968536616949,40,39.70160335456857,2,2.0333586511255324,True
6,136.0,65-74,4.0,weekly,0.08684247636280171,0.5136346454764505,0.0,0.4863653545235494,0.569388250598727,40,39.70160335456857,3,3.4477855508844497,True
6,136.0,75-84,0.0,not_volunteered,0.9325647061239223,0.4657470229846946,0.0,0.5342529770153054,0.5948913268551012,19,32.27669998166012,18,30.10011123304688,True
6,136.0,75-84,4.0,weekly,0.06743529387607769,0.0,0.0,1.0,1.0,19,32.27669998166012,1,2.176588748613242,True
6,136.0,85+,0.0,not_volunteered,1.0,0.7138081471603485,0.0,0.2861918528396516,0.2861918528396516,3,3.4290736381773397,3,3.4290736381773397,True
6,139.0,16-24,0.0,not_volunteered,0.8172169889459052,0.11163796245949048,0.15445532317306435,0.7339067143674451,1.8151870122124234,29,48.338671165466906,25,39.503183299489116,True
6,139.0,16-24,1.0,once_or_one_off,0.09180483626398013,0.0,0.0,1.0,1.8443697669006007,29,48.338671165466906,2,4.437723791564067,True
6,139.0,16-24,2.0,a_few_times,0.052219560691832194,0.0,0.0,1.0,4.0,29,48.338671165466906,1,2.524224172687618,True
6,139.0,16-24,3.0,monthly,0.038758614098282365,0.0,0.0,1.0,5.0,29,48.338671165466906,1,1.8735399017261007,True
6,139.0,25-34,0.0,not_volunteered,0.8307553078982874,0.18825705021815517,0.08213947466040486,0.7296034751214402,1.5150163920970714,61,59.40094188670515,53,49.34764776653802,False
6,139.0,25-34,1.0,once_or_one_off,0.08213069601247291,0.0,0.0,1.0,1.2200113526916798,61,59.40094188670515,3,4.87864070095155,True
6,139.0,25-34,2.0,a_few_times,0.023542895149859674,0.0,0.0,1.0,1.3653215930595477,61,59.40094188670515,2,1.398470146641607,True
6,139.0,25-34,4.0,weekly,0.06357110093937986,0.0,0.0,1.0,2.9825872657489234,61,59.40094188670515,3,3.77618327257397,True
6,139.0,35-44,0.0,not_volunteered,0.699914850545391,0.23186584415561176,0.1324061049210445,0.635728050923344,1.3584479935592642,69,57.65795804486447,55,40.355661087723746,False
6,139.0,35-44,1.0,once_or_one_off,0.05240350776704967,0.17813832272579966,0.0,0.8218616772742005,1.3381257878561683,69,57.65795804486447,4,3.0214792522362792,True
6,139.0,35-44,2.0,a_few_times,0.15526473714384093,0.04445709360792989,0.2709068556455554,0.6846360507465147,1.2626706791322253,69,57.65795804486447,4,8.95224770008649,True
6,139.0,35-44,3.0,monthly,0.0743756837512662,0.0,0.23670230771736073,0.7632976922826392,3.408938282419658,69,57.65795804486447,4,4.288350053288615,True
6,139.0,35-44,4.0,weekly,0.018041220792451965,0.0,0.0,1.0,1.3772782106148738,69,57.65795804486447,2,1.040219951529332,True
6,139.0,45-54,0.0,not_volunteered,0.7986141139501837,0.22421596173105035,0.1338357998162947,0.641948238452655,1.5826438070644502,88,89.23302804452771,73,71.26275562687239,False
6,139.0,45-54,1.0,once_or_one_off,0.0409635012619692,0.17915885856109526,0.0,0.8208411414389047,1.7686091850072116,88,89.23302804452771,5,3.655297256911344,True
6,139.0,45-54,2.0,a_few_times,0.06610956638939937,0.0,0.0,1.0,1.5641408227092977,88,89.23302804452771,4,5.89915679163684,True
6,139.0,45-54,3.0,monthly,0.02421848550632685,0.0,0.0,1.0,2.5145770435715296,88,89.23302804452771,2,2.1610887963820518,True
6,139.0,45-54,4.0,weekly,0.07009433289212089,0.4210202006532309,0.0,0.5789797993467691,0.778340049856913,88,89.23302804452771,4,6.2547295727250845,True
6,139.0,55-64,0.0,not_volunteered,0.8855427594666038,0.28566570702425126,0.11345053480071957,0.6008837581750294,1.0857474780783913,64,52.49406466247805,54,46.485738876829146,False
6,139.0,55-64,1.0,once_or_one_off,0.027946041501014936,0.0,0.0,1.0,1.0,64,52.49406466247805,2,1.4670013096145733,True
6,139.0,55-64,2.0,a_few_times,0.0267490147658578,0.20752828887542019,0.0,0.7924717111245798,1.6717244877307156,64,52.49406466247805,3,1.4041645107765195,True
6,139.0,55-64,3.0,monthly,0.02194020891987036,0.0,0.0,1.0,1.0,64,52.49406466247805,2,1.1517307457479524,True
6,139.0,55-64,4.0,weekly,0.03782197534665299,0.0,0.0,1.0,1.391294486975448,64,52.49406466247805,3,1.9854292195098528,True
6,139.0,65-74,0.0,not_volunteered,0.8862361488984689,0.23889546382123528,0.06924038019289802,0.6918641559858667,1.3119122637558875,37,35.814009940037124,32,31.739670245869988,False
6,139.0,65-74,2.0,a_few_times,0.08250419881151826,0.0,0.1507955052860138,0.8492044947139862,0.8492044947139862,37,35.814009940037124,3,2.9548061963305137,True
6,139.0,65-74,4.0,weekly,0.031259652290012624,0.41708308880071293,0.0,0.582916911199287,0.0,37,35.814009940037124,2,1.1195334978366165,True
6,139.0,75-84,0.0,not_volunteered,0.8088976148856482,0.3001208205777028,0.12401702264413751,0.5758621567781597,0.8854195755183808,20,35.57682399545313,17,28.778008075128536,True
6,139.0,75-84,3.0,monthly,0.045792238301859675,0.0,0.0,1.0,1.0,20,35.57682399545313,1,1.6291424024231094,True
6,139.0,75-84,4.0,weekly,0.14531014681249216,0.0,0.0,1.0,1.6068747642007424,20,35.57682399545313,2,5.169673517901488,True
6,139.0,85+,0.0,not_volunteered,1.0,0.3516846947320358,0.15069167966977937,0.4976236255981849,0.8787561503683161,5,9.074591118446286,5,9.074591118446286,True
6,142.0,16-24,0.0,not_volunteered,0.7864646680907128,0.2000157422516631,0.012753810605663466,0.7872304471426733,2.0826677751343055,45,116.46855363556746,37,91.59840237800195,False
6,142.0,16-24,1.0,once_or_one_off,0.11296344120945165,0.1797836308393033,0.17886361191815636,0.6413527572425404,1.0638158601478152,45,116.46855363556746,4,13.156688611361291,True
6,142.0,16-24,2.0,a_few_times,0.06253984423759058,0.0,0.0,1.0,2.0,45,116.46855363556746,1,7.283925202945853,True
6,142.0,16-24,3.0,monthly,0.01366456204791366,0.0,0.0,1.0,1.0,45,116.46855363556746,1,1.5914917777839717,True
6,142.0,16-24,4.0,weekly,0.024367484414331373,0.0,0.0,1.0,2.4562021987896103,45,116.46855363556746,2,2.8380456654744077,True
6,142.0,25-34,0.0,not_volunteered,0.8814240179684651,0.1362382708105701,0.08038538543826845,0.7833763437511614,2.0739238358030656,125,231.2198938513159,112,203.80276787266888,False
6,142.0,25-34,1.0,once_or_one_off,0.019519580617985966,0.0,0.0,1.0,7.890996908952577,125,231.2198938513159,3,4.513315358512918,True
6,142.0,25-34,2.0,a_few_times,0.02570626443302983,0.0,0.0,1.0,4.27666755762804,125,231.2198938513159,4,5.943799733519015,True
6,142.0,25-34,3.0,monthly,0.05352580213964154,0.0,0.870669426005613,0.12933057399438697,0.0,125,231.2198938513159,3,12.376230289034455,True
6,142.0,25-34,4.0,weekly,0.019824334840877443,0.0,0.0,1.0,1.7799675890722715,125,231.2198938513159,3,4.583780597580626,True
6,142.0,35-44,0.0,not_volunteered,0.8695410561560138,0.26369119393490986,0.10401260197320224,0.6322962040918879,1.771532431404889,95,139.2970838263868,83,121.12453338984918,False
6,142.0,35-44,1.0,once_or_one_off,0.010399628467263666,1.0,0.0,0.0,0.0,95,139.2970838263868,1,1.4486379183677054,True
6,142.0,35-44,2.0,a_few_times,0.037812476331744574,0.0,0.2647909818028518,0.7352090181971481,1.5737480354681137,95,139.2970838263868,4,5.2671676852662905,True
6,142.0,35-44,3.0,monthly,0.03274407138880212,0.0,0.0,1.0,2.0,95,139.2970838263868,2,4.561153657063163,True
6,142.0,35-44,4.0,weekly,0.04950276765617581,0.3952663862746612,0.1332895587596772,0.4714440549656616,2.0423975633289593,95,139.2970838263868,5,6.895591175840471,True
6,142.0,45-54,0.0,not_volunteered,0.8976301992997396,0.2668295465205802,0.19643648302704075,0.5367339704523791,1.537352272616883,51,79.55239791998305,44,71.40863479968658,False
6,142.0,45-54,1.0,once_or_one_off,0.04361351852398657,0.0,0.0,1.0,4.749445174268066,51,79.55239791998305,2,3.4695599803107315,True
6,142.0,45-54,2.0,a_few_times,0.027174518781520128,0.0,0.0,1.0,3.5142758987586533,51,79.55239791998305,2,2.161798131391542,True
6,142.0,45-54,3.0,monthly,0.020451597516640167,0.4424761328432673,0.0,0.5575238671567326,1.1150477343134653,51,79.55239791998305,2,1.6269736237430958,True
6,142.0,45-54,4.0,weekly,0.011130165878113175,0.0,0.0,1.0,1.0,51,79.55239791998305,1,0.8854313848510769,True
6,142.0,55-64,0.0,not_volunteered,0.8504166621395781,0.11081829238486726,0.017502701282136556,0.8716790063329962,1.4031203660171376,48,84.55176593690032,41,71.90423056606565,False
6,142.0,55-64,1.0,once_or_one_off,0.03076421334177974,0.0,0.0,1.0,1.7663271077748561,48,84.55176593690032,2,2.6011685657070265,True
6,142.0,55-64,2.0,a_few_times,0.11881912451864217,0.0,0.0,1.0,1.5494212528263016,48,84.55176593690032,5,10.046366805127647,True
6,142.0,65-74,0.0,not_volunteered,0.9500090763122672,0.2743120763248568,0.0,0.7256879236751432,1.2202063706341482,20,28.82622163509063,19,27.38517218912514,True
6,142.0,65-74,4.0,weekly,0.04999092368773287,0.0,0.0,1.0,1.0,20,28.82622163509063,1,1.44104944596549,True
6,142.0,75-84,0.0,not_volunteered,1.0,0.2554205613222033,0.0,0.7445794386777966,1.3599048950296941,6,26.78643126909559,6,26.78643126909559,True
6,147.0,16-24,0.0,not_volunteered,0.7763571409777854,0.2920592344193594,0.20193452629475878,0.5060062392858821,1.0562045963669908,23,62.56257885388473,19,48.5709048511992,True
6,147.0,16-24,1.0,once_or_one_off,0.08743591922867285,0.727946320805965,0.0,0.272053679194035,0.54410735838807,23,62.56257885388473,3,5.470216591405741,True
6,147.0,16-24,3.0,monthly,0.1362069397935417,0.0,0.0,1.0,2.0,23,62.56257885388473,1,8.521457411279783,True
6,147.0,25-34,0.0,not_volunteered,0.9002152916306485,0.14972211914029485,0.09378625017137211,0.7564916306883329,1.4818720201837836,82,146.44959528513823,75,131.83616512880116,False
6,147.0,25-34,1.0,once_or_one_off,0.03704964172579373,0.0,0.0,1.0,0.210700191213155,82,146.44959528513823,3,5.425905036201862,True
6,147.0,25-34,3.0,monthly,0.01316976940665968,0.0,1.0,0.0,0.0,82,146.44959528513823,1,1.928707399603905,True
6,147.0,25-34,4.0,weekly,0.049565297236898107,0.0,0.0,1.0,4.094789467564918,82,146.44959528513823,3,7.258817720531308,True
6,147.0,35-44,0.0,not_volunteered,0.9477222148300254,0.10341063134142249,0.08624641580272269,0.8103429528558549,1.3055949359022834,111,198.39894950963316,107,188.02709184921991,False
6,147.0,35-44,2.0,a_few_times,0.014850145640042948,0.0,0.0,1.0,0.0,111,198.39894950963316,1,2.94625329504958,True
6,147.0,35-44,3.0,monthly,0.011689693042073629,0.0,1.0,0.0,0.0,111,198.39894950963316,1,2.319222819637476,True
6,147.0,35-44,4.0,weekly,0.02573794648785803,0.0,0.8192310700974639,0.180768929902536,0.723075719610144,111,198.39894950963316,2,5.106381545726185,True
6,147.0,45-54,0.0,not_volunteered,0.8238170201374446,0.22478939348176602,0.06669326838447058,0.7085173381337634,1.1702655777076154,69,109.59292090865242,57,90.28451353112469,False
6,147.0,45-54,1.0,once_or_one_off,0.06916190446067705,0.0,0.0,1.0,1.360870182075074,69,109.59292090865242,4,7.5796551254507545,True
6,147.0,45-54,2.0,a_few_times,0.06016760592744618,0.45295171549750995,0.13628623049433125,0.4107620540081588,0.8215241080163176,69,109.59292090865242,3,6.593943677669576,True
6,147.0,45-54,3.0,monthly,0.03713717961598558,0.5256779953897346,0.0,0.47432200461026536,0.5939830395902791,69,109.59292090865242,3,4.069971988425126,True
6,147.0,45-54,4.0,weekly,0.009716289858446508,0.0,0.0,1.0,2.5832736952806785,69,109.59292090865242,2,1.0648365859822697,True
6,147.0,55-64,0.0,not_volunteered,0.9020882061809916,0.21130792848446978,0.23100937131890914,0.5576827001966211,1.0319727034451092,43,54.01309087949483,34,48.72457226177437,False
6,147.0,55-64,2.0,a_few_times,0.03871518201734002,0.0,0.4618772202360632,0.5381227797639366,2.316492942050459,43,54.01309087949483,4,2.0911266447187704,True
6,147.0,55-64,3.0,monthly,0.01579183749068925,0.0,0.0,1.0,3.0,43,54.01309087949483,1,0.852965953538812,True
6,147.0,55-64,4.0,weekly,0.043404774310979014,0.0,0.0,1.0,3.611299593897369,43,54.01309087949483,4,2.344426019462872,True
6,147.0,65-74,0.0,not_volunteered,0.8943122136799695,0.20387631175210108,0.09796307471750615,0.6981606135303927,1.10362755540213,25,32.856783723789086,22,29.384222986425808,True
6,147.0,65-74,2.0,a_few_times,0.10568778632003051,0.0,0.0,1.0,1.1315589308654077,25,32.856783723789086,3,3.472560737363277,True
6,147.0,75-84,0.0,not_volunteered,1.0,0.5531845783898967,0.4468154216101034,0.0,0.0,7,30.476128948867526,7,30.476128948867526,True
6,147.0,85+,0.0,not_volunteered,1.0,1.0,0.0,0.0,0.0,1,6.057260639500318,1,6.057260639500318,True
6,160.0,16-24,0.0,not_volunteered,0.7821419443155072,0.11835689003155901,0.18915884263132213,0.6924842673371192,2.1397595391400333,26,57.1858297963396,22,44.72743610420472,True
6,160.0,16-24,2.0,a_few_times,0.10148460090221972,0.0,0.0,1.0,5.109233434293681,26,57.1858297963396,2,5.803481114143789,True
6,160.0,16-24,3.0,monthly,0.11637345478227275,0.0,0.0,1.0,1.6490665216926554,26,57.1858297963396,2,6.654912577991071,True
6,160.0,25-34,0.0,not_volunteered,0.906708131916314,0.17429209820410557,0.042085726115750725,0.7836221756801436,1.5782633141179272,70,83.08666081240696,63,75.33535101238193,False
6,160.0,25-34,1.0,once_or_one_off,0.02752116806637464,0.25680468935126016,0.0,0.7431953106487399,1.4863906212974798,70,83.08666081240696,2,2.2866419562921156,True
6,160.0,25-34,2.0,a_few_times,0.0312844726631096,0.0,0.0,1.0,3.9094419600616246,70,83.08666081240696,2,2.5993223688548053,True
6,160.0,25-34,3.0,monthly,0.007339599444552737,0.0,0.0,1.0,2.0,70,83.08666081240696,1,0.6098228095484838,True
6,160.0,25-34,4.0,weekly,0.02714662790964898,0.0,0.0,1.0,2.2520462674328203,70,83.08666081240696,2,2.255522665329625,True
6,160.0,35-44,0.0,not_volunteered,0.8732218723112436,0.29616588830517054,0.10095489583503377,0.6028792158597959,1.5816208727799017,81,92.12288502206565,68,80.44371814168159,False
6,160.0,35-44,1.0,once_or_one_off,0.0526524763433589,0.0,0.0,1.0,1.0261120589524295,81,92.12288502206565,4,4.850498024306283,True
6,160.0,35-44,2.0,a_few_times,0.032207630270099055,0.0,0.0,1.0,1.9868224073081506,81,92.12288502206565,3,2.9670598202055363,True
6,160.0,35-44,3.0,monthly,0.018272507909285658,0.0,0.0,1.0,4.2899988611514575,81,92.12288502206565,3,1.6833161451919079,True
6,160.0,35-44,4.0,weekly,0.023645513166012766,0.0,0.0,1.0,1.9205745366181304,81,92.12288502206565,3,2.1782928906803334,True
6,160.0,45-54,0.0,not_volunteered,0.9761494996298835,0.22660560789052075,0.1111529411006893,0.66224145100879,1.1537956378483416,76,83.50840003275101,73,81.51668290686204,False
6,160.0,45-54,4.0,weekly,0.023850500370116566,0.0,0.27850287548436525,0.7214971245156347,2.2090718713498263,76,83.50840003275101,3,1.9917171258889703,True
6,160.0,55-64,0.0,not_volunteered,0.9138292963157938,0.11840381616127953,0.20735831064265609,0.6742378731960643,1.2139662433468679,55,61.43414179711816,50,56.14031856822518,False
6,160.0,55-64,2.0,a_few_times,0.027364736137648296,0.0,0.0,1.0,2.0,55,61.43414179711816,1,1.6811290801210088,True
6,160.0,55-64,3.0,monthly,0.05488624075156929,0.3270194245284615,0.0,0.6729805754715386,1.6120498258287346,55,61.43414179711816,3,3.371889097042673,True
6,160.0,55-64,4.0,weekly,0.003919726794988534,0.0,0.0,1.0,1.0,55,61.43414179711816,1,0.2408050517292891,True
6,160.0,65-74,0.0,not_volunteered,0.8683423366411622,0.1729978851036636,0.2601275154582957,0.5668745994380407,1.1345030075400147,39,33.87717412156687,33,29.416984535520886,False
6,160.0,65-74,1.0,once_or_one_off,0.015479026719967407,0.0,0.0,1.0,1.0,39,33.87717412156687,1,0.5243856834247219,True
6,160.0,65-74,2.0,a_few_times,0.08323166031194008,0.0,0.0,1.0,5.3548912467687435,39,33.87717412156687,3,2.8196534488147007,True
6,160.0,65-74,3.0,monthly,0.01305121107474488,0.0,0.0,1.0,1.0,39,33.87717412156687,1,0.4421381500764542,True
6,160.0,65-74,4.0,weekly,0.019895765252185532,1.0,0.0,0.0,0.0,39,33.87717412156687,1,0.674012303730109,True
6,160.0,75-84,0.0,not_volunteered,0.8263598626307969,0.33102449425100894,0.2190574942192982,0.44991801152969274,1.3182415207231453,11,21.62792504209176,10,17.872449166772117,True
6,160.0,75-84,1.0,once_or_one_off,0.1736401373692034,1.0,0.0,0.0,0.0,11,21.62792504209176,1,3.755475875319647,True
6,160.0,85+,0.0,not_volunteered,1.0,0.8019118359742528,0.19808816402574722,0.0,0.0,4,4.618082348323418,4,4.618082348323418,True
6,171.0,16-24,0.0,not_volunteered,0.8632264113698153,0.32814344200112155,0.1472364058176704,0.5246201521812084,0.7290919375562012,54,127.11189089974233,46,109.72634142381605,False
6,171.0,16-24,1.0,once_or_one_off,0.005342729974229131,0.0,0.0,1.0,0.0,54,127.11189089974233,1,0.6791245095909965,True
6,171.0,16-24,2.0,a_few_times,0.03876803783598003,0.0,0.2694999382711368,0.7305000617288633,0.0,54,127.11189089974233,2,4.927878595804177,True
6,171.0,16-24,4.0,weekly,0.0926628208199754,0.5764624279910923,0.24479863379214467,0.17873893821676295,0.30335491712240636,54,127.11189089974233,5,11.778546370531085,True
6,171.0,25-34,0.0,not_volunteered,0.9054752214147477,0.2487105602524532,0.07979790345273352,0.6714915362948132,1.6298784981711438,128,200.0189345238976,112,181.1121890251681,False
6,171.0,25-34,1.0,once_or_one_off,0.025669563322714237,0.0,0.0,1.0,1.9766093497753963,128,200.0189345238976,3,5.134398705503022,True
6,171.0,25-34,2.0,a_few_times,0.03000783077150478,0.0,0.4107023533186696,0.5892976466813304,0.9145505769653226,128,200.0189345238976,5,6.002134338289814,True
6,171.0,25-34,3.0,monthly,0.025594827642164444,0.5810414021617707,0.0,0.4189585978382294,1.0894134282831425,128,200.0189345238976,5,5.1194501543085345,True
6,171.0,25-34,4.0,weekly,0.013252556848868896,0.6505759346835561,0.0,0.3494240653164439,0.3494240653164439,128,200.0189345238976,3,2.6507623006281382,True
6,171.0,35-44,0.0,not_volunteered,0.888688283342289,0.25937511928996365,0.0802887531892731,0.6603361275207632,1.1523020485904782,110,191.7227358656106,95,170.38174901409658,False
6,171.0,35-44,1.0,once_or_one_off,0.016995826656761834,0.7489128283216583,0.10735651391466532,0.14373065776367644,0.2874613155273529,110,191.7227358656106,3,3.258486384932053,True
6,171.0,35-44,2.0,a_few_times,0.044235018506883834,0.3658452627760843,0.2767023599945806,0.35745237722933526,0.5113082706234289,110,191.7227358656106,5,8.480858769205685,True
6,171.0,35-44,3.0,monthly,0.0025410453716693897,0.0,0.0,1.0,1.0,110,191.7227358656106,1,0.4871761706151027,True
6,171.0,35-44,4.0,weekly,0.047539826122396,0.0,0.0,1.0,1.7895347325260458,110,191.7227358656106,6,9.114465526761183,True
6,171.0,45-54,0.0,not_volunteered,0.8715401411725548,0.2825181604426242,0.09360384601028651,0.6238779935470893,0.9506091309601254,46,73.8382568362032,39,64.3530047869599,False
6,171.0,45-54,1.0,once_or_one_off,0.0380235629583612,0.0,0.0,1.0,1.0,46,73.8382568362032,1,2.8075936075470165,True
6,171.0,45-54,2.0,a_few_times,0.010461632931826318,0.0,1.0,0.0,0.0,46,73.8382568362032,1,0.7724687393462731,True
6,171.0,45-54,3.0,monthly,0.043785344327716746,0.0,0.0,1.0,0.3519697955091108,46,73.8382568362032,2,3.2330335001315422,True
6,171.0,45-54,4.0,weekly,0.036189318609540895,0.0,0.0,1.0,4.9042360694771,46,73.8382568362032,3,2.672156202218469,True
6,171.0,55-64,0.0,not_volunteered,0.884308464157049,0.4772565827712171,0.02014519742110355,0.5025982198076795,0.796666686558833,40,79.46912507412353,35,70.27521994220261,False
6,171.0,55-64,1.0,once_or_one_off,0.01763947221675324,0.0,1.0,0.0,0.0,40,79.46912507412353,1,1.40179342383469,True
6,171.0,55-64,2.0,a_few_times,0.060246154154952526,0.9101289384078868,0.0,0.08987106159211311,0.08987106159211311,40,79.46912507412353,2,4.787709159774849,True
6,171.0,55-64,3.0,monthly,0.01564076022032251,1.0,0.0,0.0,0.0,40,79.46912507412353,1,1.2429575302031854,True
6,171.0,55-64,4.0,weekly,0.022165149250922653,0.0,0.0,1.0,3.0,40,79.46912507412353,1,1.7614450181081878,True
6,171.0,65-74,0.0,not_volunteered,1.0,0.3281768334663852,0.22083347904165268,0.4509896874919621,0.4509896874919621,12,17.51930129664425,12,17.51930129664425,True
6,171.0,75-84,0.0,not_volunteered,1.0,0.17475310323594753,0.2718996446149504,0.5533472521491022,0.6241652286345772,5,9.074019121129723,5,9.074019121129723,True
6,171.0,85+,0.0,not_volunteered,1.0,1.0,0.0,0.0,0.0,1,3.010131918722704,1,3.010131918722704,True
6,196.0,16-24,0.0,not_volunteered,0.9302079443172813,0.2812374611546665,0.13025041491057654,0.5885121239347572,1.2588752882750067,31,80.9713193018963,28,75.32016447647516,True
6,196.0,16-24,1.0,once_or_one_off,0.04774624391850023,0.0,0.6767648183137659,0.3232351816862341,1.2929407267449364,31,80.9713193018963,2,3.8660763617911065,True
6,196.0,16-24,3.0,monthly,0.022045811764218402,0.0,0.0,1.0,1.0,31,80.9713193018963,1,1.78507846363003,True
6,196.0,25-34,0.0,not_volunteered,0.8808932179765542,0.27168178516873115,0.16177631876484638,0.5665418960664227,0.9229854192991764,77,120.26134203616654,69,105.93740058441779,False
6,196.0,25-34,1.0,once_or_one_off,0.07304770792382313,0.37229972360494673,0.24251287519239842,0.38518740120265493,0.7703748024053099,77,120.26134203616654,4,8.784815387584887,True
6,196.0,25-34,2.0,a_few_times,0.013190732518577422,0.0,0.0,1.0,1.0,77,120.26134203616654,2,1.586335195124224,True
6,196.0,25-34,3.0,monthly,0.00899107415604289,0.0,0.0,1.0,2.0,77,120.26134203616654,1,1.0812786443524114,True
6,196.0,25-34,4.0,weekly,0.023877267425002305,0.0,0.0,1.0,4.0,77,120.26134203616654,1,2.8715122246872196,True
6,196.0,35-44,0.0,not_volunteered,0.9517753775808633,0.22865127096907206,0.11180864252998583,0.6595400865009421,0.9110828815346029,80,128.35020724415764,73,122.16056696239019,False
6,196.0,35-44,1.0,once_or_one_off,0.011720368986697285,0.0,0.0,1.0,3.0,80,128.35020724415764,1,1.5043117884205943,True
6,196.0,35-44,2.0,a_few_times,0.008608101105383723,0.6994232605829678,0.0,0.3005767394170322,0.9017302182510967,80,128.35020724415764,2,1.1048515608546632,True
6,196.0,35-44,3.0,monthly,0.010994466248155157,0.0,0.0,1.0,0.0,80,128.35020724415764,1,1.4111420214896109,True
6,196.0,35-44,4.0,weekly,0.016901686078900597,0.0,0.0,1.0,2.4273324849096736,80,128.35020724415764,3,2.169334911002586,True
6,196.0,45-54,0.0,not_volunteered,0.9052643389343269,0.5472034124697847,0.031087318585594513,0.4217092689446208,0.6864840519818919,65,115.28496318017889,59,104.36336598237286,False
6,196.0,45-54,1.0,once_or_one_off,0.06443458579396402,0.4567851011865826,0.28998622284644826,0.2532286759669691,0.0,65,115.28496318017889,3,7.42833885078722,True
6,196.0,45-54,4.0,weekly,0.030301075271709183,0.0,0.0,1.0,2.0723887702484594,65,115.28496318017889,3,3.493258347018822,True
6,196.0,55-64,0.0,not_volunteered,0.9175360750011388,0.2768962924604153,0.08709048702544232,0.636013220514142,0.9096262963874814,50,73.48479093625672,47,67.42494664793225,False
6,196.0,55-64,1.0,once_or_one_off,0.00836222468723142,0.0,0.0,1.0,2.0,50,73.48479093625672,1,0.6144963329032057,True
6,196.0,55-64,2.0,a_few_times,0.04414892005925772,0.0,0.0,1.0,2.0,50,73.48479093625672,1,3.244274160616064,True
6,196.0,55-64,4.0,weekly,0.02995278025237232,0.0,0.0,1.0,1.0,50,73.48479093625672,1,2.2010737948052186,True
6,196.0,65-74,0.0,not_volunteered,0.8411571519373768,0.3616210586183463,0.030274686982233647,0.60810425439942,0.838336840836752,48,67.80562052657356,39,57.035182647479154,False
6,196.0,65-74,1.0,once_or_one_off,0.015427841981351673,0.0,0.0,1.0,3.0,48,67.80562052657356,1,1.0460943989314724,True
6,196.0,65-74,2.0,a_few_times,0.02132861929270879,0.0,0.0,1.0,5.0,48,67.80562052657356,1,1.4462002661171682,True
6,196.0,65-74,3.0,monthly,0.030911729734190166,0.31194046568701156,0.0,0.6880595343129884,1.5226403442229173,48,67.80562052657356,3,2.095989016176499,True
6,196.0,65-74,4.0,weekly,0.09117465705437247,0.0,0.21954171718835014,0.78045828281165,1.1703406181327782,48,67.80562052657356,4,6.182154197869263,True
6,196.0,75-84,0.0,not_volunteered,0.6893758314939756,0.40994010939302816,0.1219813312756528,0.4680785593313191,0.5690190576954147,13,34.31819901753145,9,23.65813698308648,True
6,196.0,75-84,2.0,a_few_times,0.1847664229893114,0.0,0.0,1.0,1.0,13,34.31819901753145,2,6.340850875904587,True
6,196.0,75-84,3.0,monthly,0.022634281028129692,0.0,0.0,1.0,2.0,13,34.31819901753145,1,0.7767677609420911,True
6,196.0,75-84,4.0,weekly,0.10322346448858309,0.0,0.0,1.0,1.0,13,34.31819901753145,1,3.5424433975982845,True
6,196.0,85+,0.0,not_volunteered,1.0,0.0,0.0,1.0,0.0,1,1.1589544712993416,1,1.1589544712993416,True
6,201.0,16-24,0.0,not_volunteered,0.6695338165132917,0.10472558794944314,0.0,0.8952744120505568,2.581156207821563,20,42.72429644309945,14,28.60536125539363,True
6,201.0,16-24,1.0,once_or_one_off,0.16452457382776456,0.0,0.0,1.0,1.3268285034659566,20,42.72429644309945,4,7.029196664392014,True
6,201.0,16-24,3.0,monthly,0.03628052897640509,0.0,0.0,1.0,5.0,20,42.72429644309945,1,1.5500600751003903,True
6,201.0,16-24,4.0,weekly,0.12966108068253882,1.0,0.0,0.0,0.0,20,42.72429644309945,1,5.539678448213423,True
6,201.0,25-34,0.0,not_volunteered,0.8908100431889064,0.10239004655764199,0.1406150508457789,0.756994902596579,2.3105135005141957,45,45.292650264486944,41,40.34714773824765,False
6,201.0,25-34,2.0,a_few_times,0.02424401477281669,0.0,0.0,1.0,0.0,45,45.292650264486944,1,1.0980756821122413,True
6,201.0,25-34,3.0,monthly,0.08494594203827698,0.0,0.0,1.0,2.8371619635273992,45,45.292650264486944,3,3.847426844127058,True
6,201.0,35-44,0.0,not_volunteered,0.9013009685855978,0.12585735344832424,0.1542361505426241,0.7199064960090517,1.6909785578416003,73,78.92819583070404,65,71.13805935092729,False
6,201.0,35-44,1.0,once_or_one_off,0.05832683973756325,0.0,0.0,1.0,3.4957479847091664,73,78.92819583070404,3,4.603632228992483,True
6,201.0,35-44,2.0,a_few_times,0.00717872063891712,0.0,0.0,1.0,2.0,73,78.92819583070404,1,0.5666034684023673,True
6,201.0,35-44,3.0,monthly,0.017568816011149253,0.0,0.0,1.0,1.8825715512049732,73,78.92819583070404,2,1.3866749506415967,True
6,201.0,35-44,4.0,weekly,0.015624655026772512,0.0,0.4267053132214588,0.5732946867785411,3.4397681206712467,73,78.92819583070404,2,1.233225831740295,True
6,201.0,45-54,0.0,not_volunteered,0.8497263469984592,0.20720396465060364,0.09246341452416319,0.7003326208252331,1.2412795319218521,88,92.23698796918899,72,78.37619884519978,False
6,201.0,45-54,1.0,once_or_one_off,0.045593315369840216,0.0,0.0,1.0,2.75370297475981,88,92.23698796918899,4,4.205390081243391,True
6,201.0,45-54,2.0,a_few_times,0.022473819612808713,0.0,0.0,1.0,1.6950523976689178,88,92.23698796918899,3,2.0729174292483608,True
6,201.0,45-54,3.0,monthly,0.032664703835736775,0.0,0.0,1.0,3.4148856156754674,88,92.23698796918899,5,3.012893894713974,True
6,201.0,45-54,4.0,weekly,0.049541814183155446,0.0,0.0,1.0,1.5141540676253664,88,92.23698796918899,4,4.569587718783505,True
6,201.0,55-64,0.0,not_volunteered,0.670784753854264,0.15870103728659138,0.030138177950608382,0.8111607847628003,1.463463247220405,57,47.22120313189246,43,31.67526311952868,False
6,201.0,55-64,1.0,once_or_one_off,0.08898179906251032,0.0,0.0,1.0,3.680491080352316,57,47.22120313189246,3,4.201827608572038,True
6,201.0,55-64,2.0,a_few_times,0.14116367419210335,0.0,0.0,1.0,3.2102199508852163,57,47.22120313189246,4,6.665918533869597,True
6,201.0,55-64,3.0,monthly,0.03740657498963886,1.0,0.0,0.0,0.0,57,47.22120313189246,1,1.7663834760541048,True
6,201.0,55-64,4.0,weekly,0.06166319790148352,0.11499222214337908,0.0,0.885007777856621,3.259471781887378,57,47.22120313189246,6,2.911810393868038,True
6,201.0,65-74,0.0,not_volunteered,0.8859021479301186,0.15492247574635093,0.1361918003025767,0.7088857239510726,1.139440062114826,53,53.92876890908834,46,47.775612211788356,False
6,201.0,65-74,1.0,once_or_one_off,0.022638408192619086,0.0,0.0,1.0,2.0,53,53.92876890908834,1,1.220861483889367,True
6,201.0,65-74,2.0,a_few_times,0.024931375857342234,0.0,0.0,1.0,2.034391094654681,53,53.92876890908834,2,1.3445184071962335,True
6,201.0,65-74,3.0,monthly,0.009763248827332116,0.0,0.0,1.0,2.0,53,53.92876890908834,1,0.5265199898111215,True
6,201.0,65-74,4.0,weekly,0.0567648191925879,0.0,0.0,1.0,3.3973294923278625,53,53.92876890908834,3,3.0612568164032554,True
6,201.0,75-84,0.0,not_volunteered,0.8744785403688734,0.3788157939422947,0.15247201719445383,0.4687121888632514,0.8140030799091168,32,63.15938294166115,26,55.23152500542256,True
6,201.0,75-84,2.0,a_few_times,0.07259641455915684,0.5862533784786025,0.0,0.4137466215213974,1.2412398645641922,32,63.15938294166115,3,4.585144747333372,True
6,201.0,75-84,3.0,monthly,0.014988929086543342,0.0,0.0,1.0,0.0,32,63.15938294166115,1,0.9466915120623942,True
6,201.0,75-84,4.0,weekly,0.03793611598542658,0.0,0.0,1.0,1.0,32,63.15938294166115,2,2.3960216768428304,True
6,201.0,85+,0.0,not_volunteered,1.0,1.0,0.0,0.0,0.0,1,1.4285224929269482,1,1.4285224929269482,True
6,241.0,16-24,0.0,not_volunteered,0.8814792334181,0.2049355149798631,0.06076406686440382,0.7343004181557331,1.3743648647658002,50,115.94034045466059,45,102.19900242620774,False
6,241.0,16-24,2.0,a_few_times,0.011552777530978737,0.0,0.0,1.0,2.0,50,115.94034045466059,1,1.339432960138628,True
6,241.0,16-24,3.0,monthly,0.08807321291082429,0.5652067940136215,0.0,0.43479320598637855,1.3043796179591356,50,115.94034045466059,3,10.211238289816777,True
6,241.0,16-24,4.0,weekly,0.01889477614009702,0.0,0.0,1.0,5.0,50,115.94034045466059,1,2.190666778497446,True
6,241.0,25-34,0.0,not_volunteered,0.9095931111730812,0.1453838832522339,0.06538112179721137,0.7892349949505548,2.1695440691144317,113,211.72103316151524,103,192.57999325416174,False
6,241.0,25-34,1.0,once_or_one_off,0.039258356220828086,0.0,0.0,1.0,4.163665057348349,113,211.72103316151524,2,8.31181973929652,True
6,241.0,25-34,2.0,a_few_times,0.04069223864212576,0.038596993702395194,0.0,0.9614030062976048,3.4042307905829134,113,211.72103316151524,5,8.6154028069658,True
6,241.0,25-34,4.0,weekly,0.010456293963964936,0.3686043604554698,0.0,0.6313956395445302,0.6318510902777171,113,211.72103316151524,3,2.2138173610911718,True
6,241.0,35-44,0.0,not_volunteered,0.8874643377739331,0.21670053398996553,0.07350429035852088,0.7097951756515135,1.583703137591709,88,139.8871695126349,82,124.14487425460045,False
6,241.0,35-44,1.0,once_or_one_off,0.03083951126862402,0.0,0.0,1.0,1.7791957411590593,88,139.8871695126349,2,4.314051940520822,True
6,241.0,35-44,3.0,monthly,0.05682830240444632,0.26906492865252074,0.0,0.7309350713474793,1.5384072543823475,88,139.8871695126349,3,7.94955037156606,True
6,241.0,35-44,4.0,weekly,0.024867848552996667,0.0,0.0,1.0,5.0,88,139.8871695126349,1,3.4786929459475773,True
6,241.0,45-54,0.0,not_volunteered,0.8725629416217041,0.4066648986719173,0.07015581877759991,0.5231792825504827,1.0044856425914417,54,75.3046341973075,48,65.708033132949,False
6,241.0,45-54,1.0,once_or_one_off,0.03931030637917957,0.0,1.0,0.0,0.0,54,75.3046341973075,1,2.960248242068201,True
6,241.0,45-54,2.0,a_few_times,0.034950249769645086,0.0,0.0,1.0,1.6519616298319275,54,75.3046341973075,2,2.6319157740076538,True
6,241.0,45-54,3.0,monthly,0.02048874257703251,0.0,1.0,0.0,0.0,54,75.3046341973075,1,1.5428972649262325,True
6,241.0,45-54,4.0,weekly,0.03268775965243905,0.0,0.2381595645119229,0.7618404354880771,0.7618404354880771,54,75.3046341973075,2,2.4615397833564296,True
6,241.0,55-64,0.0,not_volunteered,0.9192721122772269,0.23202192851828407,0.06739575527619757,0.7005823162055186,1.586071662906545,45,75.93054546690988,42,69.80083291772826,False
6,241.0,55-64,1.0,once_or_one_off,0.043613775303272886,0.0,0.0,1.0,1.0,45,75.93054546690988,2,3.311617748648753,True
6,241.0,55-64,4.0,weekly,0.037114112419500356,1.0,0.0,0.0,0.0,45,75.93054546690988,1,2.8180948005328763,True
6,241.0,65-74,0.0,not_volunteered,0.9833977251302312,0.25812890428618956,0.01566161045780461,0.7262094852560059,1.2397445595501249,26,49.5383009733442,25,48.7158524840034,True
6,241.0,65-74,4.0,weekly,0.016602274869768785,0.0,0.0,1.0,3.0,26,49.5383009733442,1,0.822448489340795,True
6,241.0,75-84,0.0,not_volunteered,0.7938271781170064,0.37948302414066193,0.0,0.6205169758593381,0.8861333862175622,6,19.69621114712328,5,15.635387714517599,True
6,241.0,75-84,4.0,weekly,0.20617282188299352,0.0,0.0,1.0,1.0,6,19.69621114712328,1,4.060823432605679,True
6,241.0,85+,0.0,not_volunteered,1.0,1.0,0.0,0.0,0.0,2,4.098696123598939,2,4.098696123598939,True
6,255.0,16-24,0.0,not_volunteered,0.7060505071909497,0.020990259578775237,0.021699398493247576,0.9573103419279771,1.6115257775770602,27,44.05734170342178,21,31.106708455185927,True
6,255.0,16-24,1.0,once_or_one_off,0.046188393624381846,0.0,0.0,1.0,0.0,27,44.05734170342178,1,2.034937840641539,True
6,255.0,16-24,2.0,a_few_times,0.05687147203920566,1.0,0.0,0.0,0.0,27,44.05734170342178,1,2.505605876807881,True
6,255.0,16-24,3.0,monthly,0.14930012103948379,0.8112882555846416,0.0,0.18871174441535837,0.29763015647441343,27,44.05734170342178,3,6.577766448998768,True
6,255.0,16-24,4.0,weekly,0.04158950610597901,0.0,0.0,1.0,6.0,27,44.05734170342178,1,1.8323230817876637,True
6,255.0,25-34,0.0,not_volunteered,0.9267589998492739,0.26273899751702534,0.040118176087992945,0.6971428263949816,1.6397596247153718,53,58.99341534063472,47,54.67267859877944,False
6,255.0,25-34,1.0,once_or_one_off,0.015898287032884175,0.0,0.0,1.0,4.0,53,58.99341534063472,2,0.9378942501355634,True
6,255.0,25-34,2.0,a_few_times,0.030515803471022434,0.0,0.0,1.0,1.0,53,58.99341534063472,2,1.8002314686192091,True
6,255.0,25-34,3.0,monthly,0.026826909646819542,0.0,0.0,1.0,1.0,53,58.99341534063472,2,1.5826110231005055,True
6,255.0,35-44,0.0,not_volunteered,0.8537276061368996,0.28257378689629015,0.15754484825803838,0.5598813648456717,0.9227149557035447,92,88.0320164513137,84,75.1553626683842,False
6,255.0,35-44,1.0,once_or_one_off,0.0053300832811658035,0.0,1.0,0.0,0.0,92,88.0320164513137,1,0.4692179790944601,True
6,255.0,35-44,2.0,a_few_times,0.06726739837703417,0.0,0.0,1.0,2.0,92,88.0320164513137,1,5.921684720564144,True
6,255.0,35-44,3.0,monthly,0.0426177398071935,0.0,0.08593564724639513,0.9140643527536048,1.143544257596595,92,88.0320164513137,3,3.751725571824665,True
6,255.0,35-44,4.0,weekly,0.031057172397706872,0.0,0.0,1.0,1.6519557569682937,92,88.0320164513137,3,2.734025511446217,True
6,255.0,45-54,0.0,not_volunteered,0.9185113353664653,0.3674997658253659,0.10455736310947535,0.5279428710651588,0.8344150093887187,86,91.3693795942046,78,83.92381086267834,False
6,255.0,45-54,1.0,once_or_one_off,0.03367681156256778,0.0,0.0,1.0,1.6331001017945046,86,91.3693795942046,3,3.0770293791827537,True
6,255.0,45-54,2.0,a_few_times,0.03936621822251659,0.3156631282628226,0.0,0.6843368717371774,1.4713945392840695,86,91.3693795942046,4,3.5968669359614127,True
6,255.0,45-54,3.0,monthly,0.008445634848450182,0.0,0.0,1.0,2.0,86,91.3693795942046,1,0.7716724163820873,True
6,255.0,55-64,0.0,not_volunteered,0.8297122267025591,0.21260145003444958,0.11520501952551361,0.6721935304400369,0.6031502386318798,51,54.535661172315294,42,45.24890486597801,False
6,255.0,55-64,1.0,once_or_one_off,0.011499566448994603,0.0,0.0,1.0,1.539989905202949,51,54.535661172315294,2,0.6271364594908946,True
6,255.0,55-64,2.0,a_few_times,0.005390071724749512,0.0,0.0,1.0,2.0,51,54.535661172315294,1,0.2939511252754165,True
6,255.0,55-64,3.0,monthly,0.0817769529986548,0.674797676714663,0.0,0.32520232328533716,0.7590554089654377,51,54.535661172315294,4,4.459760200438991,True
6,255.0,55-64,4.0,weekly,0.07162118212504213,0.0,0.07639893187628832,0.9236010681237117,1.8472021362474234,51,54.535661172315294,2,3.905908521131982,True
6,255.0,65-74,0.0,not_volunteered,0.9048199731925486,0.2928261596762525,0.01743171424529125,0.6897421260784562,1.1333749063460488,52,56.823597504260526,45,51.41512597050918,False
6,255.0,65-74,2.0,a_few_times,0.035049131486401645,0.0,0.0,1.0,1.4055253932911072,52,56.823597504260526,2,1.9916177404571918,True
6,255.0,65-74,3.0,monthly,0.05361466321163988,0.0,0.27081940258682907,0.729180597413171,0.729180597413171,52,56.823597504260526,4,3.0465780426647084,True
6,255.0,65-74,4.0,weekly,0.006516232109409844,0.0,0.0,1.0,1.0,52,56.823597504260526,1,0.3702757506294435,True
6,255.0,75-84,0.0,not_volunteered,0.828659420483014,0.5196289370326203,0.05983340575660574,0.4205376572107739,0.39317808239843977,16,32.61628020941038,12,27.027787856641602,True
6,255.0,75-84,3.0,monthly,0.17134057951698614,0.47218867382582347,0.0,0.5278113261741766,0.1999948355799211,16,32.61628020941038,4,5.58849235276878,True
6,255.0,85+,0.0,not_volunteered,1.0,0.5501084023648355,0.0,0.44989159763516445,0.0,2,2.3324217565474745,2,2.3324217565474745,True
6,272.0,16-24,0.0,not_volunteered,0.9734855769611523,0.30015420031243994,0.12803894914148514,0.5718068505460748,1.0824963189067023,60,114.46096369319979,58,111.42609728040411,False
6,272.0,16-24,3.0,monthly,0.00851583082138877,0.0,0.0,1.0,1.0,60,114.46096369319979,1,0.9747302024644118,True
6,272.0,16-24,4.0,weekly,0.017998592217458906,1.0,0.0,0.0,0.0,60,114.46096369319979,1,2.060136210331272,True
6,272.0,25-34,0.0,not_volunteered,0.9386486565225673,0.24754142862779216,0.1955257388487347,0.556932832523473,1.3646464503374227,158,253.72194350981397,150,238.15576140578162,False
6,272.0,25-34,1.0,once_or_one_off,0.025926475276535268,0.0,0.0,1.0,1.5273176754709272,158,253.72194350981397,3,6.57811569552167,True
6,272.0,25-34,3.0,monthly,0.015147120962913157,0.0,0.0,1.0,3.0,158,253.72194350981397,1,3.843156969288571,True
6,272.0,25-34,4.0,weekly,0.02027774723798421,0.0,0.252885156507471,0.7471148434925291,2.61452586809482,158,253.72194350981397,4,5.144909439222117,True
6,272.0,35-44,0.0,not_volunteered,0.8928984194190613,0.2825745126964337,0.09332353600943526,0.6241019512941309,1.6117912348094465,95,149.42831716395347,85,133.42430821214424,False
6,272.0,35-44,1.0,once_or_one_off,0.01924930854478725,0.7939034397559389,0.0,0.2060965602440611,0.2060965602440611,95,149.42831716395347,2,2.8763917824172687,True
6,272.0,35-44,2.0,a_few_times,0.06350588325351118,0.4008338525728174,0.0,0.5991661474271824,3.269797219149536,95,149.42831716395347,6,9.489577264582671,True
6,272.0,35-44,3.0,monthly,0.018165448778638554,0.0,0.0,1.0,1.0,95,149.42831716395347,1,2.714432441519953,True
6,272.0,35-44,4.0,weekly,0.006180940004001824,0.0,0.0,1.0,2.0,95,149.42831716395347,1,0.9236074632893524,True
6,272.0,45-54,0.0,not_volunteered,0.9084784277660818,0.5129073082161167,0.046583268078181736,0.4405094237057015,1.0841505342457698,54,82.77864535313874,49,75.20261358302555,False
6,272.0,45-54,2.0,a_few_times,0.016867211852776585,0.0,0.0,1.0,1.6150596781345012,54,82.77864535313874,2,1.3962449480572512,True
6,272.0,45-54,4.0,weekly,0.07465436038114195,0.0,0.47185151824798877,0.5281484817520112,1.6521237991996034,54,82.77864535313874,3,6.179786822055962,True
6,272.0,55-64,0.0,not_volunteered,0.9542883459709389,0.20057485701601388,0.11238263903023757,0.6870425039537487,1.2723062343227796,36,55.10429723163104,34,52.58538866106417,False
6,272.0,55-64,2.0,a_few_times,0.02084809222625471,0.0,0.0,1.0,1.0,36,55.10429723163104,1,1.148819470747996,True
6,272.0,55-64,3.0,monthly,0.024863561802806466,0.0,0.0,1.0,2.0,36,55.10429723163104,1,1.3700890998188755,True
6,272.0,65-74,0.0,not_volunteered,1.0,0.5934402795988544,0.0,0.4065597204011455,0.813119440802291,3,5.904322713897569,3,5.904322713897569,True
6,272.0,75-84,0.0,not_volunteered,1.0,0.6101918359218828,0.0,0.38980816407811736,0.6929689480706014,4,13.720383326228976,4,13.720383326228976,True
6,272.0,85+,0.0,not_volunteered,1.0,1.0,0.0,0.0,0.0,2,2.8539738593105097,2,2.8539738593105097,True
6,279.0,16-24,0.0,not_volunteered,0.887106810177449,0.30871392129498276,0.18962455868806377,0.5016615200169534,1.2888007281451859,34,70.44406777129424,28,62.491412256516874,True
6,279.0,16-24,1.0,once_or_one_off,0.039469726574787256,0.0,0.0,1.0,1.0,34,70.44406777129424,1,2.780408093748767,True
6,279.0,16-24,2.0,a_few_times,0.035091789051391535,0.39018404588731737,0.0,0.6098159541126827,1.4708070982439407,34,70.44406777129424,3,2.4720083661521866,True
6,279.0,16-24,4.0,weekly,0.03833167419637233,0.0,0.0,1.0,2.3464909506026816,34,70.44406777129424,2,2.7002390548764232,True
6,279.0,25-34,0.0,not_volunteered,0.9325332236546289,0.24630470734868545,0.08755896569585955,0.666136326955455,1.196323645547751,101,132.4703231098428,93,123.532977448192,False
6,279.0,25-34,1.0,once_or_one_off,0.03183036200829078,0.0,0.0,1.0,1.9407033402047158,101,132.4703231098428,4,4.216578339941544,True
6,279.0,25-34,2.0,a_few_times,0.03296520499659702,0.0,0.0,1.0,1.8713799944266507,101,132.4703231098428,3,4.3669113572814116,True
6,279.0,25-34,4.0,weekly,0.002671209340483348,0.0,0.0,1.0,2.0,101,132.4703231098428,1,0.3538559644278592,True
6,279.0,35-44,0.0,not_volunteered,0.9580449027245675,0.3132508580682882,0.1421783674747559,0.5445707744569558,1.1085671450430483,116,161.211045554443,109,154.44742045633217,False
6,279.0,35-44,1.0,once_or_one_off,0.014249627428275315,0.0,0.0,1.0,1.0,116,161.211045554443,1,2.2971973364735323,True
6,279.0,35-44,2.0,a_few_times,0.004719010906825412,0.0,0.0,1.0,4.0,116,161.211045554443,2,0.7607566822721448,True
6,279.0,35-44,3.0,monthly,0.010008139250187675,0.0,0.0,1.0,1.0,116,161.211045554443,1,1.613422592577214,True
6,279.0,35-44,4.0,weekly,0.012978319690144088,0.0,0.0,1.0,1.386924308129266,116,161.211045554443,3,2.092248486787943,True
6,279.0,45-54,0.0,not_volunteered,0.8758489731321276,0.23519700190358198,0.1950837816074555,0.5697192164889625,0.7492192690810743,66,74.74847146164089,56,65.46837197287432,False
6,279.0,45-54,1.0,once_or_one_off,0.04074125975538878,0.27622291036497515,0.0,0.7237770896350249,0.678467528221716,66,74.74847146164089,3,3.0453468921369766,True
6,279.0,45-54,2.0,a_few_times,0.009344794782272684,0.0,0.0,1.0,3.2091578741050393,66,74.74847146164089,2,0.6985091260976004,True
6,279.0,45-54,3.0,monthly,0.03532280860161882,0.5299504489295161,0.0,0.4700495510704837,1.1046487921833168,66,74.74847146164089,3,2.640325950703108,True
6,279.0,45-54,4.0,weekly,0.038742163728592065,0.0,0.0,1.0,3.7214633339914878,66,74.74847146164089,2,2.895917519828883,True
6,279.0,55-64,0.0,not_volunteered,0.9377229528456067,0.36669588829954275,0.1605062688043595,0.47279784289609766,0.6497421160625952,46,71.83579191981453,41,67.36207091905105,False
6,279.0,55-64,2.0,a_few_times,0.024414617459676616,0.0,0.0,1.0,3.0000000000000004,46,71.83579191981453,2,1.7538433796352,True
6,279.0,55-64,4.0,weekly,0.03786242969471671,0.0,0.0,1.0,1.30268984532944,46,71.83579191981453,3,2.7198776211282762,True
6,279.0,65-74,0.0,not_volunteered,0.9852216618011937,0.5070810721071322,0.1356645368880635,0.35725439100480433,0.5512687848044198,16,22.64974907638647,15,22.315023424417532,True
6,279.0,65-74,2.0,a_few_times,0.014778338198806274,0.0,0.0,1.0,3.0,16,22.64974907638647,1,0.3347256519689393,True
6,279.0,75-84,0.0,not_volunteered,1.0,0.25765834639248386,0.09189234104896829,0.6504493125585479,0.3322380624482079,12,33.63883371709693,12,33.63883371709693,True
6,279.0,85+,0.0,not_volunteered,1.0,0.29689825143298343,0.7031017485670166,0.0,0.0,2,10.712269635207111,2,10.712269635207111,True
6,280.0,16-24,0.0,not_volunteered,0.8361866385050052,0.2680369919711336,0.07912089425788527,0.652842113770981,1.976319318748089,27,81.40650972442151,23,68.07103571888904,True
6,280.0,16-24,1.0,once_or_one_off,0.028414479828094114,0.0,0.0,1.0,2.0,27,81.40650972442151,1,2.313123628440122,True
6,280.0,16-24,2.0,a_few_times,0.08243005322088535,0.0,0.0,1.0,5.999999999999999,27,81.40650972442151,1,6.7103429291105865,True
6,280.0,16-24,3.0,monthly,0.05296882844601549,0.0,0.0,1.0,1.4312669703504568,27,81.40650972442151,2,4.312007447981775,True
6,280.0,25-34,0.0,not_volunteered,0.9304380794542553,0.13420146116350917,0.07658781043869645,0.7892107283977943,1.8913340985485887,133,250.02563314818448,124,232.63336992073096,False
6,280.0,25-34,1.0,once_or_one_off,0.022018024953656377,0.0,0.0,1.0,1.4842075349105526,133,250.02563314818448,4,5.505070629710461,True
6,280.0,25-34,2.0,a_few_times,0.024051928003275408,0.6820943244037317,0.0,0.3179056755962681,0.10596855853208938,133,250.02563314818448,3,6.013598527453483,True
6,280.0,25-34,3.0,monthly,0.023491967588813154,0.0,0.0,1.0,5.83860413384804,133,250.02563314818448,2,5.873594070289638,True
6,280.0,35-44,0.0,not_volunteered,0.9108538345847699,0.14049487356267432,0.08328583705075099,0.7762192893865747,1.8049315850820096,97,154.93175167814053,88,141.12018011496966,False
6,280.0,35-44,1.0,once_or_one_off,0.029545348974922954,0.0,0.0,1.0,1.8079308535649512,97,154.93175167814053,4,4.577512670626767,True
6,280.0,35-44,2.0,a_few_times,0.029109574537065325,0.0,0.0,1.0,3.6383636788291644,97,154.93175167814053,2,4.5099973736329275,True
6,280.0,35-44,3.0,monthly,0.030491241903241716,0.0,0.0,1.0,2.681262943834896,97,154.93175167814053,3,4.724061518911158,True
6,280.0,45-54,0.0,not_volunteered,0.8377018967128163,0.16884411895230567,0.06451065134429801,0.7666452297033962,1.7110164631392222,61,85.32155647677563,51,71.47402969108461,False
6,280.0,45-54,2.0,a_few_times,0.05555171276025928,0.552503742761779,0.0,0.44749625723822095,0.6380903464256586,61,85.32155647677563,5,4.739758597656079,True
6,280.0,45-54,3.0,monthly,0.056347273378163906,0.0,0.16736889300562233,0.8326311069943778,0.9545566694545058,61,85.32155647677563,3,4.8076370678473275,True
6,280.0,45-54,4.0,weekly,0.050399117148760574,0.8869198456402426,0.0,0.11308015435975724,0.22616030871951448,61,85.32155647677563,2,4.300131120187606,True
6,280.0,55-64,0.0,not_volunteered,0.7580509878663486,0.2206720494149306,0.0,0.7793279505850694,1.7537101685503427,48,71.8765972999733,37,54.48612558771649,False
6,280.0,55-64,1.0,once_or_one_off,0.019774834073151448,0.0,0.0,1.0,1.0,48,71.8765972999733,2,1.4213477853496974,True
6,280.0,55-64,2.0,a_few_times,0.03237621563305301,0.0,0.0,1.0,2.393815193943915,48,71.8765972999733,2,2.3270922131540517,True
6,280.0,55-64,3.0,monthly,0.12326949260091649,0.0,0.06848792784082837,0.9315120721591716,1.4447814868904778,48,71.8765972999733,4,8.860191679048112,True
6,280.0,55-64,4.0,weekly,0.06652846982653059,0.0,0.0,1.0,3.208041281081822,48,71.8765972999733,3,4.781840034704963,True
6,280.0,65-74,0.0,not_volunteered,0.9531441006828845,0.31919794680527813,0.0,0.680802053194722,1.142617229883028,28,49.49693041424423,27,47.17770722624813,True
6,280.0,65-74,2.0,a_few_times,0.04685589931711552,0.0,0.0,1.0,3.0,28,49.49693041424423,1,2.319223187996101,True
6,280.0,75-84,0.0,not_volunteered,0.7634999095200482,0.5269611028160339,0.06072898042039642,0.4123099167635697,0.4123099167635697,11,40.81244308516686,8,31.160296602817017,True
6,280.0,75-84,3.0,monthly,0.15868771956283226,0.0,0.1752523864834176,0.8247476135165824,0.8247476135165824,11,40.81244308516686,2,6.476433522973012,True
6,280.0,75-84,4.0,weekly,0.07781237091711944,0.0,0.0,1.0,1.0,11,40.81244308516686,1,3.1757129593768303,True
6,280.0,85+,0.0,not_volunteered,1.0,1.0,0.0,0.0,0.0,1,2.589530604513097,1,2.589530604513097,True
6,293.0,16-24,0.0,not_volunteered,0.8129953740363458,0.17747422109895197,0.288839810493783,0.5336859684072651,1.6850179353917096,40,102.49267761213974,33,83.32607277126816,False
6,293.0,16-24,2.0,a_few_times,0.10728428225237713,0.38860046290626227,0.0,0.6113995370937377,0.7766895751591729,40,102.49267761213974,4,10.995853353742694,True
6,293.0,16-24,3.0,monthly,0.0797203437112771,0.8056058968952344,0.0,0.19439410310476554,0.5831823093142967,40,102.49267761213974,3,8.170751487128896,True
6,293.0,25-34,0.0,not_volunteered,0.8825733867348007,0.21269490793047,0.19071602550192474,0.5965890665676049,1.3362392876535403,89,162.32882263710263,82,143.26709875950044,False
6,293.0,25-34,1.0,once_or_one_off,0.018694776180108685,0.0,0.2600091032732155,0.7399908967267845,4.439945380360707,89,162.32882263710263,2,3.0347010067811935,True
6,293.0,25-34,2.0,a_few_times,0.026452339490623582,0.20495783550245106,0.0,0.7950421644975489,2.3851264934926464,89,162.32882263710263,2,4.293977125509861,True
6,293.0,25-34,3.0,monthly,0.032086652696127295,1.0,0.0,0.0,0.0,89,162.32882263710263,1,5.208588554527958,True
6,293.0,25-34,4.0,weekly,0.0401928448983399,0.0,0.0,1.0,2.412422229128492,89,162.32882263710263,2,6.524457190783194,True
6,293.0,35-44,0.0,not_volunteered,0.8743951384649108,0.12078121890791702,0.10978664427377292,0.7694321368183102,1.6026311698431328,56,92.84810467800615,53,81.18593134612972,False
6,293.0,35-44,2.0,a_few_times,0.08390107727895448,0.0,0.0,1.0,1.0,56,92.84810467800615,2,7.790056005793849,True
6,293.0,35-44,4.0,weekly,0.04170378425613469,0.0,0.0,1.0,3.0,56,92.84810467800615,1,3.872117326082579,True
6,293.0,45-54,0.0,not_volunteered,0.9538405412383616,0.21518993084616045,0.09159442863585826,0.6932156405179813,1.7758318686079497,50,71.24518198232076,47,67.9565429426424,False
6,293.0,45-54,1.0,once_or_one_off,0.0187616574266324,0.0,0.2860792957977374,0.7139207042022626,2.8556828168090505,50,71.24518198232076,2,1.3366776976503851,True
6,293.0,45-54,3.0,monthly,0.02739780133500614,0.0,0.0,1.0,2.0,50,71.24518198232076,1,1.951961342027983,True
6,293.0,55-64,0.0,not_volunteered,0.9684710860962877,0.29675678506568376,0.06170296621035833,0.641540248723958,1.5748465236751483,43,52.53800374272093,41,50.88153754604377,False
6,293.0,55-64,1.0,once_or_one_off,0.011678454415464052,1.0,0.0,0.0,0.0,43,52.53800374272093,1,0.6135626817888461,True
6,293.0,55-64,4.0,weekly,0.019850459488248297,0.0,0.0,1.0,3.0,43,52.53800374272093,1,1.0429035148883192,True
6,293.0,65-74,0.0,not_volunteered,0.9550170995138243,0.12784816363472729,0.10262742497640533,0.7695244113888675,1.4758373534670908,41,66.58759920452172,38,63.59229585589137,False
6,293.0,65-74,1.0,once_or_one_off,0.03368156941333603,0.0,0.31862295983149025,0.6813770401685099,0.6813770401685099,41,66.58759920452172,2,2.2427748446744973,True
6,293.0,65-74,4.0,weekly,0.011301331072839519,0.0,0.0,1.0,1.0,41,66.58759920452172,1,0.7525285039558454,True
6,293.0,75-84,0.0,not_volunteered,0.626453107883431,0.6382946798875363,0.0,0.3617053201124639,0.12474220202728935,11,29.67411744578045,8,18.589443097607102,True
6,293.0,75-84,2.0,a_few_times,0.3030362778941274,0.0,0.0,1.0,2.0,11,29.67411744578045,2,8.992334100562498,True
6,293.0,75-84,3.0,monthly,0.07051061422244151,0.0,0.0,1.0,1.0,11,29.67411744578045,1,2.0923402476108466,True
6,293.0,85+,0.0,not_volunteered,1.0,1.0,0.0,0.0,0.0,2,8.592798875355575,2,8.592798875355575,True
7,8.0,16-24,0.0,not_volunteered,0.8495407807852594,0.35250610719236075,0.1272233302854147,0.5202705625222247,1.2305435719081306,51,83.10146124876269,40,70.59808027366984,False
7,8.0,16-24,1.0,once_or_one_off,0.07685656938017021,0.0,0.0,1.0,1.0,51,83.10146124876269,2,6.386893222059056,True
7,8.0,16-24,2.0,a_few_times,0.00802420073666365,0.0,0.0,1.0,0.44273053069790963,51,83.10146124876269,2,0.6668228065701474,True
7,8.0,16-24,3.0,monthly,0.00975515575185064,0.32335666912825495,0.0,0.6766433308717451,2.0299299926152354,51,83.10146124876269,2,0.8106676976880605,True
7,8.0,16-24,4.0,weekly,0.05582329334605588,0.4136340343388263,0.0,0.5863659656611737,2.394731791181807,51,83.10146124876269,5,4.638997248775575,True
7,8.0,25-34,0.0,not_volunteered,0.8324000349476327,0.4209434870267455,0.04406669576176774,0.5349898172114868,0.9553322661359227,84,97.23050212732522,66,80.9346733687614,False
7,8.0,25-34,1.0,once_or_one_off,0.03690643003708526,0.1458636061689744,0.1168451498280472,0.7372912440029784,0.7372912440029784,84,97.23050212732522,6,3.588430724232798,True
7,8.0,25-34,2.0,a_few_times,0.04891214080328402,0.0,0.11748027226109174,0.8825197277389083,1.4643774623980887,84,97.23050212732522,7,4.755752010425738,True
7,8.0,25-34,3.0,monthly,0.016041746456052993,0.0,0.0,1.0,2.0,84,97.23050212732522,2,1.5597470629212724,True
7,8.0,25-34,4.0,weekly,0.06573964775594503,0.0,0.0,1.0,2.0,84,97.23050212732522,3,6.391898960984024,True
7,8.0,35-44,0.0,not_volunteered,0.786455979798832,0.3065622876121945,0.13798941664909903,0.5554482957387062,1.1710830414567721,95,99.11596142767723,78,77.95034055830713,False
7,8.0,35-44,1.0,once_or_one_off,0.00783084817500132,0.645323360757903,0.0,0.3546766392420971,0.3546766392420971,95,99.11596142767723,2,0.7761620456594276,True
7,8.0,35-44,2.0,a_few_times,0.05723997288162601,0.0,0.0,1.0,0.9602042238248247,95,99.11596142767723,3,5.673394944256534,True
7,8.0,35-44,3.0,monthly,0.02256727901019351,0.0,0.0,1.0,1.8722501432694074,95,99.11596142767723,2,2.23677755590197,True
7,8.0,35-44,4.0,weekly,0.12590592013434718,0.06730870542264403,0.0447478019932514,0.8879434925841044,2.169304719345408,95,99.11596142767723,10,12.479286323552165,True
7,8.0,45-54,0.0,not_volunteered,0.7716899139341606,0.32427145263152696,0.10917953617568324,0.5665490111927898,1.0733563912773816,61,71.628543008116,50,55.27502418916236,False
7,8.0,45-54,1.0,once_or_one_off,0.016427789693933176,0.0,0.0,1.0,1.7972109650275057,61,71.628543008116,2,1.1766986406201774,True
7,8.0,45-54,2.0,a_few_times,0.024563055781887222,0.0,0.0,1.0,1.0,61,71.628543008116,1,1.7594158974836611,True
7,8.0,45-54,3.0,monthly,0.059469607770199676,0.333555377503998,0.0,0.666444622496002,0.29661869198375396,61,71.628543008116,4,4.259721357843537,True
7,8.0,45-54,4.0,weekly,0.12784963281981912,0.1780439585454382,0.0,0.8219560414545619,1.76090232930628,61,71.628543008116,4,9.157682923006252,True
7,8.0,55-64,0.0,not_volunteered,0.9765773326633765,0.558171360344261,0.017351266369237752,0.42447737328650126,0.7588670608099501,38,38.23488935946621,36,37.33932626534683,False
7,8.0,55-64,3.0,monthly,0.010693446474817452,1.0,0.0,0.0,0.0,38,38.23488935946621,1,0.4088627428360192,True
7,8.0,55-64,4.0,weekly,0.012729220861805786,0.0,0.0,1.0,2.9999999999999996,38,38.23488935946621,1,0.4867003512833533,True
7,8.0,65-74,0.0,not_volunteered,0.979753479333636,0.46876421262457435,0.06444900455083524,0.46678678282459024,0.37923583744281886,19,13.073286235517532,18,12.808597675572834,True
7,8.0,65-74,2.0,a_few_times,0.020246520666364076,0.0,0.0,1.0,5.0,19,13.073286235517532,1,0.2646885599446987,True
7,8.0,75-84,0.0,not_volunteered,1.0,0.1040648727234011,0.1310528667265693,0.7648822605500296,1.5278465762748499,8,13.301843552363692,8,13.301843552363692,True
7,8.0,85+,0.0,not_volunteered,1.0,0.19523110230231955,0.11826807146391326,0.6865008262337672,0.3943826439986417,5,5.60979392472958,5,5.60979392472958,True
7,9.0,16-24,0.0,not_volunteered,0.6162990790947533,0.0920776958474433,0.17673084608870823,0.7311914580638486,1.367265764400016,31,107.29619591277987,22,66.12654673141647,True
7,9.0,16-24,1.0,once_or_one_off,0.0583814884662594,0.5111646768272907,0.0,0.4888353231727092,0.9776706463454184,31,107.29619591277987,3,6.264111624155467,True
7,9.0,16-24,2.0,a_few_times,0.1714018360056182,0.0,0.0,1.0,3.65397590453823,31,107.29619591277987,4,18.390764975868976,True
7,9.0,16-24,3.0,monthly,0.05351645752220821,1.0,0.0,0.0,0.0,31,107.29619591277987,1,5.742112310860814,True
7,9.0,16-24,4.0,weekly,0.10040113891116084,0.0,1.0,0.0,0.0,31,107.29619591277987,1,10.77266027047814,True
7,9.0,25-34,0.0,not_volunteered,0.9717487906942703,0.2304491610554295,0.1548390100652439,0.6147118288793265,1.3412468584891482,75,176.3948792441428,71,171.4115105901576,False
7,9.0,25-34,1.0,once_or_one_off,0.006482747951071826,0.0,0.0,1.0,1.0,75,176.3948792441428,1,1.1435235419995289,True
7,9.0,25-34,2.0,a_few_times,0.018048817600266512,0.7551825626865197,0.0,0.24481743731348035,0.0,75,176.3948792441428,2,3.1837190010985705,True
7,9.0,25-34,3.0,monthly,0.003719643754391386,0.0,0.0,1.0,2.0,75,176.3948792441428,1,0.6561261108870985,True
7,9.0,35-44,0.0,not_volunteered,0.8903396600059504,0.2245565886229878,0.17532093340258897,0.6001224779744233,1.400945524268762,67,122.26754680935184,58,108.85964605599995,False
7,9.0,35-44,1.0,once_or_one_off,0.033846487348242096,0.0,0.0,1.0,1.8088586476971213,67,122.26754680935184,2,4.1383269761833255,True
7,9.0,35-44,2.0,a_few_times,0.03385248335314215,0.14604284899301384,0.0,0.8539571510069862,2.777304184210246,67,122.26754680935184,4,4.139060092993112,True
7,9.0,35-44,3.0,monthly,0.01640077558838098,0.0,1.0,0.0,0.0,67,122.26754680935184,1,2.0052825969620462,True
7,9.0,35-44,4.0,weekly,0.025560593704284446,0.0,0.0,1.0,1.4190614135275141,67,122.26754680935184,2,3.1252310872134226,True
7,9.0,45-54,0.0,not_volunteered,0.7218653692979312,0.2653262693593152,0.1133404863809533,0.6213332442597312,0.9357556666948511,62,123.00848971618603,47,88.7955688557554,False
7,9.0,45-54,1.0,once_or_one_off,0.025934690603141547,0.1725184641213655,0.0,0.8274815358786344,2.604954251768078,62,123.00848971618603,3,3.1901871223490037,True
7,9.0,45-54,2.0,a_few_times,0.09254257491738563,0.0,0.0,1.0,2.892624225919548,62,123.00848971618603,4,11.383522375034605,True
7,9.0,45-54,3.0,monthly,0.08725413159511752,0.0,0.0,1.0,2.0136273213505693,62,123.00848971618603,4,10.732998949012757,True
7,9.0,45-54,4.0,weekly,0.07240323358642414,0.0,0.0,1.0,4.874969206746449,62,123.00848971618603,4,8.90621241403427,True
7,9.0,55-64,0.0,not_volunteered,0.8596524358272797,0.14605241027526453,0.18206366670945248,0.6718839230152829,1.665754729330861,62,104.91759828241226,54,90.19266892462372,False
7,9.0,55-64,1.0,once_or_one_off,0.03234101547819169,0.0,0.0,1.0,2.6168573143580005,62,104.91759828241226,2,3.3931416699861927,True
7,9.0,55-64,2.0,a_few_times,0.06625044730697133,0.0,0.0,1.0,5.054508575837421,62,104.91759828241226,2,6.950837816582938,True
7,9.0,55-64,3.0,monthly,0.03666394358131776,0.0,0.0,1.0,2.2042687224251485,62,104.91759828241226,3,3.8466929041137243,True
7,9.0,55-64,4.0,weekly,0.005092157806239613,0.0,0.0,1.0,1.0,62,104.91759828241226,1,0.5342569671056974,True
7,9.0,65-74,0.0,not_volunteered,0.833705367290615,0.14207056760345427,0.05067622867944188,0.8072532037171039,1.1915613656140387,52,117.98263180863668,46,98.36275338593283,False
7,9.0,65-74,1.0,once_or_one_off,0.0461354817898722,0.0,0.0,1.0,2.269377726976226,52,117.98263180863668,2,5.443185561328554,True
7,9.0,65-74,2.0,a_few_times,0.0483566967146534,0.0,0.0,1.0,3.0,52,117.98263180863668,1,5.7052503439668625,True
7,9.0,65-74,3.0,monthly,0.009675408372328604,0.0,0.0,1.0,1.0,52,117.98263180863668,1,1.1415301435906464,True
7,9.0,65-74,4.0,weekly,0.062127045832531064,0.0,0.0,1.0,0.0,52,117.98263180863668,2,7.329912373817809,True
7,9.0,75-84,0.0,not_volunteered,0.8728881644074125,0.49000995364456934,0.17702778433722913,0.3329622620182015,0.6072321926024451,23,80.46737032654903,21,70.23901517903288,True
7,9.0,75-84,1.0,once_or_one_off,0.07056779916539284,0.0,0.0,1.0,1.0,23,80.46737032654903,1,5.6784052285712034,True
7,9.0,75-84,2.0,a_few_times,0.05654403642719468,0.0,0.0,1.0,1.0,23,80.46737032654903,1,4.549949918944953,True
7,9.0,85+,0.0,not_volunteered,1.0,0.843230608068265,0.0,0.1567693919317349,0.0,7,22.946517838490266,7,22.946517838490266,True
7,17.0,16-24,0.0,not_volunteered,0.8907240528283297,0.22177858317147114,0.08390086342338983,0.6943205534051391,1.6899869210814555,21,44.560155929287454,18,39.69080268399725,True
7,17.0,16-24,3.0,monthly,0.016676201193148443,0.0,0.0,1.0,2.0,21,44.560155929287454,1,0.7430941254748642,True
7,17.0,16-24,4.0,weekly,0.09259974597852196,0.0,0.0,1.0,4.557297847660237,21,44.560155929287454,2,4.126259119815347,True
7,17.0,25-34,0.0,not_volunteered,0.8334608962985477,0.3093647499616333,0.14073427062494825,0.5499009794134183,1.1597162192969428,62,90.97924635588096,56,75.82764421233892,False
7,17.0,25-34,1.0,once_or_one_off,0.03445480255841875,0.0,0.0,1.0,1.0,62,90.97924635588096,2,3.134671970105617,True
7,17.0,25-34,2.0,a_few_times,0.0935146746962119,0.0,0.0,1.0,2.8342627082423673,62,90.97924635588096,2,8.50789462707673,True
7,17.0,25-34,4.0,weekly,0.03856962644682157,0.2526789017567591,0.0,0.7473210982432409,1.4946421964864818,62,90.97924635588096,2,3.5090355463596814,True
7,17.0,35-44,0.0,not_volunteered,0.7669853594698597,0.16151426074848949,0.14886419815371343,0.689621541097797,1.3870199072872118,84,111.67007783145341,65,85.6493147875845,False
7,17.0,35-44,1.0,once_or_one_off,0.08237234376957815,0.23124222132968064,0.1068199503613182,0.6619378283090012,1.2488570075931495,84,111.67007783145341,6,9.198526039908028,True
7,17.0,35-44,2.0,a_few_times,0.06692635063550734,0.4450598738755454,0.0,0.5549401261244544,2.0428064160996504,84,111.67007783145341,5,7.473670784442246,True
7,17.0,35-44,3.0,monthly,0.04673771645179484,0.46595301468325867,0.3880674107256831,0.14597957459105818,0.5839182983642327,84,111.67007783145341,4,5.219204433836331,True
7,17.0,35-44,4.0,weekly,0.03697822967326016,0.0,0.0,1.0,1.7567327521286633,84,111.67007783145341,4,4.129361785682322,True
7,17.0,45-54,0.0,not_volunteered,0.8955547443177377,0.27021269714267176,0.14660740995965188,0.5831798928976765,1.1034053541520712,68,109.02565783416277,61,97.6384451257468,False
7,17.0,45-54,1.0,once_or_one_off,0.011808767083566258,1.0,0.0,0.0,0.0,68,109.02565783416277,1,1.287458599496219,True
7,17.0,45-54,2.0,a_few_times,0.006118145794342251,1.0,0.0,0.0,0.0,68,109.02565783416277,1,0.6670348699534803,True
7,17.0,45-54,3.0,monthly,0.04516843437028257,0.377217917244779,0.0,0.622782082755221,1.245564165510442,68,109.02565783416277,2,4.924518270559265,True
7,17.0,45-54,4.0,weekly,0.04134990843407122,0.0,0.0,1.0,1.712851831068789,68,109.02565783416277,3,4.50820096840701,True
7,17.0,55-64,0.0,not_volunteered,0.7419137661969855,0.3772109209975376,0.09084859637114591,0.5319404826313167,0.6067672816854255,66,102.84057411526301,53,76.29883765971499,False
7,17.0,55-64,1.0,once_or_one_off,0.04755447702784857,0.0,0.0,1.0,2.689714207862086,66,102.84057411526301,4,4.890529719295033,True
7,17.0,55-64,2.0,a_few_times,0.14831441332118886,0.27724467106822526,0.0,0.7227553289317749,1.262516336798519,66,102.84057411526301,5,15.252739415519473,True
7,17.0,55-64,3.0,monthly,0.0031473591975600514,0.0,0.0,1.0,4.0,66,102.84057411526301,1,0.3236762268240292,True
7,17.0,55-64,4.0,weekly,0.05906998425641714,0.23655062263734414,0.0,0.7634493773626558,1.2253131595011584,66,102.84057411526301,3,6.074791093909487,True
7,17.0,65-74,0.0,not_volunteered,0.8324478458161538,0.2713830171985906,0.06810924639240097,0.6605077364090085,1.1711073795708598,32,39.97867633108727,27,33.28016299039486,True
7,17.0,65-74,1.0,once_or_one_off,0.06183759736256854,0.0,0.0,1.0,2.6334848630462186,32,39.97867633108727,2,2.4721852900502235,True
7,17.0,65-74,3.0,monthly,0.05102721305195225,1.0,0.0,0.0,0.0,32,39.97867633108727,1,2.040000434681431,True
7,17.0,65-74,4.0,weekly,0.05468734376932548,0.0,0.0,1.0,0.539536851533873,32,39.97867633108727,2,2.1863276159607654,True
7,17.0,75-84,0.0,not_volunteered,0.6318285318803388,0.3742719226067041,0.0,0.6257280773932957,0.7915132642383914,8,16.33670271987463,6,10.321994895263925,True
7,17.0,75-84,2.0,a_few_times,0.22001923761121733,1.0,0.0,0.0,0.0,8,16.33670271987463,1,3.5943888775079165,True
7,17.0,75-84,4.0,weekly,0.148152230508444,0.0,0.0,1.0,1.0,8,16.33670271987463,1,2.4203189471027904,True
7,17.0,85+,0.0,not_volunteered,0.7635288953481253,0.3993632114375315,0.17441900258103832,0.42621778598143,0.42621778598143,5,7.7045083273675115,4,5.882614732395348,True
7,17.0,85+,2.0,a_few_times,0.23647110465187474,1.0,0.0,0.0,0.0,5,7.7045083273675115,1,1.821893594972163,True
7,30.0,16-24,0.0,not_volunteered,0.8247787039221707,0.3199254463248283,0.057916342252343336,0.6221582114228283,1.1651450451752523,47,107.29003498180258,40,88.49053599605548,False
7,30.0,16-24,1.0,once_or_one_off,0.016874755552958982,0.0,0.0,1.0,3.0000000000000004,47,107.29003498180258,1,1.8104931135863365,True
7,30.0,16-24,2.0,a_few_times,0.08447639623127358,0.2048774311221617,0.0,0.7951225688778383,2.8401960573917515,47,107.29003498180258,3,9.063475506789958,True
7,30.0,16-24,4.0,weekly,0.07387014429359676,0.09338186469729737,0.3869060098463899,0.5197121254563127,0.5197121254563127,47,107.29003498180258,3,7.9255303653708005,True
7,30.0,25-34,0.0,not_volunteered,0.8086840822272475,0.20403294940144476,0.10648285885828604,0.6894841917402692,1.749727941822792,99,165.15903274012476,80,133.56148081298772,False
7,30.0,25-34,1.0,once_or_one_off,0.056807109369127924,0.0,0.0,1.0,1.0365704925905652,99,165.15903274012476,4,9.382207236167647,True
7,30.0,25-34,2.0,a_few_times,0.032191653861099824,0.3697468716794877,0.06718694275056744,0.5630661855699449,0.0,99,165.15903274012476,5,5.31674241400415,True
7,30.0,25-34,3.0,monthly,0.03717503846855604,0.0,0.24950043881734496,0.750499561182655,1.50099912236531,99,165.15903274012476,2,6.139793395543645,True
7,30.0,25-34,4.0,weekly,0.06514211607396868,0.09737211717391854,0.0,0.9026278828260815,2.1825282612206944,99,165.15903274012476,8,10.7588088814216,True
7,30.0,35-44,0.0,not_volunteered,0.8397398660176392,0.30136372965156627,0.07470362029889378,0.6239326500495399,1.3758936842592981,102,166.84373318359374,89,140.10533414947375,False
7,30.0,35-44,1.0,once_or_one_off,0.04838903813737205,0.0,0.126077581467944,0.8739224185320561,1.473335551924654,102,166.84373318359374,3,8.073407768002443,True
7,30.0,35-44,2.0,a_few_times,0.03882717107438734,0.0,0.7101291443649324,0.28987085563506776,2.0290959894454743,102,166.84373318359374,3,6.478070171008829,True
7,30.0,35-44,3.0,monthly,0.021975297899717836,0.0,0.0,1.0,2.676098374587377,102,166.84373318359374,2,3.6664407394105107,True
7,30.0,35-44,4.0,weekly,0.05106862687088378,0.0,0.1010998142134542,0.8989001857865457,1.5370932003599054,102,166.84373318359374,5,8.52048035569824,True
7,30.0,45-54,0.0,not_volunteered,0.9332876255263168,0.4906524274385692,0.13720488188581703,0.3721426906756138,0.6254834566162897,60,96.53433827098814,53,90.09430334668478,False
7,30.0,45-54,1.0,once_or_one_off,0.010356092312283198,0.0,0.0,1.0,2.227564779656365,60,96.53433827098814,2,0.9997185184395261,True
7,30.0,45-54,2.0,a_few_times,0.04151259340145605,0.42780707455841904,0.12124734947940591,0.4509455759621751,0.0,60,96.53433827098814,4,4.007390733922149,True
7,30.0,45-54,4.0,weekly,0.014843688759943801,0.0,0.0,1.0,1.0,60,96.53433827098814,1,1.4329256719416794,True
7,30.0,55-64,0.0,not_volunteered,0.8837442274829376,0.3332970385883167,0.14083926775654493,0.5258636936551383,0.8425544991123152,53,84.49590040061624,47,74.67276422501783,False
7,30.0,55-64,2.0,a_few_times,0.018246133484457326,0.0,0.0,1.0,1.0,53,84.49590040061624,2,1.5417234775990551,True
7,30.0,55-64,3.0,monthly,0.048452204915525814,1.0,0.0,0.0,0.0,53,84.49590040061624,2,4.094012680732518,True
7,30.0,55-64,4.0,weekly,0.04955743411707929,0.6479125902215686,0.0,0.3520874097784315,0.704174819556863,53,84.49590040061624,2,4.187400017266833,True
7,30.0,65-74,0.0,not_volunteered,0.8635714661157997,0.28420713064778147,0.2836433618047139,0.43214950754750475,0.6948944170496771,38,54.655882795007074,32,47.19926083713757,False
7,30.0,65-74,1.0,once_or_one_off,0.02250420620677662,0.0,0.0,1.0,0.0,38,54.655882795007074,1,1.2299872568322536,True
7,30.0,65-74,2.0,a_few_times,0.10360742166307942,0.4096682541278591,0.33245609035002377,0.25787565552211705,0.627368705161423,38,54.655882795007074,4,5.662755095110145,True
7,30.0,65-74,3.0,monthly,0.01031690601434415,1.0,0.0,0.0,0.0,38,54.655882795007074,1,0.5638796059270974,True
7,30.0,75-84,0.0,not_volunteered,1.0,0.39714213621295585,0.26773561480900704,0.33512224897803716,0.33512224897803716,6,16.981785882645788,6,16.981785882645788,True
7,30.0,85+,0.0,not_volunteered,1.0,1.0,0.0,0.0,0.0,2,4.13176290059079,2,4.13176290059079,True
7,35.0,16-24,0.0,not_volunteered,0.9034483894667784,0.24165967018993373,0.10556365388409904,0.6527766759259673,1.7970580355578887,19,70.44547931410199,17,63.64385483154069,True
7,35.0,16-24,3.0,monthly,0.06522788813577964,0.0,0.0,1.0,10.0,19,70.44547931410199,1,4.5950098443716225,True
7,35.0,16-24,4.0,weekly,0.03132372239744184,0.0,1.0,0.0,0.0,19,70.44547931410199,1,2.2066146381896625,True
7,35.0,25-34,0.0,not_volunteered,0.8126922409069532,0.1188876330985596,0.1614258147776395,0.7196865521238005,1.2857043226195726,51,83.7275274297298,43,68.04471189246551,False
7,35.0,25-34,1.0,once_or_one_off,0.11523895278613372,0.15734524081187765,0.1219897671683609,0.7206649920197613,4.766241950707404,51,83.7275274297298,6,9.648672580374349,True
7,35.0,25-34,2.0,a_few_times,0.07206880630691316,0.0,0.0,1.0,3.0,51,83.7275274297298,2,6.034142956889956,True
7,35.0,35-44,0.0,not_volunteered,0.8296635580486779,0.08235431839682374,0.13033655059577295,0.7873091310074033,1.4482393021957156,65,119.92264804043694,55,99.49545086384822,False
7,35.0,35-44,1.0,once_or_one_off,0.09384591300394088,0.0,0.0,1.0,1.0647174196615123,65,119.92264804043694,5,11.254250395205066,True
7,35.0,35-44,2.0,a_few_times,0.041718705450780026,0.0,0.18861622321219731,0.8113837767878026,1.709463914431853,65,119.92264804043694,4,5.003017630476551,True
7,35.0,35-44,4.0,weekly,0.03477182349660124,0.0,0.0,1.0,3.0,65,119.92264804043694,1,4.169929150907106,True
7,35.0,45-54,0.0,not_volunteered,0.6892835137634103,0.11810959708825505,0.017819254779218675,0.8640711481325264,1.4478154612027752,67,131.6112352192551,47,90.71745466267086,False
7,35.0,45-54,1.0,once_or_one_off,0.10142861547699138,0.0,0.0,1.0,1.8630608469562249,67,131.6112352192551,7,13.34914536950569,True
7,35.0,45-54,2.0,a_few_times,0.08702627464915381,0.0,0.0,1.0,3.554586226126499,67,131.6112352192551,4,11.453635503105279,True
7,35.0,45-54,3.0,monthly,0.03872077455211509,0.2847067185286475,0.0,0.7152932814713524,1.1449897216034255,67,131.6112352192551,3,5.096088967450166,True
7,35.0,45-54,4.0,weekly,0.08354082155832941,0.07363398311073187,0.0,0.9263660168892682,4.426887878731451,67,131.6112352192551,6,10.994910716523108,True
7,35.0,55-64,0.0,not_volunteered,0.8244586376654025,0.3398580839479444,0.018172830308603706,0.6419690857434519,1.2910473083153726,69,128.94518070048423,58,106.30996801384038,False
7,35.0,55-64,1.0,once_or_one_off,0.03914816973270014,0.0,0.0,1.0,0.5845804493223165,69,128.94518070048423,3,5.047967820276247,True
7,35.0,55-64,2.0,a_few_times,0.018554547003668417,0.0,0.0,1.0,2.0,69,128.94518070048423,1,2.3925194162036525,True
7,35.0,55-64,3.0,monthly,0.04590462087933943,0.0,0.0,1.0,3.858306927806947,69,128.94518070048423,3,5.919179634273644,True
7,35.0,55-64,4.0,weekly,0.0719340247188895,0.0,0.0,1.0,1.2473319513998573,69,128.94518070048423,4,9.275545815890306,True
7,35.0,65-74,0.0,not_volunteered,0.7675509391487836,0.15092289296335856,0.06834957421405233,0.7807275328225892,1.3158721391879278,70,122.15825999129301,55,93.76268718109823,False
7,35.0,65-74,1.0,once_or_one_off,0.08102293212760235,0.0,0.0,1.0,1.9088361531014522,70,122.15825999129301,5,9.897620408100535,True
7,35.0,65-74,2.0,a_few_times,0.07153204767457462,0.0,0.0,1.0,0.79998377427561,70,122.15825999129301,4,8.738230477540252,True
7,35.0,65-74,3.0,monthly,0.006008469777414602,0.0,0.0,1.0,0.0,70,122.15825999129301,1,0.7339842132192393,True
7,35.0,65-74,4.0,weekly,0.07388561127162462,0.0,0.0,1.0,1.6381630405316094,70,122.15825999129301,5,9.02573771133473,True
7,35.0,75-84,0.0,not_volunteered,0.6863164221936938,0.1747261240699493,0.22175368792774464,0.603520188002306,0.9200859668589719,23,64.24310968152302,17,44.091101187219934,True
7,35.0,75-84,2.0,a_few_times,0.12097910659950788,0.0,0.0,1.0,1.0281687687579546,23,64.24310968152302,3,7.772074014444851,True
7,35.0,75-84,3.0,monthly,0.02449763527905175,1.0,0.0,0.0,0.0,23,64.24310968152302,1,1.5738042701700694,True
7,35.0,75-84,4.0,weekly,0.16820683592774655,0.0,0.0,1.0,1.0,23,64.24310968152302,2,10.806130209688169,True
7,35.0,85+,0.0,not_volunteered,1.0,0.8354485773345774,0.16455142266542258,0.0,0.0,5,11.987286773672267,5,11.987286773672267,True
7,44.0,16-24,0.0,not_volunteered,0.7250940783721405,0.3466159777980981,0.0,0.6533840222019018,1.190015695022712,39,85.13646974816777,29,61.73195006790533,True
7,44.0,16-24,1.0,once_or_one_off,0.11483242374992111,0.0,0.0,1.0,1.6072290108796714,39,85.13646974816777,3,9.77642717069394,True
7,44.0,16-24,2.0,a_few_times,0.11062406170374144,0.0,0.17125001636634257,0.8287499836336575,2.890094386932479,39,85.13646974816777,5,9.418142082660028,True
7,44.0,16-24,4.0,weekly,0.0494494361741971,0.4225417218816265,0.0,0.5774582781183735,2.309833112473494,39,85.13646974816777,2,4.209950426908485,True
7,44.0,25-34,0.0,not_volunteered,0.8338287344008716,0.1403046014694423,0.11773848996519595,0.7419569085653618,1.6670829024742437,74,124.54110508193139,67,103.84595203135281,False
7,44.0,25-34,1.0,once_or_one_off,0.1156319015264476,0.0,0.4600284524918576,0.5399715475081422,2.103435779280539,74,124.54110508193139,3,14.400924798828854,True
7,44.0,25-34,2.0,a_few_times,0.00785422327793447,0.0,0.0,1.0,1.0,74,124.54110508193139,1,0.9781736465941884,True
7,44.0,25-34,3.0,monthly,0.017754503952231222,0.0,0.0,1.0,2.0,74,124.54110508193139,1,2.211165542392395,True
7,44.0,25-34,4.0,weekly,0.02493063684251526,0.6551719402841637,0.0,0.3448280597158363,1.034484179147509,74,124.54110508193139,2,3.1048890627631636,True
7,44.0,35-44,0.0,not_volunteered,0.9020441932335397,0.08291410459391815,0.05869856417392758,0.8583873312321544,1.8865311446211788,73,109.26867723219011,68,98.56517579960698,False
7,44.0,35-44,1.0,once_or_one_off,0.013678831979368077,0.0,0.0,1.0,3.0,73,109.26867723219011,1,1.4946678764669306,True
7,44.0,35-44,2.0,a_few_times,0.026193401884856155,0.0,0.0,1.0,6.154696911862257,73,109.26867723219011,2,2.8621183761693874,True
7,44.0,35-44,3.0,monthly,0.0044652940264248535,0.0,0.0,1.0,2.0,73,109.26867723219011,1,0.4879167717202439,True
7,44.0,35-44,4.0,weekly,0.05361827887581114,1.0,0.0,0.0,0.0,73,109.26867723219011,1,5.858798408226565,True
7,44.0,45-54,0.0,not_volunteered,0.8413244336243044,0.17291216627105832,0.0173908034116377,0.809697030317304,2.2366596972487094,51,84.11080090054222,45,70.76447192933531,False
7,44.0,45-54,1.0,once_or_one_off,0.007893001348830204,0.0,0.0,1.0,6.0,51,84.11080090054222,1,0.6638866649591685,True
7,44.0,45-54,2.0,a_few_times,0.021733004288932087,0.0,0.0,1.0,2.0,51,84.11080090054222,1,1.8279803967169967,True
7,44.0,45-54,4.0,weekly,0.1290495607379334,0.0,0.0,1.0,3.5884200156300547,51,84.11080090054222,4,10.854461909530745,True
7,44.0,55-64,0.0,not_volunteered,0.8711811691410947,0.29972803193219516,0.10026538540344757,0.6000065826643571,1.5376489714025356,63,85.04680837473634,57,74.09117795162145,False
7,44.0,55-64,1.0,once_or_one_off,0.006399497879865975,1.0,0.0,0.0,0.0,63,85.04680837473634,1,0.5442568698834931,True
7,44.0,55-64,2.0,a_few_times,0.07222207274636983,0.0,0.0,1.0,3.1637992497005807,63,85.04680837473634,3,6.1422567812867825,True
7,44.0,55-64,3.0,monthly,0.04238504936268592,0.0,0.0,1.0,2.9999999999999996,63,85.04680837473634,1,3.60471317110209,True
7,44.0,55-64,4.0,weekly,0.007812210869983581,0.0,0.0,1.0,2.0,63,85.04680837473634,1,0.6644036008425259,True
7,44.0,65-74,0.0,not_volunteered,0.9516413286683869,0.15894959588769697,0.2818196662292708,0.559230737883032,1.3098367635495785,40,68.41852448499853,36,65.10989554643456,False
7,44.0,65-74,2.0,a_few_times,0.026779146720543705,0.0,0.0,1.0,1.3585130538504062,40,68.41852448499853,2,1.8321897055868874,True
7,44.0,65-74,3.0,monthly,0.008329706524674739,0.0,0.0,1.0,2.0,40,68.41852448499853,1,0.5699062298113106,True
7,44.0,65-74,4.0,weekly,0.01324981808639488,0.0,0.0,1.0,1.0,40,68.41852448499853,1,0.9065330031657844,True
7,44.0,75-84,0.0,not_volunteered,0.866158609133091,0.23439065805460113,0.06525720896419748,0.7003521329812012,0.9063424311587215,17,60.89075042387743,14,52.741047696215844,True
7,44.0,75-84,1.0,once_or_one_off,0.02397219360827948,0.0,0.0,1.0,1.0,17,60.89075042387743,1,1.4596848581146156,True
7,44.0,75-84,2.0,a_few_times,0.10986919725862959,0.0,0.0,1.0,5.1075092060099445,17,60.89075042387743,2,6.690017869546972,True
7,68.0,16-24,0.0,not_volunteered,0.8358052665689134,0.254120088784006,0.09641343837087468,0.6494664728451194,1.214817280183226,34,93.05826711453749,29,77.77858975210715,True
7,68.0,16-24,1.0,once_or_one_off,0.03344657781650362,1.0,0.0,0.0,0.0,34,93.05826711453749,1,3.112480572515358,True
7,68.0,16-24,2.0,a_few_times,0.048345942851839054,0.0,0.0,1.0,1.0,34,93.05826711453749,1,4.498989663810603,True
7,68.0,16-24,4.0,weekly,0.08240221276274394,0.4044394055627612,0.0,0.5955605944372387,0.35202412776569214,34,93.05826711453749,3,7.668207126104376,True
7,68.0,25-34,0.0,not_volunteered,0.9128450967051164,0.22434224142220674,0.22017087034845317,0.5554868882293397,0.9119133214695679,70,158.36441143875888,62,144.5621764744627,False
7,68.0,25-34,1.0,once_or_one_off,0.026217915882953993,0.0,0.0,1.0,1.3611118363794457,70,158.36441143875888,3,4.151984817954897,True
7,68.0,25-34,2.0,a_few_times,0.03347190526169167,0.0,0.0,1.0,2.948422761727516,70,158.36441143875888,3,5.300758576501698,True
7,68.0,25-34,3.0,monthly,0.02406176607565117,0.0,0.0,1.0,4.0,70,158.36441143875888,1,3.810527422747593,True
7,68.0,25-34,4.0,weekly,0.0034033160745869156,0.0,0.0,1.0,3.0,70,158.36441143875888,1,0.5389641470920241,True
7,68.0,35-44,0.0,not_volunteered,0.8945441203774123,0.20593339912791128,0.1701623644602915,0.6239042364117972,1.3220964712855736,83,185.89654541960653,75,166.2926617035816,False
7,68.0,35-44,1.0,once_or_one_off,0.09470618318156351,0.19716288279028177,0.0425704829666389,0.7602666342430793,0.9390274658220483,83,185.89654541960653,7,17.605552283329096,True
7,68.0,35-44,4.0,weekly,0.010749696441024385,0.0,0.0,1.0,1.0,83,185.89654541960653,1,1.998331432695872,True
7,68.0,45-54,0.0,not_volunteered,0.8575137964442416,0.34232074257720746,0.11596496075048908,0.5417142966723034,0.9138741621110104,77,133.86649704674312,68,114.79236809924456,False
7,68.0,45-54,1.0,once_or_one_off,0.017250764049161815,0.0,0.0,1.0,5.0,77,133.86649704674312,1,2.3092993546411824,True
7,68.0,45-54,2.0,a_few_times,0.028875844700634614,0.0,0.0,1.0,0.7303654092793074,77,133.86649704674312,2,3.8655081793397166,True
7,68.0,45-54,3.0,monthly,0.007336921202330311,1.0,0.0,0.0,0.0,77,133.86649704674312,1,0.9821679404639376,True
7,68.0,45-54,4.0,weekly,0.08902267360363182,0.0,0.0,1.0,1.834521433171153,77,133.86649704674312,5,11.917153473053755,True
7,68.0,55-64,0.0,not_volunteered,0.8125214210717917,0.2516862793361791,0.10859232663874584,0.639721394025075,1.4421596809395085,61,142.08161847983806,51,115.44435855541816,False
7,68.0,55-64,1.0,once_or_one_off,0.06416863478727575,0.0,0.0,1.0,2.0,61,142.08161847983806,3,9.117183486217776,True
7,68.0,55-64,2.0,a_few_times,0.009241388926363997,0.0,0.0,1.0,4.106125812769586,61,142.08161847983806,2,1.3130314956594498,True
7,68.0,55-64,4.0,weekly,0.11406855521456845,0.0,0.38135855328723123,0.6186414467127687,0.9272942021359074,61,142.08161847983806,5,16.207044942542655,True
7,68.0,65-74,0.0,not_volunteered,0.9288662229849526,0.31481580256661956,0.06452543972290378,0.6206587577104766,1.0859205208361686,41,71.33215145474368,37,66.25802609915836,False
7,68.0,65-74,2.0,a_few_times,0.019889852895767897,0.0,0.0,1.0,3.0,41,71.33215145474368,2,1.4187859991734877,True
7,68.0,65-74,3.0,monthly,0.01663890284836351,0.0,0.0,1.0,6.0,41,71.33215145474368,1,1.1868887380202318,True
7,68.0,65-74,4.0,weekly,0.034605021270916116,1.0,0.0,0.0,0.0,41,71.33215145474368,1,2.468450618391615,True
7,68.0,75-84,0.0,not_volunteered,0.9147742751688294,0.052095981401897966,0.6639590066517208,0.28394501194638117,0.2745789221154002,10,31.57078114493907,9,28.880138438375383,True
7,68.0,75-84,3.0,monthly,0.0852257248311706,0.0,0.0,1.0,1.0,10,31.57078114493907,1,2.690642706563686,True
7,68.0,85+,0.0,not_volunteered,1.0,0.48376756460347226,0.0,0.5162324353965279,1.586073173643777,5,12.247713271107514,5,12.247713271107514,True
7,78.0,16-24,0.0,not_volunteered,0.7149616274874868,0.2755495461499689,0.09192698907755258,0.6325234647724787,1.8373250637435927,45,152.59639528281508,32,109.10056712012533,False
7,78.0,16-24,1.0,once_or_one_off,0.06303426241298796,0.0,0.0,1.0,3.1737059380287516,45,152.59639528281508,3,9.618801223533003,True
7,78.0,16-24,2.0,a_few_times,0.04587364129565452,0.0,0.0,1.0,4.753903357712653,45,152.59639528281508,2,7.000152300213767,True
7,78.0,16-24,3.0,monthly,0.091883111034937,0.0,0.0,1.0,2.672807633377004,45,152.59639528281508,4,14.021031531302034,True
7,78.0,16-24,4.0,weekly,0.08424735776893331,0.0,0.2032535413159619,0.796746458684038,6.015436708047975,45,152.59639528281508,4,12.85584310764089,True
7,78.0,25-34,0.0,not_volunteered,0.8991762132309833,0.22920748959222895,0.015094870446885317,0.7556976399608858,1.372820936067745,66,139.31824657126725,59,125.27165338593251,False
7,78.0,25-34,1.0,once_or_one_off,0.011527048465547156,0.0,0.5220368195921206,0.47796318040787933,4.301668623670914,66,139.31824657126725,2,1.6059281803620467,True
7,78.0,25-34,2.0,a_few_times,0.0034581373577969093,0.0,0.0,1.0,1.0,66,139.31824657126725,1,0.4817816330908605,True
7,78.0,25-34,4.0,weekly,0.08583860094567275,0.0,0.16643692070047983,0.8335630792995201,2.8796022891410895,66,139.31824657126725,4,11.95888337188185,True
7,78.0,35-44,0.0,not_volunteered,0.929192328994243,0.18780880554962145,0.18404141212481034,0.6281497823255684,1.065767693699957,87,147.44562146510458,78,137.00534040916406,False
7,78.0,35-44,1.0,once_or_one_off,0.03210836427169324,0.0,0.0,1.0,4.0694225142341605,87,147.44562146510458,4,4.73423772426777,True
7,78.0,35-44,2.0,a_few_times,0.021839318175207893,0.0,0.0,1.0,1.6747973654564252,87,147.44562146510458,3,3.2201118407176814,True
7,78.0,35-44,3.0,monthly,0.007606233943410631,1.0,0.0,0.0,0.0,87,147.44562146510458,1,1.1215058907951536,True
7,78.0,35-44,4.0,weekly,0.009253754615445161,0.0,0.0,1.0,6.0,87,147.44562146510458,1,1.3644256001598916,True
7,78.0,45-54,0.0,not_volunteered,0.8303575957350767,0.27950819214533895,0.13435456304159127,0.5861372448130698,0.9113831890383305,63,115.1658861834226,50,95.62886836196628,False
7,78.0,45-54,1.0,once_or_one_off,0.0562629683697402,0.25216544886883596,0.08234654908590135,0.6654880020452626,1.1965168244301996,63,115.1658861834226,4,6.479574611611006,True
7,78.0,45-54,2.0,a_few_times,0.05790529592662207,0.6482039316171152,0.06501898480417008,0.2867770835787148,0.2867770835787148,63,115.1658861834226,3,6.668714720102762,True
7,78.0,45-54,3.0,monthly,0.035381466931405384,0.0,0.0,1.0,3.1485594405435546,63,115.1658861834226,3,4.074737993624763,True
7,78.0,45-54,4.0,weekly,0.02009267303715575,0.22578644820635088,0.32816815839392843,0.44604539339972066,0.8920907867994413,63,115.1658861834226,3,2.3139904961178033,True
7,78.0,55-64,0.0,not_volunteered,0.8679726976846377,0.28818452355709245,0.0746065939635259,0.6372088824793815,1.6072025202147362,63,91.43886560711711,55,79.36643885423247,False
7,78.0,55-64,1.0,once_or_one_off,0.06679752468849569,0.0,0.0,1.0,1.0,63,91.43886560711711,2,6.107889882879444,True
7,78.0,55-64,2.0,a_few_times,0.003450289803987832,1.0,0.0,0.0,0.0,63,91.43886560711711,1,0.3154905856924498,True
7,78.0,55-64,3.0,monthly,0.02804629288041668,0.0,0.0,1.0,2.0,63,91.43886560711711,1,2.564521205470266,True
7,78.0,55-64,4.0,weekly,0.03373319494246238,0.10228173791047306,0.0,0.897718262089527,1.0386801473276972,63,91.43886560711711,4,3.0845250788425,True
7,78.0,65-74,0.0,not_volunteered,0.8087333346861821,0.17906203322334419,0.07211089188779025,0.7488270748888656,1.669033306827002,26,47.53055084296881,23,38.43954088270529,True
7,78.0,65-74,2.0,a_few_times,0.10969010801011586,0.0,0.0,1.0,3.0,26,47.53055084296881,1,5.213631255745552,True
7,78.0,65-74,3.0,monthly,0.08157655730370199,0.0,0.0,1.0,2.3097183395,26,47.53055084296881,2,3.8773787045179655,True
7,78.0,75-84,0.0,not_volunteered,1.0,0.5687036233391469,0.3580252379966613,0.07327113866419185,0.2930845546567674,9,33.27679206846152,9,33.27679206846152,True
7,78.0,85+,0.0,not_volunteered,1.0,0.0,0.2613553483539942,0.7386446516460058,0.49864560448077655,3,9.169211254815652,3,9.169211254815652,True
7,91.0,16-24,0.0,not_volunteered,0.8642086873595317,0.1943253129601904,0.18282768358661686,0.6228470034531928,0.7411854956551188,41,96.99916438479912,32,83.82752052795868,False
7,91.0,16-24,1.0,once_or_one_off,0.019726741075957503,0.29290749095682733,0.0,0.7070925090431728,1.4141850180863456,41,96.99916438479912,2,1.913477400403171,True
7,91.0,16-24,2.0,a_few_times,0.08006579883272677,0.36579904798848206,0.06534534919678392,0.568855602814734,1.2703913591165261,41,96.99916438479912,4,7.7663155825759205,True
7,91.0,16-24,4.0,weekly,0.035998772731784145,0.0,0.0,1.0,0.6933208188566914,41,96.99916438479912,3,3.4918508738613543,True
7,91.0,25-34,0.0,not_volunteered,0.8181631182725188,0.36385529039042536,0.18171504465554109,0.45442966495403353,1.045646418649214,52,94.75326538060887,44,77.52362707030245,False
7,91.0,25-34,1.0,once_or_one_off,0.016121208544133635,0.0,0.0,1.0,2.0,52,94.75326538060887,1,1.5275371514384335,True
7,91.0,25-34,2.0,a_few_times,0.07644300887927279,0.2999157635935447,0.0,0.7000842364064555,0.7000842364064555,52,94.75326538060887,4,7.243224706829974,True
7,91.0,25-34,3.0,monthly,0.02039786251149617,0.0,1.0,0.0,0.0,52,94.75326538060887,1,1.9327640797489696,True
7,91.0,25-34,4.0,weekly,0.0688748017925786,0.0,0.0,1.0,1.8955429252675902,52,94.75326538060887,2,6.5261123722890355,True
7,91.0,35-44,0.0,not_volunteered,0.8179180501617166,0.4501913989087061,0.01730643887513878,0.5325021622161549,0.895732513462488,58,99.35678224417765,47,81.26570560350005,False
7,91.0,35-44,1.0,once_or_one_off,0.04500924754411314,0.8418721817917406,0.0,0.15812781820825952,0.15812781820825952,58,99.35678224417765,3,4.471974007214737,True
7,91.0,35-44,2.0,a_few_times,0.008091453125612328,1.0,0.0,0.0,0.0,58,99.35678224417765,1,0.8039407462404348,True
7,91.0,35-44,3.0,monthly,0.026544321845399624,0.0,0.0,1.0,1.6565696426053063,58,99.35678224417765,2,2.6373584054127384,True
7,91.0,35-44,4.0,weekly,0.10243692732315846,0.1493580827548958,0.0,0.8506419172451042,3.714623647599893,58,99.35678224417765,5,10.177803481809706,True
7,91.0,45-54,0.0,not_volunteered,0.8556722301816257,0.1564278015533271,0.09248273492767264,0.751089463519,1.5246870300363182,84,154.15042394401192,71,131.90223703961576,False
7,91.0,45-54,1.0,once_or_one_off,0.0431141306822043,0.48704813539651803,0.0,0.512951864603482,0.5691902986411684,84,154.15042394401192,4,6.646061522639325,True
7,91.0,45-54,2.0,a_few_times,0.05353021103084279,0.0,0.0,1.0,1.6606414870579305,84,154.15042394401192,3,8.25170472421684,True
7,91.0,45-54,3.0,monthly,0.02327016758640932,0.2661614469605363,0.0,0.7338385530394638,1.5851038589709832,84,154.15042394401192,3,3.5871061986932014,True
7,91.0,45-54,4.0,weekly,0.024413260518918133,0.0,0.0,1.0,0.9761766083607863,84,154.15042394401192,3,3.7633144588468386,True
7,91.0,55-64,0.0,not_volunteered,0.8184023428512186,0.29723164127736185,0.06344207336699284,0.6393262853556455,1.3118164969998611,66,140.48773595668388,55,114.97549224881347,False
7,91.0,55-64,1.0,once_or_one_off,0.08195627342150677,0.10544518910368238,0.0,0.8945548108963176,1.4830446234442627,66,140.48773595668388,3,11.513851300434432,True
7,91.0,55-64,2.0,a_few_times,0.012888011981653054,0.0,1.0,0.0,0.0,66,140.48773595668388,1,1.8106076242850524,True
7,91.0,55-64,3.0,monthly,0.07675515929058717,0.09571634993717505,0.0,0.9042836500628249,2.457159210346682,66,140.48773595668388,5,10.783158551729223,True
7,91.0,55-64,4.0,weekly,0.009998212455034593,0.0,0.0,1.0,2.542636074742546,66,140.48773595668388,2,1.404626231421728,True
7,91.0,65-74,0.0,not_volunteered,0.9302732429451235,0.3143132367620147,0.06874453136401043,0.6169422318739749,1.1558919561992331,43,62.14343029333918,39,57.81037042671886,False
7,91.0,65-74,1.0,once_or_one_off,0.017208032908035402,1.0,0.0,0.0,0.0,43,62.14343029333918,1,1.0693661935059846,True
7,91.0,65-74,2.0,a_few_times,0.011707064897361535,0.0,0.0,1.0,4.0,43,62.14343029333918,1,0.7275171713887846,True
7,91.0,65-74,3.0,monthly,0.014766585888549105,0.0,1.0,0.0,0.0,43,62.14343029333918,1,0.9176463008356572,True
7,91.0,65-74,4.0,weekly,0.02604507336093048,0.0,0.0,1.0,1.0,43,62.14343029333918,1,1.6185302008898883,True
7,91.0,75-84,0.0,not_volunteered,0.9245564829788383,0.31138829221211906,0.15901569547691455,0.5295960123109663,0.5875905285243664,19,50.00965631305328,18,46.236751955776995,True
7,91.0,75-84,1.0,once_or_one_off,0.07544351702116167,1.0,0.0,0.0,0.0,19,50.00965631305328,1,3.77290435727628,True
7,91.0,85+,0.0,not_volunteered,0.6735489670710194,0.5005689003551358,0.0,0.4994310996448641,0.9988621992897282,3,4.575062394268071,2,3.081528549944724,True
7,91.0,85+,3.0,monthly,0.32645103292898053,0.0,0.0,1.0,1.0,3,4.575062394268071,1,1.4935338443233463,True
7,107.0,16-24,0.0,not_volunteered,0.9360980236266023,0.38406875257702133,0.029076430034172717,0.5868548173888058,0.9420021486698142,28,58.27465447260044,27,54.550788879324415,True
7,107.0,16-24,1.0,once_or_one_off,0.06390197637339759,0.0,0.0,1.0,0.0,28,58.27465447260044,1,3.723865593276021,True
7,107.0,25-34,0.0,not_volunteered,0.9522364834359974,0.21917714712228303,0.13925054986642604,0.6415723030112909,1.6537023811447953,89,138.89403944110853,82,132.2599716876219,False
7,107.0,25-34,1.0,once_or_one_off,0.01267856339757951,0.0,0.4842179536746851,0.5157820463253149,1.066666857831887,89,138.89403944110853,3,1.7609768846000033,True
7,107.0,25-34,2.0,a_few_times,0.018070799523067334,0.0,0.0,1.0,0.9640227779924506,89,138.89403944110853,3,2.5099263416892796,True
7,107.0,25-34,4.0,weekly,0.01701415364335592,0.0,0.0,1.0,1.0,89,138.89403944110853,1,2.3631645271973576,True
7,107.0,35-44,0.0,not_volunteered,0.8725295939288662,0.4456109054776593,0.09115163357935632,0.46323746094298424,0.9324904100356841,98,144.3704881533603,86,125.96752340376365,False
7,107.0,35-44,1.0,once_or_one_off,0.012965434116787645,0.0,0.0,1.0,3.0000000000000004,98,144.3704881533603,2,1.871826052560864,True
7,107.0,35-44,2.0,a_few_times,0.06852140109461924,0.1298464798187807,0.0,0.8701535201812192,0.3445260284604675,98,144.3704881533603,4,9.892468124982376,True
7,107.0,35-44,3.0,monthly,0.026169405547274205,0.0,0.4196587668420937,0.5803412331579062,1.5994663504283846,98,144.3704881533603,3,3.7780898535432317,True
7,107.0,35-44,4.0,weekly,0.019814165312452788,0.0,0.0,1.0,2.0,98,144.3704881533603,3,2.860580718510188,True
7,107.0,45-54,0.0,not_volunteered,0.7646142195010753,0.25420715268809096,0.13685933627028393,0.6089335110416251,1.4936797810403892,87,128.39985991631457,65,98.17635867396027,False
7,107.0,45-54,1.0,once_or_one_off,0.03565378501199484,0.0,0.0,1.0,2.1208687068042504,87,128.39985991631457,3,4.577941001026534,True
7,107.0,45-54,2.0,a_few_times,0.09181585594822546,0.04009528818737703,0.07769003597445921,0.8822146758381638,2.320203273849908,87,128.39985991631457,10,11.789143041848666,True
7,107.0,45-54,3.0,monthly,0.011257272392372286,0.0,0.0,1.0,1.5736111921227371,87,128.39985991631457,2,1.4454321982203968,True
7,107.0,45-54,4.0,weekly,0.09665886714633198,0.04196728199842621,0.17985092798946017,0.7781817900121138,0.6736059955447089,87,128.39985991631457,7,12.410985001258688,True
7,107.0,55-64,0.0,not_volunteered,0.7125719220556124,0.25474648573679876,0.010086714127161724,0.7351668001360394,2.1439228773198544,41,52.46321556870566,34,37.383814355010514,False
7,107.0,55-64,2.0,a_few_times,0.010186557576610399,0.0,0.0,1.0,3.0,41,52.46321556870566,1,0.5344195660447433,True
7,107.0,55-64,3.0,monthly,0.16990438060713292,0.0,0.0,1.0,3.4977811411946487,41,52.46321556870566,2,8.913730145859427,True
7,107.0,55-64,4.0,weekly,0.1073371397606446,0.12351011428503889,0.0,0.8764898857149609,3.5059595428598436,41,52.46321556870566,4,5.6312515017909845,True
7,107.0,65-74,0.0,not_volunteered,0.8577221382545794,0.2171406981728307,0.12791280232859834,0.654946499498571,1.0191036680677117,28,53.87298013582299,25,46.20804771624458,True
7,107.0,65-74,3.0,monthly,0.054150959885275,0.0,0.0,1.0,4.0,28,53.87298013582299,1,2.9172735862351677,True
7,107.0,65-74,4.0,weekly,0.08812690186014567,0.0,0.0,1.0,2.0,28,53.87298013582299,2,4.74765883334325,True
7,107.0,75-84,0.0,not_volunteered,1.0,0.19256706560076672,0.0,0.8074329343992332,1.6148658687984665,4,10.770931740091843,4,10.770931740091843,True
7,107.0,85+,0.0,not_volunteered,1.0,0.0,0.5340417618539093,0.46595823814609083,0.0,2,17.52907135354318,2,17.52907135354318,True
7,109.0,16-24,0.0,not_volunteered,0.875238172203414,0.45534563703108033,0.10856783639348008,0.4360865265754397,0.9259010956115553,38,75.35065753171997,33,65.949771772388,False
7,109.0,16-24,1.0,once_or_one_off,0.06397565045301695,1.0,0.0,0.0,0.0,38,75.35065753171997,1,4.820607327654306,True
7,109.0,16-24,2.0,a_few_times,0.012501477165646886,0.0,0.0,1.0,3.0,38,75.35065753171997,1,0.9419945245492758,True
7,109.0,16-24,3.0,monthly,0.025702323898269173,0.0,0.0,1.0,1.971966269275766,38,75.35065753171997,2,1.9366870058278223,True
7,109.0,16-24,4.0,weekly,0.022582376279653225,0.0,0.0,1.0,7.0,38,75.35065753171997,1,1.701596901300587,True
7,109.0,25-34,0.0,not_volunteered,0.8228583390732945,0.11087452302251702,0.04845605751062321,0.8406694194668599,2.3461641646672424,126,197.95031384193373,110,162.88506646701097,False
7,109.0,25-34,1.0,once_or_one_off,0.06610187151769155,0.0,0.38861121398004206,0.6113887860199578,2.678472388081825,126,197.95031384193373,6,13.084886212466223,True
7,109.0,25-34,2.0,a_few_times,0.03942986189678383,0.0,0.0,1.0,2.3509599745491787,126,197.95031384193373,4,7.8051535372124645,True
7,109.0,25-34,3.0,monthly,0.018614447313509613,0.38353752861912727,0.0,0.6164624713808727,0.0,126,197.95031384193373,2,3.684735687703368,True
7,109.0,25-34,4.0,weekly,0.05299548019872048,0.0,0.0,1.0,2.635087167761099,126,197.95031384193373,4,10.490471937540704,True
7,109.0,35-44,0.0,not_volunteered,0.8856131253380867,0.17592906572185266,0.08019621636439071,0.7438747179137566,1.6935955640563733,86,113.16037197577324,77,100.21631068988498,False
7,109.0,35-44,1.0,once_or_one_off,0.032092155903647376,0.0,0.0,1.0,2.109785370156471,86,113.16037197577324,4,3.6315602995612446,True
7,109.0,35-44,2.0,a_few_times,0.035630373187478095,0.0,0.0,1.0,2.9719363023467285,86,113.16037197577324,2,4.0319462835306386,True
7,109.0,35-44,3.0,monthly,0.04666434557078797,0.0,0.6938704006185246,0.3061295993814754,0.8702976258231087,86,113.16037197577324,3,5.280554702796393,True
7,109.0,45-54,0.0,not_volunteered,0.8097169822661029,0.1813081902119894,0.2067446820822153,0.6119471277057952,1.5106997880409305,73,97.13509480000486,61,78.65193583359176,False
7,109.0,45-54,2.0,a_few_times,0.09910133026356399,0.0,0.08470291726945056,0.9152970827305495,0.47566263571621153,73,97.13509480000486,5,9.62621710995788,True
7,109.0,45-54,3.0,monthly,0.033283739827424795,0.0,0.0,1.0,1.8392772728780482,73,97.13509480000486,2,3.2330192234356048,True
7,109.0,45-54,4.0,weekly,0.057897947642908405,0.0,0.0,1.0,1.9866514478811956,73,97.13509480000486,5,5.623922633019626,True
7,109.0,55-64,0.0,not_volunteered,0.8858063650004366,0.20036760888888064,0.05595906877800427,0.7436733223331151,1.453171508618063,46,51.865444156603495,42,45.942740557494076,False
7,109.0,55-64,2.0,a_few_times,0.07195944149821279,0.0,0.12493398325493037,0.8750660167450696,0.9561508604842481,46,51.865444156603495,3,3.732208394565932,True
7,109.0,55-64,4.0,weekly,0.04223419350135069,0.0,0.0,1.0,2.0,46,51.865444156603495,1,2.1904952045434904,True
7,109.0,65-74,0.0,not_volunteered,0.9205808208785037,0.15566210253308038,0.11836628582295629,0.7259716116439632,1.5696175848338685,20,30.84753332632373,19,28.3976475516241,True
7,109.0,65-74,1.0,once_or_one_off,0.07941917912149628,0.0,0.0,1.0,4.0,20,30.84753332632373,1,2.4498857746996303,True
7,109.0,75-84,0.0,not_volunteered,1.0,0.15117838000238032,0.0,0.8488216199976196,1.9313318930599024,9,24.342556944845168,9,24.342556944845168,True
7,109.0,85+,0.0,not_volunteered,1.0,1.0,0.0,0.0,0.0,2,5.175921005047959,2,5.175921005047959,True
7,112.0,16-24,0.0,not_volunteered,0.8125017186246787,0.1505298743492992,0.11293747860756116,0.7365326470431396,1.5748195097973223,56,108.20413961170362,42,87.91604939681386,False
7,112.0,16-24,1.0,once_or_one_off,0.08398875249087405,0.0,0.0,1.0,2.9819987853738974,56,108.20413961170362,5,9.087930700335356,True
7,112.0,16-24,2.0,a_few_times,0.012773155578057355,0.0,0.0,1.0,8.0,56,108.20413961170362,1,1.382108309450129,True
7,112.0,16-24,3.0,monthly,0.03411596171943527,0.42169855883990703,0.0,0.5783014411600929,0.5783014411600929,56,108.20413961170362,3,3.6914882848773103,True
7,112.0,16-24,4.0,weekly,0.056620411586954654,0.0365691504410244,0.0,0.9634308495589756,2.8587769873363453,56,108.20413961170362,5,6.126562920226963,True
7,112.0,25-34,0.0,not_volunteered,0.9049688461840527,0.1594842842658459,0.050790331334459565,0.7897253843996945,1.9080298669463696,80,79.8273917965029,70,72.24130264796354,False
7,112.0,25-34,1.0,once_or_one_off,0.02661695285353298,0.0,0.0,1.0,2.9547851873079702,80,79.8273917965029,4,2.124761923868023,True
7,112.0,25-34,2.0,a_few_times,0.030247159463853566,0.0,0.0,1.0,4.0,80,79.8273917965029,2,2.414551849252339,True
7,112.0,25-34,3.0,monthly,0.030533312775920855,0.0,0.0,1.0,5.072105753773168,80,79.8273917965029,3,2.4373947218086016,True
7,112.0,25-34,4.0,weekly,0.007633728722640095,0.0,0.0,1.0,2.0,80,79.8273917965029,1,0.6093806536104084,True
7,112.0,35-44,0.0,not_volunteered,0.8331985280345265,0.22251229260775138,0.14154378250841157,0.6359439248838371,1.2509921145335947,82,67.9058713705738,70,56.579072070863994,False
7,112.0,35-44,1.0,once_or_one_off,0.038312885901306465,0.0,0.0,1.0,2.835985679928854,82,67.9058713705738,2,2.6016699018495877,True
7,112.0,35-44,2.0,a_few_times,0.039734078619868766,0.22391172985011662,0.0,0.7760882701498834,3.7897195550117777,82,67.9058713705738,3,2.6981772317890753,True
7,112.0,35-44,3.0,monthly,0.03903788688917855,0.17056384952072584,0.0,0.8294361504792742,1.052341918002886,82,67.9058713705738,3,2.6509017256755683,True
7,112.0,35-44,4.0,weekly,0.04971662055511944,0.27876112022412325,0.11373636485588849,0.6075025149199882,0.7930237043639106,82,67.9058713705738,4,3.3760504403955665,True
7,112.0,45-54,0.0,not_volunteered,0.7831234197877905,0.3169532090929128,0.023323658302378144,0.6597231326047092,1.5319132048843012,71,64.17707116439843,56,50.2585674422281,False
7,112.0,45-54,1.0,once_or_one_off,0.028875377546142375,0.2832809345846762,0.0,0.7167190654153238,1.0467604479826362,71,64.17707116439843,3,1.8531371596776516,True
7,112.0,45-54,2.0,a_few_times,0.05209604445708499,0.0,0.4912813297775444,0.5087186702224554,1.501623788156514,71,64.17707116439843,4,3.3433715525060075,True
7,112.0,45-54,3.0,monthly,0.021609787591940398,0.0,0.0,1.0,1.536701931915668,71,64.17707116439843,2,1.386852876135493,True
7,112.0,45-54,4.0,weekly,0.11429537061704144,0.0,0.0,1.0,3.8142711910808194,71,64.17707116439843,6,7.3351421338511615,True
7,112.0,55-64,0.0,not_volunteered,0.7952986230029582,0.32734237043096254,0.0,0.6726576295690375,1.110478196735672,48,39.2387149730885,40,31.20649598650284,False
7,112.0,55-64,1.0,once_or_one_off,0.06111603116693495,0.0,0.0,1.0,1.3698788934066293,48,39.2387149730885,2,2.398114527245754,True
7,112.0,55-64,2.0,a_few_times,0.05546515297399989,0.0,0.0,1.0,1.6999926065778446,48,39.2387149730885,3,2.1763813284855336,True
7,112.0,55-64,3.0,monthly,0.04135713973495569,0.0,0.0,1.0,3.0,48,39.2387149730885,1,1.622801018162119,True
7,112.0,55-64,4.0,weekly,0.04676305312115128,0.0,0.0,1.0,1.434400515341627,48,39.2387149730885,2,1.8349221126922517,True
7,112.0,65-74,0.0,not_volunteered,0.8814076851874617,0.33587461405499497,0.0140137245449659,0.6501116614000392,1.115259150608363,34,30.518468173653392,32,26.899212388407058,False
7,112.0,65-74,4.0,weekly,0.11859231481253826,0.0,0.0,1.0,2.0,34,30.518468173653392,2,3.6192557852463327,True
7,112.0,75-84,0.0,not_volunteered,0.8702729184974539,0.32456131340213523,0.0,0.6754386865978649,1.6260487259731542,11,16.106464222972352,10,14.017019626000975,True
7,112.0,75-84,1.0,once_or_one_off,0.12972708150254586,0.0,0.0,1.0,1.0,11,16.106464222972352,1,2.0894445969713735,True
7,112.0,85+,0.0,not_volunteered,1.0,0.705876476887157,0.0,0.294123523112843,1.176494092451372,2,1.9290333973127434,2,1.9290333973127434,True
7,114.0,16-24,0.0,not_volunteered,0.8161028932755297,0.23435180870313704,0.11655288738133608,0.6490953039155268,1.2139014185248693,32,89.46018311180657,26,73.00871427050402,True
7,114.0,16-24,1.0,once_or_one_off,0.03845884178011652,0.0,0.0,1.0,1.0,32,89.46018311180657,1,3.440535027917221,True
7,114.0,16-24,2.0,a_few_times,0.023566433449337898,1.0,0.0,0.0,0.0,32,89.46018311180657,1,2.1082574516699717,True
7,114.0,16-24,4.0,weekly,0.12187183149501606,0.39457827048387395,0.0,0.6054217295161262,1.517544452418506,32,89.46018311180657,4,10.902676361715372,True
7,114.0,25-34,0.0,not_volunteered,0.8156270550995818,0.1786547449044523,0.07385342407339754,0.7474918310221501,1.8726162103780002,73,122.30889305567138,64,99.75844225548693,False
7,114.0,25-34,1.0,once_or_one_off,0.09970720425213633,0.0,0.16414983158484894,0.835850168415151,3.0546846398328644,73,122.30889305567138,4,12.195077781754526,True
7,114.0,25-34,2.0,a_few_times,0.07547550931862826,0.0,0.0,1.0,1.3822172204048855,73,122.30889305567138,4,9.231325997574432,True
7,114.0,25-34,4.0,weekly,0.00919023132965365,0.0,0.0,1.0,2.0,73,122.30889305567138,1,1.124047020855489,True
7,114.0,35-44,0.0,not_volunteered,0.8661436253005905,0.14722497333606566,0.11540051498775891,0.7373745116761756,1.349176197040693,93,123.82880078459122,85,107.25352642819045,False
7,114.0,35-44,1.0,once_or_one_off,0.03735336427739268,0.0,0.0,1.0,0.46520925186079165,93,123.82880078459122,2,4.625422303739525,True
7,114.0,35-44,2.0,a_few_times,0.04841533516889357,0.0,0.0,1.0,2.2057926146492512,93,123.82880078459122,3,5.9952128935481355,True
7,114.0,35-44,3.0,monthly,0.005851902026999641,0.0,1.0,0.0,0.0,93,123.82880078459122,1,0.7246340103122841,True
7,114.0,35-44,4.0,weekly,0.042235773226123485,0.3872929656063108,0.6127070343936892,0.0,0.0,93,123.82880078459122,2,5.230005148800817,True
7,114.0,45-54,0.0,not_volunteered,0.9028434099651448,0.12994832394727887,0.11331667030486409,0.7567350057478572,1.6687362335143183,58,74.66073378603566,51,67.40695148188433,False
7,114.0,45-54,1.0,once_or_one_off,0.016729064375293905,0.0,1.0,0.0,0.0,58,74.66073378603566,1,1.2490042218132713,True
7,114.0,45-54,2.0,a_few_times,0.018562386966986585,0.0,0.0,1.0,1.0,58,74.66073378603566,1,1.3858814317755634,True
7,114.0,45-54,3.0,monthly,0.021960588748173464,0.0,0.0,1.0,3.0000000000000004,58,74.66073378603566,1,1.639593670311989,True
7,114.0,45-54,4.0,weekly,0.039904549944401166,0.0,0.0,1.0,2.241426137992594,58,74.66073378603566,4,2.9793029802504996,True
7,114.0,55-64,0.0,not_volunteered,0.719487167960421,0.12094764354731509,0.1332730635216767,0.7457792929310081,1.3520112965972053,59,84.12297424839609,46,60.52540050238593,False
7,114.0,55-64,1.0,once_or_one_off,0.042352557916359765,0.0,0.0,1.0,2.6799222872356006,59,84.12297424839609,4,3.5628231389516363,True
7,114.0,55-64,2.0,a_few_times,0.09986460878132984,0.0,0.29678828939836505,0.7032117106016349,0.9450608163420283,59,84.12297424839609,4,8.40090791283796,True
7,114.0,55-64,3.0,monthly,0.022860911188973952,0.0,0.0,1.0,2.0,59,84.12297424839609,1,1.9231278432449257,True
7,114.0,55-64,4.0,weekly,0.11543475415291556,0.0,0.5636560022632081,0.4363439977367919,0.4363439977367919,59,84.12297424839609,4,9.710714850975648,True
7,114.0,65-74,0.0,not_volunteered,0.8528766504019054,0.18317233384653975,0.10602034115295078,0.7108073250005096,1.229770102150443,28,52.747770104413846,25,44.987341482822245,True
7,114.0,65-74,1.0,once_or_one_off,0.020269701972729624,0.0,0.0,1.0,1.0,28,52.747770104413846,1,1.069181579742526,True
7,114.0,65-74,3.0,monthly,0.09718299870610195,0.0,1.0,0.0,0.0,28,52.747770104413846,1,5.126186473807014,True
7,114.0,65-74,4.0,weekly,0.029670648919263097,1.0,0.0,0.0,0.0,28,52.747770104413846,1,1.565060568042065,True
7,114.0,75-84,0.0,not_volunteered,0.889976977773391,0.48313319978825614,0.056228919698097096,0.46063788051364685,1.2004164100694772,12,26.82873604804715,10,23.876957425521034,True
7,114.0,75-84,1.0,once_or_one_off,0.0321401753260377,0.0,0.0,1.0,3.0,12,26.82873604804715,1,0.8622802803602232,True
7,114.0,75-84,2.0,a_few_times,0.0778828469005712,1.0,0.0,0.0,0.0,12,26.82873604804715,1,2.089498342165892,True
7,114.0,85+,0.0,not_volunteered,1.0,1.0,0.0,0.0,0.0,1,2.3948052763015184,1,2.3948052763015184,True
7,117.0,16-24,0.0,not_volunteered,0.7461641825626931,0.29098357140824266,0.1047405761860721,0.6042758524056853,1.1279413102799738,26,71.65631219919108,20,53.467373617566544,True
7,117.0,16-24,2.0,a_few_times,0.15251457714239006,0.0,0.0,1.0,3.6364361315378546,26,71.65631219919108,2,10.928632154642713,True
7,117.0,16-24,3.0,monthly,0.022301509384915836,0.0,0.0,1.0,1.0,26,71.65631219919108,1,1.598043918998719,True
7,117.0,16-24,4.0,weekly,0.079019730910001,0.0,0.0,1.0,3.499424335933442,26,71.65631219919108,3,5.662262507983101,True
7,117.0,25-34,0.0,not_volunteered,0.8566245696804694,0.2763479817250641,0.06138871443575405,0.6622633038391821,1.5018089256144336,74,97.7882974377771,63,83.76785821242156,False
7,117.0,25-34,1.0,once_or_one_off,0.03482076420498003,0.2550867686823136,0.0,0.7449132313176865,1.33259021560121,74,97.7882974377771,4,3.405063247087289,True
7,117.0,25-34,2.0,a_few_times,0.02054126957903799,0.0,0.0,1.0,5.5778921269414115,74,97.7882974377771,3,2.0086957793445293,True
7,117.0,25-34,4.0,weekly,0.08801339653551264,0.0,0.14315397387079232,0.8568460261292077,2.622355909726488,74,97.7882974377771,4,8.606680198923732,True
7,117.0,35-44,0.0,not_volunteered,0.9282444374433836,0.28772984132761126,0.06959699032077414,0.6426731683516145,1.2004964467432795,98,111.45498506182899,90,103.45746990897817,False
7,117.0,35-44,1.0,once_or_one_off,0.013307839872345349,0.0,0.0,1.0,0.0,98,111.45498506182899,1,1.4832250941774632,True
7,117.0,35-44,2.0,a_few_times,0.013709365315032937,0.5018358300692003,0.0,0.4981641699307997,2.9889850195847982,98,111.45498506182899,2,1.5279771063941525,True
7,117.0,35-44,4.0,weekly,0.044738357369238126,0.09987165859993395,0.0,0.900128341400066,1.3531487047222608,98,111.45498506182899,5,4.986312952279202,True
7,117.0,45-54,0.0,not_volunteered,0.80471999165916,0.35414686602579837,0.15440628423717573,0.49144684973702574,0.7941870407836706,76,91.7980355393081,64,73.87171439351928,False
7,117.0,45-54,1.0,once_or_one_off,0.013198940585728455,0.0,0.0,1.0,1.0,76,91.7980355393081,2,1.2116368169699168,True
7,117.0,45-54,2.0,a_few_times,0.03281085699052946,0.16895068638597727,0.0,0.8310493136140227,0.41552465680701134,76,91.7980355393081,3,3.0119722160917792,True
7,117.0,45-54,3.0,monthly,0.0062492525010381,0.0,0.0,1.0,2.0,76,91.7980355393081,1,0.5736691031844056,True
7,117.0,45-54,4.0,weekly,0.14302095826354397,0.27212427670509765,0.0,0.7278757232949024,1.9061652732406154,76,91.7980355393081,6,13.129043009542709,True
7,117.0,55-64,0.0,not_volunteered,0.8058913941293516,0.26643103173695115,0.08896136904281889,0.64460759922023,1.1729807045381615,59,70.97206490439379,47,57.19577633004074,False
7,117.0,55-64,1.0,once_or_one_off,0.04775843857064133,0.0,0.0,1.0,3.5775615555177733,59,70.97206490439379,3,3.3895150019680607,True
7,117.0,55-64,2.0,a_few_times,0.0613482430965761,0.0,0.5485476151246377,0.45145238487536227,2.7087143092521737,59,70.97206490439379,3,4.354011490820727,True
7,117.0,55-64,3.0,monthly,0.031848396215531184,0.0,0.4039289497251877,0.5960710502748124,0.9822600871423559,59,70.97206490439379,3,2.260346443309529,True
7,117.0,55-64,4.0,weekly,0.05315352798789989,0.0,0.0,1.0,1.664668766014593,59,70.97206490439379,3,3.772415638254743,True
7,117.0,65-74,0.0,not_volunteered,0.7837521207657395,0.2964290241326973,0.154161938989627,0.5494090368776757,0.8027330980993707,47,55.64630881045407,40,43.612912542978634,False
7,117.0,65-74,2.0,a_few_times,0.07294005288240542,0.0,0.0,1.0,0.4892248244893237,47,55.64630881045407,2,4.058844707345183,True
7,117.0,65-74,3.0,monthly,0.14330782635185504,0.08279182933386442,0.0,0.9172081706661356,1.5421695338545927,47,55.64630881045407,5,7.974551560130253,True
7,117.0,75-84,0.0,not_volunteered,0.9125712094076437,0.18875988589402776,0.18544448695409807,0.625795627151874,0.8033142531551307,15,34.35094643077092,13,31.347684728625797,True
7,117.0,75-84,3.0,monthly,0.025944432164473674,0.0,0.0,1.0,0.0,15,34.35094643077092,1,0.8912157994586052,True
7,117.0,75-84,4.0,weekly,0.06148435842788272,0.0,0.0,1.0,1.0,15,34.35094643077092,1,2.1120459026865177,True
7,117.0,85+,0.0,not_volunteered,1.0,0.5384474248882914,0.0,0.4615525751117085,0.13319459693164132,6,11.943930463359356,6,11.943930463359356,True
7,122.0,16-24,0.0,not_volunteered,0.7645316040797209,0.11052491118349098,0.050096858050085735,0.8393782307664235,2.1204861464505376,20,42.82193134015399,14,32.7387198572796,True
7,122.0,16-24,1.0,once_or_one_off,0.03364081278497308,0.0,0.0,1.0,2.0,20,42.82193134015399,1,1.4405645753050915,True
7,122.0,16-24,3.0,monthly,0.10768633891010819,0.0,0.0,1.0,4.952309715332403,20,42.82193134015399,2,4.611337011081206,True
7,122.0,16-24,4.0,weekly,0.09414124422519786,0.5241287474557852,0.0,0.4758712525442149,1.3512063604298967,20,42.82193134015399,3,4.031309896488091,True
7,122.0,25-34,0.0,not_volunteered,0.9137895439036027,0.42147645701821934,0.035924761172062836,0.5425987818097179,1.0845361572504977,59,100.43202613479076,52,91.77373535502515,False
7,122.0,25-34,1.0,once_or_one_off,0.0523606737309157,0.0,0.4595033805178431,0.5404966194821569,1.2703892191390511,59,100.43202613479076,4,5.258688552578578,True
7,122.0,25-34,2.0,a_few_times,0.033849782365481515,0.19187638863186382,0.30861167373022,0.49951193763791607,3.4965835634654123,59,100.43202613479076,3,3.399602227187019,True
7,122.0,35-44,0.0,not_volunteered,0.8708178606197614,0.3150143077150377,0.09175074007113938,0.5932349522138227,1.032655988461835,87,103.47634568164968,71,90.10904997124506,False
7,122.0,35-44,1.0,once_or_one_off,0.016828749950898062,0.0,0.0,1.0,2.7950644593991507,87,103.47634568164968,3,1.741377547309173,True
7,122.0,35-44,2.0,a_few_times,0.02472085559960132,0.0,0.0,1.0,1.0,87,103.47634568164968,3,2.558023799570491,True
7,122.0,35-44,3.0,monthly,0.012872615710985268,0.0,0.0,1.0,3.2218048540598274,87,103.47634568164968,3,1.3320112331369462,True
7,122.0,35-44,4.0,weekly,0.07475991811875399,0.0,0.4195896440821482,0.5804103559178518,1.8495998195125418,87,103.47634568164968,7,7.735883130388013,True
7,122.0,45-54,0.0,not_volunteered,0.8741677363931978,0.20554024330462242,0.12020543511333644,0.6742543215820411,1.07030822629118,67,100.49510199869037,57,87.84957583279869,False
7,122.0,45-54,1.0,once_or_one_off,0.008569910728879028,0.0,0.0,1.0,0.0,67,100.49510199869037,1,0.8612340528183688,True
7,122.0,45-54,3.0,monthly,0.06366701778197031,0.0,0.789036900323224,0.210963099676776,0.210963099676776,67,100.49510199869037,4,6.39822344595154,True
7,122.0,45-54,4.0,weekly,0.05359533509595296,0.0,0.0,1.0,3.122307141957236,67,100.49510199869037,5,5.386068667121783,True
7,122.0,55-64,0.0,not_volunteered,0.9376907037403551,0.30234054689837425,0.15305894409177986,0.5446005090098456,0.9446813698434321,51,84.23229892859757,45,78.98384366002462,False
7,122.0,55-64,1.0,once_or_one_off,0.01920467034477598,0.0,0.0,1.0,0.0,51,84.23229892859757,1,1.617653533306343,True
7,122.0,55-64,2.0,a_few_times,0.004879952275944653,0.0,0.0,1.0,3.0,51,84.23229892859757,1,0.4110495988646601,True
7,122.0,55-64,3.0,monthly,0.032429785065407196,0.0,0.1209275087606778,0.8790724912393221,2.6935618189736106,51,84.23229892859757,3,2.7316353498195483,True
7,122.0,55-64,4.0,weekly,0.005794888573517094,0.0,0.0,1.0,1.0,51,84.23229892859757,1,0.4881167865824062,True
7,122.0,65-74,0.0,not_volunteered,0.9425835882585372,0.2797945743820304,0.12104382410152907,0.5991616015164404,1.0445591184170067,46,61.45850867327939,43,57.929781634278115,False
7,122.0,65-74,2.0,a_few_times,0.03564207861040048,0.0,0.0,1.0,2.0,46,61.45850867327939,2,2.190508997411004,True
7,122.0,65-74,4.0,weekly,0.021774333131062265,0.0,0.0,1.0,1.0,46,61.45850867327939,1,1.338218041590265,True
7,122.0,75-84,0.0,not_volunteered,0.9006981453884307,0.6281449236931287,0.17529749144088339,0.19655758486598773,0.19364629159111518,25,60.925314073176544,21,54.87531739291777,True
7,122.0,75-84,2.0,a_few_times,0.041404360404422164,0.0,0.0,1.0,2.0,25,60.925314073176544,1,2.522573661638415,True
7,122.0,75-84,3.0,monthly,0.03463307419395741,0.0,0.0,1.0,1.4795694865364126,25,60.925314073176544,2,2.110030922586481,True
7,122.0,75-84,4.0,weekly,0.023264420013189846,0.0,0.0,1.0,1.0,25,60.925314073176544,1,1.4173920960338853,True
7,122.0,85+,0.0,not_volunteered,0.7857581143339099,0.6525303849554441,0.3474696150445559,0.0,0.0,3,9.056752089835914,2,7.1164164440991655,True
7,122.0,85+,4.0,weekly,0.21424188566609004,0.0,0.0,1.0,4.0,3,9.056752089835914,1,1.940335645736748,True
7,126.0,16-24,0.0,not_volunteered,0.8810468062740391,0.3248664463785969,0.03807267282426998,0.6370608807971332,1.2041044835905739,30,67.59299100341072,25,59.55258885006487,True
7,126.0,16-24,1.0,once_or_one_off,0.008133687609564353,1.0,0.0,0.0,0.0,30,67.59299100341072,1,0.5497802734178365,True
7,126.0,16-24,2.0,a_few_times,0.03575654979133074,0.22911734802009442,0.0,0.7708826519799056,0.7708826519799056,30,67.59299100341072,2,2.4168921483584263,True
7,126.0,16-24,3.0,monthly,0.027560707145008984,0.0,0.0,1.0,1.0,30,67.59299100341072,1,1.8629106301002296,True
7,126.0,16-24,4.0,weekly,0.047502249180056834,0.0,0.0,1.0,3.0,30,67.59299100341072,1,3.210819101469356,True
7,126.0,25-34,0.0,not_volunteered,0.8702552754799904,0.2540629240828737,0.03225050399225776,0.7136865719248684,1.4975349352879395,52,84.69711142289225,45,73.70810803368853,False
7,126.0,25-34,1.0,once_or_one_off,0.05528687951705452,0.0,0.6815645512579137,0.31843544874208624,0.9553063462262588,52,84.69711142289225,2,4.682638994679986,True
7,126.0,25-34,2.0,a_few_times,0.038628058120364045,0.732107921963617,0.0,0.267892078036383,0.267892078036383,52,84.69711142289225,2,3.271684942670431,True
7,126.0,25-34,3.0,monthly,0.012063260685807035,0.0,0.0,1.0,5.0,52,84.69711142289225,1,1.021723334429194,True
7,126.0,25-34,4.0,weekly,0.023766526196784005,0.44001051034476824,0.0,0.5599894896552318,1.6799684689656953,52,84.69711142289225,2,2.0129561174241024,True
7,126.0,35-44,0.0,not_volunteered,0.7997324206293485,0.2786427050474522,0.12198882099771809,0.5993684739548297,1.2619931647481104,94,142.85606315970577,77,114.24662519229058,False
7,126.0,35-44,1.0,once_or_one_off,0.0651888661563506,0.6658989405518754,0.0,0.33410105944812457,0.32996227537639783,94,142.85606315970577,4,9.312624780941228,True
7,126.0,35-44,2.0,a_few_times,0.0532067483843799,0.40359535328713947,0.25862513232538425,0.3377795143874762,0.39026958561691605,94,142.85606315970577,6,7.600906607721548,True
7,126.0,35-44,3.0,monthly,0.019698778192252592,0.0,0.0,1.0,2.0,94,142.85606315970577,1,2.814089901601471,True
7,126.0,35-44,4.0,weekly,0.062173186637668514,0.10561239026366856,0.0,0.8943876097363316,2.1067226557324767,94,142.85606315970577,6,8.881816677150947,True
7,126.0,45-54,0.0,not_volunteered,0.937505779808937,0.33034367462665326,0.07246330133224313,0.5971930240411036,1.0921599439294367,57,107.11667374425339,54,100.42250074914577,False
7,126.0,45-54,1.0,once_or_one_off,0.045873399860551334,0.0,0.0,1.0,1.0,57,107.11667374425339,1,4.913806006402356,True
7,126.0,45-54,2.0,a_few_times,0.00740086873254454,0.0,0.0,1.0,1.0,57,107.11667374425339,1,0.7927564414480196,True
7,126.0,45-54,4.0,weekly,0.009219951597967041,0.0,0.0,1.0,1.0,57,107.11667374425339,1,0.9876105472572432,True
7,126.0,55-64,0.0,not_volunteered,0.8453515571992315,0.31270408092020274,0.029601961987656883,0.6576939570921405,0.894525436553655,79,136.01992461628782,64,114.98465508450099,False
7,126.0,55-64,1.0,once_or_one_off,0.051146299679414454,0.0,0.0,1.0,1.0,79,136.01992461628782,4,6.9569158267960205,True
7,126.0,55-64,2.0,a_few_times,0.017183947677679244,0.0,0.0,1.0,4.4701765188343225,79,136.01992461628782,2,2.337359267728165,True
7,126.0,55-64,3.0,monthly,0.04279765859345757,0.0,0.0,1.0,1.4538599623121848,79,136.01992461628782,3,5.8213342956357215,True
7,126.0,55-64,4.0,weekly,0.043520536850217124,0.1573413429258113,0.3818914891364042,0.46076716793778466,0.6921884463166442,79,136.01992461628782,6,5.91966014162691,True
7,126.0,65-74,0.0,not_volunteered,0.8495443677331567,0.44758500593972833,0.16355173290104336,0.3888632611592283,0.5773885597200832,41,52.54246919282386,36,44.63715876955641,False
7,126.0,65-74,2.0,a_few_times,0.012775447134487913,0.0,0.0,1.0,4.0,41,52.54246919282386,1,0.671253537488381,True
7,126.0,65-74,3.0,monthly,0.07261787432025704,0.0,1.0,0.0,0.0,41,52.54246919282386,1,3.81552242432046,True
7,126.0,65-74,4.0,weekly,0.0650623108120983,0.3674451073017562,0.0,0.6325548926982438,0.3505428829019197,41,52.54246919282386,3,3.4185344614586057,True
7,126.0,75-84,0.0,not_volunteered,0.7608516945603391,0.15264771070093128,0.1168899643107653,0.7304623249883033,0.8196550633536681,15,36.05798972930752,10,27.43478258798293,True
7,126.0,75-84,1.0,once_or_one_off,0.07584099540525005,0.0,1.0,0.0,0.0,15,36.05798972930752,1,2.734673833382965,True
7,126.0,75-84,3.0,monthly,0.10483141460207991,0.39775197206182084,0.0,0.6022480279381792,0.0,15,36.05798972930752,2,3.780010071030576,True
7,126.0,75-84,4.0,weekly,0.05847589543233099,0.5264970072436098,0.0,0.47350299275639035,0.47350299275639035,15,36.05798972930752,2,2.1085232369110516,True
7,126.0,85+,0.0,not_volunteered,1.0,1.0,0.0,0.0,0.0,4,19.450349081982665,4,19.450349081982665,True
7,129.0,16-24,0.0,not_volunteered,0.758227977230534,0.3651668843943409,0.0,0.6348331156056591,1.5741824715899362,30,53.196645480541406,21,40.33518489816074,True
7,129.0,16-24,1.0,once_or_one_off,0.12107373592476227,0.31208931096076753,0.0,0.6879106890392324,1.3371506573691698,30,53.196645480541406,4,6.440716606994268,True
7,129.0,16-24,4.0,weekly,0.12069828684470393,0.2700918789770184,0.0,0.7299081210229815,2.205620204713626,30,53.196645480541406,5,6.42074397538641,True
7,129.0,25-34,0.0,not_volunteered,0.9049816721406745,0.34357102681046103,0.05251581781759806,0.6039131553719407,0.773871060273253,63,118.85815934588189,58,107.56445579239893,False
7,129.0,25-34,1.0,once_or_one_off,0.01175110565498186,0.0,0.0,1.0,3.6074217834209,63,118.85815934588189,2,1.3967147884301276,True
7,129.0,25-34,2.0,a_few_times,0.04635297280941803,0.0,0.0,1.0,2.0,63,118.85815934588189,1,5.509429028337139,True
7,129.0,25-34,3.0,monthly,0.03290599760095458,0.0,0.0,1.0,4.0,63,118.85815934588189,1,3.9111463062894662,True
7,129.0,25-34,4.0,weekly,0.004008251793971035,0.0,0.0,1.0,1.0,63,118.85815934588189,1,0.4764134304262262,True
7,129.0,35-44,0.0,not_volunteered,0.9120743318640031,0.3419991538052181,0.04233342867222392,0.6156674175225583,1.2535480947662085,109,153.73956254484997,97,140.22190878915816,False
7,129.0,35-44,1.0,once_or_one_off,0.008089498171472477,0.33552791352782335,0.0,0.6644720864721767,2.657888345888707,109,153.73956254484997,2,1.2436759100895425,True
7,129.0,35-44,2.0,a_few_times,0.0494683152030268,0.13209924080487914,0.0,0.8679007591951209,2.4944534371592098,109,153.73956254484997,5,7.605237139144092,True
7,129.0,35-44,3.0,monthly,0.009213856313796105,0.0,0.6687194728816648,0.33128052711833517,0.33128052711833517,109,153.73956254484997,2,1.4165342390341171,True
7,129.0,35-44,4.0,weekly,0.021153998447701303,0.0,0.0,1.0,1.4600343746535074,109,153.73956254484997,3,3.252206467424034,True
7,129.0,45-54,0.0,not_volunteered,0.9093491180186635,0.358634153651513,0.0703406030538351,0.5710252432946519,0.912244318803382,62,91.58931992696522,54,83.28666729551502,False
7,129.0,45-54,2.0,a_few_times,0.007861581775258256,0.4762764101981709,0.0,0.5237235898018292,0.5237235898018292,62,91.58931992696522,2,0.7200369283461276,True
7,129.0,45-54,3.0,monthly,0.03218904532511717,0.0,0.0,1.0,1.8136891349542104,62,91.58931992696522,3,2.9481727704257406,True
7,129.0,45-54,4.0,weekly,0.05060025488096127,0.0,0.0,1.0,2.0,62,91.58931992696522,3,4.634442932678345,True
7,129.0,55-64,0.0,not_volunteered,0.829767824959548,0.31275903005673705,0.09328049415194965,0.5939604757913134,0.8358036468591123,54,68.82381056508456,44,57.10778359801817,False
7,129.0,55-64,1.0,once_or_one_off,0.07844807776549029,0.43450926102062315,0.0,0.565490738979377,0.565490738979377,54,68.82381056508456,3,5.399095643327126,True
7,129.0,55-64,2.0,a_few_times,0.03491290996851103,0.21983968286852315,0.6122357858786331,0.16792453125284368,0.16792453125284368,54,68.82381056508456,3,2.4028395019486553,True
7,129.0,55-64,3.0,monthly,0.018156617659554994,0.0,0.0,1.0,0.0,54,68.82381056508456,1,1.249607614303882,True
7,129.0,55-64,4.0,weekly,0.038714569646895784,0.0,0.0,1.0,4.552651455908668,54,68.82381056508456,3,2.664484207486728,True
7,129.0,65-74,0.0,not_volunteered,0.8984861343567201,0.22088683576026374,0.07895323544352306,0.7001599287962132,1.2880696973854404,48,68.83871060558016,42,61.85062698610867,False
7,129.0,65-74,1.0,once_or_one_off,0.01881383133159714,1.0,0.0,0.0,0.0,48,68.83871060558016,1,1.2951198904180126,True
7,129.0,65-74,3.0,monthly,0.022247453828458347,1.0,0.0,0.0,0.0,48,68.83871060558016,1,1.5314860358082505,True
7,129.0,65-74,4.0,weekly,0.06045258048322457,0.0,0.0,1.0,2.873731530466172,48,68.83871060558016,4,4.1614776932452395,True
7,129.0,75-84,0.0,not_volunteered,0.8931515455618078,0.1688649554900398,0.3298089775799593,0.5013260669300009,1.195695879344689,10,15.337470877916138,9,13.698685819620016,True
7,129.0,75-84,4.0,weekly,0.10684845443819217,0.0,0.0,1.0,1.0,10,15.337470877916138,1,1.6387850582961216,True
7,129.0,85+,0.0,not_volunteered,1.0,0.0,1.0,0.0,0.0,1,1.0316849801999513,1,1.0316849801999513,True
7,135.0,16-24,0.0,not_volunteered,0.8634142788194501,0.13712088598155625,0.11047602733537033,0.7524030866830734,1.4797685220632169,44,96.99537853800717,37,83.74719480921303,False
7,135.0,16-24,1.0,once_or_one_off,0.029479722353808895,0.0,0.0,1.0,3.0,44,96.99537853800717,1,2.8593968289030456,True
7,135.0,16-24,2.0,a_few_times,0.06846849788479607,0.10005253734923636,0.06351809755934962,0.836429365091414,2.141726478871366,44,96.99537853800717,5,6.641127870264539,True
7,135.0,16-24,4.0,weekly,0.038637500941944944,1.0,0.0,0.0,0.0,44,96.99537853800717,1,3.7476590296265586,True
7,135.0,25-34,0.0,not_volunteered,0.9249122098298145,0.11147119894207394,0.13135150899415426,0.7571772920637719,1.7542858270382988,121,157.11288893438342,113,145.31562929704677,False
7,135.0,25-34,1.0,once_or_one_off,0.03539618115070291,0.0,0.0,1.0,3.4689589680596478,121,157.11288893438342,4,5.561196277831702,True
7,135.0,25-34,2.0,a_few_times,0.004323803029228019,0.0,0.0,1.0,3.0,121,157.11288893438342,1,0.6793251851052523,True
7,135.0,25-34,3.0,monthly,0.014935480742846,0.2713166818243923,0.7286833181756077,0.0,0.0,121,157.11288893438342,2,2.346556527132386,True
7,135.0,25-34,4.0,weekly,0.020432325247408446,0.0,0.0,1.0,5.0,121,157.11288893438342,1,3.2101816472672815,True
7,135.0,35-44,0.0,not_volunteered,0.8545663564497202,0.2523162761340645,0.12381136274307868,0.6238723611228569,0.9468142804816692,77,100.18758838674759,68,85.6169423691472,False
7,135.0,35-44,1.0,once_or_one_off,0.03336234372711032,0.0,0.0,1.0,2.210531881717326,77,100.18758838674759,2,3.342492760948919,True
7,135.0,35-44,3.0,monthly,0.038338327904323996,0.0,0.0,1.0,1.5082899597493453,77,100.18758838674759,3,3.8410246155145717,True
7,135.0,35-44,4.0,weekly,0.07373297191884536,0.4521838197496215,0.0,0.5478161802503786,3.164159332503194,77,100.18758838674759,4,7.387128641136897,True
7,135.0,45-54,0.0,not_volunteered,0.7542509836229481,0.2678302277671425,0.0506166081281872,0.6815531641046706,1.7185651819305345,62,86.95830178351102,51,65.58838465439435,False
7,135.0,45-54,1.0,once_or_one_off,0.0038835889283733486,0.0,0.0,1.0,4.0,62,86.95830178351102,1,0.3377102980365918,True
7,135.0,45-54,2.0,a_few_times,0.10723815430829699,0.1933952996882708,0.0,0.8066047003117294,1.3854305826208189,62,86.95830178351102,7,9.325247785047612,True
7,135.0,45-54,4.0,weekly,0.1346272731403814,0.0,0.0,1.0,1.0,62,86.95830178351102,3,11.706959046032452,True
7,135.0,55-64,0.0,not_volunteered,0.8462698714782843,0.16337066678747938,0.15069125691976612,0.6859380762927543,1.442263870529581,39,42.23608594593435,34,35.74312702521163,False
7,135.0,55-64,1.0,once_or_one_off,0.03388447553820339,0.0,0.0,1.0,3.0,39,42.23608594593435,1,1.4311476210644685,True
7,135.0,55-64,3.0,monthly,0.03792871048574805,0.0,0.0,1.0,3.310273872161464,39,42.23608594593435,2,1.601960275894516,True
7,135.0,55-64,4.0,weekly,0.08191694249776452,0.0,0.0,1.0,3.843310618635492,39,42.23608594593435,2,3.4598510237637443,True
7,135.0,65-74,0.0,not_volunteered,0.885624205985104,0.13712992146300432,0.40652085655550635,0.45634922198148936,0.6439048398536477,30,52.45256199115171,26,46.453258565298185,True
7,135.0,65-74,1.0,once_or_one_off,0.07821336134083488,0.0,0.0,1.0,1.3557147228290096,30,52.45256199115171,2,4.102491184266491,True
7,135.0,65-74,2.0,a_few_times,0.01644966007410494,0.0,0.0,1.0,2.0,30,52.45256199115171,1,0.8628268147703625,True
7,135.0,65-74,4.0,weekly,0.01971277259995592,0.0,0.0,1.0,7.0,30,52.45256199115171,1,1.0339854268166648,True
7,135.0,75-84,0.0,not_volunteered,0.8667122845654442,0.28398462314417233,0.15833397283616218,0.5576814040196655,0.631241442083991,15,30.539627729638774,13,26.469070519333414,True
7,135.0,75-84,1.0,once_or_one_off,0.06616696873790984,1.0,0.0,0.0,0.0,15,30.539627729638774,1,2.020714593254413,True
7,135.0,75-84,3.0,monthly,0.06712074669664579,0.0,0.0,1.0,1.0,15,30.539627729638774,1,2.049842617050944,True
7,135.0,85+,0.0,not_volunteered,1.0,0.2609424737428886,0.33659980444060456,0.4024577218165068,0.4024577218165068,4,7.650546356397008,4,7.650546356397008,True
7,136.0,16-24,0.0,not_volunteered,0.6739087642089069,0.1966994039028956,0.12193627702441331,0.6813643190726908,1.2962577223325904,42,49.90365764302654,31,33.63051225171639,False
7,136.0,16-24,1.0,once_or_one_off,0.1664600969066519,0.0,0.0,1.0,4.359750789391645,42,49.90365764302654,4,8.306967687254577,True
7,136.0,16-24,2.0,a_few_times,0.0946829851392675,0.17995771305871902,0.0,0.820042286941281,1.082764395337712,42,49.90365764302654,3,4.725027275009775,True
7,136.0,16-24,3.0,monthly,0.055335248818163034,0.0,0.0,1.0,1.9705342757905315,42,49.90365764302654,3,2.761431312613297,True
7,136.0,16-24,4.0,weekly,0.009612904927010696,0.0,0.0,1.0,4.0,42,49.90365764302654,1,0.4797191164325048,True
7,136.0,25-34,0.0,not_volunteered,0.7457453836173059,0.26880810191288035,0.20316457394358142,0.5280273241435384,1.2786973324995017,51,52.23216133975569,43,38.951893195477126,False
7,136.0,25-34,1.0,once_or_one_off,0.1019357858456142,0.6680966380866349,0.0,0.3319033619133652,1.1280603490376617,51,52.23216133975569,4,5.324326412582906,True
7,136.0,25-34,2.0,a_few_times,0.01436771601710904,0.0,0.0,1.0,2.0,51,52.23216133975569,1,0.7504568610894314,True
7,136.0,25-34,3.0,monthly,0.08548304945340912,0.0,0.0,1.0,3.4302953480524825,51,52.23216133975569,2,4.46496443086478,True
7,136.0,25-34,4.0,weekly,0.05246806506656155,1.0,0.0,0.0,0.0,51,52.23216133975569,1,2.7405204397414424,True
7,136.0,35-44,0.0,not_volunteered,0.8373833020874079,0.2610257233045679,0.08801017528411968,0.6509641014113126,1.9411539318204476,65,51.57337852911449,51,43.18668601251372,False
7,136.0,35-44,1.0,once_or_one_off,0.031304206818067115,0.0,0.0,1.0,1.123373088372812,65,51.57337852911449,3,1.6144637077818622,True
7,136.0,35-44,2.0,a_few_times,0.0817342780943285,0.34721420700285155,0.4610132423969401,0.1917725506002084,1.7103904032455197,65,51.57337852911449,8,4.215312862962715,True
7,136.0,35-44,4.0,weekly,0.049578213000196394,0.0,0.4259070480375478,0.5740929519624521,0.859093707568276,65,51.57337852911449,3,2.556915945856194,True
7,136.0,45-54,0.0,not_volunteered,0.815820563872229,0.2802475240323568,0.1576566202244273,0.5620958557432157,1.1820487654476306,69,56.46043155764608,58,46.06158110982822,False
7,136.0,45-54,1.0,once_or_one_off,0.09092438918877299,0.43550324632273624,0.0,0.5644967536772638,1.0789230057181445,69,56.46043155764608,5,5.133630252713493,True
7,136.0,45-54,2.0,a_few_times,0.044530237453747096,0.0,0.0,1.0,2.3217663618362643,69,56.46043155764608,2,2.514196424003016,True
7,136.0,45-54,3.0,monthly,0.036541378983697775,0.25000000022941665,0.0,0.7499999997705832,0.7499999997705832,69,56.46043155764608,2,2.063142027131075,True
7,136.0,45-54,4.0,weekly,0.012183430501553088,0.5530495352708179,0.0,0.44695046472918204,0.8939009294583641,69,56.46043155764608,2,0.6878817439702758,True
7,136.0,55-64,0.0,not_volunteered,0.867830198296178,0.11939803215865132,0.20339031266924218,0.6772116551721067,1.211002507191166,63,42.3590783854762,53,36.76048739491116,False
7,136.0,55-64,1.0,once_or_one_off,0.03775084932211435,0.8457842176558075,0.1542157823441926,0.0,0.0,63,42.3590783854762,3,1.5990911855537429,True
7,136.0,55-64,2.0,a_few_times,0.014626410419303503,0.0,0.0,1.0,4.121493652685344,63,42.3590783854762,2,0.6195612654494229,True
7,136.0,55-64,3.0,monthly,0.032254964274401235,0.0,0.0,1.0,2.9479527966865358,63,42.3590783854762,3,1.3662905600200965,True
7,136.0,55-64,4.0,weekly,0.04753757768800301,0.0,0.3379989030682952,0.6620010969317048,0.6620010969317048,63,42.3590783854762,2,2.0136479795417843,True
7,136.0,65-74,0.0,not_volunteered,0.9201093791566843,0.31449464263959,0.1632720173807385,0.5222333399796715,0.862921533109436,65,59.35762014232484,60,54.61550301737281,False
7,136.0,65-74,2.0,a_few_times,0.034493593983446355,0.0,0.0,1.0,1.4009322524439318,65,59.35762014232484,2,2.04745764901299,True
7,136.0,65-74,3.0,monthly,0.02336371433975048,0.0,0.0,1.0,2.3004611826957424,65,59.35762014232484,2,1.3868144808926968,True
7,136.0,65-74,4.0,weekly,0.02203331252011898,0.0,0.0,1.0,3.0,65,59.35762014232484,1,1.3078449950463524,True
7,136.0,75-84,0.0,not_volunteered,0.8604761914545271,0.2591149561105451,0.1114202044102646,0.6294648394791904,1.0052326113059085,18,34.137580182162694,16,29.3745749806209,True
7,136.0,75-84,2.0,a_few_times,0.11495357039226221,0.0,0.0,1.0,1.0,18,34.137580182162694,1,3.924236726491735,True
7,136.0,75-84,4.0,weekly,0.024570238153210473,0.0,0.0,1.0,0.0,18,34.137580182162694,1,0.8387684750500556,True
7,136.0,85+,0.0,not_volunteered,1.0,0.9314541341952459,0.0,0.06854586580475402,0.13709173160950805,5,5.95875742060692,5,5.95875742060692,True
7,139.0,16-24,0.0,not_volunteered,0.7634028442482983,0.009874933212557268,0.0,0.9901250667874427,3.5863372220843504,20,35.27260823484126,16,26.927209450533763,True
7,139.0,16-24,2.0,a_few_times,0.12353584339382011,0.0,0.0,1.0,6.336219216229532,20,35.27260823484126,2,4.357431406990919,True
7,139.0,16-24,3.0,monthly,0.01447848028524614,0.0,0.0,1.0,1.0,20,35.27260823484126,1,0.5106937629373598,True
7,139.0,16-24,4.0,weekly,0.09858283207263539,0.0,0.0,1.0,7.0,20,35.27260823484126,1,3.477273614379212,True
7,139.0,25-34,0.0,not_volunteered,0.8730735093028887,0.10635371376332985,0.12033464896938739,0.7733116372672828,2.044087854888003,69,72.36998093135459,59,63.184313219920895,False
7,139.0,25-34,1.0,once_or_one_off,0.026244200199081056,0.0,0.0,1.0,5.0,69,72.36998093135459,1,1.8992922679661484,True
7,139.0,25-34,2.0,a_few_times,0.029533674367154112,0.0,0.0,1.0,2.3526082367449406,69,72.36998093135459,3,2.137351450783779,True
7,139.0,25-34,3.0,monthly,0.04944313051764424,0.0,0.0,1.0,4.491194572134826,69,72.36998093135459,3,3.57819841274839,True
7,139.0,25-34,4.0,weekly,0.02170548561323189,0.2663184213389503,0.0,0.7336815786610498,0.7336815786610498,69,72.36998093135459,3,1.5708255799353832,True
7,139.0,35-44,0.0,not_volunteered,0.83698229130086,0.18859115960366293,0.2348725140558003,0.5765363263405368,1.2772473210826705,78,76.88351675300854,67,64.35014201520114,False
7,139.0,35-44,1.0,once_or_one_off,0.06056931998818399,0.0,0.21789693245552672,0.7821030675444733,1.8941164924244125,78,76.88351675300854,4,4.656782328029879,True
7,139.0,35-44,2.0,a_few_times,0.011493627791776862,0.0,0.5584057302725013,0.44159426972749877,0.8831885394549975,78,76.88351675300854,2,0.8836705248819209,True
7,139.0,35-44,3.0,monthly,0.01534844663046088,0.0,0.0,1.0,2.5828849337006727,78,76.88351675300854,2,1.1800425536456964,True
7,139.0,35-44,4.0,weekly,0.07560631428871803,0.0,0.0,1.0,2.115743735151219,78,76.88351675300854,3,5.812879331249881,True
7,139.0,45-54,0.0,not_volunteered,0.8048561453078946,0.2169803983586,0.1392960286868394,0.6437235729545605,1.3678757247541176,82,78.85419213377692,67,63.4662811221598,False
7,139.0,45-54,1.0,once_or_one_off,0.020050982577730317,0.0,0.0,1.0,2.1017768397691636,82,78.85419213377692,4,1.58110403265536,True
7,139.0,45-54,2.0,a_few_times,0.007863419016520714,0.0,0.0,1.0,0.0,82,78.85419213377692,1,0.6200635539571194,True
7,139.0,45-54,3.0,monthly,0.03283869321116572,0.0,0.0,1.0,1.823780495580529,82,78.85419213377692,2,2.589468623895417,True
7,139.0,45-54,4.0,weekly,0.13439075988668892,0.18357775109241006,0.0,0.8164222489075901,2.40537404222551,82,78.85419213377692,8,10.597274801109247,True
7,139.0,55-64,0.0,not_volunteered,0.840556877963932,0.10217373066111804,0.008166752364989344,0.8896595169738926,1.9559940287931872,49,45.49449881147106,43,38.24071388550393,False
7,139.0,55-64,1.0,once_or_one_off,0.046663772823805044,0.0,0.7839991460040381,0.21600085399596194,0.4320017079919239,49,45.49449881147106,2,2.122944957271354,True
7,139.0,55-64,2.0,a_few_times,0.03361157192328227,0.0,0.0,1.0,4.605725901749438,49,45.49449881147106,2,1.5291416189154394,True
7,139.0,55-64,4.0,weekly,0.07916777728898063,0.0,0.0,1.0,1.2438178924929935,49,45.49449881147106,2,3.6016983497803348,True
7,139.0,65-74,0.0,not_volunteered,0.7418306033233842,0.20051073532594932,0.13857349367920735,0.6609157709948433,1.4603122113637277,42,43.481978381176724,32,32.25626225620268,False
7,139.0,65-74,1.0,once_or_one_off,0.06249307433674139,0.0,0.0,1.0,1.7426369630098868,42,43.481978381176724,3,2.717322507283459,True
7,139.0,65-74,2.0,a_few_times,0.1246996950851339,0.0,0.47576807428255036,0.5242319257174497,0.41183571021735615,42,43.481978381176724,5,5.422189445831122,True
7,139.0,65-74,3.0,monthly,0.06335914373323645,0.0,0.0,1.0,2.0,42,43.481978381176724,1,2.754980918058456,True
7,139.0,65-74,4.0,weekly,0.007617483521503948,1.0,0.0,0.0,0.0,42,43.481978381176724,1,0.3312232538010046,True
7,139.0,75-84,0.0,not_volunteered,0.8055649899984704,0.4459925271764636,0.0489253163014587,0.5050821565220777,0.5801341123904101,16,29.663670640364113,13,23.896014542722835,True
7,139.0,75-84,2.0,a_few_times,0.03455493115514968,1.0,0.0,0.0,0.0,16,29.663670640364113,1,1.0250260967868168,True
7,139.0,75-84,3.0,monthly,0.11710946760064003,0.0,0.0,1.0,3.0,16,29.663670640364113,1,3.473896675773778,True
7,139.0,75-84,4.0,weekly,0.04277061124574005,0.0,1.0,0.0,0.0,16,29.663670640364113,1,1.2687333250806865,True
7,139.0,85+,0.0,not_volunteered,1.0,0.40362189500462586,0.0,0.596378104995374,0.9707548738312746,4,6.48838591566656,4,6.48838591566656,True
7,142.0,16-24,0.0,not_volunteered,0.6277088823312978,0.2753735248606706,0.04778029912005667,0.6768461760192728,1.9130402761778373,34,66.70910050052407,24,41.87389491651019,True
7,142.0,16-24,1.0,once_or_one_off,0.14962079458298141,0.0,0.0,1.0,3.475424069310481,34,66.70910050052407,3,9.981068622804376,True
7,142.0,16-24,2.0,a_few_times,0.14353558304610137,0.41869540613947176,0.5813045938605282,0.0,0.0,34,66.70910050052407,3,9.575129634823695,True
7,142.0,16-24,4.0,weekly,0.07913474003961937,0.0,0.0,1.0,2.398789386923948,34,66.70910050052407,4,5.279007326385815,True
7,142.0,25-34,0.0,not_volunteered,0.8215623925643832,0.15814375580602608,0.08189133452749055,0.7599649096664833,2.1738728391687854,129,234.78838949538584,108,192.8933110201675,False
7,142.0,25-34,1.0,once_or_one_off,0.10363192962378254,0.10470523992246884,0.0,0.8952947600775313,2.4896081598976396,129,234.78838949538584,12,24.33157385666707,True
7,142.0,25-34,2.0,a_few_times,0.009084453953972907,0.0,0.0,1.0,4.0,129,234.78838949538584,1,2.1329243132982887,True
7,142.0,25-34,3.0,monthly,0.03139586016312978,0.5204346082591194,0.0,0.4795653917408807,1.4386961752226421,129,234.78838949538584,3,7.371383444523583,True
7,142.0,25-34,4.0,weekly,0.03432536369473145,0.0,0.0,1.0,2.5912157473919937,129,234.78838949538584,5,8.059196860729385,True
7,142.0,35-44,0.0,not_volunteered,0.7703304776219088,0.30901813227952657,0.1013995527806274,0.589582314939846,1.3196353374138732,88,171.49542992080467,72,132.10815644086804,False
7,142.0,35-44,1.0,once_or_one_off,0.06631736358439728,0.4298821369682189,0.2275059816272577,0.34261188140452326,0.6115229446325081,88,171.49542992080467,7,11.373124779120527,True
7,142.0,35-44,2.0,a_few_times,0.07405273577498314,0.0,0.0,1.0,2.816596285128982,88,171.49542992080467,2,12.699705758542487,True
7,142.0,35-44,3.0,monthly,0.05288476720556814,0.12139848529793065,0.0,0.8786015147020693,1.3209271721359765,88,171.49542992080467,6,9.06949588818058,True
7,142.0,35-44,4.0,weekly,0.03641465581314263,0.0,0.0,1.0,2.0,88,171.49542992080467,1,6.244947054093024,True
7,142.0,45-54,0.0,not_volunteered,0.7531227754050432,0.2200448869391695,0.11026426316567171,0.6696908498951587,1.599682477045493,61,113.23913168661375,50,85.28296914027972,False
7,142.0,45-54,1.0,once_or_one_off,0.1627658538533237,0.0,0.0,1.0,3.7406779132085624,61,113.23913168661375,7,18.43146395858065,True
7,142.0,45-54,2.0,a_few_times,0.06965104565386723,0.0,0.0,1.0,4.060520987628961,61,113.23913168661375,3,7.887223930908618,True
7,142.0,45-54,3.0,monthly,0.014460325087766011,0.0,0.0,1.0,1.0,61,113.23913168661375,1,1.6374746568447798,True
7,142.0,55-64,0.0,not_volunteered,0.7878132610832985,0.15489608704448843,0.1118093867838294,0.7332945261716821,1.520039776062931,39,59.20649265912327,33,46.643660059088276,False
7,142.0,55-64,1.0,once_or_one_off,0.013546366520443512,0.0,0.0,1.0,1.0,39,59.20649265912327,1,0.802032849950432,True
7,142.0,55-64,2.0,a_few_times,0.11362621555192744,0.0,0.0,1.0,1.0698898556861143,39,59.20649265912327,2,6.727409696959151,True
7,142.0,55-64,3.0,monthly,0.036586593776116144,1.0,0.0,0.0,0.0,39,59.20649265912327,1,2.1661638958279457,True
7,142.0,55-64,4.0,weekly,0.04842756306821441,0.0,0.8883577048820918,0.1116422951179083,0.1116422951179083,39,59.20649265912327,2,2.8672261572974658,True
7,142.0,65-74,0.0,not_volunteered,1.0,0.19039218044766007,0.07243795394928164,0.7371698656030583,1.2712579873924599,16,31.32182096767133,16,31.32182096767133,True
7,142.0,75-84,0.0,not_volunteered,0.6710459208943157,0.21979856581531218,0.36907005954239724,0.41113137464229066,0.5822648590321605,14,44.141674794021554,10,29.621090811971598,True
7,142.0,75-84,2.0,a_few_times,0.1152577908368819,0.0,0.0,1.0,1.0,14,44.141674794021554,1,5.087671920598998,True
7,142.0,75-84,3.0,monthly,0.21369628826880235,0.5391894636878156,0.4608105363121844,0.0,0.0,14,44.141674794021554,3,9.432912061450956,True
7,142.0,85+,0.0,not_volunteered,1.0,0.801343813271609,0.0,0.19865618672839103,0.19865618672839103,3,6.85456133699771,3,6.85456133699771,True
7,147.0,16-24,0.0,not_volunteered,0.7445042113475381,0.19259750600138803,0.17303508584820398,0.6343674081504079,1.6655816071240244,28,84.90902308642868,22,63.21512526925149,True
7,147.0,16-24,1.0,once_or_one_off,0.1525905243836155,0.4517034415296361,0.5482965584703638,0.0,0.0,28,84.90902308642868,4,12.956312357658668,True
7,147.0,16-24,2.0,a_few_times,0.06149617737931168,0.0,0.0,1.0,0.0,28,84.90902308642868,1,5.221580344827088,True
7,147.0,16-24,4.0,weekly,0.04140908688953472,0.0,0.0,1.0,0.0,28,84.90902308642868,1,3.5160051146914344,True
7,147.0,25-34,0.0,not_volunteered,0.932974605618058,0.13044749864859057,0.11851650399784536,0.7510359973535643,1.9193048830429473,98,167.40803981866773,90,156.18744992711368,False
7,147.0,25-34,1.0,once_or_one_off,0.0281833688227794,0.0,0.27182228977087436,0.7281777102291257,0.39864754905511796,98,167.40803981866773,3,4.718122530108053,True
7,147.0,25-34,2.0,a_few_times,0.00789890801513956,0.0,0.0,1.0,0.0,98,167.40803981866773,1,1.3223407075224771,True
7,147.0,25-34,3.0,monthly,0.02385341228766176,0.0,0.0,1.0,4.868553505134542,98,167.40803981866773,3,3.9932529940639783,True
7,147.0,25-34,4.0,weekly,0.007089705256361235,0.0,0.0,1.0,3.0,98,167.40803981866773,1,1.1868736598595395,True
7,147.0,35-44,0.0,not_volunteered,0.8145770739156257,0.1424684109049738,0.11743096339534495,0.7401006256996812,1.53049776659134,102,149.16099584250878,85,121.50312753573162,False
7,147.0,35-44,1.0,once_or_one_off,0.061253295500347714,0.1530191556591636,0.058312655986250954,0.7886681883545854,2.002807017548339,102,149.16099584250878,6,9.136602555467327,True
7,147.0,35-44,2.0,a_few_times,0.05271058004866702,0.0,0.24131989303434764,0.7586801069656524,2.3131437719761867,102,149.16099584250878,5,7.862362611495448,True
7,147.0,35-44,3.0,monthly,0.004933790971578772,0.0,0.0,1.0,4.0,102,149.16099584250878,1,0.7359291745994686,True
7,147.0,35-44,4.0,weekly,0.06652525956378114,0.48436780756710485,0.0,0.5156321924328953,3.811140116863636,102,149.16099584250878,5,9.922973965214975,True
7,147.0,45-54,0.0,not_volunteered,0.9021488685710424,0.19609429450333135,0.1402116027050743,0.6636941027915946,1.5269164062278353,66,95.86732318039915,57,86.48659714013156,False
7,147.0,45-54,2.0,a_few_times,0.02283106895444804,0.0,0.0,1.0,2.0953719749713415,66,95.86732318039915,3,2.188753466010048,True
7,147.0,45-54,3.0,monthly,0.027322228964433735,0.0,0.5589182327075422,0.44108176729245796,0.8821635345849159,66,95.86732318039915,3,2.619308954142231,True
7,147.0,45-54,4.0,weekly,0.04769783351007574,0.0,0.0,1.0,11.875811166615623,66,95.86732318039915,3,4.5726636201153035,True
7,147.0,55-64,0.0,not_volunteered,0.8270085109740838,0.20810342612431906,0.07717986185467832,0.7147167120210025,1.4651316691157366,55,78.83475914878113,44,65.19701677663402,False
7,147.0,55-64,1.0,once_or_one_off,0.008864090919596097,1.0,0.0,0.0,0.0,55,78.83475914878113,1,0.6987984727192562,True
7,147.0,55-64,2.0,a_few_times,0.05986315354080619,0.30574282714898643,0.0,0.6942571728510136,0.844075349244306,55,78.83475914878113,4,4.71929729127596,True
7,147.0,55-64,3.0,monthly,0.016924965986688825,0.0,0.0,1.0,3.317876826403019,55,78.83475914878113,2,1.3342756171619263,True
7,147.0,55-64,4.0,weekly,0.08733927857882517,0.0,0.19912804609611925,0.8008719539038808,3.405851304815454,55,78.83475914878113,4,6.885370990989982,True
7,147.0,65-74,0.0,not_volunteered,0.8788456350695636,0.2989791418945481,0.04362398858960278,0.6573968695158492,1.109480347426156,26,31.12598974848504,24,27.35494022767606,True
7,147.0,65-74,2.0,a_few_times,0.027710599390054713,0.0,1.0,0.0,0.0,26,31.12598974848504,1,0.8625198325392188,True
7,147.0,65-74,4.0,weekly,0.09344376554038165,0.0,0.0,1.0,2.0,26,31.12598974848504,1,2.908529688269759,True
7,147.0,75-84,0.0,not_volunteered,0.8491130349012221,0.330012456798113,0.0,0.669987543201887,1.6158825052677404,12,45.33050611559453,10,38.490723621420884,True
7,147.0,75-84,2.0,a_few_times,0.03329927090085729,0.0,0.0,1.0,1.0,12,45.33050611559453,1,1.5094728032161504,True
7,147.0,75-84,4.0,weekly,0.11758769419792053,0.0,0.0,1.0,0.0,12,45.33050611559453,1,5.330309690957496,True
7,147.0,85+,0.0,not_volunteered,1.0,1.0,0.0,0.0,0.0,2,4.329876607900276,2,4.329876607900276,True
7,160.0,16-24,0.0,not_volunteered,0.720923846105958,0.3822836038909118,0.032157370637708474,0.5855590254713795,2.616792913981652,27,59.36624862190856,22,42.79854428538885,True
7,160.0,16-24,1.0,once_or_one_off,0.10492876972757485,0.39901229672077554,0.0,0.6009877032792245,0.6009877032792245,27,59.36624862190856,2,6.229227431238201,True
7,160.0,16-24,3.0,monthly,0.05636720181352457,0.0,0.0,1.0,3.0,27,59.36624862190856,1,3.3463093169829947,True
7,160.0,16-24,4.0,weekly,0.11778018235294263,0.0,0.0,1.0,4.884200405021161,27,59.36624862190856,2,6.9921675882985195,True
7,160.0,25-34,0.0,not_volunteered,0.8680203327058337,0.2609186769367418,0.07281995721310419,0.6662613658501538,1.4196872379548962,82,99.02658333246302,73,85.95708781096651,False
7,160.0,25-34,1.0,once_or_one_off,0.03576997696131333,0.0,0.0,1.0,2.0,82,99.02658333246302,3,3.5421786043597767,True
7,160.0,25-34,2.0,a_few_times,0.035840561379514545,0.0,0.2959452206358608,0.7040547793641391,0.7040547793641391,82,99.02658333246302,2,3.5491683381307526,True
7,160.0,25-34,3.0,monthly,0.011283242094188182,0.0,0.0,1.0,3.0,82,99.02658333246302,1,1.1173409135004806,True
7,160.0,25-34,4.0,weekly,0.049085886859150364,0.0,0.0,1.0,3.1221445168471744,82,99.02658333246302,3,4.860807665505505,True
7,160.0,35-44,0.0,not_volunteered,0.7646140044442004,0.29397326013822445,0.11152680319348224,0.5944999366682934,1.4705196481752925,102,96.08829075291568,82,73.47045277278549,False
7,160.0,35-44,1.0,once_or_one_off,0.0827189859091939,0.0,0.0,1.0,2.1805302507908157,102,96.08829075291568,7,7.948325968828959,True
7,160.0,35-44,2.0,a_few_times,0.027989956143857717,0.0,0.0,1.0,1.7756312072762621,102,96.08829075291568,3,2.689507044112359,True
7,160.0,35-44,3.0,monthly,0.07396686654369752,0.2566348381156157,0.0,0.7433651618843843,1.1938134479312092,102,96.08829075291568,6,7.107349778532919,True
7,160.0,35-44,4.0,weekly,0.050710186959050545,0.0,0.0,1.0,1.3874407065369674,102,96.08829075291568,4,4.872655188655962,True
7,160.0,45-54,0.0,not_volunteered,0.7775755864483442,0.13066063989252993,0.08579419716543629,0.7835451629420337,1.2722583344018892,69,75.94629162436291,53,59.053982248390966,False
7,160.0,45-54,1.0,once_or_one_off,0.055814132438278034,0.0,0.5286190176963926,0.4713809823036074,1.2020762014144477,69,75.94629162436291,5,4.2388763789182775,True
7,160.0,45-54,2.0,a_few_times,0.03175721410151341,1.0,0.0,0.0,0.0,69,75.94629162436291,2,2.4118426433308673,True
7,160.0,45-54,3.0,monthly,0.032825946425658836,0.0,0.0,1.0,3.3806214727324164,69,75.94629162436291,2,2.493008900088799,True
7,160.0,45-54,4.0,weekly,0.10202712058620529,0.0,0.0,1.0,3.371837478090789,69,75.94629162436291,7,7.748581453633988,True
7,160.0,55-64,0.0,not_volunteered,0.8635232341105296,0.3569520375278935,0.006876469841707453,0.6361714926303992,1.4346730285548084,50,46.15877628360257,45,39.8591757790009,False
7,160.0,55-64,1.0,once_or_one_off,0.1133499313500686,0.0,0.0,1.0,3.226083439666488,50,46.15877628360257,3,5.232094122949526,True
7,160.0,55-64,3.0,monthly,0.016383745350668,1.0,0.0,0.0,0.0,50,46.15877628360257,1,0.7562536363289979,True
7,160.0,55-64,4.0,weekly,0.006743089188733851,0.0,0.0,1.0,4.0,50,46.15877628360257,1,0.311252745323145,True
7,160.0,65-74,0.0,not_volunteered,0.8703304157006854,0.24547218551375874,0.17874839065799392,0.5757794238282473,1.1720649281667652,32,32.27186701479162,29,28.087187434420823,True
7,160.0,65-74,4.0,weekly,0.12966958429931463,0.0,0.0,1.0,2.1233864790073342,32,32.27186701479162,3,4.184679580370793,True
7,160.0,75-84,0.0,not_volunteered,0.8118774367131965,0.3044056624801529,0.02285671152281142,0.6727376259970358,0.9889214824832474,15,36.04494282006072,12,29.26407578322463,True
7,160.0,75-84,2.0,a_few_times,0.15789149512745776,1.0,0.0,0.0,0.0,15,36.04494282006072,2,5.691189913643111,True
7,160.0,75-84,3.0,monthly,0.03023106815934556,0.0,0.0,1.0,1.0,15,36.04494282006072,1,1.089677123192969,True
7,160.0,85+,0.0,not_volunteered,1.0,0.0,0.0,1.0,0.0,1,1.0273530503097346,1,1.0273530503097346,True
7,171.0,16-24,0.0,not_volunteered,0.8344735896233233,0.3672931930888856,0.11478861620782081,0.5179181907032934,1.49254999226231,41,86.47603401626203,37,72.1619665219388,False
7,171.0,16-24,2.0,a_few_times,0.0948266546171146,0.0,0.0,1.0,0.5438580350254703,41,86.47603401626203,2,8.200233010317934,True
7,171.0,16-24,3.0,monthly,0.07069975575956224,0.0,0.0,1.0,1.0,41,86.47603401626203,2,6.113834484005322,True
7,171.0,25-34,0.0,not_volunteered,0.8041634286474296,0.15264493277523125,0.14160483804680152,0.7057502291779671,1.4439959562382765,117,233.10725970522637,96,187.45633320716166,False
7,171.0,25-34,1.0,once_or_one_off,0.04132902933827093,0.0,0.0,1.0,3.509242859383167,117,233.10725970522637,3,9.634096775321241,True
7,171.0,25-34,2.0,a_few_times,0.04661326987810746,0.30623138733248295,0.0,0.6937686126675169,2.803631222508268,117,233.10725970522637,8,10.865891607185802,True
7,171.0,25-34,3.0,monthly,0.004039514255348524,0.0,0.0,1.0,9.0,117,233.10725970522637,1,0.9416400986044924,True
7,171.0,25-34,4.0,weekly,0.10385475788084345,0.1973207099349457,0.0,0.8026792900650543,2.083042930408567,117,233.10725970522637,9,24.209298016953177,True
7,171.0,35-44,0.0,not_volunteered,0.935210240518655,0.24767525842392357,0.12871558568059763,0.6236091558954788,1.2016704352550847,122,197.568204231813,112,184.7678077984726,False
7,171.0,35-44,1.0,once_or_one_off,0.0023223269558665955,1.0,0.0,0.0,0.0,122,197.568204231813,1,0.4588179663096962,True
7,171.0,35-44,2.0,a_few_times,0.021016990234731272,0.14536502184799144,0.0,0.8546349781520085,1.1837964883563696,122,197.568204231813,4,4.152289019033407,True
7,171.0,35-44,3.0,monthly,0.039450118432408976,0.0,0.0,1.0,2.4280955950781684,122,197.568204231813,4,7.794089055423388,True
7,171.0,35-44,4.0,weekly,0.0020003238583383544,0.0,0.0,1.0,2.0,122,197.568204231813,1,0.3952003925739602,True
7,171.0,45-54,0.0,not_volunteered,0.936795935743641,0.2938389459391187,0.1580939004248397,0.5480671536360414,0.8812311677241133,61,119.40319541614264,54,111.85642818064616,False
7,171.0,45-54,1.0,once_or_one_off,0.007795075149034292,0.0,0.0,1.0,0.0,61,119.40319541614264,1,0.9307568813036587,True
7,171.0,45-54,2.0,a_few_times,0.032100097934642774,0.7844976781240293,0.0,0.21550232187597074,0.862009287503883,61,119.40319541614264,2,3.8328542665674674,True
7,171.0,45-54,3.0,monthly,0.004535374348846484,0.0,0.0,1.0,1.0,61,119.40319541614264,1,0.5415381896606773,True
7,171.0,45-54,4.0,weekly,0.01877351682383566,0.2659384405195798,0.0,0.7340615594804203,0.44079329767900255,61,119.40319541614264,3,2.241617897964691,True
7,171.0,55-64,0.0,not_volunteered,0.9018935650265576,0.3699794338831658,0.051470845495444804,0.5785497206213893,0.7037673520740046,37,67.42374963637707,35,60.80904592701018,False
7,171.0,55-64,3.0,monthly,0.005585527064060633,1.0,0.0,0.0,0.0,37,67.42374963637707,1,0.3765971783544324,True
7,171.0,55-64,4.0,weekly,0.09252090790938182,0.0,0.0,1.0,1.0,37,67.42374963637707,1,6.238106531012458,True
7,171.0,65-74,0.0,not_volunteered,0.4013321527182309,0.24835072004195746,0.0,0.7516492799580425,0.7704091406134447,15,28.08293011819035,9,11.270582798968977,True
7,171.0,65-74,2.0,a_few_times,0.5338202037931953,0.5325346182503039,0.0,0.4674653817496962,0.8573767306873395,15,28.08293011819035,4,14.991235478802436,True
7,171.0,65-74,3.0,monthly,0.033253188113192694,1.0,0.0,0.0,0.0,15,28.08293011819035,1,0.9338469579898284,True
7,171.0,65-74,4.0,weekly,0.03159445537538104,0.0,0.0,1.0,1.0,15,28.08293011819035,1,0.8872648824291092,True
7,171.0,75-84,0.0,not_volunteered,1.0,0.17241782027666114,0.8275821797233388,0.0,0.0,2,4.984959479891618,2,4.984959479891618,True
7,171.0,85+,0.0,not_volunteered,1.0,1.0,0.0,0.0,0.0,1,6.637306529820253,1,6.637306529820253,True
7,196.0,16-24,0.0,not_volunteered,0.935202030179399,0.2218917707114957,0.15903184198480527,0.6190763873036991,1.3291680100521617,39,109.67676251458607,36,102.5699309671447,False
7,196.0,16-24,2.0,a_few_times,0.05025493708693021,0.0,0.0,1.0,4.0,39,109.67676251458607,1,5.511798800068709,True
7,196.0,16-24,3.0,monthly,0.005536868132482257,0.0,0.0,1.0,3.0,39,109.67676251458607,1,0.6072657712408362,True
7,196.0,16-24,4.0,weekly,0.009006164601188645,0.0,1.0,0.0,0.0,39,109.67676251458607,1,0.9877669761318388,True
7,196.0,25-34,0.0,not_volunteered,0.8518149915644457,0.24198724407739394,0.13966796482992164,0.6183447910926846,1.0760451569350429,73,142.9806972266161,65,121.79310140196856,False
7,196.0,25-34,1.0,once_or_one_off,0.030926498813277466,0.0,0.0,1.0,3.0,73,142.9806972266161,2,4.421892363100527,True
7,196.0,25-34,2.0,a_few_times,0.08110940306775538,0.0,0.0,1.0,0.4490669168435899,73,142.9806972266161,3,11.597079002262298,True
7,196.0,25-34,3.0,monthly,0.005590366770288089,0.0,0.0,1.0,4.0,73,142.9806972266161,1,0.7993145385682968,True
7,196.0,25-34,4.0,weekly,0.030558739784233117,0.0,0.0,1.0,4.4464729311695566,73,142.9806972266161,2,4.369309920716383,True
7,196.0,35-44,0.0,not_volunteered,0.927433226437763,0.3467027007928379,0.07081681313157351,0.5824804860755887,0.9811944120417038,108,159.9859825899586,96,148.3763160182211,False
7,196.0,35-44,1.0,once_or_one_off,0.011401026471075297,0.599453684414175,0.0,0.4005463155858249,0.8010926311716497,108,159.9859825899586,3,1.8240044225091097,True
7,196.0,35-44,2.0,a_few_times,0.015936077405562632,0.0,0.0,1.0,4.4336846060928865,108,159.9859825899586,2,2.5495490023585763,True
7,196.0,35-44,3.0,monthly,0.03027979270244234,0.0,0.0,1.0,0.6782924002764482,108,159.9859825899586,4,4.844342388120496,True
7,196.0,35-44,4.0,weekly,0.014949876983156727,0.0,0.0,1.0,1.69480398939197,108,159.9859825899586,3,2.391770758749335,True
7,196.0,45-54,0.0,not_volunteered,0.7684056777281615,0.262540586093234,0.09433312330471726,0.6431262906020484,0.8742502488079452,59,89.76009921264985,46,68.97216986844322,False
7,196.0,45-54,1.0,once_or_one_off,0.032399761377551205,0.0,0.0,1.0,3.2996938314285966,59,89.76009921264985,3,2.908205795715177,True
7,196.0,45-54,2.0,a_few_times,0.1287926670823941,0.29102280894563426,0.0,0.7089771910543659,0.9336661293232067,59,89.76009921264985,7,11.560442575177476,True
7,196.0,45-54,3.0,monthly,0.03824579241243702,0.0,0.0,1.0,1.5186807922951868,59,89.76009921264985,2,3.432946121406758,True
7,196.0,45-54,4.0,weekly,0.03215610139945636,0.0,0.0,1.0,1.0,59,89.76009921264985,1,2.8863348519072316,True
7,196.0,55-64,0.0,not_volunteered,0.815133100120631,0.17306373857657034,0.18941691967737445,0.6375193417460552,1.0640029329169332,47,67.89999217355442,35,55.347531118596,False
7,196.0,55-64,1.0,once_or_one_off,0.024705232766159192,0.0,0.0,1.0,3.361069321234764,47,67.89999217355442,2,1.6774851114680494,True
7,196.0,55-64,2.0,a_few_times,0.01751721344579191,0.0,0.0,1.0,1.0,47,67.89999217355442,1,1.189418655871753,True
7,196.0,55-64,3.0,monthly,0.04049772533657316,0.0,0.19222709509108232,0.8077729049089177,0.8077729049089177,47,67.89999217355442,2,2.749795233400074,True
7,196.0,55-64,4.0,weekly,0.10214672833084451,0.0,0.0,1.0,4.975564399183739,47,67.89999217355442,7,6.935762054218532,True
7,196.0,65-74,0.0,not_volunteered,0.8120906112925146,0.3327130270711318,0.16482830156488745,0.5024586713639806,0.5519448188942168,31,50.11113293285793,26,40.69478057600505,True
7,196.0,65-74,1.0,once_or_one_off,0.10919256102971847,0.0,0.0,1.0,0.8496269491455384,31,50.11113293285793,2,5.471762941039424,True
7,196.0,65-74,4.0,weekly,0.07871682767776694,0.0,0.0,1.0,1.0,31,50.11113293285793,3,3.944589415813449,True
7,196.0,75-84,0.0,not_volunteered,1.0,0.5699244274985307,0.14954959368940207,0.28052597881206737,0.1432436324489821,12,27.932761738687017,12,27.932761738687017,True
7,196.0,85+,0.0,not_volunteered,1.0,0.5228470928350543,0.2432734627032227,0.23387944446172287,0.0,4,5.501776442295711,4,5.501776442295711,True
7,201.0,16-24,0.0,not_volunteered,0.5595374600150154,0.0902619242008916,0.08360364119399337,0.826134434605115,1.4861612263716206,19,35.39727634954306,13,19.806102100072902,True
7,201.0,16-24,1.0,once_or_one_off,0.26272131116265596,0.0,0.0,1.0,2.446454883509128,19,35.39727634954306,2,9.299618854138826,True
7,201.0,16-24,2.0,a_few_times,0.04187216494990463,0.0,0.0,1.0,1.0,19,35.39727634954306,2,1.4821605940854252,True
7,201.0,16-24,3.0,monthly,0.13586906387242392,0.0,0.0,1.0,2.9043276677727174,19,35.39727634954306,2,4.809394801245907,True
7,201.0,25-34,0.0,not_volunteered,0.7831987683891791,0.22769092367663643,0.11451382804565552,0.6577952482777079,2.0751779529762784,38,53.30491734297734,29,41.748345612106846,True
7,201.0,25-34,1.0,once_or_one_off,0.0953710136716048,0.32801898825532294,0.0,0.6719810117446772,5.459675704673878,38,53.30491734297734,3,5.083744000680856,True
7,201.0,25-34,2.0,a_few_times,0.051597857328629315,0.8576986857749314,0.14230131422506875,0.0,0.0,38,53.30491734297734,4,2.7504195199773234,True
7,201.0,25-34,3.0,monthly,0.035050294180419696,0.0,0.0,1.0,5.0,38,53.30491734297734,1,1.8683530341343115,True
7,201.0,25-34,4.0,weekly,0.034782066430167215,0.0,0.0,1.0,6.0,38,53.30491734297734,1,1.8540551760780104,True
7,201.0,35-44,0.0,not_volunteered,0.741213460161051,0.15275187467708504,0.09405234704606162,0.7531957782768536,1.5226476657794508,62,56.23199149392099,50,41.679908986955965,False
7,201.0,35-44,1.0,once_or_one_off,0.09042603749880879,0.0,0.0,1.0,3.024904773926289,62,56.23199149392099,3,5.084836171461996,True
7,201.0,35-44,2.0,a_few_times,0.03568134832389298,0.31469735907731844,0.0,0.6853026409226816,1.3365368575370575,62,56.23199149392099,3,2.0064332754407816,True
7,201.0,35-44,3.0,monthly,0.10345751339364852,0.0,0.1672405917271594,0.8327594082728407,4.79747956229898,62,56.23199149392099,5,5.81762201313386,True
7,201.0,35-44,4.0,weekly,0.029221640622598587,0.0,0.0,1.0,5.0,62,56.23199149392099,1,1.6431910469283797,True
7,201.0,45-54,0.0,not_volunteered,0.7674185505788771,0.06780831373200903,0.02646211756934021,0.9057295686986508,1.6621309665357287,91,88.40698651205464,66,67.8451614501273,False
7,201.0,45-54,1.0,once_or_one_off,0.0576292944021393,0.07558633152843128,0.0,0.9244136684715688,1.8325083470261256,91,88.40698651205464,7,5.094832252909155,True
7,201.0,45-54,2.0,a_few_times,0.04654439430708923,0.0,0.0,1.0,3.634291963221,91,88.40698651205464,6,4.1148496397185905,True
7,201.0,45-54,3.0,monthly,0.02005071105099354,0.0,0.0,1.0,1.5650436246516635,91,88.40698651205464,4,1.7726229414422912,True
7,201.0,45-54,4.0,weekly,0.10835704966090101,0.0,0.0,1.0,2.7729448271690966,91,88.40698651205464,8,9.57952022785731,True
7,201.0,55-64,0.0,not_volunteered,0.8523738541565916,0.252576352856066,0.08063362490449588,0.6667900222394381,1.2755188796242907,65,66.40191823248185,53,56.599258967211405,False
7,201.0,55-64,1.0,once_or_one_off,0.057957037238038245,0.0,0.2646980815132322,0.7353019184867678,1.3563248843463713,65,66.40191823248185,3,3.848458447677121,True
7,201.0,55-64,2.0,a_few_times,0.027664016641600057,0.0,0.0,1.0,1.0,65,66.40191823248185,1,1.836943771017544,True
7,201.0,55-64,3.0,monthly,0.03348772442609827,0.0,0.0,1.0,2.0611330032710287,65,66.40191823248185,4,2.2236491391336624,True
7,201.0,55-64,4.0,weekly,0.028517367537671652,0.0,0.0,1.0,1.894593457195754,65,66.40191823248185,4,1.8936079074421053,True
7,201.0,65-74,0.0,not_volunteered,0.9180463064511012,0.15165927959193726,0.042788748056087886,0.8055519723519748,1.6391830031320602,45,53.91726890110674,42,49.49854956859186,False
7,201.0,65-74,2.0,a_few_times,0.01748525896976822,0.0,0.0,1.0,4.0,45,53.91726890110674,1,0.9427574096784818,True
7,201.0,65-74,3.0,monthly,0.06446843457913062,0.0,0.0,1.0,4.186333943863353,45,53.91726890110674,2,3.475961922836394,True
7,201.0,75-84,0.0,not_volunteered,0.9336941363397838,0.3259442985222342,0.17696113041666786,0.4970945710610979,0.6613439364297967,28,60.041923609141485,26,56.060792008416634,True
7,201.0,75-84,2.0,a_few_times,0.041241773348199694,0.0,0.0,1.0,4.0,28,60.041923609141485,1,2.476235404878133,True
7,201.0,75-84,3.0,monthly,0.02506409031201641,0.0,0.0,1.0,4.0,28,60.041923609141485,1,1.5048961958467124,True
7,201.0,85+,0.0,not_volunteered,1.0,0.6585743885124049,0.0,0.34142561148759515,0.34142561148759515,4,6.018470971780761,4,6.018470971780761,True
7,241.0,16-24,0.0,not_volunteered,0.7490997276124441,0.2547120643448244,0.17284721607106224,0.5724407195841132,1.5716971382766047,35,107.71935621422705,26,80.69254039866533,True
7,241.0,16-24,2.0,a_few_times,0.05270358771092858,1.0,0.0,0.0,0.0,35,107.71935621422705,1,5.677196538401275,True
7,241.0,16-24,3.0,monthly,0.0586845172635863,0.6628139161651734,0.0,0.3371860838348266,0.3371860838348266,35,107.71935621422705,2,6.321458419376209,True
7,241.0,16-24,4.0,weekly,0.1395121674130409,0.0,0.0,1.0,2.222877987802625,35,107.71935621422705,6,15.028160857784231,True
7,241.0,25-34,0.0,not_volunteered,0.9094886290263166,0.21364340482733105,0.0759734743426033,0.7103831208300656,2.1596942083504853,102,193.85965422236032,92,176.31315114221027,False
7,241.0,25-34,1.0,once_or_one_off,0.006689462091824396,0.0,0.0,1.0,2.5779573603548607,102,193.85965422236032,2,1.2968168080546647,True
7,241.0,25-34,2.0,a_few_times,0.04065928615197856,0.04663204208598803,0.0,0.953367957914012,1.9345617752173097,102,193.85965422236032,5,7.882195154350566,True
7,241.0,25-34,3.0,monthly,0.04316262272988026,0.0,0.0,1.0,3.609429926208679,102,193.85965422236032,3,8.367491117744777,True
7,241.0,35-44,0.0,not_volunteered,0.8262865214193421,0.2293869480747265,0.05714891351434735,0.7134641384109262,1.932561412359147,104,167.6941950797957,88,138.56345311470093,False
7,241.0,35-44,1.0,once_or_one_off,0.04319102653453497,0.0,0.0,1.0,1.8012697575501777,104,167.6941950797957,4,7.24288442937894,True
7,241.0,35-44,2.0,a_few_times,0.05095470174299356,0.0,0.0,1.0,0.9745982914361627,104,167.6941950797957,6,8.544807694322367,True
7,241.0,35-44,3.0,monthly,0.01401163417536198,0.0,0.0,1.0,1.0,104,167.6941950797957,1,2.349669714789884,True
7,241.0,35-44,4.0,weekly,0.0655561161277675,0.055642950103618,0.0,0.944357049896382,2.2960345231562838,104,167.6941950797957,5,10.993380126603583,True
7,241.0,45-54,0.0,not_volunteered,0.8454207861030885,0.21710382895079178,0.05030614456581773,0.7325900264833908,1.5684501977549872,60,96.60347444286398,52,81.67058530377568,False
7,241.0,45-54,1.0,once_or_one_off,0.025307293051474125,0.0,0.0,1.0,3.0,60,96.60347444286398,1,2.44477243751615,True
7,241.0,45-54,2.0,a_few_times,0.10175853106469428,0.0,0.19116036166892034,0.8088396383310796,2.3692861585728955,60,96.60347444286398,5,9.830227655051575,True
7,241.0,45-54,3.0,monthly,0.023952577516728926,1.0,0.0,0.0,0.0,60,96.60347444286398,1,2.3139022099780413,True
7,241.0,45-54,4.0,weekly,0.0035608122640143065,0.0,0.0,1.0,2.0,60,96.60347444286398,1,0.3439868365425427,True
7,241.0,55-64,0.0,not_volunteered,0.9421419545930683,0.162644583781086,0.2153297373750204,0.6220256788438937,1.0163147937920143,52,79.02398176059017,48,74.4518086356494,False
7,241.0,55-64,1.0,once_or_one_off,0.016061985986433512,0.0,0.0,1.0,0.0,52,79.02398176059017,1,1.2692820876307769,True
7,241.0,55-64,2.0,a_few_times,0.009112186050673845,0.0,0.0,1.0,1.0,52,79.02398176059017,1,0.7200812242675542,True
7,241.0,55-64,3.0,monthly,0.020221424875370552,0.0,0.0,1.0,8.0,52,79.02398176059017,1,1.597977510524427,True
7,241.0,55-64,4.0,weekly,0.012462448494453856,0.0,0.0,1.0,1.0,52,79.02398176059017,1,0.984832302518016,True
7,241.0,65-74,0.0,not_volunteered,0.8975526624129855,0.18214615327123362,0.05160658884701914,0.7662472578817472,1.801452513187264,25,34.54815592268737,22,31.008789329867003,True
7,241.0,65-74,2.0,a_few_times,0.04073105886467998,0.0,0.0,1.0,2.0,25,34.54815592268737,1,1.4071829725531215,True
7,241.0,65-74,3.0,monthly,0.02147097952544126,0.0,0.0,1.0,1.0,25,34.54815592268737,1,0.7417827484577728,True
7,241.0,65-74,4.0,weekly,0.04024529919689308,1.0,0.0,0.0,0.0,25,34.54815592268737,1,1.3904008718094671,True
7,241.0,75-84,0.0,not_volunteered,0.8949256039021051,0.4921935557292234,0.0,0.5078064442707766,0.4288340949514819,11,31.25831109764516,9,27.973862936019966,True
7,241.0,75-84,1.0,once_or_one_off,0.05661027746477554,1.0,0.0,0.0,0.0,11,31.25831109764516,1,1.769541664317965,True
7,241.0,75-84,2.0,a_few_times,0.0484641186331195,0.0,0.0,1.0,1.0,11,31.25831109764516,1,1.5149064973072308,True
7,255.0,16-24,0.0,not_volunteered,0.778944977664349,0.23194495071369325,0.09199295172954372,0.6760620975567629,1.0799670374303425,25,40.26115378088197,20,31.361223532590028,True
7,255.0,16-24,3.0,monthly,0.06060411491427808,1.0,0.0,0.0,0.0,25,40.26115378088197,1,2.4399915903179923,True
7,255.0,16-24,4.0,weekly,0.16045090742137294,0.29012580575828856,0.0,0.7098741942417114,1.0330591309470323,25,40.26115378088197,4,6.459938657973952,True
7,255.0,25-34,0.0,not_volunteered,0.8406837914452159,0.2889154794447653,0.12791175202294205,0.5831727685322927,1.1711394005069613,54,60.46480928375076,45,50.83178511767548,False
7,255.0,25-34,1.0,once_or_one_off,0.011964348987598378,0.0,0.48626706441329437,0.5137329355867057,1.0274658711734115,54,60.46480928375076,2,0.7234220797393724,True
7,255.0,25-34,2.0,a_few_times,0.0637218046089247,0.0,0.25151444594064176,0.7484855540593582,0.9861082870108102,54,60.46480928375076,4,3.8529267628950623,True
7,255.0,25-34,3.0,monthly,0.01615832493977732,0.0,0.0,1.0,6.000000000000001,54,60.46480928375076,1,0.9770100358285092,True
7,255.0,25-34,4.0,weekly,0.06747173001848367,0.0,0.0,1.0,2.5669775320771486,54,60.46480928375076,2,4.079665287612336,True
7,255.0,35-44,0.0,not_volunteered,0.901492435679358,0.30491044220522734,0.10621534495702,0.5888742128377525,1.1647650270983507,94,99.42595117512205,83,89.6317428945977,False
7,255.0,35-44,1.0,once_or_one_off,0.027795222739224194,0.17208393207685047,0.0,0.8279160679231495,1.15475193055217,94,99.42595117512205,4,2.763566458971747,True
7,255.0,35-44,2.0,a_few_times,0.01180498841094768,0.5712601227954723,0.0,0.42873987720452766,0.42873987720452766,94,99.42595117512205,2,1.1737222013697657,True
7,255.0,35-44,3.0,monthly,0.002529001112992211,0.0,0.0,1.0,3.0,94,99.42595117512205,1,0.2514483411821929,True
7,255.0,35-44,4.0,weekly,0.05637835205747786,0.0,0.0,1.0,0.6814910964760976,94,99.42595117512205,4,5.605471279000636,True
7,255.0,45-54,0.0,not_volunteered,0.8075912684075793,0.24259706175100074,0.10685041093615315,0.6505525273128461,0.9946255993560755,72,71.994095511068,57,58.141802911639815,False
7,255.0,45-54,1.0,once_or_one_off,0.06678115453829678,0.0,0.0,1.0,2.426820809352244,72,71.994095511068,4,4.80784881816953,True
7,255.0,45-54,2.0,a_few_times,0.06070303749000169,0.07171432101983241,0.39038442335116835,0.5379012556289994,1.5552060053722232,72,71.994095511068,5,4.370260278867123,True
7,255.0,45-54,3.0,monthly,0.026059116608322774,0.0,0.0,1.0,1.0,72,71.994095511068,2,1.876102530033648,True
7,255.0,45-54,4.0,weekly,0.03886542295579955,0.1712080092512822,0.0,0.8287919907487178,2.052067494379909,72,71.994095511068,4,2.798080972357887,True
7,255.0,55-64,0.0,not_volunteered,0.8248128908699369,0.1407196755635672,0.1940161432588014,0.6652641811776314,1.0152255809328268,63,77.61402439101082,54,64.01704782999943,False
7,255.0,55-64,1.0,once_or_one_off,0.04112666386857633,0.5344618437391103,0.0,0.4655381562608896,0.8463892228782347,63,77.61402439101082,3,3.1920058926165864,True
7,255.0,55-64,2.0,a_few_times,0.032616493603125796,0.0,0.0,1.0,2.0,63,77.61402439101082,1,2.531497330062254,True
7,255.0,55-64,3.0,monthly,0.06627145012426577,0.0,0.0,1.0,1.0,63,77.61402439101082,2,5.1435939463724205,True
7,255.0,55-64,4.0,weekly,0.03517250153409491,0.5486328929281064,0.0,0.45136710707189365,0.9027342141437873,63,77.61402439101082,3,2.7298793919601074,True
7,255.0,65-74,0.0,not_volunteered,0.8855975065790749,0.339531379161461,0.04450796303607095,0.6159606578024679,0.8307713454888185,36,39.9152916342947,31,35.34888274570799,False
7,255.0,65-74,2.0,a_few_times,0.0419167274448197,0.0,0.0,1.0,1.071082190512106,36,39.9152916342947,2,1.6731184003152229,True
7,255.0,65-74,3.0,monthly,0.026211549629067063,1.0,0.0,0.0,0.0,36,39.9152916342947,1,1.0462416476310008,True
7,255.0,65-74,4.0,weekly,0.04627421634703841,0.0,0.23716404392300558,0.7628359560769944,1.5256719121539888,36,39.9152916342947,2,1.8470488406404852,True
7,255.0,75-84,0.0,not_volunteered,0.6563022914933057,0.4236084305183477,0.06788602610620972,0.5085055433754427,0.611430600478634,17,39.810151268439974,11,26.127493502172282,True
7,255.0,75-84,2.0,a_few_times,0.06348791331642416,0.0,0.0,1.0,1.0,17,39.810151268439974,1,2.5274634328444505,True
7,255.0,75-84,3.0,monthly,0.24162593561474882,0.0,0.0,1.0,1.020936376745399,17,39.810151268439974,4,9.619165047201488,True
7,255.0,75-84,4.0,weekly,0.03858385957552132,1.0,0.0,0.0,0.0,17,39.810151268439974,1,1.53602928622175,True
7,255.0,85+,0.0,not_volunteered,1.0,0.5579591162620802,0.0,0.4420408837379197,0.8840817674758394,4,8.877453811895915,4,8.877453811895915,True
7,272.0,16-24,0.0,not_volunteered,0.8882364719288228,0.24433575500122892,0.09187639150103366,0.6637878534977374,1.6055144573680762,58,117.4078489156895,50,104.28593349762431,False
7,272.0,16-24,1.0,once_or_one_off,0.022517990409726976,0.0,0.0,1.0,1.0,58,117.4078489156895,1,2.64378881591017,True
7,272.0,16-24,2.0,a_few_times,0.00886846020933824,0.4399763449276919,0.0,0.5600236550723081,0.5600236550723081,58,117.4078489156895,2,1.0412268363727881,True
7,272.0,16-24,3.0,monthly,0.04024570351169805,0.5539459073253278,0.0,0.4460540926746723,0.4460540926746723,58,117.4078489156895,2,4.725161477407079,True
7,272.0,16-24,4.0,weekly,0.040131373940413835,0.0,0.0,1.0,1.0,58,117.4078489156895,3,4.711738288375146,True
7,272.0,25-34,0.0,not_volunteered,0.8497535014317298,0.13382527715659817,0.11581557733167568,0.7503591455117262,1.696240245878312,179,304.8845758387055,151,259.07673585146773,False
7,272.0,25-34,1.0,once_or_one_off,0.027884385338230754,0.4675214077077703,0.17026889398473158,0.362209698307498,1.9780237952169033,179,304.8845758387055,5,8.501518996369501,True
7,272.0,25-34,2.0,a_few_times,0.04386378763858838,0.2621673364133366,0.14318190679916967,0.5946507567874937,1.7147610518806726,179,304.8845758387055,10,13.37339228887007,True
7,272.0,25-34,3.0,monthly,0.015750167354687424,0.0,0.0,1.0,3.4389674679390896,179,304.8845758387055,2,4.801983093322502,True
7,272.0,25-34,4.0,weekly,0.06274815823676348,0.10387633474453066,0.0,0.8961236652554694,3.9210158898071374,179,304.8845758387055,11,19.130945608675606,True
7,272.0,35-44,0.0,not_volunteered,0.8042880258475014,0.3169649640720453,0.17254210498943975,0.5104929309385149,1.2844766408419992,107,151.26673094694033,89,121.66202040971977,False
7,272.0,35-44,1.0,once_or_one_off,0.03408952803278917,0.07611027504529332,0.3345742898302504,0.5893154351244563,4.400592009920517,107,151.26673094694033,4,5.156611465044099,True
7,272.0,35-44,2.0,a_few_times,0.07022540073578516,0.0,0.41372068008290613,0.5862793199170939,1.3447412648186374,107,151.26673094694033,6,10.622766798741079,True
7,272.0,35-44,3.0,monthly,0.025915401093928942,0.0,0.4726060751556838,0.5273939248443162,1.2376460659376196,107,151.26673094694033,3,3.9201380046573924,True
7,272.0,35-44,4.0,weekly,0.06548164428999535,0.0,0.0,1.0,2.0353032748750035,107,151.26673094694033,5,9.905194268777977,True
7,272.0,45-54,0.0,not_volunteered,0.9473725387149282,0.4176722872509607,0.1291045840962251,0.45322312865281406,0.952703106726399,53,72.51096576789186,49,68.69489772419897,False
7,272.0,45-54,1.0,once_or_one_off,0.008774100928949955,0.0,0.0,1.0,3.0,53,72.51096576789186,1,0.6362185321031184,True
7,272.0,45-54,2.0,a_few_times,0.008921686831903555,0.0,0.0,1.0,2.0,53,72.51096576789186,1,0.6469201284600102,True
7,272.0,45-54,4.0,weekly,0.03493167352421834,0.0,0.0,1.0,2.2609637456338434,53,72.51096576789186,2,2.5329293831297703,True
7,272.0,55-64,0.0,not_volunteered,0.7812786090487224,0.25327049191381246,0.02400312540924313,0.7227263826769444,1.4737463606627446,41,44.27979892981662,37,34.59485971684423,False
7,272.0,55-64,1.0,once_or_one_off,0.060746156678419816,0.0,1.0,0.0,0.0,41,44.27979892981662,1,2.6898276034795665,True
7,272.0,55-64,3.0,monthly,0.06759597728853439,0.0,0.0,1.0,0.0,41,44.27979892981662,1,2.9931362828007537,True
7,272.0,55-64,4.0,weekly,0.09037925698432347,1.0,0.0,0.0,0.0,41,44.27979892981662,2,4.001975326692068,True
7,272.0,65-74,0.0,not_volunteered,0.9485033066389483,0.1690041363958249,0.17174668013794758,0.6592491834662275,1.0100936599624344,15,18.150754379521747,14,17.21605054696775,True
7,272.0,65-74,1.0,once_or_one_off,0.051496693361051574,1.0,0.0,0.0,0.0,15,18.150754379521747,1,0.9347038325539954,True
7,272.0,75-84,0.0,not_volunteered,1.0,0.24869761699953882,0.0,0.7513023830004613,0.5520553052394696,4,6.35950368281656,4,6.35950368281656,True
7,272.0,85+,0.0,not_volunteered,1.0,1.0,0.0,0.0,0.0,1,0.9892922341775326,1,0.9892922341775326,True
7,279.0,16-24,0.0,not_volunteered,0.8229774124436691,0.27456488112773497,0.02020896749113193,0.7052261513811332,1.0889097405446302,32,66.84345513220731,28,55.010653743498466,True
7,279.0,16-24,1.0,once_or_one_off,0.1080489082384936,0.7620845272860184,0.0,0.2379154727139816,0.3835675027179425,32,66.84345513220731,3,7.222362349923732,True
7,279.0,16-24,2.0,a_few_times,0.06897367931783711,0.0,0.0,1.0,2.0,32,66.84345513220731,1,4.610439038785101,True
7,279.0,25-34,0.0,not_volunteered,0.8432821219211094,0.2804251051250787,0.12960109131391478,0.5899738035610067,1.2962039612250298,97,162.99342933812883,87,137.4494449514557,False
7,279.0,25-34,1.0,once_or_one_off,0.027017010302621255,0.41485164475296166,0.0,0.5851483552470385,1.4528740941248717,97,162.99342933812883,3,4.4035951596877965,True
7,279.0,25-34,2.0,a_few_times,0.08930848079813726,0.0,0.17216315308621627,0.8278368469137838,1.0578026632295943,97,162.99342933812883,4,14.556695554266822,True
7,279.0,25-34,3.0,monthly,0.005042103431774239,0.0,0.0,1.0,2.0,97,162.99342933812883,1,0.8218297294224313,True
7,279.0,25-34,4.0,weekly,0.035350283546357664,0.0,0.0,1.0,2.007802862230433,97,162.99342933812883,2,5.761863943296066,True
7,279.0,35-44,0.0,not_volunteered,0.889898051637011,0.13210637938719486,0.17886822274322983,0.6890253978695751,1.2418124418990495,87,119.60987625490326,79,106.44059583578239,False
7,279.0,35-44,1.0,once_or_one_off,0.029005157823471336,0.0,0.0,1.0,2.117558333301254,87,119.60987625490326,3,3.4693033380193454,True
7,279.0,35-44,2.0,a_few_times,0.04830718705143104,0.0,0.0,1.0,2.0,87,119.60987625490326,1,5.778016665444132,True
7,279.0,35-44,4.0,weekly,0.03278960348808679,0.0,0.12347463305433613,0.8765253669456639,1.9887853582794481,87,119.60987625490326,4,3.921960415657405,True
7,279.0,45-54,0.0,not_volunteered,0.883929557009706,0.43058549505884786,0.04989956466178965,0.5195149402793625,0.9276214130610938,65,97.79211987184476,58,86.44134519735981,False
7,279.0,45-54,2.0,a_few_times,0.060431183116615286,0.0,0.0,1.0,1.2643120085068051,65,97.79211987184476,3,5.909693503337444,True
7,279.0,45-54,3.0,monthly,0.006504952915132682,0.0,0.0,1.0,2.0,65,97.79211987184476,1,0.6361331352373613,True
7,279.0,45-54,4.0,weekly,0.04913430695854602,0.0,0.6919945988238645,0.3080054011761354,2.769352417919636,65,97.79211987184476,3,4.804948035910149,True
7,279.0,55-64,0.0,not_volunteered,0.7724878805488284,0.2035741349006578,0.04397302950245679,0.7524528355968855,1.2145636637447828,43,69.04813857455434,36,53.33885022329929,False
7,279.0,55-64,1.0,once_or_one_off,0.017661195024929934,1.0,0.0,0.0,0.0,43,69.04813857455434,1,1.219472641473592,True
7,279.0,55-64,2.0,a_few_times,0.0769344916697281,0.45800668419254825,0.0,0.5419933158074517,0.5419933158074517,43,69.04813857455434,2,5.312183441974283,True
7,279.0,55-64,3.0,monthly,0.09832587407815539,0.0,0.0,1.0,1.3324663939282966,43,69.04813857455434,2,6.789218578812655,True
7,279.0,55-64,4.0,weekly,0.03459055867835805,0.0,0.0,1.0,1.0,43,69.04813857455434,2,2.38841368899452,True
7,279.0,65-74,0.0,not_volunteered,0.8433558374334387,0.39499510188698533,0.2001728367516534,0.40483206136136124,0.5381532525521,20,31.644693157387533,17,26.68773669807277,True
7,279.0,65-74,1.0,once_or_one_off,0.02099792120215665,0.0,0.0,1.0,4.0,20,31.644693157387533,1,0.6644727733852491,True
7,279.0,65-74,4.0,weekly,0.1356462413644047,0.0,0.0,1.0,3.915785563272092,20,31.644693157387533,2,4.292483685929515,True
7,279.0,75-84,0.0,not_volunteered,0.8149011217956115,0.09763865232636673,0.13470925522517632,0.7676520924484569,0.7554350609755507,11,26.97583945102276,9,21.98264183001676,True
7,279.0,75-84,2.0,a_few_times,0.07334340665906848,0.0,0.0,1.0,4.0,11,26.97583945102276,1,1.9784999628261049,True
7,279.0,75-84,3.0,monthly,0.11175547154532008,0.0,0.0,1.0,1.0,11,26.97583945102276,1,3.0146976581798968,True
7,279.0,85+,0.0,not_volunteered,1.0,0.0,0.0,1.0,1.0,1,7.779870393953302,1,7.779870393953302,True
7,280.0,16-24,0.0,not_volunteered,0.7296468611825224,0.10432205460447792,0.19027222483811557,0.7054057205574065,2.110829517568796,27,93.50396323069421,21,68.22487327940202,True
7,280.0,16-24,1.0,once_or_one_off,0.04615430800698454,0.0,0.0,1.0,3.0,27,93.50396323069421,1,4.315610718823218,True
7,280.0,16-24,2.0,a_few_times,0.018199013266614696,1.0,0.0,0.0,0.0,27,93.50396323069421,2,1.7016798673164566,True
7,280.0,16-24,3.0,monthly,0.05482884084851263,0.0,0.0,1.0,2.0,27,93.50396323069421,1,5.12671391868091,True
7,280.0,16-24,4.0,weekly,0.15117097669536583,0.0,0.6036709963429872,0.3963290036570128,0.3963290036570128,27,93.50396323069421,2,14.135085446471617,True
7,280.0,25-34,0.0,not_volunteered,0.8643644659612474,0.07861542459385205,0.07453235352662434,0.8468522218795236,2.411360516477528,109,213.85645606282904,98,184.8499214371122,False
7,280.0,25-34,1.0,once_or_one_off,0.06256662854846796,0.0,0.06201916282115649,0.9379808371788434,4.4896920949395245,109,213.85645606282904,4,13.380277449174786,True
7,280.0,25-34,2.0,a_few_times,0.04070197498089702,0.0,0.0,1.0,5.000203078760998,109,213.85645606282904,4,8.70438012417257,True
7,280.0,25-34,3.0,monthly,0.004052761024224108,0.0,0.0,1.0,1.0,109,213.85645606282904,1,0.866709109910129,True
7,280.0,25-34,4.0,weekly,0.02831416948516349,0.0,0.5487923946211283,0.4512076053788717,0.9024152107577434,109,213.85645606282904,2,6.05516794245936,True
7,280.0,35-44,0.0,not_volunteered,0.7779736487196984,0.20050058365023204,0.12517159684080395,0.674327819508964,1.3458332909947144,89,145.12772286953722,70,112.9055440911951,False
7,280.0,35-44,1.0,once_or_one_off,0.04878391034311844,0.0,0.352198618704184,0.6478013812958158,1.855298182448078,89,145.12772286953722,5,7.079897820768444,True
7,280.0,35-44,2.0,a_few_times,0.06765792625736579,0.0,0.06147638503936621,0.9385236149606337,1.4055462813675401,89,145.12772286953722,6,9.819040771806568,True
7,280.0,35-44,3.0,monthly,0.07676674004391873,0.0,0.0,1.0,3.799842140401607,89,145.12772286953722,6,11.140982174691644,True
7,280.0,35-44,4.0,weekly,0.028817774635898536,0.0,0.0,1.0,4.456136365379961,89,145.12772286953722,2,4.1822580110754615,True
7,280.0,45-54,0.0,not_volunteered,0.7568284489773482,0.1573653745746608,0.17472112704576578,0.6679134983795736,1.8122136290714586,58,118.33390832907759,45,89.5584683021235,False
7,280.0,45-54,1.0,once_or_one_off,0.014730845724093158,0.0,0.0,1.0,2.0,58,118.33390832907759,1,1.7431585475246243,True
7,280.0,45-54,2.0,a_few_times,0.08277477798553565,0.0,0.0,1.0,6.926851923445136,58,118.33390832907759,4,9.795062990100124,True
7,280.0,45-54,3.0,monthly,0.06823783145061718,0.0,0.0,1.0,2.691723512524514,58,118.33390832907759,3,8.07484929145238,True
7,280.0,45-54,4.0,weekly,0.07742809586240582,0.0,0.1711668181068113,0.8288331818931887,4.925629305886554,58,118.33390832907759,5,9.162369197876961,True
7,280.0,55-64,0.0,not_volunteered,0.8607413822109267,0.36295913196700297,0.1299864724071878,0.5070543956258093,1.3091579192285823,48,79.60452441329195,41,68.51890837374037,False
7,280.0,55-64,1.0,once_or_one_off,0.10094482091417187,0.801227278756386,0.0,0.198772721243614,0.198772721243614,48,79.60452441329195,3,8.035664460857578,True
7,280.0,55-64,2.0,a_few_times,0.03124796335459191,0.0,0.0,1.0,2.5933128716368308,48,79.60452441329195,3,2.487479261726264,True
7,280.0,55-64,3.0,monthly,0.007065833520309556,0.0,0.0,1.0,4.0,48,79.60452441329195,1,0.5624723169677387,True
7,280.0,65-74,0.0,not_volunteered,0.8203758311967108,0.18235713040190055,0.0,0.8176428695980995,1.956611698822003,38,67.44835557205545,33,55.33300076527629,False
7,280.0,65-74,1.0,once_or_one_off,0.012545161703030881,0.0,0.0,1.0,4.0,38,67.44835557205545,1,0.8461505272549595,True
7,280.0,65-74,2.0,a_few_times,0.036543349955677255,0.0,0.0,1.0,3.0,38,67.44835557205545,1,2.464788861604576,True
7,280.0,65-74,3.0,monthly,0.03212282791225872,0.0,0.0,1.0,5.0,38,67.44835557205545,1,2.1666319190059737,True
7,280.0,65-74,4.0,weekly,0.09841282923232234,0.0,0.0,1.0,4.2553004861341615,38,67.44835557205545,2,6.63778349891365,True
7,280.0,75-84,0.0,not_volunteered,0.9438537935810704,0.6058625906914278,0.10341024843542317,0.2907271608731492,0.6022571873166932,6,21.216770264676654,5,20.02552910185311,True
7,280.0,75-84,2.0,a_few_times,0.05614620641892971,0.0,0.0,1.0,2.0,6,21.216770264676654,1,1.1912411628235453,True
7,280.0,85+,0.0,not_volunteered,1.0,1.0,0.0,0.0,0.0,2,7.167651251352412,2,7.167651251352412,True
7,293.0,16-24,0.0,not_volunteered,0.6815454896071804,0.14019349748893986,0.2473279494092829,0.6124785531017772,1.5301454017260725,44,92.45896909650575,35,63.01499336145318,False
7,293.0,16-24,1.0,once_or_one_off,0.2063476754900422,0.13421913598435037,0.0,0.8657808640156496,1.7703478947014033,44,92.45896909650575,5,19.07869335126961,True
7,293.0,16-24,2.0,a_few_times,0.04778645851769975,0.0,0.0,1.0,1.230213944989521,44,92.45896909650575,2,4.418286691319455,True
7,293.0,16-24,4.0,weekly,0.06432037638507748,1.0,0.0,0.0,0.0,44,92.45896909650575,2,5.9469956924634975,True
7,293.0,25-34,0.0,not_volunteered,0.8986031466335715,0.24568369124095596,0.08377785133163007,0.6705384574274138,1.5040880817836244,85,135.96533404996038,77,122.17887701037908,False
7,293.0,25-34,1.0,once_or_one_off,0.02561946565995967,0.0,0.0,1.0,2.91341555181931,85,135.96533404996038,2,3.483359206637905,True
7,293.0,25-34,2.0,a_few_times,0.021365170265077973,0.0,0.0,1.0,1.6272028999149888,85,135.96533404996038,2,2.9049225121256073,True
7,293.0,25-34,3.0,monthly,0.037206087170282134,0.0,0.0,1.0,2.468845850160952,85,135.96533404996038,2,5.058738070799356,True
7,293.0,25-34,4.0,weekly,0.01720613027110869,0.0,0.0,1.0,0.17537745947273314,85,135.96533404996038,2,2.3394372500184284,True
7,293.0,35-44,0.0,not_volunteered,0.8232531465257666,0.2162343677930085,0.1046873049852225,0.679078327221769,1.6212716890862784,70,109.71569227499678,57,90.32378888864385,False
7,293.0,35-44,1.0,once_or_one_off,0.023603420738141305,0.0,0.0,1.0,0.8184136555988729,70,109.71569227499678,3,2.589665646343189,True
7,293.0,35-44,2.0,a_few_times,0.06525247114414033,0.0,0.0,1.0,1.6624002487488516,70,109.71569227499678,3,7.159220044233607,True
7,293.0,35-44,3.0,monthly,0.06418723569121518,0.0,0.0,1.0,2.5323541378040555,70,109.71569227499678,3,7.042346999080055,True
7,293.0,35-44,4.0,weekly,0.02370372590073644,0.47381051913452754,0.0,0.5261894808654726,1.0523789617309451,70,109.71569227499678,4,2.60067069669607,True
7,293.0,45-54,0.0,not_volunteered,0.8219287869403574,0.1658605992764947,0.055358821212283645,0.7787805795112217,2.239651586182964,45,56.66683246041414,39,46.57610086394067,False
7,293.0,45-54,2.0,a_few_times,0.11724966091019147,0.0,0.26257293151860817,0.7374270684813918,2.2122812054441754,45,56.66683246041414,3,6.644166890838189,True
7,293.0,45-54,3.0,monthly,0.05062602909578495,0.0,0.0,1.0,1.8505877830332267,45,56.66683246041414,2,2.8688167089068974,True
7,293.0,45-54,4.0,weekly,0.010195523053666066,0.0,0.0,1.0,2.0,45,56.66683246041414,1,0.577747996728385,True
7,293.0,55-64,0.0,not_volunteered,0.8682503427390263,0.29229498220432226,0.04920103526680891,0.6585039825288689,1.937861941770706,70,78.84806127242415,61,68.45985622409002,False
7,293.0,55-64,2.0,a_few_times,0.04627704838481871,0.0,0.0,1.0,3.755679463649516,70,78.84806127242415,3,3.648855546553123,True
7,293.0,55-64,3.0,monthly,0.037739624922641275,0.0,0.0,1.0,1.3987904283939088,70,78.84806127242415,2,2.9756962582987248,True
7,293.0,55-64,4.0,weekly,0.047732983953513615,0.2605262156612935,0.0,0.7394737843387065,2.3619216882049723,70,78.84806127242415,4,3.7636532434822803,True
7,293.0,65-74,0.0,not_volunteered,0.9285297162648889,0.3361162522761719,0.016255914110303686,0.6476278336135243,1.4858037002346054,45,87.75121367290078,43,81.4796095335982,False
7,293.0,65-74,3.0,monthly,0.045721313843837895,0.0,0.0,1.0,3.0,45,87.75121367290078,1,4.012100780516375,True
7,293.0,65-74,4.0,weekly,0.02574896989127323,0.0,0.0,1.0,1.0,45,87.75121367290078,1,2.2595033587862057,True
7,293.0,75-84,0.0,not_volunteered,0.8650697146320273,0.3486586565952,0.03611187175570392,0.6152294716490959,0.7302409458501128,19,54.695607265608,17,47.31551336888495,True
7,293.0,75-84,1.0,once_or_one_off,0.07428067250304546,1.0,0.0,0.0,0.0,19,54.695607265608,1,4.062826490651822,True
7,293.0,75-84,4.0,weekly,0.06064961286492713,0.0,0.0,1.0,1.0,19,54.695607265608,1,3.3172674060712204,True
7,293.0,85+,0.0,not_volunteered,1.0,0.35816604633270743,0.0,0.6418339536672925,0.6418339536672925,3,8.386706540084319,3,8.386706540084319,True
8,8.0,16-24,0.0,not_volunteered,0.8196533848940222,0.4214079591236205,0.0903183397147727,0.488273701161607,1.1749326535607088,61,91.98311065944604,51,75.39426800509636,False
8,8.0,16-24,1.0,once_or_one_off,0.039551188337660276,0.0,0.0,1.0,1.8383995097194785,61,91.98311065944604,3,3.638041333575597,True
8,8.0,16-24,2.0,a_few_times,0.0255256570705212,0.0,0.0,1.0,11.208462071540906,61,91.98311065944604,2,2.347929338972823,True
8,8.0,16-24,3.0,monthly,0.06277630060967111,0.0,0.0,1.0,4.08530380359802,61,91.98311065944604,2,5.774359405770028,True
8,8.0,16-24,4.0,weekly,0.05249346908812517,0.0,0.0,1.0,3.475870902886433,61,91.98311065944604,3,4.828512576031227,True
8,8.0,25-34,0.0,not_volunteered,0.9314755796850683,0.3757217579658192,0.15684985057817977,0.46742839145600107,0.7835984646347902,68,78.19067521620177,64,72.83270452297845,False
8,8.0,25-34,1.0,once_or_one_off,0.05666126107089354,0.0,0.0,1.0,6.0,68,78.19067521620177,1,4.430382261734653,True
8,8.0,25-34,2.0,a_few_times,0.00666959655576639,1.0,0.0,0.0,0.0,68,78.19067521620177,2,0.5215002581150278,True
8,8.0,25-34,4.0,weekly,0.00519356268827159,0.0,0.0,1.0,1.0,68,78.19067521620177,1,0.4060881733736277,True
8,8.0,35-44,0.0,not_volunteered,0.8275843727405836,0.36790262564611137,0.059604788350789494,0.5724925860030993,0.9313461039188636,104,104.9672115519025,89,86.86922393050936,False
8,8.0,35-44,1.0,once_or_one_off,0.08762299103114718,0.7512697559973776,0.0,0.2487302440026223,0.0,104,104.9672115519025,6,9.197541036376881,True
8,8.0,35-44,2.0,a_few_times,0.01947223189223168,0.6470113361144639,0.0,0.352988663885536,0.705977327771072,104,104.9672115519025,3,2.0439458844195855,True
8,8.0,35-44,3.0,monthly,0.035401765026759464,0.0,0.0,1.0,2.335291896804136,104,104.9672115519025,4,3.7160245588746035,True
8,8.0,35-44,4.0,weekly,0.029918639309278253,0.374483535282744,0.0,0.625516464717256,1.876549394151768,104,104.9672115519025,2,3.1404761417220763,True
8,8.0,45-54,0.0,not_volunteered,0.8917326736526606,0.4007864629806335,0.06784715203573535,0.531366384983631,0.6493521082081587,73,80.43701725071766,65,71.72831645362764,False
8,8.0,45-54,1.0,once_or_one_off,0.053708008504757446,0.7334378815673084,0.0,0.2665621184326915,0.0,73,80.43701725071766,4,4.320112006598865,True
8,8.0,45-54,2.0,a_few_times,0.03224424346111572,0.0,0.09784640164488986,0.9021535983551102,0.9021535983551102,73,80.43701725071766,2,2.593630767518105,True
8,8.0,45-54,3.0,monthly,0.017551039021660504,0.0,0.0,1.0,1.0,73,80.43701725071766,1,1.4117532285533247,True
8,8.0,45-54,4.0,weekly,0.004764035359805804,0.0,1.0,0.0,0.0,73,80.43701725071766,1,0.3832047944197284,True
8,8.0,55-64,0.0,not_volunteered,0.9278822504168698,0.5897343978482185,0.13350446990350656,0.2767611322482751,0.44447369491728345,41,41.367515402969424,36,38.384183286261795,False
8,8.0,55-64,1.0,once_or_one_off,0.05016586083784808,0.24416539272825077,0.0,0.7558346072717493,0.7558346072717493,41,41.367515402969424,3,2.075237020912901,True
8,8.0,55-64,2.0,a_few_times,0.007597054825765768,0.0,0.0,1.0,0.0,41,41.367515402969424,1,0.3142712825220686,True
8,8.0,55-64,4.0,weekly,0.014354833919516275,0.0,0.0,1.0,2.0,41,41.367515402969424,1,0.5938238132726574,True
8,8.0,65-74,0.0,not_volunteered,0.9183508569379074,0.541078614990207,0.026975564923589827,0.4319458200862034,0.48110279489836183,24,18.443640569865348,21,16.937733122390597,True
8,8.0,65-74,4.0,weekly,0.08164914306209246,0.0,0.0,1.0,1.5852509848156058,24,18.443640569865348,3,1.5059074474747485,True
8,8.0,75-84,0.0,not_volunteered,1.0,0.5492854521238496,0.32389055508141,0.12682399279474046,0.1676854686948856,9,10.347832616253191,9,10.347832616253191,True
8,8.0,85+,0.0,not_volunteered,1.0,0.0,0.0,1.0,0.0,1,1.6342748257966129,1,1.6342748257966129,True
8,9.0,16-24,0.0,not_volunteered,0.863190563305497,0.1940453251277784,0.08618272567755683,0.7197719491946649,1.7456424623280322,37,118.6228174332734,29,102.3940966011124,True
8,9.0,16-24,2.0,a_few_times,0.08040545116951431,0.1968803052895948,0.0,0.8031196947104052,0.8031196947104052,37,118.6228174332734,5,9.537921154721275,True
8,9.0,16-24,3.0,monthly,0.020787743330482524,0.0,0.0,1.0,10.0,37,118.6228174332734,1,2.465900681941575,True
8,9.0,16-24,4.0,weekly,0.035616242194506195,0.0,0.0,1.0,3.8147429932892614,37,118.6228174332734,2,4.224898995498157,True
8,9.0,25-34,0.0,not_volunteered,0.8603639135395985,0.09482698813006156,0.03994955401818544,0.8652234578517529,2.166536916720184,47,130.57788851551646,37,112.34450318494714,False
8,9.0,25-34,1.0,once_or_one_off,0.03149807258434589,0.7632435433687753,0.23675645663122466,0.0,0.0,47,130.57788851551646,3,4.112951810372364,True
8,9.0,25-34,2.0,a_few_times,0.06094156880945782,0.21053546964279674,0.0,0.7894645303572033,3.475630077972043,47,130.57788851551646,3,7.957621377962059,True
8,9.0,25-34,3.0,monthly,0.016082899704888087,0.0,0.0,1.0,0.0,47,130.57788851551646,1,2.100071084671109,True
8,9.0,25-34,4.0,weekly,0.031113545361709863,0.3382910744413237,0.0,0.6617089255586762,1.4637717617923947,47,130.57788851551646,3,4.062741057563815,True
8,9.0,35-44,0.0,not_volunteered,0.8552447805557823,0.10158708326408422,0.017196556672964294,0.8812163600629516,1.6993244907601237,73,141.93911396114737,62,121.39268637198366,False
8,9.0,35-44,1.0,once_or_one_off,0.08971092723218185,0.049228489281262576,0.16913443753008334,0.781637073188654,1.8652260969944774,73,141.93911396114737,5,12.73348952396886,True
8,9.0,35-44,2.0,a_few_times,0.021501905303281284,0.0,0.0,1.0,1.2025749065220452,73,141.93911396114737,3,3.051961387224241,True
8,9.0,35-44,3.0,monthly,0.009678044067501038,0.0,0.0,1.0,2.0,73,141.93911396114737,1,1.373692999818036,True
8,9.0,35-44,4.0,weekly,0.023864342841253577,0.0,0.0,1.0,0.0,73,141.93911396114737,2,3.387283678152583,True
8,9.0,45-54,0.0,not_volunteered,0.7601447822187245,0.16660066316839026,0.07315615062204497,0.7602431862095647,1.7742377551770767,74,169.41919387793132,59,128.78311623401197,False
8,9.0,45-54,1.0,once_or_one_off,0.05007219878103015,0.17719164606598276,0.6748148495021201,0.14799350443189713,0.4439805132956914,74,169.41919387793132,4,8.483191553177663,True
8,9.0,45-54,2.0,a_few_times,0.058113305045572335,0.0,0.0,1.0,1.8326427739357263,74,169.41919387793132,5,9.845509294403184,True
8,9.0,45-54,3.0,monthly,0.09281312185834463,0.0,0.3453998434695302,0.6546001565304698,0.6546001565304698,74,169.41919387793132,3,15.724324286534955,True
8,9.0,45-54,4.0,weekly,0.038856592096328246,0.0,0.0,1.0,1.2508456281524072,74,169.41919387793132,3,6.5830525098035295,True
8,9.0,55-64,0.0,not_volunteered,0.8085713021065286,0.23092568486765264,0.0564057690258269,0.7126685461065206,1.229485369108378,61,122.1918511670026,47,98.80082420491044,False
8,9.0,55-64,1.0,once_or_one_off,0.05820784156307835,0.3044920846404735,0.0,0.6955079153595265,3.8217751135852804,61,122.1918511670026,6,7.112523913028138,True
8,9.0,55-64,2.0,a_few_times,0.10832905879073564,0.10004460824677523,0.0,0.8999553917532247,1.1845641658401689,61,122.1918511670026,6,13.236928228819043,True
8,9.0,55-64,3.0,monthly,0.015314163089204746,0.0,0.0,1.0,1.0,61,122.1918511670026,1,1.8712659369433111,True
8,9.0,55-64,4.0,weekly,0.009577634450452387,0.0,0.0,1.0,1.0,61,122.1918511670026,1,1.1703088833016349,True
8,9.0,65-74,0.0,not_volunteered,0.8318306298426231,0.10776099680398199,0.1887948799066529,0.7034441232893652,1.1921450270515273,48,81.51432002943861,39,67.80610817128107,False
8,9.0,65-74,1.0,once_or_one_off,0.07105949428511531,0.0,0.0,1.0,2.0,48,81.51432002943861,2,5.792366358286953,True
8,9.0,65-74,2.0,a_few_times,0.027381592859080744,0.0,0.6452302106466358,0.3547697893533643,0.3547697893533643,48,81.51432002943861,2,2.2319919232308987,True
8,9.0,65-74,4.0,weekly,0.06972828301318076,0.0,0.14594560590267786,0.8540543940973221,1.6877085417194497,48,81.51432002943861,5,5.6838535766396845,True
8,9.0,75-84,0.0,not_volunteered,0.8962914912440727,0.1751678045533277,0.08083107886389862,0.7440011165827736,0.5879158164869015,15,56.04753796045485,14,50.23493137913485,True
8,9.0,75-84,2.0,a_few_times,0.1037085087559272,0.0,0.0,1.0,1.0,15,56.04753796045485,1,5.812606581319994,True
8,9.0,85+,0.0,not_volunteered,1.0,0.13493796776166678,0.0,0.8650620322383332,0.3995732343179432,5,20.55480453166541,5,20.55480453166541,True
8,17.0,16-24,0.0,not_volunteered,0.7592853193217726,0.21550328678142444,0.01150375498641804,0.7729929582321575,1.400442895888388,37,79.99223042802886,26,60.736926223806705,True
8,17.0,16-24,1.0,once_or_one_off,0.10170524169445036,0.6674868035608158,0.0,0.3325131964391842,0.6650263928783684,37,79.99223042802886,3,8.135629129360842,True
8,17.0,16-24,2.0,a_few_times,0.04100156340997986,0.0,0.0,1.0,4.022976429281737,37,79.99223042802886,3,3.279806508200546,True
8,17.0,16-24,4.0,weekly,0.09800787557379716,0.0,0.0,1.0,4.5432263404227795,37,79.99223042802886,5,7.839868566660764,True
8,17.0,25-34,0.0,not_volunteered,0.9188919088493428,0.1367819946540305,0.10627371376856078,0.7569442915774086,2.2617558481844906,53,75.13453755606211,48,69.04051863540255,False
8,17.0,25-34,1.0,once_or_one_off,0.006559071916897761,1.0,0.0,0.0,0.0,53,75.13453755606211,1,0.4928128352730672,True
8,17.0,25-34,2.0,a_few_times,0.059376032422161426,0.7618076942092353,0.0,0.2381923057907646,1.0554581411273036,53,75.13453755606211,3,4.461190737952849,True
8,17.0,25-34,4.0,weekly,0.01517298681159815,1.0,0.0,0.0,0.0,53,75.13453755606211,1,1.1400153474336563,True
8,17.0,35-44,0.0,not_volunteered,0.8593895953648941,0.22834035014457782,0.11580542840256446,0.655854221452858,1.1880899331314663,88,109.34414847704224,76,93.96922351520423,False
8,17.0,35-44,1.0,once_or_one_off,0.014483226690108836,0.0,0.0,1.0,1.0,88,109.34414847704224,2,1.5836560896299217,True
8,17.0,35-44,2.0,a_few_times,0.038634199610099895,0.275232629234308,0.0,0.7247673707656921,1.3486042245941523,88,109.34414847704224,4,4.22442365845845,True
8,17.0,35-44,3.0,monthly,0.023269228139734064,0.6081613380714677,0.0,0.3918386619285323,0.3918386619285323,88,109.34414847704224,2,2.544353936657251,True
8,17.0,35-44,4.0,weekly,0.06422375019516295,0.0,0.22066704284578784,0.779332957154212,2.1521402624744974,88,109.34414847704224,4,7.022491277092368,True
8,17.0,45-54,0.0,not_volunteered,0.8750805939147639,0.32650384373747154,0.2280402651148866,0.44545589114764184,0.8720903412007577,64,84.23456472014007,56,73.71203292345179,False
8,17.0,45-54,1.0,once_or_one_off,0.058643333949766244,0.0,0.2333719914716375,0.7666280085283627,0.7954274468790372,64,84.23456472014007,4,4.939795708996372,True
8,17.0,45-54,2.0,a_few_times,0.04201970682820555,0.0,0.0,1.0,5.0,64,84.23456472014007,1,3.539511714341792,True
8,17.0,45-54,3.0,monthly,0.004051218609696988,0.0,0.0,1.0,1.0,64,84.23456472014007,1,0.3412526361739568,True
8,17.0,45-54,4.0,weekly,0.020205146697567504,0.32266210014496655,0.0,0.6773378998550335,3.3866894992751675,64,84.23456472014007,2,1.7019717371761742,True
8,17.0,55-64,0.0,not_volunteered,0.8424090615031602,0.2833821745233052,0.07074241314523179,0.6458754123314632,0.9376552907297451,55,62.527317827122864,46,52.67357912905639,False
8,17.0,55-64,1.0,once_or_one_off,0.010820378872114138,0.0,0.0,1.0,2.0,55,62.527317827122864,1,0.676569268746566,True
8,17.0,55-64,2.0,a_few_times,0.058262477207381924,0.0,0.0,1.0,3.0,55,62.527317827122864,1,3.6429964297414714,True
8,17.0,55-64,3.0,monthly,0.061374147493570896,0.0,0.0,1.0,2.1368034881185043,55,62.527317827122864,4,3.8375608266992236,True
8,17.0,55-64,4.0,weekly,0.027133934923772834,0.5779062639230447,0.0,0.4220937360769553,0.8005043295423618,55,62.527317827122864,3,1.6966121728792127,True
8,17.0,65-74,0.0,not_volunteered,0.823333576786458,0.4196744259257699,0.08752222279173182,0.49280335128249836,0.3540919946082616,60,67.26465748764554,48,55.381251040619205,False
8,17.0,65-74,1.0,once_or_one_off,0.010576656865990937,0.0,0.0,1.0,1.0,60,67.26465748764554,1,0.7114352014552349,True
8,17.0,65-74,2.0,a_few_times,0.02573515814184592,0.0,0.0,1.0,1.6378712721418491,60,67.26465748764554,3,1.7310665978016582,True
8,17.0,65-74,3.0,monthly,0.06113955553872271,0.5981005012551442,0.0,0.40189949874485575,0.19795481773015228,60,67.26465748764554,3,4.112531262259065,True
8,17.0,65-74,4.0,weekly,0.0792150526669825,0.3102036340015421,0.0,0.689796365998458,0.9710992396393244,60,67.26465748764554,5,5.32837338551038,True
8,17.0,75-84,0.0,not_volunteered,0.77727974017777,0.30202332276091587,0.09147882542095587,0.6064978518181283,1.5204662929555177,17,33.603608922534356,14,26.1194044123429,True
8,17.0,75-84,3.0,monthly,0.1744773257172703,0.2471269988921616,0.7528730011078384,0.0,0.0,17,33.603608922534356,2,5.863067819252797,True
8,17.0,75-84,4.0,weekly,0.04824293410495964,0.0,0.0,1.0,2.0,17,33.603608922534356,1,1.6211366909386586,True
8,17.0,85+,0.0,not_volunteered,0.3289635374362402,0.0,1.0,0.0,0.0,2,5.033434712571246,1,1.655816488501802,True
8,17.0,85+,1.0,once_or_one_off,0.6710364625637598,0.0,0.0,1.0,5.0,2,5.033434712571246,1,3.3776182240694443,True
8,30.0,16-24,0.0,not_volunteered,0.7966095740952829,0.21276321837790166,0.12771833093233873,0.6595184506897598,1.308448323817495,48,130.58456228395798,39,104.0249125444427,False
8,30.0,16-24,1.0,once_or_one_off,0.07670888102412941,0.0,0.0,1.0,2.0,48,130.58456228395798,2,10.01699565182815,True
8,30.0,16-24,2.0,a_few_times,0.04038058217106476,0.2828179900076112,0.0,0.7171820099923888,0.7171820099923888,48,130.58456228395798,2,5.273080647579889,True
8,30.0,16-24,3.0,monthly,0.020660290900453303,0.0,0.0,1.0,1.0,48,130.58456228395798,1,2.697915043894935,True
8,30.0,16-24,4.0,weekly,0.06564067180906955,0.0,0.07106763812710036,0.9289323618728997,1.2609425022290341,48,130.58456228395798,4,8.571658396212287,True
8,30.0,25-34,0.0,not_volunteered,0.8271352655893328,0.3015715735423056,0.16638228208266279,0.5320461443750314,0.7176500786120641,65,130.3555931568421,55,107.82170816683961,False
8,30.0,25-34,1.0,once_or_one_off,0.043262824836514974,0.0,0.7111339244672058,0.2888660755327942,1.444330377663971,65,130.3555931568421,2,5.63955119320447,True
8,30.0,25-34,2.0,a_few_times,0.06452175573142419,0.8754368693652265,0.0,0.12456313063477359,0.12456313063477359,65,130.3555931568421,3,8.410771739890677,True
8,30.0,25-34,3.0,monthly,0.011243068899616859,0.0,0.3404612671715207,0.6595387328284793,1.9786161984854378,65,130.3555931568421,2,1.4655969153127997,True
8,30.0,25-34,4.0,weekly,0.0538370849431111,0.0,0.4405767397336285,0.5594232602663715,2.8123230676642565,65,130.3555931568421,3,7.017965141594541,True
8,30.0,35-44,0.0,not_volunteered,0.8993523234865776,0.31296248697072204,0.08952286261989527,0.5975146504093825,1.505926927906724,106,171.3507648139503,97,154.1047084666283,False
8,30.0,35-44,1.0,once_or_one_off,0.05965461040542223,0.0,0.0,1.0,2.5167635685858962,106,171.3507648139503,6,10.221863117647336,True
8,30.0,35-44,2.0,a_few_times,0.020656714649302754,0.0,0.7384982462792438,0.26150175372075624,0.26150175372075624,106,171.3507648139503,2,3.539543853701558,True
8,30.0,35-44,4.0,weekly,0.020336351458697565,0.0,0.0,1.0,2.0,106,171.3507648139503,1,3.4846493759731216,True
8,30.0,45-54,0.0,not_volunteered,0.8758882526945617,0.3223712629270226,0.13698143695678078,0.5406473001161965,1.2159912616309634,62,122.26687004470375,51,107.09211516588861,False
8,30.0,45-54,1.0,once_or_one_off,0.07594521747610887,0.0,0.0,1.0,2.7071281383979096,62,122.26687004470375,7,9.285584035668167,True
8,30.0,45-54,2.0,a_few_times,0.006328704855297805,0.0,0.0,1.0,1.0,62,122.26687004470375,1,0.7737909340939824,True
8,30.0,45-54,3.0,monthly,0.019621530287738245,0.0,0.7416847211160525,0.2583152788839475,1.03326111553579,62,122.26687004470375,2,2.3990630937691106,True
8,30.0,45-54,4.0,weekly,0.02221629468629344,0.0,0.0,1.0,3.0,62,122.26687004470375,1,2.7163168152838826,True
8,30.0,55-64,0.0,not_volunteered,0.7632272000629463,0.2505759958837886,0.14988164147110547,0.5995423626451061,1.0167896570961252,58,98.65127466799305,49,75.293336147493,False
8,30.0,55-64,1.0,once_or_one_off,0.01825582901169536,0.0,0.0,1.0,2.0,58,98.65127466799305,1,1.8009608021246752,True
8,30.0,55-64,2.0,a_few_times,0.09884537747390985,0.293613625932949,0.0,0.7063863740670511,1.0569072024215789,58,98.65127466799305,3,9.751222482840134,True
8,30.0,55-64,3.0,monthly,0.06889797876755878,0.0,0.0,1.0,2.642877272920006,58,98.65127466799305,3,6.796873427467994,True
8,30.0,55-64,4.0,weekly,0.05077361468388971,0.0,0.0,1.0,3.2512269461963608,58,98.65127466799305,2,5.008881808067249,True
8,30.0,65-74,0.0,not_volunteered,0.8897186765578555,0.3080459825864671,0.2530857464337261,0.438868270979807,0.8059750991853647,36,53.70512909208291,31,47.7824563801768,False
8,30.0,65-74,2.0,a_few_times,0.05771798301058531,0.0,0.0,1.0,4.151871543449479,36,53.70512909208291,2,3.0997517285181324,True
8,30.0,65-74,3.0,monthly,0.010510295285441238,0.0,0.0,1.0,3.0,36,53.70512909208291,1,0.5644567651005321,True
8,30.0,65-74,4.0,weekly,0.042053045146117844,0.0,0.0,1.0,1.5706320049516078,36,53.70512909208291,2,2.2584642182874495,True
8,30.0,75-84,0.0,not_volunteered,1.0,0.0,0.24456915164780643,0.7554308483521937,1.648952752030854,6,16.798616061466653,6,16.798616061466653,True
8,30.0,85+,0.0,not_volunteered,1.0,0.3473843194777538,0.1743718895185077,0.4782437910037384,0.3981529794467933,8,17.55933526657539,8,17.55933526657539,True
8,35.0,16-24,0.0,not_volunteered,0.8196929719289604,0.16273561839206493,0.008957466822729162,0.8283069147852059,2.361374781377317,27,68.57022543001986,22,56.20653186857176,True
8,35.0,16-24,1.0,once_or_one_off,0.04736324703894524,0.0,0.0,1.0,2.0,27,68.57022543001986,1,3.247708526558196,True
8,35.0,16-24,2.0,a_few_times,0.03517425459219861,0.0,0.0,1.0,4.821505893121067,27,68.57022543001986,2,2.41190656671997,True
8,35.0,16-24,3.0,monthly,0.057361754870506945,0.0,1.0,0.0,0.0,27,68.57022543001986,1,3.933308462532201,True
8,35.0,16-24,4.0,weekly,0.04040777156938872,0.0,0.0,1.0,2.9999999999999996,27,68.57022543001986,1,2.770770005637732,True
8,35.0,25-34,0.0,not_volunteered,0.7499992990390936,0.1361194098608918,0.14141949048253383,0.7224610996565747,1.5941326945302623,38,105.793859761474,30,79.34532066374567,False
8,35.0,25-34,1.0,once_or_one_off,0.13008400444744497,0.7342515329741666,0.26574846702583343,0.0,0.0,38,105.793859761474,2,13.762088923723953,True
8,35.0,25-34,2.0,a_few_times,0.05256055303237509,0.0,0.0,1.0,3.4237480447800515,38,105.793859761474,2,5.560583776492607,True
8,35.0,25-34,4.0,weekly,0.06735614348108618,0.3027810963881151,0.1519124321638865,0.5453064714479984,2.287548721939222,38,105.793859761474,4,7.125866397511752,True
8,35.0,35-44,0.0,not_volunteered,0.8115935148825517,0.14603353315172263,0.059624750906441204,0.7943417159418362,1.347013770116654,69,133.53780984204127,54,108.37842045942008,False
8,35.0,35-44,1.0,once_or_one_off,0.013645926022276603,0.0,0.0,1.0,1.0,69,133.53780984204127,1,1.8222470742813357,True
8,35.0,35-44,2.0,a_few_times,0.0933389728757369,0.3498810064461998,0.31899826622311844,0.3311207273306818,1.4811153171859996,69,133.53780984204127,7,12.464282010731603,True
8,35.0,35-44,3.0,monthly,0.0042314118999520305,0.0,0.0,1.0,0.0,69,133.53780984204127,1,0.5650534776591448,True
8,35.0,35-44,4.0,weekly,0.07719017431948284,0.11216732159331412,0.1347030594745665,0.7531296189321194,0.6569995504406365,69,133.53780984204127,6,10.307806819949118,True
8,35.0,45-54,0.0,not_volunteered,0.8083400522394752,0.24666845694884368,0.15602140533598466,0.5973101377151716,1.2269390034234624,83,148.61308082945035,62,120.12990552114725,False
8,35.0,45-54,1.0,once_or_one_off,0.05681193339683492,0.0,0.38574584208486506,0.614254157915135,0.5150990726796779,83,148.61308082945035,6,8.442996449981178,True
8,35.0,45-54,2.0,a_few_times,0.04697555305000816,0.0,0.0,1.0,2.236463435289554,83,148.61308082945035,5,6.9811816624289955,True
8,35.0,45-54,3.0,monthly,0.054840913495467464,0.06615006856014705,0.0,0.9338499314398528,1.9834830212449077,83,148.61308082945035,6,8.150077110062801,True
8,35.0,45-54,4.0,weekly,0.03303154781821429,0.2535448144141902,0.0,0.7464551855858098,0.273795003408043,83,148.61308082945035,4,4.908920085830135,True
8,35.0,55-64,0.0,not_volunteered,0.8793105356598009,0.2675501999632266,0.03857282764242461,0.6938769723943489,1.591660719579323,71,123.47705618192452,59,108.57467641302338,False
8,35.0,55-64,1.0,once_or_one_off,0.05760685306913359,0.10786143284748881,0.3637405131930432,0.528398053959468,1.649085195678955,71,123.47705618192452,6,7.113124632881279,True
8,35.0,55-64,2.0,a_few_times,0.016490193827740033,0.23611660218990244,0.0,0.7638833978100975,0.0,71,123.47705618192452,2,2.036160589718681,True
8,35.0,55-64,3.0,monthly,0.003454265300071812,0.0,0.0,1.0,2.0,71,123.47705618192452,1,0.4265225105242395,True
8,35.0,55-64,4.0,weekly,0.04313815214325393,0.0,0.0,1.0,0.992178124673367,71,123.47705618192452,3,5.326572035776973,True
8,35.0,65-74,0.0,not_volunteered,0.798608925972937,0.4189264727069159,0.10708972814696575,0.4739837991461183,0.7294377617161787,40,77.12567059063593,30,61.593248955330296,False
8,35.0,65-74,1.0,once_or_one_off,0.0459760070412871,0.0,0.0,1.0,2.9963231553989527,40,77.12567059063593,2,3.545930374139067,True
8,35.0,65-74,2.0,a_few_times,0.05165961712469055,0.0,0.0,1.0,1.0,40,77.12567059063593,1,3.984282613197258,True
8,35.0,65-74,3.0,monthly,0.08301368485416867,0.3194565149519139,0.0,0.680543485048086,1.9173914516374198,40,77.12567059063593,5,6.402486112577476,True
8,35.0,65-74,4.0,weekly,0.020741765006916654,0.5834368011240435,0.0,0.4165631988759565,0.4165631988759565,40,77.12567059063593,2,1.5997225353918332,True
8,35.0,75-84,0.0,not_volunteered,0.8088574970918244,0.3123870531401438,0.1034896111927796,0.5841233356670765,0.7052897320018874,25,72.52616345638538,21,58.66333104700442,True
8,35.0,75-84,3.0,monthly,0.19114250290817575,0.0,0.2889961446031397,0.7110038553968604,0.7110038553968604,25,72.52616345638538,4,13.862832409380971,True
8,35.0,85+,0.0,not_volunteered,1.0,0.0,0.0,1.0,0.0,1,1.3290554911173456,1,1.3290554911173456,True
8,44.0,16-24,0.0,not_volunteered,0.8325316332381206,0.09222574551918288,0.11678040751774164,0.7909938469630755,2.08158043266103,42,51.767889101498255,35,43.09840526296025,False
8,44.0,16-24,1.0,once_or_one_off,0.02847733379505531,0.0,0.0,1.0,1.4122780127035997,42,51.767889101498255,2,1.4742114578087717,True
8,44.0,16-24,3.0,monthly,0.03420063197190194,0.0,0.0,1.0,2.0,42,51.767889101498255,1,1.7704945231225755,True
8,44.0,16-24,4.0,weekly,0.10479040099492216,0.3416893832092223,0.0,0.6583106167907777,1.9566245100197974,42,51.767889101498255,4,5.424777857606663,True
8,44.0,25-34,0.0,not_volunteered,0.888529204506263,0.15622942967027,0.12876912576246283,0.7150014445672672,2.1674829996783593,74,106.60393363823727,64,94.72070835282142,False
8,44.0,25-34,1.0,once_or_one_off,0.014365972839593887,0.0,0.0,1.0,7.666666666666667,74,106.60393363823727,2,1.5314692152407856,True
8,44.0,25-34,2.0,a_few_times,0.05365365734244587,0.5025923829003313,0.0,0.49740761709966874,0.4314163540760547,74,106.60393363823727,5,5.719690926782821,True
8,44.0,25-34,3.0,monthly,0.019679541010031953,0.0,0.0,1.0,1.0,74,106.60393363823727,1,2.097916483864415,True
8,44.0,25-34,4.0,weekly,0.02377162430166512,0.28557392685066996,0.0,0.71442607314933,2.14327821944799,74,106.60393363823727,2,2.534148659527817,True
8,44.0,35-44,0.0,not_volunteered,0.7625684301774083,0.24352748745886724,0.05020655367498691,0.7062659588661461,1.5629559344348725,81,94.44658651205829,66,72.02198521211507,False
8,44.0,35-44,1.0,once_or_one_off,0.0341372602842486,0.0,0.0,1.0,1.2800061312843976,81,94.44658651205829,3,3.2241477067209368,True
8,44.0,35-44,2.0,a_few_times,0.05969083911211237,0.0,0.0,1.0,3.5384649073134837,81,94.44658651205829,5,5.637596000179474,True
8,44.0,35-44,3.0,monthly,0.04132407710910944,0.0,0.5119420187481799,0.4880579812518201,0.4880579812518201,81,94.44658651205829,2,3.902918023716472,True
8,44.0,35-44,4.0,weekly,0.10227939331712128,0.36139725458883176,0.0,0.6386027454111682,2.44980548392585,81,94.44658651205829,5,9.659939569326331,True
8,44.0,45-54,0.0,not_volunteered,0.8501207477717352,0.1948242713605785,0.09201158758511913,0.7131641410543024,1.766682944213773,82,82.09192228949115,70,69.78804636276139,False
8,44.0,45-54,1.0,once_or_one_off,0.02975110415207123,0.0,0.6526377723765308,0.34736222762346924,0.34736222762346924,82,82.09192228949115,2,2.442325330078389,True
8,44.0,45-54,2.0,a_few_times,0.029500390783363622,0.0,0.0,1.0,2.2386008302023925,82,82.09192228949115,3,2.4217437876975074,True
8,44.0,45-54,3.0,monthly,0.03718339117696913,0.0,0.37016526120022275,0.6298347387997772,4.6135815815707115,82,82.09192228949115,4,3.0524560589595007,True
8,44.0,45-54,4.0,weekly,0.05344436611586092,0.0,0.0,1.0,1.5567469733510892,82,82.09192228949115,3,4.3873507499943685,True
8,44.0,55-64,0.0,not_volunteered,0.9115504316937325,0.2489100679293721,0.05474931264263663,0.6963406194279913,1.5335404704132305,56,63.87522064637676,48,58.225484954737155,False
8,44.0,55-64,1.0,once_or_one_off,0.024032706210044042,0.0,0.0,1.0,2.78503814131623,56,63.87522064637676,3,1.5350944118961123,True
8,44.0,55-64,2.0,a_few_times,0.03935008856315871,0.0,0.0,1.0,3.803036973994003,56,63.87522064637676,2,2.5134955894262294,True
8,44.0,55-64,3.0,monthly,0.020267835798115127,0.0,0.0,1.0,3.739440252133958,56,63.87522064637676,2,1.2946124836291375,True
8,44.0,55-64,4.0,weekly,0.004798937734949688,0.0,0.0,1.0,4.0,56,63.87522064637676,1,0.3065332066881349,True
8,44.0,65-74,0.0,not_volunteered,0.5937308684729324,0.16063660483557363,0.07393647398749771,0.7654269211769288,2.066234597565797,35,35.78261391908911,24,21.245242438412415,True
8,44.0,65-74,1.0,once_or_one_off,0.10552942298510508,0.0,0.0,1.0,2.1176067027307153,35,35.78261391908911,2,3.776118599780263,True
8,44.0,65-74,2.0,a_few_times,0.16610401909941244,0.10567466616417603,0.0,0.8943253338358241,1.1899855567404947,35,35.78261391908911,6,5.943635985843279,True
8,44.0,65-74,3.0,monthly,0.05547331872259664,0.0,0.0,1.0,6.0,35,35.78261391908911,1,1.984980346661253,True
8,44.0,65-74,4.0,weekly,0.07916237071995343,0.0,0.0,1.0,3.0,35,35.78261391908911,2,2.8326365483918976,True
8,44.0,75-84,0.0,not_volunteered,1.0,0.1381461126534201,0.029839618185422526,0.8320142691611574,1.5862928478357325,23,44.147881745219784,23,44.147881745219784,True
8,44.0,85+,0.0,not_volunteered,0.6106113838985343,0.2453802446347237,0.5343682401872366,0.22025151517803968,0.44050303035607935,5,12.622280219759078,4,7.707307992942187,True
8,44.0,85+,2.0,a_few_times,0.38938861610146563,0.0,0.0,1.0,2.0,5,12.622280219759078,1,4.914972226816891,True
8,68.0,16-24,0.0,not_volunteered,0.8072524960305008,0.18483289602273972,0.02961031310183525,0.785556790875425,1.5134513359714248,31,91.91372342277396,25,74.19758265249138,True
8,68.0,16-24,2.0,a_few_times,0.08501165219059419,0.0,0.0,1.0,3.563134186158852,31,91.91372342277396,2,7.8137374871593295,True
8,68.0,16-24,3.0,monthly,0.008809005570863395,1.0,0.0,0.0,0.0,31,91.91372342277396,1,0.809668501670013,True
8,68.0,16-24,4.0,weekly,0.09892684620804175,0.053435475800198674,0.0,0.9465645241998014,0.9465645241998014,31,91.91372342277396,3,9.092734781453244,True
8,68.0,25-34,0.0,not_volunteered,0.7547635652965348,0.2216948557659667,0.11758062629730148,0.6607245179367319,1.4369822768678442,73,191.36915540654124,58,144.4384660224277,False
8,68.0,25-34,1.0,once_or_one_off,0.08002578967357318,0.5985424164159878,0.0,0.40145758358401223,0.9783589349599023,73,191.36915540654124,7,15.314467780573208,True
8,68.0,25-34,2.0,a_few_times,0.028882079882955696,0.0,0.0,1.0,2.0,73,191.36915540654124,1,5.527139233585487,True
8,68.0,25-34,3.0,monthly,0.03580329834540692,0.0,0.0,1.0,2.0850325816621127,73,191.36915540654124,4,6.851646965128938,True
8,68.0,25-34,4.0,weekly,0.1005252668015295,0.03669590729567561,0.0,0.9633040927043244,1.9266081854086488,73,191.36915540654124,3,19.23743540482592,True
8,68.0,35-44,0.0,not_volunteered,0.7891907562602494,0.2840933313610866,0.1389980244237633,0.57690864421515,0.9847663294497587,92,145.69914125314426,74,114.98441547203782,False
8,68.0,35-44,1.0,once_or_one_off,0.036079507300876744,0.0,0.1788674738835888,0.8211325261164113,1.4423826989029458,92,145.69914125314426,5,5.25675323057429,True
8,68.0,35-44,2.0,a_few_times,0.09765003320934852,0.12467178268669968,0.3428306053803539,0.5324976119329463,0.9268868413049085,92,145.69914125314426,6,14.2275259819431,True
8,68.0,35-44,3.0,monthly,0.029456635645702823,0.0,0.0,1.0,2.3249370821289475,92,145.69914125314426,3,4.29180651778566,True
8,68.0,35-44,4.0,weekly,0.04762306758382236,0.2624572247273,0.0,0.7375427752727,4.8084444315714014,92,145.69914125314426,4,6.938640050803369,True
8,68.0,45-54,0.0,not_volunteered,0.8133394683347308,0.1563107742661468,0.16275646792312637,0.680932757810727,1.1548523140202558,71,120.25492156947091,61,97.80807397394823,False
8,68.0,45-54,1.0,once_or_one_off,0.07159111420926062,0.0,0.0,1.0,3.1312680987023724,71,120.25492156947091,3,8.60918382430567,True
8,68.0,45-54,2.0,a_few_times,0.037520149135643964,0.0,0.0,1.0,2.68001030959112,71,120.25492156947091,2,4.511982591581717,True
8,68.0,45-54,3.0,monthly,0.005796478737768692,0.0,0.0,1.0,1.0,71,120.25492156947091,1,0.6970550959894798,True
8,68.0,45-54,4.0,weekly,0.07175278958259582,0.0,0.0,1.0,3.942439410061249,71,120.25492156947091,4,8.628626083645809,True
8,68.0,55-64,0.0,not_volunteered,0.8649787556890468,0.33989910462711,0.15264469598343997,0.50745619938945,1.0260659780482129,56,101.83103246428315,48,88.08167975148658,False
8,68.0,55-64,1.0,once_or_one_off,0.011433480802240149,0.0,0.0,1.0,5.0,56,101.83103246428315,1,1.1642831547526749,True
8,68.0,55-64,2.0,a_few_times,0.04448172999563851,0.0,0.0,1.0,1.6300092534303519,56,101.83103246428315,2,4.529620491253342,True
8,68.0,55-64,3.0,monthly,0.022062283331385792,0.0,0.0,1.0,2.3601882442451054,56,101.83103246428315,3,2.2466250901545597,True
8,68.0,55-64,4.0,weekly,0.05704375018168871,0.4887287135083231,0.0,0.5112712864916769,2.5563564324583843,56,101.83103246428315,2,5.808823976636001,True
8,68.0,65-74,0.0,not_volunteered,0.8069978478419867,0.2202411751373774,0.09934775606562746,0.6804110687969949,0.9603563970439171,55,93.87038957521821,45,75.75320236328996,False
8,68.0,65-74,1.0,once_or_one_off,0.012703766290140904,1.0,0.0,0.0,0.0,55,93.87038957521821,1,1.1925074907280513,True
8,68.0,65-74,2.0,a_few_times,0.07781125835280248,0.4228733276606214,0.29442568374601186,0.28270098859336673,0.28270098859336673,55,93.87038957521821,3,7.304173134915521,True
8,68.0,65-74,3.0,monthly,0.03302920532543231,0.0,0.0,1.0,3.7440674115467725,55,93.87038957521821,2,3.100464371258203,True
8,68.0,65-74,4.0,weekly,0.06945792218963749,0.37897578549088906,0.0,0.6210242145091109,0.6210242145091109,55,93.87038957521821,4,6.520042215026464,True
8,68.0,75-84,0.0,not_volunteered,0.8189760032446087,0.3530239333655507,0.16086141883871805,0.48611464779573105,0.9207107895557453,28,88.25659541374988,24,72.28003377192934,True
8,68.0,75-84,1.0,once_or_one_off,0.03660592484626405,0.0,0.0,1.0,1.0,28,88.25659541374988,1,3.2307142989028605,True
8,68.0,75-84,3.0,monthly,0.09008425881637575,0.0,0.0,1.0,4.0,28,88.25659541374988,1,7.9505299835044045,True
8,68.0,75-84,4.0,weekly,0.05433381309275158,0.4240630921689194,0.0,0.5759369078310806,1.7278107234932418,28,88.25659541374988,2,4.795317359413282,True
8,68.0,85+,0.0,not_volunteered,1.0,1.0,0.0,0.0,0.0,2,6.24136091606602,2,6.24136091606602,True
8,78.0,16-24,0.0,not_volunteered,0.6851305178603366,0.2798352550937764,0.04533886639930507,0.6748258785069186,1.6088478843503575,57,153.5332892007165,39,105.19034193888773,False
8,78.0,16-24,1.0,once_or_one_off,0.0773941952125549,0.14838468213107114,0.0,0.8516153178689289,1.4354440884948094,57,153.5332892007165,4,11.882585356025901,True
8,78.0,16-24,2.0,a_few_times,0.07038898822188046,0.0,0.0,1.0,4.021945045579311,57,153.5332892007165,3,10.8070528852158,True
8,78.0,16-24,3.0,monthly,0.07529661754780062,0.4069275468444574,0.0,0.5930724531555425,2.1632022361629137,57,153.5332892007165,4,11.560537357802218,True
8,78.0,16-24,4.0,weekly,0.09178968115742724,0.0,0.0,1.0,2.0580366552682285,57,153.5332892007165,7,14.092771662784834,True
8,78.0,25-34,0.0,not_volunteered,0.8913717250133606,0.27391655804370396,0.024691321701159095,0.701392120255137,1.786972917384543,49,108.86748280621306,43,97.04139594683652,False
8,78.0,25-34,2.0,a_few_times,0.071561926427135,0.0,0.0,1.0,5.605030766073549,49,108.86748280621306,3,7.790766794885604,True
8,78.0,25-34,4.0,weekly,0.03706634855950425,0.4391285426294426,0.0,0.5608714573705574,3.3652287442233444,49,108.86748280621306,3,4.035320064490929,True
8,78.0,35-44,0.0,not_volunteered,0.742329091324786,0.2613169326334895,0.12875064187250965,0.6099324254940011,0.9720270517150341,88,133.83089683794395,69,99.34656804089211,False
8,78.0,35-44,1.0,once_or_one_off,0.02347117871491974,0.342587946582916,0.0,0.657412053417084,1.1303662616753656,88,133.83089683794395,3,3.1411688972613696,True
8,78.0,35-44,2.0,a_few_times,0.10800464355693137,0.2993547276789614,0.0,0.7006452723210388,1.032361464460334,88,133.83089683794395,5,14.45435830988659,True
8,78.0,35-44,3.0,monthly,0.05925934591024222,0.0,0.1673835116097488,0.8326164883902512,1.3712935707493994,88,133.83089683794395,4,7.930731409197662,True
8,78.0,35-44,4.0,weekly,0.06693574049312052,0.04857730352856294,0.0,0.951422696471437,1.6678868203845547,88,133.83089683794395,7,8.958070180706201,True
8,78.0,45-54,0.0,not_volunteered,0.8061333481558558,0.23244342172868349,0.10060762575078701,0.6669489525205297,1.2971146839177294,91,157.29183142154227,73,126.79819070141431,False
8,78.0,45-54,1.0,once_or_one_off,0.1208777596141586,0.12988927988187374,0.0,0.8701107201181263,1.8220985633220357,91,157.29183142154227,8,19.013084187843944,True
8,78.0,45-54,2.0,a_few_times,0.016015281777942182,0.0,0.0,1.0,3.3271637373933047,91,157.29183142154227,2,2.5190730015845793,True
8,78.0,45-54,3.0,monthly,0.0469971479049088,0.0,0.08479863272047738,0.9152013672795226,1.0263813351944335,91,157.29183142154227,6,7.3922674655522025,True
8,78.0,45-54,4.0,weekly,0.009976462547134761,0.0,0.0,1.0,1.9077107394688035,91,157.29183142154227,2,1.569216065147251,True
8,78.0,55-64,0.0,not_volunteered,0.8113812617315307,0.35689776782282295,0.05636866094701731,0.5867335712301596,0.8627144249150339,68,109.97436415335842,56,89.23113834487478,False
8,78.0,55-64,1.0,once_or_one_off,0.008410023158264399,0.0,0.0,1.0,1.5825399971279126,68,109.97436415335842,2,0.9248869493451466,True
8,78.0,55-64,2.0,a_few_times,0.03731739832806456,0.0,0.0,1.0,1.7027072554772105,68,109.97436415335842,3,4.103957152986501,True
8,78.0,55-64,3.0,monthly,0.040264257058782005,0.291764815279318,0.0,0.708235184720682,0.708235184720682,68,109.97436415335842,2,4.428036068146924,True
8,78.0,55-64,4.0,weekly,0.10262705972335841,0.0,0.0,1.0,1.4696274220121817,68,109.97436415335842,5,11.28634563800508,True
8,78.0,65-74,0.0,not_volunteered,0.7950685821153669,0.29119257838683654,0.08672163353523177,0.6220857880779315,0.767848147210911,44,66.12012323528555,36,52.570032629971806,False
8,78.0,65-74,1.0,once_or_one_off,0.11470108235760965,0.0,0.0,1.0,3.3130659425736386,44,66.12012323528555,3,7.584049700705787,True
8,78.0,65-74,3.0,monthly,0.07266347936157419,0.0,0.0,1.0,1.349573762482338,44,66.12012323528555,3,4.8045182100919135,True
8,78.0,65-74,4.0,weekly,0.017566856165449507,0.0,0.0,1.0,2.3187837040233825,44,66.12012323528555,2,1.161522694516057,True
8,78.0,75-84,0.0,not_volunteered,0.9038079330562255,0.21060587171495143,0.08106951115498323,0.7083246171300652,1.3750169403059147,17,40.540011102930016,14,36.64038364101561,True
8,78.0,75-84,2.0,a_few_times,0.06987676667562648,0.0,0.0,1.0,1.9560095036274656,17,40.540011102930016,2,2.8328048968667474,True
8,78.0,75-84,3.0,monthly,0.026315300268148267,1.0,0.0,0.0,0.0,17,40.540011102930016,1,1.066822565047668,True
8,78.0,85+,0.0,not_volunteered,1.0,1.0,0.0,0.0,0.0,1,9.487452830158125,1,9.487452830158125,True
8,91.0,16-24,0.0,not_volunteered,0.8045019235308773,0.3004009245937612,0.1077865775320467,0.5918124978741923,1.1978827351922372,33,84.24777604479847,26,67.77749788123894,True
8,91.0,16-24,2.0,a_few_times,0.03162394519538112,0.4749739767754816,0.5250260232245184,0.0,0.0,33,84.24777604479847,2,2.664247052473449,True
8,91.0,16-24,3.0,monthly,0.11361816543789653,0.0,0.21969131985176785,0.7803086801482321,0.6590739595553035,33,84.24777604479847,3,9.572077756432769,True
8,91.0,16-24,4.0,weekly,0.050255965835844726,0.0,0.0,1.0,7.102509636390619,33,84.24777604479847,2,4.2339533546532895,True
8,91.0,25-34,0.0,not_volunteered,0.7604183600438685,0.29193900032697073,0.15881564036500842,0.5492453593080208,1.3191644578339092,44,97.45028928275906,32,74.10298916219622,False
8,91.0,25-34,1.0,once_or_one_off,0.07253787277126902,0.32604440793858525,0.0,0.6739555920614148,4.043733552368488,44,97.45028928275906,3,7.068836685516138,True
8,91.0,25-34,2.0,a_few_times,0.09547866332245396,0.13000376250934614,0.0,0.8699962374906538,2.0442165944042996,44,97.45028928275906,5,9.304423361104295,True
8,91.0,25-34,3.0,monthly,0.0157873712459668,0.0,0.0,1.0,3.0,44,97.45028928275906,1,1.5384838949337771,True
8,91.0,25-34,4.0,weekly,0.05577773261644156,0.16994014642730212,0.0,0.8300598535726978,5.886668554889901,44,97.45028928275906,3,5.435556179008615,True
8,91.0,35-44,0.0,not_volunteered,0.7786180897683531,0.3814937363182477,0.07726202967122105,0.5412442340105315,0.8661752838492517,79,163.28334619921338,61,127.13536710861621,False
8,91.0,35-44,1.0,once_or_one_off,0.07064064833263103,0.48198838844354525,0.0,0.5180116115564546,1.0496134267110173,79,163.28334619921338,6,11.534441437433879,True
8,91.0,35-44,2.0,a_few_times,0.025350160858375433,0.14582539366649838,0.0,0.8541746063335016,2.562523819000505,79,163.28334619921338,3,4.139259091643864,True
8,91.0,35-44,3.0,monthly,0.03790867801706441,0.0,0.0,1.0,2.369836707798298,79,163.28334619921338,3,6.189855796614838,True
8,91.0,35-44,4.0,weekly,0.087482423023576,0.6321344840295996,0.0,0.36786551597040035,1.3180141409614625,79,163.28334619921338,6,14.284422764904596,True
8,91.0,45-54,0.0,not_volunteered,0.7478107616259545,0.34148797959894056,0.04310620786005497,0.6154058125410043,1.163958158088707,69,133.49602218029165,51,99.82976202067921,False
8,91.0,45-54,1.0,once_or_one_off,0.009604016599301716,0.5415948093478616,0.0,0.4584051906521383,2.292025953260692,69,133.49602218029165,2,1.282098012960271,True
8,91.0,45-54,2.0,a_few_times,0.08816394310660282,0.0,0.0,1.0,2.3774595614802307,69,133.49602218029165,5,11.76953570446102,True
8,91.0,45-54,3.0,monthly,0.03604501704747015,0.0,0.0,1.0,2.344429827384703,69,133.49602218029165,4,4.811866395258066,True
8,91.0,45-54,4.0,weekly,0.11837626162067091,0.10947503342571205,0.0,0.8905249665742879,1.7499072643068194,69,133.49602218029165,7,15.802760046933091,True
8,91.0,55-64,0.0,not_volunteered,0.7943551622926681,0.18509152619139804,0.1727819854803414,0.6421264883282605,1.097736662684091,64,102.13732141304764,53,81.13330852719987,False
8,91.0,55-64,1.0,once_or_one_off,0.10328875892471102,0.36449352525837986,0.0,0.6355064747416201,1.8091318330478756,64,102.13732141304764,4,10.549637168648003,True
8,91.0,55-64,2.0,a_few_times,0.05063247162857633,0.15770451823706874,0.0,0.8422954817629313,1.6845909635258627,64,102.13732141304764,2,5.171465028664916,True
8,91.0,55-64,3.0,monthly,0.041738055311270304,0.0,0.0,1.0,3.8345304734670225,64,102.13732141304764,3,4.263013170482775,True
8,91.0,55-64,4.0,weekly,0.009985551842774288,0.0,0.0,1.0,3.0,64,102.13732141304764,2,1.0198975180520877,True
8,91.0,65-74,0.0,not_volunteered,0.8371656197844103,0.4357828038440214,0.04243919853257703,0.5217779976234016,0.9636709178144883,41,67.86913102611503,36,56.817703139706936,False
8,91.0,65-74,1.0,once_or_one_off,0.017745866823350442,0.0,0.0,1.0,1.0,41,67.86913102611503,1,1.2043965606059588,True
8,91.0,65-74,2.0,a_few_times,0.01789246439383253,0.0,1.0,0.0,0.0,41,67.86913102611503,1,1.2143460103251178,True
8,91.0,65-74,3.0,monthly,0.057486874839789794,0.30156317159542617,0.0,0.6984368284045738,0.6984368284045738,41,67.86913102611503,2,3.901584240783569,True
8,91.0,65-74,4.0,weekly,0.06970917415861706,1.0,0.0,0.0,0.0,41,67.86913102611503,1,4.731101074693453,True
8,91.0,75-84,0.0,not_volunteered,0.8303533118707449,0.344239037086558,0.17483875411251543,0.48092220880092673,0.709032401736291,13,36.118353282123046,11,29.99099426712846,True
8,91.0,75-84,1.0,once_or_one_off,0.16964668812925499,0.5630518389873892,0.0,0.4369481610126108,0.0,13,36.118353282123046,2,6.127359014994582,True
8,91.0,85+,0.0,not_volunteered,1.0,0.6090143035971732,0.24100942185245525,0.1499762745503714,0.1499762745503714,5,13.173436537525616,5,13.173436537525616,True
8,107.0,16-24,0.0,not_volunteered,0.7330427381708439,0.4925628496017258,0.12099755351899577,0.3864395968792785,0.9922112767257296,67,72.44730603989208,48,53.106971592583605,False
8,107.0,16-24,1.0,once_or_one_off,0.08392337484737906,0.0,0.0,1.0,1.49769200497101,67,72.44730603989208,5,6.0800224214686525,True
8,107.0,16-24,2.0,a_few_times,0.03587041114419305,0.30399575927615924,0.1466627309125675,0.5493415098112733,1.5429775017502088,67,72.44730603989208,5,2.5987146539401094,True
8,107.0,16-24,3.0,monthly,0.016513806692108158,0.0,0.0,1.0,2.0,67,72.44730603989208,1,1.1963808073067776,True
8,107.0,16-24,4.0,weekly,0.13064966914547602,0.11728829988739,0.07742094380961309,0.8052907563029967,0.892652636030207,67,72.44730603989208,8,9.465216564592946,True
8,107.0,25-34,0.0,not_volunteered,0.8846267535912985,0.18330260680309265,0.12292279441609119,0.6937745987808162,1.5583638258121268,164,163.35009610827564,143,144.50386521909047,False
8,107.0,25-34,1.0,once_or_one_off,0.05320258031835741,0.0,0.4350959315256823,0.5649040684743176,2.0288378246056022,164,163.35009610827564,7,8.690646608211937,True
8,107.0,25-34,2.0,a_few_times,0.02849966856577906,0.5088498456961953,0.11349088125665452,0.3776592730471502,1.1329778191414508,164,163.35009610827564,6,4.655423599274012,True
8,107.0,25-34,3.0,monthly,0.006483532776500097,0.0,0.0,1.0,2.8009451282687934,164,163.35009610827564,2,1.059085702162446,True
8,107.0,25-34,4.0,weekly,0.027187464748064903,0.0,0.0,1.0,1.6737319633589762,164,163.35009610827564,6,4.441074979536758,True
8,107.0,35-44,0.0,not_volunteered,0.8081233926208695,0.2969866793183691,0.12564328608515332,0.5773700345964775,1.141336847332757,217,154.5331786239751,178,124.88187658209358,False
8,107.0,35-44,1.0,once_or_one_off,0.041989829464027156,0.1754391545040594,0.0,0.8245608454959406,2.7500912113479905,217,154.5331786239751,9,6.4888218169547605,True
8,107.0,35-44,2.0,a_few_times,0.06322309701315343,0.2020614141630477,0.0,0.7979385858369527,1.396291741481516,217,154.5331786239751,13,9.770066143894544,True
8,107.0,35-44,3.0,monthly,0.017054307006122604,0.1489745966597924,0.0,0.8510254033402076,1.2346696463746603,217,154.5331786239751,5,2.6354562708852542,True
8,107.0,35-44,4.0,weekly,0.06960937389582723,0.0,0.083805137036225,0.9161948629637751,2.8199707707443733,217,154.5331786239751,12,10.756957810146938,True
8,107.0,45-54,0.0,not_volunteered,0.8560239503293214,0.31630677293296205,0.07072965999796209,0.6129635670690757,1.3136758217131692,134,105.94932100369749,113,90.69515630029447,False
8,107.0,45-54,1.0,once_or_one_off,0.03212301821170835,0.0,0.0,1.0,2.11404221500526,134,105.94932100369749,5,3.4034119681199084,True
8,107.0,45-54,2.0,a_few_times,0.06851365420129912,0.32936899563040634,0.23766034564243257,0.4329706587271611,0.8777777066614967,134,105.94932100369749,8,7.258975142109769,True
8,107.0,45-54,3.0,monthly,0.006902937623002917,0.0,0.0,1.0,5.0,134,105.94932100369749,1,0.7313615540880366,True
8,107.0,45-54,4.0,weekly,0.03643643963466825,0.13406105749448077,0.14905926366621985,0.7168796788392994,1.7357823694575945,134,105.94932100369749,7,3.8604160390853126,True
8,107.0,55-64,0.0,not_volunteered,0.8201538353246479,0.3603433258886577,0.07800822660474797,0.5616484475065943,0.9781713688960685,90,57.91050081628506,76,47.495519350047346,False
8,107.0,55-64,1.0,once_or_one_off,0.06865011759337829,0.11449847267626283,0.0,0.8855015273237371,1.8923552767193181,90,57.91050081628506,5,3.975562690929398,True
8,107.0,55-64,2.0,a_few_times,0.0160829204004931,0.0,1.0,0.0,0.0,90,57.91050081628506,1,0.9313699749810034,True
8,107.0,55-64,3.0,monthly,0.04801043059885616,0.0,0.2926406797799848,0.7073593202200154,1.8187357294160995,90,57.91050081628506,4,2.780308080385257,True
8,107.0,55-64,4.0,weekly,0.04710269608262451,0.0,0.0,1.0,3.2468193090238926,90,57.91050081628506,4,2.727740719942054,True
8,107.0,65-74,0.0,not_volunteered,0.8399845559373788,0.189436797858138,0.10648697718439214,0.70407622495747,0.9234229387648162,61,45.68460106949797,53,38.374359342538554,False
8,107.0,65-74,1.0,once_or_one_off,0.052844616325958355,0.0,0.0,1.0,3.0,61,45.68460106949797,2,2.414185215522087,True
8,107.0,65-74,2.0,a_few_times,0.06365532465851947,0.0,0.0,1.0,2.3996745172663356,61,45.68460106949797,3,2.9080681129738393,True
8,107.0,65-74,3.0,monthly,0.024649925327661863,0.0,0.0,1.0,2.0,61,45.68460106949797,1,1.1261220049871463,True
8,107.0,65-74,4.0,weekly,0.018865577750481602,0.5418636448444387,0.0,0.45813635515556134,1.8325454206222453,61,45.68460106949797,2,0.861866393476349,True
8,107.0,75-84,0.0,not_volunteered,0.8304406117949475,0.4953520799620896,0.1478250050026768,0.3568229150352336,0.5233944591693593,28,28.69215717958666,24,23.827132561932743,True
8,107.0,75-84,1.0,once_or_one_off,0.08435900273539226,0.0,0.0,1.0,4.832764366826735,28,28.69215717958666,2,2.420441765997056,True
8,107.0,75-84,2.0,a_few_times,0.06414506949321092,1.0,0.0,0.0,0.0,28,28.69215717958666,1,1.840460416194717,True
8,107.0,75-84,3.0,monthly,0.021055315976449294,1.0,0.0,0.0,0.0,28,28.69215717958666,1,0.6041224354621453,True
8,107.0,85+,0.0,not_volunteered,1.0,0.6076401080576964,0.0,0.3923598919423036,0.7847197838846072,3,2.397067829282563,3,2.397067829282563,True
8,109.0,16-24,0.0,not_volunteered,0.8563529555719597,0.21128034360971779,0.14963442368657728,0.6390852327037049,1.27180877711288,34,82.33897795242856,29,70.51122712833663,True
8,109.0,16-24,1.0,once_or_one_off,0.01591903899535164,0.0,0.0,1.0,3.0,34,82.33897795242856,1,1.3107574008621092,True
8,109.0,16-24,2.0,a_few_times,0.05659830503929709,0.6295357821796127,0.0,0.3704642178203873,0.3704642178203873,34,82.33897795242856,2,4.660246590775509,True
8,109.0,16-24,3.0,monthly,0.06715877399836026,0.0,0.0,1.0,4.0,34,82.33897795242856,1,5.529784811563118,True
8,109.0,16-24,4.0,weekly,0.003970926395031116,1.0,0.0,0.0,0.0,34,82.33897795242856,1,0.3269620208911837,True
8,109.0,25-34,0.0,not_volunteered,0.8767098398655012,0.13031253232038684,0.07022718677050102,0.799460280909112,2.276523278676158,91,150.7607298463637,79,132.1734153216116,False
8,109.0,25-34,1.0,once_or_one_off,0.026368591579639424,0.2880955223472908,0.0,0.7119044776527093,1.1050973598725489,91,150.7607298463637,4,3.9753481115671194,True
8,109.0,25-34,2.0,a_few_times,0.04578644453735282,0.0,0.0,1.0,1.4994655383893143,91,150.7607298463637,3,6.902797795521363,True
8,109.0,25-34,3.0,monthly,0.010788799206834813,0.0,0.0,1.0,1.0,91,150.7607298463637,1,1.6265272425882862,True
8,109.0,25-34,4.0,weekly,0.040346324810671755,0.23959930160126564,0.0,0.7604006983987344,2.6729207498540677,91,150.7607298463637,4,6.082641375075325,True
8,109.0,35-44,0.0,not_volunteered,0.8490488381446697,0.25632202024428663,0.057263249615926104,0.686414730139787,1.8295494285194884,82,113.37047880412547,74,96.25707330854763,False
8,109.0,35-44,1.0,once_or_one_off,0.042934647456524117,0.0,0.0,1.0,2.0,82,113.37047880412547,2,4.867521539432467,True
8,109.0,35-44,2.0,a_few_times,0.05024312298082887,0.0,0.0,1.0,2.669582722501361,82,113.37047880412547,3,5.696086908951129,True
8,109.0,35-44,3.0,monthly,0.030533585524411426,0.0,0.0,1.0,0.0,82,113.37047880412547,1,3.461607210509238,True
8,109.0,35-44,4.0,weekly,0.02723980589356607,1.0,0.0,0.0,0.0,82,113.37047880412547,2,3.0881898366850242,True
8,109.0,45-54,0.0,not_volunteered,0.8645958049408777,0.2770127690569512,0.03812334841816545,0.6848638825248833,1.6413468674859357,72,98.04148277093468,62,84.76625471393346,False
8,109.0,45-54,1.0,once_or_one_off,0.032569820095304125,0.0,0.0,1.0,2.500000025826212,72,98.04148277093468,2,3.1931934557262016,True
8,109.0,45-54,2.0,a_few_times,0.03218833608599002,0.0,0.0,1.0,2.643113510178407,72,98.04148277093468,4,3.1557921977996455,True
8,109.0,45-54,3.0,monthly,0.007081871390214444,0.0,0.0,1.0,4.0,72,98.04148277093468,1,0.6943171718896847,True
8,109.0,45-54,4.0,weekly,0.06356416748761375,0.0,0.0,1.0,1.0,72,98.04148277093468,3,6.23192523158569,True
8,109.0,55-64,0.0,not_volunteered,0.8122465046838261,0.37001064937819483,0.10054338811843601,0.5294459625033691,0.9051609665715893,45,47.70668191067039,38,38.749585632005136,False
8,109.0,55-64,1.0,once_or_one_off,0.09850411966385911,0.0,0.0,1.0,1.8267099619592666,45,47.70668191067039,3,4.699304703694339,True
8,109.0,55-64,2.0,a_few_times,0.05163060741227318,0.0,0.0,1.0,1.5551803162068167,45,47.70668191067039,3,2.4631249646720175,True
8,109.0,55-64,3.0,monthly,0.037618768240041615,1.0,0.0,0.0,0.0,45,47.70668191067039,1,1.7946666102988953,True
8,109.0,65-74,0.0,not_volunteered,0.9120221286949507,0.3693216925453785,0.13517465307879004,0.49550365437583144,0.8447842214165828,34,55.48524946243672,29,50.60377532590191,True
8,109.0,65-74,2.0,a_few_times,0.04402663474584943,0.0,0.0,1.0,2.0,34,55.48524946243672,2,2.44282881186504,True
8,109.0,65-74,3.0,monthly,0.015227204888475147,0.0,0.0,1.0,2.9999999999999996,34,55.48524946243672,1,0.8448852618526794,True
8,109.0,65-74,4.0,weekly,0.028724031670724775,0.0,0.0,1.0,1.605925107662696,34,55.48524946243672,2,1.5937600628170971,True
8,109.0,75-84,0.0,not_volunteered,0.9523052153705317,0.7287684552883678,0.06003542167674522,0.21119612303488686,0.2938667149646191,12,24.220113749275523,11,23.064940640302602,True
8,109.0,75-84,1.0,once_or_one_off,0.04769478462946839,0.0,0.0,1.0,2.0,12,24.220113749275523,1,1.1551731089729222,True
8,109.0,85+,3.0,monthly,1.0,1.0,0.0,0.0,0.0,1,1.6045160603989248,1,1.6045160603989248,True
8,112.0,16-24,0.0,not_volunteered,0.6660406262737705,0.14791500009231096,0.0919680470211109,0.7601169528865781,1.7691720810697957,39,54.725505825860814,29,36.44941017340521,True
8,112.0,16-24,1.0,once_or_one_off,0.10784515565801439,0.4033503306725275,0.0,0.5966496693274724,0.5966496693274724,39,54.725505825860814,4,5.901880694253533,True
8,112.0,16-24,2.0,a_few_times,0.11040530035979236,0.0,0.0,1.0,3.608028092700718,39,54.725505825860814,3,6.04198590804573,True
8,112.0,16-24,3.0,monthly,0.080926260375318,0.0,0.0,1.0,2.853344060011808,39,54.725505825860814,2,4.428730533634594,True
8,112.0,16-24,4.0,weekly,0.03478265733310488,0.0,0.0,1.0,3.0,39,54.725505825860814,1,1.9034985165217513,True
8,112.0,25-34,0.0,not_volunteered,0.8594525705998526,0.13636677964871274,0.10710374006900016,0.7565294802822871,2.4936463854010005,85,109.65029859737213,74,94.23923099655289,False
8,112.0,25-34,1.0,once_or_one_off,0.07648458071900485,0.0,0.0,1.0,4.692206058402692,85,109.65029859737213,4,8.386557113933693,True
8,112.0,25-34,2.0,a_few_times,0.022697898217950693,0.0,0.0,1.0,3.098687532293199,85,109.65029859737213,2,2.488831317131054,True
8,112.0,25-34,3.0,monthly,0.016847560506319692,0.0,0.0,1.0,4.328741808692038,85,109.65029859737213,3,1.847340040155248,True
8,112.0,25-34,4.0,weekly,0.024517389956872034,0.0,0.0,1.0,3.5778564870908665,85,109.65029859737213,2,2.688339129599231,True
8,112.0,35-44,0.0,not_volunteered,0.8800130314328684,0.2584676375962602,0.1233315312707561,0.618200831132984,1.352658631387023,84,87.09429727330705,75,76.64411656399834,False
8,112.0,35-44,1.0,once_or_one_off,0.04536650923389782,0.4121659879027113,0.07471614232322117,0.5131178697740676,0.6921202900017964,84,87.09429727330705,4,3.9511642414693258,True
8,112.0,35-44,2.0,a_few_times,0.0419718033548402,0.7648955178456541,0.0,0.2351044821543459,0.7053134464630377,84,87.09429727330705,2,3.6555047184832388,True
8,112.0,35-44,3.0,monthly,0.013048676619408795,0.0,0.0,1.0,1.7567073396791768,84,87.09429727330705,2,1.136465320514041,True
8,112.0,35-44,4.0,weekly,0.019599979358984942,0.0,0.0,1.0,1.0,84,87.09429727330705,1,1.7070464288421168,True
8,112.0,45-54,0.0,not_volunteered,0.8495078859180826,0.11489683362254108,0.06375143439760893,0.82135173197985,1.4550401311217842,63,66.41375862828363,53,56.41901168818704,False
8,112.0,45-54,1.0,once_or_one_off,0.00326436597145525,0.0,0.0,1.0,3.0,63,66.41375862828363,1,0.2167988137026116,True
8,112.0,45-54,2.0,a_few_times,0.04276285910091543,0.0,0.0,1.0,1.152525750815393,63,66.41375862828363,2,2.8400422025834993,True
8,112.0,45-54,3.0,monthly,0.021787682596150718,0.0,0.0,1.0,2.5422360553096692,63,66.41375862828363,2,1.4470018930104098,True
8,112.0,45-54,4.0,weekly,0.08267720641339589,0.2703667196003641,0.0,0.7296332803996359,1.6658738232354422,63,66.41375862828363,5,5.490904030800058,True
8,112.0,55-64,0.0,not_volunteered,0.9303437744410703,0.2278831114268332,0.10012651423773578,0.671990374335431,2.415058749999729,57,62.02342835985951,49,57.70311044408702,False
8,112.0,55-64,1.0,once_or_one_off,0.03531481655566515,0.0,0.4357254383974004,0.5642745616025997,1.0233241491647829,57,62.02342835985951,3,2.190345994681878,True
8,112.0,55-64,2.0,a_few_times,0.01292516300125689,0.0,0.0,1.0,3.6947146553013317,57,62.02342835985951,2,0.8016629214479635,True
8,112.0,55-64,3.0,monthly,0.008064478569823385,0.0,0.0,1.0,0.0,57,62.02342835985951,1,0.5001866088350629,True
8,112.0,55-64,4.0,weekly,0.01335176743218425,0.0,0.0,1.0,3.320037053624922,57,62.02342835985951,2,0.8281223908075852,True
8,112.0,65-74,0.0,not_volunteered,0.7926371172130448,0.22030837446242751,0.016404451483672526,0.7632871740538999,2.230565695700767,28,24.11651083539636,21,19.11564162580573,True
8,112.0,65-74,1.0,once_or_one_off,0.09048066442315295,0.6054205240095099,0.0,0.3945794759904902,1.1837384279714707,28,24.11651083539636,3,2.18207792395483,True
8,112.0,65-74,2.0,a_few_times,0.061371440061030666,0.0,0.0,1.0,1.3174497079218959,28,24.11651083539636,2,1.4800649992157244,True
8,112.0,65-74,4.0,weekly,0.05551077830277182,0.24538809183263263,0.0,0.7546119081673675,2.263835724502102,28,24.11651083539636,2,1.3387262864200817,True
8,112.0,75-84,0.0,not_volunteered,0.9066693005872868,0.2804638286380489,0.5923630049556193,0.1271731664063317,0.2543463328126634,9,10.683818515517368,8,9.686690261065637,True
8,112.0,75-84,2.0,a_few_times,0.09333069941271331,0.0,0.0,1.0,1.0,9,10.683818515517368,1,0.9971282544517324,True
8,112.0,85+,0.0,not_volunteered,1.0,0.2693234914974392,0.0,0.7306765085025607,0.7306765085025607,3,5.315155390190958,3,5.315155390190958,True
8,114.0,16-24,0.0,not_volunteered,0.6719140083440781,0.31988529243394237,0.11113907055919663,0.5689756370068609,1.4118339968985092,46,80.34587746812032,32,53.98552058352688,False
8,114.0,16-24,1.0,once_or_one_off,0.033187742967018326,0.0,0.0,1.0,0.5145196240813626,46,80.34587746812032,2,2.6664983298715264,True
8,114.0,16-24,2.0,a_few_times,0.1980786397819862,0.06033708565211019,0.13753028057934263,0.8021326337685472,2.508292956704089,46,80.34587746812032,7,15.914802120975406,True
8,114.0,16-24,4.0,weekly,0.09681960890691736,0.4630772642440404,0.4642429276457765,0.07267980811018311,0.29071923244073244,46,80.34587746812032,5,7.779056433746513,True
8,114.0,25-34,0.0,not_volunteered,0.8508154008740232,0.09630437868471393,0.14159177987635843,0.7621038414389277,1.5370279277753853,71,129.715744669786,61,110.36415330089642,False
8,114.0,25-34,1.0,once_or_one_off,0.04633624140588199,0.0,0.13735097428096715,0.8626490257190329,1.8248036109562515,71,129.715744669786,4,6.010540059162954,True
8,114.0,25-34,2.0,a_few_times,0.06481116937889436,0.0,0.0,1.0,4.112322828226047,71,129.715744669786,4,8.407029098902914,True
8,114.0,25-34,4.0,weekly,0.0380371883412003,0.7915691352876084,0.0,0.20843086471239167,0.6252925941371751,71,129.715744669786,2,4.934022210823699,True
8,114.0,35-44,0.0,not_volunteered,0.7618408739897057,0.20740770505322575,0.0837421817086751,0.7088501132380992,1.42618031088545,83,96.73622112166682,69,73.69760724579207,False
8,114.0,35-44,1.0,once_or_one_off,0.024544379216035465,0.0,0.0,1.0,2.0,83,96.73622112166682,1,2.37433049513645,True
8,114.0,35-44,2.0,a_few_times,0.08840125066512347,0.16777254173726402,0.0,0.832227458262736,4.033214717919535,83,96.73622112166682,6,8.55160293177328,True
8,114.0,35-44,3.0,monthly,0.07604936759804008,0.1967805943038563,0.0,0.8032194056961438,2.409658217088431,83,96.73622112166682,3,7.356728440126929,True
8,114.0,35-44,4.0,weekly,0.049164128531095384,0.0,0.0,1.0,1.8450344469103988,83,96.73622112166682,4,4.755952008838092,True
8,114.0,45-54,0.0,not_volunteered,0.7822837858349518,0.23048418405853974,0.09163461442077166,0.6778812015206886,1.1005963602167645,76,83.89233417072117,63,65.62761277760265,False
8,114.0,45-54,1.0,once_or_one_off,0.03968159230614145,0.3205417367411776,0.0,0.6794582632588225,1.358916526517645,76,83.89233417072117,2,3.3289814021731363,True
8,114.0,45-54,2.0,a_few_times,0.09704351611607341,0.0,0.0,1.0,1.4306522130725783,76,83.89233417072117,4,8.141207083111397,True
8,114.0,45-54,3.0,monthly,0.024284949857601157,0.0,0.0,1.0,2.9443785499404123,76,83.89233417072117,3,2.0373211287730837,True
8,114.0,45-54,4.0,weekly,0.056706155885232236,0.0,0.0,1.0,2.340191960009655,76,83.89233417072117,4,4.75721177906091,True
8,114.0,55-64,0.0,not_volunteered,0.8973477913441008,0.21009016616907672,0.1019321848045781,0.6879776490263452,1.6655005200743533,55,64.47300168074152,47,57.8547056595379,False
8,114.0,55-64,1.0,once_or_one_off,0.033183094751314986,0.3366118375468541,0.0,0.663388162453146,2.167809027752322,55,64.47300168074152,3,2.1394137236737363,True
8,114.0,55-64,3.0,monthly,0.01830333306738903,0.0,0.0,1.0,4.0,55,64.47300168074152,1,1.1800708236169448,True
8,114.0,55-64,4.0,weekly,0.05116578083719528,0.0,0.24448476698204327,0.7555152330179568,1.580434392642883,55,64.47300168074152,4,3.2988114739129433,True
8,114.0,65-74,0.0,not_volunteered,0.9542332948095148,0.12108793096717162,0.11813443802546318,0.7607776310073651,1.6085991026887598,49,64.35912412193038,46,61.413619061924145,False
8,114.0,65-74,2.0,a_few_times,0.01599653767072748,0.0,0.0,1.0,0.0,49,64.35912412193038,1,1.0295231534714848,True
8,114.0,65-74,3.0,monthly,0.013659303463818153,0.0,1.0,0.0,0.0,49,64.35912412193038,1,0.8791008070469861,True
8,114.0,65-74,4.0,weekly,0.01611086405593972,0.0,0.0,1.0,2.0,49,64.35912412193038,1,1.036881099487771,True
8,114.0,75-84,0.0,not_volunteered,0.8317294753661849,0.349764131175693,0.09850219764964777,0.5517336711746592,0.9182319086168609,27,54.63923426760544,22,45.445061651805545,True
8,114.0,75-84,2.0,a_few_times,0.020164353254066746,0.0,0.0,1.0,4.0,27,54.63923426760544,1,1.101764821303705,True
8,114.0,75-84,3.0,monthly,0.02452395645542204,0.0,0.0,1.0,1.0,27,54.63923426760544,1,1.3399702019363595,True
8,114.0,75-84,4.0,weekly,0.12358221492432615,0.0,0.0,1.0,3.2877157508502255,27,54.63923426760544,3,6.752437592559822,True
8,114.0,85+,0.0,not_volunteered,1.0,0.8726729423726558,0.0,0.1273270576273442,0.0,4,12.92323815072764,4,12.92323815072764,True
8,117.0,16-24,0.0,not_volunteered,0.5316370763023469,0.09211055233588485,0.04789734653821361,0.8599921011259014,1.5055824843724441,29,59.569093479790006,16,31.669138695576752,True
8,117.0,16-24,1.0,once_or_one_off,0.047991946629628815,0.0,0.0,1.0,0.0,29,59.569093479790006,2,2.858836755057452,True
8,117.0,16-24,2.0,a_few_times,0.13941852481647196,0.3546839184528842,0.0,0.6453160815471157,1.7176512754586641,29,59.569093479790006,4,8.305035137606842,True
8,117.0,16-24,3.0,monthly,0.10591363715006048,0.0,0.0,1.0,2.4739465906331133,29,59.569093479790006,2,6.309179352176512,True
8,117.0,16-24,4.0,weekly,0.17503881510149186,0.4759517248970284,0.0,0.5240482751029717,1.0733356822712399,29,59.569093479790006,5,10.426903539372447,True
8,117.0,25-34,0.0,not_volunteered,0.814289945042177,0.3742845411619067,0.10497471804214904,0.5207407407959441,1.1143534771283012,45,90.70442072298192,36,73.85969776559945,False
8,117.0,25-34,1.0,once_or_one_off,0.031377584404547236,0.0,0.0,1.0,3.0,45,90.70442072298192,1,2.846085617100929,True
8,117.0,25-34,2.0,a_few_times,0.024349696188340205,0.0,0.0,1.0,0.0,45,90.70442072298192,1,2.208625087543999,True
8,117.0,25-34,3.0,monthly,0.037727092211718626,0.0,0.621962446693561,0.3780375533064389,0.7560751066128778,45,90.70442072298192,2,3.4220140446264606,True
8,117.0,25-34,4.0,weekly,0.0922556821532168,0.20594587239126302,0.2757509679347213,0.5183031596740155,0.8156207727490797,45,90.70442072298192,5,8.367998208111072,True
8,117.0,35-44,0.0,not_volunteered,0.7566331214721465,0.32488125429441533,0.13707207131321386,0.5380466743923709,0.823213065910241,88,123.0008825712628,66,93.06654172372352,False
8,117.0,35-44,1.0,once_or_one_off,0.0248469556156206,0.0,0.17151103443927235,0.8284889655607277,1.18279146000599,88,123.0008825712628,4,3.0561974699303285,True
8,117.0,35-44,2.0,a_few_times,0.08666910599688682,0.0,0.05479060394939629,0.9452093960506037,1.0723715982574895,88,123.0008825712628,6,10.660376529279405,True
8,117.0,35-44,3.0,monthly,0.041725167654279575,0.0,0.1494367734127015,0.8505632265872985,1.061568274075854,88,123.0008825712628,5,5.132232446910296,True
8,117.0,35-44,4.0,weekly,0.0901256492610665,0.23646206554963167,0.10374345090173619,0.6597944835486321,2.4032341994353668,88,123.0008825712628,7,11.08553440141926,True
8,117.0,45-54,0.0,not_volunteered,0.8748429751866895,0.2618808821934672,0.10895388964925701,0.6291652281572757,1.042262149166505,59,65.92585345431895,52,57.67476977769809,False
8,117.0,45-54,1.0,once_or_one_off,0.016671616382133252,0.0,0.0,1.0,0.0,59,65.92585345431895,1,1.09909053845514,True
8,117.0,45-54,2.0,a_few_times,0.06993685157661357,0.38449705514971916,0.0,0.6155029448502809,0.43412328936677824,59,65.92585345431895,3,4.610646628096282,True
8,117.0,45-54,3.0,monthly,0.02520148659279183,0.0,0.0,1.0,1.0,59,65.92585345431895,1,1.661429511947378,True
8,117.0,45-54,4.0,weekly,0.013347070261771784,0.0,0.0,1.0,2.8132730628365406,59,65.92585345431895,2,0.8799169981220651,True
8,117.0,55-64,0.0,not_volunteered,0.824453369947836,0.28592198644317474,0.13716494811543015,0.5769130654413951,0.681939669518777,77,121.38513955380557,61,100.07638736672337,False
8,117.0,55-64,1.0,once_or_one_off,0.032466732764930534,0.0,0.0,1.0,0.8635991161829548,77,121.38513955380557,3,3.940978887527205,True
8,117.0,55-64,2.0,a_few_times,0.10357792187153299,0.0,0.13052009160292496,0.8694799083970749,2.017914521760577,77,121.38513955380557,7,12.572820501069202,True
8,117.0,55-64,3.0,monthly,0.013511041489861375,0.0,0.0,1.0,1.1503994507008217,77,121.38513955380557,2,1.6400396567640803,True
8,117.0,55-64,4.0,weekly,0.025990933925839108,0.0,0.0,1.0,1.361463658284433,77,121.38513955380557,4,3.1549131417217198,True
8,117.0,65-74,0.0,not_volunteered,0.8877113486981767,0.11957889328128324,0.202979737209215,0.6774413695095017,1.2522048779366193,41,50.01559419594483,36,44.39941057962288,False
8,117.0,65-74,2.0,a_few_times,0.009855319823833242,0.0,0.0,1.0,1.0,41,50.01559419594483,1,0.4929196769800939,True
8,117.0,65-74,3.0,monthly,0.016064245861768814,0.0,1.0,0.0,0.0,41,50.01559419594483,1,0.8034628020861151,True
8,117.0,65-74,4.0,weekly,0.08636908561622125,0.0,0.3653206482796587,0.6346793517203412,2.3460203567028386,41,50.01559419594483,3,4.3198011372557374,True
8,117.0,75-84,0.0,not_volunteered,0.8891042617604363,0.5131559395574231,0.026237319138523583,0.4606067413040534,0.39109747961871455,29,51.48699398464362,25,45.77730577698059,True
8,117.0,75-84,1.0,once_or_one_off,0.032957092587359904,0.0,1.0,0.0,0.0,29,51.48699398464362,1,1.696861627796742,True
8,117.0,75-84,4.0,weekly,0.07793864565220357,0.0,0.3358265081442072,0.6641734918557929,1.3283469837115858,29,51.48699398464362,3,4.0128265798662754,True
8,117.0,85+,0.0,not_volunteered,1.0,1.0,0.0,0.0,0.0,2,4.305171461993459,2,4.305171461993459,True
8,122.0,16-24,0.0,not_volunteered,0.5521591294363929,0.13482651920176655,0.1716515654274171,0.6935219153708164,1.7306178496956026,20,42.59701366135727,11,23.520329979845165,True
8,122.0,16-24,1.0,once_or_one_off,0.13898006382343409,0.3961743603129645,0.6038256396870354,0.0,0.0,20,42.59701366135727,2,5.9201356773431275,True
8,122.0,16-24,2.0,a_few_times,0.087979736909461,0.0,0.0,1.0,3.749535413921523,20,42.59701366135727,3,3.7476740550549286,True
8,122.0,16-24,3.0,monthly,0.07544614730178521,0.0,0.0,1.0,3.041921847275082,20,42.59701366135727,2,3.213780567310918,True
8,122.0,16-24,4.0,weekly,0.14543492252892687,0.0,0.0,1.0,3.543558837140438,20,42.59701366135727,2,6.195093381803135,True
8,122.0,25-34,0.0,not_volunteered,0.8270753117799269,0.1892305334322893,0.11901652906140986,0.6917529375063006,1.2752870248283141,57,88.95615231829545,49,73.57343741339687,False
8,122.0,25-34,1.0,once_or_one_off,0.028694579474155987,0.3802357954403106,0.0,0.6197642045596895,3.098821022798447,57,88.95615231829545,2,2.552559382412454,True
8,122.0,25-34,2.0,a_few_times,0.08963638617078945,0.0,0.0,1.0,3.6173083127805445,57,88.95615231829545,2,7.973708021470299,True
8,122.0,25-34,3.0,monthly,0.011245401042879419,0.0,0.0,1.0,7.0,57,88.95615231829545,1,1.0003476080507,True
8,122.0,25-34,4.0,weekly,0.04334832153224836,0.0,0.0,1.0,2.6360590801147756,57,88.95615231829545,3,3.8560998929651316,True
8,122.0,35-44,0.0,not_volunteered,0.9031353803629202,0.22288925335302792,0.10326052624311964,0.6738502204038523,1.374252075488295,78,140.03209534677438,68,126.46793969402579,False
8,122.0,35-44,1.0,once_or_one_off,0.017725932749222642,0.389999833423635,0.0,0.6100001665763651,0.44324080178619685,78,140.03209534677438,3,2.4821995048496555,True
8,122.0,35-44,2.0,a_few_times,0.016092029544250295,0.0,0.0,1.0,1.0,78,140.03209534677438,1,2.2534006154635677,True
8,122.0,35-44,3.0,monthly,0.020421896227667866,0.43765917212861577,0.0,0.5623408278713842,0.5623408278713842,78,140.03209534677438,3,2.859720919714719,True
8,122.0,35-44,4.0,weekly,0.042624761115939165,1.0,0.0,0.0,0.0,78,140.03209534677438,3,5.968834612720674,True
8,122.0,45-54,0.0,not_volunteered,0.8639846036598382,0.1286613003377375,0.24631712652562607,0.6250215731366364,1.4244144214785401,53,81.69920719599023,42,70.58685714855062,False
8,122.0,45-54,1.0,once_or_one_off,0.02013615233309295,0.0,0.0,1.0,0.7101429548243869,53,81.69920719599023,2,1.645107681591383,True
8,122.0,45-54,2.0,a_few_times,0.03440616823985421,0.0,0.0,1.0,6.017630051547997,53,81.69920719599023,3,2.810956667847947,True
8,122.0,45-54,3.0,monthly,0.025296335153416425,0.0,0.2234391785537329,0.7765608214462671,2.329682464338801,53,81.69920719599023,3,2.0666905269981797,True
8,122.0,45-54,4.0,weekly,0.056176740613798154,0.0,0.0,1.0,3.935776786681072,53,81.69920719599023,3,4.589595171002094,True
8,122.0,55-64,0.0,not_volunteered,0.901918189846693,0.22291114199822956,0.10358437922372485,0.6735044787780455,1.1130307072930425,66,94.08705792109619,56,84.85882896819604,False
8,122.0,55-64,1.0,once_or_one_off,0.04112715392792952,0.0,0.1310507182098536,0.8689492817901463,3.475797127160585,66,94.08705792109619,4,3.869532913746943,True
8,122.0,55-64,2.0,a_few_times,0.015891269195132448,0.0,0.0,1.0,1.4822898129295214,66,94.08705792109619,2,1.4951627652021582,True
8,122.0,55-64,3.0,monthly,0.004667259567062208,0.0,0.0,1.0,4.0,66,94.08705792109619,1,0.4391287212189723,True
8,122.0,55-64,4.0,weekly,0.036396127463182805,0.0,0.0,1.0,2.6614186612930886,66,94.08705792109619,3,3.42440455273208,True
8,122.0,65-74,0.0,not_volunteered,0.9091478061703666,0.27744999439629237,0.05945239199174964,0.6630976136119581,1.0571751363533504,55,84.22895831515886,49,76.57657266824194,False
8,122.0,65-74,1.0,once_or_one_off,0.020183456116671928,0.0,0.0,1.0,2.801436706608632,55,84.22895831515886,2,1.7000314839069979,True
8,122.0,65-74,2.0,a_few_times,0.016601627351401766,1.0,0.0,0.0,0.0,55,84.22895831515886,1,1.3983377781450206,True
8,122.0,65-74,3.0,monthly,0.03154831238953665,0.5916278724101677,0.0,0.4083721275898324,0.8167442551796648,55,84.22895831515886,2,2.657281489171892,True
8,122.0,65-74,4.0,weekly,0.02251879797202296,1.0,0.0,0.0,0.0,55,84.22895831515886,1,1.8967348956930057,True
8,122.0,75-84,0.0,not_volunteered,1.0,0.34050257656217914,0.14078069950585162,0.5187167239319691,0.6343826808773635,14,29.473165823652913,14,29.473165823652913,True
8,122.0,85+,0.0,not_volunteered,0.9402545443818209,0.8571942796923439,0.0,0.1428057203076561,0.2856114406153122,6,19.15529884381463,5,18.010856786888546,True
8,122.0,85+,4.0,weekly,0.059745455618179184,0.0,0.0,1.0,15.000000000000002,6,19.15529884381463,1,1.144442056926086,True
8,126.0,16-24,0.0,not_volunteered,0.7801881179043635,0.3435884278727617,0.050567605689637814,0.6058439664376006,1.5069897337767555,37,86.14318826241495,29,67.20789192073478,True
8,126.0,16-24,1.0,once_or_one_off,0.011504135186426501,0.0,0.0,1.0,3.0,37,86.14318826241495,1,0.9910028831606102,True
8,126.0,16-24,2.0,a_few_times,0.11591356377147734,0.47878624180409135,0.3955134186212386,0.12570033957467003,0.7542020374480202,37,86.14318826241495,3,9.985163946133813,True
8,126.0,16-24,3.0,monthly,0.05062236921783439,0.0,0.0,1.0,2.0,37,86.14318826241495,2,4.360772281821387,True
8,126.0,16-24,4.0,weekly,0.04177181391989819,0.0,0.0,1.0,3.9510695012026837,37,86.14318826241495,2,3.598357230564355,True
8,126.0,25-34,0.0,not_volunteered,0.7646135681154783,0.3487173217208111,0.10449678336681702,0.5467858949123716,1.015308729497359,44,92.29882318517906,36,70.5729325284794,False
8,126.0,25-34,1.0,once_or_one_off,0.10639553437843347,0.0,0.0,1.0,1.8075577490591839,44,92.29882318517906,4,9.82018261528767,True
8,126.0,25-34,2.0,a_few_times,0.03412089209649522,0.5,0.0,0.5,0.5,44,92.29882318517906,2,3.149318186534986,True
8,126.0,25-34,4.0,weekly,0.09487000540959308,0.0,0.0,1.0,2.27837763775091,44,92.29882318517906,2,8.756389854877012,True
8,126.0,35-44,0.0,not_volunteered,0.8056666810534776,0.3479247410348333,0.08997931903643186,0.562095939928735,1.1310607068027356,87,130.80962121993917,70,105.38895337813095,False
8,126.0,35-44,1.0,once_or_one_off,0.005251912087090337,0.0,0.0,1.0,2.0,87,130.80962121993917,1,0.6870006307927071,True
8,126.0,35-44,2.0,a_few_times,0.048700500305621085,0.0,0.0,1.0,1.1212875135070304,87,130.80962121993917,5,6.370493998199826,True
8,126.0,35-44,3.0,monthly,0.05400792533676651,0.0,0.0,1.0,1.8859809507654095,87,130.80962121993917,5,7.064756256177183,True
8,126.0,35-44,4.0,weekly,0.08637298121704455,0.0,0.0,1.0,4.662449884389322,87,130.80962121993917,6,11.298416956638519,True
8,126.0,45-54,0.0,not_volunteered,0.8471303398787722,0.33673478370439563,0.1622915675814015,0.5009736487142027,1.0936920759393125,57,74.27673359834894,47,62.92207457825435,False
8,126.0,45-54,1.0,once_or_one_off,0.06961726372587716,0.0,0.5928818244214057,0.40711817557859437,0.40711817557859437,57,74.27673359834894,3,5.170942951612979,True
8,126.0,45-54,2.0,a_few_times,0.023727367152243897,0.570213286281566,0.0,0.4297867137184341,0.0,57,74.27673359834894,2,1.7623913289574353,True
8,126.0,45-54,3.0,monthly,0.024645210838548013,0.0,0.3699691991028835,0.6300308008971165,1.260061601794233,57,74.27673359834894,2,1.8305657599299727,True
8,126.0,45-54,4.0,weekly,0.034879818404558845,0.1461834897658293,0.0,0.8538165102341706,1.369032958227933,57,74.27673359834894,3,2.590758979594206,True
8,126.0,55-64,0.0,not_volunteered,0.9171299109150296,0.2885712438242352,0.14440396179741027,0.5670247943783545,0.7567051931498255,76,124.46399633885656,64,114.14965387438409,False
8,126.0,55-64,1.0,once_or_one_off,0.049904153731320074,0.0,0.0,1.0,1.7364481286384026,76,124.46399633885656,5,6.211270407308756,True
8,126.0,55-64,2.0,a_few_times,0.01203916687810431,0.0,0.0,1.0,1.3941501346712393,76,124.46399633885656,3,1.498442822239258,True
8,126.0,55-64,4.0,weekly,0.020926768475545966,0.3371756092946454,0.0,0.6628243907053547,0.6628243907053547,76,124.46399633885656,4,2.604629234924452,True
8,126.0,65-74,0.0,not_volunteered,0.9423379409282107,0.39273937286037386,0.19957768415550764,0.4076829429841185,0.6981725190538869,45,68.41504866610651,41,64.47009608852214,False
8,126.0,65-74,1.0,once_or_one_off,0.013051621437106703,0.0,0.0,1.0,2.0,45,68.41504866610651,1,0.8929273157912541,True
8,126.0,65-74,2.0,a_few_times,0.01076383276325675,0.0,0.0,1.0,2.0,45,68.41504866610651,1,0.7364081423320423,True
8,126.0,65-74,3.0,monthly,0.033846604871426066,0.0,0.7204519162117445,0.27954808378825535,0.5590961675765107,45,68.41504866610651,2,2.315617119461092,True
8,126.0,75-84,0.0,not_volunteered,0.8709260822255971,0.2239458965688136,0.1194795234603812,0.6565745799708054,0.7557004659630657,28,63.62071563020212,23,55.408940612200745,True
8,126.0,75-84,2.0,a_few_times,0.02455684006562782,0.0,1.0,0.0,0.0,28,63.62071563020212,1,1.5623237385916615,True
8,126.0,75-84,3.0,monthly,0.07616654423677577,0.0,0.0,1.0,0.5642494517347445,28,63.62071563020212,3,4.845770051423122,True
8,126.0,75-84,4.0,weekly,0.028350533471999232,0.0,0.0,1.0,2.0,28,63.62071563020212,1,1.80368122798659,True
8,126.0,85+,0.0,not_volunteered,1.0,0.6865190120479603,0.31348098795203977,0.0,0.0,2,7.176788512410728,2,7.176788512410728,True
8,129.0,16-24,0.0,not_volunteered,0.6292488632808758,0.2639819498085823,0.07222276620788201,0.6637952839835358,1.0529626980078093,38,63.96522386621953,24,40.25004440732539,True
8,129.0,16-24,1.0,once_or_one_off,0.16692795310287448,0.0,0.0,1.0,1.8827257265941453,38,63.96522386621953,4,10.67758388975516,True
8,129.0,16-24,2.0,a_few_times,0.15235560277671076,0.10656288163000896,0.21393406307978868,0.6795030552902025,1.8473872399811024,38,63.96522386621953,6,9.745460238885121,True
8,129.0,16-24,3.0,monthly,0.03618482062226272,0.27237362382593294,0.2043971444910787,0.5232292316829884,0.5232292316829884,38,63.96522386621953,3,2.314570151662032,True
8,129.0,16-24,4.0,weekly,0.015282760217275981,0.0,0.0,1.0,1.0,38,63.96522386621953,1,0.977565178591812,True
8,129.0,25-34,0.0,not_volunteered,0.5997381412824281,0.41550456019759663,0.06243483571815281,0.5220606040842505,1.0391575619891205,57,115.89378691287232,39,69.50592434930783,False
8,129.0,25-34,1.0,once_or_one_off,0.037574666679800264,1.0,0.0,0.0,0.0,57,115.89378691287232,3,4.354670413510975,True
8,129.0,25-34,2.0,a_few_times,0.2869688910621913,0.5418041109261612,0.08174086454073651,0.3764550245331024,0.4939545054702785,57,115.89378691287232,8,33.25791151138487,True
8,129.0,25-34,3.0,monthly,0.04049683251156354,0.0,0.0,1.0,3.1793249049733205,57,115.89378691287232,4,4.693331277741424,True
8,129.0,25-34,4.0,weekly,0.035221468464016796,0.0,0.5281367989269065,0.4718632010730937,0.9801073077756999,57,115.89378691287232,3,4.081949360927215,True
8,129.0,35-44,0.0,not_volunteered,0.8251855946427271,0.30052629504560835,0.13095068266353024,0.5685230222908614,1.0382717251088083,76,131.9219603522305,65,108.8601012996896,False
8,129.0,35-44,1.0,once_or_one_off,0.0054853043127958915,0.0,0.0,1.0,1.0,76,131.9219603522305,1,0.7236320980725787,True
8,129.0,35-44,2.0,a_few_times,0.1167701962890208,0.21841893443567156,0.0,0.7815810655643285,1.516723197847891,76,131.9219603522305,6,15.404553205162376,True
8,129.0,35-44,3.0,monthly,0.0313081212766026,0.3475664242026972,0.0,0.6524335757973029,0.6524335757973029,76,131.9219603522305,2,4.130228733754794,True
8,129.0,35-44,4.0,weekly,0.02125078347885328,0.6201002595481379,0.0,0.3798997404518622,0.3798997404518622,76,131.9219603522305,2,2.8034450155511172,True
8,129.0,45-54,0.0,not_volunteered,0.7472131268289885,0.2741301708645315,0.1715667019740018,0.5543031271614668,0.8116284083413198,82,121.04723273610331,62,90.44808126674006,False
8,129.0,45-54,1.0,once_or_one_off,0.04200743752903725,0.0,0.3805390635153145,0.6194609364846855,0.8594189314721022,82,121.04723273610331,3,5.084884067224693,True
8,129.0,45-54,2.0,a_few_times,0.12860102877409785,0.17679808565845528,0.2843417771610057,0.5388601371805388,0.5981969812357723,82,121.04723273610331,10,15.566798660120542,True
8,129.0,45-54,3.0,monthly,0.025195246569911844,0.0,0.0,1.0,2.507485926779122,82,121.04723273610331,2,3.0498148753916277,True
8,129.0,45-54,4.0,weekly,0.056983160297964436,0.0,0.0,1.0,1.8498000629737015,82,121.04723273610331,5,6.897653866626383,True
8,129.0,55-64,0.0,not_volunteered,0.8254849515953989,0.3921613615948403,0.13289837519765593,0.4749402632075036,0.8552928668211829,75,115.85527752172497,59,95.63678815709265,False
8,129.0,55-64,1.0,once_or_one_off,0.01618876422788337,0.0,0.0,1.0,1.4059956064257395,75,115.85527752172497,3,1.8755537723552016,True
8,129.0,55-64,2.0,a_few_times,0.03251628525607383,0.0,0.0,1.0,2.000213311221475,75,115.85527752172497,3,3.767183252318007,True
8,129.0,55-64,3.0,monthly,0.022753387076630056,0.7059361172216954,0.29406388277830464,0.0,0.0,75,115.85527752172497,2,2.6360999743222058,True
8,129.0,55-64,4.0,weekly,0.10305661184401375,0.3638266110368847,0.0,0.6361733889631153,1.9516436075318084,75,115.85527752172497,8,11.939652365636903,True
8,129.0,65-74,0.0,not_volunteered,0.9190212219958089,0.1254567571701559,0.08981832067682981,0.7847249221530145,1.7534654104793046,32,28.822481988407564,30,26.488472617938513,False
8,129.0,65-74,1.0,once_or_one_off,0.035599404067474485,0.0,0.0,1.0,9.0,32,28.822481988407564,1,1.0260631825328264,True
8,129.0,65-74,3.0,monthly,0.045379373936716316,0.0,0.0,1.0,1.0,32,28.822481988407564,1,1.3079461879362178,True
8,129.0,75-84,0.0,not_volunteered,0.9553068086578693,0.2985679264190381,0.14161047841255742,0.5598215951684044,0.7295083003653678,17,32.38127659323519,16,30.934054002551274,True
8,129.0,75-84,4.0,weekly,0.044693191342130775,0.0,0.0,1.0,1.0,17,32.38127659323519,1,1.4472225906839211,True
8,129.0,85+,0.0,not_volunteered,1.0,0.0,0.0,1.0,0.0,1,0.9097549429088322,1,0.9097549429088322,True
8,135.0,16-24,0.0,not_volunteered,0.6528484493504813,0.16285126315476392,0.11255711720006609,0.7245916196451698,1.464709026405621,40,72.96695617685549,29,47.636364193884624,True
8,135.0,16-24,1.0,once_or_one_off,0.10062371238876949,0.0,0.0,1.0,3.4511208213400537,40,72.96695617685549,3,7.342206012223855,True
8,135.0,16-24,2.0,a_few_times,0.12817321632120401,0.0,0.0,1.0,4.198825039822189,40,72.96695617685549,4,9.352409458355913,True
8,135.0,16-24,3.0,monthly,0.01874316981827245,0.0,0.0,1.0,2.0,40,72.96695617685549,1,1.3676320507452464,True
8,135.0,16-24,4.0,weekly,0.09961145212127301,0.0,0.0,1.0,5.220012596096804,40,72.96695617685549,3,7.268344461645866,True
8,135.0,25-34,0.0,not_volunteered,0.8268356959299946,0.1258122102258522,0.04361624340945062,0.8305715463646972,2.231510716517569,121,155.45810982433864,103,128.53831442456857,False
8,135.0,25-34,1.0,once_or_one_off,0.07120920971674821,0.0,0.0,1.0,3.6781103425754083,121,155.45810982433864,6,11.070049144650605,True
8,135.0,25-34,2.0,a_few_times,0.06294229666386995,0.0,0.0942932871076714,0.9057067128923286,4.181495766407476,121,155.45810982433864,7,9.784890467367998,True
8,135.0,25-34,3.0,monthly,0.009032146807974886,0.0,0.0,1.0,3.0,121,155.45810982433864,1,1.4041204704237096,True
8,135.0,25-34,4.0,weekly,0.02998065088141221,0.0,0.0,1.0,1.7265046862567262,121,155.45810982433864,4,4.660735317327735,True
8,135.0,35-44,0.0,not_volunteered,0.9541915733742975,0.179945790571251,0.1556650027992704,0.6643892066294784,1.5702035101132867,77,82.14376768531206,71,78.38089093054069,False
8,135.0,35-44,1.0,once_or_one_off,0.017656346744751212,0.3828438763019862,0.0,0.6171561236980139,2.2960736337493177,77,82.14376768531206,3,1.4503588451721594,True
8,135.0,35-44,2.0,a_few_times,0.014553572285852226,0.0,0.0,1.0,3.0,77,82.14376768531206,1,1.1954852608404412,True
8,135.0,35-44,3.0,monthly,0.006146738307273668,0.0,0.0,1.0,8.0,77,82.14376768531206,1,0.5049162435350965,True
8,135.0,35-44,4.0,weekly,0.0074517692878254506,0.0,0.0,1.0,2.0,77,82.14376768531206,1,0.612116405223677,True
8,135.0,45-54,0.0,not_volunteered,0.7994434628292842,0.2611155851725414,0.12448252561885129,0.6144018892086075,1.0628810047742923,70,76.57306259245617,62,61.21583431835669,False
8,135.0,45-54,1.0,once_or_one_off,0.020573723176122997,0.0,0.2831329041330259,0.7168670958669741,0.7168670958669741,70,76.57306259245617,2,1.5753929925251324,True
8,135.0,45-54,2.0,a_few_times,0.0671070466318989,0.0,0.0,1.0,2.369071029427974,70,76.57306259245617,2,5.138592082139269,True
8,135.0,45-54,4.0,weekly,0.11287576736269363,0.19899115915353985,0.0,0.8010088408464601,0.7358802872357558,70,76.57306259245617,4,8.64324319943506,True
8,135.0,55-64,0.0,not_volunteered,0.9756352812263762,0.24604563694292284,0.07912435453985465,0.6748300085172227,1.2215271067564726,45,52.33081760672201,43,51.055791952540424,False
8,135.0,55-64,3.0,monthly,0.012437326108659746,0.0,0.0,1.0,4.0,45,52.33081760672201,1,0.6508554441075948,True
8,135.0,55-64,4.0,weekly,0.011927392664963917,0.0,0.0,1.0,2.0,45,52.33081760672201,1,0.6241702100739807,True
8,135.0,65-74,0.0,not_volunteered,0.9485989995970923,0.22633058682147694,0.0,0.7736694131785229,1.971016622408195,32,38.25108015907192,29,36.284936372403806,True
8,135.0,65-74,2.0,a_few_times,0.021772101586278316,0.0,0.0,1.0,0.0,32,38.25108015907192,1,0.8328064030081888,True
8,135.0,65-74,3.0,monthly,0.016764933519818084,0.0,0.0,1.0,1.0,32,38.25108015907192,1,0.6412768159280733,True
8,135.0,65-74,4.0,weekly,0.012863965296811443,0.0,0.0,1.0,1.0,32,38.25108015907192,1,0.4920605677318539,True
8,135.0,75-84,0.0,not_volunteered,0.9714478891343065,0.5691316236993481,0.18585125635084665,0.24501711994980535,0.3034846372994001,14,20.682060048497107,13,20.091543577061486,True
8,135.0,75-84,1.0,once_or_one_off,0.028552110865693415,0.0,0.0,1.0,3.0,14,20.682060048497107,1,0.5905164714356179,True
8,135.0,85+,0.0,not_volunteered,0.7532772892482963,1.0,0.0,0.0,0.0,3,3.641600470668017,2,2.7431349310701236,True
8,135.0,85+,1.0,once_or_one_off,0.24672271075170374,0.0,0.0,1.0,3.0,3,3.641600470668017,1,0.8984655395978933,True
8,136.0,16-24,0.0,not_volunteered,0.6769957530671251,0.1086682038222238,0.04483241391764658,0.8464993822601296,1.259026620100982,33,35.654177495693645,25,24.137726743686063,True
8,136.0,16-24,1.0,once_or_one_off,0.10541204417895564,0.0,0.0,1.0,7.617905417239328,33,35.654177495693645,2,3.7583797333403846,True
8,136.0,16-24,2.0,a_few_times,0.12342560286606923,0.0,0.0,1.0,1.2299522482242655,33,35.654177495693645,3,4.4006383520998265,True
8,136.0,16-24,4.0,weekly,0.09416659988785031,0.4997584207848715,0.0,0.5002415792151286,0.8929259619561531,33,35.654177495693645,3,3.35743266656738,True
8,136.0,25-34,0.0,not_volunteered,0.8998478831332726,0.17845500529957417,0.042423423232581615,0.7791215714678442,2.158494245085195,59,59.391416237511365,52,53.44324017761167,False
8,136.0,25-34,1.0,once_or_one_off,0.01767741146669856,0.0,0.0,1.0,5.994462407070376,59,59.391416237511365,2,1.0498865024204505,True
8,136.0,25-34,2.0,a_few_times,0.057498594777313415,0.372786018552045,0.2618105002171366,0.3654034812308184,1.0962104436924553,59,59.391416237511365,3,3.414922975491418,True
8,136.0,25-34,3.0,monthly,0.008443261479256448,0.0,0.0,1.0,0.0,59,59.391416237511365,1,0.5014572569166657,True
8,136.0,25-34,4.0,weekly,0.016532849143458993,0.0,0.0,1.0,5.999999999999999,59,59.391416237511365,1,0.9819093250711564,True
8,136.0,35-44,0.0,not_volunteered,0.9369093634609889,0.20046841636667512,0.14834967864300086,0.6511819049903238,1.731698128579101,51,41.26980444357162,47,38.66606621138618,False
8,136.0,35-44,2.0,a_few_times,0.008414060285518485,0.0,1.0,0.0,0.0,51,41.26980444357162,1,0.3472466225597703,True
8,136.0,35-44,3.0,monthly,0.05467657625349269,0.0,0.0,1.0,2.824013626150052,51,41.26980444357162,3,2.2564916096256753,True
8,136.0,45-54,0.0,not_volunteered,0.8075597721049028,0.34311751388884953,0.1387626571157151,0.5181198289954354,1.3703555781627506,63,55.71161436975624,51,44.990458604036576,False
8,136.0,45-54,1.0,once_or_one_off,0.023921756051385887,0.0,0.0,1.0,5.0,63,55.71161436975624,1,1.3327196481821932,True
8,136.0,45-54,2.0,a_few_times,0.07577234623536334,0.2970957444916417,0.0,0.7029042555083584,2.108869182733089,63,55.71161436975624,5,4.221399733356214,True
8,136.0,45-54,3.0,monthly,0.0042388597503582115,1.0,0.0,0.0,0.0,63,55.71161436975624,1,0.2361537197794379,True
8,136.0,45-54,4.0,weekly,0.08850726585798964,0.0,0.0,1.0,1.5713493413804565,63,55.71161436975624,5,4.930882664401811,True
8,136.0,55-64,0.0,not_volunteered,0.8043812252140183,0.1795694251703016,0.1912402281746771,0.6291903466550213,1.1101243321152383,69,56.047344815718276,55,45.08343189286003,False
8,136.0,55-64,1.0,once_or_one_off,0.036440644391008616,0.0,0.1357369884680792,0.8642630115319209,4.138824036712619,69,56.047344815718276,3,2.04240136148983,True
8,136.0,55-64,2.0,a_few_times,0.04770030191155932,0.3263493274461086,0.2200990172784393,0.453551655275452,0.7470170420274245,69,56.047344815718276,4,2.673475269051031,True
8,136.0,55-64,3.0,monthly,0.06968756957277782,0.0,0.0,1.0,2.8890180149493387,69,56.047344815718276,4,3.9058032412148354,True
8,136.0,55-64,4.0,weekly,0.041790258910635925,0.0,0.0,1.0,3.9534467246822307,69,56.047344815718276,3,2.342233051102555,True
8,136.0,65-74,0.0,not_volunteered,0.8783266986613482,0.21828463214234697,0.11753167135995421,0.6641836964976991,1.63178243320111,52,43.02331512128531,45,37.788526335945384,False
8,136.0,65-74,2.0,a_few_times,0.09059638874467699,0.4017161644883829,0.0,0.5982838355116171,1.880243575008926,52,43.02331512128531,6,3.8977569818127034,True
8,136.0,65-74,4.0,weekly,0.03107691259397481,1.0,0.0,0.0,0.0,52,43.02331512128531,1,1.3370318035272182,True
8,136.0,75-84,0.0,not_volunteered,0.8541342594134426,0.07177090482723869,0.15526403967551575,0.7729650554972454,1.3382061736461912,21,24.002400291965234,18,20.501272397522722,True
8,136.0,75-84,2.0,a_few_times,0.02779917746891464,1.0,0.0,0.0,0.0,21,24.002400291965234,1,0.6672469853962701,True
8,136.0,75-84,4.0,weekly,0.1180665631176427,0.7382586368811079,0.0,0.2617413631188922,1.0469654524755687,21,24.002400291965234,2,2.833880909046239,True
8,136.0,85+,0.0,not_volunteered,1.0,0.10394281937579783,0.3236118095014635,0.5724453711227386,0.7102053877682677,9,14.1287746016277,9,14.1287746016277,True
8,139.0,16-24,0.0,not_volunteered,0.7375182894553161,0.20815671016307286,0.16110321473337275,0.6307400751035543,0.8520804120479631,29,47.633988703198,20,35.13093786831644,True
8,139.0,16-24,1.0,once_or_one_off,0.1090433894159586,0.05841357723756981,0.0,0.9415864227624304,4.384187033637648,29,47.633988703198,4,5.194171579598192,True
8,139.0,16-24,2.0,a_few_times,0.06920813997277815,0.5313061104630561,0.0,0.4686938895369439,1.1476550987466219,29,47.633988703198,3,3.29665975763266,True
8,139.0,16-24,3.0,monthly,0.03327087370670785,0.0,0.0,1.0,2.0,29,47.633988703198,1,1.5848244222908492,True
8,139.0,16-24,4.0,weekly,0.05095930744923939,0.0,0.0,1.0,5.0,29,47.633988703198,1,2.427395075359863,True
8,139.0,25-34,0.0,not_volunteered,0.8747629192235852,0.07682535785462716,0.06616139796183396,0.857013244183539,1.8791165649987707,44,47.22368823074694,37,41.30953137323265,False
8,139.0,25-34,1.0,once_or_one_off,0.08014723270624481,0.0,0.0,1.0,1.6434647782936231,44,47.22368823074694,3,3.784847929876829,True
8,139.0,25-34,2.0,a_few_times,0.023823968529923446,0.0,0.0,1.0,2.9529527122448536,44,47.22368823074694,2,1.1250556622762313,True
8,139.0,25-34,3.0,monthly,0.0077414743204581235,0.0,0.0,1.0,2.0,44,47.22368823074694,1,0.3655809697556479,True
8,139.0,25-34,4.0,weekly,0.013524405219788427,0.0,0.0,1.0,1.0,44,47.22368823074694,1,0.6386722956055751,True
8,139.0,35-44,0.0,not_volunteered,0.8640501217995706,0.16828547630957102,0.14813341944810868,0.6835811042423202,1.4916338906684878,86,73.37520459852924,72,63.399854470427606,False
8,139.0,35-44,1.0,once_or_one_off,0.02618810103318957,0.22563678698720452,0.43035393632204094,0.3440092766907546,0.6880185533815092,86,73.37520459852924,4,1.9215572713572397,True
8,139.0,35-44,2.0,a_few_times,0.057190917544468665,0.2331318930463126,0.0,0.7668681069536873,1.7865382259234484,86,73.37520459852924,6,4.196395276003003,True
8,139.0,35-44,3.0,monthly,0.01578894978335141,0.0,0.0,1.0,5.0,86,73.37520459852924,1,1.1585174207493136,True
8,139.0,35-44,4.0,weekly,0.036781909839419404,0.0,0.0,1.0,5.6697928103109705,86,73.37520459852924,3,2.6988801599920547,True
8,139.0,45-54,0.0,not_volunteered,0.7577156622981984,0.3859696616267261,0.023706688981747045,0.5903236493915268,1.1394191938029516,85,74.34876702842574,65,56.33522524999807,False
8,139.0,45-54,1.0,once_or_one_off,0.0362464952641193,0.7094109670539295,0.0,0.29058903294607047,0.8267542478513619,85,74.34876702842574,4,2.6948822319889425,True
8,139.0,45-54,2.0,a_few_times,0.11485152428450508,0.0,0.0,1.0,2.1258697355816283,85,74.34876702842574,9,8.53906922188825,True
8,139.0,45-54,3.0,monthly,0.03485603386743652,0.0,0.6578210181080861,0.3421789818919139,1.0265369456757416,85,74.34876702842574,2,2.591503141544955,True
8,139.0,45-54,4.0,weekly,0.05633028428574073,0.0,0.14668743407935236,0.8533125659206476,1.9129162935584547,85,74.34876702842574,5,4.188087183005529,True
8,139.0,55-64,0.0,not_volunteered,0.7765148686421259,0.30238010517704345,0.08689588052881077,0.6107240142941457,1.178914711650353,71,60.722907639740335,56,47.15224064944091,False
8,139.0,55-64,1.0,once_or_one_off,0.09069835096385924,0.0,0.0,1.0,2.663130252039644,71,60.722907639740335,6,5.507467588655178,True
8,139.0,55-64,2.0,a_few_times,0.08311893371823918,0.0,0.0,1.0,2.7205942262289127,71,60.722907639740335,5,5.047223335286336,True
8,139.0,55-64,3.0,monthly,0.02823838888291718,0.0,0.20461636875774322,0.7953836312422569,0.7395101210369236,71,60.722907639740335,3,1.7147170800324503,True
8,139.0,55-64,4.0,weekly,0.021429457792858576,0.0,0.0,1.0,1.0,71,60.722907639740335,1,1.301258986325465,True
8,139.0,65-74,0.0,not_volunteered,0.7929370953840108,0.20538488016639772,0.06734684864900123,0.727268271184601,1.1197347263874413,44,37.759971226078264,38,29.941281905790323,False
8,139.0,65-74,2.0,a_few_times,0.1366456014702312,0.0,0.27190807288879754,0.7280919271112024,1.5256711972066361,44,37.759971226078264,4,5.159733979686088,True
8,139.0,65-74,4.0,weekly,0.07041730314575842,0.0,0.0,1.0,1.1481720395118675,44,37.759971226078264,2,2.6589553406018682,True
8,139.0,75-84,0.0,not_volunteered,0.97107297388999,0.33298726695384717,0.11865756213753786,0.5483551709086147,0.8945479213352426,22,28.181988043507555,21,27.366766939541023,True
8,139.0,75-84,4.0,weekly,0.028927026110009944,0.0,0.0,1.0,1.0,22,28.181988043507555,1,0.8152211039665311,True
8,139.0,85+,0.0,not_volunteered,1.0,0.0,0.0,1.0,0.0,1,3.533808502502627,1,3.533808502502627,True
8,142.0,16-24,0.0,not_volunteered,0.7063925272904759,0.18256881616784618,0.174822996364362,0.6426081874677919,1.3307155500230448,38,85.72092442372018,29,60.55262044534757,True
8,142.0,16-24,1.0,once_or_one_off,0.17563008031970673,0.0,0.0,1.0,1.7201492619962686,38,85.72092442372018,4,15.055172841617484,True
8,142.0,16-24,2.0,a_few_times,0.07126697871157923,0.0,0.40014263139613687,0.5998573686038631,1.9097121232763192,38,85.72092442372018,4,6.109071296042159,True
8,142.0,16-24,4.0,weekly,0.04671041367823837,1.0,0.0,0.0,0.0,38,85.72092442372018,1,4.004059840712976,True
8,142.0,25-34,0.0,not_volunteered,0.8672428474023557,0.1462930157428237,0.06314113824758914,0.7905658460095872,2.326980861938056,106,237.95296642801637,91,206.36300815287007,False
8,142.0,25-34,1.0,once_or_one_off,0.038297926322674196,0.11692589960327557,0.0,0.8830741003967244,3.500489798287379,106,237.95296642801637,4,9.113105176521938,True
8,142.0,25-34,2.0,a_few_times,0.0664139649511483,0.2707752665630985,0.0,0.7292247334369014,2.8139491301113715,106,237.95296642801637,8,15.803399972372047,True
8,142.0,25-34,3.0,monthly,0.012948608403519623,0.0,0.0,1.0,2.0,106,237.95296642801637,1,3.0811597807322353,True
8,142.0,25-34,4.0,weekly,0.01509665292030219,0.3933563426062422,0.0,0.6066436573937578,0.6066436573937578,106,237.95296642801637,2,3.5922933455200825,True
8,142.0,35-44,0.0,not_volunteered,0.8447789067970679,0.20156901308240993,0.05083556571743403,0.7475954212001561,1.758545617147817,86,144.1281337274866,69,121.75640724900775,False
8,142.0,35-44,1.0,once_or_one_off,0.03892079332594441,0.09723805668360207,0.0,0.9027619433163979,1.4601315971122464,86,144.1281337274866,5,5.609581305261584,True
8,142.0,35-44,2.0,a_few_times,0.06014369602183057,0.0,0.0,1.0,2.2585376466359683,86,144.1281337274866,5,8.668398663099701,True
8,142.0,35-44,3.0,monthly,0.013452329141206192,0.0,0.0,1.0,1.458584713792904,86,144.1281337274866,2,1.938859093409931,True
8,142.0,35-44,4.0,weekly,0.04270427471395073,0.0,0.7178848472889939,0.28211515271100596,0.28211515271100596,86,144.1281337274866,5,6.154887416707616,True
8,142.0,45-54,0.0,not_volunteered,0.8238671680772225,0.0886326458598599,0.20680518918872565,0.7045621649514145,1.376220518262701,65,73.68793826359584,52,60.709073018677906,False
8,142.0,45-54,1.0,once_or_one_off,0.07704899518778446,0.09929226470691153,0.0,0.9007077352930885,2.049355821720948,65,73.68793826359584,4,5.677581600669555,True
8,142.0,45-54,2.0,a_few_times,0.054015970805846,0.30741092308994006,0.0,0.69258907691006,1.983921027788586,65,73.68793826359584,6,3.980325521989375,True
8,142.0,45-54,3.0,monthly,0.01455333446118938,0.0,0.0,1.0,5.0,65,73.68793826359584,1,1.0724052113055849,True
8,142.0,45-54,4.0,weekly,0.03051453146795764,0.0,0.0,1.0,1.9691342774770768,65,73.68793826359584,2,2.248552910953415,True
8,142.0,55-64,0.0,not_volunteered,0.9314465742605688,0.26667596036667013,0.10161739475804785,0.6317066448752822,1.0590864417515293,48,84.28986089586041,44,78.51150217634905,False
8,142.0,55-64,1.0,once_or_one_off,0.0511975091244741,0.247005480386385,0.0,0.7529945196136151,4.517967117681691,48,84.28986089586041,2,4.315430922316466,True
8,142.0,55-64,2.0,a_few_times,0.017355916614957164,0.0,0.0,1.0,2.3543875103542926,48,84.28986089586041,2,1.462927797194892,True
8,142.0,65-74,0.0,not_volunteered,0.8336778827576705,0.34059771039283687,0.11763839850511586,0.5417638911020474,1.0271139139693177,33,54.250761526242805,27,45.22766000718939,True
8,142.0,65-74,1.0,once_or_one_off,0.025176958463338988,0.0,0.0,1.0,0.0,33,54.250761526242805,1,1.365869169550724,True
8,142.0,65-74,2.0,a_few_times,0.020058693453405413,1.0,0.0,0.0,0.0,33,54.250761526242805,1,1.0881993950687048,True
8,142.0,65-74,3.0,monthly,0.12108646532558488,0.0,0.0,1.0,3.1222725916997667,33,54.250761526242805,4,6.569032954433974,True
8,142.0,75-84,0.0,not_volunteered,0.7143379086041002,0.35829352514651003,0.1330907333665857,0.5086157414869042,0.44678924201991144,12,39.593219619797544,8,28.282937698109006,True
8,142.0,75-84,1.0,once_or_one_off,0.17520972329854095,0.0,0.0,1.0,2.0,12,39.593219619797544,2,6.937117054083091,True
8,142.0,75-84,3.0,monthly,0.05000855241041311,1.0,0.0,0.0,0.0,12,39.593219619797544,1,1.979999598453642,True
8,142.0,75-84,4.0,weekly,0.06044381568694577,0.0,0.0,1.0,1.0,12,39.593219619797544,1,2.3931652691518077,True
8,142.0,85+,0.0,not_volunteered,1.0,0.0,1.0,0.0,0.0,1,1.4587015778856207,1,1.4587015778856207,True
8,147.0,16-24,0.0,not_volunteered,0.7780897253602224,0.15246289273410074,0.12732380710883473,0.7202133001570646,1.8693376498050864,39,98.93806402630265,30,76.98269106589792,False
8,147.0,16-24,1.0,once_or_one_off,0.02551197724009671,1.0,0.0,0.0,0.0,39,98.93806402630265,1,2.5241056376182645,True
8,147.0,16-24,2.0,a_few_times,0.03466424758327842,0.0,0.23314402373295906,0.7668559762670409,0.7668559762670409,39,98.93806402630265,2,3.4296135468180076,True
8,147.0,16-24,4.0,weekly,0.1617340498164027,0.0,0.024984726996001433,0.9750152730039986,3.345024542381227,39,98.93806402630265,6,16.00165377596847,True
8,147.0,25-34,0.0,not_volunteered,0.8908247470630478,0.19356759343851287,0.05067276008001711,0.7557596464814699,1.7832611572146577,104,193.81308192856994,95,172.65348968652808,False
8,147.0,25-34,1.0,once_or_one_off,0.009798217587383602,0.0,0.0,1.0,6.962798543546036,104,193.81308192856994,2,1.899022748017533,True
8,147.0,25-34,2.0,a_few_times,0.05277326202787907,0.5946406314065373,0.0,0.4053593685934628,0.5606031040366716,104,193.81308192856994,3,10.228148557047215,True
8,147.0,25-34,3.0,monthly,0.022758195910738757,0.8225872878110903,0.1774127121889098,0.0,0.0,104,193.81308192856994,2,4.410836088594456,True
8,147.0,25-34,4.0,weekly,0.023845577410951016,0.0,0.0,1.0,3.7312105925564536,104,193.81308192856994,2,4.621584848382706,True
8,147.0,35-44,0.0,not_volunteered,0.8199130580137226,0.10911287032231898,0.12204549067739459,0.7688416390002865,1.594324783232027,84,120.41318614470869,73,98.72834367708371,False
8,147.0,35-44,1.0,once_or_one_off,0.06887085813948016,0.0,0.0,1.0,1.7392421635097366,84,120.41318614470869,4,8.29295946109505,True
8,147.0,35-44,2.0,a_few_times,0.008626039068369598,1.0,0.0,0.0,0.0,84,120.41318614470869,1,1.038688848031118,True
8,147.0,35-44,3.0,monthly,0.06707041248243935,0.0,0.22816884114049368,0.7718311588595063,0.8799314014567697,84,120.41318614470869,5,8.076162063050363,True
8,147.0,35-44,4.0,weekly,0.035519632295988264,0.0,0.0,1.0,9.0,84,120.41318614470869,1,4.277032095448441,True
8,147.0,45-54,0.0,not_volunteered,0.9116571359983685,0.32344755255493624,0.07075103712667433,0.6058014103183895,1.110579604925168,69,100.7205814037586,60,91.8226367786411,False
8,147.0,45-54,1.0,once_or_one_off,0.014113107045318589,0.0,0.0,1.0,3.3763606021868475,69,100.7205814037586,2,1.42148034701797,True
8,147.0,45-54,2.0,a_few_times,0.032833318480917945,0.0,0.0,1.0,2.160930730950963,69,100.7205814037586,3,3.3069909268128272,True
8,147.0,45-54,3.0,monthly,0.011852381883429998,0.5186600151178101,0.0,0.4813399848821898,1.9253599395287593,69,100.7205814037586,2,1.1937787943184448,True
8,147.0,45-54,4.0,weekly,0.029544056591964876,0.0,0.0,1.0,4.138988309851228,69,100.7205814037586,2,2.975694556968249,True
8,147.0,55-64,0.0,not_volunteered,0.8388839811654264,0.4367359591802144,0.08825275990885878,0.47501128091092665,1.0373926728508247,64,73.66534556533887,54,61.796678361778355,False
8,147.0,55-64,1.0,once_or_one_off,0.007995042921017293,0.0,0.0,1.0,3.0,64,73.66534556533887,1,0.5889575995864551,True
8,147.0,55-64,2.0,a_few_times,0.023778214263124903,0.49942133207387746,0.0,0.5005786679261226,1.530806893242031,64,73.66534556533887,3,1.7516303706197656,True
8,147.0,55-64,3.0,monthly,0.09880388747825081,0.36266371646882917,0.0,0.6373362835311709,1.4994800940355393,64,73.66534556533887,4,7.278422514284204,True
8,147.0,55-64,4.0,weekly,0.030538874172180597,0.0,1.0,0.0,0.0,64,73.66534556533887,2,2.2496567190700856,True
8,147.0,65-74,0.0,not_volunteered,0.7656277922035853,0.2264612049700513,0.05178195384533676,0.7217568411846118,0.9064031960284135,30,46.262109509434275,24,35.41955676638865,True
8,147.0,65-74,1.0,once_or_one_off,0.04459297328198774,0.0,0.0,1.0,0.0,30,46.262109509434275,1,2.0629650133225934,True
8,147.0,65-74,2.0,a_few_times,0.03508660259982693,0.0,0.0,1.0,2.0,30,46.262109509434275,1,1.623180251787195,True
8,147.0,65-74,4.0,weekly,0.15469263191460003,0.12773486866642406,0.0,0.8722651313335759,3.218967612017116,30,46.262109509434275,4,7.156407477935835,True
8,147.0,75-84,0.0,not_volunteered,1.0,0.13124203623436007,0.1581801901633671,0.7105777736022727,1.8185182407378664,9,19.02029658514359,9,19.02029658514359,True
8,147.0,85+,0.0,not_volunteered,1.0,0.0,0.0,1.0,4.0,1,1.5011873461900005,1,1.5011873461900005,True
8,160.0,16-24,0.0,not_volunteered,0.7765757606981011,0.1976618381888577,0.10100378668270862,0.7013343751284337,1.6962868453516387,27,44.09193287378611,20,34.240726312110056,True
8,160.0,16-24,1.0,once_or_one_off,0.13173094675539426,0.0,0.0,1.0,3.1080186519613444,27,44.09193287378611,4,5.808272061739135,True
8,160.0,16-24,2.0,a_few_times,0.025709947540251837,0.0,0.0,1.0,7.0,27,44.09193287378611,1,1.1336012811333462,True
8,160.0,16-24,4.0,weekly,0.06598334500625286,0.0,0.0,1.0,3.4470786774856323,27,44.09193287378611,2,2.909333218803571,True
8,160.0,25-34,0.0,not_volunteered,0.8697731257540741,0.11236689213549861,0.07608322757698122,0.8115498802875202,1.7608931883702539,78,86.26413016251743,65,75.03022213190908,False
8,160.0,25-34,1.0,once_or_one_off,0.0333202645880061,0.0,0.0,1.0,2.950391833029674,78,86.26413016251743,4,2.8743436414692782,True
8,160.0,25-34,2.0,a_few_times,0.015256521427953234,0.0,0.0,1.0,5.520979898601976,78,86.26413016251743,2,1.316090550288194,True
8,160.0,25-34,3.0,monthly,0.051425471283683126,0.0,0.0,1.0,4.542296488396468,78,86.26413016251743,5,4.436173548484444,True
8,160.0,25-34,4.0,weekly,0.030224616946283304,0.0,0.0,1.0,3.731368565589175,78,86.26413016251743,2,2.607300290366413,True
8,160.0,35-44,0.0,not_volunteered,0.8669675447207135,0.33796114208667843,0.1066173069410098,0.5554215509723118,1.4390612462087236,118,120.38407367990368,97,104.36908478174355,False
8,160.0,35-44,1.0,once_or_one_off,0.021006302296477118,0.14316647495558626,0.0,0.8568335250444138,1.2220968207899257,118,120.38407367990368,4,2.528824243401431,True
8,160.0,35-44,2.0,a_few_times,0.04440881592192515,0.0,0.0,1.0,1.8928490936063573,118,120.38407367990368,6,5.346114167982317,True
8,160.0,35-44,3.0,monthly,0.021799746621355358,0.0,0.2660098275671093,0.7339901724328907,0.9356226417674913,118,120.38407367990368,4,2.6243423034684747,True
8,160.0,35-44,4.0,weekly,0.04581759043952884,0.0,0.389946748661873,0.6100532513381269,1.4809456239141197,118,120.38407367990368,7,5.515708183307891,True
8,160.0,45-54,0.0,not_volunteered,0.7451177617181923,0.25218172408724865,0.023145597632022844,0.7246726782807283,1.394766880769412,74,86.17633255475602,59,64.2115160262824,False
8,160.0,45-54,1.0,once_or_one_off,0.0741242830344381,0.20989865520539047,0.4018646037237608,0.38823674107084866,1.0656758937873847,74,86.17633255475602,4,6.387758865158598,True
8,160.0,45-54,2.0,a_few_times,0.04988233292693962,0.5259482936644083,0.08312009050205026,0.3909316158335414,1.9546580791677073,74,86.17633255475602,3,4.298676510919004,True
8,160.0,45-54,3.0,monthly,0.09756255298103267,0.5576608343662636,0.0,0.44233916563373643,1.0073902778554347,74,86.17633255475602,4,8.407583010584474,True
8,160.0,45-54,4.0,weekly,0.0333130693393973,0.0,0.2074886670636807,0.7925113329363193,1.1801148603182747,74,86.17633255475602,4,2.870798141811548,True
8,160.0,55-64,0.0,not_volunteered,0.787594847842667,0.135097718823756,0.15958647611537505,0.7053158050608691,1.3358970283083453,47,44.02714673739849,37,34.675553935588134,False
8,160.0,55-64,1.0,once_or_one_off,0.020409640481927817,0.0,0.0,1.0,3.0000000000000004,47,44.02714673739849,2,0.8985782363553845,True
8,160.0,55-64,2.0,a_few_times,0.06045496870594583,1.0,0.0,0.0,0.0,47,44.02714673739849,2,2.6616597782215106,True
8,160.0,55-64,3.0,monthly,0.05399523253974327,0.13214650418385346,0.0,0.8678534958161465,3.7465372583459056,47,44.02714673739849,3,2.3772560261472306,True
8,160.0,55-64,4.0,weekly,0.07754531042971585,0.0,0.331338719180743,0.668661280819257,1.0119030822720907,47,44.02714673739849,3,3.4140987610862172,True
8,160.0,65-74,0.0,not_volunteered,0.8494124490356759,0.2608880983794957,0.17417739887720163,0.5649345027433027,1.03554888276102,36,34.61023305133201,31,29.39836281782742,False
8,160.0,65-74,1.0,once_or_one_off,0.009330289941611981,0.0,0.0,1.0,3.0,36,34.61023305133201,1,0.3229235093156896,True
8,160.0,65-74,2.0,a_few_times,0.021565984693268342,0.0,0.0,1.0,2.0,36,34.61023305133201,1,0.7464037562154762,True
8,160.0,65-74,3.0,monthly,0.0322369863854526,0.0,0.0,1.0,1.0,36,34.61023305133201,1,1.1157296116731317,True
8,160.0,65-74,4.0,weekly,0.08745428994399083,0.0,0.0,1.0,3.918976576345258,36,34.61023305133201,2,3.026813356300284,True
8,160.0,75-84,0.0,not_volunteered,0.6866148274966734,0.5765916580718081,0.0,0.4234083419281918,0.6946711637783715,21,36.18622626482389,15,24.845999504577645,True
8,160.0,75-84,1.0,once_or_one_off,0.05970684120531185,0.0,0.0,1.0,1.0,21,36.18622626482389,1,2.1605652654133247,True
8,160.0,75-84,2.0,a_few_times,0.05552455707549611,0.0,0.0,1.0,1.0,21,36.18622626482389,1,2.0092241855880304,True
8,160.0,75-84,3.0,monthly,0.0627673305349969,1.0,0.0,0.0,0.0,21,36.18622626482389,1,2.2713128247783874,True
8,160.0,75-84,4.0,weekly,0.13538644368752162,0.384546656932756,0.0,0.615453343067244,0.33351718347849285,21,36.18622626482389,3,4.899124484466495,True
8,160.0,85+,0.0,not_volunteered,1.0,0.0,0.28017528676573894,0.719824713234261,0.719824713234261,3,5.7481944946608285,3,5.7481944946608285,True
8,171.0,16-24,0.0,not_volunteered,0.8218908897563342,0.3711182262878489,0.10774342117125574,0.5211383525408951,0.9186531415675838,58,126.00610434693023,44,103.56326921642797,False
8,171.0,16-24,1.0,once_or_one_off,0.053461952490001706,0.2967239572798139,0.17521484327577772,0.5280611994444085,0.5280611994444085,58,126.00610434693023,4,6.7365323640457815,True
8,171.0,16-24,2.0,a_few_times,0.06266707282767811,0.83056441837038,0.0,0.16943558162961989,0.16943558162961989,58,126.00610434693023,5,7.896433717841084,True
8,171.0,16-24,3.0,monthly,0.027846121993766605,0.0,0.0,1.0,3.3532775999816873,58,126.00610434693023,2,3.508781353603904,True
8,171.0,16-24,4.0,weekly,0.034133962932219555,0.3493291722982182,0.0,0.6506708277017819,0.7340304290052168,58,126.00610434693023,3,4.301087695011506,True
8,171.0,25-34,0.0,not_volunteered,0.8568185680585444,0.2530786857491093,0.07999783766559021,0.6669234765853006,1.4333428386476494,124,247.61567602686944,109,212.16170896219072,False
8,171.0,25-34,1.0,once_or_one_off,0.011234346702298535,0.7238493468005238,0.0,0.2761506531994762,0.2761506531994762,124,247.61567602686944,2,2.7818003534098827,True
8,171.0,25-34,2.0,a_few_times,0.047577627995720566,0.6481095762082327,0.0,0.3518904237917674,0.6754922999999614,124,247.61567602686944,6,11.780966519915257,True
8,171.0,25-34,3.0,monthly,0.045901370196076215,0.0,0.6392280958666497,0.36077190413335014,0.5964744778286576,124,247.61567602686944,3,11.365898811661008,True
8,171.0,25-34,4.0,weekly,0.03846808704736025,0.49348891640732034,0.0,0.5065110835926796,1.1869829330507,124,247.61567602686944,4,9.52530137969257,True
8,171.0,35-44,0.0,not_volunteered,0.8611417449987426,0.2885329786229226,0.1552835616024433,0.556183459774634,0.9984018367367999,105,176.54209009678817,87,152.0277635316734,False
8,171.0,35-44,1.0,once_or_one_off,0.004045201030930254,0.4873324779512621,0.0,0.5126675220487378,1.0253350440974756,105,176.54209009678817,2,0.7141482448621093,True
8,171.0,35-44,2.0,a_few_times,0.08137831129032337,0.3022357521793741,0.0,0.6977642478206258,1.3000606570085365,105,176.54209009678817,9,14.366697163740744,True
8,171.0,35-44,3.0,monthly,0.003758054404812293,0.0,0.0,1.0,2.0,105,176.54209009678817,1,0.6634547793230035,True
8,171.0,35-44,4.0,weekly,0.04967668827519145,0.08732894254969306,0.0,0.9126710574503069,2.381506507355361,105,176.54209009678817,6,8.770026377188909,True
8,171.0,45-54,0.0,not_volunteered,0.8286602589321475,0.4215432980363063,0.13583002153920568,0.442626680424488,0.6875027902951971,59,97.39411530392611,50,80.70663280621883,False
8,171.0,45-54,1.0,once_or_one_off,0.05034986139206144,0.09479406321350858,0.0,0.9052059367864914,3.6208237471459657,59,97.39411530392611,2,4.90378020595513,True
8,171.0,45-54,2.0,a_few_times,0.044994736512734876,0.20207565435365538,0.23668842050140299,0.5612359251449417,1.1933910250615218,59,97.39411530392611,4,4.382222555991075,True
8,171.0,45-54,4.0,weekly,0.07599514316305624,0.0,0.16500287412977552,0.8349971258702246,1.8915663150463216,59,97.39411530392611,3,7.401479735761071,True
8,171.0,55-64,0.0,not_volunteered,0.8681507536300849,0.45018350756963166,0.12241190075059931,0.4274045916797691,0.6797781797653637,28,42.07701035426569,24,36.52918824955664,True
8,171.0,55-64,4.0,weekly,0.13184924636991505,0.0,0.0,1.0,3.1293796005643566,28,42.07701035426569,4,5.547822104709043,True
8,171.0,65-74,0.0,not_volunteered,0.8311425365617303,0.344211181975503,0.23212565658290715,0.4236631614415898,0.5612596181714272,13,17.77719797337754,11,14.77538541655306,True
8,171.0,65-74,2.0,a_few_times,0.032595675424874716,0.0,0.0,1.0,2.0,13,17.77719797337754,1,0.5794597751039549,True
8,171.0,65-74,3.0,monthly,0.13626178801339497,0.0,0.0,1.0,1.0,13,17.77719797337754,1,2.422352781720525,True
8,171.0,75-84,0.0,not_volunteered,0.7609459554574438,0.0,0.0,1.0,1.6501488274055471,4,7.713032082121318,2,5.869200567203723,True
8,171.0,75-84,2.0,a_few_times,0.1564174718316312,1.0,0.0,0.0,0.0,4,7.713032082121318,1,1.206452978441679,True
8,171.0,75-84,4.0,weekly,0.08263657271092498,0.0,0.0,1.0,3.0,4,7.713032082121318,1,0.6373785364759154,True
8,171.0,85+,0.0,not_volunteered,1.0,1.0,0.0,0.0,0.0,2,2.964014114716284,2,2.964014114716284,True
8,196.0,16-24,0.0,not_volunteered,0.7008779530966641,0.2653869481380337,0.10454824925141362,0.6300648026105529,1.1633760227813332,40,98.39127829540391,30,68.96027773424693,False
8,196.0,16-24,1.0,once_or_one_off,0.045693073191834334,0.8549879569165301,0.0,0.14501204308347,0.58004817233388,40,98.39127829540391,2,4.495799880590032,True
8,196.0,16-24,2.0,a_few_times,0.09997729010908356,0.18521983078333215,0.0,0.8147801692166677,3.259120676866671,40,98.39127829540391,2,9.836893374343173,True
8,196.0,16-24,3.0,monthly,0.05935433024511603,0.3622853478442462,0.0,0.6377146521557537,6.3771465215575365,40,98.39127829540391,2,5.83994842518452,True
8,196.0,16-24,4.0,weekly,0.09409735335730189,0.0,0.0,1.0,2.2150476526437695,40,98.39127829540391,4,9.25835888103925,True
8,196.0,25-34,0.0,not_volunteered,0.8389342123927036,0.3149989277183903,0.12758301205364997,0.5574180602279598,1.160053382391926,72,134.9699571176464,61,113.23091467116966,False
8,196.0,25-34,1.0,once_or_one_off,0.03230740953557091,0.5278146194418256,0.0,0.47218538055817433,2.6761836237881065,72,134.9699571176464,3,4.360529679598246,True
8,196.0,25-34,2.0,a_few_times,0.09618262683050866,0.0,0.7469668895227942,0.2530331104772059,1.723036058734426,72,134.9699571176464,6,12.98176501877634,True
8,196.0,25-34,3.0,monthly,0.02695436212068737,0.0,0.0,1.0,3.0,72,134.9699571176464,1,3.6380290995626865,True
8,196.0,25-34,4.0,weekly,0.0056213891205296575,1.0,0.0,0.0,0.0,72,134.9699571176464,1,0.7587186485394919,True
8,196.0,35-44,0.0,not_volunteered,0.8013509234195961,0.38649327192647887,0.09773202468847347,0.5157747033850476,1.0848643889744076,94,148.60988907483917,73,119.08867183940612,False
8,196.0,35-44,1.0,once_or_one_off,0.06411319456658325,0.6234558667478152,0.0,0.3765441332521847,0.733685369465571,94,148.60988907483917,7,9.527854732773518,True
8,196.0,35-44,2.0,a_few_times,0.04735298983207333,0.3088606806627884,0.0,0.6911393193372116,0.21420950403995395,94,148.60988907483917,4,7.037122566306405,True
8,196.0,35-44,3.0,monthly,0.060673934984178696,0.0,0.08229786216280251,0.9177021378371976,1.4418696682695804,94,148.60988907483917,6,9.0167467477328,True
8,196.0,35-44,4.0,weekly,0.026508957197568454,0.41203225647692676,0.0,0.5879677435230731,0.7304843154177103,94,148.60988907483917,4,3.9394931886203075,True
8,196.0,45-54,0.0,not_volunteered,0.8865212154177404,0.28686745783031703,0.13297043190176555,0.5801621102679175,0.936173564539221,78,121.53077171832244,64,107.73960745438316,False
8,196.0,45-54,1.0,once_or_one_off,0.050047868632304905,0.1616000728030369,0.2401091134802255,0.5982908137167375,0.9938676786195123,78,121.53077171832244,5,6.082356097741238,True
8,196.0,45-54,2.0,a_few_times,0.03413218906513742,0.31066994086900906,0.0,0.6893300591309911,1.7459122013892707,78,121.53077171832244,4,4.148111277521837,True
8,196.0,45-54,3.0,monthly,0.004326899369627643,0.0,0.0,1.0,5.0,78,121.53077171832244,1,0.5258514195383703,True
8,196.0,45-54,4.0,weekly,0.02497182751518924,0.394507922556243,0.14914203168206167,0.4563500457616953,1.6138982344123687,78,121.53077171832244,4,3.0348454691377866,True
8,196.0,55-64,0.0,not_volunteered,0.8304747609689298,0.17150302407309406,0.30325259534179355,0.5252443805851124,0.864871980905407,48,57.66603000009416,42,47.890182480355335,False
8,196.0,55-64,1.0,once_or_one_off,0.03596612617300501,0.3162668608179695,0.0,0.6837331391820305,0.0,48,57.66603000009416,2,2.0740237108796786,True
8,196.0,55-64,2.0,a_few_times,0.12595319764725396,0.0,0.0,1.0,2.356305479633475,48,57.66603000009416,3,7.263220874134337,True
8,196.0,55-64,4.0,weekly,0.0076059152108112075,0.0,0.0,1.0,2.0,48,57.66603000009416,1,0.4386029347248116,True
8,196.0,65-74,0.0,not_volunteered,0.8743930491448838,0.2974672402040217,0.0848870870926402,0.6176456727033379,0.8815386911069759,37,51.79773443086493,32,45.291578947800915,False
8,196.0,65-74,2.0,a_few_times,0.07335321153547135,0.0,0.0,1.0,1.403346537546165,37,51.79773443086493,2,3.7995301707654026,True
8,196.0,65-74,3.0,monthly,0.02080947516022702,0.0,0.0,1.0,1.0,37,51.79773443086493,1,1.0778836679951196,True
8,196.0,65-74,4.0,weekly,0.031444264159418166,0.0,0.6263240756161521,0.3736759243838479,0.7473518487676958,37,51.79773443086493,2,1.6287416443035063,True
8,196.0,75-84,0.0,not_volunteered,1.0,0.29245154973954895,0.1855835219197292,0.5219649283407217,0.9339093061534322,12,25.998810887048734,12,25.998810887048734,True
8,196.0,85+,0.0,not_volunteered,1.0,0.895507739999238,0.0,0.10449226000076194,0.0,3,9.75029935547743,3,9.75029935547743,True
8,201.0,16-24,0.0,not_volunteered,0.7059565501236837,0.0,0.0,1.0,2.248449969725756,12,32.00898232959512,9,22.596950738370925,True
8,201.0,16-24,1.0,once_or_one_off,0.2145386854855104,0.0,0.0,1.0,2.716921836422592,12,32.00898232959512,2,6.867164992720268,True
8,201.0,16-24,4.0,weekly,0.07950476439080598,0.0,0.0,1.0,3.0,12,32.00898232959512,1,2.544866598503932,True
8,201.0,25-34,0.0,not_volunteered,0.8017860183097241,0.17735073331601314,0.031033355742291508,0.7916159109416954,2.137536096461224,34,46.42238916973189,26,37.22082257282379,True
8,201.0,25-34,1.0,once_or_one_off,0.026542482054502076,0.0,0.0,1.0,2.0,34,46.42238916973189,1,1.2321654314647204,True
8,201.0,25-34,2.0,a_few_times,0.05341533897249752,0.0,0.0,1.0,3.4289580157103856,34,46.42238916973189,2,2.4796676534144266,True
8,201.0,25-34,3.0,monthly,0.049379735755933185,0.0,0.0,1.0,1.5677278028399955,34,46.42238916973189,2,2.2923253103604555,True
8,201.0,25-34,4.0,weekly,0.06887642490734303,0.0,0.0,1.0,2.675227708727242,34,46.42238916973189,3,3.197408201668493,True
8,201.0,35-44,0.0,not_volunteered,0.876947093398323,0.20634070677558855,0.15800778353192782,0.6356515096924839,1.6839081125963817,75,78.67413293667254,67,68.99305220444825,False
8,201.0,35-44,1.0,once_or_one_off,0.05077543430535396,0.0,0.0,1.0,2.520938943608782,75,78.67413293667254,4,3.9947132684567004,True
8,201.0,35-44,2.0,a_few_times,0.022143174719261943,0.0,0.0,1.0,1.5475939338709173,75,78.67413293667254,2,1.7420950715031807,True
8,201.0,35-44,3.0,monthly,0.022562511491267916,0.0,0.0,1.0,2.0,75,78.67413293667254,1,1.7750860284492136,True
8,201.0,35-44,4.0,weekly,0.02757178608579332,0.0,0.0,1.0,3.0,75,78.67413293667254,1,2.169186363815202,True
8,201.0,45-54,0.0,not_volunteered,0.7393852442549613,0.13570685871096394,0.12856985218937952,0.7357232890996565,1.7189157027930562,83,81.68602824659597,65,60.397443947327034,False
8,201.0,45-54,1.0,once_or_one_off,0.0031481128008091787,0.0,0.0,1.0,1.0,83,81.68602824659597,1,0.2571568311703689,True
8,201.0,45-54,2.0,a_few_times,0.09757455760688082,0.0,0.24526245339971442,0.7547375466002855,2.3053687542224908,83,81.68602824659597,7,7.970478068824772,True
8,201.0,45-54,3.0,monthly,0.0860255064535132,0.0,0.0,1.0,0.5473161649126114,83,81.68602824659597,4,7.027081950089403,True
8,201.0,45-54,4.0,weekly,0.07386657888383531,0.0,0.0,1.0,1.7378072758902203,83,81.68602824659597,6,6.03386744918438,True
8,201.0,55-64,0.0,not_volunteered,0.7616179612871813,0.0933280264647203,0.06966478235104955,0.8370071911842302,2.2031297756819317,84,74.27070881894971,68,56.565905834042354,False
8,201.0,55-64,1.0,once_or_one_off,0.02801201569604499,0.0,0.0,1.0,1.0,84,74.27070881894971,2,2.0804722611928064,True
8,201.0,55-64,2.0,a_few_times,0.1224447341838048,0.12380968345762744,0.07026299192866482,0.8059273246137076,1.404386682525373,84,74.27070881894971,7,9.094057198979066,True
8,201.0,55-64,3.0,monthly,0.06051976245744161,0.0,0.0,1.0,5.23958462099347,84,74.27070881894971,4,4.494845655268651,True
8,201.0,55-64,4.0,weekly,0.027405526375527175,0.0,0.3627021129499091,0.6372978870500909,3.890722887491307,84,74.27070881894971,3,2.035427869466825,True
8,201.0,65-74,0.0,not_volunteered,0.7608773661062277,0.19631459114389865,0.052406181342685175,0.7512792275134159,1.4209573553012536,64,70.9216891138094,47,53.96270801272002,False
8,201.0,65-74,1.0,once_or_one_off,0.04189003858398763,0.0,0.0,1.0,4.369088074771886,64,70.9216891138094,2,2.9709122934190515,True
8,201.0,65-74,2.0,a_few_times,0.0768563457014139,0.10006097873424882,0.19593054586003059,0.7040084754057205,2.0483632350961307,64,70.9216891138094,6,5.450781856259139,True
8,201.0,65-74,3.0,monthly,0.006815333435433501,0.0,0.0,1.0,6.0,64,70.9216891138094,1,0.4833549591147654,True
8,201.0,65-74,4.0,weekly,0.11356091617293751,0.1413258883091882,0.08492234208184905,0.7737517696089629,1.6910545441461011,64,70.9216891138094,8,8.053931992296445,True
8,201.0,75-84,0.0,not_volunteered,0.8904872879815349,0.3621586489342432,0.196553805093474,0.44128754597228265,0.408340805614662,29,47.74060578349509,25,42.51240257074012,True
8,201.0,75-84,1.0,once_or_one_off,0.020968051625670798,0.0,0.0,1.0,2.0,29,47.74060578349509,1,1.001027486709123,True
8,201.0,75-84,2.0,a_few_times,0.028587367880882297,0.0,0.0,1.0,1.0,29,47.74060578349509,1,1.3647782603889511,True
8,201.0,75-84,3.0,monthly,0.036160597178847155,1.0,0.0,0.0,0.0,29,47.74060578349509,1,1.726328814811107,True
8,201.0,75-84,4.0,weekly,0.02379669533306496,0.0,0.0,1.0,0.0,29,47.74060578349509,1,1.1360686508457918,True
8,201.0,85+,0.0,not_volunteered,0.21810647516682424,0.0,0.0,1.0,1.0,3,6.257394510387947,1,1.3647782603889511,True
8,201.0,85+,3.0,monthly,0.2148453955423876,1.0,0.0,0.0,0.0,3,6.257394510387947,1,1.3443723986490632,True
8,201.0,85+,4.0,weekly,0.5670481292907882,0.0,0.0,1.0,10.0,3,6.257394510387947,1,3.5482438513499326,True
8,241.0,16-24,0.0,not_volunteered,0.792828925818194,0.2808858542917285,0.05640998476847585,0.6627041609397957,1.7516199909080739,52,109.45796039182183,41,86.78143715969853,False
8,241.0,16-24,1.0,once_or_one_off,0.13935025282377422,0.216711413241331,0.1177875519463035,0.6655010348123654,1.705682248348748,52,109.45796039182183,5,15.252994454175038,True
8,241.0,16-24,2.0,a_few_times,0.038305497997951514,0.2984742441015478,0.0,0.7015257558984521,0.948925569602209,52,109.45796039182183,3,4.192841682648787,True
8,241.0,16-24,3.0,monthly,0.006353228707810713,1.0,0.0,0.0,0.0,52,109.45796039182183,1,0.6954114562597303,True
8,241.0,16-24,4.0,weekly,0.023162094652269535,0.0,0.8092082445965237,0.19079175540347634,0.19079175540347634,52,109.45796039182183,2,2.535275639039747,True
8,241.0,25-34,0.0,not_volunteered,0.8904230057338339,0.10718803775965745,0.11220563292159862,0.7806063293187437,2.2025847678409014,125,213.28243148877328,110,189.911583716454,False
8,241.0,25-34,1.0,once_or_one_off,0.05078225062970804,0.0,0.0,1.0,2.1818384893528076,125,213.28243148877328,7,10.830961890776418,True
8,241.0,25-34,2.0,a_few_times,0.006349209284577229,0.0,0.0,1.0,5.0,125,213.28243148877328,1,1.354174794245726,True
8,241.0,25-34,3.0,monthly,0.00332259189101581,0.0,0.0,1.0,0.0,125,213.28243148877328,1,0.7086504773607332,True
8,241.0,25-34,4.0,weekly,0.049122942460864974,0.24471337229968937,0.0,0.7552866277003106,3.1176133213288044,125,213.28243148877328,6,10.477060609936386,True
8,241.0,35-44,0.0,not_volunteered,0.8632716657627518,0.19821948506900597,0.0738781892479752,0.7279023256830187,1.4668975335515333,86,130.19832023587819,72,112.39652078953876,False
8,241.0,35-44,1.0,once_or_one_off,0.03788909555770586,0.13568504886048804,0.14954421950888652,0.7147707316306253,1.8852391734570482,86,130.19832023587819,5,4.9330965968699765,True
8,241.0,35-44,2.0,a_few_times,0.024764384366557486,0.0,0.0,1.0,3.4537892310600995,86,130.19832023587819,3,3.2242812462014268,True
8,241.0,35-44,3.0,monthly,0.043397503833560926,0.0,0.0,1.0,2.016216087649113,86,130.19832023587819,3,5.650282101559717,True
8,241.0,35-44,4.0,weekly,0.030677350479423646,0.0,0.0,1.0,1.7301992900443957,86,130.19832023587819,3,3.994139501708271,True
8,241.0,45-54,0.0,not_volunteered,0.7570087354028155,0.16777659191842997,0.2173376026256362,0.6148858054559339,1.303348202664102,65,94.39020624038,51,71.454210660441,False
8,241.0,45-54,1.0,once_or_one_off,0.01608105932490255,0.0,0.0,1.0,2.029878240929896,65,94.39020624038,2,1.5178945062413378,True
8,241.0,45-54,2.0,a_few_times,0.07335042225182566,0.15665285920018332,0.0,0.8433471407998167,5.007764357651578,65,94.39020624038,6,6.923561484168782,True
8,241.0,45-54,3.0,monthly,0.06709014486784082,0.9410464539749948,0.0,0.05895354602500529,0.05895354602500529,65,94.39020624038,2,6.332652610772466,True
8,241.0,45-54,4.0,weekly,0.08646963815261532,0.0,0.0,1.0,3.091550074981172,65,94.39020624038,4,8.16188697875639,True
8,241.0,55-64,0.0,not_volunteered,0.7236136885788681,0.35166850431002955,0.044036116116018785,0.6042953795739515,1.5971428819467024,45,71.14450299371632,35,51.481136233393386,False
8,241.0,55-64,1.0,once_or_one_off,0.035792906321145984,0.0,0.0,1.0,3.0,45,71.14450299371632,2,2.546468530918578,True
8,241.0,55-64,2.0,a_few_times,0.09815803496649979,0.0,0.0,1.0,0.7658549062263995,45,71.14450299371632,2,6.983404612531455,True
8,241.0,55-64,3.0,monthly,0.06829995539766591,0.27032614638422325,0.0,0.7296738536157767,2.1890215608473302,45,71.14450299371632,3,4.859166381259933,True
8,241.0,55-64,4.0,weekly,0.0741354147358203,0.6472908602766172,0.0,0.35270913972338275,0.986477061132706,45,71.14450299371632,3,5.274327235612969,True
8,241.0,65-74,0.0,not_volunteered,0.8483045878096035,0.2807143714053718,0.016387662327261788,0.7028979662673664,1.158177241083556,25,48.37711312558174,22,41.038527009415176,True
8,241.0,65-74,1.0,once_or_one_off,0.01390172913569078,0.0,0.0,1.0,2.0,25,48.37711312558174,1,0.6725255230385084,True
8,241.0,65-74,2.0,a_few_times,0.028849381816215255,0.0,0.0,1.0,1.0,25,48.37711312558174,1,1.395649807726146,True
8,241.0,65-74,3.0,monthly,0.1089443012384904,0.0,0.0,1.0,1.0,25,48.37711312558174,1,5.270410785401904,True
8,241.0,75-84,0.0,not_volunteered,0.8837916527526622,0.10048508752889429,0.0,0.8995149124711058,1.188856233680509,9,17.21592995057921,7,15.215295184696458,True
8,241.0,75-84,2.0,a_few_times,0.07254583507078584,0.0,0.0,1.0,2.0,9,17.21592995057921,1,1.2489440147849216,True
8,241.0,75-84,4.0,weekly,0.04366251217655182,0.0,0.0,1.0,0.0,9,17.21592995057921,1,0.7516907510978279,True
8,241.0,85+,0.0,not_volunteered,1.0,1.0,0.0,0.0,0.0,1,2.789628128259061,1,2.789628128259061,True
8,255.0,16-24,0.0,not_volunteered,0.800523033912521,0.20668237449415744,0.20339304202699438,0.5899245834788482,1.5730473010370525,20,44.87833761013396,15,35.926142980614834,True
8,255.0,16-24,1.0,once_or_one_off,0.09793540180383885,0.0,0.0,1.0,1.5690997472946835,20,44.87833761013396,3,4.3951780261368025,True
8,255.0,16-24,2.0,a_few_times,0.07778964973393304,0.0,0.0,1.0,1.0,20,44.87833761013396,1,3.491070163333515,True
8,255.0,16-24,4.0,weekly,0.02375191454970693,0.0,0.0,1.0,10.0,20,44.87833761013396,1,1.0659464400488006,True
8,255.0,25-34,0.0,not_volunteered,0.7719181890963254,0.1651519806904247,0.0743667507239083,0.760481268585667,2.2746928637874384,48,63.51858561455492,34,49.03115158154714,False
8,255.0,25-34,1.0,once_or_one_off,0.06269151546018761,0.20108031847226493,0.4192718982802186,0.37964778324751647,1.0580764945641692,48,63.51858561455492,5,3.982076392064121,True
8,255.0,25-34,2.0,a_few_times,0.028799442511345155,0.0,0.0,1.0,1.3288226474707747,48,63.51858561455492,2,1.82929985480833,True
8,255.0,25-34,3.0,monthly,0.05201924543225064,0.0,0.0,1.0,2.3271738011407797,48,63.51858561455492,3,3.304188894592957,True
8,255.0,25-34,4.0,weekly,0.08457160749989119,0.15549208013809435,0.1116364800613776,0.7328714398005282,3.0540312778976966,48,63.51858561455492,4,5.371868891542373,True
8,255.0,35-44,0.0,not_volunteered,0.8583164945866505,0.16969658971313253,0.09183733320429929,0.7384660770825681,1.6152604554903665,91,115.34662675946348,79,99.00391234257742,False
8,255.0,35-44,1.0,once_or_one_off,0.1016367412580832,0.03880733113344572,0.0,0.9611926688665542,7.31050549096572,91,115.34662675946348,8,11.723455258944284,True
8,255.0,35-44,2.0,a_few_times,0.017273770567282694,0.0,0.0,1.0,3.0,91,115.34662675946348,1,1.9924711663529624,True
8,255.0,35-44,3.0,monthly,0.011634301257387228,0.0,0.0,1.0,2.0,91,115.34662675946348,1,1.341977404743001,True
8,255.0,35-44,4.0,weekly,0.011138692330596417,0.0,0.3841968617747337,0.6158031382252662,0.6158031382252662,91,115.34662675946348,2,1.2848105868458033,True
8,255.0,45-54,0.0,not_volunteered,0.8177020846560483,0.08390860889161168,0.09238527683794695,0.8237061142704409,1.4386327652055488,66,84.6207077137898,54,69.19452910263607,False
8,255.0,45-54,1.0,once_or_one_off,0.009326678305259704,0.0,0.0,1.0,0.0,66,84.6207077137898,1,0.7892301188099259,True
8,255.0,45-54,2.0,a_few_times,0.0414639122881899,0.22636542074105218,0.0,0.7736345792589479,2.485674695127506,66,84.6207077137898,5,3.5087056024091345,True
8,255.0,45-54,3.0,monthly,0.04330541689183502,0.6927618097916529,0.0,0.30723819020834703,0.07676132365146068,66,84.6207077137898,3,3.664535025227787,True
8,255.0,45-54,4.0,weekly,0.08820190785866715,0.0,0.0,1.0,1.0,66,84.6207077137898,3,7.463707864706892,True
8,255.0,55-64,0.0,not_volunteered,0.921544870013667,0.20881791489949253,0.18923379923976408,0.6019482858607433,0.7528691928849262,46,57.511686254821996,43,52.999599433966736,False
8,255.0,55-64,2.0,a_few_times,0.022737826170886006,0.0,0.0,1.0,1.0,46,57.511686254821996,1,1.3076907248566765,True
8,255.0,55-64,4.0,weekly,0.05571730381544685,0.0,0.0,1.0,1.6238628232860546,46,57.511686254821996,2,3.2043960959985758,True
8,255.0,65-74,0.0,not_volunteered,0.837694119285063,0.19887980186247592,0.10651164623343978,0.6946085519040841,0.9576998579066843,46,57.92780478312833,39,48.525781409919745,False
8,255.0,65-74,1.0,once_or_one_off,0.00965620781577351,0.0,0.0,1.0,1.0,46,57.92780478312833,1,0.5593629212974459,True
8,255.0,65-74,2.0,a_few_times,0.05691478565792153,0.0,0.0,1.0,1.6461626084342882,46,57.92780478312833,2,3.2969485928656708,True
8,255.0,65-74,3.0,monthly,0.015250113367172113,0.0,0.0,1.0,1.0,46,57.92780478312833,1,0.883405590054122,True
8,255.0,65-74,4.0,weekly,0.08048477387406991,0.0,0.23215572644744759,0.7678442735525524,3.5584613411512613,46,57.92780478312833,3,4.662306268991349,True
8,255.0,75-84,0.0,not_volunteered,0.843792340290452,0.41020658030391577,0.152651836528497,0.43714158316758717,0.4394864490105576,15,32.03431274534513,13,27.030307720991026,True
8,255.0,75-84,4.0,weekly,0.15620765970954803,0.0,0.0,1.0,0.5,15,32.03431274534513,2,5.00400502435411,True
8,255.0,85+,0.0,not_volunteered,1.0,1.0,0.0,0.0,0.0,1,1.55093735849004,1,1.55093735849004,True
8,272.0,16-24,0.0,not_volunteered,0.8824176894443395,0.3563563574861138,0.0,0.6436436425138864,1.385311993310042,49,93.74044511116179,39,82.71822698247531,False
8,272.0,16-24,1.0,once_or_one_off,0.03757154343161558,0.5806488523047454,0.0,0.4193511476952546,1.2580534430857637,49,93.74044511116179,2,3.5219732047929915,True
8,272.0,16-24,2.0,a_few_times,0.024777936776883214,0.39342373639966155,0.0,0.6065762636003385,1.0451410804024044,49,93.74044511116179,3,2.322694822401258,True
8,272.0,16-24,3.0,monthly,0.008626237016189378,0.0,0.0,1.0,10.0,49,93.74044511116179,1,0.8086272975319725,True
8,272.0,16-24,4.0,weekly,0.04660659333097207,0.27581857607357163,0.0,0.7241814239264284,0.9779114178413258,49,93.74044511116179,4,4.368922803960227,True
8,272.0,25-34,0.0,not_volunteered,0.8660260216815024,0.2184250918145252,0.1098023909287878,0.6717725172566871,1.8914222732315318,142,258.44906777177493,123,223.82361796968326,False
8,272.0,25-34,1.0,once_or_one_off,0.02549111271440859,0.0,0.0,1.0,0.9998180079005128,142,258.44906777177493,5,6.58815431750414,True
8,272.0,25-34,2.0,a_few_times,0.052446405465971645,0.0,0.0,1.0,2.349116967101816,142,258.44906777177493,7,13.554724600660894,True
8,272.0,25-34,3.0,monthly,0.02848151775351665,0.0,0.0,1.0,2.18780948795079,142,258.44906777177493,3,7.3610217121216355,True
8,272.0,25-34,4.0,weekly,0.027554942384600774,0.0,0.0,1.0,3.555923679418421,142,258.44906777177493,4,7.121549171805039,True
8,272.0,35-44,0.0,not_volunteered,0.787800521053845,0.18563065425404077,0.13215034399851044,0.6822190017474484,1.8396543376211345,121,181.46402480976897,98,142.95745329766385,False
8,272.0,35-44,1.0,once_or_one_off,0.05165942673157041,0.10057757847857984,0.0,0.8994224215214202,3.7893182117515747,121,181.46402480976897,6,9.374327494076136,True
8,272.0,35-44,2.0,a_few_times,0.08797790114315825,0.3621966472270874,0.0,0.6378033527729126,1.8300801078034004,121,181.46402480976897,9,15.96482403575347,True
8,272.0,35-44,4.0,weekly,0.07256215107142647,0.0,0.0,1.0,2.1997938780008996,121,181.46402480976897,8,13.167419982275536,True
8,272.0,45-54,0.0,not_volunteered,0.8743464191458422,0.5698637554896683,0.06242931427675847,0.36770693023357337,1.133669194041699,47,66.03596382463225,39,57.73830850491158,False
8,272.0,45-54,1.0,once_or_one_off,0.007606914990437156,0.0,0.0,1.0,5.0,47,66.03596382463225,1,0.5023299631255608,True
8,272.0,45-54,2.0,a_few_times,0.038577553897183266,0.0,0.0,1.0,1.5355360692416409,47,66.03596382463225,3,2.547505953597195,True
8,272.0,45-54,3.0,monthly,0.04179878146004585,0.0,0.0,1.0,7.9552206060942625,47,66.03596382463225,2,2.7602228204092967,True
8,272.0,45-54,4.0,weekly,0.03767033050649154,0.0,0.0,1.0,2.775128905118682,47,66.03596382463225,2,2.487596582588616,True
8,272.0,55-64,0.0,not_volunteered,0.8970770818850988,0.30737005994213856,0.07387222288177472,0.6187577171760867,1.445372998689999,27,34.74642655514599,25,31.17022294002527,True
8,272.0,55-64,2.0,a_few_times,0.10292291811490108,0.0,0.0,1.0,2.7769432821560636,27,34.74642655514599,2,3.576203615120715,True
8,272.0,65-74,0.0,not_volunteered,0.8290511778990414,0.22201801184813286,0.052214887669327095,0.7257671004825401,0.6860691415579071,19,26.932078295899313,15,22.328071234484533,True
8,272.0,65-74,1.0,once_or_one_off,0.06658419611920335,0.5708600961731176,0.0,0.42913990382688233,2.1456995191344115,19,26.932078295899313,2,1.7932507831519,True
8,272.0,65-74,3.0,monthly,0.0256066787527206,0.0,0.0,1.0,0.0,19,26.932078295899313,1,0.6896410770662125,True
8,272.0,65-74,4.0,weekly,0.07875794722903456,0.0,0.0,1.0,5.0,19,26.932078295899313,1,2.121115201196665,True
8,272.0,75-84,0.0,not_volunteered,1.0,0.5128107695266664,0.057553473291241275,0.4296357571820924,0.4296357571820924,7,17.899073408750468,7,17.899073408750468,True
8,272.0,85+,0.0,not_volunteered,0.8428038736483505,0.8134843333465295,0.0,0.18651566665347055,0.18651566665347055,4,7.379881383599222,3,6.219792617162772,True
8,272.0,85+,1.0,once_or_one_off,0.15719612635164945,0.0,0.0,1.0,1.0,4,7.379881383599222,1,1.1600887664364488,True
8,279.0,16-24,0.0,not_volunteered,0.8685699647975709,0.22019257302951825,0.10448666801901357,0.6753207589514681,2.225682738676255,26,47.62976212815308,20,41.369780814966596,True
8,279.0,16-24,1.0,once_or_one_off,0.013641011728232582,1.0,0.0,0.0,0.0,26,47.62976212815308,1,0.6497181438030643,True
8,279.0,16-24,3.0,monthly,0.012678223795449589,1.0,0.0,0.0,0.0,26,47.62976212815308,1,0.603860783584754,True
8,279.0,16-24,4.0,weekly,0.10511079967874705,0.24358125592078345,0.0,0.7564187440792166,2.935584349739076,26,47.62976212815308,4,5.006402385798672,True
8,279.0,25-34,0.0,not_volunteered,0.8467634465052245,0.36316673546797434,0.0982062751392212,0.5386269893928045,1.2258174969422115,82,145.95439580848674,70,123.58884722738192,False
8,279.0,25-34,1.0,once_or_one_off,0.05508155016112779,0.0,0.0,1.0,1.6593643641472162,82,145.95439580848674,4,8.039394373962262,True
8,279.0,25-34,3.0,monthly,0.06113570718089161,0.8870601971373955,0.0,0.11293980286260442,0.34843713142032723,82,145.95439580848674,4,8.9230252039116,True
8,279.0,25-34,4.0,weekly,0.03701929615275642,0.5634963456586776,0.0,0.4365036543413225,1.0623789553210912,82,145.95439580848674,4,5.403129003231001,True
8,279.0,35-44,0.0,not_volunteered,0.9065877330040264,0.3366175752997127,0.08697361669579955,0.5764088080044878,1.362207915912582,105,118.56246925670615,91,107.4872802227968,False
8,279.0,35-44,1.0,once_or_one_off,0.03373340687828521,0.21299256626322136,0.26497234765164485,0.5220350860851339,0.8787160715136724,105,118.56246925670615,5,3.99951601593065,True
8,279.0,35-44,2.0,a_few_times,0.029507503407177334,0.0,0.0,1.0,1.700583292110149,105,118.56246925670615,5,3.4984824655556146,True
8,279.0,35-44,3.0,monthly,0.021948096307161963,0.0,0.0,1.0,2.1956786365915586,105,118.56246925670615,2,2.602220493661116,True
8,279.0,35-44,4.0,weekly,0.008223260403349046,0.0,0.0,1.0,1.9643407018607522,105,118.56246925670615,2,0.9749700587619603,True
8,279.0,45-54,0.0,not_volunteered,0.7523550861197761,0.46799185606776805,0.045497939979406994,0.48651020395282496,1.0320735511691506,75,100.004758155478,58,75.23908843445203,False
8,279.0,45-54,1.0,once_or_one_off,0.02450913533771164,0.5091248979031745,0.0,0.49087510209682544,0.9394559113406846,75,100.004758155478,3,2.4510301520477324,True
8,279.0,45-54,2.0,a_few_times,0.16521191625374115,0.4844724213133009,0.11638601917190405,0.39914155951479485,1.851744561123548,75,100.004758155478,8,16.52197772935847,True
8,279.0,45-54,3.0,monthly,0.03117795404482083,0.0,0.0,1.0,1.178196840151295,75,100.004758155478,3,3.117943754034914,True
8,279.0,45-54,4.0,weekly,0.026745908243950466,0.5077765837342018,0.24551675559722216,0.24670666066857602,0.740119982005728,75,100.004758155478,3,2.6747180855848716,True
8,279.0,55-64,0.0,not_volunteered,0.9178606767626167,0.2129837930007482,0.10238922771942392,0.6846269792798279,0.9592340223288149,56,67.23045206312935,50,61.70818822972057,False
8,279.0,55-64,3.0,monthly,0.005130925390710707,0.0,0.0,1.0,4.0,56,67.23045206312935,1,0.3449544335196694,True
8,279.0,55-64,4.0,weekly,0.07700839784667246,0.0,0.0,1.0,2.4003583662777057,56,67.23045206312935,5,5.177309399889106,True
8,279.0,65-74,0.0,not_volunteered,0.8691956127399992,0.24830026220400647,0.04656364121783326,0.7051360965781602,1.4167951128778948,45,66.49621140070582,37,57.798215213325015,False
8,279.0,65-74,1.0,once_or_one_off,0.013038187916744676,0.0,0.0,1.0,2.0,45,66.49621140070582,1,0.8669900999939821,True
8,279.0,65-74,2.0,a_few_times,0.03225670713232523,0.0,0.0,1.0,2.0027828503469367,45,66.49621140070582,2,2.1449488165617536,True
8,279.0,65-74,3.0,monthly,0.04347525030768185,0.0,0.0,1.0,1.3539228586858991,45,66.49621140070582,3,2.890939435158213,True
8,279.0,65-74,4.0,weekly,0.04203424190324895,0.2309619512594435,0.0,0.7690380487405566,3.0761521949622264,45,66.49621140070582,2,2.795117835666849,True
8,279.0,75-84,0.0,not_volunteered,0.7544448404151599,0.5223586050279652,0.0,0.47764139497203495,0.4906012172247317,19,43.23756407107487,14,32.620357125542334,True
8,279.0,75-84,2.0,a_few_times,0.22087230999596463,0.7491300201231773,0.08593892809866871,0.164931051778154,0.164931051778154,19,43.23756407107487,4,9.549980654976832,True
8,279.0,75-84,4.0,weekly,0.02468284958887517,0.0,0.0,1.0,1.0,19,43.23756407107487,1,1.0672262905556942,True
8,279.0,85+,0.0,not_volunteered,1.0,0.8761004680232198,0.0,0.12389953197677996,0.3716985959303399,4,8.613642630673564,4,8.613642630673564,True
8,280.0,16-24,0.0,not_volunteered,0.7153825269465529,0.024152269168807264,0.12035943060675186,0.8554883002244409,1.754368650196089,40,93.11013022135597,31,66.60936024207624,False
8,280.0,16-24,1.0,once_or_one_off,0.06709755088673378,0.0,0.09168335608334482,0.9083166439166552,2.433107225980299,40,93.11013022135597,4,6.2474617005978414,True
8,280.0,16-24,2.0,a_few_times,0.10854041727599603,0.0,0.0,1.0,9.950338699908722,40,93.11013022135597,2,10.106212386848306,True
8,280.0,16-24,3.0,monthly,0.04061184666646248,0.0,0.0,1.0,4.0,40,93.11013022135597,1,3.7813743316440633,True
8,280.0,16-24,4.0,weekly,0.0683676582242549,0.0,0.0,1.0,1.6107198982152946,40,93.11013022135597,2,6.365721560189533,True
8,280.0,25-34,0.0,not_volunteered,0.8010993555760341,0.05936577852963648,0.09184267970993158,0.848791541760432,2.015323690717818,120,272.4514341996435,102,218.26066836310065,False
8,280.0,25-34,1.0,once_or_one_off,0.02036669717350265,0.0,0.2610049594718947,0.7389950405281053,1.8252570569836266,120,272.4514341996435,3,5.548935854830622,True
8,280.0,25-34,2.0,a_few_times,0.056807577472449286,0.0,0.5575581851621657,0.44244181483783424,1.365428611891601,120,272.4514341996435,5,15.477305955776165,True
8,280.0,25-34,3.0,monthly,0.052040060778077775,0.0,0.0,1.0,3.6270760980299066,120,272.4514341996435,4,14.178389194823904,True
8,280.0,25-34,4.0,weekly,0.06968630899993629,0.0,0.0,1.0,4.0124405709446425,120,272.4514341996435,6,18.986134831112164,True
8,280.0,35-44,0.0,not_volunteered,0.8457307162381296,0.1879939236008792,0.054471454036302186,0.7575346223628184,2.2890393178035016,69,110.78321987067375,59,93.69277188839109,False
8,280.0,35-44,1.0,once_or_one_off,0.01597170382692854,0.0,0.5287480711542615,0.4712519288457385,0.942503857691477,69,110.78321987067375,2,1.7693967767679057,True
8,280.0,35-44,2.0,a_few_times,0.018280427274432767,0.3380617589730696,0.0,0.6619382410269304,3.9716294461615824,69,110.78321987067375,2,2.0251645940733463,True
8,280.0,35-44,3.0,monthly,0.03990033986497009,0.0,0.0,1.0,3.716643966251964,69,110.78321987067375,2,4.42028812417559,True
8,280.0,35-44,4.0,weekly,0.08011681279553912,0.07277727706107462,0.7298595728044905,0.1973631501344349,0.1973631501344349,69,110.78321987067375,4,8.875598487265817,True
8,280.0,45-54,0.0,not_volunteered,0.7742002068806519,0.21587541420796524,0.039969688779629656,0.7441548970124051,1.297244184840399,56,96.92959926451253,39,75.04291580344429,False
8,280.0,45-54,1.0,once_or_one_off,0.05216494032409919,0.0,0.0,1.0,1.7925665708973573,56,96.92959926451253,4,5.056326761272145,True
8,280.0,45-54,2.0,a_few_times,0.05184824493991375,0.0,0.0,1.0,1.0,56,96.92959926451253,4,5.02562960459413,True
8,280.0,45-54,3.0,monthly,0.07737174124789598,0.5195756276298985,0.0,0.48042437237010155,1.6249249728220427,56,96.92959926451253,5,7.499611873556112,True
8,280.0,45-54,4.0,weekly,0.0444148666074389,0.0,0.0,1.0,3.913411898548689,56,96.92959926451253,4,4.305115221645832,True
8,280.0,55-64,0.0,not_volunteered,0.7914631406993103,0.10507244428490399,0.03374635356020653,0.8611812021548892,2.139394770713021,66,87.69831107455532,55,69.40998071709267,False
8,280.0,55-64,1.0,once_or_one_off,0.08895983072065358,0.0,0.0,1.0,3.279955852654541,66,87.69831107455532,3,7.801626907679661,True
8,280.0,55-64,2.0,a_few_times,0.042481164252990776,0.0,0.0,1.0,3.0373005360866334,66,87.69831107455532,3,3.7255263574680644,True
8,280.0,55-64,3.0,monthly,0.04210554432084991,0.0,0.3169854209177925,0.6830145790822075,1.366029158164415,66,87.69831107455532,2,3.6925851238133713,True
8,280.0,55-64,4.0,weekly,0.0349903200061955,0.0,0.30695092152376763,0.6930490784762323,2.0791472354286973,66,87.69831107455532,3,3.0685919685015692,True
8,280.0,65-74,0.0,not_volunteered,0.8317736275494287,0.18310153660025738,0.07985898154443313,0.7370394818553097,2.3977269071586305,24,42.915471640386315,21,35.69595752431876,True
8,280.0,65-74,1.0,once_or_one_off,0.05018338903204381,0.0,0.0,1.0,3.0,24,42.915471640386315,1,2.1536438088231495,True
8,280.0,65-74,2.0,a_few_times,0.06536966252620699,0.0,0.0,1.0,0.0,24,42.915471640386315,1,2.8053698982850603,True
8,280.0,65-74,3.0,monthly,0.05267332089232031,0.0,0.0,1.0,2.0,24,42.915471640386315,1,2.26050040895934,True
8,280.0,75-84,0.0,not_volunteered,1.0,0.25438178401192507,0.060327174380336905,0.6852910416077381,0.8192011742823574,11,24.831588339917,11,24.831588339917,True
8,293.0,16-24,0.0,not_volunteered,0.8169887465111118,0.2099660566424604,0.13245376287925126,0.6575801804782883,1.835962348340087,47,81.68271175743664,37,66.7338562903366,False
8,293.0,16-24,1.0,once_or_one_off,0.14641987301414536,0.39355394017794115,0.0,0.6064460598220588,0.8524197369919763,47,81.68271175743664,5,11.95997228297491,True
8,293.0,16-24,2.0,a_few_times,0.00687005974656368,0.0,1.0,0.0,0.0,47,81.68271175743664,1,0.5611651100349293,True
8,293.0,16-24,3.0,monthly,0.020404107309809738,0.0,0.0,1.0,5.964711449579355,47,81.68271175743664,2,1.6666628160549948,True
8,293.0,16-24,4.0,weekly,0.0093172134183694,0.0,0.0,1.0,1.0,47,81.68271175743664,2,0.7610552580351886,True
8,293.0,25-34,0.0,not_volunteered,0.9277203327117062,0.19088700410343412,0.030895467434916304,0.7782175284616493,2.263779188164486,85,138.8734356252135,78,128.83570990304077,False
8,293.0,25-34,1.0,once_or_one_off,0.018784282604011816,0.0,0.7140405719106118,0.28595942808938823,1.4297971404469412,85,138.8734356252135,2,2.6086378609740524,True
8,293.0,25-34,2.0,a_few_times,0.020081722899299808,0.0,0.0,1.0,3.0,85,138.8734356252135,1,2.7888178522992875,True
8,293.0,25-34,3.0,monthly,0.013270034813749125,0.0,0.0,1.0,3.6622948050098962,85,138.8734356252135,2,1.842855325451531,True
8,293.0,25-34,4.0,weekly,0.02014362697123311,0.0,0.0,1.0,7.46414852749558,85,138.8734356252135,2,2.7974146834478555,True
8,293.0,35-44,0.0,not_volunteered,0.8512534719860319,0.23640732107075726,0.049702033278979575,0.7138906456502631,1.3534302695323204,70,71.88707117547398,59,61.194118929029216,False
8,293.0,35-44,1.0,once_or_one_off,0.0639383263180499,0.399696954607121,0.0,0.600303045392879,0.9150880827579754,70,71.88707117547398,5,4.596339014866334,True
8,293.0,35-44,2.0,a_few_times,0.021629640023289695,0.0,0.0,1.0,7.376315155773835,70,71.88707117547398,2,1.554891471854107,True
8,293.0,35-44,4.0,weekly,0.06317856167262809,0.0,0.0,1.0,1.321666002046912,70,71.88707117547398,4,4.541721759724288,True
8,293.0,45-54,0.0,not_volunteered,0.91228985532831,0.24786655695955873,0.03718392165922581,0.7149495213812155,1.3220761461523625,47,47.671057338124605,41,43.489822002345264,False
8,293.0,45-54,1.0,once_or_one_off,0.04512481483747164,0.17551798768408797,0.0,0.824482012315912,2.682751684189339,47,47.671057338124605,3,2.1511476354893664,True
8,293.0,45-54,2.0,a_few_times,0.007077144229454111,0.0,0.0,1.0,0.0,47,47.671057338124605,1,0.3373749483524846,True
8,293.0,45-54,3.0,monthly,0.020320164105131534,0.0,0.0,1.0,8.0,47,47.671057338124605,1,0.9686837081758268,True
8,293.0,45-54,4.0,weekly,0.015188021499632857,0.0,0.0,1.0,7.0,47,47.671057338124605,1,0.7240290437616672,True
8,293.0,55-64,0.0,not_volunteered,0.9937910536376041,0.19874420638433649,0.07456461926536087,0.7266911743503026,1.8544775617573575,59,58.775372463182094,58,58.410439328128355,False
8,293.0,55-64,1.0,once_or_one_off,0.006208946362395774,0.0,0.0,1.0,2.0,59,58.775372463182094,1,0.3649331350537312,True
8,293.0,65-74,0.0,not_volunteered,0.8190920283483132,0.33987220368110865,0.19665494195300892,0.46347285436588254,0.5075325262703219,29,44.61586825539771,26,36.544502025834824,True
8,293.0,65-74,1.0,once_or_one_off,0.017971333364554528,0.0,0.0,1.0,4.0,29,44.61586825539771,1,0.8018066417667981,True
8,293.0,65-74,2.0,a_few_times,0.16293663828713226,0.1415127003329971,0.0,0.8584872996670029,0.0,29,44.61586825539771,2,7.269559587796082,True
8,293.0,75-84,0.0,not_volunteered,0.8623661400553794,0.4740194987779664,0.0,0.5259805012220335,0.8059617093479426,18,41.172685416144965,16,35.505929798035346,True
8,293.0,75-84,1.0,once_or_one_off,0.06276079032059242,0.0,0.0,1.0,1.0,18,41.172685416144965,1,2.584030276338388,True
8,293.0,75-84,4.0,weekly,0.0748730696240282,0.0,0.0,1.0,2.0,18,41.172685416144965,1,3.0827253417712326,True
8,293.0,85+,0.0,not_volunteered,0.7017547384919026,0.7893824641531161,0.0,0.21061753584688386,0.4212350716937677,4,7.268782115355929,3,5.100902292516219,True
8,293.0,85+,4.0,weekly,0.2982452615080974,0.0,0.0,1.0,4.0,4,7.268782115355929,1,2.1678798228397103,True
