series_id,year,LA_2023,activity_level_3cat,activity_level_3cat_label,frequent_volunteer_rate,not_frequent_volunteer_rate,n_parent_cell,weighted_n_parent_cell,sum_weight_squared,effective_n_parent_cell,n_frequent_volunteer,weighted_n_frequent_volunteer,n_not_frequent_volunteer,weighted_n_not_frequent_volunteer,small_cell,few_frequent_cases,zero_frequent_cases,cell_observed,rate_available,observed_years_in_series,series_coverage_rate,series_has_history,series_complete_history
borough_8__activity_0,3,8,0,inactive,0.023116400567267114,0.976883599432733,102,166.44085757110227,656.5893682941376,42.19160468738175,4,3.8475135343730535,98,162.59334403672923,False,True,False,True,True,6,1.0,True,True
borough_8__activity_0,4,8,0,inactive,0.04999481065069516,0.9500051893493048,112,142.9069060862413,352.5727622729095,57.923884067181035,6,7.144603710458309,106,135.76230237578298,False,False,False,True,True,6,1.0,True,True
borough_8__activity_0,5,8,0,inactive,0.08875664787799563,0.9112433521220044,104,126.57694428978112,247.489696305132,64.7369287082766,7,11.234545273800773,97,115.34239901598035,False,False,False,True,True,6,1.0,True,True
borough_8__activity_0,6,8,0,inactive,0.029136516478219472,0.9708634835217805,139,149.58265100941182,250.56140771970556,89.29934456639707,8,4.35831737599148,131,145.22433363342034,False,False,False,True,True,6,1.0,True,True
borough_8__activity_0,7,8,0,inactive,0.046671728831407286,0.9533282711685926,127,138.86634479236994,243.7954419315439,79.09853261903127,8,6.481132387958198,119,132.38521240441173,False,False,False,True,True,6,1.0,True,True
borough_8__activity_0,8,8,0,inactive,0.017519403282131186,0.9824805967178688,134,172.38104375635004,339.1594842567498,87.61431015750014,5,3.0200130237621985,129,169.36103073258784,False,False,False,True,True,6,1.0,True,True
borough_8__activity_1,3,8,1,fairly_active,0.023984931543089078,0.9760150684569109,26,35.24870526956321,78.32672146263285,15.862673682483647,1,0.8454377828729969,25,34.40326748669021,True,True,False,True,True,6,1.0,True,True
borough_8__activity_1,4,8,1,fairly_active,0.022581272190042596,0.9774187278099573,47,51.057596406023194,106.29968442635943,24.52385597218121,2,1.1529454818137503,45,49.90465092420944,False,True,False,True,True,6,1.0,True,True
borough_8__activity_1,5,8,1,fairly_active,0.17844484006806705,0.8215551599319328,45,49.617158255617525,106.14221511733382,23.193998642684758,6,8.853925869555642,39,40.76323238606188,False,False,False,True,True,6,1.0,True,True
borough_8__activity_1,6,8,1,fairly_active,0.022943144426980866,0.9770568555730192,49,56.175304580858146,97.52941850283392,32.356030551545715,1,1.2888381262282682,48,54.88646645462988,False,True,False,True,True,6,1.0,True,True
borough_8__activity_1,7,8,1,fairly_active,0.03063282014872376,0.9693671798512762,38,36.4683260956956,56.74954805913734,23.43523171032297,2,1.1171276744144527,36,35.35119842128115,False,True,False,True,True,6,1.0,True,True
borough_8__activity_1,8,8,1,fairly_active,0.01683019709500989,0.9831698029049902,44,37.84758007413427,45.060251215449085,31.789421470799258,2,0.6369822322168488,42,37.210597841917426,False,True,False,True,True,6,1.0,True,True
borough_8__activity_2,3,8,2,active,0.10217659930079954,0.8978234006992004,161,218.4532686494056,583.7597821745135,81.74908933576219,16,22.32081209674023,145,196.13245655266536,False,False,False,True,True,6,1.0,True,True
borough_8__activity_2,4,8,2,active,0.10914949263559653,0.8908505073644034,156,215.7732798087432,541.2352405482374,86.02194534166279,18,23.55154401544293,138,192.22173579330027,False,False,False,True,True,6,1.0,True,True
borough_8__activity_2,5,8,2,active,0.13486796920068472,0.8651320307993153,187,231.7544475722246,443.07458128215546,121.22140659498523,21,31.25625169729249,166,200.49819587493212,False,False,False,True,True,6,1.0,True,True
borough_8__activity_2,6,8,2,active,0.12700789604336657,0.8729921039566334,199,214.01265337927737,395.9092742451584,115.68664536531462,23,27.181296832360303,176,186.83135654691705,False,False,False,True,True,6,1.0,True,True
borough_8__activity_2,7,8,2,active,0.1914149135761284,0.8085850864238716,201,250.5142127393805,485.407663064897,129.2879687728399,38,47.95215638110036,163,202.56205635828013,False,False,False,True,True,6,1.0,True,True
borough_8__activity_2,8,8,2,active,0.11859851697278923,0.8814014830272108,204,218.58985320203104,371.3575146989382,128.66717928576793,21,25.924432415060583,183,192.66542078697046,False,False,False,True,True,6,1.0,True,True
borough_9__activity_0,3,9,0,inactive,0.05056707526875162,0.9494329247312483,59,173.25727033591463,1275.9704060681524,23.52568804221065,4,8.761113429934642,55,164.49615690597997,False,True,False,True,True,6,1.0,True,True
borough_9__activity_0,4,9,0,inactive,0.031993873117940726,0.9680061268820593,73,201.4251175757457,936.8138020095535,43.30858266965331,3,6.4443696544847,70,194.980747921261,False,True,False,True,True,6,1.0,True,True
borough_9__activity_0,5,9,0,inactive,0.11431953319806622,0.8856804668019339,79,178.86984350953927,618.2172510658619,51.75271453840187,6,20.448317013221683,73,158.4215264963176,False,False,False,True,True,6,1.0,True,True
borough_9__activity_0,6,9,0,inactive,0.00546888138723569,0.9945311186127643,83,195.38443764541057,851.3314737591269,44.841615341023406,1,1.068534314394498,82,194.31590333101607,False,True,False,True,True,6,1.0,True,True
borough_9__activity_0,7,9,0,inactive,0.04679292020772604,0.9532070797922739,81,187.01293858709278,670.1453225569679,52.18844036027225,3,8.750881513118202,78,178.26205707397457,False,True,False,True,True,6,1.0,True,True
borough_9__activity_0,8,9,0,inactive,0.04833070678319035,0.9516692932168096,54,129.35591336263806,539.7973684186763,30.998580765410384,4,6.2518627194014345,50,123.10405064323662,False,True,False,True,True,6,1.0,True,True
borough_9__activity_1,3,9,1,fairly_active,0.027299221437975033,0.9727007785620251,41,98.55216010274923,517.5730102751472,18.765523062639286,1,2.6903972418357194,40,95.86176286091352,False,True,False,True,True,6,1.0,True,True
borough_9__activity_1,4,9,1,fairly_active,0.06851525039192431,0.9314847496080757,39,132.84677759071997,758.8886693636729,23.25540890080262,2,9.102030230388458,37,123.74474736033152,False,True,False,True,True,6,1.0,True,True
borough_9__activity_1,5,9,1,fairly_active,0.035248516578021284,0.9647514834219788,41,95.63457224824792,451.2781654982095,20.26681569893423,3,3.370976805324341,38,92.26359544292359,False,True,False,True,True,6,1.0,True,True
borough_9__activity_1,6,9,1,fairly_active,0.16892865407735524,0.8310713459226446,40,92.96454453483291,366.0320769310665,23.611063306335645,5,15.704375385183676,35,77.26016914964923,False,False,False,True,True,6,1.0,True,True
borough_9__activity_1,7,9,1,fairly_active,0.11209217537964426,0.8879078246203557,42,113.99495838280107,493.2274556241328,26.34656767079763,2,12.777942867440187,40,101.21701551536088,False,True,False,True,True,6,1.0,True,True
borough_9__activity_1,8,9,1,fairly_active,0.1206854881522925,0.8793145118477075,30,63.80933895223811,195.3313958221637,20.844737838399325,4,7.700861220125949,26,56.108477732112156,False,True,False,True,True,6,1.0,True,True
borough_9__activity_2,3,9,2,active,0.12792513401999603,0.8720748659800038,204,524.5841112858295,2404.2484123419704,114.45925820347465,26,67.10749274100026,178,457.4766185448292,False,False,False,True,True,6,1.0,True,True
borough_9__activity_2,4,9,2,active,0.16136136151249364,0.8386386384875063,178,510.82682430317874,2685.3839302729684,97.1719691497319,25,82.4277118666643,153,428.39911243651443,False,False,False,True,True,6,1.0,True,True
borough_9__activity_2,5,9,2,active,0.14907979560673543,0.8509202043932645,230,526.54810571956,2025.4220530300163,136.8864860645161,28,78.49768397778573,202,448.05042174177424,False,False,False,True,True,6,1.0,True,True
borough_9__activity_2,6,9,2,active,0.10622660452299079,0.8937733954770092,281,529.3638557345099,1568.7416517005536,178.6311286210417,31,56.232524951875334,250,473.13133078263456,False,False,False,True,True,6,1.0,True,True
borough_9__activity_2,7,9,2,active,0.15759764179196234,0.8424023582080375,258,555.638366642578,2022.904882157218,152.6191355848621,34,87.56729627200805,224,468.07107037056994,False,False,False,True,True,6,1.0,True,True
borough_9__activity_2,8,9,2,active,0.13109471791685556,0.8689052820831444,279,658.830585026315,2512.9769043252227,172.7265137292093,40,86.3692096990217,239,572.4613753272934,False,False,False,True,True,6,1.0,True,True
borough_17__activity_0,3,17,0,inactive,0.05093155109497806,0.949068448905022,78,107.59620603004474,253.2528582902032,45.71298278811046,1,5.48004166504501,77,102.11616436499973,False,True,False,True,True,6,1.0,True,True
borough_17__activity_0,4,17,0,inactive,0.0,1.0,72,114.54278348814715,392.66476694297995,33.41285074124758,0,0.0,72,114.54278348814715,False,True,True,True,True,6,1.0,True,True
borough_17__activity_0,5,17,0,inactive,0.10260130356205294,0.897398696437947,90,158.09448299717394,398.9267423406571,62.65277029936642,8,16.22070004147886,82,141.87378295569508,False,False,False,True,True,6,1.0,True,True
borough_17__activity_0,6,17,0,inactive,0.05997009497663845,0.9400299050233615,90,151.4249211550167,360.26267585748394,63.64663420163373,7,9.080966903496341,83,142.34395425152036,False,False,False,True,True,6,1.0,True,True
borough_17__activity_0,7,17,0,inactive,0.15306927230391312,0.8469307276960869,88,145.62991363215332,332.2277878091123,63.83593583295907,13,22.291464905355426,75,123.33844872679789,False,False,False,True,True,6,1.0,True,True
borough_17__activity_0,8,17,0,inactive,0.10571399513439084,0.8942860048656092,89,135.6472850401044,332.4460844475299,55.34787985044065,11,14.339816430722925,78,121.30746860938149,False,False,False,True,True,6,1.0,True,True
borough_17__activity_1,3,17,1,fairly_active,0.02261186137917124,0.9773881386208289,30,44.024467812638996,125.69749541000854,15.419191606516,1,0.995475163471179,29,43.02899264916782,False,True,False,True,True,6,1.0,True,True
borough_17__activity_1,4,17,1,fairly_active,0.022169311131059855,0.9778306888689401,41,56.27933066234317,122.80574531196123,25.79165210679162,2,1.2476739917012827,39,55.03165667064189,False,True,False,True,True,6,1.0,True,True
borough_17__activity_1,5,17,1,fairly_active,0.11751865672016203,0.882481343279838,39,59.6312723437054,151.63163796260437,23.450835782741613,5,7.007787024346406,34,52.62348531935899,False,False,False,True,True,6,1.0,True,True
borough_17__activity_1,6,17,1,fairly_active,0.059132712990043634,0.9408672870099564,44,75.44209777196276,231.25938621360314,24.610936703677904,3,4.461095914916284,41,70.98100185704648,False,True,False,True,True,6,1.0,True,True
borough_17__activity_1,7,17,1,fairly_active,0.07095930365531795,0.929040696344682,41,56.26581500605752,120.26654763087721,26.32354549672872,2,3.9925830524287815,39,52.27323195362874,False,True,False,True,True,6,1.0,True,True
borough_17__activity_1,8,17,1,fairly_active,0.10357329752318808,0.896426702476812,42,57.5802643241206,112.9300980154357,29.35875287367963,2,5.963777848305956,40,51.616486475814646,False,True,False,True,True,6,1.0,True,True
borough_17__activity_2,3,17,2,active,0.15329814351099627,0.8467018564890038,210,386.46431915405816,1366.7205260617532,109.27959822889304,32,59.244262659558274,178,327.2200564944999,False,False,False,True,True,6,1.0,True,True
borough_17__activity_2,4,17,2,active,0.14831493069138005,0.85168506930862,221,363.00746963594685,1105.3655290514753,119.21343623278155,30,53.839427699508704,191,309.16804193643816,False,False,False,True,True,6,1.0,True,True
borough_17__activity_2,5,17,2,active,0.14531141022802155,0.8546885897719786,199,311.139883799069,852.7723515651851,113.5215360967273,33,45.212175293025474,166,265.9277085060436,False,False,False,True,True,6,1.0,True,True
borough_17__activity_2,6,17,2,active,0.0777922184712918,0.9222077815287081,223,308.9691050781412,640.9579982285155,148.9362924819189,17,24.03539212311827,206,284.9337129550229,False,False,False,True,True,6,1.0,True,True
borough_17__activity_2,7,17,2,active,0.16202897750070971,0.8379710224992902,220,328.37053904021576,790.9405353535232,136.3278351404342,27,53.20554268204304,193,275.1649963581727,False,False,False,True,True,6,1.0,True,True
borough_17__activity_2,8,17,2,active,0.13555118087387333,0.8644488191261266,248,328.1513893082457,729.3089841464306,147.65118303178778,36,44.48130832613484,212,283.67008098211085,False,False,False,True,True,6,1.0,True,True
borough_30__activity_0,3,30,0,inactive,0.0460436205574064,0.9539563794425936,93,204.79750425686035,853.1160130097609,49.16332258477823,3,9.4296185771067,90,195.36788567975364,False,True,False,True,True,6,1.0,True,True
borough_30__activity_0,4,30,0,inactive,0.06240677556109212,0.9375932244389079,83,187.13011558996863,809.5101025768433,43.257866763177226,4,11.678187124344397,79,175.45192846562423,False,True,False,True,True,6,1.0,True,True
borough_30__activity_0,5,30,0,inactive,0.07418501282951542,0.9258149871704845,111,195.21411756844105,665.4839901145683,57.26441546920526,10,14.481961816317332,101,180.7321557521237,False,False,False,True,True,6,1.0,True,True
borough_30__activity_0,6,30,0,inactive,0.08644152726152142,0.9135584727384786,105,211.49811733668258,637.8601631042224,70.1273668185676,9,18.282220275519304,96,193.21589706116328,False,False,False,True,True,6,1.0,True,True
borough_30__activity_0,7,30,0,inactive,0.07777164417323951,0.9222283558267604,117,218.7900489458252,667.7843420438597,71.68345003598866,11,17.01566183526037,106,201.77438711056482,False,False,False,True,True,6,1.0,True,True
borough_30__activity_0,8,30,0,inactive,0.06206168846229563,0.9379383115377044,105,188.8042982974323,487.58519341203146,73.1094043404686,4,11.717513541277576,101,177.0867847561547,False,True,False,True,True,6,1.0,True,True
borough_30__activity_1,3,30,1,fairly_active,0.25126351989834217,0.7487364801016578,32,63.688267265928296,314.54802567177285,12.895313453879076,3,16.00253820946351,29,47.68572905646479,False,True,False,True,True,6,1.0,True,True
borough_30__activity_1,4,30,1,fairly_active,0.09326689676690142,0.9067331032330985,47,93.57215434047268,288.7545966774316,30.322454321647754,2,8.727184459129433,45,84.84496988134325,False,True,False,True,True,6,1.0,True,True
borough_30__activity_1,5,30,1,fairly_active,0.0331972770992042,0.9668027229007958,47,65.41042910235598,306.5868549442116,13.955341419099277,4,2.1714481400887617,43,63.23898096226722,False,True,False,True,True,6,1.0,True,True
borough_30__activity_1,6,30,1,fairly_active,0.20325183279034015,0.7967481672096599,47,89.59573698622899,278.9966799686888,28.77237136659267,5,18.21049775265231,42,71.38523923357668,False,False,False,True,True,6,1.0,True,True
borough_30__activity_1,7,30,1,fairly_active,0.15143637909647054,0.8485636209035295,50,84.4296499525625,204.30520322594296,34.89076968455333,8,12.78572047719856,42,71.64392947536395,False,False,False,True,True,6,1.0,True,True
borough_30__activity_1,8,30,1,fairly_active,0.08355810635797686,0.9164418936420232,51,102.84333198101307,320.1875532326149,33.03298590521069,5,8.593394071878214,46,94.24993790913486,False,False,False,True,True,6,1.0,True,True
borough_30__activity_2,3,30,2,active,0.11458700506885207,0.8854129949311479,190,434.7823812704588,2137.049744928738,88.45639625928042,21,49.820410926485636,169,384.9619703439732,False,False,False,True,True,6,1.0,True,True
borough_30__activity_2,4,30,2,active,0.14234624537356877,0.8576537546264312,185,429.50392342748535,2107.7503270812404,87.52157116021309,23,61.138270873119325,162,368.365652554366,False,False,False,True,True,6,1.0,True,True
borough_30__activity_2,5,30,2,active,0.13235642496147906,0.8676435750385209,240,397.1825812476317,1190.1808080264757,132.54624993333138,31,52.569666510908725,209,344.6129147367229,False,False,False,True,True,6,1.0,True,True
borough_30__activity_2,6,30,2,active,0.1436096012979647,0.8563903987020353,218,384.8497292796203,1167.2564932614375,126.88669112712668,33,55.268116181475925,185,329.5816130981444,False,False,False,True,True,6,1.0,True,True
borough_30__activity_2,7,30,2,active,0.12206661399694041,0.8779333860030595,246,405.99182017558417,1168.5578322133067,141.05365905364638,28,49.55804679928828,218,356.43377337629585,False,False,False,True,True,6,1.0,True,True
borough_30__activity_2,8,30,2,active,0.11820176675949876,0.8817982332405012,235,452.77745199296413,1451.1510383407515,141.27228359885044,26,53.51909477443249,209,399.2583572185316,False,False,False,True,True,6,1.0,True,True
borough_35__activity_0,3,35,0,inactive,0.07240382117051573,0.9275961788294842,61,126.56767175922734,467.28748597093966,34.28162751088042,3,9.163983072023631,58,117.4036886872037,False,True,False,True,True,6,1.0,True,True
borough_35__activity_0,4,35,0,inactive,0.10297309819697172,0.8970269018030284,67,150.2701727239486,551.7515912601796,40.92625226310797,8,15.473785251979061,59,134.79638747196955,False,False,False,True,True,6,1.0,True,True
borough_35__activity_0,5,35,0,inactive,0.023114034467399642,0.9768859655326003,51,121.91363122526846,504.1059034880976,29.48375207607875,3,2.8179158741867045,48,119.09571535108175,False,True,False,True,True,6,1.0,True,True
borough_35__activity_0,6,35,0,inactive,0.07339942934296911,0.9266005706570309,62,140.68054183246196,457.5003779794628,43.25901311312905,3,10.325871490162402,59,130.35467034229956,False,True,False,True,True,6,1.0,True,True
borough_35__activity_0,7,35,0,inactive,0.03313119145307385,0.9668688085469263,57,115.73064351935882,407.20602047730335,32.8914141144223,3,3.834294107427317,54,111.89634941193151,False,True,False,True,True,6,1.0,True,True
borough_35__activity_0,8,35,0,inactive,0.0795567706428596,0.9204432293571403,76,162.37431162917315,606.8057897171536,43.44951469454069,8,12.917975868574338,68,149.4563357605988,False,False,False,True,True,6,1.0,True,True
borough_35__activity_1,3,35,1,fairly_active,0.1416107580751637,0.8583892419248363,46,115.10209479996821,501.40910446848676,26.422520271914067,5,16.299694900662857,41,98.80239989930536,False,False,False,True,True,6,1.0,True,True
borough_35__activity_1,4,35,1,fairly_active,0.08104940238574802,0.918950597614252,29,55.094954578801456,161.68678597317748,18.773667877495892,4,4.46541314308179,25,50.629541435719666,True,True,False,True,True,6,1.0,True,True
borough_35__activity_1,5,35,1,fairly_active,0.09903994840790367,0.9009600515920964,33,56.495684920289236,125.57978868682676,25.4162110638064,4,5.595329719774627,29,50.90035520051461,False,True,False,True,True,6,1.0,True,True
borough_35__activity_1,6,35,1,fairly_active,0.0,1.0,36,69.37679403553793,182.6942270796783,26.345329174250807,0,0.0,36,69.37679403553793,False,True,True,True,True,6,1.0,True,True
borough_35__activity_1,7,35,1,fairly_active,0.05555547726950934,0.9444445227304906,31,56.704848615226545,151.32143956868038,21.249069964182873,2,3.1502649283141864,29,53.55458368691236,False,True,False,True,True,6,1.0,True,True
borough_35__activity_1,8,35,1,fairly_active,0.18522247421860738,0.8147775257813927,41,77.67253301628627,202.4223300586749,29.804134669417774,7,14.386698744103013,34,63.28583427218326,False,False,False,True,True,6,1.0,True,True
borough_35__activity_2,3,35,2,active,0.1748624494528627,0.8251375505471373,220,495.85675839248944,2050.3571146414192,119.91761000449318,34,86.70672735026703,186,409.1500310422224,False,False,False,True,True,6,1.0,True,True
borough_35__activity_2,4,35,2,active,0.18230048301238297,0.817699516987617,214,518.9856312362697,2322.469620645273,115.97399726368623,36,94.61133125085843,178,424.37429998541126,False,False,False,True,True,6,1.0,True,True
borough_35__activity_2,5,35,2,active,0.21580015249747206,0.7841998475025279,256,527.1053974438403,2020.2203167380899,137.5296039310396,53,113.74942515062135,203,413.3559722932189,False,False,False,True,True,6,1.0,True,True
borough_35__activity_2,6,35,2,active,0.10706418739778968,0.8929358126022103,239,513.7377790334394,1637.4558725492054,161.18083548433458,29,55.00291784776043,210,458.734861185679,False,False,False,True,True,6,1.0,True,True
borough_35__activity_2,7,35,2,active,0.17624879320317546,0.8237512067968247,281,560.6052350159109,1677.4780653666874,187.35161789346273,41,98.80599613493686,240,461.79923888097414,False,False,False,True,True,6,1.0,True,True
borough_35__activity_2,8,35,2,active,0.14567093484939803,0.854329065150602,237,490.9260769375893,1684.0443787913143,143.11286332626835,42,71.51366056944613,195,419.41241636814317,False,False,False,True,True,6,1.0,True,True
borough_44__activity_0,3,44,0,inactive,0.05210684841921185,0.9478931515807881,68,100.42032450269674,417.3989748472955,24.15971811362549,4,5.232586627070085,64,95.18773787562665,False,True,False,True,True,6,1.0,True,True
borough_44__activity_0,4,44,0,inactive,0.038229741318341656,0.9617702586816584,53,86.56881664258405,247.73232264948916,30.251038438373882,1,3.309503466480938,52,83.25931317610312,False,True,False,True,True,6,1.0,True,True
borough_44__activity_0,5,44,0,inactive,0.02976861776757814,0.9702313822324218,76,148.98061324974051,509.7670925215628,43.539929214496944,4,4.434946930610913,72,144.5456663191296,False,True,False,True,True,6,1.0,True,True
borough_44__activity_0,6,44,0,inactive,0.06327796230467186,0.9367220376953281,90,134.80903557249997,352.2538115880889,51.591992688609636,6,8.530441071285821,84,126.27859450121414,False,False,False,True,True,6,1.0,True,True
borough_44__activity_0,7,44,0,inactive,0.0849336757367367,0.9150663242632633,55,113.87608293612276,367.5234082587671,35.28418047251108,3,9.671914302266385,52,104.20416863385637,False,True,False,True,True,6,1.0,True,True
borough_44__activity_0,8,44,0,inactive,0.11147431904808716,0.8885256809519129,64,85.85938309977713,180.879687225399,40.75545341411419,6,9.5711162649365,58,76.28826683484064,False,False,False,True,True,6,1.0,True,True
borough_44__activity_1,3,44,1,fairly_active,0.07466405549473926,0.9253359445052608,41,68.5018407437384,232.39575909640243,20.19185807660954,3,5.114625238782274,38,63.387215504956124,False,True,False,True,True,6,1.0,True,True
borough_44__activity_1,4,44,1,fairly_active,0.028460105181890214,0.9715398948181098,42,107.9735586693376,460.45999528913995,25.318788800317424,3,3.0729388365923422,39,104.90061983274526,False,True,False,True,True,6,1.0,True,True
borough_44__activity_1,5,44,1,fairly_active,0.1573909873577129,0.842609012642287,37,67.8141284646199,218.21170340428054,21.074745064868775,6,10.67333263584931,31,57.140795828770585,False,False,False,True,True,6,1.0,True,True
borough_44__activity_1,6,44,1,fairly_active,0.0,1.0,43,59.8039359016157,155.2085115685917,23.043264271908072,0,0.0,43,59.8039359016157,False,True,True,True,True,6,1.0,True,True
borough_44__activity_1,7,44,1,fairly_active,0.02844524572898646,0.9715547542710135,28,56.70040614739796,176.27790854901852,18.237884053326457,1,1.6128569857960695,27,55.08754916160189,True,True,False,True,True,6,1.0,True,True
borough_44__activity_1,8,44,1,fairly_active,0.07415111060220063,0.9258488893977992,32,42.18387157028208,92.55217898120901,19.226765271721398,2,3.1279809264370133,30,39.05589064384506,False,True,False,True,True,6,1.0,True,True
borough_44__activity_2,3,44,2,active,0.0756412865480323,0.9243587134519677,230,399.6308456358802,1431.6883205806905,111.54998646554068,21,30.228591308176078,209,369.4022543277041,False,False,False,True,True,6,1.0,True,True
borough_44__activity_2,4,44,2,active,0.10898168182293241,0.8910183181770677,212,404.2752634096598,1323.8355512094502,123.45830149041784,19,44.05859812579373,193,360.21666528386606,False,False,False,True,True,6,1.0,True,True
borough_44__activity_2,5,44,2,active,0.12061179007057439,0.8793882099294257,269,367.6261149224129,782.1375713343457,172.7943591079249,25,44.34004379748292,244,323.28607112493,False,False,False,True,True,6,1.0,True,True
borough_44__activity_2,6,44,2,active,0.05883322075489608,0.941166779245104,258,410.2325910652336,1079.0092638389417,155.9678720211758,18,24.135304590993897,240,386.0972864742397,False,False,False,True,True,6,1.0,True,True
borough_44__activity_2,7,44,2,active,0.11773535506153575,0.8822646449384642,284,458.69383004875226,1221.257379437485,172.28148076509845,29,54.00448094532558,255,404.68934910342665,False,False,False,True,True,6,1.0,True,True
borough_44__activity_2,8,44,2,active,0.14761934006944252,0.8523806599305574,303,363.7789046584244,694.4929533313674,190.54922132714748,42,53.70080183686125,261,310.0781028215631,False,False,False,True,True,6,1.0,True,True
borough_68__activity_0,3,68,0,inactive,0.0751638510827567,0.9248361489172433,71,162.63682777570244,832.0862749585897,31.78845577071905,4,12.224410303504847,67,150.4124174721976,False,True,False,True,True,6,1.0,True,True
borough_68__activity_0,4,68,0,inactive,0.013370106002753384,0.9866298939972465,58,165.18373696852987,783.0566080913902,34.845075920365595,2,2.208524073200177,56,162.9752128953297,False,True,False,True,True,6,1.0,True,True
borough_68__activity_0,5,68,0,inactive,0.055078924357342775,0.9449210756426571,89,244.22480212136125,1170.3362733160752,50.96462899694249,6,13.451639402229464,83,230.77316271913176,False,False,False,True,True,6,1.0,True,True
borough_68__activity_0,6,68,0,inactive,0.020876798570203296,0.9791232014297967,87,196.28564027356714,664.6722751547031,57.965487681334025,2,4.097815774214645,85,192.1878244993525,False,True,False,True,True,6,1.0,True,True
borough_68__activity_0,7,68,0,inactive,0.03339122454279645,0.9666087754572036,84,196.21753261165733,676.3828375015005,56.92237882088692,3,6.551943690669336,81,189.665588920988,False,True,False,True,True,6,1.0,True,True
borough_68__activity_0,8,68,0,inactive,0.08042743207019522,0.9195725679298048,94,199.29120424343054,600.3105196198482,66.16073313848952,10,16.02847979147591,84,183.26272445195463,False,False,False,True,True,6,1.0,True,True
borough_68__activity_1,3,68,1,fairly_active,0.048542001332666646,0.9514579986673333,41,88.93694598495534,327.06853369214576,24.183862237802334,2,4.317177350525004,39,84.61976863443033,False,True,False,True,True,6,1.0,True,True
borough_68__activity_1,4,68,1,fairly_active,0.05873494319898354,0.9412650568010165,48,123.69363880181056,667.3978069323313,22.925032298741257,4,7.26513884909993,44,116.42849995271064,False,True,False,True,True,6,1.0,True,True
borough_68__activity_1,5,68,1,fairly_active,0.2184267388890614,0.7815732611109385,33,77.10718354695038,256.02107683078384,23.2227667664751,6,16.84227064708066,27,60.264912899869714,False,False,False,True,True,6,1.0,True,True
borough_68__activity_1,6,68,1,fairly_active,0.09987855944177867,0.9001214405582213,53,107.17279665546529,322.87853869573604,35.57377455110923,7,10.704264541294549,46,96.46853211417074,False,False,False,True,True,6,1.0,True,True
borough_68__activity_1,7,68,1,fairly_active,0.04957897479209601,0.950421025207904,54,124.66363490304654,455.6389895749097,34.108191403328206,1,6.180695212349205,53,118.48293969069734,False,True,False,True,True,6,1.0,True,True
borough_68__activity_1,8,68,1,fairly_active,0.07668628970913473,0.9233137102908653,44,91.64829256387713,326.80082360357244,25.701922771354358,3,7.02816751490102,41,84.62012504897612,False,True,False,True,True,6,1.0,True,True
borough_68__activity_2,3,68,2,active,0.2455971477595928,0.7544028522404073,211,570.9368890851476,3356.909510795779,97.10387791804162,37,140.22047151004725,174,430.7164175751004,False,False,False,True,True,6,1.0,True,True
borough_68__activity_2,4,68,2,active,0.17322816067341915,0.8267718393265809,216,536.4960440530377,2562.620605910506,112.31783769345478,28,92.93622291987337,188,443.5598211331644,False,False,False,True,True,6,1.0,True,True
borough_68__activity_2,5,68,2,active,0.13979907259447957,0.8602009274055205,212,486.3508123676826,2082.2895067757677,113.59472922521738,34,67.99139252457377,178,418.3594198431088,False,False,False,True,True,6,1.0,True,True
borough_68__activity_2,6,68,2,active,0.12825249981825637,0.8717475001817435,234,515.2868693143054,1814.7643437883298,146.3113150732632,28,66.08682911308284,206,449.20004020122246,False,False,False,True,True,6,1.0,True,True
borough_68__activity_2,7,68,2,active,0.10452066991147642,0.8954793300885235,244,508.347426438645,1649.742526953882,156.64087076905278,26,53.13281355914216,218,455.21461287950285,False,False,False,True,True,6,1.0,True,True
borough_68__activity_2,8,68,2,active,0.19558001668524475,0.8044199833147553,272,551.3188404359706,1813.7861351718832,167.5789983866313,40,107.82694801135692,232,443.4918924246137,False,False,False,True,True,6,1.0,True,True
borough_78__activity_0,3,78,0,inactive,0.02036829335117847,0.9796317066488216,74,147.70757340384023,617.9592308914548,35.305771238949454,3,3.0085511852801448,71,144.6990222185601,False,True,False,True,True,6,1.0,True,True
borough_78__activity_0,4,78,0,inactive,0.0,1.0,70,172.60783573944443,915.0662005916296,32.55880824730743,0,0.0,70,172.60783573944443,False,True,True,True,True,6,1.0,True,True
borough_78__activity_0,5,78,0,inactive,0.05746770812948012,0.9425322918705199,84,168.71242677598488,533.8612121987933,53.31700879973838,5,9.695516499778586,79,159.0169102762063,False,False,False,True,True,6,1.0,True,True
borough_78__activity_0,6,78,0,inactive,0.11530994262855793,0.884690057371442,113,219.88566037827528,705.6519355166222,68.51777938452392,12,25.355002883061495,101,194.53065749521377,False,False,False,True,True,6,1.0,True,True
borough_78__activity_0,7,78,0,inactive,0.039237318206604525,0.9607626817933954,80,168.1471150282323,550.9354987291313,51.31898808034204,5,6.597641857885284,75,161.549473170347,False,False,False,True,True,6,1.0,True,True
borough_78__activity_0,8,78,0,inactive,0.06983101513489018,0.9301689848651098,97,194.71623576230968,623.1955752309605,60.83870614035094,8,13.597232406526691,89,181.11900335578298,False,False,False,True,True,6,1.0,True,True
borough_78__activity_1,3,78,1,fairly_active,0.030641944538918144,0.9693580554610819,35,76.27039656051492,311.3749450296455,18.68221410988724,2,2.3370732613685914,33,73.93332329914634,False,True,False,True,True,6,1.0,True,True
borough_78__activity_1,4,78,1,fairly_active,0.04080323534004694,0.9591967646599531,39,126.96529512009245,771.0156462680092,20.90772897146721,3,5.180594816803646,36,121.7847003032888,False,True,False,True,True,6,1.0,True,True
borough_78__activity_1,5,78,1,fairly_active,0.08756180411806073,0.9124381958819393,44,83.01188869690733,336.74889909130985,20.463240365811075,4,7.2686707375488595,40,75.74321795935847,False,True,False,True,True,6,1.0,True,True
borough_78__activity_1,6,78,1,fairly_active,0.08656767171021955,0.9134323282897805,45,76.56348663078931,225.2439078611038,26.024976838342834,4,6.6279227756439525,41,69.93556385514536,False,True,False,True,True,6,1.0,True,True
borough_78__activity_1,7,78,1,fairly_active,0.07231456943075856,0.9276854305692416,42,80.15489088840357,294.33929831562034,21.827892402062314,4,5.796366422364337,38,74.35852446603924,False,True,False,True,True,6,1.0,True,True
borough_78__activity_1,8,78,1,fairly_active,0.041381898947453026,0.958618101052547,29,47.22663522932451,106.84716871059132,20.874255275072993,2,1.9543278466881318,27,45.27230738263638,True,True,False,True,True,6,1.0,True,True
borough_78__activity_2,3,78,2,active,0.1991868630491977,0.8008131369508024,225,499.20321832560523,2296.5694656365486,108.51135004425792,35,99.43472308234107,190,399.76849524326417,False,False,False,True,True,6,1.0,True,True
borough_78__activity_2,4,78,2,active,0.16214552514681718,0.8378544748531828,207,431.45778312320715,2069.9542427945066,89.93233510624657,31,69.95894882319398,176,361.49883430001313,False,False,False,True,True,6,1.0,True,True
borough_78__activity_2,5,78,2,active,0.13442151583658146,0.8655784841634184,231,437.98116099787467,2063.3346080319716,92.9696505076378,37,58.87409156920015,194,379.1070694286745,False,False,False,True,True,6,1.0,True,True
borough_78__activity_2,6,78,2,active,0.12152055689232275,0.8784794431076772,231,421.824078101258,1221.7294810685592,145.6423501464078,26,51.26029688145552,205,370.5637812198025,False,False,False,True,True,6,1.0,True,True
borough_78__activity_2,7,78,2,active,0.13775467725782006,0.86224532274218,242,491.7634622952227,1549.7477295622248,156.04559260551255,29,67.74271703566657,213,424.0207452595562,False,False,False,True,True,6,1.0,True,True
borough_78__activity_2,8,78,2,active,0.19930441063079557,0.8006955893692045,290,540.1053461122596,1623.3839288398688,179.69488284112393,55,107.64537768544574,235,432.4599684268138,False,False,False,True,True,6,1.0,True,True
borough_91__activity_0,3,91,0,inactive,0.028565038288554386,0.9714349617114456,77,169.72020810879184,641.4381926936506,44.90681934533447,2,4.848064242969057,75,164.87214386582278,False,True,False,True,True,6,1.0,True,True
borough_91__activity_0,4,91,0,inactive,0.07466054786113223,0.9253394521388678,60,102.49816831916307,267.26332279187045,39.30907690227613,4,7.652569401471261,56,94.84559891769182,False,True,False,True,True,6,1.0,True,True
borough_91__activity_0,5,91,0,inactive,0.09566489924596563,0.9043351007540344,99,192.79317864752161,582.510346578268,63.80866872382842,10,18.44354001062461,89,174.34963863689703,False,False,False,True,True,6,1.0,True,True
borough_91__activity_0,6,91,0,inactive,0.046008300244746746,0.9539916997552532,98,195.12033690545908,618.9136140959495,61.51415158270797,4,8.977155044202501,94,186.14318186125658,False,True,False,True,True,6,1.0,True,True
borough_91__activity_0,7,91,0,inactive,0.048078997503049795,0.9519210024969502,101,193.93540868383843,542.5831839186487,69.31829783174143,7,9.32422002986321,94,184.61118865397523,False,False,False,True,True,6,1.0,True,True
borough_91__activity_0,8,91,0,inactive,0.09763859848894896,0.9023614015110509,107,220.04933690755993,614.687299052992,78.7745423535787,10,21.485308854076703,97,198.5640280534832,False,False,False,True,True,6,1.0,True,True
borough_91__activity_1,3,91,1,fairly_active,0.03206385360465937,0.9679361463953405,35,77.85354193227022,316.55674977732974,19.1471955523402,2,2.4962845711205217,33,75.35725736114969,False,True,False,True,True,6,1.0,True,True
borough_91__activity_1,4,91,1,fairly_active,0.06202220389560795,0.937977796104392,49,104.47279933489861,597.2348255118742,18.27516637449165,4,6.479633261894016,45,97.99316607300459,False,True,False,True,True,6,1.0,True,True
borough_91__activity_1,5,91,1,fairly_active,0.2461585278681333,0.7538414721318667,45,80.74399110258851,284.1277635921507,22.945987455606055,5,19.87582198401084,40,60.86816911857767,False,False,False,True,True,6,1.0,True,True
borough_91__activity_1,6,91,1,fairly_active,0.02789230319924818,0.9721076968007518,41,70.00251185689625,216.33356690181148,22.65183224431856,3,1.952531285421516,38,68.04998057147473,False,True,False,True,True,6,1.0,True,True
borough_91__activity_1,7,91,1,fairly_active,0.07736409905275386,0.922635900947246,34,66.80761066009659,182.15547624014727,24.50245764901876,4,5.168510608585527,30,61.63910005151105,False,True,False,True,True,6,1.0,True,True
borough_91__activity_1,8,91,1,fairly_active,0.07513881135273391,0.9248611886472661,31,62.76446694196698,187.66804278698177,20.99120474646168,3,4.716047441207361,28,58.04841950075962,False,True,False,True,True,6,1.0,True,True
borough_91__activity_2,3,91,2,active,0.10536996233549642,0.8946300376645036,208,465.6963368205201,2210.2008820088463,98.12369540407381,27,49.07040547055686,181,416.62593134996325,False,False,False,True,True,6,1.0,True,True
borough_91__activity_2,4,91,2,active,0.08513516596449124,0.9148648340355088,208,483.4645867990968,2240.005279880977,104.34707845922628,20,41.15983783509529,188,442.30474896400153,False,False,False,True,True,6,1.0,True,True
borough_91__activity_2,5,91,2,active,0.130362408324322,0.869637591675678,229,407.10161542454085,1230.3439525134147,134.70357207243129,27,53.0707470194651,202,354.03086840507575,False,False,False,True,True,6,1.0,True,True
borough_91__activity_2,6,91,2,active,0.09641923801326407,0.903580761986736,230,428.80298915379365,1211.8103512753196,151.73331644982238,30,41.344857472018724,200,387.45813168177494,False,False,False,True,True,6,1.0,True,True
borough_91__activity_2,7,91,2,active,0.13542243525775113,0.8645775647422489,234,446.3395212315111,1320.8535203699532,150.82593576112515,32,60.44438491694996,202,385.89513631456117,False,False,False,True,True,6,1.0,True,True
borough_91__activity_2,8,91,2,active,0.20003514311659848,0.7999648568834016,213,426.8065640636854,1316.4783470278194,138.37207694233302,43,85.37631212558297,170,341.43025193810246,False,False,False,True,True,6,1.0,True,True
borough_107__activity_0,3,107,0,inactive,0.07226452763156953,0.9277354723684306,66,113.92559099491467,443.4291199110351,29.269706703395027,1,8.2327790183949,65,105.69281197651978,False,True,False,True,True,6,1.0,True,True
borough_107__activity_0,4,107,0,inactive,0.0274369718544973,0.9725630281455028,68,140.06163557531875,474.724791621973,41.323440667608466,2,3.842867153174878,66,136.21876842214388,False,True,False,True,True,6,1.0,True,True
borough_107__activity_0,5,107,0,inactive,0.02616223385984952,0.9738377661401506,84,145.8029747722118,457.13474862768874,46.503809907787435,4,3.814531523452345,80,141.98844324875947,False,True,False,True,True,6,1.0,True,True
borough_107__activity_0,6,107,0,inactive,0.003949647842588016,0.9960503521574121,93,168.81685610321668,515.3652479632871,55.29889921216486,1,0.6667671315005614,92,168.15008897171614,False,True,False,True,True,6,1.0,True,True
borough_107__activity_0,7,107,0,inactive,0.018950783655267256,0.9810492163447327,86,156.90976840671004,484.1737667272195,50.85090749106718,4,2.973563074473651,82,153.9362053322364,False,True,False,True,True,6,1.0,True,True
borough_107__activity_0,8,107,0,inactive,0.07214399665267449,0.9278560033473257,191,172.6525933307927,246.10355917944526,121.12347372478695,16,12.455848115332278,175,160.19674521546045,False,False,False,True,True,6,1.0,True,True
borough_107__activity_1,3,107,1,fairly_active,0.05395172115606929,0.9460482788439307,44,86.35798676852134,440.26842293693704,16.938988785439943,2,4.659162021734785,42,81.69882474678656,False,True,False,True,True,6,1.0,True,True
borough_107__activity_1,4,107,1,fairly_active,0.1452453875255021,0.8547546124744979,48,85.953234800988,302.80737833296024,24.39821187127792,2,12.484310897739975,46,73.46892390324803,False,True,False,True,True,6,1.0,True,True
borough_107__activity_1,5,107,1,fairly_active,0.01926690413878415,0.9807330958612158,38,63.23227869403538,140.05549828210295,28.5481192661687,1,1.218290252074863,37,62.013988441960514,False,True,False,True,True,6,1.0,True,True
borough_107__activity_1,6,107,1,fairly_active,0.08155268943621993,0.9184473105637799,32,40.76057929115285,65.59763955961336,25.327509271739892,4,3.324134864171806,28,37.43644442698104,False,True,False,True,True,6,1.0,True,True
borough_107__activity_1,7,107,1,fairly_active,0.07070966780793463,0.9292903321920655,42,66.94324542130467,190.92813989395938,23.47164807673702,4,4.733534645725493,38,62.20971077557918,False,True,False,True,True,6,1.0,True,True
borough_107__activity_1,8,107,1,fairly_active,0.09693351584951616,0.903066484150484,82,67.97834077788687,93.60890883135255,49.36554514527982,9,6.589379573217108,73,61.38896120466977,False,False,False,True,True,6,1.0,True,True
borough_107__activity_2,3,107,2,active,0.19613872515757005,0.80386127484243,214,415.34960560827454,1643.2132392742083,104.98655363508851,31,81.46614213870647,183,333.8834634695681,False,False,False,True,True,6,1.0,True,True
borough_107__activity_2,4,107,2,active,0.10469672854972739,0.8953032714502727,197,372.6153462594826,1382.673009834954,100.41578542467342,18,39.011607760791726,179,333.60373849869086,False,False,False,True,True,6,1.0,True,True
borough_107__activity_2,5,107,2,active,0.09937296599497629,0.9006270340050236,242,381.9381556811114,1037.9289094654923,140.54599831910627,27,37.954327356683045,215,343.9838283244284,False,False,False,True,True,6,1.0,True,True
borough_107__activity_2,6,107,2,active,0.06272592697418708,0.9372740730258128,254,398.6430086314941,955.6522167379626,166.29088024638983,18,25.005252248189333,236,373.63775638330475,False,False,False,True,True,6,1.0,True,True
borough_107__activity_2,7,107,2,active,0.16219851732184232,0.8378014826781577,251,382.7841754997579,1001.2774070714473,146.33679335838056,35,62.08702572032461,216,320.6971497794333,False,False,False,True,True,6,1.0,True,True
borough_107__activity_2,8,107,2,active,0.13518047098354868,0.8648195290164513,496,393.2813617977853,503.778594739825,307.0202488801642,66,53.16395971687603,430,340.11740208090924,False,False,False,True,True,6,1.0,True,True
borough_109__activity_0,3,109,0,inactive,0.08892508552022221,0.9110749144797778,54,114.11070770550324,540.3816204215968,24.096403580291703,1,10.147304441484955,53,103.9634032640183,False,True,False,True,True,6,1.0,True,True
borough_109__activity_0,4,109,0,inactive,0.041847525171160346,0.9581524748288396,68,141.32043745913816,652.6233019729357,30.601828012065678,4,5.913910563770676,64,135.40652689536748,False,True,False,True,True,6,1.0,True,True
borough_109__activity_0,5,109,0,inactive,0.008218046071504758,0.9917819539284952,58,82.5478272795424,187.87218349143143,36.270104823069495,2,0.6783818476858967,56,81.8694454318565,False,True,False,True,True,6,1.0,True,True
borough_109__activity_0,6,109,0,inactive,0.03525702967195364,0.9647429703280463,64,124.90787227772196,379.73996449990494,41.085948321227086,4,4.403880559156239,60,120.50399171856573,False,True,False,True,True,6,1.0,True,True
borough_109__activity_0,7,109,0,inactive,0.01300163698935539,0.9869983630106446,71,108.6966526163962,264.04508561045947,44.746003367924416,1,1.41323441927645,70,107.28341819711974,False,True,False,True,True,6,1.0,True,True
borough_109__activity_0,8,109,0,inactive,0.07865607778355364,0.9213439222164463,88,142.4622667703087,350.000818811292,57.98699992264079,7,11.205523136306772,81,131.25674363400194,False,False,False,True,True,6,1.0,True,True
borough_109__activity_1,3,109,1,fairly_active,0.024646989211797088,0.9753530107882029,39,70.04231939716952,211.76922589110708,23.166380695265726,1,1.726332290551283,38,68.31598710661824,False,True,False,True,True,6,1.0,True,True
borough_109__activity_1,4,109,1,fairly_active,0.0,1.0,34,53.737712466614845,131.45872540133854,21.96690810996688,0,0.0,34,53.737712466614845,False,True,True,True,True,6,1.0,True,True
borough_109__activity_1,5,109,1,fairly_active,0.020266320784694307,0.9797336792153057,46,61.77647722950467,127.77313569282087,29.868040086785907,2,1.251981904481505,44,60.52449532502317,False,True,False,True,True,6,1.0,True,True
borough_109__activity_1,6,109,1,fairly_active,0.007371716953611255,0.9926282830463887,25,31.724600338077195,51.45674810980208,19.559150229685955,1,0.233864774158745,24,31.49073556391845,True,True,False,True,True,6,1.0,True,True
borough_109__activity_1,7,109,1,fairly_active,0.08941165564206519,0.9105883443579348,36,55.313470085702534,139.0079544631889,22.010107153487574,3,4.945668939670509,33,50.36780114603202,False,True,False,True,True,6,1.0,True,True
borough_109__activity_1,8,109,1,fairly_active,0.0,1.0,28,40.69771607646868,108.80346435879919,15.22289849502304,0,0.0,28,40.69771607646868,True,True,True,True,True,6,1.0,True,True
borough_109__activity_2,3,109,2,active,0.06881647908746961,0.9311835209125304,247,428.1769794554396,1645.7294958715177,111.40076555442437,18,29.46563215243117,229,398.71134730300844,False,False,False,True,True,6,1.0,True,True
borough_109__activity_2,4,109,2,active,0.06067904470535683,0.9393209552946432,227,409.857405456341,1326.9598789342087,126.59244297749574,16,24.869755828506875,211,384.9876496278341,False,False,False,True,True,6,1.0,True,True
borough_109__activity_2,5,109,2,active,0.16795721671535316,0.8320427832846469,302,438.4977364659251,1404.0386105167215,136.947989496511,30,73.64885935279919,272,364.84887711312587,False,False,False,True,True,6,1.0,True,True
borough_109__activity_2,6,109,2,active,0.07912943021642271,0.9208705697835774,274,448.8207020020581,1077.3010456648065,186.9858229101698,23,35.51492641875771,251,413.30577558330043,False,False,False,True,True,6,1.0,True,True
borough_109__activity_2,7,109,2,active,0.12486771833668184,0.8751322816633181,293,431.81777088015355,1013.3303378962889,184.01362346953542,31,53.920099787036825,262,377.8976710931167,False,False,False,True,True,6,1.0,True,True
borough_109__activity_2,8,109,2,active,0.12038667925769027,0.8796133207423098,255,390.3682477098565,957.0796699972398,159.22119505526993,29,46.99513702943308,226,343.37311068042345,False,False,False,True,True,6,1.0,True,True
borough_112__activity_0,3,112,0,inactive,0.01476692651307255,0.9852330734869276,69,90.23472361117601,201.81112730079255,40.346166507704496,2,1.3324895324936485,67,88.90223407868237,False,True,False,True,True,6,1.0,True,True
borough_112__activity_0,4,112,0,inactive,0.0025723075157846292,0.9974276924842154,66,87.44891632558677,238.6079337567585,32.04970113992644,1,0.224945504711528,65,87.22397082087524,False,True,False,True,True,6,1.0,True,True
borough_112__activity_0,5,112,0,inactive,0.014884168298767387,0.9851158317012326,60,64.13220949842658,117.64640560823935,34.96018661926741,3,0.9545545995463895,57,63.177654898880185,False,True,False,True,True,6,1.0,True,True
borough_112__activity_0,6,112,0,inactive,0.02316855827624357,0.9768314417237564,60,71.18490309622574,128.81570299423356,39.33752105553378,2,1.6492515757736572,58,69.53565152045208,False,True,False,True,True,6,1.0,True,True
borough_112__activity_0,7,112,0,inactive,0.04553547809796763,0.9544645219020325,80,82.97160336907139,145.569144365701,47.292212890526365,5,3.7781516279656073,75,79.19345174110579,False,False,False,True,True,6,1.0,True,True
borough_112__activity_0,8,112,0,inactive,0.06065992788674406,0.939340072113256,69,75.98334740185767,109.25907893944797,52.84200762474926,3,4.609144373990108,66,71.37420302786757,False,True,False,True,True,6,1.0,True,True
borough_112__activity_1,3,112,1,fairly_active,0.1477573107597134,0.8522426892402866,37,45.77389692281498,149.70005140892317,13.996318770640041,4,6.763427912307462,33,39.010469010507514,False,True,False,True,True,6,1.0,True,True
borough_112__activity_1,4,112,1,fairly_active,0.014657681525473143,0.9853423184745269,31,42.03809269965244,130.95091459627824,13.495142384250268,1,0.6161809747298229,30,41.421911724922616,False,True,False,True,True,6,1.0,True,True
borough_112__activity_1,5,112,1,fairly_active,0.10698169065477746,0.8930183093452224,38,39.47600017266804,68.65499362057034,22.698342938387142,2,4.2232092387603135,36,35.25279093390772,False,True,False,True,True,6,1.0,True,True
borough_112__activity_1,6,112,1,fairly_active,0.0,1.0,30,34.71293508007084,66.23701408036256,18.19206192494203,0,0.0,30,34.71293508007084,False,True,True,True,True,6,1.0,True,True
borough_112__activity_1,7,112,1,fairly_active,0.0804738777753106,0.9195261222246894,25,25.182280050856615,47.70240927572876,13.293819708230723,2,2.0265157269162777,23,23.15576432394034,True,True,False,True,True,6,1.0,True,True
borough_112__activity_1,8,112,1,fairly_active,0.0,1.0,30,39.57381944559967,93.59367651098687,16.732831147295308,0,0.0,30,39.57381944559967,False,True,True,True,True,6,1.0,True,True
borough_112__activity_2,3,112,2,active,0.10360104501150844,0.8963989549884916,216,275.92253312731845,608.3924361515767,125.13838069549583,23,28.585862774212746,193,247.33667035310572,False,False,False,True,True,6,1.0,True,True
borough_112__activity_2,4,112,2,active,0.10180832342275661,0.8981916765772433,242,292.09258779367195,704.4857104539203,121.10689908675518,25,29.737456647488084,217,262.35513114618385,False,False,False,True,True,6,1.0,True,True
borough_112__activity_2,5,112,2,active,0.13963408865126198,0.8603659113487381,258,302.4131511242324,606.1984455367973,150.8643162090333,35,42.22718475338855,223,260.18596637084386,False,False,False,True,True,6,1.0,True,True
borough_112__activity_2,6,112,2,active,0.12104235457333117,0.8789576454266689,258,308.33046899342656,620.6977509599119,153.16259477770586,29,37.32104595366383,229,271.00942303976274,False,False,False,True,True,6,1.0,True,True
borough_112__activity_2,7,112,2,active,0.1363418322682104,0.8636581677317896,280,299.9862544668136,561.2254061322047,160.34867966727256,38,40.900675589282976,242,259.0855788775306,False,False,False,True,True,6,1.0,True,True
borough_112__activity_2,8,112,2,active,0.1208937799641938,0.8791062200358061,270,306.1566702395385,530.809091608683,176.58308460409998,34,37.01243712650901,236,269.1442331130295,False,False,False,True,True,6,1.0,True,True
borough_114__activity_0,3,114,0,inactive,0.002896391495774503,0.9971036085042255,61,122.02731339841027,490.73375819264953,30.343674073036045,1,0.3534388727793656,60,121.67387452563091,False,True,False,True,True,6,1.0,True,True
borough_114__activity_0,4,114,0,inactive,0.07205338244154474,0.9279466175584552,61,116.11696188440496,450.47828852251547,29.930740683389118,3,8.366619862607305,58,107.75034202179765,False,True,False,True,True,6,1.0,True,True
borough_114__activity_0,5,114,0,inactive,0.13130465379870565,0.8686953462012944,77,136.11466463517453,364.1559887868557,50.87710349201533,9,17.872488916848514,68,118.24217571832602,False,False,False,True,True,6,1.0,True,True
borough_114__activity_0,6,114,0,inactive,0.07390994137136452,0.9260900586286355,64,115.60943156706108,315.9131098213734,42.30764805808867,4,8.544686309098262,60,107.06474525796281,False,True,False,True,True,6,1.0,True,True
borough_114__activity_0,7,114,0,inactive,0.11963083029892674,0.8803691697010734,64,101.06357799518513,266.73082640334286,38.29271230069139,5,12.090319748544339,59,88.9732582466408,False,False,False,True,True,6,1.0,True,True
borough_114__activity_0,8,114,0,inactive,0.09825369967989829,0.9017463003201017,82,118.50395017569934,262.4301879672955,53.51208378890738,6,11.643451531444793,76,106.86049864425455,False,False,False,True,True,6,1.0,True,True
borough_114__activity_1,3,114,1,fairly_active,0.007463744414466219,0.9925362555855337,32,80.600740351242,513.7846322595981,12.644362904739193,1,0.6015833255984244,31,79.99915702564357,False,True,False,True,True,6,1.0,True,True
borough_114__activity_1,4,114,1,fairly_active,0.04170934357349221,0.9582906564265078,36,59.16098454302026,182.42354118389648,19.186241366574507,1,2.467565830450894,35,56.69341871256937,False,True,False,True,True,6,1.0,True,True
borough_114__activity_1,5,114,1,fairly_active,0.12623085438815354,0.8737691456118465,33,42.938496034015294,81.59718113008836,22.595320281024893,4,5.420163040516092,29,37.5183329934992,False,True,False,True,True,6,1.0,True,True
borough_114__activity_1,6,114,1,fairly_active,0.009678888779153155,0.9903211112208469,43,68.0901756525593,171.09191723140017,27.09813587585126,1,0.6590372370941235,42,67.43113841546517,False,True,False,True,True,6,1.0,True,True
borough_114__activity_1,7,114,1,fairly_active,0.23916130386484585,0.7608386961351541,41,71.17403591003796,191.10335168423623,26.507873059670864,6,17.02207522956804,35,54.15196068046991,False,False,False,True,True,6,1.0,True,True
borough_114__activity_1,8,114,1,fairly_active,0.12528035657010542,0.8747196434298946,45,59.75197788938288,116.3898531258322,30.675344678314474,7,7.4857490957509425,38,52.26622879363194,False,False,False,True,True,6,1.0,True,True
borough_114__activity_2,3,114,2,active,0.15582655080646393,0.8441734491935361,212,374.12561651280464,1282.594567390255,109.1303366549326,36,58.29870438953219,176,315.82691212327245,False,False,False,True,True,6,1.0,True,True
borough_114__activity_2,4,114,2,active,0.10313919623940634,0.8968608037605936,206,396.0071189674897,1573.8930080394507,99.63932584482305,29,40.843855955389856,177,355.16326301209983,False,False,False,True,True,6,1.0,True,True
borough_114__activity_2,5,114,2,active,0.11678933727349643,0.8832106627265036,261,394.2476143902548,1879.8849068713762,82.68122207070935,30,46.04391760629483,231,348.20369678395997,False,False,False,True,True,6,1.0,True,True
borough_114__activity_2,6,114,2,active,0.11288765536517405,0.8871123446348259,244,383.5843010636902,950.88387023708,154.73699852100202,26,43.301932381969024,218,340.28236868172115,False,False,False,True,True,6,1.0,True,True
borough_114__activity_2,7,114,2,active,0.10083717108419407,0.8991628289158059,254,406.83447917755086,987.4253817434926,167.62207707829145,23,41.024037979775684,231,365.81044119777516,False,False,False,True,True,6,1.0,True,True
borough_114__activity_2,8,114,2,active,0.17033587271214712,0.8296641272878529,287,413.40194988159624,946.7158289739953,180.52003244851224,43,70.417181913985,244,342.9847679676112,False,False,False,True,True,6,1.0,True,True
borough_117__activity_0,3,117,0,inactive,0.050828553556499234,0.9491714464435008,99,157.02845607669184,459.9676657818314,53.60797693445938,4,7.981529289588519,95,149.04692678710333,False,True,False,True,True,6,1.0,True,True
borough_117__activity_0,4,117,0,inactive,0.05403964286095599,0.9459603571390439,74,118.28111734964325,320.58600907499516,43.6401537354903,5,6.391869338769547,69,111.8892480108737,False,False,False,True,True,6,1.0,True,True
borough_117__activity_0,5,117,0,inactive,0.0574127359607147,0.9425872640392854,104,150.96453511831947,359.19959044278625,63.44742998007505,9,8.667286994180118,95,142.29724812413937,False,False,False,True,True,6,1.0,True,True
borough_117__activity_0,6,117,0,inactive,0.03820082949042519,0.961799170509575,91,148.7733275774322,388.58016244973743,56.95994066944913,4,5.6832645195086595,87,143.09006305792357,False,True,False,True,True,6,1.0,True,True
borough_117__activity_0,7,117,0,inactive,0.04217495363884159,0.9578250463611584,113,142.42146828802103,290.4251279868346,69.84200978034958,7,6.006618822223035,106,136.414849465798,False,False,False,True,True,6,1.0,True,True
borough_117__activity_0,8,117,0,inactive,0.0921114793433415,0.9078885206566584,90,152.26992699109744,411.89662995469746,56.29113952309897,7,14.02580823465259,83,138.24411875644483,False,False,False,True,True,6,1.0,True,True
borough_117__activity_1,3,117,1,fairly_active,0.02985702735262065,0.9701429726473794,38,70.9741768607026,275.96090737736614,18.253794817995466,2,2.119077939859733,36,68.85509892084286,False,True,False,True,True,6,1.0,True,True
borough_117__activity_1,4,117,1,fairly_active,0.10880779148571541,0.8911922085142847,34,64.09735724631558,225.29685347525353,18.235812629372017,3,6.9742918820425155,31,57.123065364273074,False,True,False,True,True,6,1.0,True,True
borough_117__activity_1,5,117,1,fairly_active,0.06843426891751721,0.9315657310824828,52,71.05724798884337,149.44589428033962,33.78568890140614,5,4.862750817407216,47,66.19449717143615,False,False,False,True,True,6,1.0,True,True
borough_117__activity_1,6,117,1,fairly_active,0.07977050678510228,0.9202294932148978,51,68.72773450919205,136.899257392512,34.5034851228079,4,5.482446211990212,47,63.24528829720184,False,True,False,True,True,6,1.0,True,True
borough_117__activity_1,7,117,1,fairly_active,0.08801580775561949,0.9119841922443805,44,51.5075936049409,97.3926652759101,27.240574959683038,4,4.533482456687054,40,46.97411114825385,False,True,False,True,True,6,1.0,True,True
borough_117__activity_1,8,117,1,fairly_active,0.18296359561518657,0.8170364043848133,49,67.26543981127533,139.4872273400244,32.43766099081393,9,12.307126728507852,40,54.95831308276747,False,False,False,True,True,6,1.0,True,True
borough_117__activity_2,3,117,2,active,0.14976308742169844,0.8502369125783014,200,326.7246252832708,1158.0192520506698,92.1823886584425,33,48.93128861912015,167,277.7933366641506,False,False,False,True,True,6,1.0,True,True
borough_117__activity_2,4,117,2,active,0.11922667325548586,0.880773326744514,196,325.81691875319,1199.720648726585,88.4844856663093,24,38.84606731329577,172,286.9708514398942,False,False,False,True,True,6,1.0,True,True
borough_117__activity_2,5,117,2,active,0.14340656297459184,0.8565934370254081,211,303.1254916073012,697.1513391251626,131.80074182669185,30,43.47018490138655,181,259.65530670591465,False,False,False,True,True,6,1.0,True,True
borough_117__activity_2,6,117,2,active,0.12518066831487012,0.8748193316851299,233,312.24513888595027,661.2868300942663,147.4353069212163,29,39.0870551638127,204,273.1580837221376,False,False,False,True,True,6,1.0,True,True
borough_117__activity_2,7,117,2,active,0.1895873840624839,0.8104126159375161,246,352.9592411509104,831.0667073446671,149.90400266649056,37,66.91661921048052,209,286.04262194042985,False,False,False,True,True,6,1.0,True,True
borough_117__activity_2,8,117,2,active,0.211898334001755,0.7881016659982449,233,347.9675324733044,845.7982953331341,143.15635811002656,48,73.73374041779479,185,274.2337920555096,False,False,False,True,True,6,1.0,True,True
borough_122__activity_0,3,122,0,inactive,0.08897869592481122,0.9110213040751888,73,113.21139631142424,314.367344103243,40.77020242462946,5,10.073402407617513,68,103.13799390380673,False,False,False,True,True,6,1.0,True,True
borough_122__activity_0,4,122,0,inactive,0.02767338508042181,0.9723266149195782,79,109.68267556691977,239.2476828856003,50.283827932706174,2,3.0352909176143434,77,106.64738464930542,False,True,False,True,True,6,1.0,True,True
borough_122__activity_0,5,122,0,inactive,0.1316804453758479,0.8683195546241521,72,152.3976547318,525.6069722725931,44.18709490730999,6,20.067791049318117,66,132.32986368248189,False,False,False,True,True,6,1.0,True,True
borough_122__activity_0,6,122,0,inactive,0.03966024997906574,0.9603397500209344,79,138.85199252948283,370.21575708658025,52.077404757514635,3,5.506904733810657,76,133.34508779567219,False,True,False,True,True,6,1.0,True,True
borough_122__activity_0,7,122,0,inactive,0.016198571210989957,0.98380142878901,89,170.7081920233696,538.947400324261,54.07074383577061,2,2.7652288047899005,87,167.9429632185797,False,True,False,True,True,6,1.0,True,True
borough_122__activity_0,8,122,0,inactive,0.08664656987577525,0.9133534301242248,81,139.50479733893178,338.75055067618763,57.451090313296056,7,12.087612170633617,74,127.41718516829816,False,False,False,True,True,6,1.0,True,True
borough_122__activity_1,3,122,1,fairly_active,0.048305014392325506,0.9516949856076745,51,80.31312865289567,256.09583189717915,25.186659955505583,2,3.8795268354708154,49,76.43360181742486,False,True,False,True,True,6,1.0,True,True
borough_122__activity_1,4,122,1,fairly_active,0.007615056684537354,0.9923849433154628,39,71.04047540434613,187.35864151734768,26.936303043210444,1,0.5409772471005775,38,70.49949815724555,False,True,False,True,True,6,1.0,True,True
borough_122__activity_1,5,122,1,fairly_active,0.1350506941220376,0.8649493058779626,41,76.46585191783613,200.60128558227024,29.147502681992894,4,10.32676637813671,37,66.13908553969944,False,True,False,True,True,6,1.0,True,True
borough_122__activity_1,6,122,1,fairly_active,0.03880288372466357,0.9611971162753364,33,61.83824716486305,161.07555498690004,23.74021814007525,2,2.3995023144751872,31,59.43874485038786,False,True,False,True,True,6,1.0,True,True
borough_122__activity_1,7,122,1,fairly_active,0.1414514395979954,0.8585485604020046,45,68.38967254944875,153.14335783689864,30.540974009477434,7,9.673817635755032,38,58.71585491369371,False,False,False,True,True,6,1.0,True,True
borough_122__activity_1,8,122,1,fairly_active,0.006785101484819972,0.9932148985151801,41,68.05788162643921,155.99546678247353,29.69237085547677,1,0.4617796336772546,40,67.59610199276196,False,True,False,True,True,6,1.0,True,True
borough_122__activity_2,3,122,2,active,0.17344425642705386,0.8265557435729463,216,368.03364331133497,1559.7359075120148,86.84083116677978,32,63.833321604274055,184,304.20032170706094,False,False,False,True,True,6,1.0,True,True
borough_122__activity_2,4,122,2,active,0.15199174561871973,0.8480082543812804,225,397.45025897733177,1317.373703387256,119.91032457607218,33,60.409158658576885,192,337.0411003187549,False,False,False,True,True,6,1.0,True,True
borough_122__activity_2,5,122,2,active,0.13265091334493387,0.867349086655066,190,321.8619100072023,1025.7402656664653,100.99543966539564,33,42.695276333400294,157,279.166633673802,False,False,False,True,True,6,1.0,True,True
borough_122__activity_2,6,122,2,active,0.12260876715422774,0.8773912328457724,194,355.36125775510465,1055.2151055431484,119.6738208635568,23,43.57040570772913,171,311.79085204737555,False,False,False,True,True,6,1.0,True,True
borough_122__activity_2,7,122,2,active,0.117374251331767,0.882625748668233,225,325.14178908602577,724.5973105259225,145.89784073767913,34,38.16327407064357,191,286.9785150153822,False,False,False,True,True,6,1.0,True,True
borough_122__activity_2,8,122,2,active,0.12267363301897971,0.8773263669810203,230,378.58178120472934,954.2615400388888,150.19379808003652,32,46.44200249518064,198,332.1397787095487,False,False,False,True,True,6,1.0,True,True
borough_126__activity_0,3,126,0,inactive,0.04297518475018,0.95702481524982,80,183.97076528142168,797.1039230571726,42.46026333482791,3,7.906177626601098,77,176.06458765482057,False,True,False,True,True,6,1.0,True,True
borough_126__activity_0,4,126,0,inactive,0.02374737844955775,0.9762526215504422,78,124.57750435290517,391.1280296208598,39.67896293661693,2,2.958389142169867,76,121.6191152107353,False,True,False,True,True,6,1.0,True,True
borough_126__activity_0,5,126,0,inactive,0.09529665849015992,0.9047033415098401,100,210.8509441543742,1248.9734060450064,35.595730409962776,12,20.09339041740718,88,190.75755373696703,False,False,False,True,True,6,1.0,True,True
borough_126__activity_0,6,126,0,inactive,0.061467890354800145,0.9385321096451997,118,212.31846951128736,644.4286758679898,69.95208963179326,8,13.05076840421879,110,199.26770110706855,False,False,False,True,True,6,1.0,True,True
borough_126__activity_0,7,126,0,inactive,0.06181645121404285,0.9381835487859571,112,204.50202387383834,604.8922073349406,69.13806668588607,10,12.641589381970153,102,191.86043449186818,False,False,False,True,True,6,1.0,True,True
borough_126__activity_0,8,126,0,inactive,0.04532502493955773,0.9546749750604422,104,190.12236206767744,522.6257311033222,69.16328532443981,6,8.617300802285104,98,181.50506126539233,False,False,False,True,True,6,1.0,True,True
borough_126__activity_1,3,126,1,fairly_active,0.1136573329442898,0.8863426670557103,36,71.43160939331365,227.43765006692473,22.434609305088692,2,8.118726211562308,34,63.312883181751346,False,True,False,True,True,6,1.0,True,True
borough_126__activity_1,4,126,1,fairly_active,0.06860947524996572,0.9313905247500343,44,109.10238925504035,573.0857403817807,20.770594175364636,2,7.485457675305817,42,101.61693157973453,False,True,False,True,True,6,1.0,True,True
borough_126__activity_1,5,126,1,fairly_active,0.0938685265881051,0.9061314734118949,34,41.06954758437172,82.9363388232586,20.337378798206053,4,3.8551379193850446,30,37.214409664986675,False,True,False,True,True,6,1.0,True,True
borough_126__activity_1,6,126,1,fairly_active,0.04472124712832833,0.9552787528716716,41,66.66937574492819,207.2009470713634,21.451666727602145,2,2.9815376285803126,39,63.687838116347876,False,True,False,True,True,6,1.0,True,True
borough_126__activity_1,7,126,1,fairly_active,0.14965300057663358,0.8503469994233664,35,53.73748402782312,110.94528084894431,26.028301226910845,3,8.041975728202651,32,45.69550829962047,False,True,False,True,True,6,1.0,True,True
borough_126__activity_1,8,126,1,fairly_active,0.09808620013665585,0.9019137998633441,42,80.10437548308293,238.99549149818762,26.848669534769854,4,7.857133805455501,38,72.24724167762743,False,True,False,True,True,6,1.0,True,True
borough_126__activity_2,3,126,2,active,0.13810238950844458,0.8618976104915553,207,396.81755690230347,1276.169125467375,123.38817036358273,28,54.80145280711129,179,342.01610409519213,False,False,False,True,True,6,1.0,True,True
borough_126__activity_2,4,126,2,active,0.18778872570047653,0.8122112742995234,214,367.42470481695034,1326.335604929281,101.78488250492319,38,68.99821710844884,176,298.4264877085015,False,False,False,True,True,6,1.0,True,True
borough_126__activity_2,5,126,2,active,0.14385712762291744,0.8561428723770825,248,358.6099433977588,868.6784546578297,148.04222530694562,35,51.58859639421859,213,307.0213470035402,False,False,False,True,True,6,1.0,True,True
borough_126__activity_2,6,126,2,active,0.1170035129837159,0.8829964870162841,203,364.7942483184964,1057.876965629973,125.79425389701136,26,42.682208569518075,177,322.1120397489783,False,False,False,True,True,6,1.0,True,True
borough_126__activity_2,7,126,2,active,0.10738896399616454,0.8926110360038354,227,391.6864192596209,1001.8778630551531,153.13069256225086,31,42.06279877565804,196,349.62362048396284,False,False,False,True,True,6,1.0,True,True
borough_126__activity_2,8,126,2,active,0.15790402393995814,0.8420959760600419,232,377.8233196345365,956.1555067365829,149.29628062999623,39,59.65982250864631,193,318.1634971258902,False,False,False,True,True,6,1.0,True,True
borough_129__activity_0,3,129,0,inactive,0.06656995758386572,0.9334300424161343,80,165.58176725506257,563.6789137121285,48.639963249204975,4,11.022771222831041,76,154.55899603223153,False,True,False,True,True,6,1.0,True,True
borough_129__activity_0,4,129,0,inactive,0.018546742452048775,0.9814532575479512,78,111.18759555393535,251.19309498671123,49.21584888995266,2,2.0621676986014026,76,109.12542785533395,False,True,False,True,True,6,1.0,True,True
borough_129__activity_0,5,129,0,inactive,0.1392826037282281,0.8607173962717719,89,135.7523053326703,288.54509130780036,63.867620549732614,13,18.90793454884374,76,116.84437078382655,False,False,False,True,True,6,1.0,True,True
borough_129__activity_0,6,129,0,inactive,0.08039609764658205,0.9196039023534179,113,176.2813395828005,521.5887251516131,59.57780371129353,5,14.17233179036912,108,162.10900779243138,False,False,False,True,True,6,1.0,True,True
borough_129__activity_0,7,129,0,inactive,0.02945464786608566,0.9705453521339144,116,174.55645688529424,428.74105424570496,71.06843708716946,5,5.1414989703079055,111,169.41495791498633,False,False,False,True,True,6,1.0,True,True
borough_129__activity_0,8,129,0,inactive,0.18853427238549472,0.8114657276145053,97,186.6178412507489,742.0044442176146,46.93532356104853,14,35.18385891436171,83,151.4339823363872,False,False,False,True,True,6,1.0,True,True
borough_129__activity_1,3,129,1,fairly_active,0.10508190064889744,0.8949180993511027,36,65.00401083304655,218.45907501947983,19.3423936451532,2,6.8307450081380505,34,58.173265824908505,False,True,False,True,True,6,1.0,True,True
borough_129__activity_1,4,129,1,fairly_active,0.09381480458700407,0.9061851954129959,43,74.0943745560393,301.1652410242081,18.22911675391302,3,6.951149269971113,40,67.14322528606819,False,True,False,True,True,6,1.0,True,True
borough_129__activity_1,5,129,1,fairly_active,0.06629609277808014,0.93370390722192,47,74.29972896944057,217.76329721610452,25.350689466526248,4,4.92578172514424,43,69.37394724429633,False,True,False,True,True,6,1.0,True,True
borough_129__activity_1,6,129,1,fairly_active,0.04503736778753952,0.9549626322124605,44,65.88410391439766,202.29176664039792,21.45769558836955,4,2.9672466193451994,40,62.91685729505246,False,True,False,True,True,6,1.0,True,True
borough_129__activity_1,7,129,1,fairly_active,0.06789032011446998,0.93210967988553,30,35.62169623569117,53.667619601414245,23.643777237222874,2,2.4183683604614834,28,33.20332787522968,False,True,False,True,True,6,1.0,True,True
borough_129__activity_1,8,129,1,fairly_active,0.1777950738282708,0.8222049261717292,49,71.05825972210546,164.8313520846428,30.6329846286848,8,12.633808533400183,41,58.424451188705284,False,False,False,True,True,6,1.0,True,True
borough_129__activity_2,3,129,2,active,0.09697117895799463,0.9030288210420054,209,361.5614793887483,1199.0243185733934,109.02756629099875,18,35.0610429221236,191,326.5004364666247,False,False,False,True,True,6,1.0,True,True
borough_129__activity_2,4,129,2,active,0.18346407776678458,0.8165359222332154,222,386.6154986741566,1358.9393365507533,109.99132911587797,30,70.93005591459966,192,315.6854427595569,False,False,False,True,True,6,1.0,True,True
borough_129__activity_2,5,129,2,active,0.21048944071611284,0.7895105592838871,224,338.7976977254364,941.8987516423934,121.86435090173649,36,71.31333791013377,188,267.48435981530264,False,False,False,True,True,6,1.0,True,True
borough_129__activity_2,6,129,2,active,0.08798042273105643,0.9120195772689438,257,328.1132508988833,702.973588036967,153.1470132698245,17,28.86754251774493,240,299.2457083811384,False,False,False,True,True,6,1.0,True,True
borough_129__activity_2,7,129,2,active,0.11898878261823216,0.8810112173817679,231,361.2372112060339,1011.0391869973363,129.06752224655023,32,42.98317599781119,199,318.2540352082228,False,False,False,True,True,6,1.0,True,True
borough_129__activity_2,8,129,2,active,0.21548769442378754,0.7845123055762124,233,353.63373858865975,813.9291924503364,153.64582352883622,45,76.20371899893468,188,277.4300195897251,False,False,False,True,True,6,1.0,True,True
borough_135__activity_0,3,135,0,inactive,0.008419184922794934,0.9915808150772052,43,67.2512757294548,181.20303162119328,24.95948355154442,1,0.5662009266601508,42,66.68507480279466,False,True,False,True,True,6,1.0,True,True
borough_135__activity_0,4,135,0,inactive,0.0,1.0,60,85.82599596372714,251.42549651378974,29.29735323307477,0,0.0,60,85.82599596372714,False,True,True,True,True,6,1.0,True,True
borough_135__activity_0,5,135,0,inactive,0.04086662982332857,0.9591333701766714,72,92.48981834497843,215.53766241549062,39.68849991978158,3,3.779747168731137,69,88.7100711762473,False,True,False,True,True,6,1.0,True,True
borough_135__activity_0,6,135,0,inactive,0.036586764164851904,0.963413235835148,73,100.57249674380795,272.95304361964145,37.057022582163306,3,3.6796222198360375,70,96.8928745239719,False,True,False,True,True,6,1.0,True,True
borough_135__activity_0,7,135,0,inactive,0.10048962032614334,0.8995103796738566,72,101.42918002346424,223.75996225702465,45.977298424885404,6,10.192579790549964,66,91.23660023291427,False,False,False,True,True,6,1.0,True,True
borough_135__activity_0,8,135,0,inactive,0.0188494550372388,0.9811505449627613,76,91.2455548292329,148.15780245449318,56.19515906799314,1,1.7199289831015332,75,89.52562584613138,False,True,False,True,True,6,1.0,True,True
borough_135__activity_1,3,135,1,fairly_active,0.0377214346519779,0.9622785653480221,33,51.66585135282998,138.76005993329935,19.23723726622675,2,1.9489100355445803,31,49.716941317285404,False,True,False,True,True,6,1.0,True,True
borough_135__activity_1,4,135,1,fairly_active,0.09373015388080942,0.9062698461191905,29,38.51796205385264,80.41346908333941,18.450060887740275,2,3.6102945104827864,27,34.907667543369854,True,True,False,True,True,6,1.0,True,True
borough_135__activity_1,5,135,1,fairly_active,0.028398583398258997,0.9716014166017408,37,53.78341474956207,173.09286868248347,16.711582193658217,2,1.5273727892085915,35,52.25604196035347,False,True,False,True,True,6,1.0,True,True
borough_135__activity_1,6,135,1,fairly_active,0.10910926545931729,0.8908907345406827,38,58.00194856434731,151.6000736519479,22.191453844441877,3,6.328550003065038,35,51.67339856128227,False,True,False,True,True,6,1.0,True,True
borough_135__activity_1,7,135,1,fairly_active,0.028261785323185726,0.9717382146768142,47,75.42794554794754,170.78246471643803,33.31357805984709,2,2.131728404445036,45,73.2962171435025,False,True,False,True,True,6,1.0,True,True
borough_135__activity_1,8,135,1,fairly_active,0.02310544490714556,0.9768945550928545,32,39.93212378573633,85.92235927640928,18.55831850368165,1,0.9226494861566475,31,39.009474299579686,False,True,False,True,True,6,1.0,True,True
borough_135__activity_2,3,135,2,active,0.089596681751261,0.910403318248739,222,397.7738733899599,1362.3008942413528,116.14471885065062,23,35.63921914308662,199,362.13465424687325,False,False,False,True,True,6,1.0,True,True
borough_135__activity_2,4,135,2,active,0.16036938988023056,0.8396306101197695,224,396.20843686797156,1468.8098913594242,106.87640815113998,27,63.53970528591645,197,332.6687315820551,False,False,False,True,True,6,1.0,True,True
borough_135__activity_2,5,135,2,active,0.11578620565461444,0.8842137943453855,297,397.9888590390931,942.9478623701352,167.9786743681744,34,46.08161988094579,263,351.90723915814726,False,False,False,True,True,6,1.0,True,True
borough_135__activity_2,6,135,2,active,0.0940834802252573,0.9059165197747427,318,386.0573358526125,734.6970147720638,202.85949659378412,28,36.32161772350478,290,349.73571812910774,False,False,False,True,True,6,1.0,True,True
borough_135__activity_2,7,135,2,active,0.11420440514551272,0.8857955948544873,275,399.01585453176614,1024.5020865571612,155.4058837525192,26,45.569368310428786,249,353.44648622133735,False,False,False,True,True,6,1.0,True,True
borough_135__activity_2,8,135,2,active,0.13625018716970563,0.8637498128302944,294,370.86977594895217,758.9984391643237,181.21827874094947,32,50.531076388631526,262,320.33869956032066,False,False,False,True,True,6,1.0,True,True
borough_136__activity_0,3,136,0,inactive,0.006983204426079159,0.9930167955739209,73,65.0943545206855,173.1520439590899,24.471411908171394,1,0.4545671846016169,72,64.63978733608388,False,True,False,True,True,6,1.0,True,True
borough_136__activity_0,4,136,0,inactive,0.1032977269692504,0.8967022730307498,68,79.48987219574266,190.45680889990211,33.17623464444568,3,8.211123114896434,65,71.27874908084624,False,True,False,True,True,6,1.0,True,True
borough_136__activity_0,5,136,0,inactive,0.07231088525631975,0.9276891147436802,53,52.99716455797958,85.91994180098686,32.68972711470467,4,3.832271885262357,49,49.16489267271722,False,True,False,True,True,6,1.0,True,True
borough_136__activity_0,6,136,0,inactive,0.05875353438064553,0.9412464656193543,81,81.69507908244817,123.2601194085555,54.14635308088313,4,4.799874637600174,77,76.89520444484799,False,True,False,True,True,6,1.0,True,True
borough_136__activity_0,7,136,0,inactive,0.06550264509228626,0.9344973549077137,84,90.84610603084919,159.8182142321465,51.64001500467428,7,5.95066024135492,77,84.89544578949426,False,False,False,True,True,6,1.0,True,True
borough_136__activity_0,8,136,0,inactive,0.15997004019566163,0.8400299598043384,73,68.61252942565412,100.402234602964,46.888191411302266,9,10.975949090147905,64,57.63658033550621,False,False,False,True,True,6,1.0,True,True
borough_136__activity_1,3,136,1,fairly_active,0.014427708248319139,0.9855722917516809,26,18.58881678543433,21.827955925200428,15.83034667407925,1,0.2681940252617041,25,18.320622760172625,True,True,False,True,True,6,1.0,True,True
borough_136__activity_1,4,136,1,fairly_active,0.10346644523301912,0.8965335547669809,22,24.971911047149668,59.519663591776585,10.47714828537629,2,2.583754866723736,20,22.388156180425934,True,True,False,True,True,6,1.0,True,True
borough_136__activity_1,5,136,1,fairly_active,0.09041565939032119,0.9095843406096789,42,44.367168790299985,71.74581883647029,27.436381637146443,3,4.011486821456652,39,40.355681968843335,False,True,False,True,True,6,1.0,True,True
borough_136__activity_1,6,136,1,fairly_active,0.020410663664890694,0.9795893363351093,35,30.35782512696082,43.914816531027775,20.98602747862977,1,0.6196233582639649,34,29.738201768696854,False,True,False,True,True,6,1.0,True,True
borough_136__activity_1,7,136,1,fairly_active,0.07950000147179748,0.9204999985282025,47,46.703576261186434,74.2114488399931,29.392015244000724,4,3.7129343815025275,43,42.990641879683906,False,True,False,True,True,6,1.0,True,True
borough_136__activity_1,8,136,1,fairly_active,0.04783139745646418,0.9521686025435359,44,38.25392298182235,45.978451434385676,31.827140276516545,3,1.829738594412514,41,36.42418438740984,False,True,False,True,True,6,1.0,True,True
borough_136__activity_2,3,136,2,active,0.13462705055638788,0.8653729494436122,259,265.92004189023066,570.2676376667829,124.00049381764343,24,35.800030923512864,235,230.1200109667178,False,False,False,True,True,6,1.0,True,True
borough_136__activity_2,4,136,2,active,0.06732255176844532,0.9326774482315547,218,251.41968392630895,589.7348624331764,107.18690973228279,17,16.926214686735094,201,234.49346923957387,False,False,False,True,True,6,1.0,True,True
borough_136__activity_2,5,136,2,active,0.10838130627267956,0.8916186937273205,238,246.27358723082276,475.76394255845406,127.48061452783574,19,26.691453084535265,219,219.5821341462875,False,False,False,True,True,6,1.0,True,True
borough_136__activity_2,6,136,2,active,0.14028062077788123,0.8597193792221187,221,228.88315540501802,360.3086289056156,145.39618156600065,25,32.10787112581619,196,196.77528427920183,False,False,False,True,True,6,1.0,True,True
borough_136__activity_2,7,136,2,active,0.14653021553850984,0.8534697844614901,250,217.02415321954282,323.0902940869006,145.77808105863866,31,31.800595948322194,219,185.2235572712206,False,False,False,True,True,6,1.0,True,True
borough_136__activity_2,8,136,2,active,0.12999954868972044,0.8700004513102796,246,226.92598381914604,323.41451073989344,159.22415482990675,35,29.500275482459788,211,197.42570833668626,False,False,False,True,True,6,1.0,True,True
borough_139__activity_0,3,139,0,inactive,0.09247539377863816,0.9075246062213619,57,58.950407047860494,111.46472215329919,31.17713321286542,2,5.451462105161905,55,53.49894494269859,False,True,False,True,True,6,1.0,True,True
borough_139__activity_0,4,139,0,inactive,0.011845409134190328,0.9881545908658096,53,64.16285244303117,136.1735104317564,30.23254391087589,1,0.7600352384043877,52,63.40281720462678,False,True,False,True,True,6,1.0,True,True
borough_139__activity_0,5,139,0,inactive,0.13855292709264394,0.861447072907356,46,57.247244757773466,106.60197167965126,30.742836935557353,6,7.9317733291785295,40,49.31547142859493,False,False,False,True,True,6,1.0,True,True
borough_139__activity_0,6,139,0,inactive,0.049403996836640894,0.950596003163359,73,76.70838401577407,126.08686644810815,46.667637511105355,4,3.7897007612591374,69,72.91868325451493,False,True,False,True,True,6,1.0,True,True
borough_139__activity_0,7,139,0,inactive,0.06172878266510116,0.9382712173348988,57,60.26383243475323,95.39312517916444,38.07118692152095,5,3.7200130149309563,52,56.54381941982228,False,False,False,True,True,6,1.0,True,True
borough_139__activity_0,8,139,0,inactive,0.035088888374555524,0.9649111116254446,72,77.79810573858491,133.61841100354837,45.29724018609461,2,2.7298490480130733,70,75.06825669057184,False,True,False,True,True,6,1.0,True,True
borough_139__activity_1,3,139,1,fairly_active,0.1225091313710223,0.8774908686289778,36,39.452551849027344,70.95866554354396,21.935359627712256,5,4.83329785739456,31,34.61925399163279,False,False,False,True,True,6,1.0,True,True
borough_139__activity_1,4,139,1,fairly_active,0.0726967193817091,0.9273032806182908,40,38.3518174399136,48.30358981332729,30.45036417849508,4,2.7880513102079365,36,35.56376612970566,False,True,False,True,True,6,1.0,True,True
borough_139__activity_1,5,139,1,fairly_active,0.17082071017811726,0.8291792898218826,34,42.87597201282408,94.25776529652262,19.5034220285328,5,7.324103988807689,29,35.551868024016386,False,False,False,True,True,6,1.0,True,True
borough_139__activity_1,6,139,1,fairly_active,0.09402144783507424,0.9059785521649257,39,41.32949674969982,59.06330218775943,28.920281093552685,3,3.8858591227017723,36,37.44363762699805,False,True,False,True,True,6,1.0,True,True
borough_139__activity_1,7,139,1,fairly_active,0.09750427337851807,0.9024957266214819,46,44.530198425564556,62.0120747627958,31.97665260201579,4,4.341884640885901,42,40.188313784678655,False,True,False,True,True,6,1.0,True,True
borough_139__activity_1,8,139,1,fairly_active,0.12201344919994932,0.8779865508000507,34,33.380889809131084,53.18582424892113,20.950766866642187,4,4.072917502975521,30,29.307972306155563,False,True,False,True,True,6,1.0,True,True
borough_139__activity_2,3,139,2,active,0.25631690747803443,0.7436830925219655,221,284.013969379123,818.2951874704136,98.57559477019646,48,72.79758231181798,173,211.21638706730502,False,False,False,True,True,6,1.0,True,True
borough_139__activity_2,4,139,2,active,0.11541877898672338,0.8845812210132767,234,276.81948271418275,556.7701182869131,137.6313553714452,30,31.950166694607354,204,244.86931601957542,False,False,False,True,True,6,1.0,True,True
borough_139__activity_2,5,139,2,active,0.1829428296011281,0.8170571703988719,268,269.0893796957362,388.5131015517504,186.37490981855888,46,49.22797253715033,222,219.8614071585859,False,False,False,True,True,6,1.0,True,True
borough_139__activity_2,6,139,2,active,0.17004449918307216,0.8299555008169279,262,269.9712768504121,477.8054376402538,152.5401022730042,36,45.90713056584285,226,224.06414628456926,False,False,False,True,True,6,1.0,True,True
borough_139__activity_2,7,139,2,active,0.1715108463967151,0.8284891536032849,257,283.714800941342,498.36841104292984,161.51522947599398,36,48.660165644725105,221,235.05463529661688,False,False,False,True,True,6,1.0,True,True
borough_139__activity_2,8,139,2,active,0.16307257396494812,0.8369274260350519,277,261.8771680772842,405.99071805592104,168.91925876672877,45,42.70498386101408,232,219.1721842162701,False,False,False,True,True,6,1.0,True,True
borough_142__activity_0,3,142,0,inactive,0.036955771537247877,0.9630442284627522,59,111.6327721281071,414.5087826411137,30.064202098693567,3,4.125475222835979,56,107.50729690527113,False,True,False,True,True,6,1.0,True,True
borough_142__activity_0,4,142,0,inactive,0.056828192632823064,0.9431718073671769,66,132.47864976213938,476.08294750210194,36.864568947246546,4,7.528522228419156,62,124.95012753372022,False,True,False,True,True,6,1.0,True,True
borough_142__activity_0,5,142,0,inactive,0.008944139776183682,0.9910558602238163,46,83.82709352962085,235.8423363988796,29.795251000817277,1,0.7497612415601516,45,83.0773322880607,False,True,False,True,True,6,1.0,True,True
borough_142__activity_0,6,142,0,inactive,0.026381750820790827,0.9736182491792091,80,130.60135492821183,321.16712374414453,53.108530257514374,3,3.4454924025737466,77,127.15586252563809,False,True,False,True,True,6,1.0,True,True
borough_142__activity_0,7,142,0,inactive,0.10766613468755817,0.8923338653124419,62,150.4530616620887,618.0346059368028,36.62598104710486,5,16.198699601065936,57,134.25436206102276,False,False,False,True,True,6,1.0,True,True
borough_142__activity_0,8,142,0,inactive,0.10371405966057663,0.8962859403394234,76,134.87154620127595,380.85724212604157,47.76155462655734,9,13.98807558923335,67,120.8834706120426,False,False,False,True,True,6,1.0,True,True
borough_142__activity_1,3,142,1,fairly_active,0.023635096615492453,0.9763649033845075,30,59.45621736420388,245.90234088454886,14.375795572109503,1,1.4052534417946787,29,58.0509639224092,False,True,False,True,True,6,1.0,True,True
borough_142__activity_1,4,142,1,fairly_active,0.03401360265115721,0.9659863973488427,31,69.34465376459181,366.2917285332169,13.128008718589031,3,2.3586614991308985,28,66.98599226546091,False,True,False,True,True,6,1.0,True,True
borough_142__activity_1,5,142,1,fairly_active,0.186791870795092,0.8132081292049078,31,68.83075940789715,250.54684501420462,18.909331867257087,4,12.857026318047987,27,55.97373308984915,False,True,False,True,True,6,1.0,True,True
borough_142__activity_1,6,142,1,fairly_active,0.2043989983792289,0.7956010016207712,34,64.03854340567003,244.42862541977766,16.77763819387769,3,13.089414129783727,31,50.94912927588631,False,True,False,True,True,6,1.0,True,True
borough_142__activity_1,7,142,1,fairly_active,0.16824120559127853,0.8317587944087215,40,74.06018349809409,176.11212300787273,31.14442484760789,5,12.45997455803066,35,61.60020894006343,False,False,False,True,True,6,1.0,True,True
borough_142__activity_1,8,142,1,fairly_active,0.10130632044555282,0.8986936795544472,39,67.74503552024221,161.62573369924198,28.395167852286153,4,6.863000277009015,35,60.8820352432332,False,True,False,True,True,6,1.0,True,True
borough_142__activity_2,3,142,2,active,0.09967692222983185,0.9003230777701681,242,542.8031999689066,2231.091243862252,132.05883654782323,25,54.10495234940457,217,488.698247619502,False,False,False,True,True,6,1.0,True,True
borough_142__activity_2,4,142,2,active,0.14660545536984915,0.8533945446301509,215,502.5480908870486,2283.079948120413,110.62012255074002,27,73.67629170974409,188,428.8717991773045,False,False,False,True,True,6,1.0,True,True
borough_142__activity_2,5,142,2,active,0.09443723717911562,0.9055627628208845,286,565.3643077636663,1886.7561283342309,169.41076575449566,30,53.391443224883865,256,511.97286453878246,False,False,False,True,True,6,1.0,True,True
borough_142__activity_2,6,142,2,active,0.09785699799527928,0.9021430020047206,279,520.8406111710925,1684.2232344109448,161.06828162832898,30,50.96789864322963,249,469.87271252786286,False,False,False,True,True,6,1.0,True,True
borough_142__activity_2,7,142,2,active,0.13397726860757408,0.8660227313924259,283,504.40794280790215,1426.8817642205295,178.31005984345683,28,67.57919844136818,255,436.82874436653395,False,False,False,True,True,6,1.0,True,True
borough_142__activity_2,8,142,2,active,0.09500179338977725,0.9049982066102229,275,518.8919118469008,1475.7900081839443,182.44385358826227,33,49.29566220090578,242,469.5962496459951,False,False,False,True,True,6,1.0,True,True
borough_147__activity_0,3,147,0,inactive,0.045845493023994044,0.954154506976006,62,121.75444874088315,375.3894059207717,39.49004834549079,2,5.581892730390399,60,116.17255601049276,False,True,False,True,True,6,1.0,True,True
borough_147__activity_0,4,147,0,inactive,0.0,1.0,50,118.2828254842844,525.3479556236377,26.631543255816506,0,0.0,50,118.2828254842844,False,True,True,True,True,6,1.0,True,True
borough_147__activity_0,5,147,0,inactive,0.11295074093748471,0.8870492590625154,69,139.76658334003815,720.801732749829,27.10134691827635,9,15.786739146558016,60,123.97984419348015,False,False,False,True,True,6,1.0,True,True
borough_147__activity_0,6,147,0,inactive,0.0420271033202363,0.9579728966797636,65,121.9744501019126,365.53208559502156,40.701670425034216,2,5.126232816862087,63,116.8482172850505,False,True,False,True,True,6,1.0,True,True
borough_147__activity_0,7,147,0,inactive,0.052165703192270665,0.9478342968077293,71,119.79634237910264,327.48580670202057,43.82224619728119,4,6.249260440067904,67,113.54708193903474,False,True,False,True,True,6,1.0,True,True
borough_147__activity_0,8,147,0,inactive,0.11049963776678862,0.8895003622332114,83,142.95765133123646,385.26891103676144,53.04578046317715,7,15.796768688092495,76,127.16088264314396,False,False,False,True,True,6,1.0,True,True
borough_147__activity_1,3,147,1,fairly_active,0.028100608956569486,0.9718993910434306,29,61.02102484026703,208.4799184108175,17.860547437566915,1,1.7147279571654568,28,59.30629688310158,True,True,False,True,True,6,1.0,True,True
borough_147__activity_1,4,147,1,fairly_active,0.1250507084167154,0.8749492915832846,30,53.78144550837868,168.42753548195097,17.17322451280934,1,6.72540786049773,29,47.05603764788095,False,True,False,True,True,6,1.0,True,True
borough_147__activity_1,5,147,1,fairly_active,0.20170268949505263,0.7982973105049475,46,88.89780223084183,358.8603203858265,22.021992381261875,5,17.930925800160086,41,70.96687643068175,False,False,False,True,True,6,1.0,True,True
borough_147__activity_1,6,147,1,fairly_active,0.11784708530141078,0.8821529146985893,47,87.36528443351426,301.3075078633201,25.331904200711826,6,10.29574412701837,41,77.0695403064959,False,False,False,True,True,6,1.0,True,True
borough_147__activity_1,7,147,1,fairly_active,0.07305668628481557,0.9269433137151846,43,76.58319347769786,269.59677977843467,21.75465718864514,5,5.594914340589506,38,70.98827913710836,False,False,False,True,True,6,1.0,True,True
borough_147__activity_1,8,147,1,fairly_active,0.11360818926694673,0.8863918107330533,40,53.46722400720421,104.36656392687765,27.391378382826478,6,6.074314504588694,34,47.39290950261552,False,False,False,True,True,6,1.0,True,True
borough_147__activity_2,3,147,2,active,0.07686042851928304,0.923139571480717,212,453.3524492577552,1912.6715493695374,107.45621396195946,23,34.84486352021759,189,418.5075857375376,False,False,False,True,True,6,1.0,True,True
borough_147__activity_2,4,147,2,active,0.09643895774437837,0.9035610422556217,244,496.3882634596364,1725.5044144155995,142.79958141047442,22,47.87116676458923,222,448.5170966950472,False,False,False,True,True,6,1.0,True,True
borough_147__activity_2,5,147,2,active,0.08430280970110263,0.9156971902988974,285,410.6223754330297,1027.4242846721554,164.11013222260615,29,34.61661997514542,256,376.0057554578843,False,False,False,True,True,6,1.0,True,True
borough_147__activity_2,6,147,2,active,0.07496664601343714,0.9250333539865628,253,442.1792439422574,1325.4300582827482,147.51625900703425,21,33.14869485510848,232,409.0305490871489,False,False,False,True,True,6,1.0,True,True
borough_147__activity_2,7,147,2,active,0.11908205920441055,0.8809179407955895,275,460.5869776919649,1230.3609015902766,172.4212495254206,32,54.84764574629508,243,405.7393319456698,False,False,False,True,True,6,1.0,True,True
borough_147__activity_2,8,147,2,active,0.1257012106446112,0.8742987893553889,278,459.4100402558999,1129.3810821227319,186.87898038032796,30,57.74839824245619,248,401.6616420134437,False,False,False,True,True,6,1.0,True,True
borough_160__activity_0,3,160,0,inactive,0.16632885380993698,0.833671146190063,62,89.69515495710945,244.68404500182947,32.8800385113779,5,14.9188923163207,57,74.77626264078874,False,False,False,True,True,6,1.0,True,True
borough_160__activity_0,4,160,0,inactive,0.023667358280182724,0.9763326417198173,70,104.46364832935369,345.9048553629772,31.548137162826542,5,2.4723785922658252,65,101.99126973708786,False,False,False,True,True,6,1.0,True,True
borough_160__activity_0,5,160,0,inactive,0.058864156732092526,0.9411358432679074,77,96.58130248987466,210.35978261049706,44.342829579322824,6,5.68517692715362,71,90.89612556272104,False,False,False,True,True,6,1.0,True,True
borough_160__activity_0,6,160,0,inactive,0.019855663430163057,0.9801443365698369,73,89.48003888501685,155.80973152236874,51.38753068010167,2,1.7766855358187974,71,87.70335334919805,False,True,False,True,True,6,1.0,True,True
borough_160__activity_0,7,160,0,inactive,0.09598394633646164,0.9040160536635383,83,111.30277677580285,249.96105561958854,49.56095295443845,6,10.68327975314783,77,100.61949702265503,False,False,False,True,True,6,1.0,True,True
borough_160__activity_0,8,160,0,inactive,0.12902725344966412,0.870972746550336,83,109.12827774727923,241.23846788140096,49.36601160119322,7,14.080521951423538,76,95.0477557958557,False,False,False,True,True,6,1.0,True,True
borough_160__activity_1,3,160,1,fairly_active,0.05657143559770109,0.9434285644022988,32,46.83938297465957,135.06226619541945,16.24382486128635,3,2.649771137387011,29,44.18961183727256,False,True,False,True,True,6,1.0,True,True
borough_160__activity_1,4,160,1,fairly_active,0.011409552480823832,0.9885904475191762,30,47.606954640937815,149.79348157659004,15.130312122597132,1,0.5431740474279797,29,47.06378059350984,False,True,False,True,True,6,1.0,True,True
borough_160__activity_1,5,160,1,fairly_active,0.06787378643739685,0.9321262135626032,51,58.675480806285314,120.80417147422803,28.499115600351885,2,3.982527053357387,49,54.69295375292793,False,True,False,True,True,6,1.0,True,True
borough_160__activity_1,6,160,1,fairly_active,0.010369939728446975,0.9896300602715531,38,53.49104828351849,120.88159654251635,23.670205625248634,1,0.5546989467115337,37,52.936349336806956,False,True,False,True,True,6,1.0,True,True
borough_160__activity_1,7,160,1,fairly_active,0.03483696579816904,0.965163034201831,30,30.15071441603912,43.97712132731292,20.671329826969707,1,1.050359406901917,29,29.100355009137203,False,True,False,True,True,6,1.0,True,True
borough_160__activity_1,8,160,1,fairly_active,0.11873972311793989,0.8812602768820601,39,41.54566608266629,64.16358890824345,26.90065190587638,6,4.933120887406181,33,36.612545195260104,False,False,False,True,True,6,1.0,True,True
borough_160__activity_2,3,160,2,active,0.10942253694811799,0.890577463051882,225,315.96251466925344,870.1461055153347,114.730514844968,22,34.573419935616656,203,281.3890947336368,False,False,False,True,True,6,1.0,True,True
borough_160__activity_2,4,160,2,active,0.11501316691186493,0.8849868330881351,225,287.78414158717555,709.8623817472006,116.67009589270168,24,33.09896551095359,201,254.68517607622198,False,False,False,True,True,6,1.0,True,True
borough_160__activity_2,5,160,2,active,0.12442388825637049,0.8755761117436296,263,282.07798677973386,557.259866539611,142.78435502595426,35,35.09723990666356,228,246.98074687307033,False,False,False,True,True,6,1.0,True,True
borough_160__activity_2,6,160,2,active,0.11374125078864901,0.8862587492113511,252,295.77387213132135,528.7806400132287,165.44135094160535,28,33.64169016681843,224,262.13218196450293,False,False,False,True,True,6,1.0,True,True
borough_160__activity_2,7,160,2,active,0.15596637560411875,0.8440336243958813,265,304.47686230857283,576.1803221937807,160.89782332082962,34,47.48815266958242,231,256.98870963899043,False,False,False,True,True,6,1.0,True,True
borough_160__activity_2,8,160,2,active,0.14397451036054296,0.8560254896394571,285,312.3726626343299,518.0098384770184,188.3683920910508,44,44.97370115279672,241,267.3989614815332,False,False,False,True,True,6,1.0,True,True
borough_171__activity_0,3,171,0,inactive,0.023131302676008735,0.9768686973239913,92,206.8279925250947,930.215950923002,45.98697587319864,2,4.784200896969237,90,202.04379162812546,False,True,False,True,True,6,1.0,True,True
borough_171__activity_0,4,171,0,inactive,0.04281942564904594,0.9571805743509539,74,199.59998033202555,869.7589749375439,45.80596843097347,5,8.546756517378201,69,191.05322381464734,False,False,False,True,True,6,1.0,True,True
borough_171__activity_0,5,171,0,inactive,0.06919425803408893,0.930805741965911,131,240.97421751944535,766.1301033503585,75.79466366765863,12,16.674032186603174,119,224.30018533284218,False,False,False,True,True,6,1.0,True,True
borough_171__activity_0,6,171,0,inactive,0.09617978080460356,0.9038202191953965,112,209.94117596792285,637.4218632039025,69.14619643771971,10,20.192096286455524,102,189.74907968146732,False,False,False,True,True,6,1.0,True,True
borough_171__activity_0,7,171,0,inactive,0.11454983166110874,0.8854501683388912,107,188.6066862234864,548.7041458774111,64.8299859869331,10,21.604864157059925,97,167.00182206642648,False,False,False,True,True,6,1.0,True,True
borough_171__activity_0,8,171,0,inactive,0.11774793310149471,0.8822520668985052,123,234.3733732960833,721.1524199575834,76.17096828631057,14,27.596980279638863,109,206.77639301644442,False,False,False,True,True,6,1.0,True,True
borough_171__activity_1,3,171,1,fairly_active,0.0377650640585253,0.9622349359414748,45,133.119929863666,715.3537672358686,24.772240726963776,2,5.02728267876774,43,128.09264718489825,False,True,False,True,True,6,1.0,True,True
borough_171__activity_1,4,171,1,fairly_active,0.060012331075454305,0.9399876689245458,41,82.05685085839309,315.3315763883825,21.35316370759956,2,4.924422900723063,39,77.13242795767003,False,True,False,True,True,6,1.0,True,True
borough_171__activity_1,5,171,1,fairly_active,0.11928951103352936,0.8807104889664706,51,96.35844279103326,343.07845590584805,27.063633222311463,6,11.49455152449467,45,84.86389126653859,False,False,False,True,True,6,1.0,True,True
borough_171__activity_1,6,171,1,fairly_active,0.1407209821933442,0.8592790178066558,42,69.61057233610094,185.25568542680537,26.156453821084234,6,9.795668110176958,36,59.81490422592399,False,False,False,True,True,6,1.0,True,True
borough_171__activity_1,7,171,1,fairly_active,0.0,1.0,46,83.54976823874141,247.56090552570853,28.197359182879904,0,0.0,46,83.54976823874141,False,True,True,True,True,6,1.0,True,True
borough_171__activity_1,8,171,1,fairly_active,0.11713618725090753,0.8828638127490925,43,81.3061176309912,228.75191298029915,28.898926693539437,3,9.5238886194681,40,71.7822290115231,False,True,False,True,True,6,1.0,True,True
borough_171__activity_2,3,171,2,active,0.16616492202546387,0.8338350779745362,182,413.8429457802464,1852.5084931178426,92.45084943379922,25,68.76618081636292,157,345.0767649638835,False,False,False,True,True,6,1.0,True,True
borough_171__activity_2,4,171,2,active,0.10188316097538752,0.8981168390246126,184,437.43128279314743,1892.7774732188052,101.09277496876618,16,44.5668818004845,168,392.864400992663,False,False,False,True,True,6,1.0,True,True
borough_171__activity_2,5,171,2,active,0.0690203696721702,0.9309796303278298,216,371.93841252252986,1321.5472513941365,104.67895307098769,22,25.671326727585154,194,346.2670857949447,False,False,False,True,True,6,1.0,True,True
borough_171__activity_2,6,171,2,active,0.07826217001295321,0.9217378299870468,242,422.21264723205013,1245.7181469755471,143.1010055649409,26,33.04327797929375,216,389.1693692527564,False,False,False,True,True,6,1.0,True,True
borough_171__activity_2,7,171,2,active,0.1572797703782693,0.8427202296217307,244,475.1476203928446,1579.9305321016755,142.8956884988243,36,74.73110863116766,208,400.41651176167693,False,False,False,True,True,6,1.0,True,True
borough_171__activity_2,8,171,2,active,0.139647883417129,0.860352116582871,233,409.85187864332454,1167.353270648464,143.8969390424121,37,57.234947367074284,196,352.6169312762503,False,False,False,True,True,6,1.0,True,True
borough_196__activity_0,3,196,0,inactive,0.053075621708998016,0.9469243782910021,76,146.5207906787779,505.65696399371666,42.45633627108716,3,7.776682058570098,73,138.7441086202078,False,True,False,True,True,6,1.0,True,True
borough_196__activity_0,4,196,0,inactive,0.0062094429592484835,0.9937905570407515,82,148.37136581459978,509.6089195775705,43.19795307338396,2,0.9213035328115478,80,147.45006228178823,False,True,False,True,True,6,1.0,True,True
borough_196__activity_0,5,196,0,inactive,0.07577863598902668,0.9242213640109732,125,223.2609223380319,603.0386468408705,82.65712273061315,9,16.918408164428072,116,206.3425141736038,False,False,False,True,True,6,1.0,True,True
borough_196__activity_0,6,196,0,inactive,0.0074267197925879675,0.9925732802074121,98,192.08785450043092,582.7676147625566,63.31467794690749,2,1.426582670934108,96,190.66127182949683,False,True,False,True,True,6,1.0,True,True
borough_196__activity_0,7,196,0,inactive,0.020007506857301384,0.9799924931426985,99,168.1545079493545,422.6652527515746,66.89913201904243,2,3.3643524708828503,97,164.79015547847163,False,True,False,True,True,6,1.0,True,True
borough_196__activity_0,8,196,0,inactive,0.05670219055761428,0.9432978094423857,106,193.62720934842687,586.2209353628559,63.954550133650955,8,10.979086921613574,98,182.6481224268133,False,False,False,True,True,6,1.0,True,True
borough_196__activity_1,3,196,1,fairly_active,0.09743668778756959,0.9025633122124305,36,85.42361425217334,359.72088502167156,20.285710882381736,2,8.323394031574793,34,77.10022022059854,False,True,False,True,True,6,1.0,True,True
borough_196__activity_1,4,196,1,fairly_active,0.07824107712319006,0.9217589228768098,40,91.25966544573038,377.28631029091775,22.0742876433678,4,7.140254522375914,36,84.11941092335445,False,True,False,True,True,6,1.0,True,True
borough_196__activity_1,5,196,1,fairly_active,0.08080367529933435,0.9191963247006657,50,86.71273609010397,254.15467271679046,29.58473483826402,4,7.006707771341633,46,79.70602831876235,False,True,False,True,True,6,1.0,True,True
borough_196__activity_1,6,196,1,fairly_active,0.021683071856771555,0.9783169281432283,36,62.59448649567258,147.58889643836605,26.547185013292275,1,1.3572407485233853,35,61.23724574714919,False,True,False,True,True,6,1.0,True,True
borough_196__activity_1,7,196,1,fairly_active,0.020337365395181606,0.9796626346048184,42,74.5599096283582,205.09750143397724,27.105060202688485,2,1.5163521259436399,40,73.04355750241456,False,True,False,True,True,6,1.0,True,True
borough_196__activity_1,8,196,1,fairly_active,0.1414939227499457,0.8585060772500543,53,84.1855997062022,184.22999235726795,38.46938876352463,7,11.911750741487225,46,72.27384896471497,False,False,False,True,True,6,1.0,True,True
borough_196__activity_2,3,196,2,active,0.12505816767796094,0.8749418323220389,197,403.51882411320514,1499.8813978826931,108.56021125640939,29,50.46332476716284,168,353.05549934604227,False,False,False,True,True,6,1.0,True,True
borough_196__activity_2,4,196,2,active,0.1259936155422635,0.8740063844577365,200,374.4191782653856,1435.0787660019848,97.68782339626136,18,47.17442599801921,182,327.2447522673664,False,False,False,True,True,6,1.0,True,True
borough_196__activity_2,5,196,2,active,0.17574842959713008,0.8242515704028699,216,292.2619191856255,666.3329681832823,128.18970917640414,43,51.36457332791703,173,240.89734585770847,False,False,False,True,True,6,1.0,True,True
borough_196__activity_2,6,196,2,active,0.10505082548858811,0.8949491745114119,231,366.95305571795694,942.2399279035611,142.9089779716149,25,38.54872141873125,206,328.4043342992257,False,False,False,True,True,6,1.0,True,True
borough_196__activity_2,7,196,2,active,0.14952950559078054,0.8504704944092194,232,411.134787253493,1175.1764627723703,143.83526103918925,37,61.47678146918555,195,349.6580057843074,False,False,False,True,True,6,1.0,True,True
borough_196__activity_2,8,196,2,active,0.16472779757468814,0.8352722024253117,227,372.3295439393994,963.7334183105992,143.84609546189117,33,61.33302574512534,194,310.996518194274,False,False,False,True,True,6,1.0,True,True
borough_201__activity_0,3,201,0,inactive,0.014973789986307755,0.9850262100136922,42,52.16995627482844,97.1859718083446,28.005115214414303,1,0.7811819688541395,41,51.388774305974295,False,True,False,True,True,6,1.0,True,True
borough_201__activity_0,4,201,0,inactive,0.00860935977295612,0.9913906402270438,48,53.35912053589426,96.90939072207847,29.379977762211105,1,0.4593878658620449,47,52.899732670032215,False,True,False,True,True,6,1.0,True,True
borough_201__activity_0,5,201,0,inactive,0.09222344165198071,0.9077765583480193,51,70.9438621890125,155.51173853187376,32.36431943857425,6,6.542687135154555,45,64.40117505385795,False,False,False,True,True,6,1.0,True,True
borough_201__activity_0,6,201,0,inactive,0.16193168606854863,0.8380683139314514,57,80.06444729662265,232.04821857019712,27.624929682338735,6,12.964970944888556,51,67.0994763517341,False,False,False,True,True,6,1.0,True,True
borough_201__activity_0,7,201,0,inactive,0.04191677136407342,0.9580832286359268,53,71.34257633028076,134.33992942586082,37.88719570714724,4,2.9904504605603353,49,68.35212586972044,False,True,False,True,True,6,1.0,True,True
borough_201__activity_0,8,201,0,inactive,0.08884880087859995,0.9111511991213999,53,66.1829215370413,123.28031075609283,35.530240606257436,5,5.880273217208586,48,60.3026483198327,False,False,False,True,True,6,1.0,True,True
borough_201__activity_1,3,201,1,fairly_active,0.07920983593516721,0.9207901640648326,34,39.93139452947734,77.64081762666949,20.53708755020966,4,3.1629592093423335,30,36.768435320135,False,True,False,True,True,6,1.0,True,True
borough_201__activity_1,4,201,1,fairly_active,0.2269555755277212,0.773044424472279,28,36.77156010489784,73.08440476936589,18.50117869626382,7,8.34551058665928,21,28.42604951823856,True,False,False,True,True,6,1.0,True,True
borough_201__activity_1,5,201,1,fairly_active,0.07559847673631766,0.9244015232636824,30,35.06094351613708,59.70845013113047,20.5878691800249,2,2.6505539227580366,28,32.410389593379044,False,True,False,True,True,6,1.0,True,True
borough_201__activity_1,6,201,1,fairly_active,0.013057287150854194,0.9869427128491458,32,40.301175024025696,87.38369034836371,18.58681753817194,1,0.5262240148055367,31,39.77495100922016,False,True,False,True,True,6,1.0,True,True
borough_201__activity_1,7,201,1,fairly_active,0.043816437520036944,0.9561835624799631,28,31.137420965833023,73.10754456194051,13.26181846501566,2,1.364330860284511,26,29.773090105548512,True,True,False,True,True,6,1.0,True,True
borough_201__activity_1,8,201,1,fairly_active,0.12700388878534086,0.8729961112146591,41,40.0304442907214,54.78364198407818,29.250272747077805,5,5.0840220947265635,36,34.946422195994835,False,False,False,True,True,6,1.0,True,True
borough_201__activity_2,3,201,2,active,0.15873225445753325,0.8412677455424669,254,340.72996573610703,854.02293819269,135.94120761699511,39,54.08483562253033,215,286.6451301135767,False,False,False,True,True,6,1.0,True,True
borough_201__activity_2,4,201,2,active,0.21604667035786754,0.7839533296421324,248,340.7400948078795,892.3705091547467,130.10718195926958,48,73.61576294066647,200,267.12433186721296,False,False,False,True,True,6,1.0,True,True
borough_201__activity_2,5,201,2,active,0.20812482860780182,0.7918751713921983,305,318.7302343519498,593.3863765109215,171.20204694854337,62,66.33567539662405,243,252.39455895532575,False,False,False,True,True,6,1.0,True,True
borough_201__activity_2,6,201,2,active,0.12433200586884849,0.8756679941311515,282,307.452868179295,495.3092506899079,190.84494388103903,40,38.22623181086241,242,269.2266363684326,False,False,False,True,True,6,1.0,True,True
borough_201__activity_2,7,201,2,active,0.14907973554734957,0.8509202644526505,273,319.9488684689874,573.3497700462482,178.54246008737067,45,47.69789270003038,228,272.25097576895706,False,False,False,True,True,6,1.0,True,True
borough_201__activity_2,8,201,2,active,0.19591958290365907,0.8040804170963409,290,331.76856508147495,557.7875758018539,197.33386965098308,53,64.99995889130804,237,266.7686061901669,False,False,False,True,True,6,1.0,True,True
borough_241__activity_0,3,241,0,inactive,0.011944149530484104,0.9880558504695159,63,93.31120220043604,210.47474698539344,41.368290404429885,1,1.1145229519512454,62,92.1966792484848,False,True,False,True,True,6,1.0,True,True
borough_241__activity_0,4,241,0,inactive,0.0,1.0,48,120.90484214292569,480.3208766686592,30.43378200629354,0,0.0,48,120.90484214292569,False,True,True,True,True,6,1.0,True,True
borough_241__activity_0,5,241,0,inactive,0.07553722705402885,0.9244627729459711,74,142.18027760268743,424.1515868206216,47.66039304652302,6,10.739903911879052,68,131.44037369080837,False,False,False,True,True,6,1.0,True,True
borough_241__activity_0,6,241,0,inactive,0.07566104072284867,0.9243389592771513,79,156.97712492106862,482.1173751508494,51.11165665990491,6,11.877052641208676,73,145.10007227985994,False,False,False,True,True,6,1.0,True,True
borough_241__activity_0,7,241,0,inactive,0.09289610401224738,0.9071038959877525,73,156.63431038092654,529.5187951630429,46.333213122216236,6,14.55071718903319,67,142.08359319189333,False,False,False,True,True,6,1.0,True,True
borough_241__activity_0,8,241,0,inactive,0.1171879207580028,0.8828120792419973,72,138.94130861462483,468.6735344514056,41.19005196685802,9,16.282243063943866,63,122.65906555068098,False,False,False,True,True,6,1.0,True,True
borough_241__activity_1,3,241,1,fairly_active,0.2345832365702832,0.7654167634297169,33,72.83078579068184,331.4482737803868,16.003472573227995,5,17.08488145273514,28,55.74590433794671,False,False,False,True,True,6,1.0,True,True
borough_241__activity_1,4,241,1,fairly_active,0.06399021714498467,0.9360097828550153,28,66.02417440253707,271.9672569521202,16.0283692029297,4,4.224901256836685,24,61.79927314570039,True,True,False,True,True,6,1.0,True,True
borough_241__activity_1,5,241,1,fairly_active,0.09593039680192375,0.9040696031980763,44,60.86753298917313,116.16179658485609,31.893933126987104,3,5.8390465920055625,41,55.02848639716757,False,True,False,True,True,6,1.0,True,True
borough_241__activity_1,6,241,1,fairly_active,0.04940824378348863,0.9505917562165114,27,43.092738067947536,107.81857276532786,17.2232299738798,2,2.129136507759173,25,40.963601560188366,True,True,False,True,True,6,1.0,True,True
borough_241__activity_1,7,241,1,fairly_active,0.031914376832216984,0.968085623167783,28,58.88098281557276,184.37834757960468,18.803564425214965,1,1.8791498738274817,27,57.00183294174528,True,True,False,True,True,6,1.0,True,True
borough_241__activity_1,8,241,1,fairly_active,0.03564018687720928,0.9643598131227907,35,57.56327699694504,147.31036814488508,22.493534571633443,1,2.0515659494356835,34,55.51171104750936,False,True,False,True,True,6,1.0,True,True
borough_241__activity_2,3,241,2,active,0.09311254677658419,0.9068874532234158,237,544.771427040769,2767.006340311224,107.2552322690578,18,50.72505498288013,219,494.0463720578889,False,False,False,True,True,6,1.0,True,True
borough_241__activity_2,4,241,2,active,0.18046783190200244,0.8195321680979976,232,512.2201349575097,2331.2196010119183,112.5460109129153,32,92.43925721233286,200,419.78087774517684,False,False,False,True,True,6,1.0,True,True
borough_241__activity_2,5,241,2,active,0.13217932034464844,0.8678206796553516,278,477.80921188649455,1567.2979575595382,145.6657567008412,31,63.15649688156896,247,414.6527150049256,False,False,False,True,True,6,1.0,True,True
borough_241__activity_2,6,241,2,active,0.07303739950653908,0.9269626004934609,281,497.4209398922069,1425.0141215280391,173.63167684116036,17,36.330331909825276,264,461.0906079823816,False,False,False,True,True,6,1.0,True,True
borough_241__activity_2,7,241,2,active,0.14021314564958628,0.8597868543504136,289,496.24286700914814,1417.281442321427,173.7530568763421,36,69.57977338952196,253,426.6630936196261,False,False,False,True,True,6,1.0,True,True
borough_241__activity_2,8,241,2,active,0.1243717632901734,0.8756282367098265,304,496.09333763115245,1179.834773495881,208.59581796592624,37,61.700003157693764,267,434.39333447345865,False,False,False,True,True,6,1.0,True,True
borough_255__activity_0,3,255,0,inactive,0.07362632432585782,0.9263736756741421,78,113.6948291197438,456.64202474179626,28.307762904382077,8,8.370932362943242,70,105.32389675680055,False,False,False,True,True,6,1.0,True,True
borough_255__activity_0,4,255,0,inactive,0.09684548354766205,0.903154516452338,71,69.27635451113724,123.39815115640036,38.89210048430974,6,6.709102051050346,65,62.5672524600869,False,False,False,True,True,6,1.0,True,True
borough_255__activity_0,5,255,0,inactive,0.039200403083397145,0.960799596916603,70,104.91662638725974,269.13509954092234,40.89952782546723,2,4.112774044530763,68,100.80385234272899,False,True,False,True,True,6,1.0,True,True
borough_255__activity_0,6,255,0,inactive,0.13280088676398072,0.8671991132360193,91,123.50068103814448,289.69554979856366,52.64981884426974,8,16.400999957821124,83,107.09968108032335,False,False,False,True,True,6,1.0,True,True
borough_255__activity_0,7,255,0,inactive,0.08746651794167322,0.9125334820583269,91,112.69596758906178,216.15887514584904,58.754844566365946,8,9.857123871082896,83,102.83884371797889,False,False,False,True,True,6,1.0,True,True
borough_255__activity_0,8,255,0,inactive,0.05419530368924407,0.9458046963107559,52,76.9104022027986,158.65386203887107,37.28374393777435,3,4.168182604242576,49,72.74221959855602,False,True,False,True,True,6,1.0,True,True
borough_255__activity_1,3,255,1,fairly_active,0.04283518998902767,0.9571648100109724,47,71.85037907294205,182.0174042999068,28.362545838854775,4,3.0777246383731303,43,68.77265443456892,False,True,False,True,True,6,1.0,True,True
borough_255__activity_1,4,255,1,fairly_active,0.0750015194516651,0.9249984805483349,39,39.53701262100154,63.13994134132154,24.75731421008186,4,2.9653360211547755,35,36.57167659984676,False,True,False,True,True,6,1.0,True,True
borough_255__activity_1,5,255,1,fairly_active,0.0695734571263358,0.9304265428736642,31,32.23922991128263,47.84314337597727,21.724491158631146,3,2.2429946800187044,28,29.996235231263924,False,True,False,True,True,6,1.0,True,True
borough_255__activity_1,6,255,1,fairly_active,0.04364943259136239,0.9563505674086376,38,33.124981561875074,45.407002926056236,24.165092007094618,3,1.445886649775188,35,31.679094912099885,False,True,False,True,True,6,1.0,True,True
borough_255__activity_1,7,255,1,fairly_active,0.07019295832612085,0.9298070416738792,41,44.35205361747181,80.26670027513924,24.507107596851835,4,3.1132018512490767,37,41.23885176622274,False,True,False,True,True,6,1.0,True,True
borough_255__activity_1,8,255,1,fairly_active,0.04385815622176027,0.9561418437782397,38,49.60759904363734,106.83174481692217,23.035417862841825,3,2.175697828642292,35,47.43190121499505,False,True,False,True,True,6,1.0,True,True
borough_255__activity_2,3,255,2,active,0.10760248693425518,0.8923975130657448,195,250.94349774583463,574.742623951119,109.56667634636655,21,27.002144437432467,174,223.94135330840217,False,False,False,True,True,6,1.0,True,True
borough_255__activity_2,4,255,2,active,0.15613739485666206,0.8438626051433381,239,323.7453062021977,893.9154174572387,117.2493742037607,35,50.548748707483504,204,273.1965574947142,False,False,False,True,True,6,1.0,True,True
borough_255__activity_2,5,255,2,active,0.1246805279853497,0.8753194720146503,241,285.55061127571787,560.2705740560131,145.53530985866885,36,35.602600980395856,205,249.948010295322,False,False,False,True,True,6,1.0,True,True
borough_255__activity_2,6,255,2,active,0.12427747501664041,0.8757225249833597,252,278.88788942592134,484.39812130672607,160.56721000202802,29,34.65948271057351,223,244.22840671534786,False,False,False,True,True,6,1.0,True,True
borough_255__activity_2,7,255,2,active,0.17920764731106453,0.8207923526889354,235,282.62617761164677,492.8472898753861,162.07364413339218,36,50.648772358302274,199,231.97740525334447,False,False,False,True,True,6,1.0,True,True
borough_255__activity_2,8,255,2,active,0.14420137235347216,0.8557986276465278,246,332.4818884285096,652.7159364777331,169.36036023499028,34,47.9443445940651,212,284.5375438344445,False,False,False,True,True,6,1.0,True,True
borough_272__activity_0,3,272,0,inactive,0.012650657790431959,0.9873493422095682,76,174.45507421598467,892.3517783088065,34.10602596364475,2,2.206971443710832,74,172.24810277227385,False,True,False,True,True,6,1.0,True,True
borough_272__activity_0,4,272,0,inactive,0.16543070260768628,0.8345692973923137,61,136.9988343429464,516.684171848908,36.32524786692038,6,22.663813421787644,55,114.33502092115874,False,False,False,True,True,6,1.0,True,True
borough_272__activity_0,5,272,0,inactive,0.040163240650818534,0.9598367593491814,95,201.83248908032522,695.4770003057017,58.57325782226249,5,8.106246830086805,90,193.7262422502384,False,False,False,True,True,6,1.0,True,True
borough_272__activity_0,6,272,0,inactive,0.028920479763702708,0.9710795202362974,104,202.758739567694,694.543296972384,59.19156753839435,4,5.863880024581362,100,196.89485954311266,False,True,False,True,True,6,1.0,True,True
borough_272__activity_0,7,272,0,inactive,0.07880381206847857,0.9211961879315214,81,159.52138838850922,512.1307089818938,49.68863008427264,10,12.57089351147086,71,146.95049487703835,False,False,False,True,True,6,1.0,True,True
borough_272__activity_0,8,272,0,inactive,0.0434696652648335,0.9565303347351665,94,181.76443350764103,563.4300702679702,58.63781688584791,4,7.9012390816292415,90,173.86319442601177,False,True,False,True,True,6,1.0,True,True
borough_272__activity_1,3,272,1,fairly_active,0.0,1.0,30,56.197795343636095,307.04835205135805,10.285651039602243,0,0.0,30,56.197795343636095,False,True,True,True,True,6,1.0,True,True
borough_272__activity_1,4,272,1,fairly_active,0.030111789807931874,0.9698882101920683,30,51.718499323840206,122.52176685012137,21.831248773796233,2,1.557336580821143,28,50.16116274301907,False,True,False,True,True,6,1.0,True,True
borough_272__activity_1,5,272,1,fairly_active,0.0370522150608115,0.9629477849391885,34,52.94862989764982,121.45927300987832,23.082283785860323,1,1.9618640221430348,33,50.98676587550679,False,True,False,True,True,6,1.0,True,True
borough_272__activity_1,6,272,1,fairly_active,0.04779494337511411,0.9522050566248859,55,88.23136351671431,315.7046206262036,24.658408523059943,2,4.21701302319047,53,84.01435049352384,False,True,False,True,True,6,1.0,True,True
borough_272__activity_1,7,272,1,fairly_active,0.09354143259879816,0.9064585674012017,52,87.25937717983633,188.7974200001979,40.329994476645716,4,8.162367149080767,48,79.09701003075556,False,True,False,True,True,6,1.0,True,True
borough_272__activity_1,8,272,1,fairly_active,0.0,1.0,33,51.57143326835163,132.6150634527317,20.055132954786977,0,0.0,33,51.57143326835163,False,True,True,True,True,6,1.0,True,True
borough_272__activity_2,3,272,2,active,0.08279599443752352,0.9172040055624766,208,440.90212693914555,1727.6674062353898,112.51858131829378,23,36.504930049545784,185,404.3971968895998,False,False,False,True,True,6,1.0,True,True
borough_272__activity_2,4,272,2,active,0.07164171791649777,0.9283582820835022,221,459.29300768961514,1841.9606021524783,114.52474426763571,17,32.90454009791925,204,426.38846759169587,False,False,False,True,True,6,1.0,True,True
borough_272__activity_2,5,272,2,active,0.10659557758508499,0.893404422414915,264,403.27042150694814,1105.595141139866,147.09456184360897,31,42.98684350351382,233,360.28357800343434,False,False,False,True,True,6,1.0,True,True
borough_272__activity_2,6,272,2,active,0.06469688438358748,0.9353031156164127,255,388.96150136698765,957.2541396513365,158.046900273282,16,25.1645972836066,239,363.7969040833811,False,False,False,True,True,6,1.0,True,True
borough_272__activity_2,7,272,2,active,0.1305236994748207,0.8694763005251794,327,472.51378388664335,1123.1738042427878,198.7842621680403,36,61.674247125730616,291,410.8395367609128,False,False,False,True,True,6,1.0,True,True
borough_272__activity_2,8,272,2,active,0.1553962624844831,0.844603737515517,290,456.58003262429935,1072.411106398522,194.38937637572155,46,70.95083059485948,244,385.6292020294399,False,False,False,True,True,6,1.0,True,True
borough_279__activity_0,3,279,0,inactive,0.0063866530670498075,0.9936133469329501,74,157.79317031194245,509.4870529077889,48.870102694444796,1,1.00777023513228,73,156.78540007681016,False,True,False,True,True,6,1.0,True,True
borough_279__activity_0,4,279,0,inactive,0.02714052644071209,0.9728594735592879,61,99.23970792997699,241.6042969146401,40.76301521039034,1,2.6934179170420856,60,96.5462900129349,False,True,False,True,True,6,1.0,True,True
borough_279__activity_0,5,279,0,inactive,0.12172423098275752,0.8782757690172426,74,123.66674882271532,351.8977301324516,43.45996991405491,6,15.053239898582856,68,108.61350892413247,False,False,False,True,True,6,1.0,True,True
borough_279__activity_0,6,279,0,inactive,0.01413012861563487,0.9858698713843651,92,167.28652745965934,491.64111812072747,56.92115902852416,2,2.363780148667921,90,164.9227473109914,False,True,False,True,True,6,1.0,True,True
borough_279__activity_0,7,279,0,inactive,0.017445997902847458,0.9825540020971525,78,139.45980835433286,409.6749415414104,47.47431725516294,1,2.4330155240811995,77,137.02679283025165,False,True,False,True,True,6,1.0,True,True
borough_279__activity_0,8,279,0,inactive,0.14483423832549802,0.8551657616745021,105,210.73765508567092,713.1289273329136,62.27535802971977,14,30.52202776083466,91,180.21562732483628,False,False,False,True,True,6,1.0,True,True
borough_279__activity_1,3,279,1,fairly_active,0.11238204979714629,0.8876179502028537,42,63.099148311862166,187.48580500470112,21.23628782233697,3,7.091211627741213,39,56.007936684120956,False,True,False,True,True,6,1.0,True,True
borough_279__activity_1,4,279,1,fairly_active,0.03760624549033191,0.9623937545096682,36,84.21604637242498,363.8238503690199,19.49389095687048,1,3.16704931410659,35,81.0489970583184,False,True,False,True,True,6,1.0,True,True
borough_279__activity_1,5,279,1,fairly_active,0.10607203987599534,0.8939279601240047,28,63.131844456721524,270.2597903269887,14.747402044845243,4,6.6965235226585005,24,56.43532093406302,True,True,False,True,True,6,1.0,True,True
borough_279__activity_1,6,279,1,fairly_active,0.0,1.0,48,81.85958455967783,259.76913271052973,25.79595009754375,0,0.0,48,81.85958455967783,False,True,True,True,True,6,1.0,True,True
borough_279__activity_1,7,279,1,fairly_active,0.10660354079619913,0.893396459203801,37,59.24181569980218,136.76809261832702,25.660902775060272,3,6.315387316794772,34,52.92642838300741,False,True,False,True,True,6,1.0,True,True
borough_279__activity_1,8,279,1,fairly_active,0.07963076965689199,0.920369230343108,31,42.70121259382217,96.80840778043256,18.835074336914683,3,3.4003304241286285,28,39.300882169693544,False,True,False,True,True,6,1.0,True,True
borough_279__activity_2,3,279,2,active,0.1346358211158969,0.8653641788841031,187,368.2334659077175,1311.719511132754,103.37262216776391,27,49.577415044838176,160,318.65605086287934,False,False,False,True,True,6,1.0,True,True
borough_279__activity_2,4,279,2,active,0.083837581059651,0.9161624189403489,186,412.3188395496999,1374.3466864217623,123.70010211196384,20,34.5678141331692,166,377.75102541653064,False,False,False,True,True,6,1.0,True,True
borough_279__activity_2,5,279,2,active,0.15785998927300782,0.8421400107269921,257,383.12118863414344,1029.3116980134496,142.6019401739287,43,60.47950672804789,214,322.6416819060955,False,False,False,True,True,6,1.0,True,True
borough_279__activity_2,6,279,2,active,0.06929545939939587,0.9307045406006041,256,332.4728893459089,722.6910107139772,152.95364202857814,26,23.03886160506927,230,309.43402774083967,False,False,False,True,True,6,1.0,True,True
borough_279__activity_2,7,279,2,active,0.1610181274930828,0.8389818725069171,241,383.98579811986707,1036.6826784544498,142.22779662680531,26,61.82867419719791,215,322.15712392266914,False,False,False,True,True,6,1.0,True,True
borough_279__activity_2,8,279,2,active,0.11584558559060484,0.884154414409395,277,344.8668402495584,655.3591236900179,181.47780843281475,38,39.95130105949166,239,304.9155391900667,False,False,False,True,True,6,1.0,True,True
borough_280__activity_0,3,280,0,inactive,0.048432089746193834,0.9515679102538063,51,114.03135429359521,527.2675828434157,24.661386713571243,3,5.522776785027429,48,108.5085775085678,False,True,False,True,True,6,1.0,True,True
borough_280__activity_0,4,280,0,inactive,0.039942775025418605,0.9600572249745815,44,68.09377832918004,164.06105090023837,28.26242195634243,2,2.719854468433163,42,65.37392386074688,False,True,False,True,True,6,1.0,True,True
borough_280__activity_0,5,280,0,inactive,0.08692822086311015,0.9130717791368899,56,120.21223721308967,416.0631563686464,34.73266439139367,6,10.449835906908048,50,109.76240130618162,False,False,False,True,True,6,1.0,True,True
borough_280__activity_0,6,280,0,inactive,0.07634390019382643,0.9236560998061737,61,137.9867598120489,496.3416208072982,38.3613726619561,4,10.53444741916056,57,127.45231239288835,False,True,False,True,True,6,1.0,True,True
borough_280__activity_0,7,280,0,inactive,0.014088991103977792,0.9859110088960222,52,120.78081778588218,483.39044103500305,30.178515557303154,2,1.7016798673164566,50,119.07913791856572,False,True,False,True,True,6,1.0,True,True
borough_280__activity_0,8,280,0,inactive,0.07016448295587997,0.9298355170441199,37,74.49906164837662,236.88286326079665,23.429766552501587,3,5.227188141256573,34,69.27187350712005,False,True,False,True,True,6,1.0,True,True
borough_280__activity_1,3,280,1,fairly_active,0.06744455307376747,0.9325554469262325,34,60.550597290165335,185.93489686377305,19.718594486768033,2,4.083807972584877,32,56.46678931758046,False,True,False,True,True,6,1.0,True,True
borough_280__activity_1,4,280,1,fairly_active,0.06901399648864927,0.9309860035113506,32,56.80930951186812,173.68975519118376,18.580817525264397,1,3.920637487174656,31,52.88867202469346,False,True,False,True,True,6,1.0,True,True
borough_280__activity_1,5,280,1,fairly_active,0.11381405416797528,0.8861859458320248,34,72.87041530710863,277.0893402220164,19.163845937832914,4,8.293677395006117,30,64.57673791210252,False,True,False,True,True,6,1.0,True,True
borough_280__activity_1,6,280,1,fairly_active,0.057866974600882685,0.9421330253991173,27,44.00567872702201,115.60791793187234,16.75058071166938,3,2.546475493191186,24,41.45920323383082,True,True,False,True,True,6,1.0,True,True
borough_280__activity_1,7,280,1,fairly_active,0.1652916966650803,0.8347083033349195,34,84.8675658002908,336.4378735688982,21.408124027367293,4,14.027903942965413,30,70.83966185732538,False,True,False,True,True,6,1.0,True,True
borough_280__activity_1,8,280,1,fairly_active,0.27318675480046184,0.7268132451995382,32,63.033224048649174,210.01306447482963,18.918762715561424,5,17.219841922460898,27,45.81338212618828,False,False,False,True,True,6,1.0,True,True
borough_280__activity_2,3,280,2,active,0.16153225484161232,0.8384677451583876,253,538.5425129785303,2429.038846182381,119.40032936939461,33,86.99198644949027,220,451.55052652904004,False,False,False,True,True,6,1.0,True,True
borough_280__activity_2,4,280,2,active,0.0775040171799208,0.9224959828200793,261,609.550298594216,2633.4653914598857,141.0884561920614,30,47.24259681427196,231,562.3077017799441,False,False,False,True,True,6,1.0,True,True
borough_280__activity_2,5,280,2,active,0.18919400105387701,0.8108059989461228,274,535.4963087927133,1910.8624970073706,150.06642140903082,52,101.31268921007586,222,434.1836195826374,False,False,False,True,True,6,1.0,True,True
borough_280__activity_2,6,280,2,active,0.10974599605449589,0.8902540039455042,318,554.4685138923487,1497.9364467878302,205.23923665603638,29,60.8506993379719,289,493.6178145543769,False,False,False,True,True,6,1.0,True,True
borough_280__activity_2,7,280,2,active,0.16349971536586902,0.836500284634131,292,541.5612611840551,1606.256968771707,182.59133209522508,41,88.54511205677406,251,453.016149127281,False,False,False,True,True,6,1.0,True,True
borough_280__activity_2,8,280,2,active,0.15905842421513944,0.8409415757848605,318,591.9340036442618,1619.7385775845553,216.32247914527042,43,94.1520898590149,275,497.7819137852469,False,False,False,True,True,6,1.0,True,True
borough_293__activity_0,3,293,0,inactive,0.0386378963366811,0.961362103663319,77,101.3585394593815,222.8801217812009,46.09452578917934,2,3.916280740468983,75,97.44225871891253,False,True,False,True,True,6,1.0,True,True
borough_293__activity_0,4,293,0,inactive,0.018182968723917947,0.981817031276082,72,122.15220372698266,394.892816340501,37.785343915935734,2,2.221089699925379,70,119.93111402705728,False,True,False,True,True,6,1.0,True,True
borough_293__activity_0,5,293,0,inactive,0.0762333992978444,0.9237666007021557,85,155.60639262877427,428.32916282484445,56.52977085952413,4,11.8624042625665,81,143.7439883662078,False,True,False,True,True,6,1.0,True,True
borough_293__activity_0,6,293,0,inactive,0.12940798756720207,0.870592012432798,68,130.93528779651803,376.06478914211453,45.58802122758236,5,16.94407209527983,63,113.9912157012382,False,False,False,True,True,6,1.0,True,True
borough_293__activity_0,7,293,0,inactive,0.054047945475963574,0.9459520545240364,83,150.97245769642893,434.87304944716976,52.412268389303755,6,8.159751161948808,77,142.81270653448013,False,False,False,True,True,6,1.0,True,True
borough_293__activity_0,8,293,0,inactive,0.008816122798177877,0.9911838772018222,74,116.6879172455802,280.821234406498,48.486611277413814,1,1.028735007500653,73,115.65918223807955,False,True,False,True,True,6,1.0,True,True
borough_293__activity_1,3,293,1,fairly_active,0.0,1.0,40,73.36668025849929,242.98527838931338,22.152246456382855,0,0.0,40,73.36668025849929,False,True,True,True,True,6,1.0,True,True
borough_293__activity_1,4,293,1,fairly_active,0.10501678154429007,0.8949832184557099,33,49.70492393584969,121.21380235165906,20.38199788751028,3,5.219851138646682,30,44.48507279720301,False,True,False,True,True,6,1.0,True,True
borough_293__activity_1,5,293,1,fairly_active,0.024627833304915598,0.9753721666950844,36,71.2735102265625,368.41275771382834,13.78864643976805,3,1.7553121289159783,33,69.51819809764652,False,True,False,True,True,6,1.0,True,True
borough_293__activity_1,6,293,1,fairly_active,0.0,1.0,43,78.08069104181605,239.52638241292732,25.452704842581458,0,0.0,43,78.08069104181605,False,True,True,True,True,6,1.0,True,True
borough_293__activity_1,7,293,1,fairly_active,0.036722410885432266,0.9632775891145678,31,47.50718528445886,117.6036767223828,19.191004197765498,2,1.7445783780262596,29,45.76260690643261,False,True,False,True,True,6,1.0,True,True
borough_293__activity_1,8,293,1,fairly_active,0.017846474560083543,0.9821535254399165,22,31.44403160106835,88.32279522328986,11.194472738655664,1,0.5611651100349293,21,30.882866491033422,True,True,False,True,True,6,1.0,True,True
borough_293__activity_2,3,293,2,active,0.053926128192431005,0.946073871807569,227,384.07796768111604,1185.9400290379924,124.38730597340404,13,20.711837721060235,214,363.3661299600558,False,False,False,True,True,6,1.0,True,True
borough_293__activity_2,4,293,2,active,0.13450380250681507,0.865496197493185,222,404.9373163394399,1440.8988863629831,113.79995620517134,27,54.46560882455973,195,350.4717075148802,False,False,False,True,True,6,1.0,True,True
borough_293__activity_2,5,293,2,active,0.16354869249905285,0.8364513075009471,219,344.9264532974629,961.8396571290297,123.69448202987392,28,56.412270445135675,191,288.5141828523272,False,False,False,True,True,6,1.0,True,True
borough_293__activity_2,6,293,2,active,0.11729126344615125,0.8827087365538487,224,381.4759543269538,1056.539425204803,137.7363686181908,16,44.7437966573347,208,336.7321576696191,False,False,False,True,True,6,1.0,True,True
borough_293__activity_2,7,293,2,active,0.1328852148619149,0.867114785138085,272,433.71338690185934,1116.887077074597,168.42105691703532,30,57.63409660694241,242,376.0792902949169,False,False,False,True,True,6,1.0,True,True
borough_293__activity_2,8,293,2,active,0.0847805288260273,0.9152194711739727,266,347.6616272652325,710.2951856573635,170.16672717674138,21,29.4749366120636,245,318.1866906531689,False,False,False,True,True,6,1.0,True,True
