LA_2023,age_group,year,overall_inactive_rate_deterministic,overall_inactive_rate_median,overall_inactive_rate_lower_90,overall_inactive_rate_upper_90,overall_fairly_active_rate_deterministic,overall_fairly_active_rate_median,overall_fairly_active_rate_lower_90,overall_fairly_active_rate_upper_90,overall_active_rate_deterministic,overall_active_rate_median,overall_active_rate_lower_90,overall_active_rate_upper_90
107,16-24,9,0.26549504033193316,0.25416238529088536,0.10268871504081976,0.47375471736332575,0.09236205100628676,0.13514184005730911,5.268073878057464e-06,0.253874034879138,0.64214290866178,0.6061717458063535,0.36570498452517863,0.7907058584612877
107,25-34,9,0.18852237218419268,0.1782666520426216,0.07971588686020258,0.3651556242609423,0.09781511684954645,0.14198282006212276,2.3180705104848525e-06,0.2854694288219412,0.7136625109662609,0.6818366945240822,0.4090850969649938,0.8637874093795889
107,35-44,9,0.2347139238433886,0.22119543262083943,0.10312149075701998,0.3827854621762807,0.10449468321524842,0.14812599922599048,0.011646272452721021,0.2785347667055828,0.660791392941363,0.6275759846822855,0.44203979897444634,0.8125132043558684
107,45-54,9,0.23282648087514055,0.21232059292257005,0.08123839209331045,0.45642280475438635,0.10306722814261168,0.1528265794559145,2.895800080891268e-06,0.3374341697496564,0.6641062909822478,0.6249361655044822,0.3118490824193904,0.798902282103634
107,55-64,9,0.24256677192564063,0.23045603886713273,0.09694127777971849,0.42156846221062744,0.09873724251124781,0.14222445601833347,2.162768972131149e-06,0.2681171573188302,0.6586959855631116,0.626372134365974,0.3982341840260684,0.7837610535545994
107,65-74,9,0.2214939205427415,0.20622958353455279,0.08668961465949038,0.3941404436082789,0.09565089892373337,0.14421542779254817,2.7519046734963136e-06,0.27920622368690085,0.6828551805335251,0.6460635237514945,0.45268053367772454,0.811716764712607
107,75-84,9,0.30503902013163325,0.28643739600267665,0.13829005698025967,0.5183447846048574,0.10767260409242589,0.15272130172547932,5.217626988818368e-06,0.27450793882354313,0.5872883757759408,0.5581896277503026,0.35266433166913785,0.7358385242281348
107,85+,9,0.5391147395754818,0.5167679266003701,0.2668794409946212,0.7451950516945924,0.06830776913681656,0.10430510671934051,2.4880658066090796e-06,0.21233979748955262,0.3925774912877016,0.37958832983096513,0.18959004248546799,0.5977586239739706
109,16-24,9,0.2576380806915674,0.24775746375222935,0.11851167564887563,0.4952249730664512,0.09482336909728259,0.14190272108671353,2.5697182031963056e-06,0.281186351544439,0.6475385502111499,0.6047372071134142,0.32184949215116,0.7712387520260382
109,25-34,9,0.130130304005297,0.12249113002297722,0.045710144373803094,0.22868161538794957,0.08948739941285262,0.13738838032259792,3.0504718156380333e-06,0.26820677323798164,0.7803822965818503,0.7376795821902062,0.5308538971662723,0.8845004058300525
109,35-44,9,0.22489573857239437,0.20577966441803253,0.0908570171640075,0.3976803880846553,0.10023155334479988,0.14920577553730524,6.55553016032184e-06,0.3079648055837228,0.6748727080828058,0.6394574876640697,0.37602947575416523,0.7976613019619393
109,45-54,9,0.18327929101778662,0.177951542388033,0.07845135892837231,0.3474174256112779,0.08936273863046393,0.13085505984998924,7.3833828016712195e-06,0.2614122867634101,0.7273579703517495,0.688347041860764,0.43005100722607215,0.8448365628404416
109,55-64,9,0.25683464336422573,0.24097802610587954,0.10365862755789113,0.41165125290044624,0.09536866377280928,0.1426214448710544,0.01601025053086146,0.32313723494021795,0.6477966928629649,0.6156036545060598,0.4124696232063536,0.7929027206441214
109,65-74,9,0.23480566720712717,0.23036333988822494,0.09699953771171639,0.4177782240493585,0.0943949260816056,0.14299692076725293,2.592843483936567e-06,0.2947374651800519,0.6707994067112673,0.6249767510042166,0.3812742086884191,0.7962612387044727
109,75-84,9,0.29190666418867955,0.27727490992077775,0.11523406094759664,0.4737996235009085,0.12297183779597033,0.17334237285604567,0.014261300831768962,0.29029502656525874,0.5851214980153502,0.5452339703750659,0.35175622404622675,0.7462327809351643
109,85+,9,0.5578880846163117,0.529364702486251,0.2665889410426744,0.7189234379623954,0.11095557307290124,0.16665074809629724,3.002147946550139e-06,0.3078587252282836,0.33115634231078717,0.31733689339935534,0.15740651867782987,0.5321031779802541
112,16-24,9,0.16314802972928927,0.1571642572188513,0.07222853209644269,0.31712524394702735,0.07190136907952913,0.10571811058524469,0.023484184680037788,0.23095894604649578,0.7649506011911817,0.7347664031576324,0.48659771859675277,0.8602227378651324
112,25-34,9,0.13387166721215812,0.1259213691836612,0.04773988743092773,0.2664207649736823,0.08111954574617344,0.11729828422342972,1.4776494320666812e-06,0.24675890898404615,0.7850087870416684,0.7529309574510306,0.5713624262742326,0.9022219951601159
112,35-44,9,0.23379881223004925,0.21735122074572638,0.08241458969259412,0.42773843827985236,0.09932145208636563,0.14940678830940507,2.2019578807013843e-06,0.29063993556214807,0.666879735683585,0.6252782906124748,0.42723349889884854,0.8167054335739179
112,45-54,9,0.17200097231276917,0.1647114498848523,0.0714084424938621,0.3354429823846419,0.0853139346039859,0.12469307168660022,1.6426138068590905e-06,0.25465498624314103,0.7426850930832449,0.7041332609850239,0.4482078361510507,0.8586948096077947
112,55-64,9,0.21872817125649718,0.21121588152224108,0.09562726678283269,0.40272357364756445,0.089660035267648,0.1390265800380572,2.492719848015781e-06,0.2622422596619008,0.6916117934758548,0.6508899993752513,0.43442836063757156,0.8210057698539429
112,65-74,9,0.22898542945800032,0.21612347103304805,0.08705108525520369,0.42021516070854986,0.0830850889995957,0.12172936243665411,2.273612583669992e-06,0.23153434186548424,0.687929481542404,0.6618227737665898,0.45795461765740064,0.8109713818234198
112,75-84,9,0.34780673493912506,0.3241408584724175,0.1487327658258783,0.5287672906884411,0.10115973664877026,0.15331790265978543,2.6193831251587902e-06,0.2784135196714696,0.5510335284121046,0.5174054738215896,0.30821917338382065,0.7272659159698046
112,85+,9,0.40265742152953504,0.38069565935806926,0.1693218051192383,0.5839866425420875,0.11028062597854119,0.15760179853119494,1.966852495077233e-06,0.2782858178748611,0.48706195249192363,0.4676065447363721,0.27472753203059114,0.6956252781520668
114,16-24,9,0.23216537616614905,0.22349331605315967,0.0957759459731135,0.43511336321018756,0.09454225810159912,0.13759089944437725,2.0968206524428097e-06,0.28277825514687716,0.6732923657322519,0.63701523777992,0.38028060889687787,0.8109993333361724
114,25-34,9,0.14731732107666845,0.13408046726442782,0.048549866028292955,0.24809368943246016,0.09357045802595147,0.13982207169181785,2.080606340022787e-06,0.26842386833069515,0.7591122208973802,0.7296035115756284,0.5446047732355256,0.8703540896405776
114,35-44,9,0.17991102231733755,0.1638781519509024,0.06082645190024581,0.30609753527800304,0.09276870779416749,0.1416350566047597,2.2287538840963603e-06,0.27604693714870904,0.727320269888495,0.6898199872956102,0.5311249233196231,0.873570902695775
114,45-54,9,0.2099318991236453,0.20329600240364157,0.087969980613406,0.3444270734235351,0.08849669408733556,0.13399909790699618,0.014796874555392013,0.2612476342982008,0.7015714067890192,0.657720575825274,0.4750637732979403,0.8095867896026488
114,55-64,9,0.22241075731317056,0.21309392994093787,0.08857804202594824,0.41302752665068665,0.1037077051336234,0.15895163381355326,2.9956459296868237e-06,0.2980033643907786,0.6738815375532061,0.6214805026972025,0.40947143524520746,0.8122728099563721
114,65-74,9,0.22295075591219546,0.21043574648692037,0.08506197736237318,0.3932259732803494,0.09912993607791858,0.14836782617513045,2.8562345247237843e-06,0.2725111061351529,0.677919308009886,0.6397749439961071,0.41765510768752995,0.815225358102192
114,75-84,9,0.37373333810859866,0.3556550977251597,0.16267248285334848,0.5776206727958582,0.0885750770710525,0.1269562945632282,1.7756905812285556e-06,0.22678185732885328,0.5376915848203488,0.5176877716613015,0.3057913845781833,0.7065150830396647
114,85+,9,0.5812936390562737,0.5390550004732186,0.3024101418181936,0.7238870180649316,0.1386868038735621,0.2020953072820158,4.141822693453848e-06,0.3360717239258055,0.2800195570701641,0.26685481631514624,0.1354196791817865,0.4652591478811011
117,16-24,9,0.21139949143012624,0.2010733069656856,0.08130395772143002,0.4012672078770732,0.08842938801097772,0.13261893562699897,2.575614096341979e-06,0.26120143624710335,0.7001711205588962,0.6651097889941628,0.40668398576736026,0.8166223565590139
117,25-34,9,0.24044958754618603,0.2188078378346448,0.10606218779456687,0.4121505462172656,0.10247919502643156,0.15274463220910392,6.4539494118164e-06,0.29829256903179524,0.6570712174273824,0.6191074387701143,0.3612385121804698,0.7838876533810638
117,35-44,9,0.2246674285158782,0.21348919044456405,0.08171905702420885,0.42049288739971896,0.10114498187933478,0.1465823210815118,2.822879806876909e-06,0.3091279425123053,0.6741875896047871,0.638403114966248,0.4110951533253835,0.806227937357416
117,45-54,9,0.23870474388730908,0.2202226150381605,0.09247692768921643,0.3881385773961144,0.10459354435627258,0.1509577743355705,2.858034048160783e-06,0.30295092727023704,0.6567017117564183,0.6298712917259157,0.4239901500975429,0.8002979480385924
117,55-64,9,0.22298173506495808,0.20643330447208436,0.07783333097107542,0.39946220006344396,0.10410618903103074,0.16112714956296312,3.009636342802822e-06,0.3708067818676741,0.6729120759040111,0.6228613066358041,0.43866441085151636,0.8064188219775722
117,65-74,9,0.2238879857880603,0.20654948646342752,0.08298318212247319,0.41577191532351204,0.10612791668612988,0.14772739188573988,2.3168787769355325e-06,0.28729807820604214,0.6699840975258098,0.6437996577601011,0.4274490858179505,0.8417746145424133
117,75-84,9,0.34352452662365274,0.32842342845256145,0.1427230612917272,0.5210046863452666,0.11921911443733166,0.1676049935824213,2.4930979295554964e-06,0.3303526617118402,0.5372563589390156,0.5080307248224674,0.29080698136191035,0.721383536411704
117,85+,9,0.5726232403967262,0.5385980667439227,0.2852893774443198,0.7389642163469924,0.07672747507039092,0.11834839085470959,2.0290827443299336e-06,0.24279393530228158,0.35064928453288297,0.34770835849694665,0.16614076666614827,0.5710121738412738
122,16-24,9,0.17600517433310536,0.1609600577292216,0.061329593605178916,0.29600502976419846,0.0994376455913285,0.14661704193198577,8.555335785269629e-06,0.29557554581234946,0.7245571800755661,0.6854531227515822,0.498244596421079,0.8420078841613012
122,25-34,9,0.21112782788344023,0.1959597190383608,0.08201799080823817,0.33991729798875336,0.09900966236748249,0.14892096854772274,2.9065751543487744e-06,0.2862899768403594,0.6898625097490774,0.6548302494923637,0.46217804112222516,0.8106566108936795
122,35-44,9,0.23049430092605389,0.2121590972229177,0.08457298249074505,0.4098444964597428,0.10290900417119049,0.14841122403428494,2.302022807955169e-06,0.3137780135816417,0.6665966949027555,0.6316467536130908,0.43539542743858034,0.8367951886625273
122,45-54,9,0.1805500531011012,0.17186390003779511,0.07601816061788422,0.383028538732279,0.1054859844216928,0.15986079582722204,0.011560876386943773,0.3066419864575145,0.7139639624772061,0.6691590386235343,0.36566498304988276,0.836234353725815
122,55-64,9,0.2305421853136564,0.21558889676779652,0.09122787147056942,0.4033435517442768,0.09838212756701292,0.1431911936247677,6.278896335236918e-06,0.28258117969620844,0.6710756871193307,0.6392562949604108,0.4400062662913062,0.8112393371335614
122,65-74,9,0.25407045098552755,0.23980613364795356,0.11220481853366836,0.40840174523770983,0.09562280244954018,0.13848643810690783,2.6079240533369785e-06,0.2765245483787813,0.6503067465649324,0.6154475964117967,0.4188015919552916,0.7834456555513073
122,75-84,9,0.3993776828645861,0.3810841118913707,0.16340290928799003,0.5750381645960144,0.08476054866857843,0.1269737524120691,1.970805584497975e-06,0.25252397247133795,0.5158617684668355,0.4856876974285008,0.28703569900026576,0.7144255759284991
122,85+,9,0.560668883719617,0.5332097320134225,0.3037398930262087,0.720619394728458,0.106524121652142,0.16161802895717867,2.676708296128397e-06,0.3053766530977287,0.3328069946282409,0.3084284992939188,0.15266176496838593,0.5144892715158083
126,16-24,9,0.26680517495913936,0.25547995982300026,0.105324807102584,0.4535354591186456,0.0911231473945252,0.13414442438759264,0.025063562954390762,0.28947964620547556,0.6420716776463354,0.6067385356158647,0.3678515757266274,0.7881802750656337
126,25-34,9,0.22674294945918538,0.21641254212803804,0.07957035899957716,0.36744050992863947,0.09338597537517866,0.1393122844604869,1.9641512140122486e-06,0.25325966943993894,0.6798710751656359,0.646930903510521,0.44400895983613337,0.8264117747811102
126,35-44,9,0.2326948995118992,0.216634044798584,0.08958764812057925,0.37225311504348735,0.10261470952292161,0.15231828706218248,0.01752585234942309,0.2924169899547801,0.6646903909651792,0.62943376650371,0.43312870986048235,0.7827053546101029
126,45-54,9,0.25353588657374343,0.2316443775936464,0.09928081644815794,0.42987031716765417,0.10004724057608576,0.14816433211167582,2.7373835918912994e-06,0.2922615490442692,0.6464168728501708,0.6135768367497678,0.43126649070528406,0.7917431339955959
126,55-64,9,0.22182701941958446,0.2106211156298927,0.08251139003265351,0.34901582835080863,0.10144082864519635,0.15499331769456637,0.017245212073685345,0.2949741744444308,0.6767321519352191,0.6262522678486171,0.44692350959271376,0.8089263735477022
126,65-74,9,0.28915095639942723,0.27635011205316773,0.11708596161278474,0.43330356102777273,0.0996129065791686,0.14448769345430348,0.0278239635978034,0.28614493997603435,0.6112361370214042,0.5759518612427676,0.376877440459351,0.7687843816111101
126,75-84,9,0.31344605681149257,0.2899826697735652,0.14566375178669502,0.5003258104167653,0.09574349650268228,0.13870723537793941,0.016375526240954577,0.2853422663503912,0.5908104466858252,0.5650418313590045,0.34558072607870394,0.7483583784060718
126,85+,9,0.571775909873933,0.5478398790285777,0.28345183811925745,0.7268156825905122,0.09046065197328114,0.13854816569891354,2.2397151704101974e-06,0.262029080224605,0.33776343815278587,0.3260675191039439,0.17063012687624254,0.5467535758270464
129,16-24,9,0.2270758352696516,0.21626753466125417,0.0827452564495702,0.3726977438237782,0.09794239300615543,0.1427253728158937,2.117640524509416e-06,0.265003135064339,0.674981771724193,0.6404814434737969,0.45477546150554987,0.8231020656253456
129,25-34,9,0.26048749414143973,0.24227488827715543,0.11732778397422317,0.4444248623489444,0.11064984682891349,0.1596880849632814,0.03925175105978346,0.2872368400499055,0.6288626590296468,0.5954956298277523,0.3948428610723018,0.7605166967458272
129,35-44,9,0.2289727632381676,0.2173634949030531,0.09136202208420652,0.40339727353840904,0.10429172487130768,0.15505177768066328,6.701651743704363e-06,0.3018080092924992,0.6667355118905247,0.6291578766059007,0.43368940762631125,0.7848798357626134
129,45-54,9,0.21924350631438758,0.20878956034490276,0.09719633287386609,0.39419565040345933,0.10483923275914632,0.15244857238220078,7.031748777537302e-06,0.30269653506360067,0.6759172609264662,0.6316326046290971,0.43266584371293426,0.7951877208079202
129,55-64,9,0.26549563069038334,0.2523141091057992,0.11017845871056041,0.48020424106969606,0.09658650320709758,0.1394886016253161,2.0433492536000392e-06,0.285147244931948,0.6379178661025191,0.5987480776261142,0.40197547658116545,0.7782520040474716
129,65-74,9,0.2291036673474581,0.20983788451871674,0.08003436568043058,0.41913349819852747,0.09471592983144242,0.1380457451879006,2.002996743595725e-06,0.28211041292917294,0.6761804028210995,0.6401254180854292,0.44519215947699575,0.8428493832778896
129,75-84,9,0.40219429404173257,0.38417403986053444,0.1859098690674163,0.6410326555614717,0.08543096625726414,0.12823815583677267,3.216592842446097e-06,0.2618595997341582,0.5123747397010033,0.49514265488809533,0.20391948269268967,0.7104119059289785
129,85+,9,0.42922209008084994,0.40686761758158885,0.18327374919672434,0.6337287919205663,0.11686283566183256,0.16819587157700575,4.122976359035846e-06,0.3033012550897041,0.45391507425731753,0.4297993874032831,0.1811439012763134,0.6457029214069113
135,16-24,9,0.15529714784503804,0.1504363359233319,0.06657699090415091,0.3110499740697617,0.08102618373316904,0.11766776209850038,7.636258508108712e-06,0.26043487359865797,0.7636766684217929,0.7228851175492332,0.472918850592749,0.8554132050517606
135,25-34,9,0.11469902216278265,0.10716445557842096,0.04074567053212463,0.22674375551764053,0.09056189012826163,0.14180680844388954,0.03821881173622599,0.2719287915253477,0.7947390877089557,0.7491347139611217,0.5837472429867392,0.8855707147749499
135,35-44,9,0.20886030699004451,0.19864195006138302,0.0775147591835991,0.43696549041190763,0.09181639915284089,0.14199631544735633,2.698162852660197e-06,0.34544491875414235,0.6993232938571146,0.656815505984548,0.4038621241452768,0.8093519717426827
135,45-54,9,0.1696633851269331,0.16055928349755164,0.06336379502935033,0.322384524980709,0.09646873288868617,0.1397099101479274,8.6101335357795e-06,0.26926117898889673,0.7338678819843807,0.6934574882291193,0.47501886933944204,0.8595211309177019
135,55-64,9,0.1884921480904602,0.17346906214822416,0.0691507458213223,0.3579392570353769,0.09145108320226025,0.13766618283633883,2.7873486585917055e-06,0.2730456539625467,0.7200567687072796,0.6820268451195428,0.4637939155278819,0.8331045282410184
135,65-74,9,0.18263453099966645,0.16697986014199695,0.06702084187374674,0.3073193968917075,0.08668479273591666,0.13057909787177266,7.187409477666125e-06,0.25843024989704105,0.7306806762644169,0.70075709163336,0.499372769755278,0.8394542787555359
135,75-84,9,0.3075522667367731,0.29486053774276594,0.12079755333504834,0.5189591430380978,0.10813658112381051,0.1695096550757918,0.038945324844467534,0.3137593477563269,0.5843111521394163,0.5463458005857575,0.24168822383451663,0.7407720276877856
135,85+,9,0.5366605594690119,0.5027661993444055,0.24927000454999254,0.7493821680279741,0.12761105409971785,0.18566067214774004,3.1987303022751942e-06,0.3699617856706614,0.3357283864312702,0.3074589995480054,0.14951434858866267,0.5306726959618462
136,16-24,9,0.16307667679057675,0.1516467883482701,0.05926967653741457,0.27578786256933163,0.08198081987022995,0.12562113777482847,2.007390650081745e-06,0.24991205775313727,0.7549425033391933,0.714524106746516,0.5389438053104436,0.872525396823727
136,25-34,9,0.1984058214696335,0.18755908625940937,0.08400092824203798,0.36018988494747645,0.10671577308985633,0.16471370647176273,3.2292043935223844e-06,0.3058290095602885,0.69487840544051,0.6437654566096458,0.38532560742387634,0.8279191843537729
136,35-44,9,0.22209288737231203,0.21155727527174506,0.09616004773577783,0.41587648376522074,0.09867913326727962,0.14573445812500563,2.7290684706835865e-06,0.28643556843695733,0.6792279793604082,0.6419720618172959,0.35022142927384414,0.8156617569838204
136,45-54,9,0.2316660179435448,0.21383714492011446,0.0853954679312701,0.3715600179677283,0.10753775585046328,0.1556465219107186,0.011412231901114522,0.3033718882287439,0.6607962262059919,0.6342083802660307,0.42642411946893694,0.8329663399411099
136,55-64,9,0.16992519285644284,0.15476508652457166,0.06319473401160328,0.32901061377601387,0.09122925068224462,0.13579253200714042,2.8680241350113366e-06,0.2606966363277478,0.7388455564613126,0.700791976728259,0.4308999421570215,0.8626635885381932
136,65-74,9,0.23089146682458223,0.21735248887396086,0.08642876333308656,0.40176160486287427,0.10136322212804007,0.15959417816541482,0.010683041479554397,0.3101599046678834,0.6677453110473777,0.6200823857480771,0.40504409091773386,0.7925227232578401
136,75-84,9,0.29957914631477567,0.2837772642038029,0.12598491075855514,0.5139453585008391,0.0957970312937108,0.13800680187000308,0.0108085835416662,0.3024223902533765,0.6046238223915136,0.5679020157667782,0.33779348004629006,0.7465088832260722
136,85+,9,0.5500869016914236,0.5297834780637447,0.2767221033821903,0.7372227267167668,0.07073273824309512,0.10881359099662294,1.5698306301768473e-06,0.20883579152069578,0.3791803600654814,0.3709472560196123,0.19258048981545284,0.5831639999919749
139,16-24,9,0.17685696968272163,0.16718975809986217,0.07756815636987728,0.3367822342520785,0.09123125658974884,0.14006999756782576,0.014873540611532232,0.2653178030187485,0.7319117737275296,0.6972013197754497,0.5188168395424265,0.8432979471038959
139,25-34,9,0.1322411908328,0.1243827565780618,0.04416498716399719,0.26643741136321325,0.09257832635495603,0.13603081608993864,1.0601118581862356e-05,0.2704080575538432,0.7751804828122439,0.731213191221433,0.5396092318421023,0.8817157682238486
139,35-44,9,0.17936353644552144,0.1674889532915973,0.06057060490984239,0.35230641174228,0.09634454561954417,0.1422660436122418,8.134013609757097e-06,0.2945904052098168,0.7242919179349344,0.6820492757887623,0.4197505025875614,0.8367235675823123
139,45-54,9,0.20325124344379436,0.1937281640049073,0.08154058755039471,0.3885308903265736,0.10024608145635826,0.15637315843213784,0.03139477815626002,0.2945123871442906,0.6965026750998474,0.644384546568439,0.4647557666444886,0.79523918898809
139,55-64,9,0.19864566590673688,0.18675431434554232,0.06824268530584002,0.37109019596047377,0.08637169283438816,0.1321543063846887,0.014360889983081809,0.28435567543074064,0.714982641258875,0.6780655180336164,0.4233388212179806,0.826438150319452
139,65-74,9,0.16954378319375976,0.16025071423673526,0.07034442199581992,0.3279421458283425,0.0896894666293404,0.13792236171525957,2.8286028184861425e-06,0.26512854318455015,0.7407667501768999,0.6948893208495743,0.5068716069616425,0.850374949208777
139,75-84,9,0.27953479045935387,0.26378498951699003,0.11516178959496409,0.4726978549809767,0.09883267176184629,0.14063634237448816,2.2641333473990283e-06,0.3081565791849945,0.6216325377787999,0.5934219911185734,0.33713121227370557,0.7627602185928234
139,85+,9,0.5637902135290566,0.547963180447973,0.274401813288961,0.7683045805517413,0.06922999165485948,0.10150239704120065,1.5875603501199502e-06,0.2114759858464299,0.3669797948160841,0.3488092115804379,0.13850769903669088,0.6364573789410939
142,16-24,9,0.22387482411267143,0.2136852903809111,0.09799812354962983,0.40069806452638673,0.0916730838364718,0.138092723280691,2.6238632591194437e-06,0.25188662135567563,0.6844520920508568,0.6511003359917042,0.46230252967030794,0.8119330474992619
142,25-34,9,0.13072595117542865,0.12655314634832016,0.05428350989338711,0.2538256816212999,0.08574152574825834,0.13532961088986603,0.02287278840721349,0.25908603888061077,0.7835325230763129,0.7420737042283448,0.5347006655878602,0.8791095410854234
142,35-44,9,0.21747067171777132,0.20591858210932934,0.09386803865326998,0.40071754397816434,0.08990049248653807,0.13125690585529917,0.009808932615168367,0.26777964807813415,0.6926288357956906,0.66000423265824,0.36720820135286003,0.8114832491786633
142,45-54,9,0.20074538136215742,0.187763691127656,0.06918604933008564,0.37642037325829425,0.07948541011220323,0.11595903297486976,1.7086068068046622e-06,0.24138248477674612,0.7197692085256393,0.6892341444985131,0.4966813312764728,0.852074388241757
142,55-64,9,0.21415865987977153,0.19763361267522725,0.09201288322442981,0.355550552310599,0.10150630152080124,0.15293811952287803,0.035008428403323195,0.292282968980454,0.6843350385994272,0.6475890292501798,0.4435916547045882,0.8018638011916908
142,65-74,9,0.22454370922607647,0.21241774130498897,0.0779639165558925,0.41986671070106063,0.09990583783607729,0.1383456711393462,2.1668940528638063e-06,0.2859805347531107,0.6755504529378462,0.6430679462385496,0.44536392266292557,0.8534336363790628
142,75-84,9,0.36926900062802526,0.3440369904937899,0.14438787931439556,0.5513041036611024,0.09849308039775817,0.14721565587536023,2.2485205989506222e-06,0.28461427416647717,0.5322379189742166,0.5078259480853085,0.2749787334898735,0.7358614996148682
142,85+,9,0.675568359881834,0.6622534782344681,0.4047163125168224,0.83500821488587,0.028062759608626062,0.042837470768284244,1.3261265432911065e-06,0.09656333939297536,0.29636888050953997,0.2940781245641098,0.13439543694437686,0.532124123475831
147,16-24,9,0.220856432884868,0.20944484099814606,0.08302603763911841,0.39881444456776427,0.08907506667609487,0.13885153060098218,0.009235358204644708,0.2607462859034429,0.6900685004390371,0.6559749382527065,0.39758735645508486,0.8321630967620308
147,25-34,9,0.13988370282118934,0.13244994763135703,0.0508117590615189,0.27928655480253894,0.09203974481329066,0.1382545963932406,0.014356141837379302,0.2703952230077633,0.76807655236552,0.7197774311669154,0.5378183799980791,0.8694305549189808
147,35-44,9,0.16170085588773161,0.15270298865682772,0.05833037485190952,0.3202100340088214,0.09010821409714247,0.13208947031312412,8.43846187947047e-06,0.2663856672338556,0.7481909300151259,0.71079335969209,0.43911133290820303,0.8535518554125521
147,45-54,9,0.21377238634117002,0.19421316466106786,0.07712693878550311,0.3536247932087434,0.10088619414228077,0.15141699340205614,0.010567492915807535,0.29560418137967115,0.6853414195165493,0.6512487487689995,0.42044642894169537,0.829780221172554
147,55-64,9,0.26354685497157976,0.24814636702230208,0.12165360416439845,0.4115397316911195,0.09705946626050957,0.13684476602744827,0.010293084806517496,0.28758261016789266,0.6393936787679106,0.612766777231232,0.35774249120285484,0.7862422706472777
147,65-74,9,0.2220112321514814,0.21413990002380404,0.08311387715261344,0.39326820286732256,0.09247723665275821,0.1339976922687051,2.0751923051300682e-06,0.25928724650295065,0.6855115311957602,0.6497768499049044,0.428560390885397,0.8163524119507076
147,75-84,9,0.2896943348102945,0.2644592195998816,0.1022787914810762,0.5022314073626035,0.09884289018025806,0.14840424858067963,2.5818956867000545e-06,0.30979765193543646,0.6114627750094475,0.5849777125499952,0.33764774833856853,0.778277077742071
147,85+,9,0.5739963957893639,0.5338872948174999,0.2945815375247237,0.7159864975111391,0.14681025264993283,0.21653360573266708,3.873000223615766e-06,0.3888356921310971,0.27919335156070335,0.254959695352365,0.12400250735153961,0.4836421248404186
160,16-24,9,0.2003190997503607,0.18962630514588197,0.0705701724614368,0.3745896040973709,0.0866285110039986,0.13183047460882355,2.4119958060783147e-06,0.25479658682609796,0.7130523892456407,0.6787514924536664,0.36261518240048796,0.8342486291431693
160,25-34,9,0.1716456641994199,0.1715604459491017,0.06418546470745062,0.32611043604125434,0.09549907235893092,0.14171053201280942,2.330516530987194e-06,0.2749586847072288,0.7328552634416492,0.6821373443719387,0.49565745337114875,0.8467391587721591
160,35-44,9,0.22403929401180206,0.21416794383572857,0.10718931655194092,0.3678937384599334,0.10192781026736877,0.1477019969237647,0.017348649343408178,0.29397238461565156,0.6740328957208291,0.6342762321753392,0.4418363316233486,0.7909524783717475
160,45-54,9,0.21395169401318337,0.19548801972094254,0.0792222981986588,0.34827220705481843,0.09889976214230603,0.14896327729077963,0.03370274685678238,0.3029099531229096,0.6871485438445106,0.6475190983309711,0.4560681948832759,0.8149611917077213
160,55-64,9,0.2295521402210405,0.21740187149175744,0.09109005677630513,0.3993484683843014,0.10202528605719181,0.1468339061193999,2.835575892595202e-06,0.27645598026577245,0.6684225737217677,0.6356774694670135,0.4345177638110202,0.8081561621360316
160,65-74,9,0.2316331259251752,0.218595971754527,0.09360134125516696,0.3780084066577285,0.10103938471708684,0.14511173962298818,6.41877874842553e-06,0.27276117662957644,0.6673274893577379,0.6321286568380764,0.44694635670014565,0.800950891704144
160,75-84,9,0.3628964510693111,0.3430772491268138,0.1660388469547166,0.5279038359937411,0.11221910385235069,0.1709409377033643,0.03850815262444429,0.30380169959125386,0.5248844450783382,0.49299191312528995,0.2838561599158453,0.6795163450927242
160,85+,9,0.5952986245743128,0.5766701397273273,0.3519516805883421,0.761506801535491,0.057755558066057394,0.08870909963195511,0.023569295944891242,0.18439142341684178,0.34694581735962987,0.33557782897728894,0.1653545969969055,0.5338105586429961
17,16-24,9,0.21298538245816087,0.1952487931029894,0.07589083916243551,0.3904149928219506,0.08679591334257526,0.12225329081963046,1.7632175180660249e-06,0.25015823791619196,0.7002187041992638,0.6799629348218212,0.46801908426887484,0.8620672636960534
17,25-34,9,0.19580765561820668,0.18697042424759291,0.07266274667818348,0.3561959058193982,0.09183243228388153,0.13068264545465555,2.6184949026705692e-06,0.2512228309018745,0.7123599120979118,0.6829096538883221,0.4759984377408918,0.8340624026329769
17,35-44,9,0.18690068243039992,0.17404206011439338,0.08217879013918451,0.3630309037309616,0.09905308063034687,0.15067777725355658,0.026701538257058174,0.2835904454861793,0.7140462369392533,0.6750919356768026,0.4508331102133954,0.8322010676574347
17,45-54,9,0.23311458453657707,0.21833900059059347,0.08595311339377239,0.409191061875395,0.10934018049460964,0.15727559771862912,7.102706414089803e-06,0.3289295787742767,0.6575452349688133,0.6230335295000249,0.3511613754779413,0.7955277667133839
17,55-64,9,0.2396416642177588,0.22061243661756508,0.09603985924746061,0.42139592581962493,0.10420268927306439,0.15498467099777274,0.029301609643649324,0.3005366444012849,0.6561556465091768,0.6197102203047024,0.4225103919099885,0.7824474198046842
17,65-74,9,0.2652990588412533,0.2511055323270291,0.11850575275197166,0.44625265179924994,0.0972553867632293,0.14235797037055686,0.010322070679133547,0.28670753730350385,0.6374455543955174,0.6016177867680038,0.40229145127135757,0.7634137457117154
17,75-84,9,0.33584823812459524,0.3176173511115514,0.15742320360913112,0.5077107208948937,0.1115184908930404,0.16012377482676984,0.01296339589493551,0.31355245676228183,0.5526332709823644,0.5222039139574385,0.3253832632612564,0.7094490652587235
17,85+,9,0.4159957758188437,0.397387746946971,0.18327962469374884,0.5813543413395036,0.0931465477307314,0.13406123505415524,3.356878217611707e-06,0.2731793527502255,0.49085767645042494,0.4576359327824996,0.27138572428464663,0.717211386183073
171,16-24,9,0.2958864632059613,0.2812978861958473,0.11718923916141714,0.5061337868859809,0.08925441666808948,0.1297222002238454,1.801091432599289e-06,0.23108208576968337,0.6148591201259492,0.587059334662217,0.36864691747675743,0.7621854439990712
171,25-34,9,0.21347658215000295,0.20085267438530344,0.07385063826961022,0.4234927144745535,0.11025344786097492,0.16417777286967278,2.3312657569787172e-06,0.3890364711926821,0.6762699699890221,0.6302128622245381,0.2999951289676807,0.8416759741600507
171,35-44,9,0.27225698791807706,0.25207494649589496,0.11316723830902455,0.4603363740525913,0.10808212644751937,0.1539219129733981,2.894345961914352e-06,0.3052838893280752,0.6196608856344036,0.5859962236337468,0.40369774747694054,0.7702880717780507
171,45-54,9,0.30130821600634866,0.28546701618466824,0.1375191423803002,0.44759491136443197,0.09458531963456994,0.13714920867593833,0.026938731799722525,0.2751000991040801,0.6041064643590813,0.5758434857596048,0.36760645685545135,0.7464614752819859
171,55-64,9,0.3230514217047258,0.3062121627569835,0.13901801617778445,0.5469268351201658,0.09424038882695102,0.1429007188005803,1.5549170249091764e-06,0.2819442929534658,0.5827081894683233,0.5543215221093853,0.33502884354030305,0.7635137519669699
171,65-74,9,0.3003714857129952,0.2787075815295089,0.13798901779114084,0.5132480142631128,0.09296814471516182,0.14227410650650857,1.8691821431724025e-06,0.257632313408096,0.606660369571843,0.5800308091170787,0.36193782054229495,0.7610345575896852
171,75-84,9,0.4252849246478893,0.40133323907962215,0.19576314595384886,0.653401206413091,0.09375022233552893,0.13464876092599953,3.31062898214995e-06,0.24646595535320356,0.48096485301658165,0.46508530588292457,0.25948948389832177,0.6541227468167562
171,85+,9,0.6562595007944169,0.6279370775584514,0.4011713776044352,0.7913987295496263,0.07042314201111258,0.1098477424944271,0.013403972664141872,0.22065575156887546,0.2733173571944706,0.2706859623785652,0.13153381092742986,0.4905432647667324
196,16-24,9,0.2394715616429244,0.22791264199646036,0.10871601490565753,0.3814612230787609,0.09726403164885146,0.14222438352693748,0.027180133418541436,0.2883189979056324,0.6632644067082241,0.6275321955896619,0.4260359496860479,0.7871537276158207
196,25-34,9,0.22288161240799087,0.20985579142275593,0.08541883939738115,0.3672448895593043,0.10708539896799463,0.1592812577221281,0.03084283396218702,0.3055529475500283,0.6700329886240145,0.6307525828167745,0.4061269137496571,0.8013386160874677
196,35-44,9,0.26808944323861594,0.24742608911173,0.1185417903377462,0.4154025032370306,0.10597280135008155,0.15488775295191773,0.02923403508587624,0.26788065385969506,0.6259377554113025,0.5923564142938531,0.3963545892304222,0.7628821645983638
196,45-54,9,0.22703470220806576,0.21214939956488132,0.08755231392251882,0.4015353020938396,0.11155128355498099,0.1610934623258376,0.018855454369999438,0.31585484700061595,0.6614140142369532,0.6192922153049483,0.4260994633496714,0.7917914919010718
196,55-64,9,0.22212026673234025,0.20621557139803554,0.08799736637946914,0.39400060793139924,0.10879936711111589,0.1618341369634926,2.3835710063827814e-06,0.3093129211614541,0.6690803661565439,0.6270311362559529,0.42515492893162643,0.7955481967612944
196,65-74,9,0.23516395632917902,0.21668134258649355,0.09248519047630427,0.43290894597846385,0.10879145645288307,0.16178871422238272,6.809668642026701e-06,0.31387157797580495,0.6560445872179379,0.6179608985142769,0.35399019760900124,0.7850092295910792
196,75-84,9,0.38141671588189213,0.3485390541933441,0.15017408155016482,0.5782220727815938,0.10553440501484013,0.1598069060060232,0.031241959081324704,0.31681060774757847,0.5130488791032677,0.4940434620973941,0.2581269703249702,0.7155632842339441
196,85+,9,0.5591579721901495,0.528333254979655,0.29403952536066846,0.7433902010598925,0.0701572058977317,0.11109696233778327,1.5827545044309488e-06,0.233197504896354,0.3706848219121188,0.36424110695176926,0.15713723283512593,0.5956875016354692
201,16-24,9,0.13049132418583964,0.12343214422142801,0.04563109972589672,0.2616923092558564,0.08547464996509016,0.12634993306430128,2.5791882999483205e-06,0.2576500846459989,0.7840340258490702,0.747177179529122,0.558638756478706,0.8853543239408196
201,25-34,9,0.1460258859479299,0.13741493627643836,0.05992474639030664,0.2791969570107045,0.09187290556779037,0.13998722916733067,0.015110186708597862,0.26740355190290127,0.7621012084842796,0.717110045013167,0.5292857861675208,0.8589571380384416
201,35-44,9,0.15963835795085987,0.15094338465386886,0.05758212734256428,0.3161900696856056,0.08862554491118962,0.12847970900152353,8.40684096209608e-06,0.25370548661074915,0.7517360971379506,0.7127559635046714,0.5193646286475277,0.8592372985068528
201,45-54,9,0.1446763000707421,0.14337398475068586,0.06046828346057308,0.2903762551146006,0.08513313633650879,0.13366144680338782,2.5471534327446106e-06,0.25762121271587896,0.7701905635927491,0.7195655210169004,0.472961258035483,0.876661780871279
201,55-64,9,0.1791670132457815,0.17051389946875356,0.06546212591327726,0.2947190674506596,0.08830765156069173,0.12428350065634698,2.554029646795237e-06,0.25861188951110425,0.7325253351935268,0.7093291500537946,0.5220488284912843,0.8588789414167173
201,65-74,9,0.15081543653989435,0.14812741280305586,0.06168915457549977,0.3053008719953381,0.08742924914015138,0.136220217010465,1.7065136570542497e-06,0.2759822817905886,0.7617553143199542,0.7131349848793809,0.39204340211917726,0.8771161135445017
201,75-84,9,0.34115481951752724,0.3218677203490672,0.13061379789990674,0.5011622034050429,0.09523118191131509,0.1378098587979349,2.416108281576098e-06,0.2767108602431822,0.5636139985711577,0.5332276374054892,0.3370210560567224,0.754020982991702
201,85+,9,0.3684943580048028,0.3480670689539662,0.17157644383578924,0.5760642052686286,0.1217572127660603,0.1769314608513235,3.0040507463744297e-06,0.32377419156974835,0.5097484292291369,0.47327465540241476,0.28412308891595855,0.6822996329156856
241,16-24,9,0.24012035393140563,0.22827917130128791,0.08794019929452743,0.43271087277300985,0.08872184025932946,0.13816855325133648,2.4627042656990985e-06,0.26731161040194235,0.671157805809265,0.6337242698080723,0.41512149571056023,0.7984687722463868
241,25-34,9,0.17629098747815647,0.16557984408456783,0.06429214142771723,0.3476120791458334,0.08929308455943298,0.13444637687069705,2.7796069834115285e-06,0.26810914371848726,0.7344159279624105,0.7041582183483724,0.43639568957978575,0.8443392902743251
241,35-44,9,0.19981791149961023,0.18944603031469603,0.08851084165032082,0.33139169801888657,0.08373830766014576,0.12627868841236878,0.013648927775668711,0.23683365837210674,0.716443780840244,0.6794183379277109,0.5016190701195499,0.8263585638265758
241,45-54,9,0.20873785891047847,0.1956152470337954,0.07243362573909985,0.33924805495568394,0.07776467819943078,0.11556665469456438,0.030257643370492273,0.2332706597669784,0.7134974628900909,0.6860251171349543,0.4874458543569677,0.8297713809696114
241,55-64,9,0.2731701707406626,0.2598535523110419,0.10775005105670235,0.4279454190550923,0.08007495643877004,0.1183800924131099,0.013306794588528495,0.24642579333462866,0.6467548728205674,0.6185607757470192,0.3996182726488915,0.798675756497735
241,65-74,9,0.21454125304178093,0.19533638922158889,0.08989368209545567,0.40181391559234125,0.09001347536614342,0.1357889912073835,2.610491710298279e-06,0.27058365861786626,0.6954452715920757,0.6598226360368344,0.40423189895726797,0.8128198628402291
241,75-84,9,0.2964707666279715,0.2851699793167026,0.11927204327564082,0.5139460692189833,0.07487996107123726,0.10865821037310872,0.00825132332930546,0.23339317187671416,0.6286492723007913,0.6007254636984708,0.3735583543980665,0.7782480543967583
241,85+,9,0.6053663790891556,0.5878998529594173,0.333142761718185,0.7564333110104997,0.03529467572623031,0.05515178731157186,0.010609809338512946,0.10683010714477016,0.3593389451846141,0.35230364846117845,0.20391548135012696,0.6016057604785583
255,16-24,9,0.21014818246318434,0.20260291123078594,0.09025839812096119,0.33685564155448355,0.08609834279565215,0.13067015291690723,0.009334328948656724,0.2409098383638668,0.7037534747411635,0.6673812458925893,0.477953604086934,0.8252301966114369
255,25-34,9,0.21080636280220053,0.19876878658260072,0.07825077857186204,0.4858547954523093,0.0953441063548599,0.14386792655164296,2.185663268002151e-06,0.35389028390809735,0.6938495308429395,0.6590011742470503,0.3085191420471252,0.8206692745749931
255,35-44,9,0.21529683669678906,0.20549677594674362,0.09611948976945417,0.4107070097287106,0.09899783957423632,0.148396081310713,0.010354007384472001,0.3032532648785581,0.6857053237289745,0.6461992887845494,0.38569818346871354,0.8035872144865116
255,45-54,9,0.20588701846783394,0.19363696202519856,0.07877124183437095,0.34197439165076504,0.08807793293934846,0.1374833428026179,6.478155464515857e-06,0.25819170247630263,0.7060350485928176,0.6710990108699538,0.47967453454354547,0.8297656586113328
255,55-64,9,0.2202499675241833,0.2002104781752397,0.08142584055590132,0.4205601011841158,0.10615826569014625,0.15396508389936614,1.9584421690879548e-06,0.30323696189704885,0.6735917667856705,0.6391040365596969,0.36949316944941013,0.8221477302846706
255,65-74,9,0.2013277475035278,0.19186135500282253,0.08361565550938306,0.33465593835343926,0.09129034425086449,0.1384152599984002,0.014501888908131892,0.2704386921796666,0.7073819082456076,0.6681780827247452,0.41122479669162176,0.8195839032909434
255,75-84,9,0.35280081750160897,0.3302720134714599,0.14620574142485704,0.5305984022028516,0.1052995251841423,0.15289397108383737,2.164012304843549e-06,0.2998191820958954,0.5418996573142487,0.5054788229102815,0.2888687097948307,0.7546321945122082
255,85+,9,0.5889719514311328,0.5717720902419764,0.31261888442443775,0.7768664487809586,0.05036753252662784,0.07494057839009718,1.1678801623723632e-06,0.16382957487300248,0.3606605160422395,0.35643495942299425,0.16614083387527556,0.587367464862105
272,16-24,9,0.26064064933955894,0.24615129889774764,0.09417220248726471,0.4489008897024195,0.08797261875814626,0.1376502271039296,2.3227905516936003e-06,0.2640820174410844,0.6513867319022949,0.6187999647915703,0.37856194081494465,0.7960272354303386
272,25-34,9,0.16120565364408113,0.15242802352077067,0.06633000217248317,0.31932892605827473,0.09058998658073898,0.13086332501903064,0.014688438482122937,0.27094453625557163,0.7482043597751799,0.7100140878254088,0.5268607122648488,0.8537208615523797
272,35-44,9,0.22082619191617262,0.20748571414410655,0.08432175770284525,0.36525238653669145,0.1038197708623057,0.1547264383912465,6.914024759470071e-06,0.29812206365512844,0.6753540372215218,0.6383557472070293,0.4557113055971409,0.7992073581255386
272,45-54,9,0.26454754098861144,0.24709426365722717,0.11872232545784346,0.4232275035378008,0.1110882369033099,0.16513992434463431,0.03434714352204623,0.3195021175390064,0.6243642221080786,0.5909874843411771,0.36189179274828714,0.7564901281404666
272,55-64,9,0.2618044945897324,0.24218190100832082,0.11724871009596617,0.45207006858431215,0.09622945751100741,0.13860233375474368,2.0460636242641315e-06,0.27802579221078133,0.6419660478992603,0.6216490919997794,0.40733616993943983,0.7784107499171796
272,65-74,9,0.23886505035651556,0.2257991229976497,0.10839396263432423,0.4146313577274406,0.09731797414009193,0.14068562395276926,2.722478342038328e-06,0.24809159656442537,0.6638169755033925,0.6326455161850787,0.4489662629966362,0.8018346795008355
272,75-84,9,0.3129474354365056,0.29652834706139114,0.11676424616988719,0.4734162233906499,0.12980234883936176,0.18317416591371516,2.773768679686849e-06,0.3612390421035148,0.5572502157241326,0.522096806200052,0.3260067871906433,0.7369793894541965
272,85+,9,0.5971213447095934,0.564907360574496,0.32907941288309306,0.7531278114127774,0.1152346089282644,0.1729627913984556,3.371356316378086e-06,0.285449434921442,0.28764404636214214,0.27311504685158555,0.13289472106382302,0.4812710999222595
279,16-24,9,0.22437857835954206,0.21163980270754917,0.08520986022138786,0.40358672673417256,0.0888098636464555,0.13217138358926547,0.02595873910881733,0.2678591918346339,0.6868115579940024,0.6559464511890865,0.3969194933821716,0.8130552867955358
279,25-34,9,0.2610378012237233,0.2568273131755242,0.09793983873499461,0.4645115949436519,0.09739014231129417,0.14301102855566325,2.6134514759960137e-06,0.28069273327629835,0.6415720564649826,0.6048228719595026,0.3835929237747078,0.7761719103724849
279,35-44,9,0.2279057356018017,0.21443679885998784,0.08505484276397061,0.3967476834303203,0.10239681171914464,0.15266332747054956,0.02807289970534229,0.29996758366381826,0.6696974526790537,0.6321336690838433,0.34140586732564915,0.8384514463918743
279,45-54,9,0.2912013904695951,0.27768026821815395,0.12132649265305014,0.4869902391686059,0.0971926922826012,0.1385840806198082,1.967892495409199e-06,0.2883044166856289,0.6116059172478037,0.5776034350631861,0.37937051791074505,0.7784156573034352
279,55-64,9,0.21146374269110765,0.20033467077459488,0.09531677938369355,0.39293769244140037,0.09278799885118183,0.13541796057522926,0.015587772492285048,0.2716267989905064,0.6957482584577105,0.670134430307022,0.43843265289948974,0.8222852756337282
279,65-74,9,0.23643365011891462,0.22635684229084985,0.10387165606850175,0.4115091386227948,0.09736919319245348,0.14675636171212936,2.0948035398003717e-06,0.26244717211366053,0.6661971566886319,0.6273842760642061,0.4075181155037813,0.7987822890917418
279,75-84,9,0.3731243779547817,0.3514536665216458,0.16230282437868557,0.6017042138640848,0.08908083801662843,0.13631295403035365,3.6153222608393396e-06,0.2762736162423219,0.5377947840285899,0.5165205795468721,0.2380903358474851,0.722449218196078
279,85+,9,0.4435878996843988,0.41309847433472485,0.19998199093670796,0.620426116127681,0.08864514854559677,0.13174483397000486,3.0261625324263523e-06,0.23689588115778842,0.4677669517700044,0.45761846755583246,0.26052910858706463,0.6700340048334215
280,16-24,9,0.13174975689497004,0.12760748592299564,0.047427395271854245,0.22644356337772473,0.08964400685135121,0.13555993233924668,3.030338393358854e-06,0.2677968652239694,0.7786062362536786,0.7310458026759464,0.5660459454777017,0.8867684419621901
280,25-34,9,0.11332168551355279,0.1058697520628374,0.03642292408306276,0.2247834348496855,0.09087094385565718,0.1328914718583607,2.8300645816551368e-06,0.27282653675468677,0.79580737063079,0.7568338832211615,0.5553097742606262,0.896192226283229
280,35-44,9,0.13932124461315734,0.13040494533599875,0.04944493823836575,0.27840282351449575,0.09179173157294003,0.13957693643775962,2.779580004047386e-06,0.27305384738515176,0.7688870238139027,0.7259953994076919,0.5161187445687608,0.8762256518883041
280,45-54,9,0.1862249915186782,0.1750235490735864,0.07011276332434292,0.3537655937371487,0.08930707476693464,0.13545546332799369,2.7210201644084894e-06,0.26090515305186723,0.7244679337143871,0.6770878958006303,0.49112087411136734,0.8357505294876156
280,55-64,9,0.18495792898316712,0.1817013026232187,0.06406260768175238,0.356066092413028,0.08146661837232597,0.11933127153840162,1.588016749602023e-06,0.25751014651334114,0.733575452644507,0.6897429282583363,0.44485929863875645,0.8518865394564401
280,65-74,9,0.16694724050090057,0.15590655419239174,0.06058395339384877,0.31938348072376826,0.09507554956703168,0.1405881829142125,0.010260904356215407,0.2900190784509097,0.7379772099320678,0.6976357369459452,0.4802324829795506,0.845158115407109
280,75-84,9,0.22491224769024332,0.21026919509539715,0.0842992118333917,0.41810620071233157,0.09351702420138978,0.1363934420597434,2.095254160250829e-06,0.2907595837781981,0.6815707281083668,0.6477138151118584,0.4224443772185453,0.8168649149223308
280,85+,9,0.2906843825986975,0.27150567113871427,0.12573574309560015,0.4501436786035732,0.15406502435398634,0.2141552587800566,0.04530292178455338,0.38125256249364486,0.5552505930473162,0.5106175029292697,0.32921900228647916,0.6966185173535245
293,16-24,9,0.21709473776440336,0.20842716375295783,0.08458329364487256,0.3942807100624351,0.09508736873189307,0.13907451538269897,0.009909553534177894,0.2821578242561232,0.6878178935037037,0.6515248246034986,0.4577861901653008,0.8062607301189192
293,25-34,9,0.17170095160430823,0.16377795550934948,0.07180597811642285,0.3415070979836581,0.0934046468910058,0.13877301089160654,2.2648576576013914e-06,0.2837964739392892,0.734894401504686,0.6925151133555669,0.41061292351888096,0.8602140321977241
293,35-44,9,0.2178905831994274,0.20642345405008677,0.08226516407143082,0.4061451158446206,0.08839870529236933,0.12659410533531124,1.8221638918339508e-06,0.26164198491822305,0.6937107115082032,0.6621439498027865,0.43725889396309287,0.8228371994068701
293,45-54,9,0.21186069483548658,0.20098718534240426,0.07943676373488211,0.37848638885527375,0.08528318433485095,0.12391860854634387,0.022905069516003698,0.25359769139277044,0.7028561208296624,0.6718768741592197,0.4771877988054038,0.8101320611822168
293,55-64,9,0.21893216320483155,0.20886507593623296,0.08305654692361197,0.4168003493578946,0.09690509237041055,0.1368607406159612,2.196422352811579e-06,0.28204751569251724,0.6841627444247579,0.6517043522501521,0.4248268243885824,0.8194892884852378
293,65-74,9,0.21472537236773998,0.20239977184301505,0.08122766136239594,0.38348529874754894,0.09838360924649207,0.1477622195752448,6.735096115982393e-06,0.26499337303826054,0.6868910183857678,0.6481613466285927,0.47357639946106894,0.8215553050753793
293,75-84,9,0.3332039562684208,0.31108902985141307,0.13594234524977614,0.5513290388513697,0.0886801969612172,0.12641605052995764,2.1903718722136957e-06,0.27183218723401187,0.5781158467703619,0.5600215950143154,0.327924573221292,0.7696406112063979
293,85+,9,0.44246793904184034,0.42309286836533283,0.18844300654625865,0.644802556311469,0.09094611655162191,0.13499882274189512,2.7872153912292742e-06,0.28061494098009204,0.4665859444065378,0.4457585194110585,0.24804380028772544,0.6622676493777058
30,16-24,9,0.22381051026451962,0.20537946128253864,0.08051735290812116,0.39571976176320656,0.08481820783059578,0.12538841144703713,2.412727882244585e-06,0.2555734839359665,0.6913712819048847,0.6716462768884869,0.43721581603023507,0.8154236765636618
30,25-34,9,0.20329222072252404,0.19075403491298754,0.07647699385291759,0.32403163426709836,0.10419826571476427,0.15596158587321615,3.1126354489812016e-06,0.3003943422556586,0.6925095135627117,0.649052723935422,0.44882585347261483,0.8343143198795158
30,35-44,9,0.2323143398260089,0.21718883035244263,0.10191631873170387,0.4270793007750189,0.10399081005153174,0.15435732400379723,0.03305437437147004,0.31647134004205607,0.6636948501224593,0.6240485533994482,0.3618381690144206,0.7878574155891522
30,45-54,9,0.31280681354760015,0.2883649812330375,0.1289745394716223,0.46967809912511577,0.09592820280702295,0.13803387406126053,0.016406820612391036,0.27836187701870946,0.5912649836453769,0.5640016385477709,0.34681597784143003,0.7844755999988416
30,55-64,9,0.24628235507505566,0.23534932421436727,0.09921383199177364,0.4515097418021695,0.10164812603767408,0.14550148391851114,6.076369944166062e-06,0.3362694790641521,0.6520695188872702,0.6191770350590289,0.2997685752141465,0.7789028584888414
30,65-74,9,0.2461156666873554,0.22962820523051652,0.08750739618922072,0.42888127254490416,0.1040616121483774,0.14800081965740305,2.289893239594043e-06,0.30079171446963104,0.6498227211642672,0.6167822120121967,0.40896444510393154,0.8264492432004567
30,75-84,9,0.3952514108529354,0.37228224009405425,0.167046283888507,0.6023574267654247,0.09897307854969398,0.1475628072424072,1.7632087302469156e-06,0.2943494911752914,0.5057755105973706,0.4846985475217479,0.2886755232103768,0.7235099820272719
30,85+,9,0.5958849063324994,0.5593751924286234,0.32051403109097176,0.7440083022948245,0.12303665790449984,0.1875084635017946,0.05178456995357301,0.3398806935268584,0.28107843576300073,0.26448957197627737,0.1349172527628189,0.4383441292690841
35,16-24,9,0.20012830228949763,0.19143408421128333,0.07575059062833914,0.37720007979792053,0.08179530572260924,0.12436647192334437,2.3017272661721653e-06,0.23293040691614428,0.7180763919878932,0.6851654343148027,0.46603005399437736,0.8418109166742812
35,25-34,9,0.16491033210448514,0.15626342892713302,0.058658972665592876,0.35783167046661823,0.10713318732291797,0.15802404839314999,9.83755068444002e-06,0.3275420890561068,0.7279564805725969,0.6779435281075978,0.38499034322897513,0.8496293268243995
35,35-44,9,0.16323919344045978,0.15967460424651125,0.07042691967976372,0.32632703965346177,0.08872661781236656,0.12830261933998238,2.6107332965165227e-06,0.25631089208183466,0.7480341887471738,0.7024814525184337,0.44896316559587446,0.8502481253704121
35,45-54,9,0.20105727154182199,0.1898901750078803,0.0861148269127558,0.390794018664262,0.10321916820856533,0.14390195395193475,2.1123449028709838e-06,0.2807228144575174,0.6957235602496128,0.6639260400564375,0.43038983910152695,0.8246240875969063
35,55-64,9,0.2331428301123101,0.2171967579148526,0.09579832115273801,0.3738361282292298,0.09613974816163096,0.13611632728160655,0.026257798335878536,0.2626384170032939,0.670717421726059,0.6387870073870113,0.47544252453760727,0.802069231217824
35,65-74,9,0.20997704313703974,0.19858474834292383,0.0776411679372391,0.39288318993037186,0.09900842819116615,0.14223982782771669,2.0381353194178146e-06,0.28883003900171816,0.691014528671794,0.6562297938159953,0.4514877751791365,0.8510419608903838
35,75-84,9,0.3336960139663351,0.3108634385181251,0.14396397795931945,0.5326831293793459,0.0915641100271905,0.1392730943808606,0.02630403924168679,0.3036170138310645,0.5747398760064745,0.5472407155825973,0.3090433424338213,0.7683380300647535
35,85+,9,0.5310270569352823,0.4964080624585915,0.26446033916958694,0.7165225685623633,0.14937764222858513,0.21863990754708945,4.25976668478968e-06,0.39299177101905713,0.31959530083613263,0.2895017466314057,0.11088399697965229,0.4650600212594278
44,16-24,9,0.17920690585515764,0.1694741055448706,0.06712583424854003,0.33099966891844,0.09033384259020051,0.13817362024256466,0.009252758939631036,0.27301444649308054,0.7304592515546419,0.6923458726640912,0.47316216835839403,0.8355427665712157
44,25-34,9,0.1508865313565365,0.14239093057184699,0.049855560910062685,0.29650462620487844,0.09415959321471232,0.1447390762767123,2.7994176727470047e-06,0.29302847146743344,0.7549538754287511,0.7101655380956214,0.44781390593618736,0.867319284571667
44,35-44,9,0.17475318466536835,0.16256459560101202,0.07245192220311641,0.2977187711697645,0.08964652321866512,0.1364597907974359,7.768197674416702e-06,0.2684890100976306,0.7356002921159664,0.6945146489662125,0.5014437350909852,0.8452010594089069
44,45-54,9,0.16994283154627032,0.15971526216692133,0.0584098686179601,0.332632925509612,0.08764793525617283,0.129624309700803,1.9274155831496693e-06,0.25673937455366513,0.7424092331975568,0.7085292990412876,0.4453302481079071,0.8648977071079433
44,55-64,9,0.23192090436147295,0.2163245077100618,0.08749937878165148,0.36060013642342026,0.09356465405092938,0.13583612898321554,0.02954692918831094,0.3116048707417368,0.6745144415875977,0.6479686215174445,0.44963508561747567,0.8096577119782744
44,65-74,9,0.21810794995690622,0.20377257408596317,0.08886646565640767,0.4040384420013363,0.09676104092978784,0.14557834759941746,2.0945791900815514e-06,0.2839710690174923,0.6851310091133059,0.6505034554827829,0.45617724117430963,0.80550724779189
44,75-84,9,0.261188020722348,0.2471574575788656,0.10273393645131523,0.4458176268043363,0.0955313462365842,0.13681489726994644,2.032035023455521e-06,0.28302015043836964,0.6432806330410679,0.6133637949691279,0.40848135820381903,0.8302070451105792
44,85+,9,0.40739416034898057,0.38799632103796106,0.1771308572380356,0.6353758217174728,0.08305574704632938,0.11989791394445329,3.0872489052280807e-06,0.27918043414931387,0.50955009260469,0.4884167340204575,0.2810883972888111,0.6974642940448271
68,16-24,9,0.22219210381809118,0.21200305360382254,0.09755183635618692,0.3930540167223237,0.08746470971004196,0.12711374444066448,0.02361791164287329,0.26208062530296616,0.690343186471867,0.6632960732765181,0.4566803017503877,0.8063901959325052
68,25-34,9,0.21744339642313226,0.20262048571736346,0.09706684448039915,0.4044632656057559,0.09995881498457039,0.14813667499042846,0.016648469612560775,0.2694182014918082,0.6825977885922972,0.6459929814215155,0.3793360665054285,0.8011726455258827
68,35-44,9,0.22074320108624887,0.20780635502517716,0.09766958300768545,0.3832224328527389,0.10804993300291314,0.16722995213816,0.012032785290442358,0.3041434241248119,0.671206865910838,0.6274262903010555,0.40672446109763505,0.8063090601228237
68,45-54,9,0.21141631730149849,0.19835852654291997,0.09098310018333236,0.38540383693767966,0.09030891736921169,0.13828051799177174,0.009838348530375227,0.2685095218808618,0.6982747653292899,0.6628729317008603,0.4047459910749482,0.8222755629341961
68,55-64,9,0.2518873699849697,0.23155230545739008,0.10349248801309452,0.4384248946287238,0.0979079911431944,0.14509343569250144,2.6822463434962787e-06,0.29007894066705586,0.650204638871836,0.6160257410391277,0.4164816696787748,0.7933084261803003
68,65-74,9,0.24442973085598196,0.22403510463696583,0.08686024340376342,0.3782916865004925,0.10233127861055147,0.15199356039735645,0.03088611173392059,0.2917277565227569,0.6532389905334665,0.6210579802485532,0.4580064201436991,0.7897210965075291
68,75-84,9,0.31573755364608697,0.29717788268273665,0.11929412476823514,0.5130570447544112,0.0989910999232538,0.14334967357244777,4.7477230039996175e-06,0.30629187442194444,0.5852713464306593,0.5566360713378433,0.3357199074026519,0.7560319207464672
68,85+,9,0.5767345420126133,0.5311016922511744,0.26765877958249484,0.7307476693956292,0.14544209961789697,0.21463207832776512,3.268040124124876e-06,0.38755189689052655,0.2778233583694897,0.2588205489577129,0.135443357638343,0.5014438720023647
78,16-24,9,0.23210984729952758,0.22219008438236018,0.0907268298729923,0.41770328774009113,0.08477704352317807,0.12416319434015347,0.009243931625096562,0.2558164876320924,0.6831131091772944,0.648616792039849,0.45546402989259815,0.8084273284262835
78,25-34,9,0.20017228919459995,0.18853235721413258,0.06799062205924487,0.3679097939811953,0.10253215908266536,0.15112465412517143,3.08345638264356e-06,0.2916871752120143,0.6972955517227347,0.6651095403364228,0.43445830582561346,0.8256484903844972
78,35-44,9,0.211445952484571,0.19730841706095384,0.09404926630353849,0.3862078658115389,0.09606293593186564,0.1445399712482497,2.7054272441499317e-06,0.2793328471390069,0.6924911115835635,0.6533292793648168,0.4536147724464285,0.8108991964180734
78,45-54,9,0.22220808573752637,0.21376364969301834,0.08759495841005938,0.39835641245951947,0.10213081995018794,0.14854706178885932,0.011306935553797314,0.2909865730344201,0.6756610943122857,0.6392898516880801,0.4339366552823433,0.8138654822944766
78,55-64,9,0.2264026784496075,0.21168836575480415,0.07942826191882887,0.4148201767641107,0.09342706978239952,0.13782326009725943,0.027485187895471604,0.3114423983163918,0.680170251767993,0.6575860532466534,0.3868400765233928,0.8158523781152435
78,65-74,9,0.21503981326936422,0.20108927093934587,0.08342476940300056,0.38332097542403293,0.09264441996226215,0.1396421420122928,0.02556990658213941,0.2763328001636763,0.6923157667683737,0.6593689382841422,0.4791699900504506,0.8096728934626798
78,75-84,9,0.28093883448007445,0.2578391289027898,0.10283896908900586,0.4433063746384156,0.10393377220937876,0.150350036534022,2.416078061791154e-06,0.280421927239819,0.6151273933105468,0.588591013707629,0.38271329346883387,0.7682618024643847
78,85+,9,0.41554231653365825,0.39873019054335235,0.18776404419885107,0.6424693513079032,0.08093795621767898,0.11761952479827674,0.00887806993710355,0.21499529596934877,0.5035197272486629,0.48269807697544054,0.282772599190444,0.6951486735739998
8,16-24,9,0.3234911580874361,0.3077993537194294,0.1280119709272815,0.5437816802602436,0.085558266659539,0.12306487314176763,2.070284805501831e-06,0.27112478593499323,0.5909505752530249,0.5623528860238647,0.32312895958868615,0.7610147815058038
8,25-34,9,0.3087958004226304,0.29467314541245737,0.1464563739365571,0.4753122159158428,0.09193477933284946,0.13154026919849895,0.015639172428451028,0.24186259349242653,0.59926942024452,0.5695243754989068,0.36974628410867166,0.7480550722225077
8,35-44,9,0.31925329024736027,0.2934043825583211,0.1324158726297724,0.5202071034098873,0.09295139948537035,0.14069642520796058,0.01588239230974972,0.29052053943527495,0.5877953102672694,0.5615154618318887,0.35135893272580365,0.7559578345502623
8,45-54,9,0.31279498147308116,0.29681228749634075,0.14582902309979176,0.5291359491755909,0.09376632753424397,0.1365885192418677,0.029941315385776168,0.2825186266112346,0.5934386909926748,0.5577725882139059,0.31723574441747715,0.7502800378549226
8,55-64,9,0.36382377909750574,0.3487404359240343,0.17131773506986858,0.5678044057366295,0.10770801187715599,0.16189527676926027,2.6408856139595073e-06,0.3160927077004026,0.5284682090253383,0.4960587971503282,0.27859054888903134,0.688012007050816
8,65-74,9,0.30916833849640146,0.2924238491072867,0.12352574974588244,0.5293431051154769,0.1146784515412476,0.16087767338150086,2.8461828646349554e-06,0.32824286855869467,0.576153209962351,0.5394111437064931,0.29834559627242035,0.7862868621405332
8,75-84,9,0.39648683214545893,0.3651651188310139,0.1611105751310617,0.5761400588832004,0.101336594400005,0.15071734061907982,0.030044963820894298,0.30836707954310605,0.502176573454536,0.48537866555694387,0.2918367683583045,0.690749317643303
8,85+,9,0.3504246606445455,0.33321625908476404,0.15482553165728194,0.5389649780851365,0.09313352706055872,0.13760938293135644,0.030861204293514636,0.27984742547760794,0.5564418122948958,0.520238586969108,0.33152627679662405,0.7186509696832066
9,16-24,9,0.17922951066004264,0.17108562531757018,0.06056926600641218,0.3948224062185005,0.09140479922433155,0.14009014867734262,2.834102518119415e-06,0.2699269194870145,0.7293656901156258,0.6930314578399537,0.3835479359282222,0.8503162248833431
9,25-34,9,0.19021905337738362,0.1823862399157326,0.06721194072977209,0.4018702973284615,0.10131454578483155,0.14790469864757189,7.817209181517326e-06,0.28966522587425997,0.7084664008377848,0.6646438959844397,0.37863860738036026,0.8607357013076269
9,35-44,9,0.19718989406257637,0.18360124106771308,0.07389235712339284,0.3318214799331716,0.10942191777781618,0.1619518748140399,2.5900555979230615e-06,0.29452077354665823,0.6933881881596073,0.6486669391418056,0.46065345489219284,0.8159451671510884
9,45-54,9,0.19974868600230758,0.18899946663204698,0.07390543309996361,0.36180140573449365,0.09054526152478391,0.13161218481440087,1.968692990095271e-06,0.26550626727141713,0.7097060524729085,0.6726717651482619,0.47520630361820104,0.8307707252447714
9,55-64,9,0.20635289789184838,0.19487930181067192,0.07975636634277418,0.37372842938281925,0.09672099112271113,0.1496254620559046,0.026712069873824608,0.2749043323089302,0.6969261109854406,0.6615641574178619,0.4704423662840978,0.8147749604540669
9,65-74,9,0.17211680118854109,0.1575500883568708,0.06157369631014519,0.3181475912306648,0.10750983098823735,0.1538144377862768,9.156822956041704e-06,0.29390915259230443,0.7203733678232216,0.6945113127501308,0.4813918846705495,0.8666031023229646
9,75-84,9,0.39971064167415254,0.3753043711194231,0.16186117748348774,0.5893614241711121,0.08733121312621937,0.12787166762395688,0.010100469178592914,0.2589013620186436,0.5129581451996281,0.4837439331591217,0.263007311017657,0.6955432523037202
9,85+,9,0.3453272859139828,0.3221903601506675,0.16598291564370843,0.5360626067867456,0.1728471775227279,0.23831931666183434,5.129677111080449e-06,0.444544399247636,0.48182553656328925,0.4355773872128884,0.2069758181636003,0.6738483301292054
91,16-24,9,0.23280848985653593,0.22130866380709593,0.07733953995513317,0.41422108969770133,0.09873689651002923,0.13874489256599892,2.700894632706888e-06,0.2836189617435427,0.6684546136334347,0.6430725822970345,0.40892787217000703,0.8078758872575147
91,25-34,9,0.24104024801981727,0.22190899306163875,0.09718396614803981,0.3734613807207169,0.10719515122324236,0.15800846653212147,6.734407145303136e-06,0.3090041157944784,0.6517646007569403,0.6151652441086654,0.41739939097041245,0.7900743431969135
91,35-44,9,0.28406456286578485,0.2684372060699014,0.11881907476139988,0.5026344663035692,0.10330478788570323,0.14960223149605664,2.723101391635642e-06,0.30216322103026677,0.612630649248512,0.5721456486784666,0.33280403670822334,0.7547191668103252
91,45-54,9,0.20934732202905176,0.20135711657302593,0.08037841890098468,0.345379561157606,0.08856217343051283,0.12739225428049342,2.024526446797651e-06,0.2466401051048153,0.7020905045404353,0.6709311445929176,0.4754795755803622,0.8275440473168839
91,55-64,9,0.21284786601407832,0.20075579438291147,0.08304811992159498,0.43185645784395316,0.10189329133633065,0.14929307974789188,0.017280711624359478,0.39737734860275065,0.685258842649591,0.6478173983002585,0.3122342531626486,0.8158986537996714
91,65-74,9,0.273448025663201,0.2526353800619331,0.1236607903425687,0.49117959981287085,0.09777070622094958,0.14645948586490137,0.027656459895952824,0.2894169373112992,0.6287812681158494,0.593981935860528,0.3498220924135235,0.7801862558182905
91,75-84,9,0.3749053409777444,0.35097330388631504,0.163772015142234,0.5309430756545358,0.08965736960978833,0.1279691969973956,0.02557659069292441,0.2717939704866411,0.5354372894124672,0.5172730358741437,0.3188505827930163,0.7511396599414918
91,85+,9,0.5264848419148054,0.49402069758970507,0.24234934370817648,0.6967261356686548,0.07833258517234092,0.11903661934972269,2.223819159757495e-06,0.23311065677449372,0.3951825729128537,0.39124032133986847,0.2401378964864017,0.6340860374865622
107,16-24,10,0.24146415923767434,0.23173587655457556,0.0889200102969909,0.3931140785307659,0.09777109094565928,0.14677753696248533,1.8251460856550782e-06,0.32773823694347876,0.6607647498166664,0.6102545439809188,0.3778353791896275,0.8111131956158157
107,25-34,10,0.1765143070663627,0.16376533311449792,0.06781922981036309,0.3367063382845552,0.09603762659119629,0.15238443329213597,0.009781508803086958,0.29770016266874094,0.727448066342441,0.6783495323890776,0.43457061540294706,0.8531068040593041
107,35-44,10,0.23004457931474642,0.2123139088943564,0.08093482839938712,0.395483237536466,0.10089804794021694,0.15051096936796482,0.00983221944066581,0.313726842252495,0.6690573727450367,0.6309422119178115,0.40323662932709836,0.7992886660303162
107,45-54,10,0.2272554366821147,0.21184841537599952,0.09443485461509739,0.3870059090297738,0.09822707720586313,0.1448249852457418,2.6422452743270187e-06,0.2764146202946577,0.6745174861120222,0.6369577653307581,0.4097447237517614,0.8045947985204979
107,55-64,10,0.23087697882351169,0.21317041167834433,0.10082493402289697,0.42441179630885373,0.10141960987930218,0.1540025701048183,0.028386951524631294,0.2977085512814422,0.6677034112971862,0.6249023198582162,0.3901551340912443,0.7901021077260427
107,65-74,10,0.22466842602157788,0.20334135444222626,0.09112761193987312,0.37513321594741833,0.09297410549083092,0.1465414495095986,2.604767377875423e-06,0.2644031468263341,0.6823574684875912,0.6487276651262184,0.4786043356600856,0.8227226093355591
107,75-84,10,0.4003442014213304,0.3503558688431617,0.1617022933381931,0.5718010338453227,0.08588459113125065,0.1435161174407611,0.00954546584969606,0.25212340541130035,0.5137712074474189,0.5057488081902896,0.2827623392938438,0.7166720998609086
107,85+,10,0.5536864147101327,0.5240153635297705,0.27135751270735753,0.7033169787157203,0.07656412660059078,0.11089192265960338,0.018518509369598785,0.22455432308943452,0.36974945868927644,0.36943584220525466,0.20161758447290998,0.5898044707740149
109,16-24,10,0.22574293821309602,0.21618928561880213,0.0916498326418274,0.409348492420064,0.09235390064918579,0.13285897384264803,2.4198297798378602e-06,0.3225295398837576,0.6819031611377183,0.6455349433903201,0.3996603435626978,0.8387131559273144
109,25-34,10,0.14802703532581493,0.13617109172731523,0.048746295242532045,0.25773064946605884,0.08920365338217497,0.13900818729890516,0.024100961505348333,0.2823078932083712,0.7627693112920101,0.7209949117104738,0.5412145862903858,0.8743953647893381
109,35-44,10,0.2297501251147489,0.21819269036359468,0.11084666116006647,0.40712860792606165,0.10204888725492098,0.15134796755810687,2.2779947478513885e-06,0.30626438415924845,0.6682009876303302,0.629135223914385,0.40080234044766716,0.7817113649359873
109,45-54,10,0.19924075622955162,0.19597670442061638,0.07344972808443853,0.3743768434562442,0.09165623479450705,0.14231533262219534,2.9883238581753873e-06,0.2723949347507567,0.7091030089759413,0.657967252122782,0.4342038897426714,0.8536258011830588
109,55-64,10,0.2559518917156368,0.23945031168689662,0.10478478608825728,0.47079669302194743,0.10421835531974875,0.16293966977336588,2.5043072834511316e-06,0.35311226952049507,0.6398297529646145,0.5924008723490238,0.28823598931536853,0.7672931038356083
109,65-74,10,0.2399244281651548,0.22066506741845593,0.10030202453462504,0.40272357359303146,0.1000183810878551,0.14853630550904812,0.010441646647032182,0.3194703881653728,0.6600571907469901,0.6206259142132602,0.3572332633024251,0.7959158423230556
109,75-84,10,0.353184295249056,0.3098937610378637,0.13591976865810132,0.5176594300920275,0.1666404848431457,0.22873512359106202,0.019591864206527518,0.38641537201682563,0.4801752199077984,0.4671549630809594,0.21787801889482442,0.6760461657046726
109,85+,10,0.6051505904551359,0.5740311059285761,0.3240705443293109,0.8012626428138643,0.06689464635934599,0.10548224276466339,1.7677857697589407e-06,0.21225834108461436,0.3279547631855181,0.31632526159888713,0.11847677513499318,0.5442488452008324
112,16-24,10,0.16484841218915677,0.1597302829497025,0.06708764127552053,0.35034253304506674,0.07473835340205721,0.12333319066918517,0.022558433766839008,0.24751960891812297,0.760413234408786,0.7120460643850064,0.4609736432879244,0.8693922993322923
112,25-34,10,0.14998997828454977,0.13635435457063255,0.04721640869571611,0.28507666101728674,0.07712585103005924,0.11591724979862546,2.775179665663146e-06,0.24454174176745652,0.7728841706853911,0.7414878765123798,0.5613039300125582,0.8793359012632557
112,35-44,10,0.23222059746934698,0.2109713312024947,0.09691010795306065,0.4130145290985841,0.09239333908619052,0.13144674794571024,0.008681794190573874,0.2762115260309616,0.6753860634444625,0.6440875197172979,0.44175220035818014,0.805120090774773
112,45-54,10,0.16542649712972915,0.16549127040610048,0.07411532178590757,0.33272729388556826,0.07651612112476194,0.13002524014302147,0.014403764054454706,0.30369002067464046,0.758057381745509,0.6904426754537815,0.47107741566888084,0.8536577409235243
112,55-64,10,0.22933470090519048,0.20996829080889423,0.09559246530137716,0.44634606148817507,0.07992277882104269,0.12527947326413083,0.008633823564382128,0.25050227210009135,0.6907425202737668,0.6625696301776702,0.4270206939628533,0.8270544505994716
112,65-74,10,0.22771565957403647,0.21237343230118855,0.09297422734919196,0.4609536495393718,0.08067188845196824,0.12787888269860118,0.015320782378121404,0.26640756502385154,0.6916124519739952,0.6555480166113143,0.3716319754130906,0.8269973145192328
112,75-84,10,0.3584629442571098,0.3160270730400533,0.15379558806976523,0.5516342160658169,0.08518086433063277,0.13205048658390145,0.01130080657911536,0.2538994639604041,0.5563561914122573,0.5442064923486863,0.30919634248774625,0.7344413029875123
112,85+,10,0.45471381672277456,0.4005214615259729,0.18888965161653673,0.6149830805457593,0.07543489641191754,0.11103717738620254,3.4158492792659905e-06,0.21023570187723126,0.469851286865308,0.48377698598733154,0.301437325372996,0.7053126967554182
114,16-24,10,0.2321875894897464,0.22559784643210648,0.10795683601394454,0.39140648268307426,0.09737150101823354,0.14636200021049317,0.0392479868925956,0.30561966212361535,0.6704409094920201,0.6289904135932909,0.4344958528974535,0.7819208594352873
114,25-34,10,0.1484829570029127,0.14358685579069239,0.056985553448854497,0.29541155305872613,0.09016106739423725,0.13581008887944018,2.8486603807158824e-06,0.2894952668687886,0.76135597560285,0.7153462738463289,0.43861499657018266,0.8627762733579154
114,35-44,10,0.19956638954330438,0.18672406768999136,0.06658999353966065,0.41395917836738133,0.09500714445301461,0.1490095978123659,7.002362822035334e-06,0.2817576645834867,0.705426466003681,0.6629808948196113,0.4085432059496552,0.8226170664160232
114,45-54,10,0.21451405266206236,0.1989421608811875,0.0734918344971265,0.3937787280233968,0.09486285483507238,0.1492058498522087,2.779383353027874e-06,0.30132145564997165,0.6906230925028652,0.6465232464344546,0.36327227998783346,0.8475365346252431
114,55-64,10,0.23043321128991417,0.2113725541487469,0.0814004808085673,0.38823358184480533,0.0993791259619333,0.1528812920805728,0.030781091747761353,0.2980578108731581,0.6701876627481526,0.6428135604439115,0.4272917570182294,0.8113956296992246
114,65-74,10,0.22607211683183667,0.21457626406616898,0.08870771105261538,0.4195228525944532,0.09168968371649751,0.14435642981237162,2.7591477409372758e-06,0.3178250607172152,0.6822381994516657,0.6353426202571995,0.3618931119790005,0.8136782185974242
114,75-84,10,0.3331251815940095,0.2982238004475791,0.13523653563386479,0.576359351128562,0.09311811304932782,0.15039860104540248,2.215069978563407e-06,0.30837020859572556,0.5737567053566627,0.5439271977504578,0.231286384558307,0.7322093990417344
114,85+,10,0.6210284048122571,0.6050392046608515,0.34535408956057495,0.783054807539215,0.07458570986647241,0.09998384320119512,0.008426335595446184,0.2308133657799488,0.30438588532127053,0.2936650330880425,0.1433225710313483,0.502395672160855
117,16-24,10,0.19690356451400148,0.1953532380649504,0.08451503307548694,0.38468963998252587,0.0956851062987104,0.1486553372306061,2.6871604740789374e-06,0.2880487993044386,0.7074113291872881,0.6553643423921413,0.36774250543428155,0.8315158061882276
117,25-34,10,0.22990401006087854,0.21499191798064815,0.08201312014641174,0.3797450854552728,0.10723974939357177,0.15010555729890446,6.456755235244734e-06,0.3451649030054881,0.6628562405455497,0.6288202457371879,0.4173665469665192,0.8025217194769992
117,35-44,10,0.23031103878674947,0.2175083603917381,0.08900863750484676,0.41161197259342175,0.10904363505900638,0.159611412994915,0.012046607702606602,0.3050226343313597,0.6606453261542442,0.6152869949137182,0.44789352096649937,0.7987037845883816
117,45-54,10,0.23127425437081106,0.21880759238010672,0.08871971151973247,0.39701055675452257,0.10904697243907503,0.15121726232983462,2.9349986661305086e-06,0.29635253852184584,0.6596787731901139,0.6228061319363692,0.4231169698671116,0.8174519994508843
117,55-64,10,0.22951027457033324,0.21239429827241052,0.09282745146958293,0.39289770385234934,0.10298631465846642,0.14384795736288047,0.027441025704724602,0.2990675235944492,0.6675034107712003,0.6394883933898605,0.37374405068760985,0.808262018893541
117,65-74,10,0.2154924790451035,0.194046571537245,0.08341416628476578,0.4014249122725254,0.10435036834517013,0.14932548492470374,2.3294130728969017e-06,0.32841963808889163,0.6801571526097264,0.635208164048789,0.36989949321926474,0.8293580885058658
117,75-84,10,0.37420200796155273,0.3313166374100085,0.14802152136361998,0.5631768596522563,0.09136519811479295,0.14713221190147358,4.296406069188801e-06,0.2880147135586432,0.5344327939236544,0.5197344654859524,0.3269483983669138,0.7109746080654066
117,85+,10,0.5520951425428547,0.522535487140833,0.2612786775266343,0.7148953306319127,0.11446295971139633,0.15454746745845627,3.1883488543287314e-06,0.3033956878903699,0.333441897745749,0.3214998474655695,0.16181731271099736,0.5499997298429704
122,16-24,10,0.21034334813713956,0.20141685435786041,0.08541126788783736,0.3771400633889844,0.08524959773030606,0.14127877550144352,0.036859347688483715,0.2777744151757943,0.7044070541325543,0.6591632347017043,0.4214113527401196,0.8177021302438696
122,25-34,10,0.16579512631274257,0.16088668314045462,0.06917172458071476,0.32867421713040035,0.09618449886264141,0.14511575818311748,1.8782674308866524e-06,0.3014413552285905,0.738020374824616,0.687672959664303,0.436863646574085,0.8633515294155671
122,35-44,10,0.23004457931474642,0.22004836292815136,0.10180485717102865,0.41024450031343895,0.10089804794021694,0.15061881823592696,2.969228084123175e-06,0.2728311848232898,0.6690573727450367,0.628932166368962,0.4356835436517544,0.791439603888473
122,45-54,10,0.193612456563527,0.18538802625301626,0.07980075568525445,0.3571379352322726,0.09395777810469153,0.1491841944951142,0.009414255067041757,0.2797349923412245,0.7124297653317816,0.661643841213053,0.4399317402655855,0.8365265901458104
122,55-64,10,0.22324087328142891,0.2012084082138036,0.07904246242238284,0.37405421278720663,0.09873738662481762,0.14549948936502638,3.0544561942203305e-06,0.34373511659290956,0.6780217400937536,0.6444162061658869,0.41536168458169415,0.829416658632504
122,65-74,10,0.22913856899861546,0.21900519468107066,0.09741127382071652,0.40428208389045994,0.10364311675916002,0.15306784833220893,0.016163390906634736,0.28722263184204316,0.6672183142422246,0.6296576896302588,0.4211826852082456,0.7902066119111335
122,75-84,10,0.3485417847339971,0.3067208063818701,0.1204350551051387,0.5344913225928034,0.09491233929212316,0.14866042637371255,2.081309343057021e-06,0.2707006788080262,0.5565458759738797,0.5380288727915562,0.3710234707197803,0.7739691819796364
122,85+,10,0.5901203490231034,0.567263309763326,0.3169756792576848,0.7645221579941778,0.1206427924183952,0.16071971201216018,0.02358135601096234,0.3498914878222693,0.28923685855850134,0.27080724411752066,0.12113919764335707,0.47888479080718305
126,16-24,10,0.243009543428286,0.23148311557712,0.0964310105104509,0.42126457221491176,0.09540395824675954,0.14653342254515328,0.027989827571655083,0.25144963496701006,0.6615864983249544,0.6223196360900262,0.40724599579516746,0.8167966911583241
126,25-34,10,0.2259258312154717,0.18800507036868183,0.08155438551861097,0.40531372371933005,0.09282332339054584,0.1464689898925104,2.5793022601693767e-06,0.2940979036321487,0.6812508453939824,0.6594593669091436,0.42679726207071855,0.8289644417070375
126,35-44,10,0.24213003741281783,0.22275312438651085,0.09487518461905933,0.4234452035686416,0.09931432101551596,0.15312442081043698,0.010580523545492888,0.28983667087727316,0.6585556415716661,0.6227349901118665,0.4190075111420285,0.8023839403459011
126,45-54,10,0.25409884146900036,0.23283552274202696,0.09688897906779712,0.4211332893124467,0.10475640075974903,0.15369107363779913,2.4699749076819875e-06,0.3402888408587824,0.6411447577712506,0.5956292538998564,0.40887285573074283,0.8054888305970582
126,55-64,10,0.24278192330496476,0.2198125668399603,0.08598657718322467,0.40072921312812043,0.09688940796605527,0.14423116197904148,2.777049714336668e-06,0.2836168845530162,0.66032866872898,0.6333673116146058,0.46107535255477433,0.8158735417398899
126,65-74,10,0.2869218143473336,0.25414309189156237,0.11158477584415422,0.4892518434446201,0.10093769086141316,0.15495103120646853,0.018352997568387007,0.3143598545370179,0.6121404947912532,0.5859015973583164,0.3002787041556285,0.7537423224382207
126,75-84,10,0.3334629574666902,0.2937370255338087,0.15001319377587288,0.4989476457749718,0.09116271965065838,0.14169345302142722,2.475858889290853e-06,0.28031396661529295,0.5753743228826514,0.554948855954759,0.3044109846488879,0.7572826748079399
126,85+,10,0.553967549198447,0.5219441679783439,0.2427387772537118,0.7410000115266591,0.10913673066991654,0.1555059383321296,2.7447213466166754e-06,0.2980254754257976,0.33689572013163643,0.3292158925918459,0.15764634391461987,0.5370502037390781
129,16-24,10,0.22504132986220274,0.20481728957086204,0.08786952364473749,0.3504578308830019,0.08694022218327598,0.14378514828891997,0.028258756848653012,0.2803046839636544,0.6880184479545213,0.652531271136719,0.42077650780593584,0.8104100795974211
129,25-34,10,0.256189537067543,0.23733154457339148,0.10352393645568474,0.46125884647545207,0.1023449267943541,0.15350990142379634,2.787688734796732e-06,0.2919924229974274,0.641465536138103,0.5977769237238545,0.37248449696864644,0.7699951736312798
129,35-44,10,0.23004457931474642,0.2145261412718737,0.08457263317572251,0.37755193900511225,0.10089804794021694,0.15180715896985075,0.011416895665539037,0.29214136092147863,0.6690573727450367,0.6209100580220968,0.4361793052735397,0.8052602965276536
129,45-54,10,0.23085202823809328,0.21237246839592316,0.07736515809163585,0.4148804001391368,0.09717037572238138,0.1502873116340104,2.3448750727936754e-06,0.3179939820024441,0.6719775960395253,0.6327447810676843,0.44412545015652427,0.8200078457585227
129,55-64,10,0.24160643252367706,0.23429788105216698,0.09830838583816463,0.44467175237218687,0.1065108688725326,0.15739064239335604,2.3852487418480097e-06,0.29087157841568256,0.6518826986037903,0.6046387328975007,0.3782965124761595,0.7890357798289734
129,65-74,10,0.22466842602157788,0.20804544252756269,0.09397544565874559,0.40837059729931974,0.09297410549083092,0.14148945123347956,0.017073030870321707,0.2757856570295435,0.6823574684875912,0.6441196782663507,0.379989032933807,0.7996543691641301
129,75-84,10,0.3485417847339971,0.3146253082433295,0.1464130701886215,0.51802785913524,0.09491233929212316,0.16039055856614404,2.7282077281109898e-06,0.30069165749494653,0.5565458759738797,0.529040125343591,0.33383960674760693,0.716759454643326
129,85+,10,0.5338035710877406,0.47429832484225104,0.1663061701871042,0.698130300192574,0.07342076637365491,0.11280017443638019,1.4869045896383873e-06,0.21357494253390374,0.39277566253860463,0.40065090231979483,0.21864600393334488,0.6793658689199321
135,16-24,10,0.15608452258826108,0.16099899567000825,0.06388850376524745,0.3875555105251101,0.08511581037296834,0.13098573619307313,2.428823364141002e-06,0.28340661447497967,0.7587996670387707,0.7046772382032647,0.3887884697514425,0.8571114387111246
135,25-34,10,0.13143554129642074,0.13262355248490187,0.04846408141259394,0.26920939782983644,0.08780871984297098,0.1336169316167743,2.6185040832303977e-06,0.2716081849904983,0.7807557388606083,0.7218915458422553,0.53223067484726,0.8851585484788231
135,35-44,10,0.1769858571642903,0.17537883054051023,0.0649068307645866,0.35113089860109215,0.09414405558462687,0.14274075211867787,2.594568977191531e-06,0.2809020589852272,0.7288700872510828,0.6778265661630527,0.45051757523798913,0.8547511206197355
135,45-54,10,0.1869655782487403,0.18735509724534194,0.0828102681648632,0.3722437310707814,0.09288510790249141,0.14592848811991177,0.009831640639463964,0.28431732480932687,0.7201493138487683,0.6578116894791586,0.44231635056867524,0.8189056186160685
135,55-64,10,0.203183926765617,0.19142250301708502,0.08250894849490285,0.3727391316173797,0.09408705115969988,0.13976840426582232,2.804885723190965e-06,0.2674428688797929,0.7027290220746831,0.6657836275629848,0.4467111729707849,0.8391467948042706
135,65-74,10,0.18792104697217443,0.18016745026463415,0.07561479816605148,0.3359537434067761,0.09359055001862515,0.1366746265986738,2.588187729320418e-06,0.26955032808939733,0.7184884030092004,0.6807869747354078,0.49295329298668067,0.8526086513516538
135,75-84,10,0.3647124140953023,0.3111093655481046,0.14520205266054012,0.5577085050496898,0.08987319257688009,0.13890886260102098,0.010385588304393126,0.28144347171383927,0.5454143933278176,0.5380805966788369,0.29575075372121223,0.7297808080613751
135,85+,10,0.5708953949650395,0.5482648963820135,0.30292616305941183,0.7337330809748591,0.1285088953782214,0.15522011473182762,0.019916171244966457,0.33386150764073896,0.30059570965673904,0.28931302040770923,0.1490840992245278,0.5102559499334994
136,16-24,10,0.16150694768156146,0.1604388717867479,0.06211186028166185,0.36476966356603074,0.08838659232310912,0.13323501435901192,8.925694908916973e-06,0.3101228905519273,0.7501064599953294,0.6989458927111691,0.4021863488769356,0.8462243244028639
136,25-34,10,0.20087812662314314,0.1917632057865907,0.07106208920518878,0.37150456621331424,0.0965096607095195,0.1461473926001815,2.933456883792725e-06,0.32468675323223556,0.7026122126673373,0.6533518610791471,0.440517023281565,0.8258684475088627
136,35-44,10,0.20899314103873165,0.18961234948629357,0.07848148208452002,0.3869932075247136,0.09257268778540143,0.14579513951403145,8.217937514040122e-06,0.27964945598981,0.6984341711758668,0.658139723929547,0.44244864700093794,0.8201553713779057
136,45-54,10,0.23043321128991417,0.21728891403886882,0.08416270917609806,0.4073753822335138,0.0993791259619333,0.1440887765616467,2.529329511782939e-06,0.2884558453137191,0.6701876627481526,0.6315209222850503,0.41883458298754317,0.8279056880689998
136,55-64,10,0.16841925962785081,0.16176669456824072,0.06963625302681592,0.3050557706747441,0.08909965919716226,0.14259352695728655,0.010805645560698357,0.2528667053886756,0.742481081174987,0.6888901824515358,0.5169318408143714,0.8540260505452457
136,65-74,10,0.23043321128991417,0.20970915029906417,0.09459052771067997,0.3743149329844986,0.0993791259619333,0.14847687763475137,6.787080748409432e-06,0.2922997074071167,0.6701876627481526,0.6338741165585089,0.44645567140329073,0.7985395955793015
136,75-84,10,0.3159100519571274,0.2869320460841096,0.13571594713569426,0.4903370477162487,0.09356344234409038,0.14138640845981543,0.030040510099098215,0.3040364513527053,0.5905265056987822,0.562282184409276,0.28674328342671174,0.7592456632090283
136,85+,10,0.5300035159240524,0.4981519044195782,0.2556255185391048,0.7510414492965698,0.0800169234471887,0.11836383900537302,2.901591743664254e-06,0.21510099101774155,0.38997956062875894,0.3801600854617936,0.17387839815935038,0.5908335606724142
139,16-24,10,0.19204958646186793,0.19113403054466827,0.08019972354234524,0.33616887642844867,0.08722455206028218,0.1294900760658878,0.008945909936416934,0.2685611832148726,0.7207258614778499,0.676885452148968,0.45894209063511576,0.8465775146145514
139,25-34,10,0.1477005213033669,0.13255543728292543,0.051152445352775744,0.28259234389766397,0.08719010318343028,0.12681478714024985,2.1029709490715963e-06,0.2814033638560824,0.7651093755132028,0.7335343133283727,0.5346626223001271,0.9068511886432992
139,35-44,10,0.17657126827168995,0.17083546043302372,0.06931412213997111,0.3433504891233722,0.09078276312588651,0.13785519307425526,0.011248560462383797,0.3354574932464448,0.7326459686024236,0.6850875082592245,0.41738235946708935,0.8461817418838843
139,45-54,10,0.21051728158783173,0.20664310835574556,0.09196130275951908,0.3572340942946265,0.09699954013656803,0.14312979199025183,0.02549265946692786,0.26984506045389817,0.6924831782756002,0.6486212198223045,0.4585178764835202,0.8155749313382599
139,55-64,10,0.21399052555820985,0.19391360655481177,0.08172527603927522,0.3827929886125138,0.09343063445540199,0.1457697243881258,0.010944365875236369,0.2627261622810221,0.6925788399863881,0.6591474294329898,0.4497299095225317,0.8326298034590447
139,65-74,10,0.16052714864636988,0.1639487078957518,0.07094595295054446,0.3661956840244294,0.0909573010597996,0.13887039961221587,2.5047153867898295e-06,0.3534869217923738,0.7485155502938305,0.6970952018420715,0.3890560806027249,0.8698557530871389
139,75-84,10,0.29396777810192753,0.27071379043847854,0.11727706784348911,0.4500985804732182,0.10251356789825643,0.15245346684525243,4.34646461029147e-06,0.295387240334939,0.6035186539998161,0.5635200249444934,0.3569862736938631,0.7703145349722142
139,85+,10,0.5596363939422995,0.5259634954143684,0.27607966318293087,0.7447891339065755,0.07471441839448305,0.11042076470512696,0.017742070422932233,0.21443515337244182,0.36564918766321747,0.3589091792275649,0.18118173652416528,0.5914053377907564
142,16-24,10,0.2329254177462566,0.22001095306851615,0.08494240608619553,0.369539421824116,0.09450319607073972,0.1435047763260822,0.010271943575603616,0.2736842849016934,0.6725713861830037,0.6281921616913556,0.45511763717976705,0.8043506136759159
142,25-34,10,0.14861408590731573,0.13248450246388405,0.05193976727027786,0.27612564736022305,0.08559158668277829,0.13476753173852193,2.3535067641324797e-06,0.2691343052301007,0.7657943274099058,0.7222443068917588,0.5333194613812204,0.8725293324689722
142,35-44,10,0.19912524367419543,0.1744937386982287,0.07062784855421456,0.34770609930298846,0.09278778873078673,0.15157078289716508,0.034442706033755544,0.3676098117157592,0.7080869675950179,0.6689270617910265,0.39178526168021155,0.8396285757989917
142,45-54,10,0.1800761493485789,0.17700861357626027,0.06737518567185916,0.3612561108526576,0.08850064433668346,0.13694817532019815,0.021767785089194663,0.28082492063709064,0.7314232063147377,0.6886930897923674,0.4422683756365912,0.8376986704175554
142,55-64,10,0.22177837211276838,0.2188610944946463,0.09160349701054063,0.3903142989578299,0.09448949674608804,0.13920720820993004,0.017065772625275373,0.26684614514661503,0.6837321311411435,0.6432009462084288,0.40643189392079576,0.8290571826486901
142,65-74,10,0.23229804374046828,0.21148495764971442,0.07784795836748817,0.39863735553390106,0.10135692268946041,0.15175726389370764,2.0500790847431893e-06,0.28635949416982176,0.6663450335700712,0.6285907411424692,0.40264625736228554,0.8472613632420019
142,75-84,10,0.3755389113853101,0.3300171664660799,0.1563196626790079,0.5924708692166275,0.08811893820239222,0.14240760578131667,3.550907807277524e-06,0.2598607000990944,0.5363421504122977,0.5147392246564413,0.2840880234374417,0.7335074103178001
142,85+,10,0.5391245652778033,0.4915820171366623,0.2008701188575045,0.6763835541567476,0.14363693500703978,0.20469400487129796,3.4045529196623543e-06,0.382877412630526,0.31723849971515694,0.30665565328052014,0.17381376609062532,0.5348244149055659
147,16-24,10,0.20744985777459363,0.1794787579043502,0.07268592078214854,0.35954154120945286,0.09145682595969606,0.14181084019413726,2.5850042925831904e-06,0.2877930527282182,0.7010933162657103,0.6696887810785908,0.45196902712909925,0.840245807248
147,25-34,10,0.1823637740837293,0.1727997934906103,0.06941814413562065,0.3649432526260614,0.09113684217319121,0.14215221781479842,0.01782010998547058,0.2917162713917385,0.7264993837430795,0.6830229120520709,0.43206928580530096,0.8594497572872639
147,35-44,10,0.1615988828409171,0.1590229915701113,0.06367287067002844,0.313729829134071,0.09068201710622761,0.14448900124843025,3.0659859363158533e-06,0.32736152219948345,0.7477191000528554,0.6935240370752952,0.3748113712960455,0.8412990963295262
147,45-54,10,0.21982959535494354,0.20606301501347984,0.08517951210344547,0.39031859385151313,0.09585538570234052,0.14257259274464423,6.523401995670877e-06,0.29624198813844427,0.684315018942716,0.646949256693585,0.38081406388668126,0.8263052738438206
147,55-64,10,0.23917014058378916,0.2301415595990698,0.08936607500788323,0.41859937774390205,0.10432738074168366,0.14461302897479295,2.136145015576441e-06,0.273871281919082,0.6565024786745272,0.625083236367328,0.44851901541146383,0.8138892187515752
147,65-74,10,0.2228188446259949,0.2016183817050921,0.08495843791429133,0.40733085516975254,0.09385988810195645,0.14449949716695415,6.297257328571539e-06,0.30164789691664295,0.6833212672720487,0.645572035308516,0.3795841899305329,0.8246494271199001
147,75-84,10,0.3409318771884828,0.28893604871941636,0.13403103381050155,0.5118156153098415,0.09453060653620814,0.15221821836054794,3.899063055983183e-06,0.3098856003667887,0.5645375162753091,0.5611283453356616,0.31536550580133227,0.7534146759875995
147,85+,10,0.5836012509440869,0.5618478286176236,0.2868428977746968,0.7628399510219774,0.12757535142854964,0.14992672268141494,3.2015821689527787e-06,0.28647037668584335,0.2888233976273635,0.2845745839570882,0.15716709564959194,0.5343097045814565
160,16-24,10,0.1792958522051848,0.16741891972994447,0.07661735800990638,0.34055845542132795,0.08762532493985173,0.13795683264419445,0.022410990711951205,0.26896801980011037,0.7330788228549636,0.6853086864878968,0.47486798310341183,0.8370743411677316
160,25-34,10,0.14844192912590165,0.1524684250408359,0.058935765035444676,0.318588078462988,0.0866508510746665,0.1374956055513344,2.2345012476866213e-06,0.26146096470226987,0.7649072197994318,0.7114066617715661,0.5167798011698227,0.8499444415349954
160,35-44,10,0.2298344382366636,0.2093343548337134,0.09311563472368053,0.40950848883132795,0.10171935941851824,0.14950624184382116,2.587147809416114e-06,0.2923059407103443,0.6684462023448182,0.633601711527259,0.43604053984728225,0.8185841166416729
160,45-54,10,0.2214939205427415,0.20835186606079006,0.08677612389407247,0.39475694592603205,0.09565089892373337,0.14301617622907747,2.6375044075823662e-06,0.2733380189181519,0.6828551805335251,0.6382796054462108,0.40410722347417605,0.8176120285867982
160,55-64,10,0.23043321128991417,0.2239094899966626,0.08466217209571708,0.40594029461799463,0.0993791259619333,0.14401966807233899,7.140742395100118e-06,0.28947200491881564,0.6701876627481526,0.6231266689688295,0.41260982733717944,0.7849342709163152
160,65-74,10,0.23160441828364292,0.21796568387614496,0.08655813846486193,0.3924308746953204,0.10404020708129497,0.1499894990797062,0.027845154720069463,0.3510644525775851,0.6643553746350621,0.622624895020544,0.35210958951574656,0.8027803292261483
160,75-84,10,0.3741001670426589,0.3306129098903151,0.15129081274519032,0.5528031162519383,0.091612487549895,0.15493138766608927,0.012206966872374264,0.31690321235608976,0.5342873454074462,0.5110083516555697,0.2752644583913116,0.7419886933615782
160,85+,10,0.45719540519385293,0.4288549542144891,0.21078298383514385,0.6541887960027785,0.10089278420536721,0.13429522432724322,3.322452440726588e-06,0.2733370739837147,0.44191181060078,0.43508309572001636,0.2302463296507102,0.6885255094960112
17,16-24,10,0.20692471709074467,0.1954828634357999,0.08557339517768915,0.3677281624189182,0.0912390647690576,0.1408259970479417,0.009138204455673555,0.26336516826711504,0.7018362181401977,0.660505304755423,0.49742240023100104,0.8168492528961009
17,25-34,10,0.16630903906748817,0.15693356531180686,0.06281299677371996,0.3446129857688248,0.09338295502778142,0.13767813412127677,1.818468404067627e-06,0.294467564089757,0.7403080059047303,0.6970909421471441,0.4242607851936143,0.8550285648079053
17,35-44,10,0.2157009811033792,0.1990729956622353,0.07664198018583503,0.39087686500559793,0.08985463738937863,0.13699613272592737,3.014212023025921e-06,0.27208151450020857,0.6944443815072421,0.6540671761063308,0.4132384275987484,0.8305087284722248
17,45-54,10,0.241160168323296,0.2176963335887317,0.10012008412556501,0.39071589046239313,0.10448256045452761,0.14646601968003714,0.01735584806444452,0.30386222660756823,0.6543572712221764,0.6211566263940023,0.42114134133863496,0.8071906540563363
17,55-64,10,0.23089146682458223,0.2194349659961933,0.0973517122111526,0.41926569168078626,0.10136322212804007,0.14297155702059866,0.02857137229277965,0.2888638402905478,0.6677453110473777,0.6314271524776249,0.4126422787099597,0.7818290416631369
17,65-74,10,0.2543676928804476,0.248032601160474,0.09215879355439878,0.4680872920870542,0.10259560424412255,0.1498121224233212,2.8495853225058664e-06,0.31141586948324324,0.6430367028754299,0.5995220710681586,0.37430792178740696,0.7880775593358368
17,75-84,10,0.4014712755964903,0.34118042869094134,0.17406208067768383,0.563866150623195,0.08707507282625179,0.14297312626152978,0.026905614427147975,0.28441828127521046,0.511453651577258,0.5074385432555593,0.26155816327851394,0.696853048315362
17,85+,10,0.5394179565270297,0.4816391993562493,0.20358217622436028,0.7012870060767614,0.06367528462834005,0.11406079669852015,0.008322643548724862,0.23739847708992895,0.3969067588446303,0.3977798367756667,0.21544305097125663,0.6721635729490474
171,16-24,10,0.3023709693354102,0.27325213733917486,0.12925413397683921,0.48649770749569293,0.10153180398838103,0.1526239354507689,0.011872413790988207,0.3167026689536749,0.5960972266762088,0.5701499611833689,0.3230593172161335,0.7415403053284055
171,25-34,10,0.23308613729024133,0.21804556417334614,0.08982268103219733,0.4353203501550785,0.10502088652532135,0.1501029169370332,3.149705311989761e-06,0.29423103669483097,0.6618929761844374,0.6226617856017826,0.4036988185532357,0.786904074157012
171,35-44,10,0.2640457008076104,0.2575872841536502,0.1300062739685723,0.4664711882790326,0.11180162414918512,0.14586315628604382,0.019008640386975126,0.2865174258847318,0.6241526750432044,0.5877711665495711,0.35711561843895195,0.7591209522263528
171,45-54,10,0.296957533910787,0.264419837270196,0.12904408115326924,0.4685505064198985,0.10979612251705793,0.15779273595882826,0.030897691010105387,0.3224671509090545,0.593246343572155,0.5756042392322507,0.3162535982005002,0.7617891621724648
171,55-64,10,0.3217594354764693,0.29236478065678273,0.13168271367138307,0.5399599234843105,0.10381380618384538,0.154865651763948,2.4518819349114313e-06,0.3153709692339809,0.5744267583396854,0.5563175298451613,0.3211780329491743,0.7315973369398464
171,65-74,10,0.2804913020239848,0.2643353219023771,0.1136648570388686,0.5014505221717951,0.10774989267014488,0.15750659382076787,2.4202712375352364e-06,0.3248801598711097,0.6117588053058702,0.5744988219115483,0.3447868850691252,0.7693995196533038
171,75-84,10,0.4232001268659895,0.39717466376919625,0.1961433981496132,0.6228476891429365,0.09153720034991474,0.13915725225602632,3.3344733214313195e-06,0.25455596137308206,0.4852626727840958,0.4643458367548356,0.2614274686594702,0.7023023196189313
171,85+,10,0.5755514563381138,0.5432143146601831,0.3343254348185679,0.7375252853742763,0.13191256041621743,0.18445299332626647,5.887954905487545e-06,0.32873936140187193,0.2925359832456689,0.27945514158121654,0.14444715983628367,0.49377848425458204
196,16-24,10,0.22901436840732747,0.2167864381813646,0.08824764217225199,0.48178645163845946,0.09938395676883531,0.1458450489952281,2.7947166618179915e-06,0.3116778046625491,0.6716016748238371,0.6287166765983461,0.35338955683424134,0.8167963578913905
196,25-34,10,0.2296522319028816,0.2027644336920128,0.08904884879790431,0.38134639123661257,0.11080788033664066,0.16359244374092316,7.473905301042083e-06,0.3384018005658027,0.6595398877604777,0.6277394824579792,0.3879831741512788,0.8176844527413125
196,35-44,10,0.22850798837137332,0.21404390734584922,0.09250661646017214,0.3762382110684681,0.11315393384196484,0.16843637991440452,0.017150856989969897,0.3001491826611452,0.6583380777866618,0.609497429991494,0.40878329318961226,0.788304280633665
196,45-54,10,0.23487005581481427,0.21787784813259642,0.10360726327760096,0.4367453458166587,0.10620091331827743,0.16027666788465,6.790443872817199e-06,0.3146281995221606,0.6589290308669083,0.610250480271209,0.30343094384965613,0.7885765084726599
196,55-64,10,0.23640247700395867,0.22312521037366378,0.09903579958366687,0.4141471694978642,0.10946571202001999,0.1703763139523459,0.01844629718350559,0.3620134120591542,0.6541318109760214,0.607841048445579,0.4123116753465062,0.7776849870181088
196,65-74,10,0.23428049146834515,0.22825507472069687,0.10470570128727379,0.4119172267614578,0.10844450317304233,0.1569341579964164,0.011282954736043793,0.27614409354983444,0.6572750053586126,0.6106392319222042,0.3884455011773137,0.7952358607050521
196,75-84,10,0.3728897403895752,0.3302095454007955,0.13959416951195014,0.5758071324199624,0.09432914610481238,0.1578062006114328,0.011357836125486239,0.30792653304770634,0.5327811135056124,0.5070372397097815,0.25545073685524844,0.7201372848922641
196,85+,10,0.5788785902547267,0.5519609699939787,0.2987404581716656,0.7509208545971859,0.07283353588908055,0.10787850541823674,2.781657696005995e-06,0.23028317398422432,0.34828787385619275,0.33583808735580156,0.17000652257853432,0.6165928511288956
201,16-24,10,0.14160529068541894,0.140069113811643,0.0541812351495399,0.27325908227790013,0.08609238138920325,0.1330295732944991,0.008545885871864061,0.2642638496658001,0.7723023279253779,0.7232506083251322,0.5508875524187377,0.8840900662283634
201,25-34,10,0.12835873003113926,0.1274705287723189,0.0526936081720694,0.24499955256135528,0.08961643074567328,0.14093441726780082,0.013384522653014186,0.26765662925800154,0.7820248392231873,0.7310988650901216,0.5443428960488341,0.87335107447841
201,35-44,10,0.1669265844202382,0.16863598106641015,0.06417735356033248,0.3206228307779971,0.09080259666003407,0.13319778550257272,2.5794902051530626e-06,0.27577520967397395,0.7422708189197278,0.6968793922441618,0.48401873922817906,0.8502434356578445
201,45-54,10,0.1430037911430233,0.14817016986583825,0.06158339414511173,0.2925437926619446,0.08747476539749989,0.13708021908226886,0.017011526435299247,0.26277829706351674,0.7695214434594768,0.7115767179979968,0.5178963624613483,0.8517410127939611
201,55-64,10,0.14495046574122208,0.15124152199396806,0.05670705117487295,0.2957345184964086,0.08902893634141779,0.1387439014281293,9.06330915745584e-06,0.27324151174716,0.7660205979173601,0.704696313560683,0.4704754622143593,0.8641359485564819
201,65-74,10,0.1430037911430233,0.15130085103465482,0.05397732716698564,0.3248606847803819,0.08747476539749989,0.1389529537512858,2.9892218961063165e-06,0.30478965166653627,0.7695214434594768,0.7048772565369792,0.5028303547887929,0.862331281461185
201,75-84,10,0.316449637029159,0.28650786903532044,0.12275282941364594,0.46782856853959837,0.098682858416318,0.14946134056627913,0.011752506235872817,0.3099936121432628,0.5848675045545231,0.5542065938829097,0.36026655497568894,0.7705744697332649
201,85+,10,0.484993884745042,0.40094073769461047,0.18603760165174119,0.6263874325018639,0.06518750894854151,0.117581998373877,0.026040950643304018,0.24090267577670726,0.4498186063064165,0.4627856617071635,0.23774241268770677,0.6951000868455159
241,16-24,10,0.2323057043614608,0.22617655855369576,0.10473929528090359,0.4509780072936722,0.07752075772189583,0.11259179025890631,1.8245291895353513e-06,0.23997250064600867,0.6901735379166434,0.6557421918198871,0.4338480949167657,0.8231810866952136
241,25-34,10,0.14860797085496186,0.14618467042199104,0.05824991439769408,0.28672691045942056,0.08562921202149447,0.1239511546206313,0.008964216843270383,0.2486412031455186,0.7657628171235437,0.7150700314660237,0.5585821071376624,0.8700110775596206
241,35-44,10,0.1805761127413393,0.1806679113554968,0.06944349446777486,0.3481672731546918,0.08596995766882164,0.12341346845630752,0.007787828752742196,0.24478710632229056,0.7334539295898391,0.6916324280672808,0.4816453250716393,0.8558012817652515
241,45-54,10,0.19461402526644808,0.1969054823355958,0.06851634654600507,0.37335414593455524,0.09340066486220033,0.13699475790463178,5.456550680166368e-06,0.2805867658084211,0.7119853098713516,0.6590044012093922,0.46513025647503553,0.8271604416832495
241,55-64,10,0.23528192295459482,0.23302162817702532,0.09417173863229816,0.4169438801006208,0.07961120616160265,0.1218135678932753,2.1356017116225865e-06,0.24741881165899282,0.6851068708838025,0.632636022617055,0.4591399179521155,0.8153337282062865
241,65-74,10,0.21649294241364425,0.20527687703577802,0.08411717625511246,0.40449257752761303,0.08651297473111158,0.12062896499443246,1.333262656472739e-06,0.25041919082118397,0.6969940828552442,0.6631648940782828,0.45608216687838576,0.8528224141698126
241,75-84,10,0.3216708880044795,0.29971248956786156,0.120393902760606,0.5114387254994702,0.07703395123220087,0.118360718780217,2.3030844404688348e-06,0.24271328480001997,0.6012951607633196,0.5774174023274962,0.3494472695823022,0.7908208022528056
241,85+,10,0.6034540074548088,0.5642912891004863,0.3371076003396839,0.7480630868869266,0.10837667063792542,0.15172523337830257,0.020766161338421203,0.2902606452351754,0.2881693219072657,0.2888561093537574,0.13492946652038212,0.5312117050466619
255,16-24,10,0.18639788090277318,0.18380536746527476,0.06738900005292983,0.33959653134636086,0.0904656096735098,0.13900039415245308,2.3180126029800534e-06,0.27005958452327217,0.723136509423717,0.6755804856832346,0.4974973298142586,0.8310493744794377
255,25-34,10,0.1624182887290012,0.15770477973069652,0.06567414643118934,0.321958321654524,0.09575471596864898,0.14589379093918423,0.015327670360781535,0.2830940408744883,0.7418269953023499,0.6907635962350813,0.46348446219932854,0.838466331984435
255,35-44,10,0.19909229221349448,0.17992246539783113,0.06809337877892309,0.38594511077127674,0.09293791518876586,0.1389968614064842,2.8579709466178113e-06,0.28159074854835536,0.7079697925977396,0.6669189741268222,0.4185251667321965,0.8487805935791147
255,45-54,10,0.1790479307497528,0.17900754612172565,0.07549078045468789,0.37287336623826306,0.09370522358663638,0.1532276283876568,8.210091109889897e-06,0.2945055380870106,0.7272468456636109,0.6524429640550606,0.40775298378575,0.8284919619069036
255,55-64,10,0.2225340591574923,0.210810512088976,0.08269860459278303,0.3973609106328578,0.10131270771146353,0.14779576430024252,2.681659096409029e-06,0.3014549119570483,0.6761532331310443,0.6318032086119159,0.43484545633145705,0.8208061456504331
255,65-74,10,0.17970933170977785,0.17569390448327735,0.08288845481982099,0.37346739952168456,0.0903573812928135,0.14387431076152674,0.015243042701553258,0.30316519882742304,0.7299332869974087,0.67770681997451,0.3878654174314395,0.8184435056772058
255,75-84,10,0.3750896828212626,0.3255697036323178,0.14998344875503022,0.5228512550193193,0.08920975198374534,0.15005715872619518,1.9394860653661846e-06,0.2812060728307851,0.5357005651949921,0.5183447866291513,0.32108214783865163,0.7533435975841271
255,85+,10,0.5331652124344471,0.48803029421523236,0.27253828668574676,0.6947893744846768,0.1486965952046436,0.19882069781026213,3.4331708136310424e-06,0.3763404404037831,0.31813819236090934,0.30967364688259746,0.14104598955233213,0.5027686000198849
272,16-24,10,0.22362864800488252,0.21664005414908255,0.08713332579275238,0.40681350469202177,0.09622438416639031,0.13652015090509484,0.02408999628997422,0.29780781881887963,0.6801469678287272,0.6450432383505518,0.3744663780215146,0.8125356534648709
272,25-34,10,0.1746907640448071,0.1719018226283098,0.07044842223324173,0.3517940834579003,0.08942266628535331,0.14132992538662698,0.023761494249838686,0.27379454176523793,0.7358865696698396,0.6885452356288253,0.47260692603282645,0.8368435243270685
272,35-44,10,0.20899314103873165,0.18560411606587787,0.07183537729785576,0.36780676165417314,0.09257268778540143,0.1454254483324275,2.978412746088115e-06,0.31771410689288565,0.6984341711758668,0.6577454898425743,0.4040964248821993,0.8449234910131246
272,45-54,10,0.2620978786592565,0.25949271019458064,0.11208740030760021,0.4689968154406332,0.10224071360479166,0.153735864361163,2.65944408307364e-06,0.2915441938145076,0.6356614077359518,0.5870175002359201,0.3263933505623422,0.7703590985127906
272,55-64,10,0.24160643252367706,0.2277764717600338,0.10708313271099004,0.44919661741046296,0.1065108688725326,0.1568582139992003,0.029519296233787372,0.31597742894563113,0.6518826986037903,0.6083474628231464,0.3198342589402474,0.7900384514102736
272,65-74,10,0.2225218890540466,0.20303123726607045,0.08587733514287578,0.4288191678195586,0.10083284120428138,0.14958327519716214,0.011287033064206585,0.3056755549331821,0.676645269741672,0.6388136904247914,0.34617393105179445,0.8086314630332495
272,75-84,10,0.39762013085475256,0.3450486708215982,0.15482222175670463,0.5894156300247759,0.08500857653636988,0.14441396056547276,2.7346355699837972e-06,0.27092956705792776,0.5173712926088776,0.5012313558484051,0.27492366264557944,0.7262998785673114
272,85+,10,0.6016126098833405,0.5800908083387273,0.3215006030880207,0.7562368381334841,0.07234999691950313,0.1069568314104829,0.019350105301175508,0.20655588825660917,0.3260373931971563,0.3254409360185503,0.16493213425527872,0.5244996456156603
279,16-24,10,0.22615999933438624,0.20686785189679208,0.08104294695361133,0.3872714673680838,0.08681472210667966,0.13424473744713622,2.5978576646706497e-06,0.2753559045372682,0.6870252785589341,0.6560859275243072,0.4444064009862649,0.8303094430903739
279,25-34,10,0.24846904223906588,0.23358626624369347,0.0927129801741191,0.4369622404248959,0.10305228613089391,0.14853005119568563,0.010998290743747283,0.2900175155702293,0.6484786716300402,0.6169360911968079,0.42034419733183814,0.7838911038147224
279,35-44,10,0.22992670735205217,0.22560613549818526,0.0856038209948415,0.454481337556781,0.10135873652530424,0.1500807316901563,2.945386063404367e-06,0.3007376910465534,0.6687145561226436,0.6169145512304413,0.36058414587424326,0.8011162688280584
279,45-54,10,0.2744872701571776,0.2502905597855709,0.10671806859840552,0.47309561458252053,0.09982724218666751,0.1553336006311709,2.454565488304459e-06,0.3065942519161296,0.625685487656155,0.5867199789768773,0.3373509810921826,0.7718168149127627
279,55-64,10,0.21467774937034972,0.20335638342908371,0.09164890642291357,0.3982446545975874,0.09417214031370004,0.13605285812801832,0.016618686151092455,0.2666717562025773,0.6911501103159503,0.6535105304600088,0.4367357365430587,0.8234383182317593
279,65-74,10,0.22285559970608576,0.2116745698203632,0.10443363886607093,0.38272137102764026,0.09948438213749253,0.1414836722124715,2.5965015488612417e-06,0.26210897587519877,0.6776600181564217,0.6385817069538231,0.46034432304904926,0.7857826355580737
279,75-84,10,0.3750896828212626,0.33776533141750786,0.15439779328689082,0.5843415084436342,0.08920975198374534,0.15252222806083762,2.3667010746343786e-06,0.3105762323273347,0.5357005651949921,0.5011229988242978,0.2688887676630788,0.7117327505690517
279,85+,10,0.5423387224610439,0.49065635158512066,0.2436447750638149,0.6898634597458894,0.12555689966968156,0.17128213202921294,0.022820245310347386,0.3373081418942714,0.3321043778692746,0.33259979050924265,0.16839785998358175,0.5648939576222102
280,16-24,10,0.13964705163354899,0.13759600925006749,0.05904950029976835,0.286255505166205,0.08456175021360353,0.12986032343320433,0.013318777395935831,0.2606994137652716,0.7757911981528474,0.7261330989778086,0.5484775588673716,0.856203958437043
280,25-34,10,0.1201275876967392,0.11538671411108715,0.0534057692002608,0.23628972888551725,0.08533690285395049,0.13352556280805825,2.671611640763155e-06,0.2719794240069751,0.7945355094493103,0.7390462963877279,0.5283683713069882,0.8815809957536231
280,35-44,10,0.12863278249069418,0.12776470214718205,0.046341503516341365,0.292126894463918,0.09251403482650172,0.14422083787950624,3.0084766224169843e-06,0.2859882194251681,0.7788531826828041,0.7237214077063572,0.4642848562975128,0.8992017436783902
280,45-54,10,0.16963156093349446,0.15778503671826877,0.06556985437674984,0.31771670174594635,0.09292529162598866,0.14278209960874877,0.02485597017057316,0.2904821953308847,0.7374431474405168,0.696667371956408,0.49434602115899107,0.8483864895735231
280,55-64,10,0.13783747638615618,0.13870821240124828,0.0539818303603792,0.2941778909214478,0.091712387109896,0.13712862393026448,2.5564590332587685e-06,0.2860351189745254,0.7704501365039478,0.7188108614508142,0.5021408201008377,0.8748877563207215
280,65-74,10,0.15446195862502435,0.15369929734607451,0.06688918100631792,0.28803366594785146,0.09090868551237567,0.13560312449553477,3.2170281684451624e-06,0.26828591137627866,0.7546293558626,0.7034049264036315,0.5103848342547016,0.85995705018706
280,75-84,10,0.24006629291488027,0.20733507879856344,0.08799198454376456,0.39098517460007476,0.08863159129872046,0.1428732504734997,0.027192164261717788,0.27915015756129036,0.6713021157863992,0.6454929952723689,0.40375692438883326,0.8245682897455645
280,85+,10,0.37512344230815153,0.2771532275441928,0.08839084943206375,0.521908966905743,0.07680398315185658,0.13427464239224368,2.1178884463030073e-06,0.2652284713164473,0.5480725745399919,0.5779495440004003,0.3039273453494928,0.7931177493075269
293,16-24,10,0.23180912264662581,0.22122969021766498,0.0950518966697799,0.41434356157006386,0.0889567264316362,0.1363720811061086,0.008965155122661163,0.25281560076686094,0.679234150921738,0.638816347045834,0.4625508328301984,0.802468654830529
293,25-34,10,0.1684414906398717,0.16528530866556124,0.06519149770150824,0.31335023603587414,0.08894956528251972,0.13690713832533669,2.7466021059687008e-06,0.28206371343112563,0.7426089440776086,0.6890581216645306,0.47358635098179247,0.8515452516602865
293,35-44,10,0.22120345779738584,0.20736672238727544,0.08305019911422727,0.3648452170625735,0.09236678482655868,0.14304850304593492,0.025627364181939692,0.2760415363361181,0.6864297573760555,0.6403475775603913,0.4190830739477229,0.8296246322831116
293,45-54,10,0.2141730079306824,0.2081712790794119,0.08852953056559554,0.41072621479965876,0.0915754038256398,0.13733289531643317,2.1599474310285747e-06,0.2673608991431019,0.6942515882436778,0.6484333755546734,0.4510105871869883,0.8357791867389122
293,55-64,10,0.2290511280619155,0.2087316881029108,0.0940269535890211,0.37714230627998796,0.0949417394693006,0.14776381273470085,0.027225429325027507,0.29928139535042986,0.676007132468784,0.6319423339797929,0.45812055706283716,0.7972455920599402
293,65-74,10,0.2237104388780329,0.21421330119251575,0.10273002539635404,0.44560774167268835,0.09606030915876132,0.14887025201748533,2.9042454120458796e-06,0.2890966238499585,0.6802292519632057,0.626796794797899,0.3642451154544253,0.8001544182019772
293,75-84,10,0.3326390269065175,0.29225366869204483,0.10326335693811738,0.5042565339059085,0.09022529060472088,0.14609593517744512,2.1740673839956203e-06,0.3010362273293369,0.5771356824887617,0.5547643575682597,0.3288448386526351,0.7840118936350075
293,85+,10,0.5593724414723218,0.5000297823576527,0.22120476060774552,0.7150991600044068,0.10279048288862569,0.15433554967895824,2.816650888729645e-06,0.313192518525963,0.3378370756390525,0.3384090293813881,0.16258798089257112,0.5969450169863938
30,16-24,10,0.21678953998382622,0.19093285737064913,0.08222409085228596,0.3490939248483819,0.08890360756535176,0.1441235325856441,0.03410420876634884,0.2761696214399247,0.694306852450822,0.6584723160235018,0.4457085247944284,0.8139883848272709
30,25-34,10,0.22385856409234714,0.20284526276206552,0.08193419290142256,0.3791767426088762,0.10694171683516844,0.15562382952941178,2.432125965157748e-06,0.3053209644271208,0.6691997190724845,0.6308258575628929,0.46913806967015,0.8227783728561673
30,35-44,10,0.23807187085412668,0.21970165449923967,0.09162919282971616,0.40899687973209836,0.10273718558198375,0.1579514735285581,6.531428684185592e-06,0.31841841766226725,0.6591909435638896,0.6146671355832162,0.36535903471854714,0.8005139281322953
30,45-54,10,0.2715071065278868,0.2352370532197276,0.1025799959724525,0.44083414290526857,0.1011144049465976,0.15612896876996493,6.073631391010947e-06,0.3078985393738869,0.6273784885255156,0.6048703276834679,0.35439823665426656,0.7655458921903638
30,55-64,10,0.23183281122905178,0.22484824587631108,0.09299609262817199,0.4142027693034479,0.10159343959026564,0.13843144674412927,2.2419083584317527e-06,0.2816882555927123,0.6665737491806826,0.6261177720375444,0.3571416125109166,0.8169499115000955
30,65-74,10,0.24567880864188282,0.22905255371732577,0.09676505271505065,0.37384257245829616,0.10588166126656358,0.15894889649076094,6.8929869746758225e-06,0.2789481057624033,0.6484395300915536,0.6055635880379788,0.4050406147015201,0.8048954800601076
30,75-84,10,0.40260245928480837,0.36027665054878666,0.16936148427881298,0.5973411224810498,0.08350796219895527,0.13714087932529562,0.014733014868613318,0.26804815997521286,0.5138895785162364,0.49933876663022625,0.2741703288987562,0.7032512244396041
30,85+,10,0.5591808365745852,0.5305387989476196,0.29103267532236227,0.7045466498568438,0.07644648904888565,0.10400116159220371,0.025369367149928893,0.21658301590082907,0.36437267437652915,0.3673674252730851,0.21746443528075876,0.584517459309232
35,16-24,10,0.17916863279470438,0.1718173421400382,0.07446958070296641,0.34699515401956976,0.08827270058669923,0.13546010915307133,8.569504613153521e-06,0.2936340335884881,0.7325586666185965,0.6822672505817609,0.4649545877548435,0.8483449271730548
35,25-34,10,0.216709012171563,0.20421176435819927,0.0934098883710787,0.42737644800826274,0.09552971380413597,0.14553221933552168,2.3430827517495427e-06,0.305088213859978,0.687761274024301,0.6410614673898533,0.3466628185614932,0.7984674670100944
35,35-44,10,0.1640811193582888,0.1622133886435567,0.056609145683364906,0.32249777086579917,0.0905699404446981,0.14029350724162387,2.3647238798808273e-06,0.26697280195011974,0.745348940197013,0.6866002644143561,0.5156037274412977,0.873305186114983
35,45-54,10,0.22289380852531468,0.21788135910584971,0.08840921392448507,0.41772243952984756,0.09936004158193257,0.15831893860513108,2.7391206386293657e-06,0.32058321251084115,0.6777461498927527,0.6209056462202289,0.3804915004709338,0.8113386278307777
35,55-64,10,0.22306240141758651,0.20836149194546913,0.08826313390677189,0.41397863786216627,0.0994579088842775,0.14656976021155138,2.7309368703440602e-06,0.27172923318889475,0.6774796896981361,0.6339101991814007,0.398780201637388,0.8071650611731125
35,65-74,10,0.2214939205427415,0.20800609219414065,0.09959008607060085,0.3953251487892521,0.09565089892373337,0.1418152661865034,2.711621325476067e-06,0.27773911299783327,0.6828551805335251,0.6413484474139253,0.4186196466405646,0.8003328785586162
35,75-84,10,0.34260761940943874,0.30739634197566146,0.1336080864755246,0.5476214521804736,0.09210929187521633,0.1572975034622779,0.01825260292901531,0.3122170569534938,0.565283088715345,0.5467231363785876,0.2506265414538105,0.7430891226156281
35,85+,10,0.5903034243297763,0.5749283077056508,0.3112750300251993,0.7504947251702658,0.12036998604810224,0.13651530728046538,0.014864725460548506,0.3218428529323591,0.28932658962212143,0.283962619136213,0.15886122749076564,0.5078111508654226
44,16-24,10,0.1724622199407268,0.17020551670210576,0.07244812664078383,0.3932245822467225,0.08272000101579896,0.13410772095524687,6.622206554182782e-06,0.282294552009935,0.7448177790434742,0.6907803498246966,0.3977378118834297,0.841678736629921
44,25-34,10,0.1478607240047948,0.14202210758230072,0.054198605544494384,0.3552930132372948,0.09022695120917626,0.14200875990802359,2.339159030798137e-06,0.3274138154326313,0.761912324786029,0.7082830701942403,0.43541321014888457,0.8711067522008058
44,35-44,10,0.19737026346048858,0.19583672870550195,0.07597641384887284,0.36650673743803897,0.09496195682025783,0.14846153846914512,0.016022921140474027,0.2888855662144051,0.7076677797192537,0.6457988237172264,0.41944355141967626,0.8308757222475129
44,45-54,10,0.16950114639928826,0.1735935710270825,0.08106643599000012,0.3465114724936791,0.08975117552125002,0.13910798886458905,8.682075522148523e-06,0.28192493849884104,0.7407476780794617,0.6775219278220415,0.43415508062221214,0.8349262610039625
44,55-64,10,0.22324087328142891,0.21203997317309894,0.07887868334779512,0.41092454978754883,0.09873738662481762,0.14095693551330093,0.01634324664621618,0.274200479774177,0.6780217400937536,0.6456133258954345,0.41475355454019275,0.8479322333205433
44,65-74,10,0.19940205786247184,0.17482635278687544,0.062296769022325636,0.3773500323779053,0.0915266266238474,0.14589900497098107,0.026121242822168707,0.2909269185284218,0.7090713155136807,0.672891655002837,0.3987031849766887,0.859364747058846
44,75-84,10,0.26473683224929334,0.22943454443184408,0.10120023864875329,0.4043865336434533,0.09796823100348818,0.14460156942546637,0.031478585115861345,0.28597439200900876,0.6372949367472185,0.6125902894448436,0.4382749162683684,0.8008037560449778
44,85+,10,0.5580135328335233,0.5007174383153336,0.2561971998025358,0.7341886240270826,0.06256409785827971,0.10495244920623022,1.4137960151385627e-06,0.2247264693419887,0.379422369308197,0.3869420442920132,0.16014467655395084,0.6291408958309671
68,16-24,10,0.22129914559254277,0.20390696416206827,0.08241508809290832,0.3863253844576917,0.09016303858864529,0.13964239388734895,2.687107792425533e-06,0.32284801917801054,0.6885378158188118,0.6508642585124755,0.38339928532338097,0.8370852668677619
68,25-34,10,0.2117071073361129,0.19580353821928048,0.09180462618536712,0.3813089557575457,0.09558259881990161,0.14908617123405432,3.071770524786279e-06,0.28522344309943853,0.6927102938439856,0.6494620220792173,0.37872112527674945,0.8048376375425664
68,35-44,10,0.23110771863343701,0.21471036115217634,0.09469526917331929,0.4231715253390427,0.1059616856050606,0.1547393833086299,2.7611095866736177e-06,0.31253287564325705,0.6629305957615024,0.6231074785395114,0.42557055670881344,0.7990327965386654
68,45-54,10,0.1800470875614026,0.16969987998128888,0.06396801341287436,0.32304760508794056,0.09867788386301442,0.15114976610907602,0.01612375467324325,0.2853755789999021,0.721275028575583,0.6666744887216467,0.4619363488627021,0.8532633420797492
68,55-64,10,0.24020322749639456,0.22233914769496838,0.08558534851007692,0.41543512590025866,0.10268757736484031,0.15186191357988707,3.2718795174079286e-06,0.29660076278137126,0.6571091951387651,0.6180891062041143,0.42677883453432713,0.8361486544429955
68,65-74,10,0.2270082838811021,0.2169273933786563,0.08539229135249421,0.39361818482562166,0.10299566317202569,0.15418956971247885,2.85273930437017e-06,0.30049403985402345,0.6699960529468723,0.6242912031073151,0.4006351998241679,0.8178269400378659
68,75-84,10,0.33488078596214993,0.27879653411621474,0.13742044380382915,0.5184436619327157,0.0966568269883873,0.15601194260123222,2.661342719670835e-06,0.2750861010147313,0.5684623870494628,0.5527221703842625,0.3641936248567963,0.7391708272246968
68,85+,10,0.5902313839639615,0.5755379154633241,0.3136994955486101,0.7539247389473575,0.12047733570147545,0.13907077849294175,0.023126183958206065,0.29311950658710256,0.2892912803345631,0.27938827338371863,0.13691196632448277,0.4984146078790957
78,16-24,10,0.2233989701030693,0.20295821625760896,0.07735486696082021,0.3850520763388543,0.0889220303211462,0.13207210546717868,2.726720920113507e-06,0.25874921383833316,0.6876789995757845,0.6540480378831539,0.47958433011032425,0.8225889133689255
78,25-34,10,0.2144072148365773,0.20312302077300032,0.08251628523897761,0.40193942128614635,0.09848860451323285,0.14251287947599162,2.3524458943859535e-06,0.3033848212314512,0.6871041806501899,0.6372626459616944,0.3725852617129004,0.8256324684227084
78,35-44,10,0.21433462928755267,0.2063318261325534,0.07974910585283282,0.40021263597729106,0.09561992766533303,0.14979021125658917,0.02743687086455394,0.279720956885451,0.6900454430471143,0.640349308969244,0.41143518008202196,0.8175878790840455
78,45-54,10,0.215078434615699,0.19557889102392817,0.09067540306506972,0.4025395480528416,0.09299214001404162,0.14973935694849466,0.009452959494252842,0.2845655685172625,0.6919294253702595,0.6469348755299267,0.38091702745032135,0.8147993455606986
78,55-64,10,0.22442476528835634,0.2039755858806005,0.09043591550773282,0.41882915776457136,0.0936659416422056,0.14648953231838305,0.028136070646029427,0.2983782201555378,0.681909293069438,0.6510934342210302,0.37810532471759134,0.8061543972740339
78,65-74,10,0.21467774937034972,0.21098175205090675,0.08729400862588191,0.41224502298532567,0.09417214031370004,0.14357595973750817,2.13092638253259e-06,0.27385670656897143,0.6911501103159503,0.6450631594809518,0.3923217644154226,0.811636530534926
78,75-84,10,0.2767250884693752,0.2576025818285324,0.10845463960616446,0.4763320593725712,0.0962354952462946,0.1403503259407026,0.028343159601272868,0.2626948126652794,0.6270394162843301,0.5988421500829669,0.304673440606316,0.7893696010434532
78,85+,10,0.5863855729673619,0.538071183734715,0.2128266313928483,0.7790981599452327,0.059462573132223744,0.10930713678365506,1.4748320234021112e-06,0.20353744671130042,0.35415185390041437,0.36195424924748454,0.16405839010156328,0.5915326985503451
8,16-24,10,0.31237659840309734,0.28122898517831174,0.11811670473660797,0.5161838448180706,0.08666158698029876,0.14072841303730693,2.5795586843878846e-06,0.26515066185910674,0.6009618146166039,0.5732728132525857,0.3623076113391223,0.7563989325829865
8,25-34,10,0.31948714445862864,0.2713118959743567,0.11893009792581291,0.44117073289965303,0.0955730884741485,0.14619420354107682,4.607219600913374e-06,0.29584931635054773,0.5849397670672228,0.564386746257415,0.39517806957008883,0.7633381291278847
8,35-44,10,0.334034123320809,0.2906442581095837,0.13051815025400249,0.5283706794453643,0.0936215946827812,0.14314836666379213,0.019643787201256646,0.28907985574437245,0.5723442819964097,0.5513245371961408,0.33373936031452756,0.770382979827634
8,45-54,10,0.3396074718064777,0.3037548369794295,0.13000552698253645,0.5062354324922382,0.09086699948672528,0.14529141250216182,2.275592038769295e-06,0.29317994884143683,0.5695255287067971,0.5518234534289137,0.31408243106431927,0.7640138220519765
8,55-64,10,0.37210453008987276,0.3362937472659846,0.15516082770565276,0.5761117554895534,0.08887990140528734,0.14177389435875196,2.315723346247138e-06,0.27658108362763845,0.5390155685048399,0.5153360992568947,0.2977470289826088,0.7236494832171101
8,65-74,10,0.3452763192423865,0.2989055443931485,0.12418083961347137,0.5404147560067282,0.08988719912466787,0.1514567922312671,0.015093642538962324,0.29975044068567414,0.5648364816329455,0.5510149088151748,0.2817411641226967,0.7429152045734654
8,75-84,10,0.4420291238567494,0.40379348605757914,0.19602712711089507,0.6134573440771905,0.08117464157383751,0.1317043637957559,0.009027430589491977,0.2539589906639621,0.47679623456941317,0.4571290695744168,0.2537694053988713,0.6602862937501646
8,85+,10,0.4984347094978253,0.4157027010066239,0.1658178354980968,0.637852391293663,0.06355884129871343,0.11003771373848184,2.5082678034521335e-06,0.20014198354236146,0.4380064492034614,0.45223413357677855,0.26632442429980874,0.7172693292022084
9,16-24,10,0.1934602499389003,0.18745164327315833,0.06634508474735576,0.3606144577892134,0.08868838829297347,0.13383632104272963,2.7966023117270233e-06,0.259025751669973,0.7178513617681261,0.6729709861614813,0.4919976567026319,0.834933629692328
9,25-34,10,0.16159703306921516,0.1566364313690054,0.05926043503101385,0.30247098168833014,0.09526768026172754,0.1570819628222679,0.02803329390034743,0.3020275860939417,0.7431352866690574,0.6857997811723285,0.44485891197329364,0.8554686766424489
9,35-44,10,0.17686777092917194,0.16306809801655342,0.06009125268954724,0.39172879844353803,0.09981628200691708,0.15235848325071585,9.064600701639479e-06,0.2998457190913452,0.723315947063911,0.6765015284294831,0.3881533027297067,0.8280171527234621
9,45-54,10,0.18632592780628116,0.1783197049837783,0.07595072303567325,0.34518326609349204,0.09557441515431606,0.14684931278051022,2.3172206960404608e-06,0.27499896982468064,0.7180996570394028,0.6619033100882409,0.45897596889996656,0.8392025965242893
9,55-64,10,0.21520697478818193,0.20263446629727624,0.08179012718950801,0.4032874472030595,0.09636139533060055,0.14415759927435165,2.6475048227681907e-06,0.26553288589569884,0.6884316298812174,0.6497477098728521,0.40630502361601667,0.8388988580261814
9,65-74,10,0.190484081157489,0.17787357219147565,0.0795964716574131,0.33962083893325734,0.09580919111077114,0.14852927699390853,0.012116968653523467,0.3265939071563978,0.7137067277317398,0.6624462751960345,0.41338142363560254,0.8294163159756168
9,75-84,10,0.35400930303307016,0.3133815127646824,0.13565864210044776,0.5069802243356509,0.09254249162831513,0.15561293574203322,0.019710072022444094,0.32146089304174214,0.5534482053386147,0.531635129566083,0.32326657406998843,0.7341852430172872
9,85+,10,0.46129427575666226,0.38547121522420535,0.15146776742014356,0.6435230714754138,0.07690010900466514,0.12019831973434925,1.9004601808685338e-06,0.22183791424110336,0.46180561523867253,0.4752364248829052,0.23035124890122458,0.7398264698198583
91,16-24,10,0.23227681746786732,0.2123441073228827,0.0812874043552007,0.40270993674004485,0.09702462754349071,0.14992395022879634,2.8009734183267623e-06,0.28325126975451054,0.6706985549886418,0.6327873031628362,0.44673887419180713,0.8081025440652843
91,25-34,10,0.22527709993396305,0.21365009468999624,0.08223686114121188,0.41290136358895285,0.10210315712251028,0.14823259853983156,2.236927972770633e-06,0.29078219450041964,0.6726197429435267,0.6203869333843381,0.40825249175503797,0.8103192840803322
91,35-44,10,0.26783909700360803,0.2540046332819562,0.11520771697663586,0.44313129316290484,0.10257522297259303,0.15112026409718016,6.648190667606686e-06,0.29695188377838394,0.6295856800237989,0.5935740196738495,0.34468929286509925,0.7879671396400785
91,45-54,10,0.21451405266206236,0.20182755423475834,0.07738392500766386,0.3930345762141886,0.09486285483507238,0.14507841866908333,0.010198782958664476,0.3078427903488954,0.6906230925028652,0.6515540814973093,0.4129749505078509,0.8187078395216764
91,55-64,10,0.2214939205427415,0.2189157172037021,0.09970605288905052,0.43054630534086585,0.09565089892373337,0.1421999648944537,0.010540737354822496,0.290186003129914,0.6828551805335251,0.6357980797617676,0.3698298729213428,0.8063072597227304
91,65-74,10,0.25628690969531237,0.24868179259208256,0.11550558112386458,0.4539796467273492,0.10304585780539302,0.15136392518039252,2.741446591609756e-06,0.281163848424277,0.6406672324992946,0.5954593040819894,0.39884055916189737,0.7860987876541712
91,75-84,10,0.34448889754097983,0.3098687872486661,0.13358213044062395,0.5030776600280688,0.09550281308669996,0.1452654493353051,4.876924563332979e-06,0.3006929175813605,0.5600082893723202,0.5430519634078217,0.3321498768269987,0.7521765042442404
91,85+,10,0.5343384609692805,0.4997124976771017,0.24877240291007283,0.703619759088209,0.1384561693927895,0.1841071176560565,0.0061646083962257755,0.3292029533813383,0.32720536963793,0.3100963620721456,0.16614064818243374,0.5843644523723883
107,16-24,11,0.23193556071773036,0.2113798593450072,0.07973876318654652,0.3891034451146226,0.09285548077182608,0.1453643784952732,2.746178694386561e-06,0.28635636553338706,0.6752089585104436,0.6258718726827497,0.43323832848064775,0.8404665774898754
107,25-34,11,0.18169715248021143,0.16745522555535114,0.07417128852218963,0.3359080586409848,0.09236016498909261,0.1460784983784773,0.015661126514127804,0.2987790717420468,0.7259426825306959,0.6743262373947901,0.4389275066252722,0.8442871908734046
107,35-44,11,0.226464082838854,0.2085215270903717,0.08944901753553214,0.41052257448311585,0.10136725056593887,0.15356402537328162,7.324293900680392e-06,0.3242533882737589,0.6721686665952071,0.6292463725107402,0.3458647569940619,0.801960205474977
107,45-54,11,0.2272554366821147,0.20961522943817906,0.08959321176035867,0.4203366020318814,0.09822707720586313,0.14668152742632395,3.0846053084075396e-06,0.308065835948424,0.6745174861120222,0.639370568811388,0.3448222568605414,0.7998117438335738
107,55-64,11,0.226848448138917,0.2063478964262769,0.07143538098497343,0.4348322647396205,0.09984204956252651,0.15508967098149404,2.3055353168536296e-06,0.3217633035948848,0.6733095022985565,0.6306492763100461,0.33279041502693624,0.8366202763236975
107,65-74,11,0.2257857818823741,0.2021406294431779,0.07670069249376053,0.3948855454626974,0.09284011744602655,0.14532340513826486,0.010358987642678882,0.3076010558827218,0.6813741006715993,0.632954072450405,0.41978944540865526,0.822077047132276
107,75-84,11,0.33711313063936055,0.2932367267138754,0.14041474250950767,0.5232658677921863,0.09256126147870233,0.15272954659731677,0.016193596599504326,0.29736361040481424,0.570325607881937,0.5459468242078095,0.3176117593594776,0.7529822674728454
107,85+,11,0.5501787555240574,0.5317830213213781,0.26220035190101487,0.7204546784858198,0.07730497964790177,0.11576576763806692,0.012453563115732586,0.26263443916744056,0.372516264828041,0.34802722597279034,0.1674628296708057,0.6074776555240521
109,16-24,11,0.23186779202627353,0.20544806749755729,0.08893165660207618,0.4045710805003958,0.0893043228192015,0.14555588876195213,0.03119683805762733,0.3032454849463398,0.678827885154525,0.635242939247112,0.3956250993265716,0.8026156118707055
109,25-34,11,0.1481332518096549,0.15096893765297031,0.05286361504499387,0.3909954857917243,0.08855011340402788,0.14487546602480153,9.582371347231596e-06,0.3266614916962184,0.7633166347863173,0.6976300772132384,0.3839628650272918,0.8633521139548473
109,35-44,11,0.22443588969371853,0.2033737295857889,0.08072491602571515,0.3947837143489315,0.09826370093791917,0.1475939654509236,3.0186935527684913e-06,0.3014399916356718,0.6773004093683622,0.6359097875230472,0.4179839031989185,0.8215442654501124
109,45-54,11,0.20640896866674244,0.1920337489930889,0.08513148933636736,0.3651474986644184,0.08969431621409707,0.14991717030753057,2.30087589605517e-06,0.34424220905382596,0.7038967151191606,0.6467908791816044,0.43558695409963366,0.8366365686282002
109,55-64,11,0.23059456783989676,0.21257627873963908,0.09013070904946664,0.3883244429753328,0.10251876222062359,0.15294723583186787,2.9828120207505847e-06,0.3195881366777398,0.6668866699394798,0.6249420230255572,0.3789672103672186,0.8031465661159111
109,65-74,11,0.22578911236810417,0.21563404096856087,0.08976083932971246,0.387243814536796,0.09665732131376685,0.1519279782916464,3.1410298992003117e-06,0.29167753294277166,0.6775535663181289,0.623422818855791,0.4165906965169204,0.8050331365780756
109,75-84,11,0.3186537847172076,0.30379506830638014,0.127520445981483,0.5176123927647307,0.10762060143932575,0.15669128743020183,0.031357397914125604,0.3036723015090394,0.5737256138434665,0.5416396809578802,0.25865741445226564,0.7586585308433503
109,85+,11,0.5706717534702268,0.5268342193638942,0.2626818160921311,0.7229514021167383,0.079873966750938,0.12144465246320871,3.2448055645951975e-06,0.267742718298249,0.34945427977883525,0.34297762844397994,0.18814164345856724,0.6116899741585535
112,16-24,11,0.16605500013638905,0.17498501163574426,0.0679463903101369,0.3632951926787782,0.0746319279499582,0.12766979866082795,1.8846447477892133e-06,0.29170996913443786,0.7593130719136527,0.691635106796809,0.4611038327052559,0.8726488708605552
112,25-34,11,0.14998997828454977,0.1463631825280829,0.05206394708239678,0.3609852111666086,0.07712585103005924,0.13150593314525166,1.8094694188375528e-06,0.2494145220040184,0.7728841706853911,0.7211174068213353,0.5227464506782421,0.8749138215497373
112,35-44,11,0.22873240716390159,0.2068209127553272,0.08737277670876847,0.40533010031113204,0.08100119551730388,0.1399805139160026,0.025179899647412296,0.29024324915134936,0.6902663973187946,0.6499521512459714,0.41847974352398604,0.815170815714336
112,45-54,11,0.16633234604218855,0.19577493279732397,0.07573908815348647,0.43815556448611087,0.07809237309741031,0.13086806890727998,2.440905922790162e-06,0.30965409615400874,0.7555752808604012,0.6696179286836985,0.39013989818907374,0.8395475470448328
112,55-64,11,0.22786341844176156,0.20878579495611793,0.09011327746386236,0.3868870684430682,0.08007535995197726,0.13770708908917806,2.7605778311026443e-06,0.32575162367090876,0.6920612216062613,0.6492685354812207,0.3881467027283763,0.834571270780021
112,65-74,11,0.22786341844176156,0.20762452343722,0.09086168069393333,0.38666014347447214,0.08007535995197726,0.13305750927358245,0.028853214284465155,0.27688552679236056,0.6920612216062613,0.6540197779049242,0.46412225647480376,0.8258631245401525
112,75-84,11,0.3473367876907232,0.31013521452560017,0.13618387776089688,0.5125846747822712,0.08017341231077206,0.13770580258484183,0.028156963171639873,0.27323012211420217,0.5724897999985048,0.5480812152017913,0.35415520353349483,0.7566224026262058
112,85+,11,0.5606183476313821,0.4880483712247107,0.17663455467003825,0.7015136273305795,0.059796925119768495,0.10428179653725661,1.4206800649788464e-06,0.20966025482503647,0.3795847272488494,0.39877412075544716,0.1991488815045741,0.6865199461734648
114,16-24,11,0.22481760491896927,0.2082863134122903,0.08892262471414161,0.4344813975636825,0.09223502110249153,0.1471612865780778,2.5223337893801086e-06,0.30096419294587656,0.6829473739785392,0.6398935778233917,0.368813946952866,0.8100452289349344
114,25-34,11,0.1478607240047948,0.15506054337531455,0.05486493642910639,0.3402369993583717,0.09022695120917626,0.14384424169102406,0.00942494195999337,0.29402215657861025,0.761912324786029,0.6901469283887447,0.47643215053238736,0.8574732074239028
114,35-44,11,0.18620209654570624,0.18252244115796112,0.07463938765370812,0.375404128511507,0.09252808718336501,0.146318026089389,0.011816528112981443,0.2837411920112683,0.7212698162709287,0.6615148385527523,0.433444654135568,0.8146042491649179
114,45-54,11,0.21467774937034972,0.2030507577780563,0.07449698290475792,0.38890150758910624,0.09417214031370004,0.14814264177443065,2.5233092795913335e-06,0.29483572389816387,0.6911501103159503,0.6435822434133043,0.4173038750590533,0.8289599246582093
114,55-64,11,0.22435318382211444,0.20606403659667774,0.08380682631991067,0.39314265853905545,0.09859599577130232,0.15810740817032148,0.017303005014527546,0.31111426313972795,0.6770508204065833,0.6343487870984461,0.3816547843414284,0.8024944922081673
114,65-74,11,0.2257857818823741,0.20056331185353338,0.080042395777117,0.39464917258122106,0.09284011744602655,0.14958683495811842,2.8666849096015728e-06,0.3161464720183579,0.6813741006715993,0.641787243098519,0.3815386585071005,0.8458296099606973
114,75-84,11,0.3584446231334952,0.31315203505945755,0.1275665126480469,0.512941644714556,0.09158593558270431,0.14627142330639858,0.017408261635298707,0.2917386124826847,0.5499694412838004,0.5428814017968864,0.3184369992632984,0.7405930797074862
114,85+,11,0.5740209669332227,0.5324169702509141,0.2786756498526778,0.7432179031617984,0.07929487337919867,0.13310181226515683,0.012115555830781981,0.3145635860348789,0.34668415968757876,0.3269168555906502,0.15675924069311503,0.5422513098963452
117,16-24,11,0.21462546777509736,0.19768905649934995,0.0772509415796656,0.36038802739004117,0.08981470036353928,0.15012063840088857,2.839109271449616e-06,0.29356686143406185,0.6955598318613634,0.6447204261090069,0.43744386261325535,0.8418595484235504
117,25-34,11,0.22391971477177458,0.19744955502972775,0.07830213756351219,0.3753709662787882,0.1037335681668896,0.1578499876173245,0.030009012311376187,0.298261319538514,0.6723467170613358,0.6395176251446951,0.40966890612000445,0.8064846185786504
117,35-44,11,0.2230741819734074,0.20989354439968413,0.08411493920521992,0.40942816495665285,0.10373475675610108,0.15441166516455984,2.198605671446114e-06,0.3023792091786397,0.6731910612704916,0.6291044103579049,0.4001244878448321,0.8216670325483226
117,45-54,11,0.22951027457033324,0.20160046544597143,0.07642911753046218,0.3813810216781972,0.10298631465846642,0.1468896894509299,3.185315231486184e-06,0.28965019163107586,0.6675034107712003,0.6472369912218219,0.4429678167555353,0.8174911131234739
117,55-64,11,0.2234616518919089,0.2018501372942705,0.08833596925009357,0.40294912589953014,0.10217798394768683,0.15514987145033526,0.03021711351790095,0.2981983736343518,0.6743603641604042,0.6362877569096163,0.40179470279771295,0.7948051125509035
117,65-74,11,0.22239489973962132,0.20838154639956674,0.08661581085633069,0.39730310874986335,0.0965514243138394,0.14694769589382006,0.012139379218588044,0.28253552586449915,0.6810536759465393,0.6343365838333928,0.4246643246725692,0.8097725390765693
117,75-84,11,0.34156944073642415,0.3040280678967703,0.1305668189355226,0.5346835626480223,0.09544665504518805,0.14930664529273613,0.017707189115021817,0.3050910468959441,0.5629839042183877,0.5424789332198976,0.2806396483832657,0.74062121705235
117,85+,11,0.576357274331056,0.5361977204562018,0.2584999578887191,0.7592686923390896,0.07070688300302562,0.11540476851599653,0.012014181527138254,0.27105045669743333,0.35293584266591843,0.341804989094206,0.16328386845912082,0.6079088107563667
122,16-24,11,0.18625202671165417,0.19455021597080263,0.0806692769986515,0.35156753162874993,0.08750475514011787,0.13981712648254777,2.080561504002218e-06,0.2695436230063719,0.726243218148228,0.6647407715306661,0.46444303485736343,0.8494710220286958
122,25-34,11,0.19196659140052524,0.18419593987811256,0.06977651715810111,0.3832918648239224,0.09227105156710713,0.15542451897322507,0.02389927886974949,0.2956155606681392,0.7157623570323676,0.6546786772035136,0.4322198264870742,0.8371930610484757
122,35-44,11,0.223977782695762,0.2084407344968328,0.09267528584807942,0.4025822602887958,0.10010427870592022,0.15418730531351404,0.016448111808948392,0.3690382070897768,0.6759179385983178,0.630486211444903,0.3766329918984816,0.7847703464189352
122,45-54,11,0.2065957945150224,0.19407992347408987,0.084945798112736,0.402946824904112,0.08887037608850125,0.1510196117064314,1.9032348912022531e-06,0.30154889937323504,0.7045338293964765,0.6423786285797364,0.3809227872366373,0.8370886301498833
122,55-64,11,0.2257857818823741,0.20112370570641375,0.0914067674245221,0.3724940537943886,0.09284011744602655,0.1497948226890662,0.014419380197805297,0.30703173006804,0.6813741006715993,0.6416357944751918,0.45012059272300575,0.8032873233012238
122,65-74,11,0.23043321128991417,0.2111158923821011,0.08894236346184263,0.4230513960527432,0.0993791259619333,0.1533703740398885,0.01678572472192091,0.3200584308755015,0.6701876627481526,0.6293989538491112,0.40178140426779446,0.8071964594953049
122,75-84,11,0.3642999445255322,0.29762482785679373,0.14066741358947368,0.5550081945412305,0.09075005280911372,0.14948941669534277,5.170879377428741e-06,0.285642642719599,0.544950002665354,0.5449540837102731,0.2992624326662231,0.7518137316039624
122,85+,11,0.5745168236088205,0.5293200793732626,0.26558898961837996,0.7427814210921433,0.07367434479194918,0.11689783991775239,2.264714132430425e-06,0.2524995443815222,0.3518088315992304,0.34658659907515493,0.18148277174804836,0.5914545980890439
126,16-24,11,0.24408886857925918,0.22806799701586344,0.09076210881718327,0.4684592226099821,0.09138620139013147,0.14009660198129378,2.7373641551935978e-06,0.28909200726541723,0.6645249300306093,0.6229538306960256,0.3662814600010003,0.8075750267241167
126,25-34,11,0.23025276259472124,0.1981522177052114,0.07490753641615387,0.40856038224155455,0.09230445818756995,0.15087686748413387,2.27458883365706e-06,0.2787752543967485,0.6774427792177088,0.6432197899171428,0.4329952184207131,0.8215325323084798
126,35-44,11,0.23685967625999663,0.21513157894417922,0.08609617988277751,0.3765889836643374,0.09844255738550009,0.14879375442651688,2.932482262994447e-06,0.29723240208808477,0.6646977663545032,0.6253693480368925,0.39607194499829895,0.8207794608379104
126,45-54,11,0.2430073743450232,0.2157592021358274,0.09484501065907042,0.4422688428106065,0.0997664287337362,0.15422436311220744,2.7517774802244804e-06,0.26862209053305763,0.6572261969212406,0.6230858547725879,0.42116360730980856,0.8122660907946094
126,55-64,11,0.23725006737554785,0.21228715117906577,0.08136182667981848,0.40125086153147677,0.09695661422576436,0.14615550154321244,2.748143155349506e-06,0.2871108394668673,0.6657933183986878,0.6323024710012486,0.4202871737548137,0.840292815541141
126,65-74,11,0.2519743751103365,0.22794256526960824,0.09546016682455204,0.43875991418081906,0.09901922997772712,0.15711196503958735,3.0566437184772235e-06,0.28351791997717607,0.6490063949119363,0.6045451692280717,0.40284213034137034,0.7814510705072829
126,75-84,11,0.33272499824446594,0.28715429940005693,0.11724847730040724,0.51643681395828,0.09317399207992658,0.14739042522503445,0.016474005055618843,0.2846788589623213,0.5741010096756074,0.5550283194055126,0.3135680689711001,0.7749120726529748
126,85+,11,0.5767638636427156,0.5263107939081731,0.27986320653465846,0.7328590081411446,0.06759912231842655,0.11907667553807212,1.961259504840979e-06,0.24479193384472764,0.35563701403885795,0.3444568582732428,0.19303489765799373,0.5967519856235771
129,16-24,11,0.22615999933438624,0.20663729993062266,0.08742280716064825,0.3847845817810089,0.08681472210667966,0.14300654665453227,2.7884680336786462e-06,0.27399017115955604,0.6870252785589341,0.6449127922217738,0.4454304210370424,0.8421282470279681
129,25-34,11,0.22527709993396305,0.20362658888531,0.09176470318598158,0.3886139792598486,0.10210315712251028,0.1509749340008808,0.026879674417557533,0.3057130538723449,0.6726197429435267,0.6402187319268569,0.36114999349135585,0.7919783926737209
129,35-44,11,0.223977782695762,0.20792777567793688,0.07822766638208402,0.4111751826372403,0.10010427870592022,0.1519885689236395,3.171152974108335e-06,0.2898046879861871,0.6759179385983178,0.6284366704509972,0.40243085458902017,0.8108527067365919
129,45-54,11,0.22435318382211444,0.2016405463242237,0.07796905235755613,0.39088581239961717,0.09859599577130232,0.14641503576235243,2.0452372369028184e-06,0.29682539711751,0.6770508204065833,0.6390906837512461,0.4317314034359244,0.837349028549002
129,55-64,11,0.23089146682458223,0.21818766811102658,0.09119961515988367,0.4661990934762625,0.10136322212804007,0.15073385234368034,2.374706188885086e-06,0.32377552899627626,0.6677453110473777,0.6134598752170908,0.32516740513658965,0.8090112209639019
129,65-74,11,0.2257857818823741,0.2067799973641147,0.0789223655405807,0.3950952404888228,0.09284011744602655,0.14158986710201227,2.3740178699546366e-06,0.26882496885009355,0.6813741006715993,0.6455378378420618,0.4308603276440285,0.8445865997038171
129,75-84,11,0.3642999445255322,0.30522145229743236,0.11720867414913176,0.5811081125449488,0.09075005280911372,0.14387589412479007,2.6234401423754485e-06,0.2771604831615853,0.544950002665354,0.5391517233665306,0.3114979367064315,0.7745473730759687
129,85+,11,0.5508328070115142,0.504334743902267,0.2474032542686651,0.7080190805141455,0.07620808151348457,0.11521520336466767,0.025842230122572023,0.24038103144541748,0.3729591114750014,0.3737941470578269,0.17758572378120668,0.6347377622682703
135,16-24,11,0.1535407667082919,0.16987722974092845,0.06862905469686223,0.40528694249845026,0.08560441393066553,0.13465540419460642,6.9426251624340525e-06,0.3072305438078514,0.7608548193610426,0.6806852116823188,0.3922285971695795,0.8356672834527166
135,25-34,11,0.13926392114282027,0.14492190888605375,0.060595528466501423,0.3321077550531623,0.08982554141307915,0.13918817226571778,0.009259418270853565,0.3053963514213223,0.7709105374441007,0.7101371339945534,0.4036242296432944,0.867204785845031
135,35-44,11,0.19456223626776786,0.19301805695252186,0.07723487428686293,0.3652943629356181,0.09466181832612625,0.14821005990720149,0.014803495852844248,0.3006480872161596,0.710775945406106,0.6504605616758362,0.3807848873506354,0.8402224919694413
135,45-54,11,0.17647793369164388,0.18087468102068244,0.07033605165095796,0.37073409929294243,0.08914890900930761,0.13944847645174563,0.017455697345877746,0.2773334598957723,0.7343731572990485,0.6659835057786349,0.45225215652177,0.8433203984180208
135,55-64,11,0.19454254915798602,0.18697439879375202,0.07651945759263733,0.35508082984263545,0.09275513599392438,0.14469521532694832,0.009706994041856496,0.2763397880349654,0.7127023148480897,0.6664908795498825,0.45357175736926364,0.8278390987562929
135,65-74,11,0.19454254915798602,0.1724662673006872,0.062497672215518836,0.4002092038477326,0.09275513599392438,0.13956378067734648,1.9421075249673707e-06,0.273272330276818,0.7127023148480897,0.6758701203270312,0.42973831330632384,0.8721510001990455
135,75-84,11,0.32154919197346143,0.2883517409173103,0.12468606090680161,0.5121743754444147,0.09477710573830328,0.15194465922695904,0.012807568623865657,0.30879950383146815,0.5836737022882352,0.54634122160425,0.30818184286879274,0.7392421871500411
135,85+,11,0.5669608747160398,0.5159608827390223,0.24097876315534217,0.7241826899697733,0.0671416022584614,0.11778504625612504,0.008106250885600397,0.29931382052758615,0.36589752302549877,0.35424096120567206,0.16270020561493734,0.6082109803977085
136,16-24,11,0.16397308729739704,0.1792025749182698,0.0755549408713836,0.3714188180227388,0.08623372053923213,0.14212155133094134,0.024152179734521568,0.2831683888951338,0.7497931921633708,0.667713232696379,0.41630875563541914,0.8388148073583268
136,25-34,11,0.20565403230974177,0.18397816988253188,0.0729753545423033,0.3676279327167322,0.09143327197363313,0.15541734709861554,1.0197602033015529e-05,0.307887530099824,0.7029126957166251,0.6544047293572934,0.38498816585069207,0.8439419534562311
136,35-44,11,0.21541487050114505,0.19197745140529043,0.0766184653127723,0.3982510823114519,0.09548845618834641,0.14662437264390304,0.011253310968364768,0.3063101024398017,0.6890966733105086,0.6488598294118305,0.4257533402377917,0.8316157784392585
136,45-54,11,0.226848448138917,0.2015875212465166,0.07874862709507259,0.3839645407740483,0.09984204956252651,0.14666507200221035,2.174315061322787e-06,0.2879307763040936,0.6733095022985565,0.6447299373816531,0.4072393090455484,0.8299637902039351
136,55-64,11,0.1662346229314236,0.1796207361787467,0.07249254220825004,0.3711197983789917,0.0903388933816959,0.14503005576141542,2.1567694872251323e-06,0.2766655458923358,0.7434264836868806,0.672698321122664,0.4331990574522697,0.8511317230933138
136,65-74,11,0.22435318382211444,0.20572845223557573,0.08243046943465424,0.40482766895695316,0.09859599577130232,0.1515062454043025,6.374096787848518e-06,0.31498884174017244,0.6770508204065833,0.6399994612136476,0.3942830439335916,0.8309234278296658
136,75-84,11,0.33208076452549234,0.2785927030283658,0.125760823344554,0.48733428646532895,0.09175214991580877,0.15203717109973158,3.422554932523547e-06,0.2966931754564762,0.5761670855586989,0.5465810558233184,0.29013198667855317,0.7666429646297419
136,85+,11,0.5749000486271837,0.5305042981633799,0.2520999050007536,0.711339103776786,0.07305644962919737,0.1148228159248615,0.008662860604301407,0.25167881321292807,0.3520435017436189,0.35305820065903626,0.17131715681599843,0.6099702848525987
139,16-24,11,0.1854544078374218,0.1763114323753075,0.08150270446134858,0.34272417281216533,0.08759052548496161,0.1390953396744623,6.884629670252307e-06,0.28437305378603317,0.7269550666776167,0.6705140045882219,0.46194617592807674,0.8254313251356483
139,25-34,11,0.14719777492774427,0.14534529588602013,0.05714088221231866,0.3344531812259748,0.0902971461593613,0.14603283011345528,2.7281036212849835e-06,0.27884763942416146,0.7625050789128944,0.7017644184062086,0.46658696054583193,0.8570695630912908
139,35-44,11,0.16894242204025486,0.17804448361571257,0.07139942342120546,0.3623499166265831,0.09265114516970398,0.1524283683262237,0.015309260029431478,0.3151371359861929,0.7384064327900411,0.6557182467384891,0.43208780264018065,0.8454092056753384
139,45-54,11,0.20421635613672906,0.19479157353742171,0.08062165083707873,0.3537168179170981,0.09427900480067203,0.14528557428619596,0.011136617013828877,0.27815267370227914,0.7015046390625989,0.6561428466148258,0.4620558022649449,0.8075256877128146
139,55-64,11,0.2140657088809073,0.18558105051178916,0.07177142651312206,0.35897309333793626,0.09311212083439208,0.1509214469024895,0.03227567636609185,0.31400105704958453,0.6928221702847006,0.6544856504956766,0.4461441976796639,0.8214535759308106
139,65-74,11,0.1640338657472265,0.18144963410587736,0.07535285845869952,0.3812544602291797,0.09057734651742239,0.14424466187983376,0.009449940854044173,0.28614878170630315,0.745388787735351,0.6681268651430072,0.40921289957601936,0.8324846203903903
139,75-84,11,0.30775131194172867,0.2799798804875354,0.09753303890216097,0.48407890249128477,0.09467931870393911,0.14730468142454614,2.6477131778801984e-06,0.295579452431089,0.5975693693543322,0.5631062356595176,0.32307457893749414,0.8089488349858595
139,85+,11,0.5589848981916783,0.5164208646000812,0.253533155327882,0.7470465983828594,0.07579158140791852,0.11904376905387773,2.249859740433192e-06,0.254760817983651,0.3652235204004032,0.35806880718287326,0.17452573038216096,0.6213980622890403
142,16-24,11,0.22509600138605168,0.2076555912910602,0.08215557235065617,0.4047964523737385,0.0911109162390967,0.14019420154289114,6.129470098522768e-06,0.287756152452087,0.6837930823748517,0.6455348836857455,0.3949272709786826,0.8270683716881375
142,25-34,11,0.1487164026419353,0.1526459636545472,0.06325324008974355,0.33213149161035843,0.08496204149271039,0.13711805386451462,3.065569833865485e-06,0.28317573977865546,0.7663215558653543,0.7003626461134289,0.44712738541782493,0.8464392579680587
142,35-44,11,0.21473764974852924,0.19882698684014694,0.07654064419669654,0.3596720772957083,0.09391939203624741,0.1493943903712323,0.014037109649940331,0.28208448846382556,0.6913429582152233,0.6562109201263784,0.42997760539512636,0.8229787006043517
142,45-54,11,0.19940698908695054,0.18561191018541534,0.0703750057899653,0.36356936121730105,0.08928475599204556,0.13643501677032113,2.138583119924678e-06,0.3123174649375031,0.7113082549210039,0.6644455147079077,0.450189595203077,0.8451999983036323
142,55-64,11,0.22606721380069075,0.20646961022684734,0.08018108585574563,0.4046375834092084,0.09170938306656913,0.14416349665320133,6.203841387995371e-06,0.2742857542990358,0.6822234031327401,0.6420917579560165,0.3801729849148633,0.8139232933106422
142,65-74,11,0.22465019046069554,0.20587709309195595,0.07155155551251666,0.4264831843089697,0.09740268543472272,0.14460681315801044,2.3279733006734248e-06,0.26798968304320714,0.6779471241045818,0.6391872551112084,0.42441729867889755,0.8370227989551051
142,75-84,11,0.36057418884122255,0.31036220142028825,0.1260240428853899,0.5254500581099952,0.09023063977214696,0.1495911121285569,0.010212808135317513,0.2993790908543861,0.5491951713866305,0.5341164396670526,0.32526412825862716,0.7519827764710655
142,85+,11,0.6302933339085125,0.5638647124534193,0.287031974274067,0.7812688373496844,0.06077974267348921,0.11297914784261726,1.8455062933919126e-06,0.25523234870741346,0.30892692341799827,0.3108826155645556,0.14873098298399462,0.5566329098837697
147,16-24,11,0.21340955340746046,0.20064528949275814,0.08002059333764588,0.4294567817145808,0.08824515529562077,0.14273205991890403,0.028442868433022805,0.3317147322839542,0.6983452912969188,0.6504380672184904,0.3561057974925052,0.8246216530522938
147,25-34,11,0.15604222177160756,0.16479855354182038,0.06492896886138118,0.34474370678171173,0.09114763843672737,0.15358896424967264,8.451839957472617e-06,0.29621208545158956,0.752810139791665,0.6780548298845008,0.42096358677023116,0.8495854959271605
147,35-44,11,0.16264418997676144,0.17950530641653328,0.06773637948020175,0.33883956541871146,0.09134916634258843,0.15229354956446314,3.0596474709253207e-06,0.32042687250799023,0.7460066436806502,0.6674523752190802,0.43839532019006433,0.8406312666932195
147,45-54,11,0.22045706166567944,0.19141320298660824,0.06450672822102131,0.3803271524621603,0.0934791124414398,0.15358096332797866,2.7025567366337597e-06,0.3232557746398817,0.6860638258928807,0.6411482911086456,0.43150170620450273,0.83417459887749
147,55-64,11,0.22917731504511551,0.20984354610160152,0.08986736749125641,0.43853145884011524,0.10158913555909496,0.1505995780846074,0.012244767633520271,0.35527355006167133,0.6692335493957895,0.6277593806325679,0.34568166106622744,0.7865686749204466
147,65-74,11,0.2229870796655079,0.20305877312280027,0.07393845317205154,0.3973719454914172,0.0931757246157606,0.1525704638145293,0.013649472603264063,0.29691338665578076,0.6838371957187315,0.6430923394210069,0.4136441647946375,0.8193847914872022
147,75-84,11,0.32993764772100626,0.2847501816066943,0.1333489232304199,0.49248296858763824,0.09204655014249577,0.15607685007922534,0.015558570048889718,0.3001216959149965,0.5780158021364981,0.5601224916912773,0.3286627419659372,0.7392862201866965
147,85+,11,0.5790396916031728,0.5366806902540879,0.3175940893241196,0.7466680305497603,0.06784406920945796,0.1245264301144891,2.875967638443197e-06,0.26061443198104006,0.3531162391873692,0.3311817193287975,0.15067962824497794,0.5441417829789995
160,16-24,11,0.19910030071949505,0.19440340948311297,0.07107442524711964,0.3846488149774384,0.08597997390727191,0.14131107623231692,0.009092868643992632,0.2999118463821632,0.7149197253732331,0.6642688399261666,0.4045920643993978,0.8356924521168464
160,25-34,11,0.15589746400694143,0.16395650787771882,0.07344760062172036,0.3720017768192023,0.09089138566936387,0.1416966178134096,0.012079873915123626,0.3032073380184509,0.7532111503236948,0.6813831273759843,0.4411293736737938,0.844194493905248
160,35-44,11,0.223977782695762,0.20869705159632201,0.0796955407707992,0.4121164219313951,0.10010427870592022,0.15704552445206754,2.8212706129979125e-06,0.2898193950110287,0.6759179385983178,0.626345235307016,0.4441308696338316,0.8070640636754031
160,45-54,11,0.22466842602157788,0.20098361971228645,0.07620908081556366,0.4440018111529546,0.09297410549083092,0.15541964155580346,2.3227218030546876e-06,0.3023775968946529,0.6823574684875912,0.6331368593933981,0.3871249901291805,0.8044982101778281
160,55-64,11,0.22435318382211444,0.21026139520865836,0.08823548236255974,0.40969529528053944,0.09859599577130232,0.1488469827262108,7.098904606214743e-06,0.3079731699098594,0.6770508204065833,0.6270497345956201,0.41128105290966815,0.821208303062246
160,65-74,11,0.22435318382211444,0.20392051259245897,0.07594101774397002,0.4187553928410637,0.09859599577130232,0.14962770663266256,2.3489520300739012e-06,0.3237424179470912,0.6770508204065833,0.6321852896708305,0.36344287358641764,0.8158407789930585
160,75-84,11,0.34356638231227743,0.3087400360916646,0.1368272924234536,0.5394100222275929,0.09370989503276993,0.15384668223355663,2.7221632118107224e-06,0.31457705264359576,0.5627237226549526,0.5269947185938726,0.31284439485861976,0.7285643978648985
160,85+,11,0.5745599102461333,0.5190534821770092,0.22062900431165552,0.7502412809135757,0.07360487379319103,0.11791488665664875,2.2880474436352537e-06,0.27369512236789834,0.35183521596067574,0.35227164918298026,0.17668721406072033,0.6198464838973656
17,16-24,11,0.21503866988512135,0.19380537293338143,0.08129943136180706,0.35494357448675545,0.08806238974438811,0.1386891536928968,0.011044673854605445,0.29283526950692557,0.6968989403704906,0.6592159150224178,0.4529707293117011,0.8482321710836619
17,25-34,11,0.18926855657529673,0.17191399459878076,0.06317312500722712,0.3900233076655761,0.0902795586344797,0.1465129520351124,0.015686453291727378,0.3149781939954938,0.7204518847902236,0.6678969673345043,0.4391770302623159,0.8550712844114768
17,35-44,11,0.21227697337944387,0.19405122980889156,0.07785629262822387,0.3554541247430548,0.09471972050887636,0.14358415922016693,0.009385425564535494,0.272973498259445,0.6930033061116797,0.6524298140704604,0.4613977320007705,0.8333922176498988
17,45-54,11,0.23089146682458223,0.20222625655201876,0.08487187371508136,0.4156686384047927,0.10136322212804007,0.14849413806663914,0.011203890865086549,0.30391907451772143,0.6677453110473777,0.6399275676995648,0.4176030051768613,0.8192987247695313
17,55-64,11,0.23043321128991417,0.21400008928452996,0.07930926864520417,0.4036856659333906,0.0993791259619333,0.15063691113460903,2.7468379585806334e-06,0.2911740770243999,0.6701876627481526,0.6296021694540175,0.44179650425551587,0.8048648715988905
17,65-74,11,0.23089146682458223,0.21768136760614804,0.08882515668719526,0.4443594109561665,0.10136322212804007,0.14610458412081176,6.382253820548971e-06,0.2839432921400431,0.6677453110473777,0.6310347721281109,0.4099651495622372,0.8183574110504622
17,75-84,11,0.34701215667198376,0.2986927454049935,0.13074324780427588,0.533825785459938,0.0911790251132817,0.14972335779286267,0.009574566612621162,0.3345265917636402,0.5618088182147345,0.5406961595791382,0.2778200973848812,0.7457553406711608
17,85+,11,0.5508328070115142,0.4981104171389514,0.20977375780851792,0.7238033161446855,0.07620808151348457,0.11192604716810331,1.4277780803017455e-06,0.24695311740002027,0.3729591114750014,0.3813044541316276,0.1867280979521642,0.6410709349864164
171,16-24,11,0.28748480815792704,0.25095757097914506,0.09276016406775757,0.4798055757653096,0.09979815939291056,0.1516473241126436,0.01202622984366433,0.3026111791042569,0.6127170324491623,0.5875402793916247,0.39954359810542606,0.7959704224013743
171,25-34,11,0.23419548799480178,0.21560827708323038,0.07992624897126978,0.44249824591451536,0.10843618811154157,0.16000246304073165,0.01045291594493733,0.3635604619654384,0.6573683238936566,0.6081584625630649,0.35365076593332956,0.8062824387751457
171,35-44,11,0.26074057424426916,0.25153921670809654,0.11015014826095618,0.4631733116392822,0.11003336215579324,0.1576967702048287,2.7276179107957386e-06,0.33405732432678775,0.6292260635999376,0.5764574198828264,0.3526147202818703,0.7754963595135353
171,45-54,11,0.2815271369964856,0.2628442835016894,0.11535761649414861,0.4602694461437572,0.10587086008443869,0.16516535434448498,0.030461859776062104,0.326791959130783,0.6126020029190756,0.5705302880846302,0.33003511349203973,0.7505070318170886
171,55-64,11,0.2902074570665751,0.2668412944666418,0.11999444451939438,0.4486425162181435,0.10629485165959066,0.1600168171815526,0.018564774408927995,0.3387908895786244,0.6034976912738343,0.5702095923481013,0.33197982623166733,0.7670008587332665
171,65-74,11,0.2610772347111146,0.2631906422321807,0.1021734941638865,0.48993223454657614,0.10888426372858494,0.1553648702986193,1.962054679996273e-06,0.3054281875939812,0.6300385015603006,0.5646231626678186,0.3635012496589018,0.7938905405813209
171,75-84,11,0.3935174303587487,0.35177449918571735,0.1672642121322526,0.6241602771048963,0.09712958307791497,0.1502966143483947,2.541318516895942e-06,0.2793668910309774,0.5093529865633364,0.48973449443130457,0.2788308084889051,0.7079982445923734
171,85+,11,0.6141070631815553,0.5854756423969992,0.32250784402572785,0.757121504711091,0.06280308024833216,0.11024704959631434,3.484888598076762e-06,0.27785924473358997,0.3230898565701125,0.29389747578478076,0.13789106167016957,0.5282539736982874
196,16-24,11,0.2322801226583962,0.21199153271251694,0.07819461184854326,0.40800873418033773,0.09826932676806235,0.14453164718242253,2.6485386295965513e-06,0.26084816617241985,0.6694505505735414,0.6355557977048697,0.4332722305126842,0.8215499621467257
196,25-34,11,0.22147458481371313,0.20028928849710015,0.0558765697981333,0.42365274312686735,0.10638679479896647,0.1658519644908684,2.2727255842309388e-06,0.3315681100677278,0.6721386203873204,0.6313144226078964,0.3295523466808111,0.8229813984284522
196,35-44,11,0.23444679904605464,0.2164085687884072,0.08386582221818545,0.41596515821447066,0.10781161891476883,0.15976494453768042,3.0693768555900324e-06,0.3059039399400694,0.6577415820391765,0.6104359654350253,0.38778762686465695,0.8127080174947853
196,45-54,11,0.23168044427721027,0.21148452257309192,0.07940430774593621,0.4086724560418914,0.10499214710306518,0.15862884344086564,2.2316251100597855e-06,0.3445188199270056,0.6633274086197246,0.6134825146313876,0.413815003418789,0.8240825787242312
196,55-64,11,0.22916293724597367,0.20277919892160695,0.09232783871347039,0.4020798067552463,0.10748412976005263,0.15678918622047489,0.011769317418576775,0.29657608157925264,0.6633529329939737,0.6300855604015927,0.43637984322112183,0.8177285323120596
196,65-74,11,0.23428049146834515,0.2150301182118784,0.09958711066206252,0.4259393525383162,0.10844450317304233,0.15735256085031757,2.7350140969721913e-06,0.3030398460015783,0.6572750053586126,0.6209467234942612,0.3519506292914854,0.8093217114536564
196,75-84,11,0.36341817395297854,0.30051174913303025,0.13804500467799255,0.5056953108055725,0.09501903285611223,0.15863692493623943,0.018977147770523166,0.3086458280451269,0.5415627931909093,0.5299473471266867,0.33757995855921186,0.7146940885815474
196,85+,11,0.5748613999376548,0.5335538000906975,0.28180444324872195,0.7094531461268966,0.07445798570758423,0.12331811057835451,0.020155514114723282,0.27405190470217233,0.3506806143547609,0.3343104998657588,0.17982156049685258,0.5962305396817424
201,16-24,11,0.14262595641982445,0.1554873659606193,0.06344605136405208,0.3509948050738733,0.08480084835616021,0.13477248773722877,2.868019483752398e-06,0.27594588074787835,0.7725731952240154,0.7015089489648972,0.42031085904219373,0.8591476391441889
201,25-34,11,0.12970838673387078,0.14158108680824366,0.051697909191167964,0.3310718094518568,0.08542402290501094,0.14864642026424163,3.4344269033561917e-06,0.29176493469574744,0.7848675903611182,0.7005910199572467,0.4610839689139117,0.8650801191989057
201,35-44,11,0.14375043896786943,0.1634104599444025,0.07102704144476325,0.337977999601619,0.08944201931836693,0.14686731722174118,3.0842989402418226e-06,0.3308591879056569,0.7668075417137635,0.682176754465974,0.42515006552085277,0.8530342916876532
201,45-54,11,0.1430037911430233,0.1582902086905178,0.06490079484729311,0.3066012599824315,0.08747476539749989,0.13421014969387568,0.01487443669136028,0.2735544890197496,0.7695214434594768,0.7039762975978849,0.49650016127362673,0.8563024098838032
201,55-64,11,0.15069366709961096,0.16881735356760502,0.06032260723240415,0.32119228586265575,0.08816606515912576,0.13687174803030505,2.879585248376484e-06,0.2641383540706342,0.7611402677412633,0.687503361861088,0.48748868688156366,0.8560984129314949
201,65-74,11,0.1430037911430233,0.16430281899362348,0.06545555698887431,0.3434944656510544,0.08747476539749989,0.13572017684527699,2.532837957221111e-06,0.26914824611540716,0.7695214434594768,0.6929840857600127,0.45909942838049433,0.8542048113901275
201,75-84,11,0.31485966269187665,0.2940525472216915,0.11995109368468883,0.4913728334982003,0.09511907766493993,0.14137868521772878,0.012302815185353456,0.29265561265245643,0.5900212596431835,0.5592905740452496,0.36457406721418434,0.7640125513017719
201,85+,11,0.4994300070127466,0.43174020410164404,0.177076869669742,0.6845449573729525,0.08376474101781833,0.112617574806336,0.0299156948476086,0.25417103702601296,0.41680525196943513,0.43024784732658794,0.22440844038192523,0.6915369615942185
241,16-24,11,0.22697478890294806,0.21666304577638254,0.08707700892381369,0.41777261390613996,0.0835247776391278,0.1298133343405335,2.0477107130852336e-06,0.2593467015048263,0.6895004334579241,0.6493634384214617,0.37556939949155854,0.8424489832700148
241,25-34,11,0.1569880972966802,0.1665998454476364,0.0580614534879413,0.3481483823660069,0.08453140973843312,0.13676581717861935,2.371139520732515e-06,0.2700049098646538,0.7584804929648867,0.6910984190893448,0.45521399569650284,0.8392876463752363
241,35-44,11,0.20026469570505698,0.20022370406579587,0.07091775422322835,0.4072934668614245,0.08536750868003978,0.13360601427442867,1.714106967364029e-06,0.2700234006970641,0.7143677956149033,0.6672109715154151,0.3990781387067132,0.8400597344563928
241,45-54,11,0.2161369972606562,0.19360921342876658,0.08015447120363006,0.36571268418524977,0.08801487717345849,0.12670071048020223,5.42401631113259e-06,0.2641972473289917,0.6958481255658853,0.6644235429513591,0.4606481158694949,0.8213674953231249
241,55-64,11,0.23366102897833757,0.21756477986128275,0.10214609355951268,0.43837582152914595,0.09058399999308914,0.1327170754497593,6.708147774383932e-06,0.2999163019025865,0.6757549710285733,0.6342381359084132,0.3771035299329263,0.8039817294712654
241,65-74,11,0.22326592239546375,0.21058493915401263,0.08200271483848635,0.3912532433796073,0.08862096493737913,0.13058261618738726,0.013671500546537867,0.24871064656560674,0.688113112667157,0.6494672674242575,0.44982200834346964,0.8195146400930061
241,75-84,11,0.33884188854520697,0.29497075140060186,0.12805670411155382,0.5155899316120882,0.07100264328902932,0.12010786767740453,2.0400391854266697e-06,0.26846179252273983,0.5901554681657637,0.5689598393334339,0.3582741270340442,0.7666622830960244
241,85+,11,0.6357543972088513,0.5677433814598722,0.26555861304129436,0.7563159012109149,0.052642037572890626,0.08847011411813818,4.782624384406301e-06,0.2172243257119981,0.31160356521825805,0.3402590650071833,0.15334748977179116,0.6045431049443255
255,16-24,11,0.21578729832292007,0.2007256261406853,0.07674979675315587,0.41190540359709177,0.08488760062901503,0.13765679082851656,1.902435995819144e-06,0.2758692146915007,0.6993251010480649,0.6488495501209189,0.4125676101705042,0.8466529066499322
255,25-34,11,0.19196659140052524,0.18231956347604933,0.07792802041685265,0.3608553404564449,0.09227105156710713,0.15287978155432735,2.921716134240384e-06,0.29044340427208365,0.7157623570323676,0.6583807830188986,0.4435078589411048,0.8428648211918169
255,35-44,11,0.21470168143149115,0.18782339800643022,0.07629443929654608,0.4116477497880724,0.09407115952838246,0.14547731834318617,4.505413172108125e-06,0.2855961089041244,0.6912271590401263,0.656236342405141,0.4098295545794287,0.8393095765293644
255,45-54,11,0.20689801593526214,0.18743139615561472,0.07295682150572573,0.41257130905506956,0.08951579518929205,0.1473016433173575,6.827790531134357e-06,0.34491977465740326,0.7035861888754458,0.6511238968858075,0.4176912070380619,0.8555067184297883
255,55-64,11,0.2257857818823741,0.20908940998644931,0.09107829066208274,0.420140099062209,0.09284011744602655,0.15244882863861225,0.009325799370754694,0.2842496931695497,0.6813741006715993,0.6329964257363092,0.42208331736111127,0.8071588018271499
255,65-74,11,0.20689801593526214,0.19966189366427603,0.07535517603651476,0.3905533969638967,0.08951579518929205,0.14404276769369728,0.0302434742676729,0.2897364617111748,0.7035861888754458,0.646862888677634,0.42740585908983025,0.8395428732973435
255,75-84,11,0.342842070740444,0.30874864974285593,0.13097270962177276,0.4969711104825026,0.09207644216975015,0.1528550013139658,0.011491422010841499,0.2940241032187578,0.5650814870898058,0.5316479642310906,0.32689822080210046,0.7540098195248085
255,85+,11,0.6308071401232233,0.5378510114581629,0.2862718778951317,0.7587640581749397,0.06001410359841914,0.11382666369898853,4.020936744956103e-06,0.2907110694828733,0.30917875627835767,0.3336228162196154,0.1417860035955057,0.5884308373233383
272,16-24,11,0.23212780626093524,0.21488606032680752,0.08538493104492746,0.40983858523725114,0.08828307774914429,0.1430071962728403,2.6735960860531108e-06,0.27217565683569106,0.6795891159899204,0.630837859790003,0.44204730571769035,0.8403717696104843
272,25-34,11,0.15069359211432815,0.16257071251498847,0.06637084216216851,0.3458879097251528,0.0925156067080102,0.15089821717050608,3.019055217895159e-06,0.37655564723006923,0.7567908011776617,0.6814341358432546,0.39481478018081057,0.8543447453631121
272,35-44,11,0.21541487050114505,0.2018865849403021,0.08390149497976514,0.40912679246257505,0.09548845618834641,0.15040910439340138,2.4589544136698707e-06,0.3089696050907912,0.6890966733105086,0.6391232296608602,0.38798238069043844,0.8274605294535371
272,45-54,11,0.23089146682458223,0.2177059379651129,0.09048515314802241,0.3819928208811667,0.10136322212804007,0.15291746611445065,0.03362810843768455,0.310476248781873,0.6677453110473777,0.6232663473061055,0.3943766698122343,0.8176257477316434
272,55-64,11,0.23089146682458223,0.20781054279721972,0.0862194701436022,0.4126411894800583,0.10136322212804007,0.1493822326175837,0.014765859936378172,0.2880192399674156,0.6677453110473777,0.6390738052930913,0.40477468089852364,0.809153820457503
272,65-74,11,0.22870110269581442,0.20784249588583395,0.08358647270334511,0.39837404376834157,0.09249052592422435,0.14929250258929389,2.251539172140354e-06,0.30549701193575524,0.6788083713799612,0.6296433703452399,0.4336306439119824,0.8235256092845407
272,75-84,11,0.34053643317139154,0.29775928813758784,0.1279562484168227,0.5288166748829605,0.0920832535177155,0.15555213122964753,0.01597204209795811,0.3095503644779332,0.5673803133108929,0.5403961049066437,0.3073463063663695,0.7226646545682467
272,85+,11,0.571244054360751,0.5196494474517447,0.28210781230594734,0.7510804254757668,0.07895121396876367,0.12799494965501684,0.009765244229420135,0.27853788041950617,0.34980473167048537,0.33078010743395425,0.16914999860134144,0.5796041504211115
279,16-24,11,0.22504132986220274,0.20731750520970998,0.07997445227459578,0.4163743063537018,0.08694022218327598,0.14522231758090753,6.2197396615988994e-06,0.29051316405028055,0.6880184479545213,0.6434832503781655,0.42418634583890996,0.8130531248762755
279,25-34,11,0.22527709993396305,0.2165521591617099,0.08169837813174362,0.3985171894374376,0.10210315712251028,0.15438223971686432,0.031285157030591336,0.3006792223206484,0.6726197429435267,0.6302253075410544,0.38627458870211007,0.8042187696554415
279,35-44,11,0.223977782695762,0.20549009161947007,0.07896037332817515,0.38935887387239415,0.10010427870592022,0.15391004483440962,0.01896365477818929,0.34271653161811244,0.6759179385983178,0.6349149729055844,0.34352867827919453,0.8093165097539972
279,45-54,11,0.23077261577781752,0.22720136413308845,0.07169826290173824,0.44399560933072657,0.10182579410257082,0.15279270031617226,2.823487506585322e-06,0.35215132078755806,0.6674015901196118,0.6159608468219634,0.34978864824946454,0.825192607640515
279,55-64,11,0.21467774937034972,0.2011684604720902,0.07456229888546081,0.3800492514413226,0.09417214031370004,0.14771521129207205,2.8771074082913075e-06,0.33753939772906494,0.6911501103159503,0.6416860253696353,0.40892041772662624,0.8271778758413859
279,65-74,11,0.2257857818823741,0.20274150360320303,0.07738803299253706,0.39675587589813277,0.09284011744602655,0.14637044201406887,2.280970941741959e-06,0.285820544272036,0.6813741006715993,0.6439153429541316,0.4359736958838535,0.8419686750135056
279,75-84,11,0.3601325376696513,0.30307489752715033,0.13142087303944847,0.5097759613214055,0.09134497550731292,0.15514332445402212,0.011291037236845141,0.3025234331905105,0.5485224868230357,0.5310449443695523,0.3242300242348553,0.7785253125440811
279,85+,11,0.55387838178297,0.5140556321839452,0.25486586836199093,0.7056593465859023,0.07110040215015527,0.11649546245861722,0.007925604316208236,0.21427841507442688,0.3750212160668746,0.36301810791695344,0.20815541974243484,0.6138562933628082
280,16-24,11,0.12754191069442045,0.14177307104311287,0.05562481367745762,0.3033655487539468,0.08826912925112641,0.13511095667574194,3.1587973823616722e-06,0.2687988239753251,0.784188960054453,0.7142437619856996,0.5369430113641973,0.8632697605020783
280,25-34,11,0.12510969303370378,0.12416855476760236,0.048985059503099976,0.2895716978282045,0.08784388419325853,0.14061323148922136,2.4634914470574883e-06,0.28382953456150284,0.7870464227730376,0.7316414344770725,0.4746976187913339,0.8953911563040059
280,35-44,11,0.12818328272158133,0.142733455049719,0.05355948056897932,0.29139415741013897,0.08887162970428261,0.14646885484338104,3.322535664613677e-06,0.2703072437765777,0.782945087574136,0.7052712678623632,0.5227221224796029,0.8756188234060681
280,45-54,11,0.145477190515641,0.15440616672541282,0.06517208299773568,0.314813404068944,0.0918746899006931,0.1435012344790913,0.02496880150833384,0.3169699802432731,0.762648119583666,0.6961812475894902,0.46479720546959985,0.839382625904551
280,55-64,11,0.14557019850706296,0.14392353120236318,0.05632107972190422,0.3087700558514569,0.09129409777657789,0.13482593618727995,0.009825718404289963,0.27199327616067764,0.7631357037163592,0.7048254951836206,0.5238223440430316,0.8578971106452935
280,65-74,11,0.12791741862288147,0.14579048987371981,0.06042248217781107,0.2975258304514893,0.09259232862546966,0.13703719049609098,0.019323359856214833,0.2820883872992132,0.7794902527516487,0.7101304896778058,0.4920731837476858,0.8510100172834176
280,75-84,11,0.24140198238429858,0.20712820026097956,0.0747478883608102,0.40815280427631134,0.09193146876004356,0.13732634834248703,0.010337374175960718,0.28762102341291856,0.6666665488556578,0.645288114630326,0.4223701732315765,0.8156897938098708
280,85+,11,0.45774167243791347,0.2961366217523704,0.09940837463565054,0.5744876058087809,0.05833013965762749,0.11138785219033472,1.6657251357207158e-06,0.22013721638594796,0.48392818790445896,0.575401333099524,0.3128456537144874,0.7834963437852207
293,16-24,11,0.2257624372319198,0.21569385596882856,0.07755113343807211,0.4187846245170748,0.08401447456536501,0.13250083508859778,6.092235782963941e-06,0.3094888394763752,0.6902230882027152,0.6390558414933782,0.3650138050658066,0.8083956917708371
293,25-34,11,0.15632362322600582,0.16877252707064166,0.0671727442984956,0.3333772969987973,0.08840625854047987,0.14288096373557085,3.028908099589715e-06,0.27716836565015457,0.7552701182335143,0.6805139717518318,0.45883882142676563,0.8388154816441078
293,35-44,11,0.2250946082276478,0.19655761297832214,0.08386093699848113,0.37113643230332727,0.09125353307427193,0.1436917562441695,2.7080047297762285e-06,0.2856666154560847,0.6836518586980803,0.6494628869035068,0.4430939989635047,0.8211381160343589
293,45-54,11,0.21542306830033747,0.2008386360167373,0.08994339672428829,0.40899166626876754,0.09102728411358312,0.13657674577587606,2.6270938113614352e-06,0.2722012204686108,0.6935496475860794,0.6565275539802093,0.4282080190249723,0.8348450126795178
293,55-64,11,0.226558540082199,0.20899896639290108,0.08035808962715581,0.39303598610047424,0.08973533718948681,0.1459157773892735,0.03141206080628963,0.31873005147377137,0.6837061227283141,0.6366823237234536,0.41801079166692184,0.8055823364528057
293,65-74,11,0.22543847357849792,0.20471768175423943,0.08831415001893501,0.4173560924453133,0.08986528825959748,0.14401731743933333,2.714195504403761e-06,0.29161678499026517,0.6846962381619047,0.6454892762109872,0.4233272141449569,0.8296790508714101
293,75-84,11,0.3326390269065175,0.29127112475917477,0.12636475024396052,0.517414164173176,0.09022529060472088,0.14653438188388762,0.02484632908424515,0.2917580547999787,0.5771356824887617,0.5581429581473103,0.31752930334222784,0.7593495053448793
293,85+,11,0.5552307247920975,0.5135796032979371,0.23711413058825584,0.7398008647236728,0.06883241170559297,0.11296862937076566,2.4341200632385547e-06,0.22194484943896808,0.37593686350230965,0.37503323007429085,0.19511853701933832,0.642017056157442
30,16-24,11,0.23038846661552365,0.20636063379134292,0.08161817637555886,0.4328007654215971,0.08912770451511011,0.1447048752242105,2.722110536238149e-06,0.279199313040453,0.6804838288693662,0.6406111255666891,0.4168967034341261,0.83004718483753
30,25-34,11,0.22090831396295293,0.18887931160873078,0.08427192373666623,0.4159616434201598,0.1009622940089107,0.16187908980525406,7.401269700338887e-06,0.3056808955684485,0.6781293920281364,0.6405580919826224,0.3601924734980868,0.7972273601874499
30,35-44,11,0.2358538589541489,0.2096692198958337,0.09121952427003123,0.4390522131670803,0.10143340693712025,0.15547752438029303,7.026742439491505e-06,0.29591648678850935,0.6627127341087309,0.620832362967733,0.36593892333464034,0.7876598543068092
30,45-54,11,0.2363034535129036,0.22399366281246397,0.08838341862521068,0.39995432492294797,0.1060006522366582,0.16117836183078338,0.01672297714474292,0.3136257130687782,0.6576958942504382,0.6097468246414122,0.35131453576130844,0.7977095824759524
30,55-64,11,0.23841035189266047,0.21569888472555607,0.09569473463041259,0.4363520488769217,0.1014614932955646,0.1578111753575111,0.015770806300754236,0.3038930044788336,0.6601281548117749,0.6293870239187196,0.3765577980862581,0.8056972733267597
30,65-74,11,0.23886199492256577,0.21228464856092266,0.09203076535216553,0.4250943783033684,0.10347742675183835,0.15736152056572666,2.923958868250995e-06,0.30996674133985297,0.6576605783255959,0.6213111341575125,0.38684979644757045,0.7996925186311021
30,75-84,11,0.37787369286614825,0.32699102263845736,0.14459860315943857,0.5354017424140863,0.08777952075345304,0.14683427029693674,0.03185528263210022,0.2748631791243232,0.5343467863803988,0.5223173466647687,0.3280776582453833,0.7298317436341621
30,85+,11,0.5854405036884212,0.5454122648645043,0.32510693542274943,0.7660760977696849,0.0695438025641633,0.12485359110733396,0.018902968575012412,0.2418822958535616,0.3450156937474156,0.3275609675993727,0.16174644644704422,0.5422406428430349
35,16-24,11,0.19910030071949505,0.18441145208533571,0.061483919703441206,0.3577794414907593,0.08597997390727191,0.1376058569342258,0.01003761870528928,0.30990199166254057,0.7149197253732331,0.6722921238079835,0.44879733999773536,0.8459963989502605
35,25-34,11,0.19091811683979087,0.17350861858354158,0.07397173512705736,0.3967795698243362,0.09328779766849211,0.14844775156977352,3.057002451066741e-06,0.29028098053753326,0.715794085491717,0.6741535010798647,0.43290291650779533,0.8166712831006951
35,35-44,11,0.16396655764106885,0.18269146438054903,0.07199005253403054,0.43383914048063366,0.09120490606244595,0.1467834294082656,2.1663226994806757e-06,0.34745065046998613,0.7448285362964852,0.6605601643567421,0.3101889470439362,0.838672532187801
35,45-54,11,0.22495375569234913,0.198562318056053,0.07867290214106708,0.37943289726758633,0.09182217949729386,0.14845435679792293,0.026009101563607792,0.27320584854868213,0.6832240648103569,0.6417946863678288,0.4489750423115871,0.8231562570234036
35,55-64,11,0.2257857818823741,0.20541411082669475,0.08541888611567937,0.42825935329387405,0.09284011744602655,0.1531116459361391,2.690547072320047e-06,0.28691302793780116,0.6813741006715993,0.64146830052576,0.40697962925531306,0.8155146073866031
35,65-74,11,0.22466842602157788,0.2028556752196718,0.08172022253851156,0.45568319654888806,0.09297410549083092,0.15744024289329944,0.02630667309770935,0.349798157589617,0.6823574684875912,0.624035393393999,0.3176075327962682,0.7961844505330595
35,75-84,11,0.3314982700474326,0.284492130034162,0.12425771131412579,0.4829707515227338,0.09334528452009577,0.15450275543480974,2.55977633755879e-06,0.29692572954543117,0.5751564454324716,0.5377087204680195,0.3556592982553933,0.792203373371064
35,85+,11,0.577324043014903,0.5270530534466875,0.2496254918354582,0.7596817602450993,0.07399688034896248,0.12973846914981624,1.714881922959866e-06,0.30434482512941596,0.3486790766361346,0.34023113578618436,0.14132363388243468,0.5766833096192909
44,16-24,11,0.1692122952463917,0.1780950887992218,0.07247457230154394,0.3639584087250263,0.08640295621064832,0.13584566664463993,0.008891378193148891,0.30388183119647216,0.74438474854296,0.6805503043574546,0.42667656621082534,0.8464478464346713
44,25-34,11,0.1478607240047948,0.15736226257149794,0.06508429757017081,0.321642889421435,0.09022695120917626,0.14512194568240816,2.269397654858644e-06,0.30267128381759395,0.761912324786029,0.6834855489494822,0.47299545084410266,0.8593026021767425
44,35-44,11,0.18620209654570624,0.19145965540898274,0.07186876391057051,0.42196370066498057,0.09252808718336501,0.1497454551208494,2.949396052465202e-06,0.2865044853933192,0.7212698162709287,0.6494639150657989,0.3867331093202114,0.8293253552408011
44,45-54,11,0.16408069866805014,0.1886215566579478,0.08132276411524385,0.37628354205381787,0.090572272147153,0.14329604601139334,2.729457171465711e-06,0.2891813227417632,0.7453470291847968,0.6576657364530005,0.4232530391956993,0.8426057097945178
44,55-64,11,0.2257857818823741,0.20413814464958918,0.05870269464260071,0.4223051936161092,0.09284011744602655,0.1485589042082645,6.4048749109820594e-06,0.28614324404136804,0.6813741006715993,0.6370016353093784,0.4225497353329554,0.8163008393583931
44,65-74,11,0.21503981326936422,0.19906557534510327,0.0825116118230135,0.37384945889206295,0.09264441996226215,0.14942120669205441,0.018355200629559303,0.2969910486603305,0.6923157667683737,0.6452897433544202,0.4082567198625388,0.8290378059251066
44,75-84,11,0.29957914631477567,0.26009884806816735,0.09547182364160045,0.48528925543130835,0.0957970312937108,0.14561035573402448,0.01695530302018515,0.27149526371513416,0.6046238223915136,0.5822766877943844,0.3810990983100989,0.7922775973042718
44,85+,11,0.5393509123861608,0.5002175254441484,0.22223257012785505,0.719242677125682,0.07815616048095404,0.12242701569202634,0.027074097251129452,0.27520002306524244,0.38249292713288524,0.3720970190582379,0.16975156311974,0.6306439922665393
68,16-24,11,0.22479329394452888,0.20529063582555962,0.0899945437891702,0.43298319036046806,0.0879465778603446,0.1488401802322999,0.010713587029722188,0.3587771540030039,0.6872601281951266,0.6336918813874023,0.35170557038856676,0.8096359230890456
68,25-34,11,0.20854489151450997,0.18575634791178053,0.07574830831488956,0.41560709369574533,0.09596602585453692,0.15489539357892118,2.960798999575522e-06,0.3024714469381392,0.6954890826309531,0.6510329358215134,0.4177747494527244,0.8427752824860222
68,35-44,11,0.22369358755149285,0.21245087962740103,0.08198843010423174,0.37009991928465125,0.10124611514729497,0.15887734933045722,0.02060412213816816,0.332334837356204,0.6750602973012122,0.6316379548921336,0.3741630308236888,0.8134407006815747
68,45-54,11,0.2061265207771719,0.19410723740341157,0.0878446512135708,0.38589539454379707,0.092910869580672,0.14087227207079936,0.026347531060341284,0.29280197531056523,0.7009626096421562,0.651999859426219,0.4222680085043282,0.820668506984591
68,55-64,11,0.23059481950286528,0.20867664634166785,0.08821704208391351,0.3887451697478882,0.10251778274051435,0.14553122261762924,6.885758258908705e-06,0.29759246634313063,0.6668873977566204,0.6310458406781474,0.42594495713660036,0.8104543630072306
68,65-74,11,0.23014294051756473,0.20820262144721197,0.0887290965812605,0.37524031583631956,0.10051361484588217,0.15280438038020877,0.012486730350486185,0.30549560248425117,0.6693434446365532,0.6355742659894541,0.4123924246176345,0.8075865334000484
68,75-84,11,0.3314668961879943,0.29012454674870913,0.13142442572365653,0.47652066195085424,0.09343109268313222,0.14675348199039068,0.026306373717002066,0.29844406149058417,0.5751020111288734,0.5574473351367173,0.3372283202731613,0.7383204420707177
68,85+,11,0.5775135256355268,0.5358980618909003,0.23763141547694736,0.7225029589965128,0.07369295831429172,0.12330553523955284,5.408272917204378e-06,0.2971425539743502,0.34879351605018133,0.3372784715681239,0.19373331300694652,0.5828211709996792
78,16-24,11,0.22615999933438624,0.21135712378579485,0.07736013514571027,0.39771702313607754,0.08681472210667966,0.13935190965710842,2.1093056265133004e-06,0.2912088415472839,0.6870252785589341,0.6472803420666287,0.42604883085711326,0.8323111877836363
78,25-34,11,0.20503176721515828,0.18681414852418093,0.07561675810034388,0.4127884355758145,0.09418240047163036,0.14982944985988894,1.1466712295249405e-05,0.286261509229136,0.7007858323132113,0.6495327382867402,0.3791619684165115,0.8205596771247036
78,35-44,11,0.21433462928755267,0.19905617898085198,0.0857212233786402,0.39070857734704195,0.09561992766533303,0.14857661701325192,0.009495289014740336,0.3222720840771502,0.6900454430471143,0.6421818726035595,0.3495942250113529,0.8258651243810075
78,45-54,11,0.21575924499608695,0.20765815346446137,0.08140255164978977,0.4081171532873235,0.0940424524591487,0.1507826745905056,0.009644490346653718,0.2896017771238744,0.6901983025447642,0.6431861835668586,0.4003158930421271,0.8220067269368532
78,55-64,11,0.2257857818823741,0.1973453368622315,0.08548422793757819,0.37969017397928895,0.09284011744602655,0.14817518669637988,2.6746206781765556e-06,0.2873502208566218,0.6813741006715993,0.6532786533634807,0.4265648338423219,0.8179290433421124
78,65-74,11,0.21467774937034972,0.2016586354420391,0.07840342402274467,0.3804351387884102,0.09417214031370004,0.14452768509451053,0.009830884599919461,0.29703824696231956,0.6911501103159503,0.6468957170323979,0.4216727547030331,0.841521386091808
78,75-84,11,0.2994334023342737,0.26735993565158683,0.11877524432551025,0.5322081558986521,0.09623692219219986,0.1435483724015698,2.1433880405495494e-06,0.27518756079463264,0.6043296754735265,0.5769796128973544,0.3458638729502086,0.7982542803479545
78,85+,11,0.5342649856577266,0.5043573693866654,0.2203205844010399,0.7210712401268788,0.08684888745180512,0.11401751112057879,0.02290073408094169,0.25951011015195163,0.3788861268904683,0.3738775531742371,0.18260174419883643,0.6453054374726384
8,16-24,11,0.31155388900244707,0.27885983449796725,0.11573703396958966,0.5196885171489353,0.08676527353622224,0.13315646537143533,2.085295351943084e-06,0.2827452386555249,0.6016808374613307,0.5741256905343237,0.3066933053841509,0.7823722599711124
8,25-34,11,0.3073882243726816,0.25810628152980786,0.11952515477110644,0.507857283221528,0.0916838707313529,0.1409086925758179,2.64014711012727e-06,0.2908048545256612,0.6009279048959656,0.5886375523007796,0.29617795693504706,0.7729022173113469
8,35-44,11,0.311196851389471,0.27266716623403353,0.0941567593036927,0.5219005517795458,0.094051452200985,0.1494433540252636,1.8563036384153979e-06,0.3086393134240477,0.594751696409544,0.5705090643762645,0.30156034691797384,0.7828208176304785
8,45-54,11,0.31168684980859496,0.27810381564949216,0.12380084870948248,0.4958255550882362,0.09262498096823586,0.14783505798007704,2.5584703628781762e-06,0.2933712164727265,0.5956881692231691,0.5626803478923955,0.3457087249019171,0.77368172134534
8,55-64,11,0.32595645382467525,0.29242499321024196,0.1306883307629172,0.5085109677695456,0.09274531729165086,0.146238014186495,4.984437586274086e-06,0.2905437766808215,0.5812982288836739,0.5511964952839745,0.3446847454250846,0.7696106514731662
8,65-74,11,0.31168684980859496,0.2829421592553275,0.10965500969763375,0.4965111287096454,0.09262498096823586,0.14677743528813356,0.011790625840853946,0.2954519647302372,0.5956881692231691,0.5668176727588463,0.33880835412957816,0.7643028616067925
8,75-84,11,0.3987382548357186,0.37074570241853255,0.17451405293094802,0.6348919984988529,0.0962335972302741,0.13978297427711528,1.8661475055909656e-06,0.2974601510390468,0.5050281479340073,0.47806313485746166,0.2517553172651655,0.720156148021455
8,85+,11,0.5379714211069516,0.506624069359103,0.20912506362747094,0.7471646757716665,0.07672825872741386,0.10549890172518592,1.6137628278855141e-06,0.2173729296569132,0.3853003201656345,0.3725593580829302,0.15538981726461762,0.6786281653598754
9,16-24,11,0.18580834839547095,0.194561542674875,0.08310053715762804,0.4371411129625163,0.08967844613780777,0.14068800116388486,2.6419786316636655e-06,0.35668937326873423,0.7245132054667214,0.6507494148925741,0.3496859629126461,0.8266995030606528
9,25-34,11,0.18880343055520796,0.17609743959403984,0.07381744839971759,0.38783069417920696,0.09251518961271568,0.14970463717146879,0.026801952444379377,0.2840719355260105,0.7186813798320764,0.6620186921875638,0.4146034873269957,0.8257609365920416
9,35-44,11,0.20947725813021384,0.19831447099473115,0.07876599898398817,0.4096235746238885,0.09274911665894037,0.14967250066209975,3.272894082713023e-06,0.319096213035899,0.6977736252108458,0.6374839587761121,0.34739786375430864,0.8236239757390718
9,45-54,11,0.21550508025004628,0.1870721314586956,0.07867396733146301,0.34945117677036697,0.0906812365651469,0.14619957121026944,0.010652539449564317,0.28081703769407274,0.6938136831848069,0.6577282248015279,0.4393551478089513,0.8474758579152928
9,55-64,11,0.22156082423764242,0.20233158750524627,0.08618475687157807,0.3956482300594706,0.09558123319994793,0.15494993575057425,2.9991188987001557e-06,0.29066188067639476,0.6828579425624097,0.6431018903128297,0.436171236843263,0.8038307021678146
9,65-74,11,0.18602795991915927,0.18563398856600521,0.07175469155584954,0.3840258055449624,0.093376756991684,0.15133619017509264,2.3793226329238484e-06,0.29521329723365525,0.7205952830891568,0.6527812699160491,0.4692313704180262,0.833959692054658
9,75-84,11,0.3642999445255322,0.30433058954023423,0.14344569692825057,0.5273818168316168,0.09075005280911372,0.14560359006348705,0.017112551251707835,0.293745337674864,0.544950002665354,0.53671154798631,0.31100783578711766,0.7542317382449807
9,85+,11,0.5342038303728458,0.47711191033229605,0.1708813700624742,0.7268843448986044,0.07272599406089404,0.11813907501764222,1.8486920593789717e-06,0.23480227320742494,0.3930701755662602,0.39793730828155865,0.20586026570164592,0.7078037152071815
91,16-24,11,0.22481760491896927,0.20892604569951503,0.07848861042847245,0.3922270410039289,0.09223502110249153,0.1438327230292542,2.7345506145184518e-06,0.28694845690105236,0.6829473739785392,0.6445242172896146,0.4094302363621555,0.832494806062701
91,25-34,11,0.22482673003683357,0.20515382674389898,0.07951028624851991,0.4457157342279557,0.100103127068565,0.15228593090108172,0.013269558863374387,0.31654844222070794,0.6750701428946014,0.6351631325512856,0.36697335885584137,0.8113119411590342
91,35-44,11,0.23037384591297463,0.22526687725466432,0.0896306100677155,0.43858512746557193,0.10337781883255827,0.1536656761127961,3.24283090636611e-06,0.30276873573287594,0.666248335254467,0.6094887051314422,0.36496572269852645,0.7901217058181041
91,45-54,11,0.21467774937034972,0.20676097560954282,0.08151532999383646,0.41283723330476346,0.09417214031370004,0.14451265957684445,0.02445172153744393,0.2918825510477755,0.6911501103159503,0.6475586652962688,0.39560875306944476,0.8215494339869445
91,55-64,11,0.22466842602157788,0.20965560726967913,0.08816692519170763,0.41050353848486765,0.09297410549083092,0.15269704362957212,0.030202588599012228,0.31033353557680876,0.6823574684875912,0.6287454862245181,0.3963037032929758,0.8182937807651526
91,65-74,11,0.23089146682458223,0.2194164845390778,0.09183238486985183,0.44589819882347526,0.10136322212804007,0.15259001020365023,0.02836795205286128,0.29613032100825215,0.6677453110473777,0.615966733424504,0.3659472120661768,0.8004119729144332
91,75-84,11,0.3584446231334952,0.29766591301487527,0.13966254432694025,0.5327722907349155,0.09158593558270431,0.14489465152577974,2.561988490768951e-06,0.28292583792969017,0.5499694412838004,0.5440802477982305,0.27963600224972857,0.758769030329073
91,85+,11,0.5532647439243323,0.520057740761509,0.25189621509895355,0.7378243042395758,0.07212952330537915,0.11096110481055621,1.9803151499724655e-06,0.22993755257771312,0.37460573277028847,0.3610612321740384,0.18359466781568798,0.6011216814909973
107,16-24,12,0.2285245092364243,0.20886953423465857,0.08754671929983131,0.44308499966360587,0.08869735261670937,0.13821567389880715,4.978653891700194e-06,0.2994882328938217,0.6827781381468663,0.6497862962579241,0.3165192252431628,0.830238480459465
107,25-34,12,0.16443232518635792,0.1720785651528267,0.06167723785399534,0.3808554883061803,0.09176788304698005,0.1471002563641026,0.008967596190243449,0.3432719643125285,0.7437997917666621,0.6689059231797021,0.39191687207304476,0.8282825455602213
107,35-44,12,0.223977782695762,0.2073492671118473,0.08362517525172765,0.4180735170392429,0.10010427870592022,0.1525506595542638,3.2128715902498106e-06,0.31197726166501955,0.6759179385983178,0.6324656628835258,0.40942804700597174,0.7859625400547178
107,45-54,12,0.22435318382211444,0.20932157177427368,0.0785426847406458,0.369776792472975,0.09859599577130232,0.15380383989577923,7.395170815726208e-06,0.2894934419389086,0.6770508204065833,0.6296246327573372,0.4229527716238579,0.8225160776915038
107,55-64,12,0.22435318382211444,0.20908531278593617,0.08993615577617947,0.37102715304790235,0.09859599577130232,0.15177781968843024,0.02864124500223788,0.35982188757223466,0.6770508204065833,0.6298136044204852,0.38777339327491406,0.8052237947733625
107,65-74,12,0.2257857818823741,0.19779978453422672,0.08089899575100447,0.37432274587905773,0.09284011744602655,0.1497239476456727,0.01672568684750833,0.30312728074075707,0.6813741006715993,0.641331367908202,0.4159238934267095,0.8052901129124898
107,75-84,12,0.36260356634730395,0.2951758741859719,0.13519494679075955,0.5215473450451478,0.0909922211209342,0.1482275574493495,0.02870622806448087,0.282948817911106,0.5464042125317617,0.5438545184992029,0.29309984615054924,0.7733344519864666
107,85+,12,0.5749000486271837,0.5232758333014649,0.19295126625103134,0.7458909945293736,0.07305644962919737,0.10777750097415319,1.7347439352924308e-06,0.2493641145035333,0.3520435017436189,0.35217094221955947,0.17561406541185326,0.660749021543345
109,16-24,12,0.22656105126327786,0.2074090180799708,0.07444464373156427,0.4132330532702055,0.0851953609543432,0.13913357909371865,1.8691870798615768e-06,0.30213955678911253,0.6882435877823789,0.6465350614193659,0.40705781575592326,0.8147819255185679
109,25-34,12,0.1481332518096549,0.16825766821195431,0.05927962334199494,0.3556046864609564,0.08855011340402788,0.14413891308218602,8.600971795985177e-06,0.28960984322435596,0.7633166347863173,0.6833621376627355,0.3839736557429704,0.8390502874765533
109,35-44,12,0.22586415511376567,0.20200466430552427,0.08531480184761317,0.4309647090715265,0.09252523025166107,0.14990840568879307,2.805714536671621e-06,0.2952166911683281,0.6816106146345733,0.6337368715985967,0.35377386598735244,0.8190539767417443
109,45-54,12,0.2159957696478719,0.20209030168884773,0.07671671518865468,0.4219599676195007,0.0886107838596066,0.14250132456396775,0.01641297230760632,0.3060167862919083,0.6953934464925215,0.6395084563904174,0.39648192415141537,0.8197424745381614
109,55-64,12,0.23014269425799108,0.20993455878154088,0.08501467946426108,0.4238568809492288,0.10051457732221626,0.15425573265249926,2.2085065657257074e-06,0.31774460808946664,0.6693427284197926,0.6193760002077562,0.4251811127151656,0.825382455757748
109,65-74,12,0.22783503479835507,0.21375022346183292,0.09217073449372107,0.4000747888095948,0.0959271723280793,0.14690987194684116,0.01083350791663748,0.28825121320651664,0.6762377928735656,0.6280464362819744,0.4251829180789567,0.8113676696369289
109,75-84,12,0.35292003716908943,0.30756172376029156,0.13309215665087273,0.5645827954189577,0.09529560103365806,0.149209480002909,3.853545281690163e-06,0.2949987868463971,0.5517843617972525,0.5362544127790543,0.301316514986902,0.7344677466704363
109,85+,12,0.5726366405465377,0.5157137119536105,0.24703955508601944,0.71008846956874,0.07670586925826492,0.12367662751881946,0.025099685416493264,0.27037831541247775,0.3506574901951974,0.3513344991355926,0.17607485348618213,0.5961807254807784
112,16-24,12,0.16605500013638905,0.18657666116454258,0.07281188769160638,0.3759453209624307,0.0746319279499582,0.12195743684972299,0.007982318283264386,0.2668794511296724,0.7593130719136527,0.6821242984293003,0.4538990042937896,0.8577864522636593
112,25-34,12,0.14998997828454977,0.15337518210453152,0.06796944980452344,0.3605216047649125,0.07712585103005924,0.13495752616171047,7.824331607528415e-06,0.2636709400791821,0.7728841706853911,0.6965009945546691,0.4622718734810307,0.8283767024656645
112,35-44,12,0.22873240716390159,0.20733834530626233,0.08877722595516652,0.41426746734461833,0.08100119551730388,0.13951158727676075,2.7189252658605156e-06,0.25615519029870537,0.6902663973187946,0.6424370025349335,0.42383683523168547,0.826823151606717
112,45-54,12,0.1664513844440851,0.1932046058295389,0.0635579020310377,0.41680054894949453,0.07743259516958087,0.13426994496359684,2.947254243664035e-06,0.2882171533257766,0.7561160203863341,0.6684724671199215,0.4058393829653229,0.8395671561329084
112,55-64,12,0.22786341844176156,0.1981669142726748,0.08169708196386775,0.36272568584043047,0.08007535995197726,0.13582091760202133,2.3133978430389005e-06,0.2719203936909123,0.6920612216062613,0.6546756016630986,0.45917323426065515,0.8427967079015167
112,65-74,12,0.22786341844176156,0.20870232787011006,0.07735384347497207,0.3657854865074673,0.08007535995197726,0.13592284840828528,0.02630900372463004,0.27337381618409873,0.6920612216062613,0.6571921050279685,0.46092656147620725,0.8189867326123953
112,75-84,12,0.3418303757911254,0.2982068821488405,0.1270027378342946,0.5529009800706659,0.08240612970656848,0.13888618731512842,2.653078477315504e-06,0.2996322158173386,0.5757634945023061,0.5519290413721635,0.30922021058415816,0.7708869829940354
112,85+,12,0.5555593103304964,0.49993699239280975,0.19514901861321216,0.7388893220614867,0.06828134673444229,0.10072034846312118,1.4559191116189514e-06,0.22325570134305098,0.37615934293506115,0.39708584170941197,0.18405641269652998,0.6682649674880199
114,16-24,12,0.22615999933438624,0.2146546990348458,0.0913669064909353,0.39525164407621816,0.08681472210667966,0.14348888547089977,6.938572657605246e-06,0.2915875900307924,0.6870252785589341,0.6415066072160156,0.37174678510051284,0.8190044805392123
114,25-34,12,0.1478607240047948,0.15809824924754962,0.062283801715417954,0.346275190810575,0.09022695120917626,0.1481772977436292,2.7956097598874126e-06,0.29299277676381164,0.761912324786029,0.6889845146543934,0.4622466978111012,0.8454544210337878
114,35-44,12,0.2157009811033792,0.1943317132633331,0.0757351788467358,0.3884159311414205,0.08985463738937863,0.15154218262008418,2.9262627473034067e-06,0.29886321810270955,0.6944443815072421,0.6459879031772823,0.4217349058045386,0.8319955070253168
114,45-54,12,0.21467774937034972,0.20535802045341328,0.08751084609418777,0.39084708442158644,0.09417214031370004,0.1418893998033538,6.724876100688438e-06,0.27848316875117135,0.6911501103159503,0.6449714742987622,0.41641661519394957,0.8186096543297782
114,55-64,12,0.2257857818823741,0.20587050351176567,0.0892528782613703,0.4307994603405013,0.09284011744602655,0.15668654579276814,2.891172785981153e-06,0.30358532496236107,0.6813741006715993,0.6349787713011217,0.3529110462124305,0.8363658560350915
114,65-74,12,0.2257857818823741,0.20378091256926262,0.08474538378995344,0.40628558816050675,0.09284011744602655,0.14927310711626568,2.944933199533373e-06,0.29569588267754304,0.6813741006715993,0.6409376976613153,0.40178072308475166,0.8181494134139163
114,75-84,12,0.3331251815940095,0.3005860608603663,0.11955968527736063,0.5303609340874786,0.09311811304932782,0.1464753096219144,2.4323293427589685e-06,0.28324593441915513,0.5737567053566627,0.550073190797487,0.31931473405325184,0.7557412876909348
114,85+,12,0.5749000486271837,0.5329119643219411,0.2864097319040821,0.7629744070707231,0.07305644962919737,0.12334420108627392,2.7562632712286557e-06,0.2900831134638188,0.3520435017436189,0.33440604889136794,0.1467834840673676,0.5667279428458981
117,16-24,12,0.2141703197082259,0.19838310221935498,0.07778175196756358,0.394422088354662,0.09174489571229659,0.14841500587736728,2.677125941824302e-06,0.2859182730291812,0.6940847845794775,0.6517613868964516,0.4260272131016238,0.8238919287784091
117,25-34,12,0.2208199957289345,0.1895027233186971,0.07132991644093183,0.38409581471095805,0.10252557669912446,0.1529526861330121,2.706766359988127e-06,0.2965949702818593,0.6766544275719412,0.6441105275271077,0.4304172591528265,0.8345395502967781
117,35-44,12,0.22553897175810705,0.2058531938541117,0.084939257428799,0.4032332502531039,0.10503818638764749,0.15555222116977258,5.884054933714895e-06,0.3105180682174723,0.6694228418542455,0.629596618318828,0.3709259691113741,0.8231553272950753
117,45-54,12,0.2259356539265215,0.20635351326137674,0.08207194251317515,0.38576753620420895,0.1034641107850831,0.15160237614229838,3.0937782920027227e-06,0.2969207210156632,0.6706002352883953,0.6384578181603342,0.392671987142308,0.8253196278092899
117,55-64,12,0.2234616518919089,0.20811760013048247,0.08668350009423771,0.443560560271764,0.10217798394768683,0.15300662106837548,2.9632455049668027e-06,0.33309246822112953,0.6743603641604042,0.6375791776291918,0.3252201641183364,0.8057701273229424
117,65-74,12,0.22494073963911349,0.19856555493142664,0.07624163735177576,0.39971541140828115,0.09623531981775435,0.15253184422721483,0.017454788952277225,0.3093125089032257,0.6788239405431322,0.6416368540521504,0.4076190183965049,0.825060451262133
117,75-84,12,0.357121138317462,0.29747073591668843,0.12588997004927918,0.568470287192556,0.09494007215871746,0.14377397295293426,2.339780473466122e-06,0.29120366336119624,0.5479387895238206,0.54773984017887,0.26002562522686545,0.7634016093046008
117,85+,12,0.5738735844313262,0.5199265860276705,0.2711521448129897,0.7251539467289809,0.074711475347683,0.11997203919946273,2.6154595168316245e-06,0.2533112426942593,0.35141494022099073,0.3509206770067429,0.18380125195659158,0.6115035265634091
122,16-24,12,0.21578729832292007,0.19121485395984977,0.08278858033122546,0.378485295244893,0.08488760062901503,0.13917874006067496,0.009786694481148175,0.26731962429234635,0.6993251010480649,0.6596557240436232,0.45851345077461997,0.844089747169995
122,25-34,12,0.16863015218365396,0.17466147391110393,0.07028418992304905,0.38732245141389837,0.0923649083726113,0.14909052261860645,3.2845240838083937e-06,0.29999559225390077,0.7390049394437348,0.669620178932393,0.38264697624551575,0.8432321486045642
122,35-44,12,0.2254300041578922,0.21203822958171314,0.08837476401146818,0.4186678984513357,0.09426955767058634,0.15777110572459097,6.666314916133678e-06,0.28658230571375376,0.6803004381715215,0.6284378130243162,0.3755233090935531,0.8066178080588252
122,45-54,12,0.21559812017029206,0.1916254336716926,0.07569628119920548,0.4062926823774645,0.09028865674693642,0.14109761832201934,2.8995604622727765e-06,0.3200701342608842,0.6941132230827715,0.6569659445421204,0.38553085862185454,0.8401868565267733
122,55-64,12,0.2257857818823741,0.20200900265319355,0.08244712742899384,0.39457584946416935,0.09284011744602655,0.14426752554948252,2.596201819819697e-06,0.30453089289460517,0.6813741006715993,0.6427746767169449,0.37661070972208927,0.8330927044986836
122,65-74,12,0.22435318382211444,0.21369317976753344,0.08471502891455242,0.41957748255373933,0.09859599577130232,0.15047065639759674,0.019792803725155777,0.2965333088918704,0.6770508204065833,0.6298475352143883,0.3843729913856014,0.8036079978127189
122,75-84,12,0.3383315072063469,0.2925789458647803,0.12460083831915852,0.4969088047323547,0.0923911352064696,0.15490641397327937,0.01744169820088611,0.282499124404229,0.5692773575871833,0.5546597789214034,0.32765311506141925,0.74320380562144
122,85+,12,0.5755458860191345,0.5305787732584133,0.26562334917485786,0.749626382628742,0.0720151298267611,0.12493693747964546,2.021739572742738e-06,0.2717347951111455,0.3524389841541044,0.33504745935678515,0.16275761021761426,0.5849584354819832
126,16-24,12,0.24075461497483075,0.2177264887455606,0.092640721911924,0.4064369051705101,0.09033875711592443,0.1477145256201139,0.02809080342988834,0.26720035492480615,0.6689066279092449,0.6317858528322986,0.42601494158478204,0.8078680634628095
126,25-34,12,0.23025276259472124,0.19233336100040915,0.0707858030524534,0.3758979348191604,0.09230445818756995,0.14276453999345246,2.391233494842401e-06,0.2969842627041765,0.6774427792177088,0.6557803315084527,0.419608973308994,0.840212593695878
126,35-44,12,0.2394448514071839,0.22015780822217818,0.09308972025694033,0.4462117280597486,0.09966619856458721,0.14853989633713238,0.018027316454993166,0.30061175570453674,0.6608889500282288,0.6275052279054982,0.36187449025532914,0.81367665742711
126,45-54,12,0.2430073743450232,0.22325079811606668,0.09323342837568314,0.4072965665795877,0.0997664287337362,0.15230576745113994,0.019115684334618306,0.29617818628955,0.6572261969212406,0.6258699196742596,0.43548276947488423,0.7995087575200925
126,55-64,12,0.2398444171084043,0.22085090675850552,0.08675548037606444,0.435257990277482,0.09816379621770525,0.1447157045163322,3.088998211435679e-06,0.3429065115206163,0.6619917866738904,0.6286702915062936,0.3936570797809408,0.8184406687562883
126,65-74,12,0.2428842561834459,0.23209728206371094,0.08875862382640709,0.43427410983998554,0.10022252642452924,0.142776595308594,2.133844476355775e-06,0.3083247989945496,0.6568932173920249,0.6086078842081383,0.40019093512664333,0.7958205589553112
126,75-84,12,0.33272499824446594,0.2987085194279534,0.14029444654042367,0.49029598990962336,0.09317399207992658,0.1452044365083549,0.03831572546136481,0.27719701622707305,0.5741010096756074,0.5508298826367107,0.35033434092774585,0.7453833069576827
126,85+,12,0.5738547229067626,0.5203433897300053,0.26209739089728135,0.7159391648104649,0.07230206150461303,0.11944479868326766,3.249345680796584e-06,0.2563092902828127,0.35384321558862425,0.35140120676271536,0.17927710042757042,0.5877997571931768
129,16-24,12,0.22504132986220274,0.20560834083086865,0.08338982317991991,0.38248661549824015,0.08694022218327598,0.13339931210373845,2.3612700646346547e-06,0.2701125909408989,0.6880184479545213,0.6472804467897927,0.44503066887838016,0.8299365351079858
129,25-34,12,0.22482673003683357,0.20996857998784907,0.07900077847407778,0.4259515116137123,0.100103127068565,0.14728461291846473,2.2766718373167543e-06,0.31609718447514323,0.6750701428946014,0.641333386787386,0.3988936024022822,0.8389695225112048
129,35-44,12,0.2254300041578922,0.20401678909403642,0.08654052065861166,0.3997717969497851,0.09426955767058634,0.14838269582186323,2.3671833615061543e-06,0.27870685832903414,0.6803004381715215,0.6360018912815325,0.42963010724541134,0.8365597331697958
129,45-54,12,0.2257857818823741,0.21483955617967498,0.09172595453353213,0.4220125144472876,0.09284011744602655,0.1526431693541131,5.1879126277700504e-06,0.2994701765318876,0.6813741006715993,0.6267220511961719,0.34589300319342337,0.8146912373464673
129,55-64,12,0.23043321128991417,0.2109040198422068,0.09306867306755519,0.42732393149684933,0.0993791259619333,0.14753953350238397,2.856379535812026e-06,0.29360595929622485,0.6701876627481526,0.6328178153514163,0.3758495672712128,0.8241348049451647
129,65-74,12,0.2257857818823741,0.20110089346153848,0.0843220636114226,0.41179296063338394,0.09284011744602655,0.15061447177199255,6.81017299004792e-06,0.3181699892925212,0.6813741006715993,0.6442211991986788,0.38349292690616027,0.8114051977310917
129,75-84,12,0.3383315072063469,0.29001271401153983,0.11592524740117004,0.5328125477972868,0.0923911352064696,0.1480742056517555,2.425085160846052e-06,0.29800237516460537,0.5692773575871833,0.5506470462210724,0.322043391359769,0.7655761839772698
129,85+,12,0.5501787555240574,0.5143768063881531,0.2586180150309862,0.7407765704845244,0.07730497964790177,0.10598820744042388,2.436296450937584e-06,0.25098444152639776,0.372516264828041,0.36318471084129617,0.16430452213426847,0.6255130306479085
135,16-24,12,0.1535407667082919,0.1876603856466674,0.06643288750247672,0.367996104127954,0.08560441393066553,0.13763520606315624,3.1426582156969067e-06,0.25539262184456096,0.7608548193610426,0.673505613240089,0.4942006942675558,0.8421602999639841
135,25-34,12,0.13926392114282027,0.14702552727699902,0.06205378536460425,0.31164281268090055,0.08982554141307915,0.1452410029334152,2.6852131632027536e-06,0.2931197071807574,0.7709105374441007,0.7048665616279328,0.49002583183560755,0.85098929122288
135,35-44,12,0.1755808248724335,0.1847444166401058,0.073757970711023,0.3674641027561322,0.09377913404437005,0.1457992023797095,2.397554395541199e-06,0.29025956396324465,0.7306400410831965,0.6703640581680572,0.38817068415891004,0.8504046684957303
135,45-54,12,0.1774503860237824,0.18043081820254514,0.07801408288344316,0.3852642120139212,0.09288253188893893,0.14521508996742394,0.030130751471400055,0.28744582676025293,0.7296670820872786,0.6615897792163591,0.40028551118925604,0.8393033446177198
135,55-64,12,0.20371968841140722,0.19162627915410363,0.08349394075412489,0.3623845519938291,0.09169831195114422,0.1533078978524235,3.196073182434172e-06,0.28718451959316,0.7045819996374486,0.6447808017842942,0.45477614184996795,0.8208244514538621
135,65-74,12,0.19454254915798602,0.1818192755722957,0.07249501408803527,0.3543745841524529,0.09275513599392438,0.14612410893652444,7.260793127044885e-06,0.27010825524316756,0.7127023148480897,0.6680309663599364,0.45782189208431384,0.8510131455312769
135,75-84,12,0.32609054004333554,0.28509187816564074,0.12496968646099932,0.5225632671948057,0.09591940170919874,0.14419580434849677,0.012867388463910515,0.296340849100542,0.5779900582474656,0.563022813287722,0.34479788293860947,0.7517691885906695
135,85+,12,0.562649496912917,0.523484687515324,0.26602907241912926,0.7303805824830772,0.07423539861873747,0.12260895082049744,0.012739284643342492,0.27072499473731687,0.3631151044683455,0.35043591875620816,0.17144836524253862,0.5946660898770157
136,16-24,12,0.16397308729739704,0.18684627371561646,0.07454536437641697,0.36696173186804065,0.08623372053923213,0.138119175084408,2.682653926832366e-06,0.2870076455106421,0.7497931921633708,0.6711940834058447,0.4509571008246381,0.8375851363901862
136,25-34,12,0.20565403230974177,0.18720426173182797,0.06948380168391356,0.3698393672220694,0.09143327197363313,0.1487249963139086,2.777890276310243e-06,0.31432504219970553,0.7029126957166251,0.6591594788627535,0.39697073522061027,0.8543568762088561
136,35-44,12,0.22177312341737754,0.19525352957027592,0.07480805752161285,0.3672828670679255,0.09471462077877918,0.15096549315527513,3.1080896846597817e-06,0.299395384656909,0.6835122558038432,0.6488877335674981,0.4232879920029165,0.8252996072480209
136,45-54,12,0.22435318382211444,0.20375724192411132,0.08321516971279655,0.4158964770540878,0.09859599577130232,0.1532898795257964,6.8055555547507465e-06,0.30649811501686075,0.6770508204065833,0.6396001895065659,0.4080961788123309,0.8086123746110451
136,55-64,12,0.16408069866805014,0.1858799790315054,0.06845212623211815,0.37308323214341627,0.090572272147153,0.15320962508890032,0.03480907518998524,0.2821640609604013,0.7453470291847968,0.6541483743545565,0.4309858667477901,0.8124943527532998
136,65-74,12,0.2257857818823741,0.20541607836217401,0.07827803751073628,0.37414386708209857,0.09284011744602655,0.15868464233239904,2.3174076595872212e-06,0.3094594397306081,0.6813741006715993,0.6253194233234909,0.3841243944714937,0.8354992763565684
136,75-84,12,0.3314982700474326,0.28972251564457085,0.10673991986386805,0.5030857901923068,0.09334528452009577,0.14853796478896658,2.575537602873693e-06,0.3349606941276271,0.5751564454324716,0.5552732662265034,0.32384179494909426,0.7477691488782859
136,85+,12,0.5501787555240574,0.5220090904656537,0.25638075372621677,0.71611814147918,0.07730497964790177,0.11672791733814694,3.023328429230874e-06,0.2254094142679057,0.372516264828041,0.3562222088587599,0.1849645573590707,0.5982056464971981
139,16-24,12,0.21506521033708592,0.1838498956887903,0.07939332090136515,0.3751664377484903,0.08426607326080449,0.1445680774145913,0.010052470075528749,0.2767211446503718,0.7006687164021095,0.6681626314174118,0.4590391639785953,0.8353480627814015
139,25-34,12,0.14719777492774427,0.1489048856219522,0.05519259254051989,0.34620796688947536,0.0902971461593613,0.1426377959437391,2.9659254416021825e-06,0.2775146235428661,0.7625050789128944,0.6993980913955553,0.4736343519182864,0.8686229438153822
139,35-44,12,0.16845817823816728,0.17879225352694997,0.08027861895246176,0.3393538551105084,0.09146111283442006,0.15384834875239567,0.012325488226271853,0.285371371675457,0.7400807089274127,0.6641852745223793,0.454171407349108,0.8169933527851442
139,45-54,12,0.2039504080540814,0.190671087530279,0.07718767769911362,0.367779410771725,0.09545851248871305,0.15062068286232505,0.009375843813111844,0.2937325162712845,0.7005910794572056,0.6587037065362609,0.44979764081799134,0.8193470761019459
139,55-64,12,0.2039504080540814,0.19250956899280722,0.07440588046498044,0.3972428316425951,0.09545851248871305,0.14967235940063722,2.0346972110022717e-06,0.2942476333958154,0.7005910794572056,0.6513273948368639,0.41355237870713635,0.8388169548674044
139,65-74,12,0.16360728388750923,0.18416884286357887,0.06265310167077709,0.35926439254579057,0.08926819897622908,0.14779908316723916,4.190665961167341e-06,0.3005646396161345,0.7471245171362617,0.6613585387480064,0.4312533135614171,0.829098101275921
139,75-84,12,0.3170308686044709,0.2650808002522815,0.1124131350195902,0.48107456054660197,0.09381955602334792,0.1519636157318468,0.010971912325744047,0.29458910037138464,0.5891495753721812,0.5710598739003226,0.31644250834641025,0.766510971461081
139,85+,12,0.5589848981916783,0.5155640888631435,0.24962725682609707,0.7413129052713191,0.07579158140791852,0.1175155460328657,3.5895421533060957e-06,0.2651693367607322,0.3652235204004032,0.3580057359864398,0.17691107709923937,0.6121621924149019
142,16-24,12,0.22642358095384257,0.19837535220071972,0.08254530081689417,0.41137864045439493,0.08575043640134183,0.1408189831684732,2.710839044353531e-06,0.28700707834035566,0.6878259826448155,0.6476991562806556,0.4394202325551963,0.8200256525257423
142,25-34,12,0.1487164026419353,0.16203754069109894,0.05538139022095599,0.3500738200713546,0.08496204149271039,0.13878654782019928,2.8183423848914655e-06,0.2694417203759267,0.7663215558653543,0.6916460773235261,0.44127835229226603,0.8662858111095321
142,35-44,12,0.21465068564554157,0.19375247330615492,0.07960079090928647,0.39264368997574234,0.09428633508232426,0.14051893540897725,0.016887602342577704,0.3010182199389751,0.6910629792721342,0.6598497416413611,0.4453654359343558,0.833652149982242
142,45-54,12,0.18671867302091005,0.19822338885890606,0.08369859193682137,0.4123140463938069,0.09001050735603906,0.14617136197476205,0.0388871840148093,0.3275304410827651,0.7232708196230508,0.6529323343604573,0.3704082762423775,0.8010527562559226
142,55-64,12,0.22606721380069075,0.20716622326347267,0.07357764550682928,0.43818993848384286,0.09170938306656913,0.14758294365929087,5.235370179882723e-06,0.28496457762587335,0.6822234031327401,0.6332138853624016,0.3775979753696945,0.8146459849099801
142,65-74,12,0.22606721380069075,0.2073477375297625,0.08756300527215786,0.3951572334164443,0.09170938306656913,0.13699546582242444,6.140274271243177e-06,0.27738704810323317,0.6822234031327401,0.6503536122855976,0.427827748342063,0.8091772871026148
142,75-84,12,0.36057418884122255,0.29389903679893603,0.1254046834793028,0.5103657291755685,0.09023063977214696,0.1522156007437649,0.032266328427384236,0.32099799165807014,0.5491951713866305,0.5532082713680231,0.2999200406968473,0.7484026815470073
142,85+,12,0.5746319581589883,0.5324435529840785,0.2890458930381893,0.7253284707933637,0.07831486953563148,0.11186499916782827,0.010725439345121143,0.25057585229330354,0.34705317230538035,0.3406575888384269,0.18187396168400335,0.6022134103152278
147,16-24,12,0.21340955340746046,0.20302725451957807,0.08806989699967259,0.3898154904258963,0.08824515529562077,0.14081413114197236,9.055990976299472e-06,0.2631692006785343,0.6983452912969188,0.6527258532315173,0.4570140988542636,0.8026430351456321
147,25-34,12,0.17431603204537177,0.17132222552354176,0.05952051481674026,0.35695256963789385,0.09137596053516205,0.15117478035178733,3.1956100427957313e-06,0.3031232817728889,0.7343080074194662,0.6645919859698772,0.3937133177431424,0.8352844280553825
147,35-44,12,0.16264418997676144,0.1809293591570041,0.0818517895272113,0.37950582990887605,0.09134916634258843,0.14859873697963152,0.03301423890960883,0.3653228240986147,0.7460066436806502,0.6596661101778797,0.36454949022136973,0.8136516029290198
147,45-54,12,0.2240984904906958,0.20705835317521232,0.08722563410269969,0.39398660887417003,0.09304244947158653,0.14673149298672658,0.027974395671159544,0.2869446115346799,0.6828590600377177,0.6416917807738236,0.4162773038044978,0.8135205783899782
147,55-64,12,0.2287214498876592,0.21174012272567094,0.08365844315162418,0.4306476473785065,0.09960017675896238,0.1471568483431857,2.3126673100752327e-06,0.27097117189047254,0.6716783733533784,0.6334270523989348,0.40403472406399016,0.8238570359095764
147,65-74,12,0.2240984904906958,0.20296013701204693,0.0771370072577479,0.3941921859405817,0.09304244947158653,0.1500030969211401,0.03164623251181612,0.3047225027585009,0.6828590600377177,0.6484304262439844,0.39191724899717173,0.8330439303801278
147,75-84,12,0.331137284022479,0.28051938457993303,0.1113096534164348,0.5119986511422596,0.09339569028824461,0.15064630568881,7.079913937931525e-06,0.31482743293926985,0.5754670256892764,0.5532572352480618,0.3105518640224285,0.7569718264663291
147,85+,12,0.5731799024816361,0.5297798093103419,0.2832302746749605,0.7480804045121858,0.07241655510692367,0.12572081657889422,2.7556411364508338e-06,0.26053293770863284,0.3544035424114402,0.3311817738118238,0.16944411213564858,0.5659878900797698
160,16-24,12,0.18625202671165417,0.19472750578658043,0.08335419187895908,0.3688782173677959,0.08750475514011787,0.14250214284252377,0.010527345956201122,0.2701925584916731,0.726243218148228,0.6536521452993009,0.4127514921948147,0.8112075362384925
160,25-34,12,0.1478607240047948,0.1704726692728608,0.06950297269633562,0.38311499466450566,0.09022695120917626,0.14548046232009001,2.8140454881897717e-06,0.3400775052607958,0.761912324786029,0.6774803698342542,0.370293075396973,0.8422637885929443
160,35-44,12,0.2254300041578922,0.20291756927911653,0.07808049669901124,0.42503380261572066,0.09426955767058634,0.1569332574113462,2.388099794120442e-06,0.29476798105502927,0.6803004381715215,0.6254978314182409,0.4386327451588841,0.8110607174059355
160,45-54,12,0.2257857818823741,0.20602248679152105,0.08296061990101074,0.39613147689963973,0.09284011744602655,0.14865440856548598,6.816998437287959e-06,0.29404107596774515,0.6813741006715993,0.634861681326631,0.386046576720971,0.8071149008450839
160,55-64,12,0.2257857818823741,0.20268004046000093,0.07711506274049966,0.43327132078618175,0.09284011744602655,0.1518787562808106,2.316412708256122e-06,0.2968490275160844,0.6813741006715993,0.6431421016206407,0.3594854434619548,0.8231378239799145
160,65-74,12,0.22870110269581442,0.2039057634214935,0.08094352153717327,0.37606008421045783,0.09249052592422435,0.15448805896370338,0.016237648501423636,0.336788511117417,0.6788083713799612,0.6317339196694278,0.37519831613718213,0.8131726301276144
160,75-84,12,0.3584446231334952,0.29650050057750793,0.1372468201107125,0.5016718512817637,0.09158593558270431,0.14823483802917875,0.01539267172827264,0.27229502534674166,0.5499694412838004,0.5502692077528357,0.3365585989984723,0.7584702451080427
160,85+,12,0.5508328070115142,0.5010580013958148,0.24066113583130466,0.7266690021563597,0.07620808151348457,0.11188999924831504,0.01263014868417079,0.2637908266934305,0.3729591114750014,0.3710422477285384,0.17647981550400504,0.6124027919694284
17,16-24,12,0.21503866988512135,0.2046033999245372,0.08303745874953967,0.36575381746596525,0.08806238974438811,0.1444350294456287,0.019429989718933085,0.29438588066278243,0.6968989403704906,0.6442877047690423,0.4346641562934051,0.8057177180165606
17,25-34,12,0.16848631929376506,0.16721332880980655,0.05480584132666659,0.3536380463849594,0.09313907465605968,0.15239656997540615,0.014571968815621048,0.3168319223503537,0.7383746060501754,0.6722951942657187,0.44308070196036786,0.8467278650889357
17,35-44,12,0.21433462928755267,0.1918104984135458,0.08472388975298657,0.35837100703217545,0.09561992766533303,0.14394940490941427,0.017486443825283103,0.31391098286925195,0.6900454430471143,0.6540952237773752,0.4012507790852064,0.8317610350377865
17,45-54,12,0.23043321128991417,0.20409854628937682,0.0776252203309318,0.41382077958621083,0.0993791259619333,0.15095121665990824,6.859222614906383e-06,0.33850542180323523,0.6701876627481526,0.6424148996992431,0.3823702105192494,0.8320299756989926
17,55-64,12,0.22435318382211444,0.21528441336862128,0.08868072579379058,0.41668903604238006,0.09859599577130232,0.1444225638085117,2.8139368509028976e-06,0.3128928210839413,0.6770508204065833,0.6334984619316208,0.43268418659892494,0.8186631312684189
17,65-74,12,0.23043321128991417,0.20607292979975442,0.08503711399349054,0.44470274425777184,0.0993791259619333,0.15760361566530115,3.156149233413425e-06,0.32902102687244705,0.6701876627481526,0.6301769072796402,0.4131419615769702,0.7867179862079496
17,75-84,12,0.36260356634730395,0.3061456787221975,0.13915608459811352,0.5500032643154223,0.0909922211209342,0.1489526617158463,0.03182750271627064,0.3329278722335578,0.5464042125317617,0.537017248750828,0.2662190972298025,0.7407996173844202
17,85+,12,0.5498343254408399,0.5057891612447081,0.23120746929681918,0.7151199552342957,0.07788261722378627,0.12084253226233074,3.037017048964399e-06,0.23124315507262666,0.37228305733537376,0.3685387737027854,0.19322819253221596,0.6203748939067207
171,16-24,12,0.2813718381440082,0.2434966604989665,0.09459656560612673,0.43405318105589596,0.10230758524295995,0.14400891305715025,2.278727461479436e-06,0.2999770614231144,0.6163205766130319,0.606317874012471,0.38967556262068054,0.7965871215673467
171,25-34,12,0.23834705736643283,0.2134537115554151,0.09237764326418764,0.41379931899806777,0.11003466877731241,0.15620042680880925,0.011401018354715846,0.32027572844260116,0.6516182738562547,0.6156075886170571,0.385447938577321,0.8111288946635287
171,35-44,12,0.26074057424426916,0.25549484161535047,0.11435592173282545,0.4643155924288698,0.11003336215579324,0.14933004836472186,3.35439711474187e-06,0.30975312199097965,0.6292260635999376,0.5846284418554893,0.3719619375096033,0.7748594926939465
171,45-54,12,0.2605339546735056,0.2630592707938364,0.1305511703548334,0.48190340749366173,0.1107386015503072,0.15507776405849685,2.412856533229067e-06,0.3158345650304401,0.6287274437761872,0.566777013188063,0.3380142549891544,0.7608220815477871
171,55-64,12,0.27509697802371674,0.26688498675977906,0.11569933859432566,0.5371753218118488,0.10855771866820704,0.15571486835332785,2.9299754641553813e-06,0.3174180852129508,0.6163453033080762,0.5729393967357848,0.319624713265931,0.7746433531970787
171,65-74,12,0.2610772347111146,0.25684665051844524,0.11141358770646745,0.4571416936916109,0.10888426372858494,0.15456557012449096,4.39243626405255e-06,0.30848008857530995,0.6300385015603006,0.5780937463113822,0.3564010202057572,0.765345864283602
171,75-84,12,0.39839564515903175,0.3480676812344651,0.16247082787913347,0.6326968985058196,0.08593720507689022,0.1495964377425887,2.334231840338294e-06,0.3213675378483673,0.515667149764078,0.49324651060218,0.23854923409617945,0.7164826529055806
171,85+,12,0.6118706806507724,0.5701063049304644,0.29631415817686135,0.7375974650662004,0.07280858883300487,0.11310130872751682,3.2105482035463698e-06,0.2675062948296543,0.3153207305162227,0.3160101756150185,0.18049855765203693,0.5751770547007937
196,16-24,12,0.22933274419594,0.205526695769009,0.08183227825547802,0.42037451392734365,0.09864659575090959,0.1539084540272555,0.012559831898987173,0.3005750783312438,0.6720206600531505,0.6311060034439144,0.37745165605251463,0.8124948788800143
196,25-34,12,0.22561670559918903,0.19443757718771987,0.08795771086641231,0.3814194129687067,0.10748528893528428,0.1614515503727123,0.03322451565369898,0.31810360613868255,0.6668980054655267,0.633239653716068,0.4091741121912777,0.808785337187525
196,35-44,12,0.2308183251826103,0.2123927250561785,0.09122674980482895,0.41271319537187756,0.10832261101945916,0.16296026451314094,0.012030354964482994,0.28792663269221613,0.6608590637979306,0.6143652102633363,0.38865669985913914,0.8097723047538631
196,45-54,12,0.23123700994779364,0.20506675511277478,0.0782715920145625,0.40025995897943756,0.10670518424916571,0.160459460810933,3.3786660133255328e-06,0.33606058306707853,0.6620578058030405,0.6288738032287842,0.37829292951118265,0.8261198101475236
196,55-64,12,0.23487005581481427,0.20599179564627632,0.08279930700011645,0.42695602804330574,0.10620091331827743,0.16007787399313694,2.7367783822221208e-06,0.32006123518937535,0.6589290308669083,0.6249416300268882,0.4050387381256926,0.7956356397222099
196,65-74,12,0.23428049146834515,0.20835281617976537,0.08788979101217291,0.3859710964024452,0.10844450317304233,0.1556657463510965,3.2432085279988465e-06,0.3014885422431617,0.6572750053586126,0.6245061849993749,0.3631342087444132,0.8188595987928858
196,75-84,12,0.3592551536031566,0.2885672496015409,0.12756455627954283,0.507901691159462,0.09564042377745965,0.16635734651675252,0.03866228025884364,0.32926473601761236,0.5451044226193837,0.5325826899963422,0.30152296382924715,0.7374315068758903
196,85+,12,0.5748613999376548,0.5122788554581896,0.23381036228253532,0.7222197631890915,0.07445798570758423,0.12227237217780479,2.4599692106309786e-06,0.27586147861796184,0.3506806143547609,0.35341977381624656,0.18300613511554617,0.6247244971129606
201,16-24,12,0.14262595641982445,0.1622293107398592,0.057577138597972644,0.3109962559505664,0.08480084835616021,0.14165632253104687,0.02516129108021967,0.27961485165467076,0.7725731952240154,0.6937533239661358,0.4177520795108195,0.8547075274794969
201,25-34,12,0.12921797813585628,0.14666709222076632,0.05505780055521223,0.28073300862406336,0.0888819020290891,0.14635530736428654,0.016219389627419218,0.29542463923904305,0.7819001198350546,0.7064304470649345,0.49508665593691203,0.843034907848281
201,35-44,12,0.1436225528743265,0.1669041175619011,0.06731463092307964,0.3396734659381269,0.09025208782271252,0.1494524410022559,2.6536673388434318e-06,0.2792460353407138,0.7661253593029609,0.6729914855164496,0.4576441687998459,0.8378618942822833
201,45-54,12,0.1430037911430233,0.15850448756459523,0.055382965041988176,0.35600603748196075,0.08747476539749989,0.13912429056272857,0.013898461149646338,0.3035957320748989,0.7695214434594768,0.6922358291814397,0.43892491884230506,0.8600166315654838
201,55-64,12,0.1430037911430233,0.17090624156341186,0.060969426890956406,0.3916857192708878,0.08747476539749989,0.1488722786942991,0.016596004074900944,0.30190785631884914,0.7695214434594768,0.6749881435520844,0.377055396998285,0.8534674024788264
201,65-74,12,0.1430037911430233,0.16624118821798983,0.06468027486386548,0.3016876726748769,0.08747476539749989,0.14378533100159377,3.375434806236522e-06,0.2902203189705028,0.7695214434594768,0.6840871447011855,0.46002692812454854,0.8499791347800207
201,75-84,12,0.313125979893272,0.2852805209381797,0.1030647309850443,0.4911467171176436,0.09535976749122392,0.1480521437566168,4.725410187535735e-06,0.28431202786609716,0.5915142526155042,0.5589374235130331,0.34879050432852976,0.7666579732912444
201,85+,12,0.513135259483738,0.45273985343347556,0.15601760919189667,0.6933195620820046,0.08530948064738035,0.11579600039515174,2.221192052145494e-06,0.2339052823734586,0.4015552598688817,0.4157481707443338,0.231138663284349,0.7252530574751193
241,16-24,12,0.22585326545472018,0.21322052875703718,0.09359528173347542,0.46880299898396893,0.08364595738240856,0.1227041186984838,2.364117963380938e-06,0.27395601955721605,0.6905007771628712,0.6602648025758789,0.3193384946242777,0.8295597992682492
241,25-34,12,0.14888751931425767,0.1690859098053877,0.07013092638603573,0.35989981488470363,0.08390917679368053,0.135687342011619,0.02756924162450884,0.2737931279654134,0.7672033038920619,0.6874847042837837,0.44911240648761697,0.832279536541546
241,35-44,12,0.20771694625830708,0.20005916476412788,0.0873056735881021,0.3676753648582962,0.08392586805238811,0.13081854414902558,0.026898861620546825,0.2688023564707516,0.7083571856893048,0.6599440652449668,0.4540860871659192,0.8221839101345683
241,45-54,12,0.22398498645752402,0.2124412659243839,0.08384679564324568,0.41218866408527244,0.08568572115275934,0.12755775427806976,4.502079718954551e-06,0.3077554519616029,0.6903292923897166,0.6572157198858424,0.3998699899453154,0.8074235988470972
241,55-64,12,0.22581883763798713,0.2151821363575851,0.08589743364529989,0.3846016665885057,0.08832969174785525,0.13393985399404434,0.021304221933563308,0.2526656446002517,0.6858514706141576,0.6515453556061479,0.4334930404642693,0.8176401472752642
241,65-74,12,0.22581883763798713,0.19387257234458907,0.08474091698513263,0.413320375026505,0.08832969174785525,0.13163222093512228,0.008422429279818436,0.2651705754000372,0.6858514706141576,0.6618851499202301,0.40271201418887764,0.8234416376064841
241,75-84,12,0.33957875481189315,0.31003230896898926,0.1196715582296085,0.5209865036411421,0.07124498935411079,0.1233206487379996,0.01589432654072047,0.2710707493483438,0.589176255833996,0.5601089721751619,0.3589113437266355,0.7831246787887077
241,85+,12,0.585246272366422,0.5423033795363645,0.2658574139243223,0.7465243854284338,0.06068268965676413,0.10818014089001876,1.8351782113702267e-06,0.24852607943045377,0.3540710379768139,0.3421767454655496,0.1642025353309097,0.6042893032406563
255,16-24,12,0.2125970425167942,0.19882521032230618,0.07515068467409955,0.41766809998406473,0.08875639054383362,0.13911124004751507,2.169137133775847e-06,0.27215530022027157,0.6986465669393722,0.6501222078292228,0.41825746849884937,0.8263681399778983
255,25-34,12,0.16645138533447232,0.16705006086862062,0.06894416342222817,0.3936038934593986,0.09260696863125373,0.1429819279678017,3.255309873972056e-06,0.3002155988236219,0.740941646034274,0.6759286604515837,0.43038582428122374,0.8425322701278508
255,35-44,12,0.21461459144721784,0.1985870754272791,0.08246582306484418,0.37419114174755697,0.09443863372766854,0.14607204934574902,6.70884866187186e-06,0.2755364946385625,0.6909467748251136,0.6482137753247501,0.4305817580780276,0.8469613807110807
255,45-54,12,0.18649052696008456,0.20434027882090094,0.07728707072564535,0.4110263953704872,0.09112239678188172,0.1460711032512837,3.3668745208847465e-06,0.29518770897702945,0.7223870762580338,0.6424850129167106,0.37267262189355504,0.8251471139190836
255,55-64,12,0.2257857818823741,0.21022787957370004,0.08380045702600221,0.3951850249994853,0.09284011744602655,0.14261587126471187,2.3506324523677067e-06,0.26203574117617806,0.6813741006715993,0.6464035627455178,0.42727168337976956,0.8381885412686281
255,65-74,12,0.18649052696008456,0.19726899221952268,0.07782884560775984,0.4094585803016193,0.09112239678188172,0.14678872568998919,0.01033718265264979,0.3207942482395965,0.7223870762580338,0.6422074890092988,0.35564312750134747,0.8140103057716066
255,75-84,12,0.3584446231334952,0.29786913206310406,0.13188564566616107,0.49770265524409746,0.09158593558270431,0.1518770983458284,0.01890200015371088,0.31425376460961996,0.5499694412838004,0.5419912565598888,0.32948648108070905,0.7406735447482384
255,85+,12,0.5740209669332227,0.5277108572380564,0.26556045173286336,0.7385509040157963,0.07929487337919867,0.1148977362780994,1.7316148787454094e-06,0.26038214612734445,0.34668415968757876,0.3429391019570407,0.15220171505589358,0.6239586285609204
272,16-24,12,0.22615999933438624,0.21234343154084245,0.08739050257298481,0.4190586686467047,0.08681472210667966,0.14577615388622245,2.6125412632125776e-06,0.3031238802738459,0.6870252785589341,0.634503262739797,0.38698929437101925,0.8101715586834166
272,25-34,12,0.15589746400694143,0.16321417602694926,0.07098037233223478,0.3319501893077291,0.09089138566936387,0.14650112657988126,7.773230405202677e-06,0.30895679400208653,0.7532111503236948,0.6797229158802646,0.4651163784625767,0.8453070198240773
272,35-44,12,0.22177312341737754,0.18718090290039774,0.07874966772804728,0.4396772953139984,0.09471462077877918,0.15127552948973183,2.466000114590827e-06,0.29781145102659295,0.6835122558038432,0.6470902388027475,0.36721540220073656,0.819559170853484
272,45-54,12,0.23043321128991417,0.21380915344149998,0.08780908902919539,0.44176675997434345,0.0993791259619333,0.16117329110011558,0.03233153219756139,0.3120005827712939,0.6701876627481526,0.6176386182474858,0.3442636877342669,0.8006099332664902
272,55-64,12,0.23043321128991417,0.2030985572647776,0.05359288524022094,0.38625709366240324,0.0993791259619333,0.15000364419098733,2.3519701633481813e-06,0.29743335145886524,0.6701876627481526,0.628376073123436,0.4324015659892794,0.8259367800305721
272,65-74,12,0.2257857818823741,0.21245665000508873,0.07981509668628291,0.39641786905659926,0.09284011744602655,0.14960386884345359,7.075874199459137e-06,0.2968520088902327,0.6813741006715993,0.626965465875212,0.4125156289785943,0.8263689653440308
272,75-84,12,0.36260356634730395,0.29987556946428806,0.14461660952131714,0.613054852363113,0.0909922211209342,0.15159053059121852,2.5208498688416925e-06,0.31382759014899714,0.5464042125317617,0.5371025377525622,0.23978843429443605,0.7387101060905565
272,85+,12,0.5749000486271837,0.540057260863327,0.2809620271700278,0.714214876003682,0.07305644962919737,0.11605299072809636,0.007919774065174212,0.23356555927127592,0.3520435017436189,0.337338935360664,0.19061770482835314,0.5997259900786701
279,16-24,12,0.22504132986220274,0.2011759006113536,0.0768755765896564,0.36793161620184256,0.08694022218327598,0.1407649306194863,2.1012819027233796e-06,0.2921541166141914,0.6880184479545213,0.6526706810060419,0.39651425702992565,0.8578008563085068
279,25-34,12,0.22482673003683357,0.20337501658916352,0.08208966094993743,0.4563279263197168,0.100103127068565,0.15296929357319708,2.3209404363318275e-06,0.31230789541536613,0.6750701428946014,0.6344579700239295,0.3502910596438085,0.8106772425349682
279,35-44,12,0.2254300041578922,0.20980797093542913,0.07908376524792442,0.40095196774611525,0.09426955767058634,0.15047076525506778,2.8632010986388445e-06,0.3213407110523795,0.6803004381715215,0.6312664423385745,0.36382793519389817,0.8208605800992452
279,45-54,12,0.23043321128991417,0.21818389311507191,0.09059575697444268,0.44115922304221633,0.0993791259619333,0.15523361077978176,0.009992075972227784,0.3012145603394291,0.6701876627481526,0.6159056812076313,0.3676681282618084,0.8209835445883039
279,55-64,12,0.21467774937034972,0.20504320352305405,0.08947900853933036,0.3965423343355892,0.09417214031370004,0.1518160776688947,0.016657151821148797,0.29421028544769656,0.6911501103159503,0.6420553769491241,0.39985878332384883,0.8109160526081941
279,65-74,12,0.2257857818823741,0.20016319315859632,0.08276581179780587,0.4211654903864773,0.09284011744602655,0.1508602384902013,0.011074359764871401,0.28659793097763914,0.6813741006715993,0.6335879796971771,0.35887327650318,0.8033751784107218
279,75-84,12,0.3601325376696513,0.29783081807377765,0.12364482299374975,0.5348181075932519,0.09134497550731292,0.15266994468036116,0.03251441575879994,0.28237066305266856,0.5485224868230357,0.5364599675503874,0.3238101963505484,0.7660071911950788
279,85+,12,0.5755458860191345,0.5178089378173301,0.2194682039034854,0.7500006169139135,0.0720151298267611,0.11595322791035173,1.8949802179277956e-06,0.25994669008272275,0.3524389841541044,0.35683110830964115,0.1747790932614303,0.6380358381552145
280,16-24,12,0.12802260855888142,0.1423564714045775,0.057788798529848216,0.3207783269621211,0.08483286990589693,0.13564414211046938,3.42989621379979e-06,0.27835428883663743,0.7871445215352216,0.7190958961995585,0.47736306223375213,0.8674486152134098
280,25-34,12,0.12660658855119314,0.12263239614873339,0.049889489841570704,0.29580109461667586,0.08769358750412992,0.13697491646589677,2.600282981263255e-06,0.29069588678411035,0.7856998239446769,0.7262434841636487,0.4872841127576069,0.8751018308600261
280,35-44,12,0.12818328272158133,0.13808197846963954,0.061549794140605046,0.27965828719034297,0.08887162970428261,0.13815421773985323,0.015227398774041546,0.29741857822493867,0.782945087574136,0.7160495432728922,0.46686377506923954,0.8542867738325423
280,45-54,12,0.12791741862288147,0.14961143783243125,0.05375489524684547,0.3492922437466475,0.09259232862546966,0.13663114905668955,2.7950235209080186e-06,0.30061805170914113,0.7794902527516487,0.7095363678773736,0.42267670586112954,0.8630909032865035
280,55-64,12,0.12787677845060377,0.14557963819736042,0.06618049054471216,0.3344054756350063,0.09105026588035121,0.13963588181987296,0.01585749642040622,0.2770237485507429,0.781072955669045,0.6964719762910931,0.45905870995510034,0.8547257704799525
280,65-74,12,0.12837398279189846,0.14900167715396972,0.05852423131858952,0.31206746436765753,0.08751613122901963,0.1328536155900935,9.74273826658632e-06,0.2882561966739892,0.7841098859790819,0.7062549261134665,0.4568643145129101,0.8584111475588686
280,75-84,12,0.24140198238429858,0.20695330226863673,0.08662723100096115,0.4065175662642013,0.09193146876004356,0.13289200738009121,8.699096718712906e-06,0.25193479846839234,0.6666665488556578,0.6538614699958831,0.4614698909518312,0.8143411040340747
280,85+,12,0.47482136639575584,0.3039900665450731,0.101411210244281,0.5819320401807904,0.06319088090170186,0.11105810760093576,2.491388322020814e-06,0.2476483681744588,0.4619877527025423,0.5752218405206214,0.29521190524534635,0.7947271466840401
293,16-24,12,0.22688364183803755,0.20246718670439912,0.07993578667068355,0.3954358306947708,0.08389280982008132,0.1314671617453132,5.774160080465727e-06,0.25816661443796163,0.6892235483418812,0.6588192860019733,0.39412803397674134,0.8433685626480587
293,25-34,12,0.15138198470125344,0.1827321038772903,0.07053959309808203,0.37234917094047043,0.0883700719156705,0.14246963221160738,8.498678366303891e-06,0.3017800386011914,0.7602479433830761,0.6723490838315086,0.441280558995388,0.8253188469030112
293,35-44,12,0.2250946082276478,0.2085055702930798,0.08922453507207076,0.4656023886888167,0.09125353307427193,0.145984034244158,2.882611593388735e-06,0.3251826173463505,0.6836518586980803,0.6343210564321954,0.35941836300863544,0.8124959025368724
293,45-54,12,0.22288862040671836,0.21230733867870688,0.08288204206242455,0.40016391106939275,0.09016112439718653,0.13725740264988878,2.3661490769116872e-06,0.2847209008861922,0.6869502551960951,0.649295429406981,0.41854981990114687,0.8285174602868898
293,55-64,12,0.226558540082199,0.2053425543784378,0.08134264835965907,0.404003581329079,0.08973533718948681,0.1472772435980786,0.031595988528273736,0.2910198006192128,0.6837061227283141,0.6431639133066431,0.43162780824042996,0.8132428291949776
293,65-74,12,0.226558540082199,0.2075315658614712,0.0756508288646406,0.40108782668566295,0.08973533718948681,0.1435966506845665,2.68089735217678e-06,0.2893057136289829,0.6837061227283141,0.6419112334246218,0.4209277432872516,0.8066326970456733
293,75-84,12,0.3326390269065175,0.2877871660784297,0.11010279276230722,0.4905517638350749,0.09022529060472088,0.1426687556150444,2.8031748670276473e-06,0.25910031970225944,0.5771356824887617,0.5595551976458302,0.3257082762471889,0.7739412924736419
293,85+,12,0.5770726846758617,0.5308425525406328,0.24892067228732598,0.7560763800713067,0.06955338683170012,0.11396962395595363,2.5262966819686326e-06,0.24746227575547378,0.3533739284924381,0.35715376587374625,0.16587915642625795,0.6376817544084797
30,16-24,12,0.23299839363613775,0.2122937439734216,0.08261986236511916,0.43618478025655655,0.08882545228238131,0.14040138290873844,0.029267684415237454,0.29774440549606,0.6781761540814809,0.6402084469341038,0.37770060352876955,0.8024576828346572
30,25-34,12,0.22633551228642595,0.18810621037254144,0.07942447773651282,0.3865784997022624,0.09574235817183963,0.1616942747511037,2.9996073309722263e-06,0.30018376576418343,0.6779221295417345,0.6491487384671768,0.4050506270969011,0.835916548054852
30,35-44,12,0.23541770954098024,0.2054070929255909,0.07727827172419408,0.4105310360478588,0.10309506850159576,0.15454914630662372,6.618339289137778e-06,0.34021158024183906,0.661487221957424,0.6260403632417251,0.34457555741939455,0.8322661247285871
30,45-54,12,0.23943549061797126,0.21303876047336212,0.08570335405418751,0.4371242126305837,0.10132492092202511,0.16360083005772402,0.01155490659113692,0.3505221222915342,0.6592395884600037,0.6215953488887951,0.3623067267857034,0.7957514664853059
30,55-64,12,0.23320304961169772,0.21369235406237727,0.08269606086285228,0.430264762168372,0.10056316053247628,0.15271164175819701,0.016502781005240507,0.3261438464497601,0.666233789855826,0.6197284344708855,0.38539471427872646,0.8269688893553332
30,65-74,12,0.23943549061797126,0.21058857831434588,0.093771462732174,0.40633623961783616,0.10132492092202511,0.1467263409224248,0.02066704326211046,0.299832497652137,0.6592395884600037,0.628635725475048,0.38154019077444656,0.7952447037119714
30,75-84,12,0.37367537070603574,0.3214853443025911,0.13706701929916207,0.5577347530858568,0.08837188713140139,0.15132296028406794,0.02946303931709158,0.30124655078385987,0.5379527421625628,0.52063904298155,0.2765468891663023,0.7328272634379835
30,85+,12,0.5848060828970716,0.5369047036968747,0.2739362533383794,0.7149024467113488,0.07055210443834913,0.11079487786757455,0.01070360025308813,0.2517626281301249,0.34464181266457933,0.3500395772169117,0.18532805524441273,0.5796075824519097
35,16-24,12,0.18625202671165417,0.1907837877067508,0.06535393376217907,0.41640375543336794,0.08750475514011787,0.13755115453993016,2.22065489172846e-06,0.299840654815649,0.726243218148228,0.6583345583087121,0.4281954307901567,0.8448458288955595
35,25-34,12,0.20511474268170096,0.18955049742191293,0.07743621731220492,0.3547757551796721,0.09381582001951638,0.1460020665341054,2.7648516705663663e-06,0.2754090792865905,0.7010694372987826,0.6619045565244626,0.4704922549465088,0.8462801597401511
35,35-44,12,0.16396655764106885,0.1940568218373061,0.07272951812896096,0.42073369536233346,0.09120490606244595,0.14703934089880666,2.443998093520347e-06,0.3205175251563445,0.7448285362964852,0.6452161135683867,0.4000853933880922,0.8322250907492889
35,45-54,12,0.2257857818823741,0.2086277022121037,0.08395050037005042,0.4058380801443384,0.09284011744602655,0.15397339799519338,7.326146178553798e-06,0.28984403391723434,0.6813741006715993,0.626436849950102,0.35562029999584016,0.8138989974692619
35,55-64,12,0.2257857818823741,0.20695560822324288,0.07706832663404292,0.4015557630167668,0.09284011744602655,0.15216770704461471,6.472959723461433e-06,0.28506221208959837,0.6813741006715993,0.6388747115971396,0.42681332109408665,0.825295421091508
35,65-74,12,0.2257857818823741,0.20800575223884,0.08213401552819326,0.381063842304292,0.09284011744602655,0.1448440770578873,0.0171254878326009,0.3092193938481261,0.6813741006715993,0.6335784783486216,0.41248935503600154,0.8201861162858884
35,75-84,12,0.3332843172726518,0.2952190569392494,0.1192196386041408,0.4890877470323596,0.09309589236606763,0.15594571967599075,0.035884111820038096,0.28695930233337785,0.5736197903612805,0.5454627414655704,0.3229914511694774,0.7560427078608175
35,85+,12,0.5755458860191345,0.5375114839947108,0.27717202222890275,0.760794344858216,0.0720151298267611,0.12087493156417803,3.943815125297172e-06,0.2614308525002066,0.3524389841541044,0.33744523448185065,0.16799314635979293,0.5829247574149199
44,16-24,12,0.163842503209979,0.18535422143414498,0.07515583971717053,0.3758733944422124,0.08696142127161123,0.13940167782886775,0.013264489162033702,0.28020371485622075,0.7491960755184098,0.6699919895973673,0.4699827096007353,0.8415913543674536
44,25-34,12,0.1478607240047948,0.15813529735828996,0.07071855485722425,0.30540910407733085,0.09022695120917626,0.14679673322541653,0.025256077720942956,0.27882346199209135,0.761912324786029,0.6889824475772807,0.5104858431956152,0.8296335970850218
44,35-44,12,0.2157009811033792,0.2013512633027329,0.08023693745328735,0.40798595276952193,0.08985463738937863,0.14542431722802185,2.9253961006887253e-06,0.28288571387387346,0.6944443815072421,0.6412038032133506,0.3992852571845624,0.8163252719946157
44,45-54,12,0.16475799183035592,0.197278438675802,0.07979073615818026,0.3905201591991351,0.09049888709608167,0.1386031322535804,3.0464459926809405e-06,0.2670351717837388,0.7447431210735624,0.6604017327143714,0.45008940765255384,0.8276220293153648
44,55-64,12,0.2257857818823741,0.21048573223827904,0.07616247258099988,0.4042933143356329,0.09284011744602655,0.14945285068489494,2.716760717106786e-06,0.3221676814013695,0.6813741006715993,0.6332389480553675,0.3685659592545674,0.822362662112388
44,65-74,12,0.21495390853841845,0.19195926572236288,0.08380153481209707,0.35243855691949805,0.09300689301220673,0.14384641547188498,6.425443874625956e-06,0.2997001195119325,0.6920391984493748,0.6480768918937985,0.45890813644013284,0.8200072750267253
44,75-84,12,0.3159100519571274,0.2776018836643275,0.1130381535264023,0.5259291109763067,0.09356344234409038,0.1464622994729447,2.6467407203634977e-06,0.28646068290123733,0.5905265056987822,0.5761930618857687,0.342617209130179,0.7634612699661859
44,85+,12,0.5745599102461333,0.5299876120181294,0.25065464620232003,0.7267660343754103,0.07360487379319103,0.11488771189812622,0.012986022956946197,0.2624958208284567,0.35183521596067574,0.35471070975478913,0.18823584541575664,0.6103917537699866
68,16-24,12,0.22479329394452888,0.20556277464229905,0.07779559589647358,0.4380865628831288,0.0879465778603446,0.1437913943007485,1.8702800931330403e-06,0.2794631339125956,0.6872601281951266,0.6448862589771314,0.4326661270296017,0.8381484939668584
68,25-34,12,0.2045175100827165,0.18601214162147628,0.07146684410854477,0.3847762440948339,0.09645435650837421,0.15406108976842353,2.4688864184332826e-06,0.3190623591974524,0.6990281334089093,0.6556489870657045,0.42000119231875127,0.8473437737157068
68,35-44,12,0.2280702452144945,0.20675798338488854,0.0851751672632206,0.4315686560270124,0.0949938332294404,0.15586626519543673,2.6172421151451028e-06,0.3402532125533723,0.6769359215560651,0.6263183264086947,0.38079441908893047,0.807989621065022
68,45-54,12,0.18596306788858205,0.19793272840788587,0.07167033854736633,0.4491204992744774,0.09369301387711605,0.1494901711067267,2.4440830990558455e-06,0.3005723799805452,0.7203439182343019,0.6432013640313201,0.37865977198819917,0.8304903042636976
68,55-64,12,0.23014294051756473,0.20136302736132622,0.08690337928297152,0.40340798523774163,0.10051361484588217,0.14211878763996588,3.0659990379566324e-06,0.27126837358688766,0.6693434446365532,0.6481223630560158,0.437855937093332,0.8377344552835146
68,65-74,12,0.2240727961666708,0.19674283935200937,0.060518211480038636,0.3799637826724642,0.09972253452171102,0.1490217169737268,2.3504846714867693e-06,0.2794783311258333,0.6762046693116182,0.6479401601359549,0.45157004567841147,0.8179305722171247
68,75-84,12,0.3314668961879943,0.289229723857534,0.12582233284285171,0.48749875091020717,0.09343109268313222,0.14619670143369934,0.011132051137294607,0.28654926035153566,0.5751020111288734,0.5544594883545915,0.3722948462270899,0.7391888198623673
68,85+,12,0.5755038610512067,0.5282681315947957,0.22613789127059455,0.7319117997618657,0.07208288903650237,0.1250019128977945,2.7435215554759466e-06,0.29219734420790716,0.35241324991229095,0.3390709610520711,0.16481818576001597,0.6243439854962507
78,16-24,12,0.22504132986220274,0.21264979082652463,0.09522701127763299,0.3956837484396835,0.08694022218327598,0.14304343091184615,2.844453833776557e-06,0.2652682445579635,0.6880184479545213,0.6375143861508543,0.4206006206023605,0.8259361258178167
78,25-34,12,0.20476503047381067,0.19075985737639484,0.08016920837205542,0.374764545581919,0.09536082681031552,0.15393061462952046,6.327626887797269e-06,0.3312296258769592,0.6998741427158739,0.6440058225084839,0.4068523399832084,0.8168294575010091
78,35-44,12,0.21433462928755267,0.2032682761661801,0.08277207635188054,0.41062356453685894,0.09561992766533303,0.1573619975776987,2.267968536019431e-06,0.2969296256539819,0.6900454430471143,0.6321778061057632,0.33477422569029586,0.8373746838066616
78,45-54,12,0.2221247848479689,0.20307130789361713,0.07691825940736602,0.3992996400167089,0.09327912694325605,0.1455325741326023,2.592708741632407e-06,0.30138859202289925,0.6845960882087752,0.6419940330160989,0.39872775965132673,0.8429279668635469
78,55-64,12,0.2257857818823741,0.2050492452225158,0.08375691420703109,0.4005675090475335,0.09284011744602655,0.15569077347196428,0.028588826695601,0.28816014506570725,0.6813741006715993,0.6348077351266516,0.43003253973412586,0.8060465279458594
78,65-74,12,0.21467774937034972,0.20256526316577766,0.08069389701384444,0.3964057072423944,0.09417214031370004,0.15136587396473794,6.683503258592547e-06,0.27221088967581825,0.6911501103159503,0.6424912820931472,0.43067404850217555,0.8130690139413062
78,75-84,12,0.3159100519571274,0.27145832897392497,0.11293883444585591,0.49892491203828615,0.09356344234409038,0.14956362224342884,0.018229786992603535,0.3021891637392456,0.5905265056987822,0.5655814538028001,0.33098352320379987,0.7536786889875515
78,85+,12,0.5745599102461333,0.5226284698515905,0.23752673451963952,0.7501890120487009,0.07360487379319103,0.12167486983085118,2.7470566229788735e-06,0.27209189715090054,0.35183521596067574,0.3493850373646389,0.15699502372028404,0.6183361938995396
8,16-24,12,0.31206268476946974,0.264341768309579,0.11322627776754154,0.46819794142032123,0.08527387837305916,0.13924642981522567,4.854346344991049e-06,0.27623179959934324,0.6026634368574711,0.5890444293137123,0.3718038690746653,0.7600705556096187
8,25-34,12,0.30603481179017683,0.25457920797580597,0.10557799890727301,0.4929463631115749,0.09338556488813067,0.15161837442663106,2.9857046807837974e-06,0.3161922179872455,0.6005796233216925,0.5788046837548906,0.3437984928496087,0.7849859259939453
8,35-44,12,0.31037584662868417,0.2700162872805093,0.11128141193873986,0.4864073300316537,0.094163554897048,0.14266444220627375,2.1391031688864768e-06,0.26756221262102925,0.5954605984742679,0.5632599935891518,0.3978994706443006,0.78511279749215
8,45-54,12,0.31086513574674346,0.27267237994848104,0.13231957367169345,0.5305247776923063,0.09273555745412627,0.14264781278098482,2.500786668503956e-06,0.2866621022035082,0.5963993067991302,0.57414211227903,0.3255556788896477,0.761991812513899
8,55-64,12,0.3404676253643388,0.26921708111108167,0.12791183104445042,0.4891650106972426,0.09074864628076992,0.14674039744766648,0.02847637127544851,0.30516955413310337,0.5687837283548913,0.565132804036711,0.3199693272970591,0.7741348984633076
8,65-74,12,0.31259199762402473,0.2668781844440149,0.11198053116957844,0.5018902073208551,0.09250317696208793,0.1498764043340535,0.01570805628318169,0.32157696498868105,0.5949048254138873,0.5739757421503037,0.3177154181943922,0.7648339563453777
8,75-84,12,0.41482954926621673,0.36506844196869415,0.16584600293555934,0.6143589730243411,0.0835366441281624,0.14466215814449446,2.435838469678289e-06,0.29337423753106273,0.5016338066056208,0.4833397790226293,0.2742360952564599,0.7095707816227539
8,85+,12,0.5915077386334192,0.5444647980509346,0.2432055722503079,0.7519980384838826,0.07067275056466188,0.10785607194309643,2.3430384262640232e-06,0.24148605831712266,0.337819510801919,0.34218323188601774,0.16022351131483747,0.6087900589508406
9,16-24,12,0.21546153694606476,0.19875830741116512,0.07587201121129913,0.4032337040889216,0.0862690919286111,0.139125271359962,1.9425845444685326e-06,0.3017691287137949,0.6982693711253241,0.6543571071649457,0.373011236435945,0.8516932982413461
9,25-34,12,0.1660318135188707,0.1824856520390845,0.07097783524562272,0.4209125742745932,0.09489422229916773,0.15515585099939896,3.904529840565836e-06,0.3486380855345069,0.7390739641819616,0.6638939793490892,0.3469621808801078,0.8279752891342984
9,35-44,12,0.1851504376643317,0.19948266470781265,0.09369495373126722,0.38910330471807647,0.09765343708229754,0.15734265848661683,3.1500271491609253e-06,0.3007137887524241,0.7171961252533707,0.635531708222375,0.44271994103705437,0.8031126651887271
9,45-54,12,0.21207375375204418,0.19168388907737233,0.07600586563866274,0.3869065560649292,0.09558637466434912,0.1470464005344393,2.6874280279373135e-06,0.304409696578793,0.6923398715836067,0.6533264418366871,0.40007528933779435,0.838599910976196
9,55-64,12,0.22409986781021524,0.2082735382063531,0.08342351363125258,0.42195511504435235,0.095269474846346,0.15042877167153884,3.324127694303952e-06,0.27164333343992453,0.6806306573434387,0.6353645370066061,0.45072438178062035,0.8039753981591181
9,65-74,12,0.21550508025004628,0.20294255823007742,0.08989144239720587,0.4330412145789086,0.0906812365651469,0.1526446601488245,3.409717578684222e-06,0.29570858771093816,0.6938136831848069,0.6444320928368652,0.37356918051360194,0.8081460239031885
9,75-84,12,0.3443868443904248,0.2917587145366149,0.13098750638461595,0.5072592741705071,0.09154560684508008,0.15500558937453918,0.030450551008687328,0.31474561369910037,0.5640675487644952,0.5462050218048764,0.3358384387347085,0.7444420454322426
9,85+,12,0.5501787555240574,0.4692234703753211,0.19794235106423264,0.7201094763787557,0.07730497964790177,0.11821528967131827,0.015114955594388182,0.23076250243625254,0.372516264828041,0.39974228382349697,0.19833554709569298,0.656474654481183
91,16-24,12,0.22615999933438624,0.21594767313268776,0.09119239234017329,0.41529187252100874,0.08681472210667966,0.14111535379727863,0.009670826300605338,0.27204684178211136,0.6870252785589341,0.6347927210562583,0.4014078142428096,0.805001862837133
91,25-34,12,0.21858914815881278,0.20336312656237776,0.07156754780909198,0.3890245368980483,0.09370310381914682,0.15354055624021246,2.8713451863377545e-06,0.33088280548731397,0.6877077480220405,0.6372105722613067,0.369787380422318,0.8453997550139283
91,35-44,12,0.23004457931474642,0.20884093218656372,0.08644641363855506,0.43153994641955423,0.10089804794021694,0.1529353667044266,2.9925658279749986e-06,0.31784638411306226,0.6690573727450367,0.6214449286155077,0.37862362309654907,0.8078888246134093
91,45-54,12,0.21467774937034972,0.1989510155863718,0.08791621815930929,0.37187949870161385,0.09417214031370004,0.1490234006363731,0.027796695358644912,0.2771030311478549,0.6911501103159503,0.6444125181703277,0.4267833644574916,0.8060676518016565
91,55-64,12,0.2257857818823741,0.20047023563969946,0.08384840970871325,0.4193261903664917,0.09284011744602655,0.14905415618819284,2.7797740266874266e-06,0.2958081179369102,0.6813741006715993,0.6426606113635522,0.4212420433343736,0.8252727452167802
91,65-74,12,0.23043321128991417,0.2119783858304048,0.08179998282856958,0.4085490186940988,0.0993791259619333,0.15022439325473164,0.011476024549560288,0.30560616829366805,0.6701876627481526,0.6352125580231751,0.4167432768154872,0.8229366150657978
91,75-84,12,0.3391250525802825,0.2882176862747883,0.10196589879736923,0.48800568422736934,0.09228032963126956,0.15587299479342193,2.1958163506766697e-06,0.3115289191152916,0.5685946177884479,0.5452294219420879,0.3280098928626954,0.8090613490112044
91,85+,12,0.5783626689000861,0.5249788630325685,0.2690845954711978,0.7195999017580555,0.07233096876695481,0.12296677085683064,2.0537460881730105e-06,0.26039139340776835,0.349306362332959,0.339252366635623,0.1859463962469779,0.6048989759896671
107,16-24,13,0.22615999933438624,0.20114611834082108,0.09366285726670724,0.41415984939666,0.08681472210667966,0.13807692522277842,5.664932380897682e-06,0.25663955047138315,0.6870252785589341,0.6507498662168844,0.42629467790222114,0.8155054656350126
107,25-34,13,0.1746907640448071,0.17356567074843443,0.07781573025782582,0.37766089292847954,0.08942266628535331,0.14533570169961468,2.8091032237021216e-06,0.29481720283397594,0.7358865696698396,0.6652063969339665,0.46599577610858767,0.8212346954560166
107,35-44,13,0.2254300041578922,0.20489497721404054,0.09524573570694894,0.40108830419842134,0.09426955767058634,0.15442515617518499,0.036676731136277875,0.3251567685171851,0.6803004381715215,0.6290290805619179,0.3977106920273144,0.7852416557187656
107,45-54,13,0.2257857818823741,0.2042882289122428,0.08502254040567865,0.36443447588426536,0.09284011744602655,0.1558132718009115,0.028389188821957904,0.3732546827789085,0.6813741006715993,0.6400893938271413,0.38632397444557304,0.8025578717335
107,55-64,13,0.2257857818823741,0.20408153624421704,0.08648288356740018,0.3816454668998572,0.09284011744602655,0.14641003083287454,7.822333155340218e-06,0.303514801184928,0.6813741006715993,0.6390983214032617,0.4356190444042551,0.8219633046004119
107,65-74,13,0.2257857818823741,0.19596587385277736,0.07482933478301956,0.39269355424624536,0.09284011744602655,0.1479014676254411,5.455566798784085e-06,0.31909266373423173,0.6813741006715993,0.6476153211978565,0.4088678942891069,0.8330100240729152
107,75-84,13,0.3331251815940095,0.2962759669370294,0.14690401044082121,0.5100125578955484,0.09311811304932782,0.14837644441893763,0.015986526007843522,0.2900782488065217,0.5737567053566627,0.5470120851698853,0.32415319579999313,0.7465952636547064
107,85+,13,0.5749000486271837,0.5288808493755139,0.2201689433748786,0.7250886349071923,0.07305644962919737,0.1205672473187655,0.00946705622968179,0.2409145157225252,0.3520435017436189,0.34824900806236325,0.1962584793509878,0.6256041594461577
109,16-24,13,0.22656105126327786,0.20348389377316659,0.0874332291860194,0.39078143656735254,0.0851953609543432,0.1413376872195322,0.010665538855858567,0.277332212807106,0.6882435877823789,0.6418833216785054,0.43054207876684786,0.8262810928215935
109,25-34,13,0.1481332518096549,0.17020704993896535,0.07133812373334593,0.38522063478235896,0.08855011340402788,0.1437597751002021,2.629079560859609e-06,0.2967313338813435,0.7633166347863173,0.6726554624026457,0.42051398809529894,0.8458857340680404
109,35-44,13,0.22586415511376567,0.2022422530010115,0.08967081948082131,0.38003603072228,0.09252523025166107,0.14939493751774718,0.016161315702622227,0.29813906092222364,0.6816106146345733,0.6396251237265017,0.445374460787951,0.8145698403905518
109,45-54,13,0.22254806731382465,0.1971804831925945,0.07812958388513072,0.4063963461426736,0.09155127362309178,0.15313709326042385,8.250474039356006e-06,0.37688396215587283,0.6859006590630836,0.6395366333568013,0.3468403780548422,0.8316818083255902
109,55-64,13,0.2248051307882945,0.20674377906946745,0.08870067370164561,0.39717515268138215,0.09678016771808108,0.14928594322778233,2.5788643832896536e-06,0.3117615871945063,0.6784147014936245,0.6329646784085949,0.42902103830143,0.8402791151668402
109,65-74,13,0.22621401195464153,0.21715839447646468,0.0936045971487245,0.4257737031387023,0.09111957889472583,0.14520932725347857,3.1283222648674838e-06,0.33662043999461205,0.6826664091506326,0.6346021948648013,0.37220360057592444,0.7962551213328768
109,75-84,13,0.3327316247400642,0.29674075341201467,0.12125291777679224,0.4946377164738998,0.09418951083625139,0.14348393703749898,2.673930050098627e-06,0.3094339062718882,0.5730788644236845,0.5377219200360039,0.3360322149322313,0.7755199282233378
109,85+,13,0.5743670485010318,0.5401738196701843,0.2772271267528839,0.7684217780285273,0.0739158355876141,0.1160952745030999,2.418654393923819e-06,0.24248969567685924,0.3517171159113541,0.34334705943680527,0.1767229563812171,0.6121996615395003
112,16-24,13,0.16594053750834276,0.1959584639867909,0.0850456223586142,0.38260858076685395,0.07526978926909925,0.12649563646883366,1.905884066135492e-06,0.23946317984440377,0.758789673222558,0.6684843310299662,0.4640391483944915,0.8410668414118967
112,25-34,13,0.14998997828454977,0.1615358460682684,0.06306506256567247,0.34584023174411044,0.07712585103005924,0.1277601109326103,0.02839802053073965,0.27876932558245854,0.7728841706853911,0.6900023751633952,0.43879874431318777,0.8549490101034459
112,35-44,13,0.22760475607829714,0.20770789953089674,0.07664785955812292,0.42746529996848115,0.0811196253423202,0.14581960573667596,0.020574537097545212,0.29403772394414207,0.6912756185793827,0.6364228743247364,0.3964360122747776,0.8201101775273155
112,45-54,13,0.16633234604218855,0.20298925042503713,0.08363488838505392,0.3856587781216488,0.07809237309741031,0.1359164679518437,7.52401114418029e-06,0.24080217051250252,0.7555752808604012,0.6568554395771752,0.4518970696101177,0.8277889314721337
112,55-64,13,0.22786341844176156,0.20081114203510422,0.08242710540301555,0.4092706642989592,0.08007535995197726,0.12679421881760275,6.2680567021493565e-06,0.28334145020948664,0.6920612216062613,0.6542537970513941,0.4105962541692531,0.826290661325974
112,65-74,13,0.22786341844176156,0.2064769079291192,0.07785371590638764,0.43075394010431145,0.08007535995197726,0.130527618502425,2.146681812254099e-06,0.27279557903347207,0.6920612216062613,0.6528214791268974,0.3864582873427107,0.8548591632557132
112,75-84,13,0.3357959294495873,0.3029609894944336,0.12807190967877177,0.5447998382705006,0.08159109599316153,0.14124907676691434,0.01579913714436763,0.2930578256647883,0.5826129745572511,0.5494753050382668,0.29367789448788634,0.7645036132816436
112,85+,13,0.5799074549447205,0.5207372476580796,0.21129300786824054,0.7257997687180764,0.06498272794277474,0.1089829745794813,0.026237012960305284,0.22281766862960048,0.3551098171125048,0.3658782260430096,0.19749607312576004,0.651373353057728
114,16-24,13,0.22615999933438624,0.2065430288063963,0.08116759577019822,0.41134668882641623,0.08681472210667966,0.14731732300711387,0.010295942741025795,0.2659090609602058,0.6870252785589341,0.6422752285020721,0.42626863144903565,0.8238162940110549
114,25-34,13,0.1478607240047948,0.16603419126565955,0.06935786597799969,0.3350762718367401,0.09022695120917626,0.15187778093797633,2.418501823854934e-06,0.28648655758759417,0.761912324786029,0.671890617823059,0.47791119507627383,0.8373792287653663
114,35-44,13,0.21227697337944387,0.18652869175187103,0.08325877408948587,0.3316908816260357,0.09471972050887636,0.1488722387013785,5.696610401971342e-06,0.29174339838820235,0.6930033061116797,0.6549996056547238,0.43772296445997977,0.8266717520329657
114,45-54,13,0.21467774937034972,0.2021367669847667,0.08298122439144695,0.3670862912856405,0.09417214031370004,0.1515740309791478,0.029242038085348865,0.2939127554496538,0.6911501103159503,0.6403369594383371,0.4424841609891566,0.8231450389057139
114,55-64,13,0.2257857818823741,0.20537657408324664,0.07557304916982749,0.40028046660915984,0.09284011744602655,0.15455687904374343,2.225107214724569e-06,0.299382177406648,0.6813741006715993,0.6290927692742402,0.4230286786726692,0.8342831330296392
114,65-74,13,0.2257857818823741,0.20052144783097614,0.07765201862932894,0.3961858624031787,0.09284011744602655,0.13819380933574332,2.876891727975525e-06,0.2846368423802351,0.6813741006715993,0.6506337678625523,0.43400165985014705,0.8390059265301968
114,75-84,13,0.3427331997344479,0.2979468012295718,0.114412070495051,0.5120145005065917,0.09177651115540739,0.1483977618127667,2.1137611881832753e-06,0.3156612609670257,0.5654902891101448,0.5477804607912823,0.32526967723613226,0.7630364808253979
114,85+,13,0.5749000486271837,0.5252593897099966,0.284236732895014,0.7368924564008801,0.07305644962919737,0.12393241350088624,0.017111626458225688,0.26958292141448154,0.3520435017436189,0.3452216455498396,0.17574703841665668,0.5589705983228684
117,16-24,13,0.21427512102099386,0.20092479860863877,0.08681263045916308,0.38457005184256643,0.09130045351607056,0.14644249615565905,0.027602471012589558,0.32501842955295124,0.6944244254629356,0.6465389472828664,0.4036309933674766,0.8122947325062257
117,25-34,13,0.21776346464370386,0.18452881914525646,0.06877190538279147,0.36555569738822324,0.09712648697093643,0.15126365748891163,2.413907700286052e-06,0.2882400700762575,0.6851100483853597,0.6579524616917446,0.44483903046772394,0.8621000129068902
117,35-44,13,0.2230741819734074,0.20852612864168554,0.08139265228241903,0.42728931891440763,0.10373475675610108,0.15749272010547316,3.4972292585192394e-06,0.31142382188531714,0.6731910612704916,0.6278658229612352,0.4243742051143537,0.8132267092357169
117,45-54,13,0.2234616518919089,0.19605187046799954,0.0852950338113089,0.4186745923195868,0.10217798394768683,0.15098850376728085,2.981867326122932e-06,0.2794203874025326,0.6743603641604042,0.6398565541651606,0.4429479508866852,0.8253172894585973
117,55-64,13,0.2234616518919089,0.21185565050139327,0.09654113060263947,0.395135202687592,0.10217798394768683,0.1560889833999739,0.0357919844260245,0.37783210223908725,0.6743603641604042,0.6259642205162431,0.37723784664651583,0.7913210333633147
117,65-74,13,0.22494073963911349,0.20010314448503463,0.0892231360628819,0.4097841459406693,0.09623531981775435,0.15381519119315296,0.011766667342994244,0.2796514410995377,0.6788239405431322,0.6413392019480548,0.38238614523297426,0.8059658504539585
117,75-84,13,0.3336617468880273,0.28403517671540757,0.12600982339972555,0.4855997918654889,0.09626422757956941,0.15171250231841987,3.868256419623005e-06,0.30296708488655033,0.5700740255324033,0.5504264601418103,0.30960938171026753,0.7747190984067144
117,85+,13,0.5732055408665611,0.5218095617925005,0.23019966119225657,0.7320697302997057,0.07578859940638598,0.11858007583081462,1.8696012129363844e-06,0.2675783088223577,0.351005859727053,0.3470217267732263,0.1655679340604513,0.619703372601055
122,16-24,13,0.2125970425167942,0.1966309749120675,0.07207915529296607,0.37011869574332246,0.08875639054383362,0.13585518499969546,2.277583430781355e-06,0.2842165469917396,0.6986465669393722,0.6565852479865264,0.46994898969999244,0.8382779559732414
122,25-34,13,0.18926855657529673,0.17557591235949593,0.05853396790598667,0.3874240930958335,0.0902795586344797,0.15102833963747736,2.518487820634339e-06,0.3076632718522724,0.7204518847902236,0.6601396388721377,0.38361920248347026,0.8527603990768586
122,35-44,13,0.2254300041578922,0.20727833190193987,0.08498680045089492,0.4454284586849693,0.09426955767058634,0.15267743062476957,2.8499045525192918e-06,0.32518288303481513,0.6803004381715215,0.6316735949165666,0.3711945634071465,0.8059920240717775
122,45-54,13,0.2221247848479689,0.20904527215631657,0.08040312592837741,0.4056107851287728,0.09327912694325605,0.14236042384480468,2.1527833724302023e-06,0.28291338682546857,0.6845960882087752,0.6349475998414753,0.43335277559513524,0.8450682316084771
122,55-64,13,0.2257857818823741,0.19747059533026756,0.08855640446744542,0.40133121061934013,0.09284011744602655,0.14343375968084293,2.766043307114281e-06,0.3023038602791463,0.6813741006715993,0.6577092805827722,0.3662048884974753,0.8327462408981675
122,65-74,13,0.2257857818823741,0.2025002352933859,0.08476801659833323,0.4329067109851366,0.09284011744602655,0.14954986757657965,6.865511907948193e-06,0.3211629488335795,0.6813741006715993,0.6340062457437637,0.37842960248255014,0.8060248931277721
122,75-84,13,0.34191462268939576,0.2838520035590565,0.11784993610993004,0.520878721695107,0.0939456937741946,0.14921298579876363,2.2880316541218497e-06,0.3224238886958352,0.5641396835364096,0.5427370220834136,0.3337415307565307,0.764058461246013
122,85+,13,0.5749000486271837,0.5299914237825066,0.2667880450602203,0.7119778895351203,0.07305644962919737,0.11774138872053322,4.647233738096837e-06,0.2834360165092612,0.3520435017436189,0.34781239128343555,0.1633994390676251,0.6106187368931282
126,16-24,13,0.23773300302253259,0.21583866360375448,0.09317035318049317,0.43988903102596083,0.09069828339509724,0.14100914640817042,0.009971419298226352,0.29256484965876484,0.6715687135823701,0.6368264806227479,0.39249779213391667,0.8031773637480407
126,25-34,13,0.23025276259472124,0.19024104948478243,0.07731695110869831,0.3882381462897084,0.09230445818756995,0.15071258484285424,7.710496773921913e-06,0.28176293212599274,0.6774427792177088,0.6493057492457401,0.4478010600460501,0.8327181318884928
126,35-44,13,0.23685967625999663,0.20934558953622762,0.09415183297920456,0.3863716663185068,0.09844255738550009,0.15367859194930825,0.04277943944471632,0.2804184646292475,0.6646977663545032,0.6375330956324985,0.39586172785415646,0.7959867581866568
126,45-54,13,0.2430073743450232,0.21316418935507672,0.07410338053493422,0.39956654243531725,0.0997664287337362,0.14815834504230696,2.3079678560704533e-06,0.2937215941590811,0.6572261969212406,0.6295166149580376,0.4344002168209784,0.818334631625768
126,55-64,13,0.23725006737554785,0.2098108916105435,0.08985331169217593,0.41738151937576173,0.09695661422576436,0.1481021313083329,0.0272695407088748,0.36482529515804774,0.6657933183986878,0.6357921787980858,0.3625354664979018,0.7960498459205733
126,65-74,13,0.2430073743450232,0.2225117983216876,0.07424631891885393,0.4058542888769858,0.0997664287337362,0.14814998794673023,6.3502952573352845e-06,0.28202717833177166,0.6572261969212406,0.6208255733609787,0.39676327773704717,0.8223220862555273
126,75-84,13,0.33272499824446594,0.29617164336916313,0.11819719855810679,0.5329012732360754,0.09317399207992658,0.14751294512009672,2.705980910557384e-06,0.35467192843404916,0.5741010096756074,0.5477794344695013,0.31455077065427295,0.7580006479193212
126,85+,13,0.5714945491404506,0.5337256639957275,0.27403192655232106,0.7182248048431648,0.07611753648477515,0.11762487061594043,3.304557502683052e-06,0.2336330885117705,0.35238791437477424,0.3400303014531436,0.18418722927818298,0.5989585853334034
129,16-24,13,0.22504132986220274,0.19986631364343566,0.08638393390320455,0.3883110206676343,0.08694022218327598,0.146389193164629,0.009536555930626828,0.2711823081750535,0.6880184479545213,0.6504446402837845,0.4416398942500011,0.822235547446816
129,25-34,13,0.21858914815881278,0.19129665068681156,0.07919676734846325,0.3679840490650944,0.09370310381914682,0.16111270164016517,0.028529524834364123,0.3019953485640677,0.6877077480220405,0.6412640768938792,0.4170152489526965,0.83233633064653
129,35-44,13,0.2254300041578922,0.2137265080029329,0.0778633779982155,0.3822174498141063,0.09426955767058634,0.1526266647464372,0.011931897132779513,0.2948315101438941,0.6803004381715215,0.6319175666140027,0.40973687189966745,0.8128624039408653
129,45-54,13,0.2257857818823741,0.20879068483785865,0.08828876402638966,0.37746946556187416,0.09284011744602655,0.14789523783741643,0.016857336887740614,0.28180767316856864,0.6813741006715993,0.6399288431210979,0.43798785078993874,0.814411903985388
129,55-64,13,0.22435318382211444,0.204230721939896,0.08647209343530318,0.44070808066138756,0.09859599577130232,0.1592353802932958,0.010460510244199882,0.3463776200992732,0.6770508204065833,0.6295441308849984,0.34045997721208043,0.8184196534745763
129,65-74,13,0.2257857818823741,0.21419071373696744,0.08482158722264918,0.4285163814224404,0.09284011744602655,0.15879724544550874,5.995178723994973e-06,0.3300473304487807,0.6813741006715993,0.6299900166652401,0.37067700589764907,0.7984870611718261
129,75-84,13,0.34191462268939576,0.2922986870441515,0.11311523238851552,0.5369886337907503,0.0939456937741946,0.1464681002154409,2.086560184972218e-06,0.3025492282195661,0.5641396835364096,0.5434779646166968,0.32939797680085925,0.7514724511988922
129,85+,13,0.5749000486271837,0.5189952668480433,0.26742744105703076,0.7667403508892688,0.07305644962919737,0.11483696919216368,1.6589595375217952e-06,0.2578767881173787,0.3520435017436189,0.3551939176878265,0.17438604193578455,0.5971489893165621
135,16-24,13,0.1535407667082919,0.179682786801651,0.07830716990991345,0.34202990038175807,0.08560441393066553,0.13245705956102774,0.023130335156317707,0.2564438775080014,0.7608548193610426,0.6755989830893994,0.4773918304457902,0.8509957544114607
135,25-34,13,0.13926392114282027,0.1530283697324744,0.05881266764473535,0.3501503323327242,0.08982554141307915,0.1526840215898984,2.208254061480455e-06,0.30458762662075695,0.7709105374441007,0.6893357573179639,0.41358738807638157,0.8691500245603023
135,35-44,13,0.19427331076281035,0.18636494138427778,0.07766664540066107,0.34434725764233226,0.09235225262465893,0.14281486612420158,8.721508326485622e-06,0.29483517123877856,0.7133744366125309,0.6631300416548962,0.44440740359174935,0.8110082029884066
135,45-54,13,0.16660123515929,0.18699646645445772,0.07790935694824452,0.4268086403585761,0.09157225953261662,0.1430319779712102,0.01620734374515393,0.27901007404984224,0.7418265053080934,0.6584615464061123,0.3736146410430313,0.8206046486165619
135,55-64,13,0.20371968841140722,0.19385803711091587,0.0823316914073213,0.3624870914794412,0.09169831195114422,0.14725838739596625,0.025644988384416575,0.2903910674258321,0.7045819996374486,0.6549588155200377,0.41785995453379554,0.8337333156965318
135,65-74,13,0.20371968841140722,0.18599271443048102,0.07654751854977053,0.3792172141870714,0.09169831195114422,0.14557800922340114,0.011520350490374177,0.3069016174692445,0.7045819996374486,0.6673845304242905,0.44539231455235834,0.842991590460372
135,75-84,13,0.31580238280594164,0.28327970297411487,0.11507376976288221,0.5273644297627513,0.09557991403874912,0.14878696477306683,2.4176998544497053e-06,0.28613464085820467,0.5886177031553093,0.5592187989772102,0.31104414583637735,0.7762711443242646
135,85+,13,0.5555539318063347,0.519726528097728,0.24855783617494237,0.7434174119740111,0.07898307662906894,0.1182186130721529,2.268301546996379e-06,0.2774702201566796,0.36546299156459633,0.35206891622630665,0.1459387360572985,0.6036107482909
136,16-24,13,0.16397308729739704,0.19582929911000835,0.07571275817325755,0.41430317092413127,0.08623372053923213,0.13541497167349315,2.7304458306650273e-06,0.29507329452388326,0.7497931921633708,0.6580433685856317,0.42194141489336195,0.8158727682700356
136,25-34,13,0.20565403230974177,0.1922690958887315,0.07185106837071094,0.379291777707296,0.09143327197363313,0.14919270159050346,3.0299451529801695e-06,0.3505974311599777,0.7029126957166251,0.656671838718502,0.4084662448823366,0.8082633795501031
136,35-44,13,0.22431389883397362,0.200692873439061,0.08359855074982916,0.36677920268083813,0.09440539401302715,0.15263013512148776,7.607168954575073e-06,0.28008518639663926,0.6812807071529993,0.6339335312090361,0.42396003483667616,0.8015612300790524
136,45-54,13,0.2257857818823741,0.20113035065792395,0.08222002505545323,0.39651619685690537,0.09284011744602655,0.15204884605634295,2.9438663706458e-06,0.28775055402958716,0.6813741006715993,0.6380998809932439,0.4142212872028181,0.826724671908663
136,55-64,13,0.16408069866805014,0.19965373818386284,0.07909637265789086,0.39579164268883765,0.090572272147153,0.1431994583141571,0.010741339186965801,0.3057101850213246,0.7453470291847968,0.6475893163817841,0.3678270019236651,0.8277938850369141
136,65-74,13,0.2257857818823741,0.2078810041999309,0.08114166674167592,0.42889445574627283,0.09284011744602655,0.14621783044467485,1.7656724578550808e-06,0.28268166237758086,0.6813741006715993,0.638371124626567,0.42560090312483884,0.8253635421964698
136,75-84,13,0.3314982700474326,0.28062322112078253,0.13872662901418437,0.5392351814353098,0.09334528452009577,0.1487887340206046,0.017469408607502124,0.2889414323436271,0.5751564454324716,0.5563023843817778,0.33633665554765574,0.7421110204942728
136,85+,13,0.5749000486271837,0.5227294137351866,0.25024000514321726,0.7165806886873355,0.07305644962919737,0.1240772451750386,0.024706145470284623,0.26217083391811036,0.3520435017436189,0.3557411658199374,0.1731452056781149,0.6049127284219289
139,16-24,13,0.20479253084105384,0.1908959404563801,0.08646332408703117,0.3796562419874515,0.08848043600161401,0.1398016822934243,0.023602310005277103,0.2698466472887725,0.7067270331573321,0.6669304306890025,0.4567482173368244,0.8143426015576158
139,25-34,13,0.14719777492774427,0.1549555116305934,0.06404393474642497,0.3805742035984987,0.0902971461593613,0.14820091676527175,3.2724271400184877e-06,0.3626049360753723,0.7625050789128944,0.6871446529031918,0.3973040801259745,0.8419936486339896
139,35-44,13,0.165251294670553,0.18947848550083612,0.07216609795962987,0.40765732801222143,0.09181383729415074,0.14467379641786401,2.5854725792418345e-06,0.3041722558522386,0.7429348680352963,0.6514348542171251,0.375964565032001,0.8482013693274748
139,45-54,13,0.2044960507516785,0.19580838515012045,0.08357519210116007,0.4080208911671596,0.09303852979761051,0.1434137719348684,2.9884675266383524e-06,0.2812840562337761,0.702465419450711,0.6519548761540477,0.44330253117025237,0.8146547259828743
139,55-64,13,0.2039504080540814,0.17945222026899077,0.07202943153861818,0.3756189008685967,0.09545851248871305,0.15084147988203744,2.215123173569518e-06,0.31144403680712013,0.7005910794572056,0.6654936836964113,0.37870582591626584,0.8454907584571908
139,65-74,13,0.16349469368808678,0.185108851067597,0.07374389055674913,0.397442682276892,0.08989494047979268,0.1518601239644951,0.011271166374326265,0.34286100756374427,0.7466103658321205,0.6577862956648859,0.3211070271466654,0.8330537835024358
139,75-84,13,0.3172919621280343,0.261827654801821,0.1110086657645672,0.49492328439018474,0.09532896204148442,0.15262805547016794,0.010043311719726668,0.31653833761631217,0.5873790758304812,0.5654741372965885,0.326815832471519,0.7787475677229995
139,85+,13,0.5589848981916783,0.511219448631309,0.24418356149976972,0.7107772387856273,0.07579158140791852,0.12239804894196661,0.0232030487373773,0.25606853198086593,0.3652235204004032,0.3639418859222748,0.19727269369843006,0.617520503582205
142,16-24,13,0.22642358095384257,0.1974840086981568,0.08601424073308121,0.40275936723243316,0.08575043640134183,0.13447755833850467,2.0198190018016717e-06,0.26231211266296817,0.6878259826448155,0.6636611923114031,0.43777235530655073,0.8207483032233501
142,25-34,13,0.1487164026419353,0.16889709702291406,0.0673055105793663,0.33906150456826,0.08496204149271039,0.14336686569241308,0.023934823028485167,0.32119020806526766,0.7663215558653543,0.6766474482648213,0.4420431862692225,0.8362644890830448
142,35-44,13,0.21437112737669653,0.2067762207599364,0.0902620589140331,0.39157284056199443,0.09546592481189906,0.14757945871405162,0.011154201466343324,0.2886483602196292,0.6901629478114044,0.6418050970107863,0.454106802267536,0.8136268485733977
142,45-54,13,0.21628205889762098,0.1988693727843153,0.08209947633193501,0.39567711379893467,0.08740279290985961,0.14988811525873114,2.247651296331165e-06,0.2910406455699932,0.6963151481925193,0.6441110049922181,0.4260266671138231,0.8322172353623543
142,55-64,13,0.22606721380069075,0.20465003081838723,0.0856670419056523,0.4051459196042311,0.09170938306656913,0.13881629753610766,2.596702173530609e-06,0.2921494172001484,0.6822234031327401,0.6436233956761436,0.42766166218733687,0.810551113428598
142,65-74,13,0.22606721380069075,0.19717149066792,0.08451272597176475,0.3870771826474061,0.09170938306656913,0.14250335996969182,0.01776737815482519,0.27953246187970615,0.6822234031327401,0.6583327440156099,0.4417928489264249,0.8109888154853241
142,75-84,13,0.3441253601568436,0.2961625258469979,0.10916644894607112,0.5109574030330548,0.09223537332311747,0.15278378097559367,3.4927121770500394e-06,0.29506082778597426,0.563639266520039,0.5452886236417633,0.28119398506421805,0.7703471278415849
142,85+,13,0.5751275474214497,0.5253225412474614,0.269631900708038,0.7168371277221963,0.07268964058027572,0.12235001051790664,0.009183783040459838,0.2828548319184225,0.35218281199827467,0.3439904961656688,0.17888876333955042,0.6236757243508372
147,16-24,13,0.21340955340746046,0.1983787899197204,0.0571829308349673,0.42990479148931865,0.08824515529562077,0.13917125501274233,1.94623061242918e-06,0.2800452280145933,0.6983452912969188,0.6563196576233875,0.38088854229594904,0.8711404588821107
147,25-34,13,0.1475622427454376,0.17157128805984467,0.05902579473716725,0.390792740585917,0.09206347816493139,0.147419355880908,3.3351054400941815e-06,0.29281593330444045,0.760374279089631,0.6655105062445956,0.4222177613093433,0.8480824803971999
147,35-44,13,0.16264418997676144,0.1929725120435405,0.08478401592890202,0.3678641615438505,0.09134916634258843,0.15161481719226166,7.98019373592602e-06,0.28280276313964964,0.7460066436806502,0.6538238453645604,0.43566123040852756,0.8205422249499791
147,45-54,13,0.2229870796655079,0.1994059528833776,0.08044274241245625,0.36812465618651086,0.0931757246157606,0.14994042537003371,3.091899637805957e-06,0.27204972501525193,0.6838371957187315,0.6420322159833143,0.4808342585542933,0.814521425352972
147,55-64,13,0.2226735190886127,0.20613296168322137,0.0864856387293828,0.4047901360017857,0.0988095055975627,0.1473226340345451,2.3687993650113585e-06,0.2757776206285907,0.6785169753138247,0.6325541817213783,0.43004987788316656,0.8220168638780408
147,65-74,13,0.2240984904906958,0.1923972495146573,0.07703428352880426,0.39544704531855823,0.09304244947158653,0.14758588829686448,7.381452921741026e-06,0.28884359839365675,0.6828590600377177,0.6487567907655718,0.4071914411315584,0.8327602582077196
147,75-84,13,0.3293570587406139,0.2805975550878365,0.11196601953116718,0.47556001228570355,0.09364426950352556,0.15408975191445357,2.235286506190376e-06,0.3102892434423506,0.5769986717558606,0.5511170467862826,0.3419417046895335,0.7779459699921043
147,85+,13,0.5708187864752428,0.5340803886167094,0.25249785186393325,0.7243485175197103,0.07623757553963624,0.11895089748017525,2.0662586483462967e-06,0.28834440929697225,0.352943637985121,0.3371480667430752,0.18482323418126537,0.5891906534352318
160,16-24,13,0.21595641758498402,0.19839444355254582,0.06864459069291744,0.3964554522508509,0.08417039838917065,0.14430000651283656,2.595329519652175e-06,0.28859741528799904,0.6998731840258453,0.6509264413544571,0.45171327725965066,0.8352916692814583
160,25-34,13,0.1478607240047948,0.1750354179299491,0.06334022835102465,0.3467078969569868,0.09022695120917626,0.15287902891814725,0.03187956494467337,0.28200793424658976,0.761912324786029,0.6691641247747945,0.46454297324940613,0.8414437087041854
160,35-44,13,0.2254300041578922,0.20768648714086527,0.07550768894848155,0.3907299320048705,0.09426955767058634,0.15131905965144155,2.9993044250882965e-06,0.3549484594798659,0.6803004381715215,0.6346487263288649,0.39892088413754806,0.8125956826260428
160,45-54,13,0.2257857818823741,0.2061207864110181,0.08685404715983881,0.38537183024687277,0.09284011744602655,0.1497389319997086,3.0726870357981802e-06,0.2911609691622876,0.6813741006715993,0.6374721170073108,0.4357639326095066,0.8236933339144732
160,55-64,13,0.2257857818823741,0.19764612194750877,0.08094806195167706,0.35696559769336206,0.09284011744602655,0.1515150977717696,2.5522914915119017e-06,0.2770419112119876,0.6813741006715993,0.6371375755960367,0.4712811265514606,0.8489335164510892
160,65-74,13,0.2257857818823741,0.19997770340702295,0.0816388721435248,0.3723341970748406,0.09284011744602655,0.15108407680268643,6.702616605169198e-06,0.27590654644892904,0.6813741006715993,0.6351613450516731,0.44997980489419287,0.8296671305259916
160,75-84,13,0.3349156028421936,0.2993605587609084,0.127671171984415,0.5345679895564465,0.09286811013484855,0.1456307700882844,2.2672007623269485e-06,0.3040807621123743,0.5722162870229578,0.54826294395297,0.3148337159391582,0.7835820062164702
160,85+,13,0.5749000486271837,0.5253763252408175,0.26604469814195963,0.7329750504478807,0.07305644962919737,0.11327007100125214,0.01234173595764345,0.26647181693529726,0.3520435017436189,0.35520329718133026,0.1812272021102408,0.5859862646033654
17,16-24,13,0.21503866988512135,0.20458013332240593,0.07744014279537687,0.40344282622253547,0.08806238974438811,0.1399065534954155,0.010792374880148824,0.28048323665101027,0.6968989403704906,0.6576324584929696,0.415925784635085,0.8344962855370347
17,25-34,13,0.1742045579059591,0.18132191076780518,0.0725401431086953,0.40029650705949094,0.09195702058833383,0.14618654316258994,7.073061805137667e-06,0.32290844526220697,0.733838421505707,0.6686851812229636,0.36221477785850165,0.8471475806506813
17,35-44,13,0.21433462928755267,0.19853219908460165,0.08320038594723546,0.40764963838930945,0.09561992766533303,0.14556572338928508,2.374631882020445e-06,0.2969184714859998,0.6900454430471143,0.6485133821498854,0.4000389914133459,0.8371462531171594
17,45-54,13,0.22435318382211444,0.19533235917460912,0.08310854104455005,0.4006470063521287,0.09859599577130232,0.14492080962653503,3.4447536376063107e-06,0.29069053767371406,0.6770508204065833,0.6482370373174113,0.4297756910533565,0.8316616774186426
17,55-64,13,0.2257857818823741,0.21146698266023428,0.08039892291733693,0.40610106833070125,0.09284011744602655,0.15130076812081222,6.630660485044128e-06,0.2936279565008983,0.6813741006715993,0.631981894143081,0.4187307863165318,0.8167920328539539
17,65-74,13,0.22435318382211444,0.20469956544803147,0.08177198692854826,0.4057813322452245,0.09859599577130232,0.15356114424712763,6.290582272116502e-06,0.30046138563322206,0.6770508204065833,0.6360976446995241,0.41790993682769156,0.8176912516738006
17,75-84,13,0.3349156028421936,0.2884767993684296,0.1351343979303223,0.5273604764127844,0.09286811013484855,0.15241160888333244,0.03345709625458012,0.3088004557016557,0.5722162870229578,0.5459278311389599,0.30429826649109365,0.7594330926576215
17,85+,13,0.5749000486271837,0.5111897825232787,0.2171229538831457,0.7447506046964678,0.07305644962919737,0.11788096299283983,1.7136078745532861e-06,0.2876199476430907,0.3520435017436189,0.3626959267114195,0.1699778465349363,0.6092139951013315
171,16-24,13,0.2614460447082826,0.2459891659714729,0.10446845086956896,0.4792536383664305,0.10344526852811889,0.15420027433178868,0.016371546516437043,0.30659964597647216,0.6351086867635987,0.5855010190890422,0.348748968314364,0.7675051124676724
171,25-34,13,0.24260790510140282,0.2170729214691046,0.09410158426598979,0.4330790776138328,0.11112440847501731,0.1590376639073029,0.012064083057660673,0.32789878766104086,0.6462676864235798,0.6130490852452692,0.3698034244171947,0.7965577183077734
171,35-44,13,0.26074057424426916,0.25241314165228224,0.10400921442572643,0.4736799588072636,0.11003336215579324,0.15603561888291229,0.015662722111111298,0.30119500181353853,0.6292260635999376,0.5713377710506914,0.33017431029712646,0.7826016117579679
171,45-54,13,0.2610772347111146,0.2583431638182524,0.10254089971310348,0.48504190858477153,0.10888426372858494,0.15519201497687807,2.409304045953792e-06,0.3367721137520046,0.6300385015603006,0.57986106079697,0.29260844771569255,0.8113445029441047
171,55-64,13,0.2610772347111146,0.25717871896607747,0.10684106090189241,0.4603774232329152,0.10888426372858494,0.15291921977686734,2.297787698288317e-06,0.30069697726377664,0.6300385015603006,0.5815391020232399,0.36868504242005834,0.7747224396425161
171,65-74,13,0.261221018710749,0.25165886435180906,0.11934509021428745,0.42236766672239223,0.10839349637064183,0.16314527813152685,0.01094872509019927,0.3050420145374269,0.6303854849186092,0.5796922875281896,0.3832674086635202,0.7687347788990571
171,75-84,13,0.3979290049474013,0.34350909842369304,0.16108848845892926,0.5653571127070811,0.08600386309763311,0.14887218347646144,0.015844527462614316,0.2951438591421308,0.5160671319549656,0.4986189434312987,0.2755789309702413,0.7017314472985727
171,85+,13,0.6064849546627373,0.5736153577421192,0.28225692077318926,0.7885169571546348,0.07443528097378997,0.11724055322893503,1.9928992872946176e-06,0.2548037581590264,0.3190797643634728,0.29985403447863285,0.14057403224200168,0.5539366858374637
196,16-24,13,0.22933274419594,0.20110156359062062,0.08004112442974856,0.4062857296630536,0.09864659575090959,0.1520235239087569,5.9475912058039865e-06,0.2789763886201482,0.6720206600531505,0.6400269643398817,0.4331665185381462,0.8453492852607065
196,25-34,13,0.22147458481371313,0.18855985751202814,0.08374746415906627,0.40769243258482635,0.10638679479896647,0.16193980081958986,2.7918073804807655e-06,0.31769986846486314,0.6721386203873204,0.6282429768787903,0.41414374540186893,0.82220109510699
196,35-44,13,0.23444679904605464,0.20755603394416422,0.07924546534300768,0.40095819844557695,0.10781161891476883,0.16108861076095682,3.1108512776959374e-06,0.28449311128547095,0.6577415820391765,0.6200570481897902,0.43762002608466116,0.8033869035615463
196,45-54,13,0.23168044427721027,0.20957936624371293,0.08186314838816927,0.3886149179861001,0.10499214710306518,0.15618460156751207,3.2442966531802237e-06,0.30071666339241476,0.6633274086197246,0.6320955912556929,0.4317342159093924,0.8368611889973586
196,55-64,13,0.23168044427721027,0.20588003392128235,0.0788199866735651,0.392551184580804,0.10499214710306518,0.16753220300864785,2.999514794072555e-06,0.35298849517737674,0.6633274086197246,0.6162904658230115,0.3662079921899968,0.8112313663624182
196,65-74,13,0.23428049146834515,0.20039262876375152,0.07868530153167837,0.44881518694464617,0.10844450317304233,0.1635984931385952,3.018376181470471e-06,0.32042328262979686,0.6572750053586126,0.6117686802135207,0.3651682761246906,0.8148397808929512
196,75-84,13,0.3427077416739724,0.2939432519281293,0.12456094426925207,0.5217827384827112,0.09811036403250337,0.15579899462429056,0.034521664398511606,0.30445015530698066,0.5591818942935242,0.5376674207722405,0.3005922842950045,0.7427557418487036
196,85+,13,0.5748613999376548,0.5254899225551972,0.2536039428603056,0.7380657586853383,0.07445798570758423,0.11623436052039082,2.9384907423645037e-06,0.2492161379020879,0.3506806143547609,0.3422896620961953,0.1724039805446748,0.6268120080810314
201,16-24,13,0.14262595641982445,0.16076078470779395,0.06059674391110505,0.3225701993946105,0.08480084835616021,0.13717912972867172,0.025937556053927613,0.27664598393810724,0.7725731952240154,0.6950353894984782,0.4720115022585076,0.8394118218803135
201,25-34,13,0.12970838673387078,0.14532943667196888,0.05644024685401099,0.31541722375679976,0.08542402290501094,0.14957133008315993,3.2247028559420083e-06,0.29327457398508455,0.7848675903611182,0.6938248147603752,0.47096944756659576,0.8617819739515318
201,35-44,13,0.14279145869373314,0.1816699263762953,0.06881698760324031,0.382468795712061,0.08882968554719328,0.14474002791724278,0.010843959879109013,0.3171845430492897,0.7683788557590735,0.673112844337764,0.3866503802361766,0.8440037138365268
201,45-54,13,0.1430037911430233,0.14912423221272525,0.052520201296971686,0.3325636223269733,0.08747476539749989,0.14941181049004287,2.9747636003948008e-06,0.2770472230402003,0.7695214434594768,0.6834854079457168,0.4572312974921977,0.8713760667117805
201,55-64,13,0.1430037911430233,0.17572131923071038,0.06486604703775957,0.31989905635912624,0.08747476539749989,0.14788232015703015,2.737065087311408e-06,0.29752363256768793,0.7695214434594768,0.6676374095395154,0.47645706504743296,0.8598817502278788
201,65-74,13,0.1430037911430233,0.17479453451819268,0.07444533261614435,0.37098017610187806,0.08747476539749989,0.1395060370775867,0.01077641527182687,0.2892455315682155,0.7695214434594768,0.6799952958126572,0.4313256587262692,0.8262532746461184
201,75-84,13,0.313125979893272,0.2798236144813954,0.12406203667392793,0.5102730924609445,0.09535976749122392,0.14591695777873057,4.56190725175645e-06,0.2555638110381233,0.5915142526155042,0.5666322501447068,0.3568307927539234,0.7659227838123613
201,85+,13,0.5155115140381034,0.45988507849236004,0.20125143539794446,0.7241947410194297,0.08107368224476572,0.11584617482647264,1.7428888506736316e-06,0.24907372393464491,0.40341480371713095,0.40174367118937027,0.2118139266591369,0.6614470527845205
241,16-24,13,0.22585326545472018,0.21358375287176948,0.08274149070158414,0.39605744802925735,0.08364595738240856,0.12895422248837923,2.200755550073764e-06,0.2689480904517865,0.6905007771628712,0.6527244248109314,0.43851261178425616,0.8197297570806352
241,25-34,13,0.14888751931425767,0.17025987277718568,0.06390461899780822,0.3612901127953351,0.08390917679368053,0.12863871709370717,1.8679420953042367e-06,0.2514305652607789,0.7672033038920619,0.6902129143627197,0.4727275900919265,0.8745610755043749
241,35-44,13,0.21678690068429937,0.1975790023025669,0.08299098478943724,0.40119184003324476,0.08527262452283141,0.12803360814660902,2.4246503372395583e-06,0.278599591309758,0.6979404747928691,0.6659272788013633,0.4361708149897525,0.8405132837979983
241,45-54,13,0.22581883763798713,0.20658174979067107,0.08502442335219543,0.39817755241383196,0.08832969174785525,0.12614614878247543,2.5961888232154784e-06,0.2587007164119541,0.6858514706141576,0.6594575012873749,0.4714784434467958,0.822635410625488
241,55-64,13,0.22694024024379242,0.2146679767428294,0.09223260700537807,0.4074058861928806,0.08820174605334388,0.13078794936333143,0.01588735704378661,0.2864055058376572,0.6848580137028637,0.6430524932033543,0.4050846361130154,0.8248649858422931
241,65-74,13,0.22581883763798713,0.20265696658160262,0.08381209088072486,0.40386975338439296,0.08832969174785525,0.1280941555484022,2.632042937212501e-06,0.2765598860844036,0.6858514706141576,0.6564362183213159,0.4353426141387492,0.8277257688776886
241,75-84,13,0.3391160574988606,0.30094212504766443,0.12547732861469002,0.5447114462943179,0.07251047620157111,0.12528884774369314,1.7625594244212903e-06,0.23811699117072524,0.5883734662995683,0.5645728946212387,0.33988771546848273,0.7789310008230066
241,85+,13,0.6377578368713667,0.5489591025672298,0.2578486232747309,0.7511602012992717,0.04965664805005159,0.0902189356595052,0.014933691570546465,0.2241386767498151,0.3125855150785818,0.35056508275989773,0.18697680090141666,0.6223977747053202
255,16-24,13,0.21503866988512135,0.20153796289141354,0.08421223741863934,0.40905540600155976,0.08806238974438811,0.13762398385601793,2.5594609861701007e-06,0.2678259819207579,0.6968989403704906,0.6533921999845131,0.4422346615854656,0.823718243209175
255,25-34,13,0.18926855657529673,0.18732287927072167,0.059249331043451904,0.3904511648963032,0.0902795586344797,0.15183514199170833,2.4248723225513194e-06,0.28245467152004367,0.7204518847902236,0.6540652994548595,0.40490376048360444,0.8563191313066022
255,35-44,13,0.21433462928755267,0.19774633451031748,0.07636101663804107,0.38743566745255154,0.09561992766533303,0.1505222146504686,0.01249778922557512,0.3130006596872775,0.6900454430471143,0.6389265010580278,0.3786968300668457,0.8116556502346554
255,45-54,13,0.2154771669122988,0.20815929590134025,0.0875269631153763,0.41463864764062736,0.09079901625616128,0.14757838579967136,0.015126808792566766,0.27604275502906106,0.6937238168315399,0.6358253559271592,0.39911279901900737,0.807442669790844
255,55-64,13,0.2257857818823741,0.1983388020519985,0.0849643733482936,0.381670861339269,0.09284011744602655,0.15425270926671675,5.4233869117810305e-06,0.2947777468590783,0.6813741006715993,0.6372571367491043,0.4004175928499289,0.8212524386469185
255,65-74,13,0.2154771669122988,0.20967681288944656,0.08698489412053087,0.37344963592797753,0.09079901625616128,0.1420132443981813,2.316631582221995e-06,0.2827889275790777,0.6937238168315399,0.6432966224504681,0.4616069169722331,0.8416468965317607
255,75-84,13,0.3349156028421936,0.2958289821691403,0.1450724245935372,0.51401737946317,0.09286811013484855,0.15108480789367168,4.960527458898518e-06,0.3000305034036325,0.5722162870229578,0.5502479045833444,0.3260434845085959,0.7378156219890045
255,85+,13,0.5745599102461333,0.5255406244627356,0.2493163569595725,0.7588464679807758,0.07360487379319103,0.1135412323663729,1.6902948275714553e-06,0.258784562675346,0.35183521596067574,0.3407138939591302,0.17735275879053905,0.6147155748383388
272,16-24,13,0.22615999933438624,0.21337879282976763,0.08134508612877991,0.4102691631662891,0.08681472210667966,0.1442746517757797,0.010580786620756453,0.2842670844658487,0.6870252785589341,0.6347726541831851,0.41478335824454815,0.813988403837447
272,25-34,13,0.1478607240047948,0.17691635054275523,0.07038452868134969,0.37809825403222275,0.09022695120917626,0.1530196298915819,9.018200596055951e-06,0.29163267807682064,0.761912324786029,0.6609854837235891,0.4202306351625465,0.8330727704786318
272,35-44,13,0.22431389883397362,0.19885723534371724,0.07518088802040522,0.3927637033781814,0.09440539401302715,0.15234835829448046,0.010920302939691508,0.385798609812011,0.6812807071529993,0.6406853500493187,0.3603406923398739,0.8156779458574573
272,45-54,13,0.22435318382211444,0.21632542225748058,0.08450448684980903,0.4397225925812681,0.09859599577130232,0.14835286736601028,2.2768185218136722e-06,0.33271481190245017,0.6770508204065833,0.6231111479060474,0.37233124113300015,0.8295164106336397
272,55-64,13,0.22435318382211444,0.20831028999363693,0.09116096267135804,0.41210082079046084,0.09859599577130232,0.15085543784352196,7.390038954971659e-06,0.3067825294277783,0.6770508204065833,0.6355054925510786,0.38068520909705506,0.8061427109877809
272,65-74,13,0.2257857818823741,0.20251367154520494,0.09000022063915776,0.40665462239344696,0.09284011744602655,0.15306805006355034,0.031531028435095,0.3110497074363482,0.6813741006715993,0.6352380681556997,0.39945981203016495,0.8278294722496549
272,75-84,13,0.3349156028421936,0.2894904986885481,0.13085190939383,0.4935098180969394,0.09286811013484855,0.14636030643316195,0.012002120873749338,0.28691373156978145,0.5722162870229578,0.5473746041833922,0.35574585441467416,0.7519300824958587
272,85+,13,0.5749000486271837,0.53021878213526,0.24243068962093686,0.7513107277973963,0.07305644962919737,0.12575580094527494,2.8856242268432606e-06,0.2780510193551431,0.3520435017436189,0.33980523421579195,0.154975468625778,0.610380232184626
279,16-24,13,0.22504132986220274,0.20446824462646535,0.07677778372413739,0.3638159347469856,0.08694022218327598,0.1389373688879049,5.6967533266272835e-06,0.2608988965251065,0.6880184479545213,0.6474056160228194,0.4581576368277179,0.8416354216698284
279,25-34,13,0.21858914815881278,0.19313062150541388,0.07283171501832793,0.3931439198825062,0.09370310381914682,0.1454946750458643,2.3648339571060905e-06,0.32641985219915637,0.6877077480220405,0.6468245878844978,0.38991392458471263,0.8474459475912574
279,35-44,13,0.2254300041578922,0.19957951494695797,0.09261613089715097,0.36850693537652385,0.09426955767058634,0.15795440988673143,0.028549461757292522,0.2967677457253769,0.6803004381715215,0.6299245852654294,0.41562841923992117,0.8155670636597627
279,45-54,13,0.22435318382211444,0.2118938008514476,0.09444246700954928,0.4242628790412099,0.09859599577130232,0.1586137154524523,0.017836107387018553,0.3035163620843633,0.6770508204065833,0.6232533607338281,0.39422761203498446,0.8051374718252892
279,55-64,13,0.21467774937034972,0.20067201707634466,0.07658249419985336,0.3945351285352884,0.09417214031370004,0.146812484073166,0.01138323436537128,0.2999040369586267,0.6911501103159503,0.638163428780424,0.38337278363676,0.8211831155375305
279,65-74,13,0.2257857818823741,0.20799844756351063,0.0918068132442769,0.38383919073637207,0.09284011744602655,0.15726839558501543,0.026190486615479354,0.29629085130913235,0.6813741006715993,0.6322612599756274,0.4317011538940568,0.8014125997635613
279,75-84,13,0.34369450322430184,0.28862270019476705,0.12028731145597571,0.5498963127037995,0.09337192624191913,0.15287100978930573,2.5219561680973465e-06,0.3174090359209297,0.5629335705337791,0.5431968995839487,0.32369373195336926,0.7574528728142514
279,85+,13,0.5749000486271837,0.5186580080051308,0.25750327428913594,0.7238022839108686,0.07305644962919737,0.11584590474932524,0.026102773833772606,0.24347014745298654,0.3520435017436189,0.35862617785700635,0.1786377310576866,0.6356819145770873
280,16-24,13,0.12802260855888142,0.14424733591212163,0.056885120268114535,0.313363047518491,0.08483286990589693,0.12465590951050405,2.919741296075679e-06,0.2610079467626856,0.7871445215352216,0.7214169291880282,0.5285373284230739,0.867738220208953
280,25-34,13,0.12660658855119314,0.12854006854036953,0.0420878534239997,0.26711123253975566,0.08769358750412992,0.1393463817519011,3.059206990887991e-06,0.30231685698883914,0.7856998239446769,0.7281502597029134,0.4997222990201805,0.8811090166211972
280,35-44,13,0.12818328272158133,0.15090246660070092,0.06117785030572031,0.3100604382125046,0.08887162970428261,0.14583254729496642,0.009895970069674326,0.30392871425259216,0.782945087574136,0.694751965120531,0.4453647666686129,0.8515116763327855
280,45-54,13,0.12837398279189846,0.15203039006397215,0.06249333006724413,0.33837301281535376,0.08751613122901963,0.1336821381195035,0.015405279616101858,0.2884165994421861,0.7841098859790819,0.7040457360675972,0.44137569249103975,0.8627858761308312
280,55-64,13,0.12837398279189846,0.14550682478881635,0.0596091220598918,0.3062001039342588,0.08751613122901963,0.13540755299467006,2.603678306685603e-06,0.2839770788336586,0.7841098859790819,0.7089656434027168,0.514212429281161,0.8620566883522596
280,65-74,13,0.12837398279189846,0.15115325186867481,0.056035167292292194,0.32269897671838377,0.08751613122901963,0.1356192786696851,0.01353714416912313,0.2773251219538084,0.7841098859790819,0.7043373515244108,0.4964316531228665,0.8624214048710914
280,75-84,13,0.24140198238429858,0.20364317033378737,0.074908196113196,0.4287905162744867,0.09193146876004356,0.13724747237646856,6.401228747871583e-06,0.27789822482596616,0.6666665488556578,0.6487441711762176,0.3952602912415342,0.8326300142003935
280,85+,13,0.4905230742760755,0.32293161098147505,0.09083543294121285,0.6231652756901963,0.061954748926102296,0.11266804849178289,1.7188305360825389e-06,0.26240949145241477,0.4475221767978222,0.5538876412300257,0.2798531049897914,0.7984902922672553
293,16-24,13,0.2257624372319198,0.20830739019978634,0.0905608917349367,0.4143830118940403,0.08401447456536501,0.1401506499032389,2.7050266078301037e-06,0.270064527627581,0.6902230882027152,0.6450870886951219,0.4307038011301507,0.8217122487356312
293,25-34,13,0.14835249014940802,0.17436032373471386,0.062793270318427,0.40376709264244015,0.087201160637081,0.14507382503275038,0.010875026971517628,0.38048028761236075,0.7644463492135111,0.6680159414116029,0.38289595791259234,0.8525992643869327
293,35-44,13,0.22621346523494243,0.2045016954670941,0.08099821675428553,0.43984195885029553,0.0911217754997285,0.13944876472603945,2.802482595063629e-06,0.28743866031124327,0.682664759265329,0.6569816275588641,0.3796079873302685,0.8344666622337878
293,45-54,13,0.22543847357849792,0.2005649428915743,0.07842781849729442,0.36783939631745133,0.08986528825959748,0.1415136946871501,0.01628968214598638,0.29202563904075607,0.6846962381619047,0.6520942161543888,0.4351834977879211,0.8308288699220127
293,55-64,13,0.226558540082199,0.20432848220734096,0.0818912107291068,0.39963624780418533,0.08973533718948681,0.1453068306917753,2.3567944678679635e-06,0.2883937069034585,0.6837061227283141,0.6387340045697312,0.4126387504578941,0.8256298326809866
293,65-74,13,0.226558540082199,0.20239013168534203,0.08515328980800216,0.3957473147485425,0.08973533718948681,0.1465275225038593,6.0508688936215465e-06,0.28041381853090297,0.6837061227283141,0.6361981252636785,0.42116585519268634,0.8349320883293262
293,75-84,13,0.3326390269065175,0.2906736073617488,0.11440742320281237,0.48237426111472126,0.09022529060472088,0.14905038708611762,2.259505108566555e-06,0.29087108527750066,0.5771356824887617,0.5601493041382377,0.3590110683974621,0.7476923340093472
293,85+,13,0.5764472456982439,0.5260399598046492,0.22865801740879926,0.7405862370743903,0.07056181712812772,0.11414808318387537,1.9262421899757027e-06,0.26426020526173616,0.35299093717362834,0.35475837182388664,0.1460378234337742,0.6229580105267147
30,16-24,13,0.23414466645417892,0.2044208767633227,0.07711747220628211,0.43220218708911584,0.08869270392741477,0.1417874034026286,6.728850839204628e-06,0.3022995120087311,0.6771626296184063,0.637119884409866,0.3796392145086947,0.8252491343621415
30,25-34,13,0.22633551228642595,0.18387390329011044,0.07088691264484226,0.39831696545686807,0.09574235817183963,0.15410246070597639,2.936278206477405e-06,0.29087593350394725,0.6779221295417345,0.6503768518910595,0.4189420294109847,0.8548735144646
30,35-44,13,0.2358538589541489,0.2072113212032371,0.08005787897629607,0.4206146634300186,0.10143340693712025,0.1510608703647225,2.165969475232828e-06,0.3358522970721092,0.6627127341087309,0.6229077958212621,0.3412503132762121,0.8426679357751076
30,45-54,13,0.23943549061797126,0.22050592491805632,0.09068259852622165,0.42589165562169823,0.10132492092202511,0.14957458798058076,0.010006217226270214,0.31250834159938645,0.6592395884600037,0.619019465296683,0.3622871996093896,0.8093920634994574
30,55-64,13,0.23473934451965078,0.20615623471518135,0.0800337406598524,0.36620190003894276,0.10195055704648377,0.14889818975527291,2.649926981934718e-06,0.30427535628222,0.6633100984338653,0.6352678772229237,0.4251884501744934,0.8433458350612411
30,65-74,13,0.23943549061797126,0.20477576063623884,0.07226649864818177,0.3922062534301918,0.10132492092202511,0.15937759292059464,2.1557959857282297e-06,0.30276904524543313,0.6592395884600037,0.6336550999238447,0.39113140886468095,0.8340709787637675
30,75-84,13,0.3684212375500934,0.3106109824338059,0.14043357463855938,0.5429936279835069,0.0915351549306305,0.1564580201120756,6.2020396857676955e-06,0.3044083867231447,0.5400436075192762,0.5274254317925344,0.29822455976552265,0.753675560083452
30,85+,13,0.5848060828970716,0.5389728686560362,0.26777412441152704,0.7155759235849057,0.07055210443834913,0.12150517393407001,0.021436154523606293,0.27383365520160063,0.34464181266457933,0.33410004241145386,0.1868620670413781,0.5609610515145017
35,16-24,13,0.21595641758498402,0.19651012287682912,0.07901421355276446,0.38911394090452706,0.08417039838917065,0.13280546343909017,8.670501174935945e-06,0.2823467028499992,0.6998731840258453,0.6610822711460789,0.45300796399122933,0.8359041674886982
35,25-34,13,0.20531229048560123,0.17359300463054705,0.06772367871045058,0.36402257752051265,0.09294306610459137,0.13793416359837732,6.6943779596429344e-06,0.296945100004164,0.7017446434098074,0.6737499252961647,0.4066334498041439,0.8355878639038019
35,35-44,13,0.16396655764106885,0.19887231463094718,0.08052316234109315,0.4059722737990551,0.09120490606244595,0.1523606614183461,2.3716123007911563e-06,0.2823994726942892,0.7448285362964852,0.6410818774862628,0.4479897085253804,0.8035841178855982
35,45-54,13,0.2257857818823741,0.20730011980168078,0.08769883522767088,0.41420271555472576,0.09284011744602655,0.1472769541849055,0.00866975402038549,0.2847774548290666,0.6813741006715993,0.6294750219089087,0.3754618412968612,0.8286212835573395
35,55-64,13,0.2257857818823741,0.1962100949537078,0.08060317890391044,0.3850493263226987,0.09284011744602655,0.14978664710427997,0.02316536431124222,0.33316366575628503,0.6813741006715993,0.6404382430643076,0.4009577423664173,0.8287173127023841
35,65-74,13,0.2257857818823741,0.20072265982200593,0.08369126775893355,0.39567756301237145,0.09284011744602655,0.14405003962665475,0.009363785692823224,0.2809522234117666,0.6813741006715993,0.6436715470728906,0.43147667398847406,0.8210194352000616
35,75-84,13,0.3314982700474326,0.294058583684346,0.1188064887325124,0.5119838879399882,0.09334528452009577,0.14339274627670345,0.01649151878277958,0.2965326545170942,0.5751564454324716,0.5540469285439971,0.33123539015790426,0.7632296154440006
35,85+,13,0.5749000486271837,0.5268858336717777,0.2602783689411277,0.7355718650505816,0.07305644962919737,0.12101199990838107,2.3788695911120816e-06,0.25358899899697684,0.3520435017436189,0.34936571366247227,0.1799421167141049,0.5808913355494904
44,16-24,13,0.163842503209979,0.20126337254784582,0.08211288667471983,0.388544499174958,0.08696142127161123,0.14164749368790414,0.009780173272721182,0.2861593494730864,0.7491960755184098,0.6569970362710259,0.43008569129248775,0.8269936466212955
44,25-34,13,0.1478607240047948,0.16882427794429666,0.06793281404991573,0.41026738587848666,0.09022695120917626,0.14802272673505615,1.9711098565627545e-06,0.28359558807424534,0.761912324786029,0.6784116049008444,0.415615501251426,0.8443815556657168
44,35-44,13,0.21227697337944387,0.20709026530448174,0.08672796652595705,0.387805427576384,0.09471972050887636,0.15061700430573438,2.0813051063529565e-06,0.30401670638882416,0.6930033061116797,0.6315252863841563,0.43477683989183646,0.8157473612132351
44,45-54,13,0.1642169071606942,0.19945547824743914,0.07174634851348329,0.4142213125975473,0.08981732789724975,0.14946969408877786,0.014535304636009374,0.2849175767179837,0.745965764942056,0.6496138368300046,0.40960418764124945,0.8168444623393163
44,55-64,13,0.2257857818823741,0.20264583207675235,0.07681730740064119,0.41724203472021654,0.09284011744602655,0.14679430694029555,2.424104249600549e-06,0.2992072803553928,0.6813741006715993,0.6419165382773309,0.4104238410434737,0.8480176970750333
44,65-74,13,0.21467774937034972,0.2049361379763824,0.08196791575212738,0.4020258409618113,0.09417214031370004,0.15828247606120074,2.9488061449725436e-06,0.31588615391590463,0.6911501103159503,0.6318309075024093,0.4176217534959536,0.8108054231334352
44,75-84,13,0.33208076452549234,0.2743427301455523,0.10636400542590209,0.502913423997995,0.09175214991580877,0.15075829953264108,4.312247319809046e-06,0.28637953743512584,0.5761670855586989,0.5666409675068078,0.3572214759313276,0.7671118201411734
44,85+,13,0.5501787555240574,0.5247725600522686,0.2811230477161477,0.7279811432243752,0.07730497964790177,0.11374850294697636,2.1809630736126832e-06,0.23629694511421737,0.372516264828041,0.3618121502687711,0.17385367464214924,0.6088380421337456
68,16-24,13,0.22479329394452888,0.20612952610094934,0.08187449815224986,0.39520614979829105,0.0879465778603446,0.14140977185111,0.01199741332627577,0.2976321816939241,0.6872601281951266,0.6528983633844403,0.422109864041171,0.8127807939097311
68,25-34,13,0.2045175100827165,0.17560393138121022,0.05445030942077073,0.38444828327300323,0.09645435650837421,0.15018179180000577,2.361641466808202e-06,0.31461307245731884,0.6990281334089093,0.6636942819546596,0.4485962948173775,0.8675359381828472
68,35-44,13,0.22516061855571645,0.21190700724558348,0.08291319479214371,0.4486807544061777,0.09535189248013048,0.1539881459275506,2.735082243403596e-06,0.2997924582306728,0.679487488964153,0.6239273292838825,0.35141572236767665,0.8111175738723914
68,45-54,13,0.21522914348835115,0.2005181308621058,0.07359485833166367,0.3971782520569515,0.09184554542802695,0.14324311476732515,2.850723585350352e-06,0.3298274067086484,0.6929253110836219,0.6506786452854013,0.3761204589704029,0.8377555892382796
68,55-64,13,0.2240727961666708,0.20349191065318958,0.0829661233126861,0.4055703390085647,0.09972253452171102,0.15915583769197172,2.6954440010754832e-06,0.29111630080722495,0.6762046693116182,0.6391354049093698,0.3575345918743242,0.8077970878421354
68,65-74,13,0.22552005754496254,0.20276263635817338,0.0858308962357685,0.4057389284387155,0.09390774206219302,0.14547272122709426,3.020940910698601e-06,0.27537343640332973,0.6805722003928445,0.6405813424767919,0.41881824409236695,0.8095744136884702
68,75-84,13,0.3314668961879943,0.288980307076104,0.1302877706907901,0.4959772645541873,0.09343109268313222,0.1489950683992332,0.010559830056950471,0.254699108437173,0.5751020111288734,0.5513372485562689,0.3683980946598934,0.763186804524416
68,85+,13,0.5748574638736227,0.528950183631679,0.25106744509652495,0.7427010399991477,0.07312511141267058,0.11999623187435324,0.007802248244420425,0.2992197305865401,0.35201742471370684,0.34643571677749396,0.14951856930875612,0.6135995510705675
78,16-24,13,0.22504132986220274,0.2090324438125658,0.09094885553641559,0.4106662372378208,0.08694022218327598,0.14381441824307306,6.6945777853361455e-06,0.2733684827984374,0.6880184479545213,0.6447138321191923,0.40862211801308684,0.8015627336340453
78,25-34,13,0.20503176721515828,0.18805554296136792,0.06559144853596453,0.4070161110931446,0.09418240047163036,0.14776997358795246,3.1104046828352064e-06,0.3625339175667511,0.7007858323132113,0.6579900174680131,0.4075660694772631,0.8373952327103724
78,35-44,13,0.21433462928755267,0.2087931753154757,0.09397027110504903,0.42247332245369,0.09561992766533303,0.15190035517383768,6.2095619968366394e-06,0.3677071138393443,0.6900454430471143,0.633439437096702,0.33302555893118674,0.8198849691429858
78,45-54,13,0.22466842602157788,0.20654548537399942,0.08437819089016534,0.407560036751709,0.09297410549083092,0.14671960038116316,6.28109796673692e-06,0.2654459650172954,0.6823574684875912,0.6398539383420419,0.40362658303978605,0.8195273012594685
78,55-64,13,0.2257857818823741,0.20759318891065595,0.0792217370442655,0.4518511797470919,0.09284011744602655,0.15150188836488404,0.010799330224910952,0.2816598024887316,0.6813741006715993,0.6358735276032362,0.39975428817448916,0.8213377390114175
78,65-74,13,0.21467774937034972,0.20426359280028134,0.08490758290493608,0.43872168670829387,0.09417214031370004,0.14644540200796824,2.256958933276021e-06,0.2824120563216159,0.6911501103159503,0.6466861341582,0.4330935437803573,0.8271628583294868
78,75-84,13,0.33208076452549234,0.2817753411148739,0.11780174978307564,0.5273186955904366,0.09175214991580877,0.1486041509492918,4.003687950554932e-06,0.2833948753642407,0.5761670855586989,0.5618936969697385,0.29913174874768705,0.769381890542583
78,85+,13,0.5755458860191345,0.5169323084117061,0.24926049318013047,0.7150151168779497,0.0720151298267611,0.11969086540623364,0.024559066516865243,0.2642583820873477,0.3524389841541044,0.35820165872829435,0.17167322357588266,0.6027839538221038
8,16-24,13,0.31206268476946974,0.27563817941222246,0.12641027077268613,0.5218109584380971,0.08527387837305916,0.1358060858752364,0.023878547980497405,0.26946222863054115,0.6026634368574711,0.5858294336266405,0.3249371854693942,0.762172994364825
8,25-34,13,0.30657279543481863,0.25011936609291113,0.10397581166760302,0.47688225384095195,0.09179181241522322,0.14694494037374156,5.268305192858545e-06,0.2797988578974855,0.6016353921499581,0.5967125682526369,0.35557815827481515,0.7849085407557675
8,35-44,13,0.31037584662868417,0.2621044202970769,0.12562775915272867,0.48909788139980626,0.094163554897048,0.1528417512305665,0.010518171261066713,0.2853221311033355,0.5954605984742679,0.573908864341206,0.3782652814062374,0.7593852061282556
8,45-54,13,0.31086513574674346,0.2721529414131154,0.1316972865247057,0.4771304933727622,0.09273555745412627,0.14720726926777788,0.0241662625856321,0.2843816814903872,0.5963993067991302,0.5839946468852355,0.3579168037067789,0.7614255409769184
8,55-64,13,0.31168684980859496,0.2678216563488546,0.12346965966332409,0.4771374692384764,0.09262498096823586,0.144069937881001,2.256587969577044e-06,0.27855556682572424,0.5956881692231691,0.5788997204976184,0.3537077401424519,0.7722841058180441
8,65-74,13,0.31086513574674346,0.2698638961041218,0.11734863909841255,0.4902806142714773,0.09273555745412627,0.1436430806616787,2.670060227049449e-06,0.2777394418974995,0.5963993067991302,0.576520663519295,0.3278589061192267,0.7556852324659056
8,75-84,13,0.4036350324963838,0.3651369316580473,0.17053549191326411,0.5987887943096202,0.08513472954483993,0.1479066663461558,0.01687269324663608,0.2954330673858697,0.5112302379587762,0.4861298904961818,0.2642440476114484,0.6893664744606625
8,85+,13,0.5875343722902723,0.5755475082349473,0.24774238806798918,0.7781184781243531,0.07691536984671332,0.10368154916234919,1.6853496834226007e-06,0.2512383568594531,0.3355502578630144,0.31556332560732825,0.15330648988384102,0.5932981756482034
9,16-24,13,0.21208338032984714,0.19852426035576876,0.08350530538195472,0.3882190932073615,0.09095807397147494,0.1417328418189772,0.029171130552323985,0.2644071408465171,0.6969585456986779,0.6406077790507632,0.4229992204343248,0.8116467254270877
9,25-34,13,0.17376851691965803,0.18575620975239007,0.06830338093996764,0.36554322569919295,0.0942298885379783,0.1551412150250997,0.03086051215042786,0.30350500882330134,0.7320015945423637,0.6577932758339009,0.4331947399660541,0.8288340388730356
9,35-44,13,0.21460514855244495,0.19951970713803657,0.08330875927929232,0.4002992506051934,0.09447847780646318,0.15543017464749706,3.132359042555458e-06,0.30079124132387486,0.6909163736410918,0.6391427920748076,0.4229563071229194,0.8134640824249026
9,45-54,13,0.21412749158282307,0.19353137289482691,0.07646615129498527,0.37095286958637547,0.09649394047889141,0.14974139194160646,0.011788485298046863,0.2950421053826906,0.6893785679382856,0.6457739858193887,0.41581564453157166,0.8214934569227388
9,55-64,13,0.22521521739124825,0.20518789189433473,0.08943308589106012,0.40587348732896644,0.09513252581844053,0.1552361801764429,0.029812131778168327,0.2966633544203294,0.6796522567903113,0.6348799753085486,0.4172023628039618,0.8229556322175633
9,65-74,13,0.21207375375204418,0.19690657180795876,0.06632314452850799,0.3983103942267015,0.09558637466434912,0.150891795601951,2.493907905613005e-06,0.2822952403072642,0.6923398715836067,0.6453848168184688,0.4283256851669223,0.8355527149082556
9,75-84,13,0.34191462268939576,0.2971817487071138,0.12603143459454302,0.5050013656455353,0.0939456937741946,0.15257546696740706,0.013613323293698874,0.29363424688608164,0.5641396835364096,0.5491829645932376,0.3173209619539792,0.7589659953869796
9,85+,13,0.5501787555240574,0.5005727666935635,0.1986255289776393,0.7219508272871376,0.07730497964790177,0.11808530573332127,2.1141702300682156e-06,0.24230902584388916,0.372516264828041,0.3711004538710081,0.1812683943249855,0.6528839239729027
91,16-24,13,0.22615999933438624,0.20984609132496831,0.08889759726893832,0.39488547227818327,0.08681472210667966,0.1376948310012311,3.0454984422716837e-06,0.28806593797392793,0.6870252785589341,0.6414273267034165,0.4360816249195121,0.8464485354830973
91,25-34,13,0.21609515178639205,0.19053662054287196,0.06639603939825073,0.38583003702955787,0.09400217210116373,0.15424468312953418,0.011962274664211873,0.37356246549259553,0.6899026761124443,0.6447306098996002,0.40053551697598383,0.8343835673330895
91,35-44,13,0.223977782695762,0.2127737971391792,0.07656094104935239,0.45293466413222505,0.10010427870592022,0.15604324579408307,3.3016460905906937e-06,0.3109610439158512,0.6759179385983178,0.6273255957018109,0.4034611230434107,0.8090863047227389
91,45-54,13,0.21467774937034972,0.19969880701672343,0.07071457883073903,0.3900219606931204,0.09417214031370004,0.1526393258920368,2.874350397955659e-06,0.28385162820159426,0.6911501103159503,0.6385855446575469,0.46979592735402526,0.8215912151217872
91,55-64,13,0.2257857818823741,0.20005235594807463,0.08213387514747465,0.4126665090407255,0.09284011744602655,0.15159167390530925,2.7574637798314326e-06,0.2741678659411721,0.6813741006715993,0.6378202868902358,0.41763493098490684,0.8338275796454093
91,65-74,13,0.22435318382211444,0.20420359518813203,0.048824275944105766,0.41357853421585367,0.09859599577130232,0.14930423768355866,1.7104786550339128e-06,0.31376799397623695,0.6770508204065833,0.6288446622359208,0.4153745667229367,0.869306086697773
91,75-84,13,0.3427331997344479,0.28130653713758286,0.14021693519425577,0.4962143648356252,0.09177651115540739,0.1547416300321472,0.031152997053892004,0.2948124974251445,0.5654902891101448,0.5581063241771924,0.31943068946455616,0.7362909372731159
91,85+,13,0.5749000486271837,0.5282496362601539,0.26374965909486364,0.7497863556449136,0.07305644962919737,0.1148651886724458,0.008893322507969018,0.23381465913519084,0.3520435017436189,0.35396455502199864,0.16646533934204527,0.6016835402232465
107,16-24,14,0.22615999933438624,0.20369178489650436,0.0735779886706327,0.3902777676978306,0.08681472210667966,0.14123724878988364,2.6839570879172926e-06,0.2653672575077273,0.6870252785589341,0.6458634311997631,0.4365850279090309,0.8195031360917084
107,25-34,14,0.15069359211432815,0.17561942250571294,0.06168192141253621,0.38231742567783616,0.0925156067080102,0.149574270647728,0.00890115639826816,0.302009591445153,0.7567908011776617,0.6649102420618793,0.4128397353903676,0.8420035281650228
107,35-44,14,0.2254300041578922,0.19917670515701613,0.0780898076081686,0.38639583439957575,0.09426955767058634,0.14615548740702114,2.3054070128883817e-06,0.30928286359132867,0.6803004381715215,0.6438842423510549,0.4408115073546284,0.8280972112280273
107,45-54,14,0.2257857818823741,0.20847969124287985,0.08824520818522723,0.41655305715012475,0.09284011744602655,0.15338209928203286,0.02958728214398718,0.28830850986176837,0.6813741006715993,0.6311397683693394,0.36946408459024355,0.8036307421284357
107,55-64,14,0.2257857818823741,0.2069674043549209,0.07047151805161914,0.3825118649551962,0.09284011744602655,0.15432409191055857,2.7211488172614715e-06,0.3067320485252614,0.6813741006715993,0.6321740909236249,0.4272021886088234,0.8428989883610215
107,65-74,14,0.2257857818823741,0.2028661280709787,0.08536835421771871,0.40140532909201965,0.09284011744602655,0.13718415968505676,1.925678568946556e-06,0.2699639373985611,0.6813741006715993,0.6448117681990364,0.4260363145132176,0.8484320948086386
107,75-84,14,0.3420424485921048,0.298765811714218,0.12973750156065056,0.4779898433169731,0.09360696240118176,0.14857838388611633,0.016722394221577595,0.2972594650351434,0.5643505890067134,0.5528273163045042,0.3398966941010026,0.7271418087806413
107,85+,14,0.5749000486271837,0.5183277196843443,0.19457656266280393,0.7295149588578491,0.07305644962919737,0.12482732437381192,6.1722870255702895e-06,0.2528797149101074,0.3520435017436189,0.3542337134435939,0.176827879509653,0.6540868485250588
109,16-24,14,0.22544097596338078,0.21281264566054514,0.08542378703410689,0.4313984440149135,0.08531873878478043,0.13916116338692758,2.4391608131546004e-06,0.2865938147435746,0.6892402852518388,0.6384074554578529,0.4084850676558765,0.8214311599818261
109,25-34,14,0.1481332518096549,0.1743561157836944,0.07512979681575851,0.34523693558065444,0.08855011340402788,0.14120582304311408,8.533734466909747e-06,0.27620435243088215,0.7633166347863173,0.6731176193662219,0.4614897048636263,0.8391581509943048
109,35-44,14,0.22586415511376567,0.1991988130309308,0.08134865293867341,0.4347770711856664,0.09252523025166107,0.16079586499291773,0.018297143246511712,0.3288259751347508,0.6816106146345733,0.6366661389386115,0.40067592488693254,0.8103565823180219
109,45-54,14,0.2250951530298802,0.20400764207419522,0.08344089265223235,0.38662851397905823,0.09125133361197575,0.14341452748104647,2.7239167352752316e-06,0.2991890222821614,0.6836535133581441,0.6457831839259243,0.4325859653070373,0.8149860539253957
109,55-64,14,0.22621401195464153,0.19995905592696278,0.08892063997787529,0.4045483857251155,0.09111957889472583,0.15057573123112614,6.365016526530095e-06,0.3031140287356477,0.6826664091506326,0.6327866192500303,0.4161454618103084,0.8207279305989836
109,65-74,14,0.22621401195464153,0.20134014920776278,0.08248478750753609,0.35711583345875225,0.09111957889472583,0.15198182782402725,0.026856764964679626,0.2774103467724024,0.6826664091506326,0.6429386872012428,0.42072820507483133,0.8244993107150662
109,75-84,14,0.3409190268586686,0.2948571381597419,0.10832357570314398,0.5216539469401801,0.09303380283454873,0.14695899342296942,2.6948743909033122e-06,0.29475189410837094,0.5660471703067826,0.5488723731893903,0.3229119436896612,0.7665382500144401
109,85+,14,0.5743670485010318,0.5220831200469165,0.25841614236263954,0.7215923138625834,0.0739158355876141,0.11961993432716328,2.3185525009958873e-06,0.24870273250984667,0.3517171159113541,0.3507159297913096,0.17752176301337044,0.6421217929142967
112,16-24,14,0.16594053750834276,0.20228623175408406,0.0759292778069363,0.43974890008751755,0.07526978926909925,0.13244084073597073,2.0753390987966544e-06,0.2895605314995342,0.758789673222558,0.6557503103183354,0.3837161785298959,0.8297227150542201
112,25-34,14,0.14998997828454977,0.16812972246337288,0.06421919028433602,0.3543192193384869,0.07712585103005924,0.13094621613146795,2.3797849913054044e-06,0.2790153549666394,0.7728841706853911,0.6820898980737755,0.47405117043284667,0.850226577030954
112,35-44,14,0.22760475607829714,0.20407682453833872,0.07934863807774399,0.41943437199176886,0.0811196253423202,0.13925896331464171,6.239190997095071e-06,0.3322812975280442,0.6912756185793827,0.6472193277517965,0.33424709724818574,0.8207265624676242
112,45-54,14,0.16633234604218855,0.20298420512731352,0.08512420448060197,0.4028314576695158,0.07809237309741031,0.13526688922149865,0.010674452966571294,0.2815459164534682,0.7555752808604012,0.653308400025036,0.4090760756748225,0.8338111657739703
112,55-64,14,0.22786341844176156,0.20094330469045796,0.08269384991426593,0.4060217127915031,0.08007535995197726,0.13406541214514273,2.2121472011319317e-06,0.28405986782052084,0.6920612216062613,0.6552288006949994,0.43857804162721375,0.8279338562381472
112,65-74,14,0.22786341844176156,0.2048866941618315,0.08495858617874945,0.4055651528379138,0.08007535995197726,0.13935421876258838,0.010491217727875483,0.2839753528292274,0.6920612216062613,0.6484301265718612,0.39718348944960286,0.8165571960711874
112,75-84,14,0.3357959294495873,0.30397131409473477,0.11709620578639594,0.5272856778229291,0.08159109599316153,0.13392781155374928,2.2963076616386612e-06,0.2796339811613707,0.5826129745572511,0.5576754743357015,0.3192620936885214,0.767935063208185
112,85+,14,0.5802105230700308,0.5227317780524372,0.25177830160741094,0.7487320946512891,0.06449407422853308,0.10193582551623451,2.8874453426261835e-06,0.2422721595832372,0.35529540270143617,0.3642895578513259,0.1793393953878021,0.6038997429054732
114,16-24,14,0.22504132986220274,0.2047911757789762,0.09191232401657595,0.40324538277048994,0.08694022218327598,0.14015559476151768,2.8278804617840656e-06,0.27208291431101556,0.6880184479545213,0.648816378867712,0.4137956245179328,0.8093184090120671
114,25-34,14,0.1478607240047948,0.1778151529131603,0.06588812198626466,0.37764934613305784,0.09022695120917626,0.14485614553430554,8.086185179315994e-06,0.31215004385041,0.761912324786029,0.6594064923826218,0.4212302378047776,0.8375714236839182
114,35-44,14,0.21433462928755267,0.1907765259795577,0.06919060020295019,0.3673823544487119,0.09561992766533303,0.15754340088078306,2.6374388826037826e-06,0.3204017709862389,0.6900454430471143,0.6447480672910639,0.40447825278364763,0.8379141275388543
114,45-54,14,0.21467774937034972,0.2022338799426339,0.08587560946140646,0.4149425443751549,0.09417214031370004,0.15511641312125513,3.351131422863968e-06,0.3272502311130874,0.6911501103159503,0.6353047579630743,0.36149757192421944,0.822799147062267
114,55-64,14,0.2257857818823741,0.20551024237048607,0.08250970338207314,0.39159728639246,0.09284011744602655,0.1433678220794613,3.3414643651970935e-06,0.28725422246643345,0.6813741006715993,0.6448241607492804,0.4199669664818536,0.8219087337478983
114,65-74,14,0.2257857818823741,0.19757529046802486,0.07723869035612223,0.395505013356764,0.09284011744602655,0.1448108559573615,2.2500649161276797e-06,0.33282299967353995,0.6813741006715993,0.6375805057557751,0.36219135286359333,0.8432356895888252
114,75-84,14,0.3314982700474326,0.28633809973027025,0.11497911059028407,0.5287128639470619,0.09334528452009577,0.1488694172383394,2.8988066581696792e-06,0.28889467245365874,0.5751564454324716,0.5559546557064661,0.3356664488949325,0.7734946582144652
114,85+,14,0.5749000486271837,0.5359915019866226,0.2732121086114808,0.720919281451397,0.07305644962919737,0.1165190139754644,2.871066158245993e-06,0.28820276291280905,0.3520435017436189,0.34294785815366025,0.16844350518671716,0.5868837074001022
117,16-24,14,0.21427512102099386,0.19449026127540023,0.07716686839368585,0.3916821404139356,0.09130045351607056,0.14518296357805865,2.1336969343292558e-06,0.2928861277411267,0.6944244254629356,0.648980107410347,0.42468638907789696,0.8258636154189806
117,25-34,14,0.21527629356054162,0.18173481209727127,0.07374381588896396,0.36638269459248357,0.09743530684687486,0.14992521186417457,7.989790834837445e-06,0.30826143787222454,0.6872883995925835,0.6582358331988251,0.4364059884189152,0.8319556045877633
117,35-44,14,0.2230741819734074,0.19824574546278423,0.07961851438710597,0.41736460101934775,0.10373475675610108,0.1480781352740917,2.327489873677028e-06,0.3186572044491358,0.6731910612704916,0.636766555567319,0.42583813060039144,0.8196196794447818
117,45-54,14,0.2234616518919089,0.20544913880256915,0.09146763318298615,0.3722247605858928,0.10217798394768683,0.14845510767817532,7.531480109707996e-06,0.29405695896240625,0.6743603641604042,0.6356529228121424,0.42139432425014767,0.8314456657189627
117,55-64,14,0.2234616518919089,0.2008972759230372,0.08214891002081247,0.40382046457094406,0.10217798394768683,0.15101110526317224,0.016876811407125127,0.32549983210739386,0.6743603641604042,0.6312975350864569,0.4039225370372593,0.8154697838116756
117,65-74,14,0.22494073963911349,0.2078627606297882,0.08415837576782836,0.3742618780784469,0.09623531981775435,0.1495957572616673,0.01115829530817019,0.3184467809797954,0.6788239405431322,0.6318254905329845,0.42721635793115287,0.8138814952539203
117,75-84,14,0.3414651026917625,0.2806411757517656,0.12127022319034672,0.5258211622729433,0.09513689620475055,0.1490450710185971,2.6699851540216302e-06,0.3035218654925799,0.5633980011034869,0.5512994021865356,0.3501619004139243,0.7541775174092851
117,85+,14,0.5732055408665611,0.5166442465686251,0.2468573978717511,0.7258595256724453,0.07578859940638598,0.11993831616487866,0.0068133453413544605,0.2737721746554665,0.351005859727053,0.35422325555741957,0.17720774404872933,0.6303154532198214
122,16-24,14,0.21503866988512135,0.18939512664671154,0.0902362716122416,0.3738021974944228,0.08806238974438811,0.1368964820505107,5.666288503194515e-06,0.26484967266876025,0.6968989403704906,0.6649109132506762,0.43496636018031914,0.8194542149733549
122,25-34,14,0.16848631929376506,0.17261699043019885,0.054994783454059074,0.3423066497117803,0.09313907465605968,0.15268048670766798,2.4684874597336822e-06,0.30664578110306373,0.7383746060501754,0.6671873326074453,0.3889525312163315,0.8639922556200631
122,35-44,14,0.2254300041578922,0.21094833331745452,0.07365324532681575,0.41317409425287094,0.09426955767058634,0.15488554151551417,2.8994394463863405e-06,0.3366819984584889,0.6803004381715215,0.6222701631613815,0.35752437800870607,0.841903008406073
122,45-54,14,0.22466842602157788,0.20009462648992377,0.08887742599632434,0.3969580271684466,0.09297410549083092,0.15314421469808054,0.027058027893338277,0.32272727573017906,0.6823574684875912,0.6357615647024439,0.37470623549516574,0.8221069418352472
122,55-64,14,0.2257857818823741,0.20504710770443152,0.0742888272337566,0.40834909145372617,0.09284011744602655,0.1503952024267693,3.189054224214421e-06,0.2877368997035293,0.6813741006715993,0.6405650461766417,0.428349646540594,0.8249517734519285
122,65-74,14,0.2257857818823741,0.19982433487929233,0.08520320772739459,0.42326213521094525,0.09284011744602655,0.14879536537532073,3.0205052843864052e-06,0.30984818876847925,0.6813741006715993,0.638470467460952,0.40477931905408987,0.8113581886789325
122,75-84,14,0.3314982700474326,0.29303878367555486,0.12499239360774607,0.5252942383893955,0.09334528452009577,0.15093191865509653,2.8889890488992503e-06,0.33464610682160945,0.5751564454324716,0.5442575893658638,0.30946431962094806,0.7584321281185062
122,85+,14,0.5749000486271837,0.536525712270457,0.2767630949123213,0.7314584358283053,0.07305644962919737,0.11645134409205612,0.02036599545457474,0.2682602711908011,0.3520435017436189,0.34005621226908084,0.16493258171710404,0.574829111737966
126,16-24,14,0.23773300302253259,0.21198444143970951,0.09983698099592975,0.41382384336266065,0.09069828339509724,0.14542219846953647,5.800810690193407e-06,0.26616227028902634,0.6715687135823701,0.6399543224468778,0.43242358453483026,0.790292653740634
126,25-34,14,0.23025276259472124,0.20173475885964395,0.0909063748698626,0.3796778691131668,0.09230445818756995,0.15010430606113567,2.6049271782443562e-06,0.2848090457836674,0.6774427792177088,0.6428237491714635,0.4290968905840746,0.8248935048125069
126,35-44,14,0.2394448514071839,0.21654961796235908,0.0968145771828539,0.42003418564294237,0.09966619856458721,0.15398233737097575,2.8760692641633374e-06,0.32844604951898043,0.6608889500282288,0.6274772446314825,0.3631128031732606,0.7882584938566976
126,45-54,14,0.2430073743450232,0.2114978465693625,0.08808591422352402,0.4098688245982628,0.0997664287337362,0.14698366880422598,2.714615894130735e-06,0.30400394419877624,0.6572261969212406,0.6383132272308945,0.3664891286859136,0.8371521545483906
126,55-64,14,0.24026747592064324,0.22157180815742195,0.08614796541039543,0.4082035204751341,0.09657305769726791,0.1447187654491898,0.011398109486396716,0.2829762797614293,0.6631594663820889,0.625279818587487,0.375963674319058,0.8260857724127927
126,65-74,14,0.2430073743450232,0.22373294531578153,0.08744694787640722,0.4133552391308152,0.0997664287337362,0.15211135133686135,6.834458515599607e-06,0.3178725274987121,0.6572261969212406,0.6177610505089166,0.4168886414612849,0.8026475190446943
126,75-84,14,0.33272499824446594,0.2936369211702607,0.1307812458967664,0.5242156383372502,0.09317399207992658,0.14253869426121848,4.792827752130218e-06,0.29857743826518357,0.5741010096756074,0.547956758674331,0.2804485989887238,0.7553402040714601
126,85+,14,0.5732082204454441,0.5334117658291816,0.2627699459810256,0.7471607600804151,0.0733472023332176,0.11013184077876034,3.262136034078058e-06,0.27355486669530804,0.35344457722133826,0.3425865802949588,0.19235026155737142,0.5909370722479246
129,16-24,14,0.22504132986220274,0.19975224003247283,0.08248983343988735,0.3954884385631441,0.08694022218327598,0.13868512211346046,2.1594694306588003e-06,0.3130078953168191,0.6880184479545213,0.6465122720062217,0.3931637596253251,0.8182976576409459
129,25-34,14,0.21609515178639205,0.18179233145088464,0.07280284524276863,0.35948259038288666,0.09400217210116373,0.14807640127514077,6.943068096353177e-06,0.3094581429827308,0.6899026761124443,0.6619494350468954,0.4125956007772246,0.8342560277027823
129,35-44,14,0.2254300041578922,0.20680119948582013,0.06363888668328775,0.420739650377603,0.09426955767058634,0.1460568580565381,2.365762492994291e-06,0.31520570852799623,0.6803004381715215,0.6403691271602139,0.39774807641492604,0.8408196815920835
129,45-54,14,0.2257857818823741,0.2059181317017548,0.08360397005896403,0.40129785527350037,0.09284011744602655,0.14827008979489056,0.01491861801846188,0.3202570867429393,0.6813741006715993,0.6354449087622429,0.38400523906007006,0.8205099863473566
129,55-64,14,0.2257857818823741,0.20244179514815708,0.08057161615192407,0.37721890292229454,0.09284011744602655,0.15916121608732947,0.01133354216390908,0.2986926708320092,0.6813741006715993,0.6283929453014117,0.37336255191779616,0.812600030716138
129,65-74,14,0.2257857818823741,0.21042048645461892,0.08488266144423753,0.41126468607871497,0.09284011744602655,0.15163379004094937,2.9305887341177854e-06,0.30156876752102985,0.6813741006715993,0.6313799387712802,0.41561334571340214,0.8180716857909891
129,75-84,14,0.3314982700474326,0.2836325661717408,0.11951177553756265,0.47652643010224754,0.09334528452009577,0.15242377968688683,0.010433115804199583,0.30926043671549464,0.5751564454324716,0.5513680644940588,0.33719704349244345,0.7603074200483168
129,85+,14,0.5749000486271837,0.530450410410457,0.2556758797071068,0.7552654409692501,0.07305644962919737,0.11768726415082453,0.02021028871414563,0.2458895330251024,0.3520435017436189,0.3461035566091686,0.15054087471598313,0.6185365838021857
135,16-24,14,0.1535407667082919,0.18214066331036016,0.06987416667572667,0.3887356890999855,0.08560441393066553,0.13637718693495113,2.3955428600409763e-06,0.271580274251308,0.7608548193610426,0.6695707275585244,0.45870649702547917,0.8413090992770287
135,25-34,14,0.13926392114282027,0.15599627721913606,0.06297558004129136,0.32936094074512584,0.08982554141307915,0.1385079041180396,2.1675524733427033e-06,0.28220635583408327,0.7709105374441007,0.6946621893260299,0.4903859797380183,0.8529990079726828
135,35-44,14,0.1755808248724335,0.18192638028792285,0.0769179230836982,0.3847718159288564,0.09377913404437005,0.14880387580296817,3.1943164611704446e-06,0.2923111492245141,0.7306400410831965,0.6612428213618929,0.4254385914742521,0.8456071532253672
135,45-54,14,0.15960367026306094,0.18555338292130222,0.06949920201047581,0.3978249844394791,0.09109979230756896,0.14543676963076485,0.030138326532835734,0.2866966090586706,0.7492965374293701,0.6620562013071988,0.4437511290395551,0.8311800192443609
135,55-64,14,0.20371968841140722,0.1900191603734765,0.07252740410429902,0.42964154527847304,0.09169831195114422,0.1500707434083518,9.7878127501944e-06,0.30518148642569776,0.7045819996374486,0.6529692721009045,0.417715759578071,0.8302172055510618
135,65-74,14,0.20371968841140722,0.1868686648229016,0.08051696967743062,0.3893638621541489,0.09169831195114422,0.149108203660462,5.681981829983033e-06,0.29027314658945536,0.7045819996374486,0.6556792226994514,0.4160713971272808,0.8334063859391144
135,75-84,14,0.31580238280594164,0.2755866710707362,0.10472854283108021,0.5081941564430781,0.09557991403874912,0.14558555710130755,1.9218436014917336e-06,0.2860256890981513,0.5886177031553093,0.5608398601355741,0.28822257785318994,0.7900083942419219
135,85+,14,0.5572827129171116,0.5229992373602868,0.24124652176121847,0.7163889758408172,0.07611704226467804,0.11248253974017859,0.025086336099988636,0.24013288833968097,0.3666002448182104,0.3581748674705434,0.21394409898296776,0.5929371252227356
136,16-24,14,0.16397308729739704,0.19928471323461044,0.08306245400354499,0.3917022813652862,0.08623372053923213,0.1368079028053723,0.008668076264618107,0.2588707512982225,0.7497931921633708,0.6546923417163723,0.4398549001359381,0.8314381099043876
136,25-34,14,0.20565403230974177,0.18080882114978508,0.07362996004619593,0.3807616770402187,0.09143327197363313,0.1502337975816557,7.060465054285241e-06,0.30423616112453616,0.7029126957166251,0.6623000607537725,0.39807475288118993,0.8297193230828724
136,35-44,14,0.2254300041578922,0.20348170903853613,0.06686105170779405,0.397515600431174,0.09426955767058634,0.15404581285496663,0.01717175040321257,0.3678771073379996,0.6803004381715215,0.6390905044982576,0.36823861329037866,0.8115724645912651
136,45-54,14,0.2257857818823741,0.20262558349573379,0.07976951771426792,0.4194998258329776,0.09284011744602655,0.14127727017486652,2.2081910833391387e-06,0.2732860672997318,0.6813741006715993,0.6519665461054696,0.42381022461193907,0.8433981328892213
136,55-64,14,0.1642169071606942,0.19815452477985368,0.07940752599146511,0.4107762102322734,0.08981732789724975,0.14467153826688084,2.7115689969395368e-06,0.28510591053451917,0.745965764942056,0.6491011793176109,0.43576756540636935,0.8251357329862214
136,65-74,14,0.2257857818823741,0.21227683537556402,0.09160185485107109,0.40506616670992723,0.09284011744602655,0.14506721544187007,7.6269447561693294e-06,0.28299259655974585,0.6813741006715993,0.6305325667048249,0.4187167557799265,0.8168081647882428
136,75-84,14,0.3314982700474326,0.280389080549488,0.11095263094355724,0.48532263616490406,0.09334528452009577,0.14385923428379346,2.676990097649643e-06,0.26866023112224924,0.5751564454324716,0.5644026436773737,0.3557308018267406,0.762921406474346
136,85+,14,0.5749000486271837,0.5264561876592146,0.26577417787077917,0.7170199782972286,0.07305644962919737,0.1119864981081444,0.021667462648963708,0.23906180268931101,0.3520435017436189,0.353009669905877,0.18749658090531832,0.6233073921213702
139,16-24,14,0.2046245688584371,0.1815473817870599,0.07035900263014223,0.3821188261960505,0.08781148879956631,0.15398096591126315,8.172378404580954e-06,0.345358029777894,0.7075639423419967,0.6567428863889123,0.39800552326201993,0.8400697694331255
139,25-34,14,0.14719777492774427,0.16499684295922104,0.06472067915722651,0.3678770939492743,0.0902971461593613,0.1562832020802959,0.028049672813020246,0.34474650088628433,0.7625050789128944,0.6699619711995276,0.3719790321870954,0.8547957421373416
139,35-44,14,0.165251294670553,0.18617280966840077,0.07553317904383969,0.3767889924161264,0.09181383729415074,0.16266871666938612,0.010955420289656214,0.29006558067619453,0.7429348680352963,0.6505067559013915,0.4289990419148069,0.8252283338442485
139,45-54,14,0.2048367841436622,0.19151579351343928,0.06843388871390134,0.3957709250536129,0.09152734140544051,0.14641030262535124,2.974306106222805e-06,0.28405338860608625,0.7036358744508973,0.6587582761991468,0.41725367980796096,0.828114986069954
139,55-64,14,0.2044960507516785,0.18179951824902313,0.07795899132975828,0.3775960273340642,0.09303852979761051,0.14485249400489944,6.2690677834196756e-06,0.300149641721809,0.702465419450711,0.6638912854399512,0.45162504424260785,0.8176787346757631
139,65-74,14,0.16349469368808678,0.18716877078106986,0.07722595464566558,0.39912636208446745,0.08989494047979268,0.1423519910644369,2.2294097278612716e-06,0.28644333695588486,0.7466103658321205,0.6687039695795468,0.4372253974763277,0.8205590118696469
139,75-84,14,0.3172919621280343,0.26099761651288633,0.10948524842200356,0.5160441696492829,0.09532896204148442,0.15828862393035892,5.825812233313939e-06,0.3223611351732691,0.5873790758304812,0.5714378798198492,0.32952728859626973,0.783082112134413
139,85+,14,0.5589848981916783,0.5020760179051458,0.25093140119969787,0.7385878042007785,0.07579158140791852,0.12137881580829037,2.7936452640191613e-06,0.2537543515537269,0.3652235204004032,0.3710151115949546,0.1762742259570724,0.6222100201049043
142,16-24,14,0.22530398730481005,0.20241709256178086,0.08696211863425364,0.3886146277371443,0.08587454261972306,0.13186657250642572,4.628555955939877e-06,0.27454560813766826,0.6888214700754669,0.6587644107100493,0.4253133238530403,0.8514736159120974
142,25-34,14,0.1487164026419353,0.1772893064601862,0.06434406289839581,0.3582336773160916,0.08496204149271039,0.14413579442000324,0.03185297760292373,0.28365414602462097,0.7663215558653543,0.6781343292494307,0.4407369818423934,0.8274848759477608
142,35-44,14,0.21437112737669653,0.20087943568597857,0.07837253057278737,0.4100031302729166,0.09546592481189906,0.14801884884773214,2.753683501899163e-06,0.3452851177553361,0.6901629478114044,0.6478477981201427,0.3826579296985982,0.8163926309377719
142,45-54,14,0.21287987757746585,0.20552732115944305,0.0865400716604767,0.40628224439279337,0.09214856419266067,0.14782742827225437,0.017324017045856076,0.34439124554241535,0.6949715582298736,0.6484242926744892,0.3180467471499216,0.8015903525684278
142,55-64,14,0.22606721380069075,0.20192300871952087,0.07988968770459946,0.3666655039977464,0.09170938306656913,0.14046985168693626,7.539105428674161e-06,0.2778120912568015,0.6822234031327401,0.6497221906592121,0.4463077422704848,0.8277602810029816
142,65-74,14,0.22606721380069075,0.20338011250193985,0.08437879218761017,0.4025596957821444,0.09170938306656913,0.14121690451313168,0.03602959236957367,0.27100120272843886,0.6822234031327401,0.6476440283824301,0.4645298089584645,0.8191208540229347
142,75-84,14,0.3424723151996942,0.2992468980039645,0.13012598916295312,0.5756131149793959,0.09246784033659892,0.14059492360991155,2.2246965006519524e-06,0.2918639098249078,0.5650598444637069,0.5406086797347612,0.2863406709062211,0.7649045450791896
142,85+,14,0.5754637857688294,0.5395207533164463,0.2757073774484506,0.7606626148842278,0.07214750465902241,0.11030525342257028,2.165693066657453e-06,0.23982110879649668,0.3523887095721481,0.348808104270108,0.16646449154177526,0.6347417968910073
147,16-24,14,0.21340955340746046,0.19655478316610192,0.07918347686351998,0.36286166039839785,0.08824515529562077,0.142043044007852,0.011007776941075588,0.2902044010340267,0.6983452912969188,0.6487015359681866,0.46473980279056876,0.8211663702179423
147,25-34,14,0.15589746400694143,0.17762582130172436,0.07106964267631156,0.3523399183352572,0.09089138566936387,0.14900392646774321,4.343707938534108e-06,0.3102082044111206,0.7532111503236948,0.6661046592541509,0.4436865325259911,0.8324649216691039
147,35-44,14,0.16264418997676144,0.19502974819751887,0.0852005133600763,0.3821235613067396,0.09134916634258843,0.15256222317780926,0.03514204284037666,0.28751012900110695,0.7460066436806502,0.6396722274544764,0.43714909121172196,0.8097839067285951
147,45-54,14,0.2240984904906958,0.19905643794070826,0.07860016234734236,0.38263488701120535,0.09304244947158653,0.1552656132711766,8.500341211187695e-06,0.33190852690072326,0.6828590600377177,0.6299988613555705,0.41826601312135947,0.8373966532793182
147,55-64,14,0.2240984904906958,0.20492915177408366,0.08438555824247898,0.36498428420481904,0.09304244947158653,0.14878340420191932,0.029167370731326213,0.28807272457839483,0.6828590600377177,0.6427414111509229,0.42408249172410317,0.8419171443373306
147,65-74,14,0.2240984904906958,0.1943221329754059,0.07253851162932877,0.37774957188534886,0.09304244947158653,0.14405249116897345,6.769786340496143e-06,0.30812707534985756,0.6828590600377177,0.6555021059655899,0.4150538445204435,0.8420363751049819
147,75-84,14,0.3293570587406139,0.28491521638386774,0.12515904045527423,0.5178731942361315,0.09364426950352556,0.14673282391342835,0.012426739104003593,0.29615311427888913,0.5769986717558606,0.5479390944391678,0.3143519779569809,0.7652454965265324
147,85+,14,0.5725331388620198,0.5316182129754724,0.2572915049119648,0.7255541394139043,0.07346321990399306,0.10937480566432665,2.603137858396332e-06,0.2669650104196786,0.3540036412339871,0.3514167826756301,0.14811605025586283,0.6074396347361198
160,16-24,14,0.2125970425167942,0.19783069087016023,0.08913787283407938,0.40480323182404016,0.08875639054383362,0.14185589666774218,2.653166109408521e-06,0.3021854669344152,0.6986465669393722,0.6569286291266918,0.39894451533020453,0.8194450046404731
160,25-34,14,0.1478607240047948,0.17552236905385843,0.06824491290581211,0.3557650398327348,0.09022695120917626,0.14397843455544482,0.023936992130348205,0.2978640298554218,0.761912324786029,0.6701168977792389,0.4422271742635227,0.8417588784205273
160,35-44,14,0.2254300041578922,0.20028072427428323,0.08739953868668159,0.3807782652000126,0.09426955767058634,0.1536269304736087,2.646205959698215e-06,0.31626362766305216,0.6803004381715215,0.6397148716726162,0.40828600331873177,0.839036022713509
160,45-54,14,0.2257857818823741,0.19958643283116756,0.08191068973780931,0.40349233302583964,0.09284011744602655,0.15162075707182218,2.247141413074607e-06,0.30130458576483143,0.6813741006715993,0.642052227669992,0.37809431057564774,0.8471648194714592
160,55-64,14,0.2257857818823741,0.20101354060700632,0.08720155664630763,0.36305414940649106,0.09284011744602655,0.1484548683399209,0.012101725823130651,0.275991089687909,0.6813741006715993,0.6450699588630204,0.4316774558163882,0.8211924802254169
160,65-74,14,0.2257857818823741,0.20656179778277234,0.08199501388303855,0.3822978229252745,0.09284011744602655,0.14562719276820402,7.477983401459597e-06,0.27098262826011654,0.6813741006715993,0.6374776670848048,0.4520733456711691,0.8315304102595106
160,75-84,14,0.3427331997344479,0.283942531755325,0.1185891774800959,0.532178067131101,0.09177651115540739,0.14163592036996953,4.906940218776201e-06,0.28947873530644186,0.5654902891101448,0.5646674336131433,0.28671450168290347,0.7806134842354622
160,85+,14,0.5749000486271837,0.5221733976877059,0.2321975518056403,0.7225315271656775,0.07305644962919737,0.11542911695393532,0.01462168245036938,0.253498707558389,0.3520435017436189,0.3501705505531589,0.19298769447914982,0.6380052436207727
17,16-24,14,0.21503866988512135,0.20037221932008123,0.0864628972720481,0.39577152262466925,0.08806238974438811,0.13715992118471765,2.8309783814199237e-06,0.2862778784062489,0.6968989403704906,0.653619352699666,0.4244129297523838,0.8243967567814399
17,25-34,14,0.15257373141040748,0.1639490833479005,0.06969333142745168,0.36668444836970604,0.09307027671243123,0.15309604590894255,2.584721665049922e-06,0.36494544266845913,0.7543559918771613,0.6720083544157769,0.4023126488338743,0.8492762371809962
17,35-44,14,0.21433462928755267,0.20415204258030287,0.07420393858712154,0.4240935595544284,0.09561992766533303,0.152141478104094,2.728899610672643e-06,0.278951693168554,0.6900454430471143,0.6366827632377564,0.39889473394548025,0.8147676890491387
17,45-54,14,0.2257857818823741,0.19892958590249427,0.08955092497961006,0.3993978597275838,0.09284011744602655,0.14808448018165832,0.029352526387994553,0.2891623201749028,0.6813741006715993,0.6413409279464313,0.42940049107953476,0.8143036791559239
17,55-64,14,0.2257857818823741,0.20423137018062354,0.07701128857036166,0.44281841585995413,0.09284011744602655,0.1451433637740494,2.537275260521208e-06,0.282842721938213,0.6813741006715993,0.6387795283261559,0.3733353668103325,0.8380500198624405
17,65-74,14,0.2257857818823741,0.20699116230096848,0.09105489752279278,0.4062720425773617,0.09284011744602655,0.14681387328312423,2.93698171819469e-06,0.27504233254555127,0.6813741006715993,0.6407403341601962,0.43857697760811226,0.8182135529404237
17,75-84,14,0.3420424485921048,0.2879557549285797,0.11408641253132949,0.4910273460663256,0.09360696240118176,0.14730898709832518,2.1400763081713896e-06,0.29461261546213835,0.5643505890067134,0.5470718000746755,0.3515772811406906,0.7634295232746198
17,85+,14,0.5749000486271837,0.5177471599897814,0.2605225341602887,0.7346173278446151,0.07305644962919737,0.11359950406400823,2.96159720115013e-06,0.24918085030637027,0.3520435017436189,0.36112071777855737,0.16396534868402027,0.6354809919359149
171,16-24,14,0.2615828356052213,0.2629734814983682,0.10887710089339561,0.46824594726004803,0.10297618311506726,0.15372673790110947,2.265331655571526e-06,0.29649223677099135,0.6354409812797115,0.5771045126358687,0.3709281931366251,0.7881736078018202
171,25-34,14,0.24260790510140282,0.22090035540698094,0.10083653861632719,0.44766343933164643,0.11112440847501731,0.1670514521497169,3.1442305901689324e-06,0.30868012999786754,0.6462676864235798,0.6018873106854317,0.34648741287872437,0.8078169298560833
171,35-44,14,0.26074057424426916,0.25674074107507194,0.10522883857830274,0.4447945556357684,0.11003336215579324,0.15196050625189633,2.5774467322457787e-06,0.2803572678620299,0.6292260635999376,0.5845617331099455,0.36018340217669076,0.7880851808529856
171,45-54,14,0.261221018710749,0.25132900312804635,0.11549922619034451,0.46074834777994345,0.10839349637064183,0.15868886316873052,0.03283821496164069,0.2916552313115137,0.6303854849186092,0.5769207270562793,0.3532550356782503,0.7527182220819036
171,55-64,14,0.261221018710749,0.2520304173877338,0.1148660707788772,0.48173260361433023,0.10839349637064183,0.1488385332300503,4.90906647677755e-06,0.3364750983593558,0.6303854849186092,0.5807714766837218,0.3490420461938646,0.7578430688310714
171,65-74,14,0.261221018710749,0.2577780368329784,0.11225183609922307,0.4947361272951842,0.10839349637064183,0.15456585545403262,2.6587518493368434e-06,0.2980804775140404,0.6303854849186092,0.5835304088632771,0.342727513957324,0.7778562429783769
171,75-84,14,0.3979290049474013,0.3456374137135312,0.14685817499032075,0.5649174607192892,0.08600386309763311,0.1512132060623089,0.0429287908467526,0.31555150805227866,0.5160671319549656,0.5016071902886354,0.23560698583697595,0.7191025366358847
171,85+,14,0.6068480456862553,0.5671918253553773,0.2962182847295308,0.7567107626573875,0.07388116295556103,0.10847933759322945,1.4700285627740718e-06,0.2391409508462859,0.31927079135818376,0.3171582339953643,0.15572612737406197,0.5961749815560922
196,16-24,14,0.22933274419594,0.2077061680053725,0.08698474887848538,0.4112322001019689,0.09864659575090959,0.16003352207298022,0.030892563998325896,0.302366422001459,0.6720206600531505,0.6290092428018292,0.3710404620683117,0.8007784626459417
196,25-34,14,0.22147458481371313,0.1967558135668756,0.06840281625157052,0.373545421567099,0.10638679479896647,0.16324060582145475,0.03351296628706312,0.34367591252930235,0.6721386203873204,0.6387318941861628,0.4127562686946908,0.8065035283917745
196,35-44,14,0.2308183251826103,0.20379264479053424,0.08029397281655476,0.4305991477538045,0.10832261101945916,0.1591322338599972,6.77949767677923e-06,0.32108392258628893,0.6608590637979306,0.6206670623687984,0.4012888994839841,0.8173425807151657
196,45-54,14,0.23168044427721027,0.20874071498485866,0.08585780224386064,0.4092551661252409,0.10499214710306518,0.16179107913279506,3.5220665699785415e-06,0.32677911275824084,0.6633274086197246,0.6237905275534199,0.38734946812389454,0.8173510510250374
196,55-64,14,0.23123700994779364,0.20573900800309858,0.0860588002778455,0.3881958781926021,0.10670518424916571,0.15737994033340508,8.942351490470025e-06,0.29483224622959164,0.6620578058030405,0.6263409056194512,0.42039465656297637,0.8110212853057256
196,65-74,14,0.23428049146834515,0.20998796183415636,0.0842397605736131,0.4062380823084623,0.10844450317304233,0.1700037813569521,3.1177231760072388e-06,0.3128644915593712,0.6572750053586126,0.6183770695384073,0.36754789791391057,0.8033635181379067
196,75-84,14,0.34119145994154154,0.29718425271340176,0.1260881328995867,0.5351570939128218,0.09800370181617449,0.14962244744932815,2.555468652241471e-06,0.2828576971205981,0.560804838242284,0.5443020448018452,0.3064340606427741,0.7574116499390829
196,85+,14,0.5748613999376548,0.5334609933194085,0.25635138326828094,0.7335390766525893,0.07445798570758423,0.1215361593058428,3.7220322549787373e-06,0.27808655043462777,0.3506806143547609,0.3356526542538133,0.16524277329359752,0.585536495611614
201,16-24,14,0.14262595641982445,0.16349044881259003,0.06043702425587513,0.3729517282841537,0.08480084835616021,0.14337391878779718,1.941861941497452e-06,0.3469280941343746,0.7725731952240154,0.6879602928401738,0.42185058261431485,0.8369024498030379
201,25-34,14,0.12921797813585628,0.1410845043760706,0.05893585590792042,0.35122387026071256,0.0888819020290891,0.14311994574496642,4.421475294202696e-06,0.29679753556685307,0.7819001198350546,0.7058830402733398,0.42216141334404567,0.8495158930338577
201,35-44,14,0.14279145869373314,0.17646071991799603,0.0664485933919673,0.3718248874631206,0.08882968554719328,0.14815271270603295,2.4246278843227276e-06,0.303235862594639,0.7683788557590735,0.6677251416655059,0.36397119853616067,0.8610010542214074
201,45-54,14,0.1430037911430233,0.1662952028555435,0.06344469343747651,0.3981934828690634,0.08747476539749989,0.14233993717477791,2.864281896357513e-06,0.3098129286949937,0.7695214434594768,0.6829434513398804,0.4155374531258916,0.8517483193875787
201,55-64,14,0.1430037911430233,0.17578827307692294,0.06119168325246472,0.3498501405799016,0.08747476539749989,0.14632567309854821,6.800917047412171e-06,0.29302187959818476,0.7695214434594768,0.669586707258188,0.48110880186620114,0.8346773012706453
201,65-74,14,0.1430037911430233,0.17265815834272719,0.0698498708159936,0.37058782381463623,0.08747476539749989,0.14583363867741828,3.2651411502105646e-06,0.34125524173523547,0.7695214434594768,0.6731312199140599,0.4053585181876932,0.8331509675884096
201,75-84,14,0.313125979893272,0.28070105884565516,0.09493913068484322,0.5133033003197045,0.09535976749122392,0.14863151315381012,2.0214613384588947e-06,0.3344270358501677,0.5915142526155042,0.5668094573905057,0.2574559886916666,0.7894482224276019
201,85+,14,0.5155115140381034,0.4768852214487425,0.18590066596549998,0.7074435021286634,0.08107368224476572,0.12124361951665354,0.023315374659204934,0.23846000661687458,0.40341480371713095,0.38781294419188733,0.20128648283418057,0.6814430089935265
241,16-24,14,0.22585326545472018,0.2093663374545417,0.0937824925499635,0.41371119881986634,0.08364595738240856,0.12329344283641974,0.008492189879201077,0.2520362433214043,0.6905007771628712,0.6605651554181802,0.40677131478487816,0.8177867024556262
241,25-34,14,0.14888751931425767,0.17781933621386584,0.06976932748921698,0.3587348919475053,0.08390917679368053,0.13185076595621897,3.2006659007071786e-06,0.28936505706432264,0.7672033038920619,0.6786097742812724,0.44267128380765536,0.8614008577303016
241,35-44,14,0.22293007924309055,0.2040668870634063,0.08617305453104933,0.3940720374418068,0.08999188802702178,0.13108141374228488,2.60857292773017e-06,0.2607013255709206,0.6870780327298877,0.6604928798447548,0.4545419576591083,0.8344957466660022
241,45-54,14,0.22581883763798713,0.19924118782601616,0.07422306005710087,0.38069057821168817,0.08832969174785525,0.13482322666655222,0.011849984222550427,0.2955540547893363,0.6858514706141576,0.6665234198731863,0.4282810521752195,0.8221226600998495
241,55-64,14,0.22581883763798713,0.20720099480314347,0.0829502654481825,0.4104717900526086,0.08832969174785525,0.12993056044496826,1.8389384586895384e-06,0.2773570409647919,0.6858514706141576,0.6587646957635458,0.43307592130481337,0.8447823381915588
241,65-74,14,0.22581883763798713,0.20325396657451017,0.08258800399340875,0.38821361185635206,0.08832969174785525,0.13509224898146294,3.0188642838437076e-06,0.2869785392626211,0.6858514706141576,0.6524117143166548,0.38949355572831074,0.8493757228902059
241,75-84,14,0.3391160574988606,0.30470503116839953,0.1225386367466011,0.5157527588660216,0.07251047620157111,0.1263626501429515,0.020171081150024594,0.2789379727778926,0.5883734662995683,0.5658989183318333,0.35674776220892734,0.757064207609379
241,85+,14,0.5844012209920679,0.5405186384314828,0.2826083193464156,0.7285546040207542,0.062038992843199726,0.0957068445750554,0.017782740497721168,0.22172422395356153,0.3535597861647324,0.3588437641683815,0.17598076196428933,0.620322059996644
255,16-24,14,0.21503866988512135,0.20049544888209686,0.08329647916685907,0.39917883803626203,0.08806238974438811,0.1377013238494431,2.762778290753099e-06,0.27954105196627393,0.6968989403704906,0.6564849680712459,0.41262457555139354,0.8182694997086291
255,25-34,14,0.16699369284641052,0.17776073705632162,0.07140822998096459,0.36190078572706497,0.09330626594748338,0.14763291823876334,0.018035493437458253,0.2859528154478272,0.739700041206106,0.6704211921154585,0.4453770016476561,0.856815651285485
255,35-44,14,0.21433462928755267,0.20011409046480444,0.0759695431067277,0.41289743460921347,0.09561992766533303,0.15502215755499116,2.84732313555125e-06,0.30094083181861675,0.6900454430471143,0.6364377084830459,0.3981346968349022,0.8203574254801056
255,45-54,14,0.21261359509776495,0.201588913048382,0.07017441453543806,0.39185122188583904,0.09328415734631053,0.1507952408170986,3.0231562762580316e-06,0.2891969808529053,0.6941022475559244,0.6355381793200137,0.43324233249516486,0.8336875239806222
255,55-64,14,0.2257857818823741,0.20178709893343938,0.07928867192430367,0.3855532827023915,0.09284011744602655,0.1453516299353483,0.018419933748858277,0.2770665999196967,0.6813741006715993,0.6398483222178866,0.4450672053365905,0.8275484370670227
255,65-74,14,0.21261359509776495,0.20392403516978613,0.08665638830686585,0.3678993197899495,0.09328415734631053,0.14724818660516253,0.02468836617890787,0.2944937962612848,0.6941022475559244,0.645549332367785,0.43162850702885824,0.8123762449487366
255,75-84,14,0.3427331997344479,0.2918291242457522,0.12743729898002462,0.5218607571601314,0.09177651115540739,0.14851684400144138,2.6571231136409408e-06,0.2850147804544479,0.5654902891101448,0.5496141895473967,0.3429886339117808,0.7657888064821599
255,85+,14,0.5749000486271837,0.5286598154925524,0.2441737001071833,0.7767649108714274,0.07305644962919737,0.12179310532588304,2.0829300335089347e-06,0.2818913248809796,0.3520435017436189,0.3430398713807229,0.12989366378902018,0.5942823645632977
272,16-24,14,0.22504132986220274,0.20601833152604626,0.07650191913480334,0.3909661254984375,0.08694022218327598,0.1406315641334504,2.3927436416481274e-06,0.2835474070931689,0.6880184479545213,0.647244875320415,0.4486514773354604,0.8286117880183576
272,25-34,14,0.1478607240047948,0.17721218303637892,0.07725272066616705,0.35405836046313516,0.09022695120917626,0.15008441310144072,3.2590436103288576e-06,0.2932938604519766,0.761912324786029,0.670135236963376,0.422169188182153,0.829010001278065
272,35-44,14,0.2254300041578922,0.20109244502809295,0.07649391962605878,0.39724337440336766,0.09426955767058634,0.15470734312696593,3.422588577798828e-06,0.3118015874603245,0.6803004381715215,0.6411783680693415,0.4153772812033798,0.8253079463703817
272,45-54,14,0.2257857818823741,0.20528768637933759,0.08529171928706637,0.38669827945928986,0.09284011744602655,0.14839731216081947,6.550631039940202e-06,0.2970480824418075,0.6813741006715993,0.6308483281156239,0.41830864553430913,0.8398561774497784
272,55-64,14,0.2257857818823741,0.2008779653242194,0.07899433830010363,0.40018955808447887,0.09284011744602655,0.15048198091868964,2.411081292949109e-06,0.31809050566791475,0.6813741006715993,0.6319642469728373,0.3789469347931458,0.8371112368414928
272,65-74,14,0.2257857818823741,0.2091631080341223,0.08124498697473541,0.4099475131363033,0.09284011744602655,0.15327180117876837,6.626161091874604e-06,0.32613320511533234,0.6813741006715993,0.6200518936990435,0.38425049370724934,0.8158431441501717
272,75-84,14,0.3420424485921048,0.28577088178162835,0.10158244057264862,0.49339857581371255,0.09360696240118176,0.14960461991703716,2.8029000946033255e-06,0.28372370377862344,0.5643505890067134,0.5638826543787856,0.3473182379438387,0.7806941526503323
272,85+,14,0.5749000486271837,0.529958329835498,0.270196518274668,0.7247541164961635,0.07305644962919737,0.11721377664347479,0.013991481009110887,0.2365078614130866,0.3520435017436189,0.3471145224471659,0.19083420314125155,0.5927868841259363
279,16-24,14,0.22504132986220274,0.20279803693728254,0.08190478799439639,0.4201274646290876,0.08694022218327598,0.1431651744956425,2.052019073053084e-06,0.30046842935598866,0.6880184479545213,0.6440197368068545,0.3604377447401926,0.8402464853868544
279,25-34,14,0.21609515178639205,0.19310846399428927,0.07032228519752196,0.38318208497454304,0.09400217210116373,0.15970584027504847,5.935203309378115e-06,0.30027708897653727,0.6899026761124443,0.643182551444618,0.3842908609357604,0.842489965749925
279,35-44,14,0.2254300041578922,0.2030748975042712,0.08074211153524342,0.4056804524415923,0.09426955767058634,0.1527236764368381,6.857934200144047e-06,0.3316196472807499,0.6803004381715215,0.6379833122418958,0.3544151617736608,0.8239584113973633
279,45-54,14,0.2257857818823741,0.20468572044304412,0.08206247170398842,0.39735459941563944,0.09284011744602655,0.14663480343881935,2.2163479133388614e-06,0.328204259257543,0.6813741006715993,0.6373165861025227,0.39528186351935274,0.8234528798011317
279,55-64,14,0.21467774937034972,0.20351128255184164,0.08587322146248237,0.4505202000071837,0.09417214031370004,0.1493338367251809,2.567427478044382e-06,0.30776221188575376,0.6911501103159503,0.6368185428590282,0.36716536168317454,0.813556426805637
279,65-74,14,0.2257857818823741,0.20391621994026105,0.08812639998932227,0.41751683678047813,0.09284011744602655,0.14583067395690127,2.746134712477822e-06,0.2970636694143264,0.6813741006715993,0.6452576936796042,0.4021777523392434,0.8057637492584677
279,75-84,14,0.3420424485921048,0.2847909500123693,0.12324440801865393,0.5583638239830147,0.09360696240118176,0.14903004689625263,2.758730627928552e-06,0.28956790310943875,0.5643505890067134,0.5393998900856862,0.27820640388429363,0.74929778563115
279,85+,14,0.5749000486271837,0.5225466638829142,0.21602320672047579,0.7630810838619286,0.07305644962919737,0.11345638308639958,1.5493260607760192e-06,0.26679067039569565,0.3520435017436189,0.3587784987127154,0.1337790457399761,0.6481159705034202
280,16-24,14,0.12802260855888142,0.1510163773740497,0.05199906913274232,0.3205228996991635,0.08483286990589693,0.13279382240793342,0.024242232476472215,0.24839432418139318,0.7871445215352216,0.7115711825502784,0.5257942364490258,0.8679819016354146
280,25-34,14,0.12660658855119314,0.12151541261749627,0.043670562029094924,0.2972547327943233,0.08769358750412992,0.14119347245033836,1.1572747688230316e-05,0.2952723596182364,0.7856998239446769,0.7274516567060787,0.4637177224472376,0.8836985772211615
280,35-44,14,0.12818328272158133,0.1481124008827021,0.05990231433249405,0.34178272818067945,0.08887162970428261,0.14646936597837687,0.010391681962547212,0.2923744591869989,0.782945087574136,0.7012459265403992,0.40003676792453574,0.8552072862768595
280,45-54,14,0.12837398279189846,0.1520669492340274,0.05911947871795587,0.30431680725853566,0.08751613122901963,0.13094641972802212,2.8154042028379786e-06,0.26303628196716017,0.7841098859790819,0.705625482194373,0.5259027923890319,0.8522345625459852
280,55-64,14,0.12837398279189846,0.14736829209605834,0.06451222401829834,0.3038972896031848,0.08751613122901963,0.13413411931883484,2.236228763919865e-06,0.2635072733690262,0.7841098859790819,0.7098675329240383,0.5271054892516979,0.8424544248264236
280,65-74,14,0.12837398279189846,0.15100226075728818,0.061843253463488145,0.31193673306849706,0.08751613122901963,0.13926091923453393,2.2379020567429564e-06,0.27144290946780325,0.7841098859790819,0.7057821854507698,0.4840302774223509,0.8617877441410248
280,75-84,14,0.24140198238429858,0.21388942366397706,0.06563091579590537,0.40808291256177565,0.09193146876004356,0.1284895590044533,2.1531164397324567e-06,0.27733686395238827,0.6666665488556578,0.6471217900039103,0.4337587262257058,0.8357446892324586
280,85+,14,0.4869257095580673,0.3314846496912923,0.08814763269320092,0.6152436250753534,0.06883412130850962,0.12116161231760325,1.976043056486589e-06,0.24972805284598,0.44424016913342307,0.5362386235088342,0.26150457523263027,0.789453318183411
293,16-24,14,0.2257624372319198,0.20180145515784081,0.07755032367171251,0.40004344370910566,0.08401447456536501,0.13918522066087646,2.0561216021005584e-06,0.27785596545456254,0.6902230882027152,0.6564328736511756,0.41300649104065174,0.8434912012328627
293,25-34,14,0.14835249014940802,0.1775802079115945,0.06955569029117804,0.384447676725082,0.087201160637081,0.14720086131490787,2.330043839725733e-06,0.2917623457121977,0.7644463492135111,0.672196860367757,0.4031420881422909,0.847369790219118
293,35-44,14,0.22621346523494243,0.19740397736157644,0.0803856797491389,0.4013900674057008,0.0911217754997285,0.1485652291630583,2.826598848300647e-06,0.2975667442533333,0.682664759265329,0.6411542894079296,0.39652715745595496,0.824948929153328
293,45-54,14,0.22543847357849792,0.20813215824015974,0.08515290310745498,0.4273064018076508,0.08986528825959748,0.1418433008915697,0.011528944526899796,0.2891256965462525,0.6846962381619047,0.6407094338025612,0.36340321519321633,0.8345125669418695
293,55-64,14,0.226558540082199,0.2008099979173099,0.08009384918548078,0.4449650554101357,0.08973533718948681,0.1457516748328107,0.010182830233230656,0.3132960369015662,0.6837061227283141,0.6398533495421362,0.3925647363408109,0.841690596489584
293,65-74,14,0.226558540082199,0.205857824911546,0.07991086485360181,0.43951108449959164,0.08973533718948681,0.13812810703072148,2.174246068025699e-06,0.2948313452644948,0.6837061227283141,0.6459497322646086,0.3898602815930422,0.8456134373537914
293,75-84,14,0.3326390269065175,0.29581469682648465,0.1194897802633915,0.5376116603386549,0.09022529060472088,0.13746509003383645,0.027603100486126773,0.28690119465976244,0.5771356824887617,0.5557796689285088,0.305321778496148,0.7820178050214596
293,85+,14,0.5764472456982439,0.5288438990697946,0.2322067954198192,0.75107543006612,0.07056181712812772,0.10976786184315741,1.5889345262985368e-06,0.26393491049263684,0.35299093717362834,0.364852928038926,0.15477847485287446,0.6162233061948494
30,16-24,14,0.23414466645417892,0.2104175084120053,0.07873867471209371,0.39804882506686895,0.08869270392741477,0.14679629385684245,0.028921167429423886,0.274330780931644,0.6771626296184063,0.642248759800882,0.42089841199041894,0.8207232273684708
30,25-34,14,0.22633551228642595,0.18445958687724978,0.0783174211307483,0.3817963735378435,0.09574235817183963,0.1633376499851466,0.01154712761713301,0.3130952878119854,0.6779221295417345,0.6448226399038124,0.4051160542300613,0.8296749522491376
30,35-44,14,0.2358538589541489,0.20137418456989786,0.07777679773301399,0.3874616082413513,0.10143340693712025,0.1518996062769315,0.01587426624084781,0.32240532374738207,0.6627127341087309,0.638972036351415,0.35985613493216556,0.8264285018743213
30,45-54,14,0.23575358460957785,0.2237343331917666,0.07867790426286331,0.40923698468472886,0.1018154366252176,0.1515959613472344,2.6523109209704395e-06,0.30107342857715114,0.6624309787652045,0.6288549564291745,0.4267560619522355,0.8096491311529656
30,55-64,14,0.23219644845590529,0.2091559485532813,0.09769011821986083,0.39312303701823686,0.10069517330791947,0.15333493327062206,0.025294565633073526,0.2967695386720919,0.6671083782361752,0.6340126113662672,0.3796329667968097,0.786175123715029
30,65-74,14,0.23575358460957785,0.2058293040279354,0.08267220629455184,0.4015760207806274,0.1018154366252176,0.14659572061553688,7.083150828166986e-06,0.3058574652018984,0.6624309787652045,0.6309602526189823,0.4227884574328384,0.8365555618740805
30,75-84,14,0.3684212375500934,0.29255809103759667,0.1358961147766111,0.4769486157071675,0.0915351549306305,0.14592317789814158,0.011947695200997711,0.3088470196690993,0.5400436075192762,0.5457593033103827,0.345806000956873,0.7396831915951131
30,85+,14,0.5848060828970716,0.5332257285969018,0.28877015988546634,0.7663988154731469,0.07055210443834913,0.11353307961473005,3.517710550030721e-06,0.26337213607701443,0.34464181266457933,0.34478788047241193,0.16511396210975182,0.5879596051271182
35,16-24,14,0.2125970425167942,0.19165542871328894,0.07531103837786893,0.37354525781568493,0.08875639054383362,0.1401477452355462,6.470051709087125e-06,0.2972535499040555,0.6986465669393722,0.6527777710687748,0.4172390255415991,0.8497655407483904
35,25-34,14,0.20531229048560123,0.17444163252774122,0.06385521459781475,0.38214729586116075,0.09294306610459137,0.14922265715321595,7.498814733728353e-06,0.3027954154879859,0.7017446434098074,0.6663318027575695,0.39837465466826744,0.830715773377179
35,35-44,14,0.16396655764106885,0.20076497082348133,0.08349745577295006,0.39968077682578973,0.09120490606244595,0.1489611691864052,6.555237747255143e-06,0.2917647230712638,0.7448285362964852,0.6411971138203697,0.4231136850098229,0.8061602011897623
35,45-54,14,0.2257857818823741,0.20821949803542927,0.08671928730293257,0.41488937317768265,0.09284011744602655,0.1498767137809015,0.01237648163590808,0.32331982427142963,0.6813741006715993,0.6283570983994754,0.39873202008220254,0.8043315739626845
35,55-64,14,0.2257857818823741,0.21091798037186293,0.08467723084129485,0.41977750461046537,0.09284011744602655,0.15492444070740874,3.1092486051410655e-06,0.3067017178216779,0.6813741006715993,0.6289036665225485,0.33550331958068885,0.8251358445618633
35,65-74,14,0.2257857818823741,0.20738223454354232,0.08255566842129052,0.4011906985974634,0.09284011744602655,0.1469790220760639,2.265588648609709e-06,0.29586025163205704,0.6813741006715993,0.6460074849327007,0.4261948738864725,0.8320557580153994
35,75-84,14,0.3314982700474326,0.28440293788739934,0.1163373439911555,0.5520630184645128,0.09334528452009577,0.14804319584857295,2.5696712173140386e-06,0.3070233500191592,0.5751564454324716,0.5502641060331767,0.29210611257368235,0.7664605576823892
35,85+,14,0.5749000486271837,0.5188998865328396,0.23653654551800285,0.7192954589332468,0.07305644962919737,0.11693863622967748,0.014400646376999613,0.28080558433164987,0.3520435017436189,0.34632152317949677,0.1937664597065744,0.5995867711924672
44,16-24,14,0.16397308729739704,0.20365621045985965,0.09051870659104715,0.39770838566840633,0.08623372053923213,0.13998928013211875,2.376950905955662e-06,0.2512492462122973,0.7497931921633708,0.6514948804356391,0.4401275385866723,0.8322673922170568
44,25-34,14,0.1478607240047948,0.17065238212424824,0.05686352308037979,0.37125534519395303,0.09022695120917626,0.14650258902858146,0.009220831485272822,0.305623011650042,0.761912324786029,0.6665086516216211,0.3862637604500156,0.8604436737652523
44,35-44,14,0.21433462928755267,0.19816446943410304,0.07559731926260374,0.43145792549698314,0.09561992766533303,0.15021699802909266,3.0024633204142914e-06,0.3208701657911032,0.6900454430471143,0.6403801113780988,0.3699803059412175,0.8433067617561208
44,45-54,14,0.1642169071606942,0.20253592469566542,0.07608358211687337,0.37672037539407094,0.08981732789724975,0.14861345379194738,2.225868157166111e-06,0.2872034749373129,0.745965764942056,0.6442749669952638,0.41455829583758663,0.8230749956133624
44,55-64,14,0.2257857818823741,0.21060557550077663,0.08384823556943638,0.41673753086944343,0.09284011744602655,0.14756691331177946,6.33137313444245e-06,0.29974857305329694,0.6813741006715993,0.6341186672465307,0.36924552676559513,0.8078141878763585
44,65-74,14,0.21467774937034972,0.1957672564901907,0.08116723201302938,0.37225019835037054,0.09417214031370004,0.15046863140243144,0.010830930388084395,0.32364768231183744,0.6911501103159503,0.6412072143211807,0.4050231211334558,0.8228576499148247
44,75-84,14,0.3314982700474326,0.2813750317501218,0.11630093176899386,0.5240055621501515,0.09334528452009577,0.15123166097751584,2.683355693238568e-06,0.2902967489786318,0.5751564454324716,0.5566463170885914,0.34075009506272286,0.7805747859713383
44,85+,14,0.5749000486271837,0.5181036734913486,0.2274418417317677,0.7128251419455136,0.07305644962919737,0.1151964478432912,1.6613886856856008e-06,0.24734448511224372,0.3520435017436189,0.35651435940807674,0.2079071406660316,0.635205466946712
68,16-24,14,0.22479329394452888,0.20108325997384452,0.07652235593941932,0.4044132814914333,0.0879465778603446,0.14022750999434422,5.03636226256801e-06,0.3164743337444941,0.6872601281951266,0.6483672237582383,0.3935069295467381,0.8107599693191064
68,25-34,14,0.20478698346607827,0.1779227878522937,0.06324384726627456,0.361479063633756,0.09526383985542365,0.1427055063504471,3.1351054611706497e-06,0.3050227702697925,0.6999491766784981,0.6696890031758262,0.4455368417784361,0.8413115971747134
68,35-44,14,0.22516061855571645,0.20104767847180144,0.06544754461993355,0.40438757782721574,0.09535189248013048,0.15323136579917113,2.6710745944607356e-06,0.30863856750371127,0.679487488964153,0.6353949254555049,0.41689658578999095,0.8166439635263105
68,45-54,14,0.21236217757627288,0.197490349331535,0.07160285204263916,0.38755475495732006,0.09435635712616358,0.15471142035529373,0.009254360842645068,0.3086172572667857,0.6932814652975635,0.6373389158951435,0.36622877949395616,0.8419973740037183
68,55-64,14,0.22552005754496254,0.1974587177708757,0.06831970236206343,0.38826660363786225,0.09390774206219302,0.14560187917843403,2.5291126126711314e-06,0.2758324440064502,0.6805722003928445,0.6508129509632926,0.4546792452385751,0.8290851674072827
68,65-74,14,0.22552005754496254,0.20717527263646396,0.09154379639781031,0.4415301275843672,0.09390774206219302,0.14988476902988984,6.815901407871992e-06,0.2773698784103852,0.6805722003928445,0.6377416175608588,0.34914772130316857,0.8033642045763085
68,75-84,14,0.3314668961879943,0.27993985898833057,0.11461844086001514,0.511331725229494,0.09343109268313222,0.14950629174519486,4.429599898588229e-06,0.2944978573499927,0.5751020111288734,0.5507809462046487,0.35697256617606093,0.7607078148523038
68,85+,14,0.5748574638736227,0.5216430528320887,0.2669935235114101,0.7260427470739965,0.07312511141267058,0.11634933242027409,4.385913373353259e-06,0.2552626046796405,0.35201742471370684,0.3495917824922407,0.1632700340395537,0.6104955162437405
78,16-24,14,0.22504132986220274,0.19877729122609117,0.08841380119566652,0.399721934152211,0.08694022218327598,0.1438975765447426,0.023783455470735657,0.28025392161415336,0.6880184479545213,0.6460112301944299,0.4238615560796215,0.816065142219378
78,25-34,14,0.20531229048560123,0.18463436007872924,0.07769242572665974,0.39365220585244426,0.09294306610459137,0.15212210098442971,2.9601355482757364e-06,0.2918902319136835,0.7017446434098074,0.6489016445024776,0.42160616761650005,0.8285169551942849
78,35-44,14,0.21433462928755267,0.2051345492434041,0.0833116819283999,0.4117451544346777,0.09561992766533303,0.14989495049145002,7.322187522297392e-06,0.3095166270876412,0.6900454430471143,0.6328773587198391,0.4078864837814472,0.8176271715934512
78,45-54,14,0.2257857818823741,0.20153552857384355,0.07764978734989177,0.42630273206221153,0.09284011744602655,0.14867030206636922,2.3993933509169323e-06,0.30479586810497783,0.6813741006715993,0.6391173959501086,0.40123480557498764,0.8308466041423158
78,55-64,14,0.2257857818823741,0.19770964639348437,0.07754736878005995,0.39825714396988526,0.09284011744602655,0.15327548620984777,0.029852393052046407,0.30645908986728954,0.6813741006715993,0.6355294153299837,0.3994623896273565,0.8209457354509185
78,65-74,14,0.21467774937034972,0.20154362554196348,0.07450705816263072,0.3907422345185482,0.09417214031370004,0.14386886635701518,2.1866437605605417e-06,0.28337584184150844,0.6911501103159503,0.6460196718357296,0.40328046988286503,0.841749530155159
78,75-84,14,0.3314982700474326,0.27652124989178595,0.11552486981132733,0.48731146258036756,0.09334528452009577,0.15624606084732248,2.7788943596033667e-06,0.31514249038368447,0.5751564454324716,0.5551628648029914,0.3003256038973981,0.7638821306257791
78,85+,14,0.5749000486271837,0.526471681188204,0.279323719424057,0.7224746487535989,0.07305644962919737,0.11771177945676085,0.01719194742224998,0.2634413505673332,0.3520435017436189,0.3502019759989744,0.1759854580431768,0.5977259396582979
8,16-24,14,0.31206268476946974,0.27043575396415537,0.1087343286986851,0.48787113869264154,0.08527387837305916,0.1314476472821985,0.009703226087277231,0.29245440391995675,0.6026634368574711,0.5889709413618271,0.31450258409814863,0.7792119966976881
8,25-34,14,0.30657279543481863,0.24548914746317313,0.095013681076816,0.4487310481826392,0.09179181241522322,0.1535006374010756,0.009204133031492765,0.30572297691263695,0.6016353921499581,0.6060204809337478,0.3926321828478397,0.7975313340306127
8,35-44,14,0.31037584662868417,0.2684854682357414,0.10736938383334906,0.4427585673956568,0.094163554897048,0.14904617164814155,2.4156920544661627e-06,0.28557751671338644,0.5954605984742679,0.5717050713233495,0.3758616069622579,0.7907881428960375
8,45-54,14,0.31086513574674346,0.2688552273498538,0.1182562072269896,0.47414684803288104,0.09273555745412627,0.14485786567399456,0.010687640447631645,0.2828855835174816,0.5963993067991302,0.5814596515824542,0.37719043590581275,0.7783102394438465
8,55-64,14,0.31086513574674346,0.2652316955093244,0.11826968146218592,0.4791116893453597,0.09273555745412627,0.14733481508148233,5.5813294781388565e-06,0.28653801780916205,0.5963993067991302,0.5819670278159885,0.35501351656789903,0.7753848235162901
8,65-74,14,0.31086513574674346,0.27030148956253064,0.10528450772133738,0.48712820438266624,0.09273555745412627,0.14270629041588043,5.144036079232679e-06,0.30347691990069403,0.5963993067991302,0.568593225122904,0.3110463300442881,0.7774162848996313
8,75-84,14,0.41435691786259726,0.3697070021432455,0.18927323124944587,0.5832313346547158,0.08360411513822186,0.1386827649232986,0.023970543084782726,0.27379606339031537,0.5020389669991809,0.48265792333723123,0.2767733668670042,0.6801879932811078
8,85+,14,0.611651794875725,0.5542531314274344,0.3106542339140648,0.7565611916535485,0.0724180242419178,0.10935211894119676,0.011917983568511762,0.2519855561132268,0.31593018088235725,0.3201540920814302,0.15586136551171473,0.5610395424563247
9,16-24,14,0.21452316120545065,0.19984910034882272,0.0828544069004999,0.4014876577587487,0.09024856283435394,0.15219897611193545,0.028938178591089634,0.2876590990610667,0.6952282759601953,0.6366952976424974,0.42917736783318977,0.8166654640945926
9,25-34,14,0.15218722160085224,0.1901201790162221,0.07026295832091393,0.37874551412139,0.09536777072655446,0.1492098168691603,2.8656620765089724e-06,0.30457893205990844,0.7524450076725933,0.6544894315569422,0.4358322518636806,0.8463868769692727
9,35-44,14,0.20453954781735237,0.20407658326122602,0.08990589140942984,0.4100153607779704,0.09793884374397974,0.15824835130464382,8.025970621784168e-06,0.3023474521012343,0.697521608438668,0.6351711440741503,0.36463537827820747,0.8106570956982342
9,45-54,14,0.21412749158282307,0.19307343585673026,0.07133291909988901,0.4229412829053092,0.09649394047889141,0.1501330360774349,2.7944528377649775e-06,0.302837040801864,0.6893785679382856,0.6384432358176577,0.39823093305986557,0.8233084938262191
9,55-64,14,0.22521521739124825,0.20069915098862992,0.07698094577179865,0.41628511050680683,0.09513252581844053,0.15460291632350676,5.941668266859355e-06,0.29993520618510744,0.6796522567903113,0.6356440208134775,0.39897993824525696,0.8145027890430292
9,65-74,14,0.21412749158282307,0.19897672812758196,0.07474072746822677,0.4150256788553117,0.09649394047889141,0.15529579114899922,3.6677963713459748e-06,0.3633917165929436,0.6893785679382856,0.6331970414508938,0.3770252211977064,0.8322581087000803
9,75-84,14,0.3332843172726518,0.2901952584633438,0.13330950845390846,0.5139192708737974,0.09309589236606763,0.14720148957013018,3.589650346410747e-06,0.2876208848909314,0.5736197903612805,0.555244533335004,0.32978567622087,0.7521152682844022
9,85+,14,0.5749000486271837,0.5009554479313538,0.2061080412948159,0.715383020035261,0.07305644962919737,0.11736654832592155,1.94013174903784e-06,0.27776443319078004,0.3520435017436189,0.36970806474963336,0.17787803566914817,0.6416560665574869
91,16-24,14,0.22504132986220274,0.20561640365776176,0.08550631693879365,0.4186242844050806,0.08694022218327598,0.13994229525568658,2.083999200709455e-06,0.27027685759287395,0.6880184479545213,0.6447123263771741,0.4402730603033531,0.8193076511191817
91,25-34,14,0.21196101052771885,0.1867390978779861,0.06431565405121532,0.3917402936455883,0.09449791882217701,0.15200044008901847,3.5960925441443084e-06,0.34457759589616865,0.6935410706501041,0.6423225411506879,0.3905829382633347,0.83512403896926
91,35-44,14,0.2254300041578922,0.20983128636828718,0.08028895290507317,0.4356257470801292,0.09426955767058634,0.14705875753558947,2.241868534889752e-06,0.3111639806708184,0.6803004381715215,0.6353234583089133,0.38630808021241786,0.8341955492766554
91,45-54,14,0.21467774937034972,0.19030248238959685,0.0733160073166894,0.4438308998198417,0.09417214031370004,0.153755942359748,3.372241648392896e-06,0.36805980585469544,0.6911501103159503,0.6435546351602959,0.37285959737331836,0.8223211163651002
91,55-64,14,0.2257857818823741,0.19306913834243855,0.07662391559674633,0.3712522615538546,0.09284011744602655,0.15709046113887384,0.024940271204229546,0.27553948740578865,0.6813741006715993,0.6391176768026645,0.465745060486725,0.8353806662635659
91,65-74,14,0.2257857818823741,0.20467556939974768,0.08229403017903919,0.3776746695361104,0.09284011744602655,0.1518176163107176,0.029536679893467307,0.2964997829506358,0.6813741006715993,0.6452014159616157,0.4014102619662263,0.8216923349549973
91,75-84,14,0.3314982700474326,0.29453905483263537,0.11634838619729715,0.5573523336182089,0.09334528452009577,0.14698135409509347,1.940817408228832e-06,0.317093978836669,0.5751564454324716,0.547991396662545,0.31674627757623736,0.7615046645075795
91,85+,14,0.5749000486271837,0.5147877615157856,0.26369562769802374,0.7289291344057096,0.07305644962919737,0.11784721426484394,2.261958956704934e-06,0.29380047834075407,0.3520435017436189,0.35620169770675947,0.17749457944886707,0.5964350185424178
107,16-24,15,0.22504132986220274,0.20465869384520147,0.07948051124696162,0.4083117253119173,0.08694022218327598,0.14359393612954452,3.107992143491635e-06,0.3259782930596522,0.6880184479545213,0.6484286077138774,0.3400805982633796,0.8187660042152985
107,25-34,15,0.15589746400694143,0.17848334467068377,0.06432485781308818,0.40833672042114577,0.09089138566936387,0.1579199366177012,2.8791604618907648e-06,0.29677873181006303,0.7532111503236948,0.6474306353871937,0.38195234924436194,0.8414413629005917
107,35-44,15,0.2254300041578922,0.2014186372869575,0.08605222595570153,0.4278020107216076,0.09426955767058634,0.1491489044760537,3.0811188518816557e-06,0.29514458973408103,0.6803004381715215,0.636812654558982,0.4259275866756001,0.8017298186473328
107,45-54,15,0.2257857818823741,0.20254724084372414,0.08394111015027991,0.38958270410512147,0.09284011744602655,0.15209824175252978,0.009552390427952634,0.2951146590472781,0.6813741006715993,0.6431236880550133,0.4323147391710058,0.8138855689570478
107,55-64,15,0.2257857818823741,0.20388869559354966,0.0829869807105692,0.39702207387282223,0.09284011744602655,0.14247271407377082,0.028200615865322288,0.28569037801434194,0.6813741006715993,0.6407377547884449,0.42168832499865994,0.811956644773774
107,65-74,15,0.2257857818823741,0.195306933418687,0.07689981713990006,0.43582201518179686,0.09284011744602655,0.14714830841575738,0.015049953665185951,0.3174078482512303,0.6813741006715993,0.6487855748132751,0.37920312700927344,0.8353920954711127
107,75-84,15,0.3314982700474326,0.29052211725953736,0.126491690571671,0.5168891679675849,0.09334528452009577,0.14408378100319083,2.75503803873061e-06,0.28682481560443435,0.5751564454324716,0.5554498658057228,0.35202129465343174,0.750067535790848
107,85+,15,0.5749000486271837,0.5264688294163591,0.2359205516570759,0.7135892868294803,0.07305644962919737,0.11531947839050927,0.032747825049277035,0.2719010103423316,0.3520435017436189,0.3566824412429371,0.18192206506456624,0.611431584142001
109,16-24,15,0.22544097596338078,0.20283638281087255,0.0757751112845703,0.38516885620564223,0.08531873878478043,0.14061312015050823,3.068460198010588e-06,0.31696609664498554,0.6892402852518388,0.646877717764984,0.4369019888444738,0.8139603769411307
109,25-34,15,0.1481332518096549,0.17809101915839826,0.05798877969677587,0.3635125511868362,0.08855011340402788,0.1466386403917946,2.6138544317630327e-06,0.31104863851523085,0.7633166347863173,0.6671245600619197,0.430662336885258,0.8518658922960585
109,35-44,15,0.22586415511376567,0.21074882926367905,0.08696794788910976,0.41198984343488765,0.09252523025166107,0.1478338111242273,0.01545640436198112,0.30056508612880056,0.6816106146345733,0.637258036407085,0.3869372334194763,0.8146203347876881
109,45-54,15,0.2250951530298802,0.20937465238526887,0.08626706272186516,0.4001744004319967,0.09125133361197575,0.1553771508252824,0.045755458393765075,0.34624623388112674,0.6836535133581441,0.6335143029934891,0.3876844783887657,0.811389496801161
109,55-64,15,0.22621401195464153,0.20052242181047253,0.09458052117453,0.3979405959753966,0.09111957889472583,0.1526054512325163,0.035743944756403426,0.3135793335149332,0.6826664091506326,0.6349867751961387,0.3698665801599889,0.7924981124742604
109,65-74,15,0.22621401195464153,0.20349408726400403,0.08319048428574262,0.39421002541798755,0.09111957889472583,0.1562938749897022,0.01167404007235498,0.3373511454964619,0.6826664091506326,0.6440775716698878,0.38812421179963397,0.8032479010967889
109,75-84,15,0.3311056809373262,0.2890584232021457,0.11830651875425241,0.5042871299199442,0.09441902396336078,0.14584882489992906,2.409979764244826e-06,0.2795528541404328,0.5744752950993129,0.5584144493528754,0.3492000248206181,0.7663011869519273
109,85+,15,0.5743670485010318,0.5152515948016212,0.2392898319309736,0.7349695553470975,0.0739158355876141,0.11973368721477011,0.01208022628763582,0.27134249729956095,0.3517171159113541,0.3524161151192995,0.16734612549668276,0.5978846586864991
112,16-24,15,0.16594053750834276,0.1914741390629497,0.08200934480880825,0.3520606768230419,0.07526978926909925,0.13474309337254145,0.027687136842045365,0.2596377221236109,0.758789673222558,0.6650914405363504,0.4366625493348822,0.8405924960942299
112,25-34,15,0.14998997828454977,0.18105283730788618,0.07262557367389237,0.3526294274190241,0.07712585103005924,0.1292193821647448,0.018596928610092434,0.29611110405382923,0.7728841706853911,0.6856705748993779,0.4655086664933095,0.8389973388550286
112,35-44,15,0.22760475607829714,0.21001974612048757,0.08887835400305744,0.434652631596772,0.0811196253423202,0.1433600439094403,0.015181432828624346,0.25865805910740103,0.6912756185793827,0.6395974011652157,0.3778379361743079,0.8112894506684675
112,45-54,15,0.16633234604218855,0.2105840164310881,0.08268561014447208,0.41689144986170756,0.07809237309741031,0.13468493239681256,2.4321558098568487e-06,0.2776859706244023,0.7555752808604012,0.6446208866762762,0.41411791662993447,0.8134149356312024
112,55-64,15,0.22786341844176156,0.19517185433622397,0.08196777960765769,0.3933625025603886,0.08007535995197726,0.13188142077062137,2.5005587505494126e-06,0.2663851901125361,0.6920612216062613,0.6690664400988513,0.4610221999790327,0.8313108745737697
112,65-74,15,0.22786341844176156,0.1997669363755616,0.08456988440659631,0.40816152605377,0.08007535995197726,0.14060549707549913,2.337637263611812e-06,0.2694210811482302,0.6920612216062613,0.6479117803090899,0.4277418074691266,0.8327577768796434
112,75-84,15,0.3357959294495873,0.303583136221239,0.12226937626106262,0.5188564499730496,0.08159109599316153,0.13961673323949192,0.020459622970467627,0.29043846691230507,0.5826129745572511,0.5556150659760029,0.31794760355617785,0.7681414562896468
112,85+,15,0.5786847367399247,0.5296913825057816,0.2699672116492111,0.758618048990148,0.06695418499267904,0.10341424437925367,0.013117819894565497,0.23756470881153602,0.35436107826739627,0.3659772665453246,0.14062145591175873,0.6339816265591851
114,16-24,15,0.22504132986220274,0.2025877591188294,0.0779087304096718,0.39842930481910926,0.08694022218327598,0.1371079989631897,0.02450595315694463,0.2917684758048908,0.6880184479545213,0.6438916785789001,0.43519687854076244,0.8307051972610184
114,25-34,15,0.1478607240047948,0.1741687889270256,0.07073153796227849,0.3429616337677366,0.09022695120917626,0.14708701136094476,3.1836960242389913e-06,0.27920493060708157,0.761912324786029,0.6634130029154484,0.49026610554960837,0.8428272067345177
114,35-44,15,0.21433462928755267,0.19527103004069615,0.08116120134167633,0.37710365807356905,0.09561992766533303,0.15243055015628382,3.2054853707177932e-06,0.32016991677722245,0.6900454430471143,0.6432823169916995,0.4348873416128649,0.8165612761534765
114,45-54,15,0.21467774937034972,0.19701654065584145,0.07311597190068946,0.3649602671440988,0.09417214031370004,0.15070586725392937,5.827273179968124e-06,0.2889297920889808,0.6911501103159503,0.6456122323806244,0.4419641479289336,0.8165236825398544
114,55-64,15,0.2257857818823741,0.2105416325015066,0.0950397128783634,0.407304385746524,0.09284011744602655,0.14811488559523053,0.017528165590391553,0.2721393296378128,0.6813741006715993,0.629175478373873,0.42711918632483004,0.8001826082329909
114,65-74,15,0.2257857818823741,0.20058152086257663,0.07118758062883965,0.39979392641364964,0.09284011744602655,0.1491507822236381,5.447067401759344e-06,0.28572995641944987,0.6813741006715993,0.641430659562573,0.3924443957097585,0.8088915913046443
114,75-84,15,0.3332843172726518,0.2800002225824406,0.13442798302030695,0.5040490541839044,0.09309589236606763,0.14309672770784843,2.7963869055615247e-06,0.29476260588940706,0.5736197903612805,0.5633701270735161,0.34436655877247174,0.7597190193819509
114,85+,15,0.5749000486271837,0.5248454929033928,0.25737119275555564,0.7431144133573068,0.07305644962919737,0.12515003281410242,2.6602723381080513e-06,0.2628756430586258,0.3520435017436189,0.34471211472852226,0.1468664441741779,0.586588806298084
117,16-24,15,0.21427512102099386,0.20157937777044332,0.07937375268481967,0.4037210499569,0.09130045351607056,0.14211756435874529,2.744126974748311e-06,0.28350409828544587,0.6944244254629356,0.6427429255453625,0.41441201576607933,0.829303310612284
117,25-34,15,0.2111535982480577,0.18440526405009522,0.06632232810749969,0.38096459106514746,0.09794720177181689,0.1521671313000768,2.6071797715837004e-06,0.34468095233829227,0.6908991999801255,0.6579511394669681,0.36930112958204203,0.8319443972341499
117,35-44,15,0.2230741819734074,0.2050125570657637,0.08111829234152436,0.4131771062804465,0.10373475675610108,0.156198407300888,2.52197132506895e-06,0.30746538969109555,0.6731910612704916,0.6304124409325311,0.39159392642730506,0.8214376377687767
117,45-54,15,0.2234616518919089,0.20195923203687627,0.0813583280607559,0.3853016810859184,0.10217798394768683,0.1485078647557664,2.4172413009722102e-06,0.2836559517283225,0.6743603641604042,0.6440699168590382,0.4401698577588842,0.8453566131705791
117,55-64,15,0.2234616518919089,0.20510034890639472,0.08270464732999647,0.3988830678215083,0.10217798394768683,0.15718156643244927,0.02682745163749519,0.3478982177792656,0.6743603641604042,0.6255885520453588,0.3651016695572062,0.7983924367247377
117,65-74,15,0.22494073963911349,0.2057647180622461,0.08094723026150374,0.36911207962707265,0.09623531981775435,0.1495154143483508,0.017669361185009395,0.29718956265137875,0.6788239405431322,0.6423416007582986,0.4535929718260281,0.8123972470257054
117,75-84,15,0.33025085507011304,0.2828725066741006,0.11253453573803708,0.5016005045981997,0.09675699062397744,0.15594160693905135,5.066367314266557e-06,0.29965236355550523,0.5729921543059094,0.5513238658639633,0.33188880244266733,0.7599901804134638
117,85+,15,0.5732055408665611,0.5249109590155725,0.2540724734681976,0.744642180448404,0.07578859940638598,0.11314008734792183,3.3638690791092794e-06,0.2484743883138815,0.351005859727053,0.3524271045273024,0.1597712220922873,0.6294440958704991
122,16-24,15,0.21503866988512135,0.20319618861431027,0.08575232515219425,0.3687015229239377,0.08806238974438811,0.13109238931666922,1.900607092351924e-06,0.2663203865489262,0.6968989403704906,0.6556277688294817,0.4485180378270317,0.8424406366877243
122,25-34,15,0.1742045579059591,0.1786387561217908,0.06287913850169105,0.35598361616948687,0.09195702058833383,0.14629534077145095,2.231294103773595e-06,0.2719781128428489,0.733838421505707,0.6705555901576659,0.4437596106679861,0.8561733009160714
122,35-44,15,0.2254300041578922,0.20539778014203555,0.08130291750364485,0.4056617593372858,0.09426955767058634,0.15407409875748118,0.014948083428182404,0.318400753615082,0.6803004381715215,0.6257647432631617,0.37203184920169075,0.8158088338250092
122,45-54,15,0.2257857818823741,0.21416233648883037,0.0808239131624351,0.3928019499953162,0.09284011744602655,0.1468287581995844,2.990413837835856e-06,0.2923479420359811,0.6813741006715993,0.6370667844564997,0.41904114372618495,0.8253100761246397
122,55-64,15,0.2257857818823741,0.1996261730683293,0.07779445126620659,0.39392438299911275,0.09284011744602655,0.1477892976177696,0.02936569318799828,0.2888428484800384,0.6813741006715993,0.6426135239325815,0.4252737143534974,0.8314070235086419
122,65-74,15,0.2257857818823741,0.20063293930189724,0.07520809541533838,0.4177799164505918,0.09284011744602655,0.1506810491574957,2.3142860891650586e-06,0.3042323149568713,0.6813741006715993,0.6352466167427604,0.4026495462189942,0.8276606918130789
122,75-84,15,0.3332843172726518,0.28942448258073705,0.09955866171159584,0.49497790558462634,0.09309589236606763,0.14773668663697243,2.27867739439254e-06,0.30687221188311287,0.5736197903612805,0.5444523557845873,0.31282532622750353,0.807614258531443
122,85+,15,0.5749000486271837,0.5297530209406439,0.2406814292019949,0.7281089782724306,0.07305644962919737,0.11845146260920125,2.8744899411888837e-06,0.24869255587895128,0.3520435017436189,0.34820917858590983,0.17451396649466033,0.6130823357718406
126,16-24,15,0.23773300302253259,0.21659764555456731,0.07984065961371292,0.44906260303939843,0.09069828339509724,0.14249717286734892,2.2685693609141675e-06,0.27439354722341813,0.6715687135823701,0.6395668785085505,0.40064010757119134,0.8230857873898973
126,25-34,15,0.23025276259472124,0.19307344759633815,0.06285173811120216,0.41864306658173883,0.09230445818756995,0.14856059261896887,2.2609441231730487e-06,0.3022092593213441,0.6774427792177088,0.651467113569763,0.42972876087226863,0.8547828549146945
126,35-44,15,0.23685967625999663,0.21844451800688566,0.09290188846873426,0.4127851272224018,0.09844255738550009,0.1465518407486927,7.236099326546418e-06,0.2742695831990476,0.6646977663545032,0.6277923541716213,0.40814101224387445,0.8040194835769351
126,45-54,15,0.2430073743450232,0.2069034780137577,0.08674864738394769,0.45091023041573725,0.0997664287337362,0.1499120291789985,6.040926856866165e-06,0.32629346602949166,0.6572261969212406,0.6329312299194458,0.3192284649402941,0.8035064633404052
126,55-64,15,0.23725006737554785,0.21692217585397502,0.09315639173908553,0.42728485174979103,0.09695661422576436,0.1548880528767228,2.544552179796725e-06,0.3063776339917175,0.6657933183986878,0.618808961269683,0.36877603955005683,0.800077546379172
126,65-74,15,0.2430073743450232,0.21892957640494037,0.09373097358484091,0.42361630430698616,0.0997664287337362,0.15114134625375747,0.02928105962059991,0.31617245145655204,0.6572261969212406,0.630472333944462,0.3524977112785413,0.7966568437715139
126,75-84,15,0.33272499824446594,0.28463961320069386,0.11090343952228611,0.5364849165352797,0.09317399207992658,0.1420606497337931,1.6410875072918968e-06,0.2997241282148579,0.5741010096756074,0.5554397894754115,0.31157581700896414,0.8102985808684623
126,85+,15,0.5732082204454441,0.5252871136201063,0.2433416789283296,0.7418206240531068,0.0733472023332176,0.11801338634632198,0.011820886393093635,0.2650311054172365,0.35344457722133826,0.34594793197116724,0.1738633546736589,0.5922874250241382
129,16-24,15,0.22504132986220274,0.1942423483721497,0.08059293784230849,0.38182808167739846,0.08694022218327598,0.1379735021696447,0.028293671384316037,0.27776962986076903,0.6880184479545213,0.6541684264470888,0.42524415173340224,0.826138465106852
129,25-34,15,0.21196101052771885,0.1771172767662607,0.07260958697759835,0.41005846597973833,0.09449791882217701,0.1559867465787783,0.011135355701595736,0.31975248221667824,0.6935410706501041,0.6571943674524618,0.37617540558727286,0.8155798124669547
129,35-44,15,0.2254300041578922,0.19633671796181962,0.07283975890921461,0.3947130942004358,0.09426955767058634,0.1489710682172154,2.9197008312673002e-06,0.3095739358280694,0.6803004381715215,0.6452291550503464,0.40008935715011207,0.8291893528024741
129,45-54,15,0.2257857818823741,0.20434304836131434,0.0910081703418519,0.39516621534001406,0.09284011744602655,0.15055660262695808,2.557642130015478e-06,0.2924279547131161,0.6813741006715993,0.6397481833879751,0.4384014954078006,0.8305239834921987
129,55-64,15,0.2257857818823741,0.20189571630219105,0.08420027495269418,0.37449431504397884,0.09284011744602655,0.15181075797569987,0.030060760278967622,0.2950938203760056,0.6813741006715993,0.637281941595577,0.44858985527836975,0.8140994289780092
129,65-74,15,0.2257857818823741,0.2064489838142477,0.07417588112407225,0.39536441224513463,0.09284011744602655,0.14825066573109283,2.435254670354716e-06,0.32351498905233694,0.6813741006715993,0.6423843947133339,0.3919662946354036,0.8202881593485125
129,75-84,15,0.3332843172726518,0.2892688778123722,0.1113489518718021,0.5169878806620177,0.09309589236606763,0.14601190042204648,2.484787964015987e-06,0.3141077606306925,0.5736197903612805,0.5538376084777319,0.30066446387293816,0.7775843716009795
129,85+,15,0.5749000486271837,0.5051165749356346,0.2352089049685791,0.7250994391872413,0.07305644962919737,0.11562867517831828,2.4268379349463797e-06,0.2639527260381895,0.3520435017436189,0.3563204271245066,0.1887253615518141,0.6439569522718993
135,16-24,15,0.1535407667082919,0.19256624970999037,0.07565855335238786,0.38508584158950215,0.08560441393066553,0.1408751618547434,2.7706298657502146e-06,0.28445257247603384,0.7608548193610426,0.6650011386339777,0.4447550992749947,0.8445448620886173
135,25-34,15,0.13926392114282027,0.1561520999196913,0.05979104694698234,0.3434518951359095,0.08982554141307915,0.14626642345930324,0.0167181011690367,0.27797744478415753,0.7709105374441007,0.6855492626757835,0.4491429539173017,0.8581477507610559
135,35-44,15,0.19427331076281035,0.18712586166370276,0.08701239852979738,0.3747238498232407,0.09235225262465893,0.1496208265883098,0.04430314711620002,0.30478684564981573,0.7133744366125309,0.6580516094607626,0.44933502512701085,0.8076466187776176
135,45-54,15,0.15471725874010112,0.18856116189713343,0.07698016675584296,0.38065267475592646,0.09027225648339451,0.1458341895133754,3.056366405946516e-06,0.28917314222265134,0.7550104847765042,0.6614529490154941,0.4426749577250388,0.8340211604492171
135,55-64,15,0.20371968841140722,0.1842780136807807,0.06336006546991091,0.38666327212610957,0.09169831195114422,0.14594055070188303,2.1985527684570274e-06,0.30684150215673667,0.7045819996374486,0.6628379799349318,0.4150554452675057,0.8475390003768712
135,65-74,15,0.20371968841140722,0.18413220950027123,0.07420458508871236,0.36696714681240017,0.09169831195114422,0.14527883320102591,8.336670625364495e-06,0.2718449894691988,0.7045819996374486,0.6620526386452826,0.4418517382034166,0.8285710523653737
135,75-84,15,0.31580238280594164,0.271225429561343,0.10026995076004742,0.5106244008965565,0.09557991403874912,0.1441999588141346,3.891032070430841e-06,0.2724869577062977,0.5886177031553093,0.5646331901025062,0.34477914016760525,0.7623763630366952
135,85+,15,0.5572827129171116,0.4986348508247057,0.23875898858394728,0.7116608443061985,0.07611704226467804,0.11731866240106045,0.02432346792595023,0.2556021351221537,0.3666002448182104,0.37102025255981913,0.19176935311351379,0.6220990171140119
136,16-24,15,0.16397308729739704,0.19863717606066522,0.07745366285520283,0.4101035577906757,0.08623372053923213,0.14004286607306296,0.024188475136467952,0.28059772222091284,0.7497931921633708,0.6589770153556961,0.4049942415777332,0.8216146164076661
136,25-34,15,0.20565403230974177,0.18137212671812097,0.06355603676516701,0.35166691652216897,0.09143327197363313,0.14717169372921046,2.3234543879169696e-06,0.29581224985522897,0.7029126957166251,0.6608199418627911,0.44867584637700164,0.8515734841948458
136,35-44,15,0.2254300041578922,0.20412718567121596,0.068801536347278,0.38264131017746755,0.09426955767058634,0.1497063306584066,0.011882083435989791,0.29247382598321575,0.6803004381715215,0.641564706200352,0.41862201511148145,0.856692028352526
136,45-54,15,0.2257857818823741,0.20692870494975335,0.07799748048353324,0.3807652161179674,0.09284011744602655,0.15260446894134644,0.010923479377644192,0.3001560802449508,0.6813741006715993,0.6314014476089667,0.4437687677281088,0.7997907264964209
136,55-64,15,0.1642169071606942,0.20554625342903945,0.08747757365790787,0.37806698665451083,0.08981732789724975,0.14777419083024526,0.011025811630649786,0.2830625168878769,0.745965764942056,0.6411785635405107,0.43896349193254647,0.8288952414463338
136,65-74,15,0.2257857818823741,0.20497381842451928,0.07984165655292763,0.4071420167411056,0.09284011744602655,0.1476613253048779,2.271463704904298e-06,0.3131297951611071,0.6813741006715993,0.6410062571173026,0.38109351999310914,0.8370763049505167
136,75-84,15,0.3314982700474326,0.2769930613333203,0.10895444133862094,0.4992577091612438,0.09334528452009577,0.1499260940208753,6.226458177348934e-06,0.30549209802694316,0.5751564454324716,0.556784260452869,0.30359603932195345,0.8007298554865196
136,85+,15,0.5749000486271837,0.526582845479178,0.2404253106180886,0.7393386421169033,0.07305644962919737,0.114529816509124,2.1444131301213283e-06,0.2457213189536705,0.3520435017436189,0.34902041443214904,0.18371133116110905,0.6342465908543579
139,16-24,15,0.20479046786324273,0.1881274585610223,0.07578101625102757,0.3519984435005961,0.08707193358853994,0.14164002105324144,7.208260697303637e-06,0.2678873298637012,0.7081375985482173,0.6615155042770668,0.4657213507015962,0.8317421026961391
139,25-34,15,0.14719777492774427,0.16837254624650203,0.061122994589682185,0.3212650864659402,0.0902971461593613,0.15593916058525245,0.03148208200465219,0.3071989873248774,0.7625050789128944,0.6685336060965805,0.4104092129851817,0.8490013997018094
139,35-44,15,0.16324523013564868,0.19120053775139412,0.06903105848717252,0.34688794074820833,0.09128359742099554,0.15365702958176441,2.536466052516507e-06,0.3084471511584034,0.7454711724433557,0.6474431574239625,0.43412853869416856,0.8212746685232992
139,45-54,15,0.2048367841436622,0.18642565762440216,0.07469909117047517,0.36374361423918905,0.09152734140544051,0.14972333240011304,0.01376539311612981,0.28827769339134995,0.7036358744508973,0.6490023789161734,0.4342943287344972,0.8172951339783109
139,55-64,15,0.2048367841436622,0.17900710277020554,0.0721218821960764,0.3947929422670095,0.09152734140544051,0.14938734466340314,0.02701316654997036,0.30046171017568685,0.7036358744508973,0.6601731325406467,0.3450808402369913,0.8223711112684354
139,65-74,15,0.16349469368808678,0.19019902368706793,0.06972680718485876,0.3829595465936591,0.08989494047979268,0.14608522984182676,8.036889029992726e-06,0.2965290929525111,0.7466103658321205,0.6536148060192046,0.4119647464127443,0.8279581085063695
139,75-84,15,0.3172919621280343,0.25861634149446083,0.10646832349800035,0.45848929755610585,0.09532896204148442,0.15377841315706417,3.114851279907536e-06,0.3286657575345019,0.5873790758304812,0.578076683221878,0.38815980671792705,0.7684339188647968
139,85+,15,0.5589848981916783,0.4960584319079432,0.2232734780447752,0.7228902849152099,0.07579158140791852,0.12062529602136984,3.2127438244308373e-06,0.26609870147573444,0.3652235204004032,0.37797951216554737,0.1736643072034355,0.609051673055193
142,16-24,15,0.22530398730481005,0.20608694975355193,0.08603290354910263,0.38060537313770465,0.08587454261972306,0.13434080905025034,0.015993849744708754,0.2736783977414671,0.6888214700754669,0.6593098837810626,0.453754538184705,0.8083025921054952
142,25-34,15,0.1487164026419353,0.17813977020363214,0.06429622191785854,0.3619584922071011,0.08496204149271039,0.14625814098383633,2.1110675659522975e-06,0.32198997903483406,0.7663215558653543,0.6679401281675067,0.41772711840388715,0.8571652645883703
142,35-44,15,0.21437112737669653,0.19479107208724117,0.08499111669177055,0.3772847323772949,0.09546592481189906,0.14575246792676888,5.7711910824766055e-06,0.3032685295534207,0.6901629478114044,0.6520497809290313,0.42713694800371765,0.8244733860152397
142,45-54,15,0.2149491796667951,0.20492668988300627,0.08648458554231092,0.3889553163683875,0.09302684637800203,0.14339971501672094,0.008485275859130236,0.2640614535786694,0.6920239739552029,0.6463006849813084,0.4303435549349592,0.8311184879306164
142,55-64,15,0.22606721380069075,0.1971259363593523,0.08591072509600213,0.400321810151822,0.09170938306656913,0.14433358821319767,2.1966244873256734e-06,0.29702372220593076,0.6822234031327401,0.6473940356709302,0.4310462430578667,0.8065172640701586
142,65-74,15,0.22606721380069075,0.20792772186911124,0.08559236816651256,0.3806156962240033,0.09170938306656913,0.15054779791637884,7.335784700455019e-06,0.3039721217206026,0.6822234031327401,0.6377587310326858,0.38700786907034607,0.839528865660725
142,75-84,15,0.3337008872517911,0.3003599691768336,0.14406932477276144,0.5163936132970126,0.09196235860639379,0.1514543345710993,4.998392467917878e-06,0.32317818763473877,0.5743367541418152,0.5399098303855527,0.3005125184389815,0.7233991948588386
142,85+,15,0.5754637857688294,0.5278705959887331,0.2319344573109769,0.7254669978545482,0.07214750465902241,0.11389636694525374,2.1319261067841364e-06,0.25490837676212014,0.3523887095721481,0.35349991208003945,0.18086953695593067,0.6275135101658619
147,16-24,15,0.21340955340746046,0.1980094120144702,0.07548847834542416,0.3762335623478314,0.08824515529562077,0.14328748575371705,0.009270487349181141,0.2898496526999664,0.6983452912969188,0.6520355130523221,0.4314076478452715,0.8262619461454914
147,25-34,15,0.1478607240047948,0.17803687806366403,0.06940652598176324,0.4038141880095572,0.09022695120917626,0.14162782538438712,2.991455123185783e-06,0.29879217860612084,0.761912324786029,0.6682233999975469,0.38697400295676676,0.8432204951952386
147,35-44,15,0.16264418997676144,0.18928956684595435,0.08091827274127661,0.41623313102322873,0.09134916634258843,0.16021080105461893,0.03170568540053363,0.3402434226246906,0.7460066436806502,0.6424245158062671,0.32249865389675686,0.8011351938716171
147,45-54,15,0.2240984904906958,0.20173551106961485,0.08560303629791653,0.39987504835864823,0.09304244947158653,0.14704051489947673,7.518219940983787e-06,0.28166802180949074,0.6828590600377177,0.6463879998903735,0.4401055522930258,0.8336914684023784
147,55-64,15,0.2240984904906958,0.2038419776565667,0.09346141506649847,0.4052398188512916,0.09304244947158653,0.13889234460443928,7.826673364317035e-06,0.28826565805275156,0.6828590600377177,0.6462131172779446,0.43948744346447755,0.8155713985555471
147,65-74,15,0.2240984904906958,0.2006373755795719,0.08074525895842719,0.44848177467990297,0.09304244947158653,0.15032097668344832,0.017093742380539362,0.33585761074487436,0.6828590600377177,0.6345647521957661,0.3095055363471717,0.8156080081675191
147,75-84,15,0.3293570587406139,0.28777175907558195,0.12429026154439798,0.48081131643678093,0.09364426950352556,0.15094197163279052,2.7026647492533928e-06,0.2722293393629631,0.5769986717558606,0.5517338027312502,0.3542209033750852,0.7645719465262618
147,85+,15,0.5725331388620198,0.5285953216870578,0.2821592546532458,0.7396166435069682,0.07346321990399306,0.11470561871120788,2.0336141150447737e-06,0.24811925605813795,0.3540036412339871,0.35148119776917286,0.16733695411520383,0.5865608931999972
160,16-24,15,0.21503866988512135,0.20589986393382192,0.08481919977337211,0.3738067494037971,0.08806238974438811,0.13555954024236333,2.1722776490089528e-06,0.24829995140352715,0.6968989403704906,0.6521120500923059,0.47351126794678927,0.8203274438283705
160,25-34,15,0.1478607240047948,0.17850302132814255,0.0660875718032242,0.387535471878719,0.09022695120917626,0.14574271669454758,0.01757991780940496,0.35710812196596203,0.761912324786029,0.66337644489152,0.4010816718563468,0.8381303988298284
160,35-44,15,0.2254300041578922,0.20624661718842965,0.07792103831332488,0.3904716458903593,0.09426955767058634,0.1482818543194847,2.3866508627880314e-06,0.28377155078171645,0.6803004381715215,0.6426109203370758,0.41650564456996675,0.8463382896687256
160,45-54,15,0.2257857818823741,0.20908195495996668,0.07534294877664156,0.38779726353517774,0.09284011744602655,0.14918851897257795,2.8274442149147506e-06,0.2728627338171311,0.6813741006715993,0.6377193205275592,0.4449891489458178,0.813052311032239
160,55-64,15,0.2257857818823741,0.2050105711104931,0.08475584102982453,0.40217883451616515,0.09284011744602655,0.14890115644171148,6.343339974558855e-06,0.3010399408075814,0.6813741006715993,0.6374114619337208,0.3675204555704115,0.8034628388660063
160,65-74,15,0.2257857818823741,0.20411135756531099,0.07962315331030705,0.4092804674742163,0.09284011744602655,0.14569071089076005,6.897791804344174e-06,0.32575100297744675,0.6813741006715993,0.6432966115413734,0.3559695428295881,0.8248788428115738
160,75-84,15,0.3314982700474326,0.2957802337479528,0.12843307450333558,0.5207035992382327,0.09334528452009577,0.14257838871267076,2.347791632343471e-06,0.27857073161697404,0.5751564454324716,0.550588340004883,0.33230762273195774,0.7799296403649598
160,85+,15,0.5749000486271837,0.5298916062915089,0.25792800867714955,0.7229361388748657,0.07305644962919737,0.12037283302800235,0.023136036043725824,0.26199763999853914,0.3520435017436189,0.34649132545003397,0.16280704384608286,0.6101940457336041
17,16-24,15,0.21503866988512135,0.20067588640108724,0.08316473767116751,0.35504045100003334,0.08806238974438811,0.14294570094974568,0.011542556136156113,0.28489027582661863,0.6968989403704906,0.6456387255735547,0.44892866263196596,0.8308826248812183
17,25-34,15,0.15589746400694143,0.18064522369950198,0.06277316505270585,0.3900136967604539,0.09089138566936387,0.15084213260941465,3.1326331202353178e-06,0.303722548244795,0.7532111503236948,0.658209180847473,0.4414261632346264,0.8231081831300999
17,35-44,15,0.21433462928755267,0.19848243293727508,0.07419555598266962,0.40970359547047985,0.09561992766533303,0.16094773061136888,0.011955105729639565,0.300554206265761,0.6900454430471143,0.6338394764592152,0.4039564821109033,0.8324888430126556
17,45-54,15,0.2257857818823741,0.20537841283169142,0.08084629180031165,0.430827809268519,0.09284011744602655,0.14582557093023513,3.0597925060234425e-06,0.2787699575167268,0.6813741006715993,0.6386020892275984,0.38572313884308856,0.811227244599081
17,55-64,15,0.2257857818823741,0.19932078958198224,0.07753755464086896,0.4416807041939407,0.09284011744602655,0.14964382273530513,2.7987042628249715e-06,0.3297573413610768,0.6813741006715993,0.6328867124920048,0.3257355836276018,0.8243706201385697
17,65-74,15,0.2257857818823741,0.20690990286805871,0.08478097319871676,0.4007532926475425,0.09284011744602655,0.14739120676628775,0.027826408251050812,0.2936904078374282,0.6813741006715993,0.6424344639703367,0.37278101259788726,0.8174080853189452
17,75-84,15,0.3314982700474326,0.2886072931314646,0.12010612603745875,0.5074933054902767,0.09334528452009577,0.14070279498624666,1.7591860737914138e-06,0.2919908965701576,0.5751564454324716,0.5575424850243371,0.3379834237109307,0.7645798434082656
17,85+,15,0.5749000486271837,0.5246695281561158,0.20964065284660308,0.719438059452396,0.07305644962919737,0.11433397307902204,2.261637077474544e-06,0.2625385624046393,0.3520435017436189,0.34827712259146004,0.1833240710819934,0.6299870832561729
171,16-24,15,0.2615828356052213,0.249602208097208,0.10933364997067616,0.44040105366694327,0.10297618311506726,0.14836713496386145,2.7476723941362495e-06,0.25939427627218653,0.6354409812797115,0.5953415389574532,0.41105817432399017,0.8020717804841079
171,25-34,15,0.24260790510140282,0.21464234176169747,0.087767287943632,0.4225652966536495,0.11112440847501731,0.15865976385905228,3.181051602902624e-06,0.29958470661057435,0.6462676864235798,0.6176568750863074,0.41286272118059186,0.7938546961364995
171,35-44,15,0.26074057424426916,0.24461572812795002,0.10187999725882224,0.47534836323967805,0.11003336215579324,0.16114286743403616,0.02855779081221356,0.3653103330619834,0.6292260635999376,0.5806063828997567,0.3756869505947038,0.7699214357594859
171,45-54,15,0.261221018710749,0.2539098582951464,0.10199535242524572,0.45508023722692975,0.10839349637064183,0.1553307809367368,3.108950476771101e-06,0.3155406186228059,0.6303854849186092,0.5756359313934765,0.35791257109381625,0.7900487590577931
171,55-64,15,0.261221018710749,0.24909489076906144,0.10852879353283948,0.46563136286412754,0.10839349637064183,0.15702382002397536,0.03277105392306127,0.3057122185035524,0.6303854849186092,0.5870778105767255,0.3506620107039915,0.7607254891960417
171,65-74,15,0.261221018710749,0.25702065160671606,0.11235950103577572,0.4615427022361449,0.10839349637064183,0.15968308421639704,0.018005804155427074,0.32774027964682767,0.6303854849186092,0.572868260229493,0.37547716773352613,0.775283956699902
171,75-84,15,0.3979290049474013,0.3382822970586984,0.16513718075807032,0.5459977827760994,0.08600386309763311,0.1423598353540924,0.012093263037531471,0.30184955334706887,0.5160671319549656,0.5075182225666928,0.29364896212087715,0.7067408853385235
171,85+,15,0.6068480456862553,0.5690862309695,0.3047085529166581,0.7675216719440124,0.07388116295556103,0.12056075136891446,1.6205187979644693e-06,0.262867207142596,0.31927079135818376,0.31006896514600946,0.12756865181514018,0.557753636288575
196,16-24,15,0.22933274419594,0.20683258301328966,0.08293809988854693,0.4220047998239613,0.09864659575090959,0.15123072825522726,0.012421389252676779,0.3434083357586758,0.6720206600531505,0.6285301742979241,0.35577566063816324,0.8263695213579832
196,25-34,15,0.22147458481371313,0.18657049389937724,0.06792871924024889,0.38497879011224917,0.10638679479896647,0.1603898239969625,2.895550098525513e-06,0.3158211833756764,0.6721386203873204,0.6423443777123123,0.3999203953285272,0.8558905645524326
196,35-44,15,0.23444679904605464,0.20779547072138782,0.08164195107966293,0.4130268943332081,0.10781161891476883,0.155423050396705,2.6506566440330713e-06,0.3181849472756674,0.6577415820391765,0.6230879729705222,0.41869905872816604,0.810358295423591
196,45-54,15,0.23168044427721027,0.2125690134399329,0.07496342671108806,0.4121769240961846,0.10499214710306518,0.15547256796253167,2.3856003165718357e-06,0.3207332340806682,0.6633274086197246,0.6224255070421565,0.355224971018193,0.8277198337084093
196,55-64,15,0.23168044427721027,0.20883051509569714,0.09054876866969845,0.40013882251368776,0.10499214710306518,0.14919278932543478,6.261489444326706e-06,0.3062728153550269,0.6633274086197246,0.6259753596540656,0.4203940535176211,0.8052682038155354
196,65-74,15,0.23428049146834515,0.20236996771403692,0.07586519451943893,0.3871851296313479,0.10844450317304233,0.16120009353685327,3.1600126892906666e-06,0.33813449567542553,0.6572750053586126,0.6234793081436982,0.410699750754314,0.8230837529420607
196,75-84,15,0.33666952134470024,0.292375254238634,0.1315390546092643,0.5091185189306552,0.09686205101399523,0.15690036962380796,0.012371112167342779,0.30182820217835393,0.5664684276413045,0.5500713520081715,0.32321431659471805,0.7416031891384128
196,85+,15,0.5748613999376548,0.5330741823347651,0.25372173111334545,0.7175398195833314,0.07445798570758423,0.11842833057476201,2.6306357006409504e-06,0.25680185604720474,0.3506806143547609,0.33722227149917694,0.17776813495389027,0.5984754184936185
201,16-24,15,0.14262595641982445,0.16651269059981771,0.06322479103864116,0.36034666034992296,0.08480084835616021,0.1311392574339704,2.4208618144296796e-06,0.2600296586925419,0.7725731952240154,0.692827328269676,0.4578853409510439,0.8568681117076211
201,25-34,15,0.12970838673387078,0.14951447655209638,0.055773810342495685,0.33401036875669593,0.08542402290501094,0.14602738664920642,0.010273626567700454,0.30814693930137294,0.7848675903611182,0.6919174884369443,0.40008068581847467,0.8541009918370787
201,35-44,15,0.14279145869373314,0.1768950315981624,0.06723856349869507,0.3977417666591768,0.08882968554719328,0.153173645716713,2.164491137299357e-06,0.3111332729303455,0.7683788557590735,0.6574426100637016,0.40966614700644544,0.8313582712889525
201,45-54,15,0.1430037911430233,0.16639056825800122,0.07450529303815026,0.3260746895617873,0.08747476539749989,0.14540662211582944,2.907548841766759e-06,0.2794760509381791,0.7695214434594768,0.6796632390627042,0.4994441558393357,0.8381000911361152
201,55-64,15,0.1430037911430233,0.1751848194505144,0.0701809224554272,0.3636730055462758,0.08747476539749989,0.14315710821241984,8.437476156790762e-06,0.29668235125764325,0.7695214434594768,0.6750194244319685,0.43213890564836543,0.8332817758413882
201,65-74,15,0.1430037911430233,0.1638003297297297,0.06927702564628853,0.39329820485908124,0.08747476539749989,0.14324609656251291,2.5885233362240057e-06,0.3516216262504522,0.7695214434594768,0.6724836093799269,0.3876116616356681,0.8673427080237834
201,75-84,15,0.313125979893272,0.2786664999853254,0.12338135040052889,0.5129889943194818,0.09535976749122392,0.14613744513986493,0.0101998474105214,0.29141991433103603,0.5915142526155042,0.5673314593567622,0.35196113140188473,0.7630467691453069
201,85+,15,0.5148603709182477,0.4670758213730625,0.20245239146926222,0.6816331793349978,0.08223437901518996,0.12396231084840051,0.027170988543068396,0.2687414968556315,0.40290525006656225,0.3897594392095936,0.19956838481434477,0.6641152935444941
241,16-24,15,0.22585326545472018,0.20791924977294785,0.09145365698895201,0.37990093104108186,0.08364595738240856,0.12440450686088383,0.022669597555924275,0.26608084777929003,0.6905007771628712,0.657810263551899,0.43536841161378986,0.8235335949912441
241,25-34,15,0.14888751931425767,0.17305604130043728,0.06634224682496374,0.362008326767439,0.08390917679368053,0.12828893586386483,2.3678751395839584e-06,0.24761792417963474,0.7672033038920619,0.6815546224956919,0.4736371237955417,0.8714230898010857
241,35-44,15,0.22548026908909446,0.19463378848852883,0.07089575928825613,0.4191625003919978,0.08969655244274682,0.13526409182221677,0.03872108473803684,0.29818074160252434,0.6848231784681588,0.6632906627173365,0.3985446980553724,0.8358559727283501
241,45-54,15,0.22581883763798713,0.2105225784089195,0.08090648151464373,0.4833976880793187,0.08832969174785525,0.1356575044960156,0.012746931115358634,0.2971661389346641,0.6858514706141576,0.6457043081572836,0.3011673517626606,0.8191856485815026
241,55-64,15,0.22581883763798713,0.20932601838685938,0.09112212565646288,0.38324749058935,0.08832969174785525,0.12776036268546498,2.289485052195531e-06,0.28867115869468274,0.6858514706141576,0.6566124444564369,0.43228742627638345,0.8221377701717161
241,65-74,15,0.22581883763798713,0.20361522351970004,0.07899503822967824,0.37098574715603316,0.08832969174785525,0.12616325329595363,6.068988885074778e-06,0.2653881356395706,0.6858514706141576,0.663036875357103,0.452024824239914,0.8400031387067682
241,75-84,15,0.3391160574988606,0.28733185195912914,0.130262966340231,0.5024775776878182,0.07251047620157111,0.13109694014131443,0.00792051496868679,0.26008430633851504,0.5883734662995683,0.5739563463077919,0.35875884839247135,0.7699080854608094
241,85+,15,0.6377578368713667,0.5508958263222428,0.255619003504488,0.7482338612062577,0.04965664805005159,0.09199172220750555,4.7521642725079385e-06,0.21668059735048054,0.3125855150785818,0.35215386504015955,0.16291084724934926,0.6122821558728936
255,16-24,15,0.21503866988512135,0.19711855041956727,0.0861339210275717,0.39028858955372414,0.08806238974438811,0.13614496787952962,2.6592690547432463e-06,0.29459495908261374,0.6968989403704906,0.6601018554820468,0.4191259711524846,0.8360446257758918
255,25-34,15,0.1742045579059591,0.18059444296705532,0.07492966171670172,0.38861845945994533,0.09195702058833383,0.15633581622670767,0.01427480231170791,0.30034523128463714,0.733838421505707,0.6582740529291522,0.4062855568813364,0.821281801578126
255,35-44,15,0.21433462928755267,0.20184258496931634,0.07242719019712207,0.36792125936764886,0.09561992766533303,0.14288057078696778,2.309729527016164e-06,0.27853903633488275,0.6900454430471143,0.6409613647865928,0.4215180476400919,0.8476676121778105
255,45-54,15,0.21467774937034972,0.20708180214841299,0.09219297420135247,0.38726288982596047,0.09417214031370004,0.15180690250583342,0.026923160998876282,0.290588929659553,0.6911501103159503,0.6379344826626103,0.4229313357777941,0.7884301739986188
255,55-64,15,0.2257857818823741,0.2024527636177172,0.07692748093789184,0.3741778858214346,0.09284011744602655,0.15108715754247887,0.03272652906822208,0.3013425501267522,0.6813741006715993,0.6366612224679745,0.41948398420943434,0.8094819152338466
255,65-74,15,0.21467774937034972,0.20244958401709628,0.08262938314036802,0.4037211101405006,0.09417214031370004,0.15233752767051878,3.3442329531284107e-06,0.30540288574350016,0.6911501103159503,0.644040213076196,0.3821312315292372,0.8281103220591585
255,75-84,15,0.3314982700474326,0.28903659801991843,0.11183577715174321,0.5077567271696367,0.09334528452009577,0.14670437126993702,2.4642051565675546e-06,0.2981635181825993,0.5751564454324716,0.5567968588065308,0.32159400543395034,0.7993881890966592
255,85+,15,0.5749000486271837,0.5258662039896358,0.24932672019048513,0.7071725455977279,0.07305644962919737,0.11341587516251005,0.011172455174020544,0.25354903891255764,0.3520435017436189,0.3504409843153895,0.19083389669343317,0.6253753558000847
272,16-24,15,0.22504132986220274,0.20416309135605987,0.07924189012224411,0.4070199801943613,0.08694022218327598,0.14457788564940466,3.1422838063622416e-06,0.27586299170952705,0.6880184479545213,0.6494205951132874,0.4061556714978738,0.8257991794920747
272,25-34,15,0.1478607240047948,0.1779891597944826,0.07331022235189538,0.37530027057807935,0.09022695120917626,0.1483094647106338,8.24189683975968e-06,0.30107891959748573,0.761912324786029,0.6649437307955484,0.3958212764226706,0.8255725168510625
272,35-44,15,0.2254300041578922,0.20093361865448706,0.0805045726333679,0.40075221648994264,0.09426955767058634,0.15143973634334376,2.3100566429786214e-06,0.2948013199364401,0.6803004381715215,0.6461265544656498,0.3559371432848836,0.8470604910293607
272,45-54,15,0.2257857818823741,0.20803338213436445,0.0847855056773043,0.4236857949621037,0.09284011744602655,0.15061592106058108,2.6881822793459576e-06,0.30067747126096406,0.6813741006715993,0.6321225985408194,0.3603178712776407,0.8191143351020257
272,55-64,15,0.2257857818823741,0.2070872004839251,0.083932765801194,0.41259394140399197,0.09284011744602655,0.15609462429366847,7.16971819051385e-06,0.326142875666114,0.6813741006715993,0.6356535281501468,0.3657844276934307,0.7927207111043271
272,65-74,15,0.2257857818823741,0.2037483062315465,0.08516158861351684,0.3645934207970337,0.09284011744602655,0.1601478685148374,0.035367850958272225,0.28957367495674424,0.6813741006715993,0.6411187702093487,0.4205527117787003,0.8407170102807339
272,75-84,15,0.3314982700474326,0.2868333852558731,0.12748483403633837,0.497116447265612,0.09334528452009577,0.1492505306728802,0.02613168684383149,0.278066618497868,0.5751564454324716,0.5579695105254445,0.3474186242604228,0.7582233816026263
272,85+,15,0.5749000486271837,0.5280622390395807,0.270784557640775,0.7104696044736859,0.07305644962919737,0.1180983583948492,1.6149684601317316e-06,0.25662704907303335,0.3520435017436189,0.3410484211955096,0.18474548881487665,0.6034364788037021
279,16-24,15,0.22504132986220274,0.20151109054890126,0.08048782914614218,0.40812722874135965,0.08694022218327598,0.1381964725987187,2.1774174809788478e-06,0.29114107243960474,0.6880184479545213,0.6508195823707195,0.44260312763411164,0.8053246747081303
279,25-34,15,0.21196101052771885,0.18142773849365118,0.07412686034553126,0.353665026815674,0.09449791882217701,0.15622748109245077,2.3295773066901474e-06,0.2891571680102479,0.6935410706501041,0.6576295242095529,0.4449884831258024,0.8326958436175244
279,35-44,15,0.2254300041578922,0.20408731586483336,0.0742157297517208,0.4002243386993223,0.09426955767058634,0.1511958441331882,2.307679456245264e-06,0.31136765381108705,0.6803004381715215,0.6331299698893929,0.41220357960151516,0.8318984265851527
279,45-54,15,0.2257857818823741,0.2089844139680677,0.08209716573371757,0.38480615669890067,0.09284011744602655,0.15448978888045986,3.0475339854486085e-06,0.3026012237230605,0.6813741006715993,0.6188160745722886,0.41187347246801853,0.8200768444962677
279,55-64,15,0.21467774937034972,0.20270116852159592,0.08217104888171853,0.4231611785410259,0.09417214031370004,0.145678688312013,1.912836898634213e-06,0.28361090802126415,0.6911501103159503,0.6481225964860857,0.37814918524362967,0.8520294945109106
279,65-74,15,0.2257857818823741,0.2064919907511236,0.07716482072789423,0.39314030856389726,0.09284011744602655,0.14303846060298847,0.009904229731617918,0.30797205534701516,0.6813741006715993,0.6385777697670102,0.46006074308575057,0.8076049386092431
279,75-84,15,0.3332843172726518,0.29026963568957564,0.12184531139137059,0.511288475906233,0.09309589236606763,0.1567954547254352,0.00980504858098192,0.29784287905499324,0.5736197903612805,0.5490370322981091,0.3078246253115072,0.7461215458954537
279,85+,15,0.5749000486271837,0.5082483063203049,0.27001293853187647,0.7152841993238069,0.07305644962919737,0.12118526926927095,0.027310012004794146,0.2832857498327159,0.3520435017436189,0.36061330133275926,0.1510443443167484,0.6039739339702022
280,16-24,15,0.12802260855888142,0.14564009326216673,0.057866885906512136,0.30648743096819087,0.08483286990589693,0.13075798645866032,7.520097816799252e-06,0.2704988551582487,0.7871445215352216,0.7207106213020293,0.4972642837871815,0.8581340744496331
280,25-34,15,0.12660658855119314,0.12895006324901004,0.04837203392007172,0.33742450221940923,0.08769358750412992,0.13475488503696495,1.1094018830229757e-05,0.27865735859325125,0.7856998239446769,0.7291431795171383,0.5064408597542718,0.8800139805981632
280,35-44,15,0.12818328272158133,0.1473105525285187,0.06326753779511607,0.3625194791440564,0.08887162970428261,0.13544773167172003,2.3354025638975045e-06,0.28315680740579796,0.782945087574136,0.7069308246256696,0.39935558746873895,0.8699063296493444
280,45-54,15,0.12837398279189846,0.16337823785220795,0.05767736646781029,0.3376896071590285,0.08751613122901963,0.1358462423374942,2.6409092900120537e-06,0.35503531800693905,0.7841098859790819,0.7016639689255852,0.4663229883498722,0.857645362171847
280,55-64,15,0.12837398279189846,0.14322325452226103,0.04846287750086976,0.2927267932822889,0.08751613122901963,0.12990154987166924,1.862230473271241e-06,0.2858760682435473,0.7841098859790819,0.7178155248181817,0.5101905781814589,0.8729818571615687
280,65-74,15,0.12837398279189846,0.15044456087217556,0.05663308439178689,0.33476588952159825,0.08751613122901963,0.1364945853548959,2.845694482142126e-06,0.26625374339188707,0.7841098859790819,0.7111541487509729,0.48610712852034715,0.8635365141767936
280,75-84,15,0.24140198238429858,0.2117033567925417,0.050609531622507184,0.42549149525307656,0.09193146876004356,0.1307940416685327,1.8411313219588058e-06,0.2867247819078222,0.6666665488556578,0.645121341104228,0.38423999973053286,0.8578460776077198
280,85+,15,0.4869257095580673,0.3237919986102485,0.1145882560139491,0.5950972421043957,0.06883412130850962,0.11694945084732697,0.018141987700179826,0.22961515810864308,0.44424016913342307,0.552935803127188,0.2637869133138397,0.7862223063488875
293,16-24,15,0.2257624372319198,0.20464810029448283,0.08853541619364043,0.4149169013768319,0.08401447456536501,0.13602191482842646,0.010384807177592117,0.26498854162459706,0.6902230882027152,0.6590049296510497,0.4270683340226087,0.8401856444946421
293,25-34,15,0.14835249014940802,0.17739413630156575,0.06815179476162087,0.3826158806244858,0.087201160637081,0.14072118413598084,2.960711369243303e-06,0.29586935303719686,0.7644463492135111,0.6663890491626981,0.4314827659362733,0.843682667790883
293,35-44,15,0.22621346523494243,0.20008006267157447,0.07972213009581623,0.3888826004132344,0.0911217754997285,0.15189778176433055,0.02957657749787494,0.30203998212536254,0.682664759265329,0.6415737442187674,0.44625593482887954,0.8099878922624625
293,45-54,15,0.226558540082199,0.2047622228106138,0.07246106543536879,0.4011893811199735,0.08973533718948681,0.15235856574567896,2.4752517838967e-06,0.31889823692833635,0.6837061227283141,0.635905662411134,0.37254237844794613,0.832716564986193
293,55-64,15,0.226558540082199,0.20972973581233748,0.08385673828313665,0.4282686781835692,0.08973533718948681,0.1458515293905069,0.02888570157851727,0.26860712426264577,0.6837061227283141,0.636977382016841,0.4309635010645444,0.8138691609895926
293,65-74,15,0.226558540082199,0.20395273193393113,0.08027158094269195,0.3827830598481645,0.08973533718948681,0.1446120908463144,0.028699166587124663,0.2946910293872066,0.6837061227283141,0.6520459788601358,0.41444771205850495,0.8389900152617973
293,75-84,15,0.3326390269065175,0.28787910152237783,0.13341714455756856,0.4693208950954348,0.09022529060472088,0.1483978292782826,0.034476285244513384,0.28146828779732935,0.5771356824887617,0.555818797069251,0.34915266076814094,0.7500417192908613
293,85+,15,0.5764472456982439,0.5309242262301925,0.2254097819719233,0.7589659446899283,0.07056181712812772,0.11553186042350104,0.02141346443603719,0.23629784321298608,0.35299093717362834,0.3536235074080177,0.16992508371010007,0.6172162214176933
30,16-24,15,0.23414466645417892,0.2098926911750902,0.08672059125126447,0.3854031992164419,0.08869270392741477,0.1454339762937456,3.108627174425115e-06,0.2912581615042455,0.6771626296184063,0.6320496706117248,0.4140011662499643,0.8220450185812632
30,25-34,15,0.22633551228642595,0.18085941884502416,0.06999378983813828,0.3845365788232712,0.09574235817183963,0.15774796526951756,2.9411865038084177e-06,0.30582303270046207,0.6779221295417345,0.6572397782935666,0.3960618522504509,0.8396523999780238
30,35-44,15,0.2358538589541489,0.20350527786987863,0.07774151623630642,0.4275627249165724,0.10143340693712025,0.15667910110446015,2.6621584929562937e-06,0.30162576561847115,0.6627127341087309,0.6325955203654742,0.3873523086757622,0.8260673520468187
30,45-54,15,0.23575358460957785,0.21537141450474606,0.09063020501658264,0.39786225307406886,0.1018154366252176,0.15543824172772674,5.387194639054603e-06,0.3364857637516197,0.6624309787652045,0.6227168893614226,0.3524169017100991,0.8288891881822641
30,55-64,15,0.23516940033959932,0.2076791825700421,0.08312519919383599,0.4165002838975555,0.100305279428733,0.1550794430824929,0.025203354270726664,0.29455604320160766,0.6645253202316677,0.6370261335100033,0.406170186529422,0.7996987011077411
30,65-74,15,0.23575358460957785,0.2020860594531524,0.0751956242000905,0.42118185814061276,0.1018154366252176,0.14980314173540296,2.150210935649776e-06,0.3130072858915049,0.6624309787652045,0.6381111903258905,0.3620701563861413,0.8298732312760245
30,75-84,15,0.3684212375500934,0.2983380061464223,0.13026495468080462,0.5161943434344353,0.0915351549306305,0.14947343973411117,2.728027613206945e-06,0.30863993744719515,0.5400436075192762,0.542570236417948,0.32853139756879474,0.7327011376865187
30,85+,15,0.5848060828970716,0.5369279659797799,0.2670315321022489,0.7443523194773785,0.07055210443834913,0.11148406249923223,1.8510353886086128e-06,0.2384695159326139,0.34464181266457933,0.336924960046423,0.17070108190017702,0.5871318672729324
35,16-24,15,0.21503866988512135,0.1965662945901836,0.07235191764595268,0.36443125470221677,0.08806238974438811,0.1331772368342851,8.454597920541064e-06,0.2649717245781732,0.6968989403704906,0.6591732809945091,0.4616417074544605,0.8463428614716171
35,25-34,15,0.20531229048560123,0.17350897908248075,0.0650011904753534,0.3558634553050417,0.09294306610459137,0.15235832424737533,0.019208826736997864,0.3334696005700433,0.7017446434098074,0.6589210776845489,0.3819511011075619,0.830390406692527
35,35-44,15,0.16396655764106885,0.2049952863804953,0.07846460772472548,0.41176797713201146,0.09120490606244595,0.15376141018672135,2.3587671756256963e-06,0.3012130054278429,0.7448285362964852,0.6437857788750037,0.3706814533931412,0.8304885534164199
35,45-54,15,0.2257857818823741,0.21093310612441393,0.07762645468579203,0.42590084276539214,0.09284011744602655,0.15117420752777988,2.7474373142779486e-06,0.32506665439032073,0.6813741006715993,0.644052759365718,0.3344332725817234,0.8071505434201649
35,55-64,15,0.2257857818823741,0.20374004470395896,0.08721672792790515,0.3926956319150533,0.09284011744602655,0.1430391077722364,2.6137759863381967e-06,0.27390870673190887,0.6813741006715993,0.6463282204250174,0.4449738513076745,0.8345170288877317
35,65-74,15,0.2257857818823741,0.19983117749266233,0.08370865176157002,0.4135645341883292,0.09284011744602655,0.1386917721266862,2.674994355178288e-06,0.2865016400129187,0.6813741006715993,0.6631411238281459,0.40765462671174624,0.8242859924871975
35,75-84,15,0.3314982700474326,0.2789826943881077,0.11745373915938931,0.4903204233665339,0.09334528452009577,0.15086852903818038,0.01750306164368639,0.3007507721220146,0.5751564454324716,0.5530389122196545,0.3409998296320646,0.7827971125240991
35,85+,15,0.5749000486271837,0.5335430065220699,0.24336775718875395,0.7190357345312548,0.07305644962919737,0.11358360065998574,2.4763055969565593e-06,0.24918925177561918,0.3520435017436189,0.3483850500762693,0.18909852137449967,0.6032051189493732
44,16-24,15,0.16397308729739704,0.20302265059045138,0.07618690725249154,0.40856354580115883,0.08623372053923213,0.1330248047733371,2.540134804675238e-06,0.2971063486538617,0.7497931921633708,0.6508832685548077,0.42609825757469144,0.8326119185363628
44,25-34,15,0.1478607240047948,0.17472919952342825,0.07291532195260875,0.3649199924658042,0.09022695120917626,0.14990493881517403,3.107377099908695e-06,0.3003702266826241,0.761912324786029,0.6686101850560051,0.42855480795235384,0.8277614667023281
44,35-44,15,0.21433462928755267,0.20285476057497098,0.08517199640789579,0.4053364678865447,0.09561992766533303,0.14782097476589517,3.12010823177985e-06,0.2823844704471984,0.6900454430471143,0.643983713226993,0.4236946589756218,0.8232469138773991
44,45-54,15,0.1642169071606942,0.1973335484083718,0.08533432631779043,0.38485792232297567,0.08981732789724975,0.13983245486145646,2.868316841655837e-06,0.2699841543823064,0.745965764942056,0.6565016619578672,0.4460744186589779,0.8221474578573537
44,55-64,15,0.2257857818823741,0.21056062272425768,0.08578276576802663,0.39429763555643316,0.09284011744602655,0.14304370387616222,2.483773232032615e-06,0.31767757379761447,0.6813741006715993,0.639847347095335,0.3892565378278685,0.8097896617971159
44,65-74,15,0.21467774937034972,0.2082244834085264,0.06757749097122452,0.4376396438386919,0.09417214031370004,0.14338859478599267,2.3505415484649014e-06,0.26726271822807657,0.6911501103159503,0.6423817385872749,0.41410802188927565,0.834403122063292
44,75-84,15,0.3314982700474326,0.27826662434761634,0.12020918670604325,0.49119712820889627,0.09334528452009577,0.14419171146924872,2.9521610746700153e-06,0.3169338601582453,0.5751564454324716,0.5620711562958836,0.3571758341307673,0.7770481324967525
44,85+,15,0.5749000486271837,0.520417124790439,0.24487047593256334,0.7332258806319928,0.07305644962919737,0.12015574150505992,0.022304859220088676,0.25976944035719235,0.3520435017436189,0.3617683687818164,0.17894749081186495,0.613711879437763
68,16-24,15,0.22479329394452888,0.20930196861506878,0.08171531036830132,0.42847076370677145,0.0879465778603446,0.1437946697537142,2.1681644758924824e-06,0.2962765628128923,0.6872601281951266,0.6431795850690275,0.3629612993035939,0.8481385575714039
68,25-34,15,0.20478698346607827,0.17404756566107987,0.07086693277016753,0.3389978695132926,0.09526383985542365,0.1543847723015342,0.018358131198726705,0.2926050780760902,0.6999491766784981,0.6635516037589173,0.42198945785602876,0.8324334641541411
68,35-44,15,0.22516061855571645,0.20645407365981788,0.07436071004357743,0.40831873199556984,0.09535189248013048,0.15206801060719288,2.9791829558339847e-06,0.3246363445058346,0.679487488964153,0.628976865282767,0.4051111952373177,0.8168670586403535
68,45-54,15,0.21442147734398503,0.19745094257508053,0.07545651956800233,0.39034577793055014,0.0952534742750456,0.15065999002974284,2.3335394430970897e-06,0.28689898169525846,0.6903250483809693,0.6437056354371686,0.4500915833283581,0.8170849919875266
68,55-64,15,0.22552005754496254,0.20573246691413055,0.07706642968264851,0.4187852003915383,0.09390774206219302,0.14919212418771072,3.2077532065842794e-06,0.2650525164933499,0.6805722003928445,0.6376020228145429,0.4335716015384864,0.8207707645963406
68,65-74,15,0.22552005754496254,0.19648933726139928,0.09412019772828459,0.3966833384238864,0.09390774206219302,0.15130760380754524,0.011204610164460779,0.2945057656480781,0.6805722003928445,0.6416310887327075,0.41038663927112706,0.8004924014016501
68,75-84,15,0.3314668961879943,0.2864551113891974,0.10693819089346042,0.531698555057688,0.09343109268313222,0.14726683600498924,2.3859167058853864e-06,0.317113521977826,0.5751020111288734,0.5479699369048465,0.28854747808794223,0.7836789527311974
68,85+,15,0.5748574638736227,0.5357056436345715,0.2830150486054355,0.7447143489057351,0.07312511141267058,0.11655076471200276,3.075076913441103e-06,0.2917384552187288,0.35201742471370684,0.3296702633879831,0.15977128178693847,0.6012521913948592
78,16-24,15,0.22504132986220274,0.20897263990213027,0.08763812364138668,0.41519699130048887,0.08694022218327598,0.14202006340067425,2.0397079982912164e-06,0.2812770399008131,0.6880184479545213,0.6393076131538297,0.4138316666109919,0.8228852439748314
78,25-34,15,0.20531229048560123,0.18053891431276795,0.07744477999792732,0.39339543704213004,0.09294306610459137,0.14726091884673975,0.03500966318963585,0.2867619220192977,0.7017446434098074,0.6570095821946987,0.41697227031204454,0.8207861323117266
78,35-44,15,0.21433462928755267,0.20336535983271647,0.07850184698544745,0.40844430253672614,0.09561992766533303,0.1466895966565921,2.89329570427756e-06,0.29437971149335007,0.6900454430471143,0.6394953955713012,0.387766616098133,0.8171233677433544
78,45-54,15,0.2257857818823741,0.1964417642264969,0.08773742222320421,0.3931910269489359,0.09284011744602655,0.14647880506638022,0.030408539461616688,0.2799049734263738,0.6813741006715993,0.6481064564268465,0.43317687864059334,0.8110896725129714
78,55-64,15,0.2257857818823741,0.2080277316352151,0.08025157539747707,0.3743625877368891,0.09284011744602655,0.15579412725684683,2.350683402789386e-06,0.2826365938913943,0.6813741006715993,0.6346082414778415,0.47294950628309745,0.8185983484919378
78,65-74,15,0.21467774937034972,0.2058495836478733,0.08340475838195992,0.41952862389291706,0.09417214031370004,0.14779849012492785,2.8340846599455243e-06,0.27447845891397543,0.6911501103159503,0.6350168502387122,0.4043455825184604,0.8284728624076979
78,75-84,15,0.3314982700474326,0.28007170198484976,0.12390293377773692,0.48455504660857784,0.09334528452009577,0.1486741800653227,0.024160991748285298,0.2728471026973695,0.5751564454324716,0.5599981599650414,0.35525159968274816,0.7729079093103775
78,85+,15,0.5749000486271837,0.5278776066381801,0.250649713098814,0.7356946218562123,0.07305644962919737,0.11398524968154147,0.009314104756301879,0.27175811602421795,0.3520435017436189,0.35636159627639263,0.1460972297063111,0.5811259359355674
8,16-24,15,0.31206268476946974,0.272108109548301,0.11548779527796754,0.5133213175161364,0.08527387837305916,0.13422149874985417,2.1231996492641758e-06,0.25564976064242373,0.6026634368574711,0.5808080734784545,0.34521746990454943,0.7883480367388976
8,25-34,15,0.30657279543481863,0.2532857772730108,0.09044183943375196,0.4869976809163396,0.09179181241522322,0.15057641765439395,0.026868885549111588,0.3293829271823714,0.6016353921499581,0.5817529663848058,0.3205671792040229,0.808659455637628
8,35-44,15,0.31037584662868417,0.28176706399593476,0.12955468842837406,0.501809654889008,0.094163554897048,0.14766732223297957,4.358934079995557e-06,0.2891423903461559,0.5954605984742679,0.5703229565477023,0.33407404436058474,0.7511730135063133
8,45-54,15,0.31086513574674346,0.2607794725488617,0.10052725762976496,0.4805211081237439,0.09273555745412627,0.1440817780666216,1.6033650616244653e-06,0.2935254809388043,0.5963993067991302,0.5705475457948086,0.35562228386519856,0.796680306746887
8,55-64,15,0.31086513574674346,0.27097322523710643,0.1154114929502532,0.5061750935879618,0.09273555745412627,0.14223184023165442,2.5450113230599745e-06,0.2623302777412899,0.5963993067991302,0.5741502009219681,0.3742544186426344,0.783384454190218
8,65-74,15,0.31086513574674346,0.2701540541088303,0.10823323022434522,0.4934369653919286,0.09273555745412627,0.1510901591020875,2.599040785615753e-06,0.3248439187976281,0.5963993067991302,0.5658254199111761,0.307626700753651,0.7905023318958128
8,75-84,15,0.4036350324963838,0.36984707480676,0.17480133661579875,0.6073671702403922,0.08513472954483993,0.14250628466670698,2.7867626170882417e-06,0.27473692211595074,0.5112302379587762,0.48094986364392533,0.2849967205411484,0.7022310172802108
8,85+,15,0.611651794875725,0.569337937295388,0.29675579442701944,0.7565545866217884,0.0724180242419178,0.11202513110979435,1.5631469362029882e-06,0.2560722804585771,0.31593018088235725,0.3093361854850051,0.15413841843264625,0.5728425165362468
9,16-24,15,0.21452316120545065,0.19832558754457613,0.07364388041976846,0.48692388274277787,0.09024856283435394,0.13961629082592591,1.6706624797253998e-06,0.2901891037853616,0.6952282759601953,0.6422089880455167,0.32329767983345076,0.8585124809999504
9,25-34,15,0.15551175722044047,0.1805244164659736,0.07896785474497894,0.3808305669677219,0.0931406163701159,0.16068874288184973,0.025971628502045273,0.28607108475366166,0.7513476264094436,0.6551188798536224,0.4293317846701947,0.8288887426247559
9,35-44,15,0.21377682690556046,0.2125605132197591,0.08794295256601897,0.38560420578364785,0.09797356207453421,0.1513411843803521,0.03600744164347264,0.2828318874797321,0.6882496110199052,0.6361667723499385,0.39200203192085414,0.8114373221261252
9,45-54,15,0.21412749158282307,0.20074180670728764,0.08948121926628544,0.4239868420370746,0.09649394047889141,0.15751082550683287,3.1350692555479636e-06,0.31729136618209874,0.6893785679382856,0.6353433587452706,0.3654648425550532,0.8045914567708728
9,55-64,15,0.22521521739124825,0.2046416254397403,0.08608135793759761,0.4026219589019522,0.09513252581844053,0.15359019327294648,0.016249849761453748,0.2979089341106213,0.6796522567903113,0.639003893051364,0.42740082298576193,0.8077507925207159
9,65-74,15,0.21412749158282307,0.19995676549653046,0.08855114928742631,0.3788062978820622,0.09649394047889141,0.15205473367282774,0.01666252359503664,0.2814422071250001,0.6893785679382856,0.6298909114641449,0.44844685489202857,0.8013575576966364
9,75-84,15,0.3332843172726518,0.28197629748985464,0.1252609956356529,0.5278306178481532,0.09309589236606763,0.15341768556730023,0.016773868839145303,0.306032614429087,0.5736197903612805,0.5506068898060388,0.2971509398289322,0.7518106201949813
9,85+,15,0.5749000486271837,0.5217802556550946,0.22474277819117275,0.736804721997375,0.07305644962919737,0.11565883431587587,1.8456770291272895e-06,0.2555232963382118,0.3520435017436189,0.35502342037979473,0.1584676703958592,0.634896021669674
91,16-24,15,0.22504132986220274,0.2030121207276918,0.07666454545631457,0.41911884157682616,0.08694022218327598,0.14830163946456115,6.851452002219015e-06,0.3054178605301605,0.6880184479545213,0.6449332463515471,0.37603045479250136,0.8157496006127242
91,25-34,15,0.20476503047381067,0.19362271282909727,0.06909248466448845,0.41287404787197884,0.09536082681031552,0.15476401911853138,3.032606165925701e-06,0.3406466334631794,0.6998741427158739,0.6439026162941184,0.3931375524527475,0.8323927637860369
91,35-44,15,0.2254300041578922,0.2035305681427916,0.09828952050510292,0.43093778777508196,0.09426955767058634,0.15164968162738424,5.903508518128141e-06,0.3041311881149357,0.6803004381715215,0.633035250482522,0.36944164025290344,0.790784213322697
91,45-54,15,0.21467774937034972,0.20045957093409372,0.07226486641602399,0.4055960881663799,0.09417214031370004,0.1459516802858557,5.6492152997264305e-06,0.33865729127766947,0.6911501103159503,0.6390989152853426,0.3979577469379621,0.8492665632217055
91,55-64,15,0.2257857818823741,0.20127055674372274,0.08525082069530315,0.38301514315813434,0.09284011744602655,0.14954232951591065,6.276578925237994e-06,0.32885204953018854,0.6813741006715993,0.6395463483745454,0.36043952072813745,0.830715681111777
91,65-74,15,0.2257857818823741,0.20912186417728798,0.09122573714598944,0.4262377694966666,0.09284011744602655,0.14611514214071297,2.4005646317871783e-06,0.2912769666513133,0.6813741006715993,0.6270636349303564,0.411828019446737,0.8094576066166721
91,75-84,15,0.3332843172726518,0.2822136082796538,0.13157509685984195,0.4738696307372345,0.09309589236606763,0.15653503915332234,0.03398331950293842,0.28804304309431283,0.5736197903612805,0.5563202359528088,0.3479141219873986,0.7420535029336507
91,85+,15,0.5749000486271837,0.5306281408258678,0.2595679140187668,0.7370469207709741,0.07305644962919737,0.11741887311148765,0.007806305835665431,0.2521311554047494,0.3520435017436189,0.3450503288319392,0.16497417687321528,0.5956598668235416
107,16-24,16,0.22504132986220274,0.204473592791045,0.09006796307771653,0.4144222238084132,0.08694022218327598,0.14213948651423486,2.3295602094822147e-06,0.2737345708473773,0.6880184479545213,0.6412494940822068,0.43069990303853534,0.8280683348635055
107,25-34,16,0.1478607240047948,0.17319469257912917,0.055152301986349024,0.36011460056305683,0.09022695120917626,0.1417510799392051,3.2683246401596824e-06,0.29463369055972904,0.761912324786029,0.6737205536018518,0.43829105082917313,0.8509999215828391
107,35-44,16,0.2254300041578922,0.2071914842598008,0.08485921525383786,0.4045530040915781,0.09426955767058634,0.1493749884605311,2.0768044021000577e-06,0.3011278022947629,0.6803004381715215,0.6325445487681867,0.4046001153758938,0.8391716554586275
107,45-54,16,0.2257857818823741,0.2022291468684618,0.08088125047861736,0.46408428169993177,0.09284011744602655,0.14145829660402126,2.326409979261612e-06,0.27665445960265844,0.6813741006715993,0.6439721487715857,0.38607517466168256,0.841030857659873
107,55-64,16,0.2257857818823741,0.20226459248336387,0.08190129221494802,0.3918918099822704,0.09284011744602655,0.14694212822017877,0.026517354062742426,0.29100034644874995,0.6813741006715993,0.6344291843608824,0.39588032248858235,0.8417234059541413
107,65-74,16,0.2257857818823741,0.2011359957736687,0.0700539311313981,0.4269427746777505,0.09284011744602655,0.14194212030695097,3.140976149172467e-06,0.3007658274446539,0.6813741006715993,0.6544407633840748,0.3784479690835221,0.8402274669679357
107,75-84,16,0.3332843172726518,0.2956463949112538,0.13227625985595065,0.49508735865002446,0.09309589236606763,0.1458543782971567,2.551474103819401e-06,0.2744207067338791,0.5736197903612805,0.5485093476140281,0.3517916871557402,0.7501054181220531
107,85+,16,0.5749000486271837,0.5141832800848797,0.23748981556952584,0.7604879843481314,0.07305644962919737,0.12002430508192913,1.9611635193445987e-06,0.26010340877817373,0.3520435017436189,0.36170959044903006,0.17878323243947938,0.6235684504432161
109,16-24,16,0.22544097596338078,0.20804109232222356,0.06567458684048391,0.40205224468780176,0.08531873878478043,0.13738435211107863,2.403938420522963e-06,0.2956687490538399,0.6892402852518388,0.6462104401001258,0.4285187878823084,0.8384393042114558
109,25-34,16,0.1481332518096549,0.17704034975898347,0.07019558852742012,0.3481016969130656,0.08855011340402788,0.15278981648033632,0.014978415145604456,0.2940134402061534,0.7633166347863173,0.6723726049494513,0.4193891321211745,0.82453744132314
109,35-44,16,0.22586415511376567,0.20456145423411382,0.07212952044853262,0.3939736746877482,0.09252523025166107,0.14956437123384492,2.055888195136981e-06,0.29114304839419736,0.6816106146345733,0.6377693235431142,0.4292963230763583,0.8297036770755275
109,45-54,16,0.22621401195464153,0.20827933634149387,0.08604721368045903,0.4126358936683851,0.09111957889472583,0.14709835032390173,0.009041743003849334,0.28915828511617403,0.6826664091506326,0.6342222249393115,0.40431357719999483,0.8167873578682916
109,55-64,16,0.22621401195464153,0.20550846413329238,0.08405857381588515,0.43398213090402543,0.09111957889472583,0.14895120885509117,2.8391197574041694e-06,0.3017643023536501,0.6826664091506326,0.643349801264173,0.37354692960381986,0.8073213559578295
109,65-74,16,0.22621401195464153,0.2058532313696857,0.08537829644733225,0.4656502642814644,0.09111957889472583,0.14832026925120934,6.386025685739095e-06,0.28790143830847287,0.6826664091506326,0.6393615308968297,0.3269408571007723,0.8096566751755495
109,75-84,16,0.33289066626246394,0.29212363459411517,0.11937330695718162,0.5057114407141068,0.09416706103381371,0.1542750988208116,3.1806774153824343e-06,0.3089502117302187,0.5729422727037223,0.5453250711385058,0.3267168408703891,0.7512604915516319
109,85+,16,0.5743670485010318,0.5138415502788387,0.2577278901343089,0.7252052048293866,0.0739158355876141,0.11901338059351518,0.021786081509824872,0.25624353324844545,0.3517171159113541,0.3556597362290348,0.18085191019711616,0.587626409393892
112,16-24,16,0.16594053750834276,0.2068708536943734,0.07361501281104706,0.36249996083173414,0.07526978926909925,0.1288881360018,0.015067850611443548,0.2329763525360798,0.758789673222558,0.660495135898622,0.4717873215681561,0.8313537034986965
112,25-34,16,0.14998997828454977,0.1821292463962937,0.07459822284159745,0.37809826378002825,0.07712585103005924,0.13276458180662193,3.2193927831771796e-06,0.24448655067860814,0.7728841706853911,0.6777681152797839,0.4569659695701391,0.8416577532058342
112,35-44,16,0.22760475607829714,0.19494856904675922,0.08674297907921187,0.43430745915719526,0.0811196253423202,0.1367051410328191,2.423218317795426e-06,0.33190822814857823,0.6912756185793827,0.6562080257944,0.33292039277980656,0.8248965409131418
112,45-54,16,0.16633234604218855,0.20095766826573774,0.07869651232362902,0.4343232186265403,0.07809237309741031,0.13161021831797637,1.7500680685011316e-06,0.25638652499838077,0.7555752808604012,0.6564390782379775,0.41756142729821794,0.8381815324014087
112,55-64,16,0.22786341844176156,0.2056233670820165,0.080778079055294,0.409414657118115,0.08007535995197726,0.13304484529794725,2.1273724698876746e-06,0.31230455349763053,0.6920612216062613,0.6503439092079377,0.40773520186793544,0.8194050644949731
112,65-74,16,0.22786341844176156,0.21041966801184375,0.08601535396993543,0.4388642953668887,0.08007535995197726,0.13559498090126393,0.03080414824341181,0.27247868843850376,0.6920612216062613,0.6474622152693175,0.38961167664739293,0.8153412226942908
112,75-84,16,0.3357959294495873,0.29171178317642743,0.09270246596290668,0.48042984598166444,0.08159109599316153,0.13295303054820476,3.7663945114783434e-06,0.28536826353589256,0.5826129745572511,0.5596038127490959,0.3647144857445722,0.7797163710395844
112,85+,16,0.5786847367399247,0.5466552773452833,0.2780735113277561,0.7379385828766695,0.06695418499267904,0.09964592603035877,1.6553550682159137e-06,0.2199104519549037,0.35436107826739627,0.3496949918437149,0.1533243469596536,0.6243083939699466
114,16-24,16,0.22504132986220274,0.2009598360311216,0.08233204225564028,0.38255326514276444,0.08694022218327598,0.14091896138381282,2.9314983564691256e-06,0.29529922696929184,0.6880184479545213,0.6483277066327644,0.41099074142230907,0.8171786100871348
114,25-34,16,0.1478607240047948,0.17357106054282018,0.0692237998702419,0.33906763713224636,0.09022695120917626,0.14608356053060034,2.8480925438530156e-06,0.32257415978820403,0.761912324786029,0.6706898498026831,0.42350700450161716,0.8481455940871648
114,35-44,16,0.21433462928755267,0.1977697980469162,0.08165041005538619,0.37135765958457967,0.09561992766533303,0.15358778350097124,0.023161818724905896,0.29545029312184956,0.6900454430471143,0.6405509403060344,0.4326088819193632,0.8361528610146126
114,45-54,16,0.21467774937034972,0.19885596636966052,0.08874971212627483,0.41472519402059344,0.09417214031370004,0.15760748836228775,0.031447689841734294,0.30349205891828707,0.6911501103159503,0.6340511541645504,0.3772067035795512,0.8138838148249935
114,55-64,16,0.2257857818823741,0.20158968198958133,0.0826847253473761,0.4153581208610474,0.09284011744602655,0.1443214573333093,2.287630492559131e-06,0.27866130777426296,0.6813741006715993,0.6384983925784864,0.41243894133685033,0.8387889155143383
114,65-74,16,0.2257857818823741,0.20560306203296164,0.08357556578109816,0.38635222778025496,0.09284011744602655,0.14552638653885597,0.017002421961347745,0.31769686335211184,0.6813741006715993,0.6444913744836269,0.3817069414275725,0.8231692250496271
114,75-84,16,0.3314982700474326,0.2814457550845219,0.11738065075462804,0.532189655420732,0.09334528452009577,0.1503453999751473,2.707962733365412e-06,0.31159515016303246,0.5751564454324716,0.5501319718018838,0.29013664869904626,0.7734323048528535
114,85+,16,0.5749000486271837,0.5322582994001005,0.2772564815746467,0.7658296112323528,0.07305644962919737,0.11426831765182792,2.1524348249649146e-06,0.2587602086877394,0.3520435017436189,0.3431288696940141,0.13734205883508618,0.6003378358312565
117,16-24,16,0.21427512102099386,0.205991478332943,0.07667213225879888,0.4190842028342008,0.09130045351607056,0.1464901705565408,5.886797127103503e-06,0.3064671712563493,0.6944244254629356,0.6411923221091926,0.43134275254222787,0.8215927446353756
117,25-34,16,0.20397793427174948,0.17788464322932634,0.07576366469671214,0.39433496787240907,0.0988381688926319,0.16162218668170925,9.86895979557937e-06,0.31494062930503847,0.6971838968356187,0.6542954858123188,0.41236170905918645,0.8170524825191878
117,35-44,16,0.2230741819734074,0.1917706068421517,0.08098335717138543,0.3819698595883169,0.10373475675610108,0.14765754823183702,2.2497791064175714e-06,0.29590357393683825,0.6731910612704916,0.6465804584486106,0.43164831025911815,0.843342794001078
117,45-54,16,0.2234616518919089,0.20951020619490446,0.08583979834350279,0.4050583833487681,0.10217798394768683,0.1460191339650902,0.010022038143766437,0.2974317164184288,0.6743603641604042,0.6269785355162139,0.40210269321194636,0.8291719542362492
117,55-64,16,0.2234616518919089,0.20758025446302786,0.07845724855099434,0.4148518631180735,0.10217798394768683,0.15129636128768967,0.018705798636692722,0.34538156551782223,0.6743603641604042,0.6352728091933694,0.3415150677599441,0.8099415548670736
117,65-74,16,0.22494073963911349,0.2005908936380087,0.08419957130387276,0.39576740562418855,0.09623531981775435,0.1495004837728846,2.917424987122268e-06,0.3005267575582478,0.6788239405431322,0.6479975401971807,0.3897070070918556,0.7994223342031002
117,75-84,16,0.33203351959030736,0.28592635083890716,0.11659038699932753,0.5043117312551914,0.09649945352135943,0.1422496164641986,2.3594032752742417e-06,0.2948834066159584,0.5714670268883332,0.5635304159892504,0.3553554084061408,0.7827440021329015
117,85+,16,0.5732055408665611,0.5305225850939115,0.14611593519968447,0.7317622157145941,0.07578859940638598,0.12211423583435499,1.9611477618479788e-06,0.279571769180721,0.351005859727053,0.34274838293328735,0.16771832256824182,0.6649733132446634
122,16-24,16,0.21503866988512135,0.2023563163335485,0.06789930125949088,0.39630648278965774,0.08806238974438811,0.14248443220175203,5.5322335665805235e-06,0.28014567373339117,0.6968989403704906,0.6461554931528881,0.4334759550632625,0.8262800504206456
122,25-34,16,0.15257373141040748,0.1785713861517598,0.0713807778225377,0.4039584729114291,0.09307027671243123,0.14894956119315197,2.8073138329454565e-06,0.3007953539181804,0.7543559918771613,0.6622514845486931,0.4414588730158787,0.8307391019780387
122,35-44,16,0.2254300041578922,0.20652179552726785,0.09289656452046446,0.40622459981944464,0.09426955767058634,0.14974466237060985,0.028143821655836447,0.3076637434966429,0.6803004381715215,0.6341377363464828,0.3911952144859292,0.7986881538936823
122,45-54,16,0.2257857818823741,0.2081173640272062,0.07522508964214931,0.41110441198027325,0.09284011744602655,0.14847275873373877,6.512002784138161e-06,0.29589218894195446,0.6813741006715993,0.6406065372882253,0.3855659802242399,0.8169630841166964
122,55-64,16,0.2257857818823741,0.20261266838987008,0.09409363083561328,0.3965880634451283,0.09284011744602655,0.14671575200693165,0.033093299666000345,0.2906171620609652,0.6813741006715993,0.6496994832006926,0.4126863322794517,0.7995309417579837
122,65-74,16,0.2257857818823741,0.19736055418145027,0.08581298278504891,0.4126459978011145,0.09284011744602655,0.14593056061488735,3.1488605782552224e-06,0.28451848229503374,0.6813741006715993,0.6498087095529462,0.4048512143094357,0.827814925734154
122,75-84,16,0.3314982700474326,0.27711316537336517,0.10702281213863384,0.4975439135313727,0.09334528452009577,0.14402276555439586,2.692933681135572e-06,0.3035081452382145,0.5751564454324716,0.5625965683050067,0.37145967141806613,0.7647555297932787
122,85+,16,0.5749000486271837,0.5307985343918621,0.23561772467437891,0.7353527671144261,0.07305644962919737,0.11320542254147241,2.341668283116743e-06,0.27086949778408953,0.3520435017436189,0.35185841544262064,0.15856885211224117,0.5962989918730979
126,16-24,16,0.23773300302253259,0.217437456274103,0.10133454156412693,0.4124443127880704,0.09069828339509724,0.13911860110552782,0.026197579974948933,0.27342896984928283,0.6715687135823701,0.6335353906620411,0.3998298226031471,0.8203788233503333
126,25-34,16,0.23025276259472124,0.1976261929559014,0.07442947913926991,0.3995158922506241,0.09230445818756995,0.14831991178830492,0.02002998019911651,0.35343900321528476,0.6774427792177088,0.6487135830453015,0.36294408341165396,0.8239199645648978
126,35-44,16,0.2394448514071839,0.21937153455497188,0.08901193321167189,0.4019628726441738,0.09966619856458721,0.152140733293534,3.193030266614497e-06,0.29231528346292784,0.6608889500282288,0.622567620207932,0.40868126193035276,0.8042094364101721
126,45-54,16,0.2430073743450232,0.21603354569935146,0.08074211249908704,0.37983668771954837,0.0997664287337362,0.14779381816270687,6.500012509500794e-06,0.2745156839505423,0.6572261969212406,0.6311659691067683,0.41510999681828253,0.8078057175395817
126,55-64,16,0.24026747592064324,0.22255767976671575,0.08760430183097422,0.40826022691099834,0.09657305769726791,0.14273960952914144,3.063723637639703e-06,0.3174749046273828,0.6631594663820889,0.6299158472347193,0.4050176361490717,0.79914259602146
126,65-74,16,0.2430073743450232,0.2109736715110589,0.06822576087488877,0.40086427941388414,0.0997664287337362,0.14500104276514272,2.2795347141535907e-06,0.266512171408909,0.6572261969212406,0.6347278793868882,0.4308804197439511,0.8313786598779117
126,75-84,16,0.33272499824446594,0.28138977517098246,0.11110521303143747,0.527478285356941,0.09317399207992658,0.14040254268536506,3.6759787607495234e-06,0.3489628564874713,0.5741010096756074,0.5601646628944259,0.30126599954948136,0.7706831130077125
126,85+,16,0.5732082204454441,0.5254248062270163,0.2558298245652972,0.7612216936643914,0.0733472023332176,0.11525834694187093,2.546533830610854e-06,0.25965334425781283,0.35344457722133826,0.3389527516375035,0.16732874251984917,0.5942101743984882
129,16-24,16,0.22504132986220274,0.1946048297649935,0.05481076228462938,0.3669173366157596,0.08694022218327598,0.13859623205437221,2.575047567193509e-06,0.27600160253083794,0.6880184479545213,0.6488419158406111,0.4554313500183729,0.8505931573440593
129,25-34,16,0.20476503047381067,0.18164648506195102,0.06630260296736172,0.3908314642817456,0.09536082681031552,0.15008618900934534,2.2797077728659745e-06,0.288400958225479,0.6998741427158739,0.6615663478185329,0.46495291492323254,0.8488241620366945
129,35-44,16,0.2254300041578922,0.2053105416093315,0.07720844615382005,0.40204268429644413,0.09426955767058634,0.15580887115670278,0.025572557564733835,0.3356205030855181,0.6803004381715215,0.6335646230326408,0.3977375645482925,0.8269489658880651
129,45-54,16,0.2257857818823741,0.2107859552704311,0.08916560371959224,0.40100988589415393,0.09284011744602655,0.14804133932205438,3.0539252044917226e-06,0.28436813241499675,0.6813741006715993,0.6317948794194879,0.41237636244655473,0.8182709792900169
129,55-64,16,0.2257857818823741,0.20863239170357145,0.08159486122160121,0.4228103211120209,0.09284011744602655,0.15129315564948928,3.108229019107038e-06,0.3788446642550733,0.6813741006715993,0.6390150733301547,0.38966824856238985,0.8151799508298752
129,65-74,16,0.2257857818823741,0.2003063410291469,0.07913153829356177,0.38233919946420253,0.09284011744602655,0.15160761779053908,1.909078039593394e-06,0.2797216215549198,0.6813741006715993,0.6423726917487914,0.41929693762083176,0.8630279270763512
129,75-84,16,0.3314982700474326,0.2907744957078133,0.13355365607196162,0.48431620237381934,0.09334528452009577,0.15013681932864043,0.032999413513513404,0.2789825591677013,0.5751564454324716,0.5528307185121112,0.3729987167740581,0.7717906992533764
129,85+,16,0.5749000486271837,0.517446205762147,0.25151716689831083,0.7338638295343357,0.07305644962919737,0.1178349630775504,2.9997121535082407e-06,0.26593873783865724,0.3520435017436189,0.3488174107709127,0.17794784603336805,0.6123605817328446
135,16-24,16,0.1535407667082919,0.17804643983048493,0.07956675048593878,0.36770521513587767,0.08560441393066553,0.1347421026840785,2.8582135919555195e-06,0.2846025055150977,0.7608548193610426,0.6748722423305438,0.44004889502352973,0.8348121063304
135,25-34,16,0.13926392114282027,0.15076339925362137,0.05585316137246897,0.32148598580607657,0.08982554141307915,0.1396632393261567,1.991301666502863e-06,0.27455674197788754,0.7709105374441007,0.7022173241326776,0.4797825084788624,0.8585336080016791
135,35-44,16,0.1755808248724335,0.1894777960453713,0.08506013017524212,0.3703811803424148,0.09377913404437005,0.141764335106928,0.011193934189109753,0.2970638150464075,0.7306400410831965,0.6553592421150907,0.44342841426558277,0.8269663994697732
135,45-54,16,0.1550473072811866,0.19506577913919376,0.0698116029869676,0.36206801949329714,0.08833159183500511,0.14443392509124517,0.0271282349611548,0.29396906427558056,0.7566211008838083,0.6573059929403207,0.44972718883953533,0.8276512265760473
135,55-64,16,0.20371968841140722,0.19649806672494446,0.08195854767606203,0.3955343271973586,0.09169831195114422,0.15358041114167403,5.836157154970645e-06,0.2985627154425159,0.7045819996374486,0.647626737934321,0.3603147958662596,0.840725407068372
135,65-74,16,0.20371968841140722,0.19096102834749085,0.07445905647749845,0.3832496202955879,0.09169831195114422,0.14249061334138052,2.590148127935028e-06,0.26277519854183234,0.7045819996374486,0.6633207801152747,0.4669071212906446,0.8302017176494366
135,75-84,16,0.31580238280594164,0.27153949085704404,0.10553727912206969,0.46816392159608516,0.09557991403874912,0.14352679883747396,0.02498070467179516,0.2899551442748117,0.5886177031553093,0.5670183814131967,0.374617936109708,0.7682083571916882
135,85+,16,0.5572827129171116,0.5139424142348135,0.2033021174565486,0.7179112994087703,0.07611704226467804,0.11693508473701289,0.015334557393467951,0.24771335006607162,0.3666002448182104,0.36752764465649945,0.18184372321536582,0.6496906984836478
136,16-24,16,0.16397308729739704,0.19481927735648571,0.08008089358679223,0.4152456355495353,0.08623372053923213,0.14216309226285945,2.5290866997736767e-06,0.2795703015315,0.7497931921633708,0.652646908056451,0.39715249114108,0.8343692374205256
136,25-34,16,0.20565403230974177,0.18044715338983638,0.060495501625386326,0.36129415825260974,0.09143327197363313,0.15021257501223695,3.742261432670702e-06,0.29354062472557924,0.7029126957166251,0.6622076194581943,0.43277714067514284,0.8268104020670315
136,35-44,16,0.2254300041578922,0.20230193415665212,0.07586693769325532,0.43318327673326074,0.09426955767058634,0.14633300679991845,2.9572068925254267e-06,0.2959968968808167,0.6803004381715215,0.6370698864740052,0.3659154240970507,0.8173096093024749
136,45-54,16,0.2257857818823741,0.20129946353342082,0.08129753624503375,0.39791698606352116,0.09284011744602655,0.15870035231369473,0.011488615172005136,0.2981678064486466,0.6813741006715993,0.6373693333630746,0.40518807170778226,0.8289010870945328
136,55-64,16,0.1642169071606942,0.19492269796322412,0.08660553051446429,0.3881845351810281,0.08981732789724975,0.1549929522180532,0.035217174168736806,0.33902810223012125,0.745965764942056,0.6428425854267199,0.4089796137476678,0.806982955909848
136,65-74,16,0.2257857818823741,0.2139394040870597,0.08559353994270878,0.43159013864457507,0.09284011744602655,0.14637098021443107,3.477507265258679e-06,0.2970052684737626,0.6813741006715993,0.6318288519832753,0.40294159115212647,0.8172457059814552
136,75-84,16,0.3314982700474326,0.27026774834095413,0.1257519602642407,0.5061365596954551,0.09334528452009577,0.15344540371449739,0.019155724120987892,0.30447829540373444,0.5751564454324716,0.556286626577783,0.3088462443982879,0.7579070520444652
136,85+,16,0.5749000486271837,0.5140347162165719,0.20519135825072982,0.723754568161596,0.07305644962919737,0.1198762190277756,0.027118950383728916,0.26166119741217847,0.3520435017436189,0.3513854252763043,0.1762574666670703,0.6369117050655523
139,16-24,16,0.20479046786324273,0.19322248222458566,0.07922211914103366,0.37659546675169503,0.08707193358853994,0.14578551982082769,2.8570884658984005e-06,0.2819333545359732,0.7081375985482173,0.659176265769319,0.4481985310103843,0.8264628830083013
139,25-34,16,0.14719777492774427,0.1558073786072312,0.06135010678057282,0.3391707398403801,0.0902971461593613,0.14909187530326537,3.317646759540443e-06,0.33172665787546124,0.7625050789128944,0.6813334998036524,0.4389911100498826,0.8614758607271608
139,35-44,16,0.16324523013564868,0.1850059732054209,0.08261156493861899,0.3814976664268164,0.09128359742099554,0.15368181327294886,2.5645911538751705e-06,0.3068315638738637,0.7454711724433557,0.651654521629377,0.42391746229639576,0.8462178428530572
139,45-54,16,0.2048367841436622,0.19164193092555548,0.07295028771714311,0.3569924245431216,0.09152734140544051,0.1552737343904375,2.9052323557013195e-06,0.29659170950269603,0.7036358744508973,0.645587477107648,0.39451608705201696,0.8428731176093295
139,55-64,16,0.2048367841436622,0.19065107152984823,0.0741234113374319,0.418437157807514,0.09152734140544051,0.1472151380166484,3.2769709467467116e-06,0.31713926860818603,0.7036358744508973,0.6530265109134815,0.347273526893252,0.847251287900858
139,65-74,16,0.16349469368808678,0.1800410784305161,0.0755772594595095,0.3541996560116195,0.08989494047979268,0.15015960388371521,0.0117595459385002,0.29116336410187993,0.7466103658321205,0.6602520757619892,0.4482575331481036,0.8228095693646774
139,75-84,16,0.3172919621280343,0.27047958530705535,0.11325356932047706,0.49627530753103205,0.09532896204148442,0.15589083965261588,3.139190785132417e-06,0.29029430612073426,0.5873790758304812,0.5671773910652366,0.35340358357079144,0.7519886571321457
139,85+,16,0.5589848981916783,0.5077565191259735,0.22392245188162277,0.7003572853520308,0.07579158140791852,0.11785243758935626,2.0929925657929335e-06,0.26418763928090894,0.3652235204004032,0.37168071954821724,0.19964486182159,0.6410155543242206
142,16-24,16,0.22530398730481005,0.20442777828137737,0.07980193257772179,0.41056034857621915,0.08587454261972306,0.13980625926303689,2.5429841468982284e-06,0.28477662421255734,0.6888214700754669,0.6493531742078029,0.4300656127114738,0.8107164062751593
142,25-34,16,0.1487164026419353,0.17315765959196952,0.06380657329982449,0.37284873608370095,0.08496204149271039,0.14637234822514025,1.955531649599712e-06,0.30043905087058603,0.7663215558653543,0.6718557998209447,0.36747675753866554,0.8626335200164338
142,35-44,16,0.21437112737669653,0.20223892965487383,0.08507113835385822,0.390390937188591,0.09546592481189906,0.14623287710387134,7.816510504534571e-06,0.27939038416245043,0.6901629478114044,0.6406371548359984,0.43020021078912685,0.8099131823493012
142,45-54,16,0.2149491796667951,0.20145223131623813,0.08318249015887957,0.43786327375230066,0.09302684637800203,0.1466881919389232,0.011053739351408274,0.28610672575863416,0.6920239739552029,0.639799151450253,0.4059014977088618,0.8216166381818115
142,55-64,16,0.22606721380069075,0.20332062908074391,0.07918676331311944,0.3902704322032115,0.09170938306656913,0.14135465079983245,0.02648763837630567,0.2695933844615127,0.6822234031327401,0.6496529047918299,0.45318308932280543,0.8517378868381432
142,65-74,16,0.22606721380069075,0.20182660241583905,0.06588789448673044,0.3990533602404249,0.09170938306656913,0.14562273988762073,2.065393269829513e-06,0.2937439763969796,0.6822234031327401,0.6450536990189116,0.41794982813216136,0.838304301071107
142,75-84,16,0.3337008872517911,0.2998988534778122,0.13956431647186007,0.5265574544973177,0.09196235860639379,0.14460813444334508,3.436264883820228e-06,0.2709660357366933,0.5743367541418152,0.5482316834328704,0.31512715367773525,0.7494042842221015
142,85+,16,0.5754637857688294,0.5272469608352746,0.2687789721225729,0.7370852648266308,0.07214750465902241,0.1207260346316679,0.015594229373047499,0.26608696733406495,0.3523887095721481,0.3397172714924142,0.14758815997342925,0.6233658272978622
147,16-24,16,0.21340955340746046,0.2065095967896844,0.07619848257218613,0.39074609283399614,0.08824515529562077,0.14316952954500212,2.722168217660117e-06,0.29160587566665314,0.6983452912969188,0.6529705706347668,0.4329631207954948,0.8260053380243741
147,25-34,16,0.1478607240047948,0.18040052394593584,0.07218153804232946,0.3739602608757807,0.09022695120917626,0.14776789111789357,2.903676798258063e-06,0.2983417710015528,0.761912324786029,0.6612748071589649,0.43250659951302267,0.8412531381473971
147,35-44,16,0.16264418997676144,0.2038064489003515,0.08829176291334537,0.44460358571927194,0.09134916634258843,0.15316043919293465,8.523028895922345e-06,0.28725309789891024,0.7460066436806502,0.6309565177405316,0.3417350317122301,0.8105069456317253
147,45-54,16,0.2240984904906958,0.20027346049447659,0.08061874886961859,0.3878728429396279,0.09304244947158653,0.1456919590996716,2.9060930656337557e-06,0.2936691499786946,0.6828590600377177,0.6434845133986375,0.43270184023801234,0.8367653051581657
147,55-64,16,0.2240984904906958,0.2005410251423368,0.07891935946766655,0.3856937755404331,0.09304244947158653,0.14466715430767335,3.0601795574825163e-06,0.28427820825360434,0.6828590600377177,0.6523024003978588,0.4198015169186884,0.8283000702867981
147,65-74,16,0.2240984904906958,0.20772123641733733,0.08374101917212498,0.42239508311514795,0.09304244947158653,0.1523377916043846,6.3947817268854545e-06,0.30197396210732486,0.6828590600377177,0.6328508177462465,0.3465746279422096,0.8163841719598158
147,75-84,16,0.3293570587406139,0.29012036508196304,0.12039499075341989,0.5038229271731224,0.09364426950352556,0.14726924681018833,0.03253307084541254,0.2876872926362486,0.5769986717558606,0.551490143539912,0.30446759765537335,0.769781777232643
147,85+,16,0.5725331388620198,0.5298471426983311,0.2696202037140188,0.7298224784727034,0.07346321990399306,0.11764341266947821,1.815969978362281e-06,0.24310412706787868,0.3540036412339871,0.3491857308200699,0.17535500811220353,0.6001183789514773
160,16-24,16,0.21503866988512135,0.19547471789316806,0.07594541123599595,0.39052393293215176,0.08806238974438811,0.13887268741385494,2.1660328646076567e-06,0.2829124037912451,0.6968989403704906,0.6598490539229268,0.42973513427397353,0.8463228914756329
160,25-34,16,0.1478607240047948,0.17404046897156206,0.06501586539426281,0.3739530308842047,0.09022695120917626,0.14639705125032487,2.7355591477570275e-06,0.2908018836456977,0.761912324786029,0.672048298216624,0.4213956218807949,0.8432448381024731
160,35-44,16,0.2254300041578922,0.20496428161495112,0.08393606426326401,0.41963968125224727,0.09426955767058634,0.15302858965528005,0.02351052770149307,0.30779399149037007,0.6803004381715215,0.6374788620755283,0.3727867578024801,0.825022799563345
160,45-54,16,0.2257857818823741,0.19672533855330987,0.08310912380408586,0.38051459495980544,0.09284011744602655,0.1574328567239586,0.038232068495671734,0.29582472696191364,0.6813741006715993,0.6358760389181313,0.38239945258483865,0.8258496279693672
160,55-64,16,0.2257857818823741,0.19697629283746224,0.08222563053213452,0.3883120670678136,0.09284011744602655,0.14497847932961,2.4714171482352246e-06,0.2985907354162055,0.6813741006715993,0.651866352799259,0.4224172844458555,0.812245257044242
160,65-74,16,0.2257857818823741,0.20410769414255422,0.08674306529977885,0.430507192203815,0.09284011744602655,0.14794881226544437,2.6404337259281635e-06,0.2999033360472862,0.6813741006715993,0.6493850024250755,0.36912362266489895,0.8250600871287432
160,75-84,16,0.3332843172726518,0.2918935617869949,0.1221733687324647,0.49236522034905195,0.09309589236606763,0.1436812072869268,0.03340736638108687,0.2854314002330949,0.5736197903612805,0.5595871495865594,0.3469658867042537,0.7499084376100709
160,85+,16,0.5749000486271837,0.5292800521744339,0.2504643496838732,0.7428750028050061,0.07305644962919737,0.11482833596985037,1.6137015297362324e-06,0.2571811206834959,0.3520435017436189,0.34955545575670843,0.15976028976931153,0.5905812858352174
17,16-24,16,0.21503866988512135,0.19360549192856424,0.08254276246803524,0.3814323632003714,0.08806238974438811,0.14410850992269197,0.02601063855836611,0.2991658412532626,0.6968989403704906,0.6542922003055189,0.3964435990047194,0.8257266622774955
17,25-34,16,0.1478607240047948,0.17508305983612238,0.05950293171350425,0.3505406183069726,0.09022695120917626,0.15536422732903266,3.526770902293951e-06,0.30098456881633157,0.761912324786029,0.6626663253351193,0.4239658148839474,0.8485024790744781
17,35-44,16,0.21433462928755267,0.20658163685146586,0.06919662672466685,0.4009392624537312,0.09561992766533303,0.15175475047082318,2.40992372153496e-06,0.3271835868741362,0.6900454430471143,0.6284117618594138,0.3973678494775837,0.8390818424966208
17,45-54,16,0.2257857818823741,0.1984727716252944,0.08728763814098318,0.3998414704814825,0.09284011744602655,0.143292563615117,2.2587280668499828e-06,0.29584054425471007,0.6813741006715993,0.6401615556755931,0.41148975710504543,0.8240134832283444
17,55-64,16,0.2257857818823741,0.20053463827330448,0.08081828149334916,0.4106875897686821,0.09284011744602655,0.15466885539798797,2.0699429800664674e-06,0.3251763658691106,0.6813741006715993,0.638903160166221,0.37483431085890584,0.8224221974175919
17,65-74,16,0.2257857818823741,0.2027949201817317,0.07584461166202572,0.3955002281282625,0.09284011744602655,0.14709470096907984,0.011624710389084523,0.28800890149225034,0.6813741006715993,0.6347926390991874,0.397814733362346,0.8279913413453533
17,75-84,16,0.3332843172726518,0.28629686702084023,0.11179719388091294,0.49572469903579786,0.09309589236606763,0.14692573631188593,2.4770600138215284e-06,0.270853228473062,0.5736197903612805,0.5568880206894442,0.3696410651842973,0.7871682536772975
17,85+,16,0.5749000486271837,0.5184483139437184,0.23368517842869374,0.7223614811796472,0.07305644962919737,0.11781305660578235,1.7935207389436213e-06,0.23397455861774766,0.3520435017436189,0.3641441711777078,0.175165045048357,0.6504515964872515
171,16-24,16,0.2615828356052213,0.25869830432975127,0.11004453131142841,0.4819765115795974,0.10297618311506726,0.1513912251141865,2.886226476160988e-06,0.2925837835740401,0.6354409812797115,0.5819045436228112,0.3537596160630736,0.7903773414384819
171,25-34,16,0.24260790510140282,0.2041836115093993,0.07783680166476553,0.4294539474553449,0.11112440847501731,0.16040676438907348,3.3792365765061817e-06,0.313383589315304,0.6462676864235798,0.6093296905150337,0.3970833802676213,0.8035616949472055
171,35-44,16,0.26074057424426916,0.26679096591753876,0.12203886691889085,0.4788621689072596,0.11003336215579324,0.15226666574174136,2.5887910295087022e-06,0.3208042020844772,0.6292260635999376,0.5761199447708927,0.30236347020480714,0.7680990427339478
171,45-54,16,0.261221018710749,0.26259552685550813,0.1108866334025381,0.5006328437108124,0.10839349637064183,0.1491566676986337,2.406604544356508e-06,0.32159394197902147,0.6303854849186092,0.5767730362045029,0.3393525760787077,0.7630999500046354
171,55-64,16,0.261221018710749,0.25860939053034676,0.11141521587820331,0.48111074528246817,0.10839349637064183,0.15674293097695588,2.413693787722291e-06,0.28610129871682194,0.6303854849186092,0.5748979969496836,0.3585328566258634,0.7846055706595397
171,65-74,16,0.261221018710749,0.25908767701768337,0.10681466901903398,0.4940358488273283,0.10839349637064183,0.15100257144428025,2.6639641971695716e-06,0.2856646799884777,0.6303854849186092,0.582382479613502,0.3671787728470118,0.7807045730526267
171,75-84,16,0.3979290049474013,0.3355052834729047,0.16369687030776137,0.5714794811414526,0.08600386309763311,0.14403252891769788,0.026206228133221335,0.29711245517366114,0.5160671319549656,0.5040611101345521,0.29987988487339845,0.6988701470546972
171,85+,16,0.6068480456862553,0.560826542203092,0.28606442372505647,0.7570514995263867,0.07388116295556103,0.11212087123205572,0.018556698638140776,0.27887476596140526,0.31927079135818376,0.30792648625635055,0.158000746755163,0.57325994211529
196,16-24,16,0.22933274419594,0.21031947321228317,0.08815103921004801,0.416388481070527,0.09864659575090959,0.14859423490869267,2.7719344318955033e-06,0.26936429896637026,0.6720206600531505,0.6359242705315443,0.4437566054282245,0.8280767302491376
196,25-34,16,0.22147458481371313,0.1809423408070903,0.06767471566714761,0.4626709702559894,0.10638679479896647,0.15426763882075112,3.3753061418929653e-06,0.3095908451450718,0.6721386203873204,0.6458338416899911,0.3698669242558884,0.8445379455859706
196,35-44,16,0.2308183251826103,0.20765962838981805,0.08047167701553731,0.4127511583695516,0.10832261101945916,0.16519443153762708,2.6313421417968e-06,0.3157838218483802,0.6608590637979306,0.6211486189713744,0.39707701345089014,0.8274115269160721
196,45-54,16,0.23168044427721027,0.21186627680389286,0.06869155414600729,0.41555596534411854,0.10499214710306518,0.16598550461954897,3.245643503223496e-06,0.3171593674687073,0.6633274086197246,0.615829540880626,0.38373530212455664,0.8127500341697272
196,55-64,16,0.23168044427721027,0.2077844988769843,0.08982993414439071,0.4065636382104064,0.10499214710306518,0.15856909970469663,6.842977081242345e-06,0.29549031114356766,0.6633274086197246,0.6211784826780317,0.4126967749709052,0.8002412824725733
196,65-74,16,0.23428049146834515,0.2125277467339581,0.08015960363829042,0.4353353340930613,0.10844450317304233,0.15960518468967483,3.3955431575559646e-06,0.36708116358886705,0.6572750053586126,0.6133256390968231,0.35942320647693954,0.8130471679329501
196,75-84,16,0.33666952134470024,0.2876564449301012,0.12020453343116731,0.4956263719475714,0.09686205101399523,0.1539846440324119,2.6515737309221745e-06,0.3219134067287664,0.5664684276413045,0.5414901132565526,0.33777963978454245,0.7696985144882329
196,85+,16,0.5748613999376548,0.5293433163370617,0.27780982531033543,0.7768407450098198,0.07445798570758423,0.12364822997556724,2.509402212332128e-06,0.2597536373789318,0.3506806143547609,0.3384807827324702,0.15683759501498576,0.5832889062566622
201,16-24,16,0.14262595641982445,0.1753060064496751,0.0631806000377569,0.3639673938430864,0.08480084835616021,0.13411796238972418,2.1856121818684175e-06,0.2879384665051748,0.7725731952240154,0.6865161051526556,0.40995324329344474,0.8594786663200591
201,25-34,16,0.12921797813585628,0.14663848464646895,0.05622046964130087,0.34087191044215037,0.0888819020290891,0.14223604276434892,8.874626957926522e-06,0.27438770054935463,0.7819001198350546,0.7026972618029746,0.4603529072697621,0.8700428288874743
201,35-44,16,0.14279145869373314,0.17768363215014482,0.0667995733511703,0.36181977869035997,0.08882968554719328,0.13990976777553876,0.010481419480227475,0.30142969873083203,0.7683788557590735,0.6739633059627229,0.44626452586176857,0.8354533574693905
201,45-54,16,0.1430037911430233,0.17298547470169126,0.06655672959584014,0.3641501829687967,0.08747476539749989,0.1426473886432789,2.3714171572516816e-06,0.28466884199567405,0.7695214434594768,0.6800403959701717,0.45077551556820844,0.8605127913070236
201,55-64,16,0.1430037911430233,0.17066582884003773,0.06433565008975735,0.37091089462067023,0.08747476539749989,0.14626343200711822,3.2120250911237845e-06,0.30051676475401845,0.7695214434594768,0.6677175096994098,0.4056507704911033,0.8434221003475362
201,65-74,16,0.1430037911430233,0.17277352121084621,0.05184836645043999,0.32828487708776244,0.08747476539749989,0.14969858456634094,2.7675112310135643e-06,0.30111807904704313,0.7695214434594768,0.66975144553455,0.45379654322311097,0.841338829394428
201,75-84,16,0.313125979893272,0.28850141823238384,0.1083998123134906,0.5161020226478303,0.09535976749122392,0.14864811068430572,3.1292502474316284e-06,0.309669866996144,0.5915142526155042,0.5532792768666861,0.32818530565096826,0.7500543458927256
201,85+,16,0.5148603709182477,0.48986260137774096,0.1770454270866288,0.7302641180575566,0.08223437901518996,0.12130478379592036,4.213234217377044e-06,0.2777168495013228,0.40290525006656225,0.38107934406795496,0.1559416231974626,0.6752980635655974
241,16-24,16,0.22585326545472018,0.2116444243290297,0.08777189636927077,0.42361960854141056,0.08364595738240856,0.12435065765864035,1.9626449453582098e-06,0.24530983429619432,0.6905007771628712,0.6542080469236353,0.41332550059048667,0.8242848762322188
241,25-34,16,0.14888751931425767,0.17606015128983776,0.0717173120061019,0.35591259734557434,0.08390917679368053,0.13425949119149713,2.2344908572096056e-06,0.27109064219935425,0.7672033038920619,0.6803950857352726,0.44105071360830805,0.8428429680354234
241,35-44,16,0.22548026908909446,0.20507709341635083,0.07961420378303595,0.38926566155810544,0.08969655244274682,0.1371773882450757,2.47334606718434e-06,0.2678695279479819,0.6848231784681588,0.6566334728058714,0.4364315773390643,0.8409584163190561
241,45-54,16,0.22581883763798713,0.20789920204722181,0.07997523444924122,0.42291739909402576,0.08832969174785525,0.12731729508302275,4.237603238897772e-06,0.28487155592804353,0.6858514706141576,0.6592809392328057,0.3930530580622558,0.8179116510541147
241,55-64,16,0.22581883763798713,0.19920251810337541,0.07301409964009019,0.36836294760805194,0.08832969174785525,0.1259368303973597,0.010193893644171368,0.25442811466749454,0.6858514706141576,0.6626408222136483,0.4752530675157063,0.8256273537779917
241,65-74,16,0.22581883763798713,0.2066529955474565,0.07947927532128812,0.40979635523021196,0.08832969174785525,0.1281849003815184,0.00968754638158436,0.2625491571987507,0.6858514706141576,0.6593461158694558,0.4234227076565617,0.812285240888783
241,75-84,16,0.3391160574988606,0.2927458489016387,0.11785047215154784,0.5181243890495109,0.07251047620157111,0.12053502209387049,0.01173837806879378,0.2645965187000702,0.5883734662995683,0.5743814047219555,0.36380345911869755,0.7709912133299023
241,85+,16,0.5844012209920679,0.5387036016629175,0.2796225933698483,0.7470035042298984,0.062038992843199726,0.10094880229925018,1.553067374306048e-06,0.21543111727508454,0.3535597861647324,0.35937288340664547,0.1622531305899457,0.6147924821520266
255,16-24,16,0.21503866988512135,0.1995057802765246,0.08571331569317589,0.3727667618378852,0.08806238974438811,0.13717787090327194,0.010075688454119354,0.2797351111382121,0.6968989403704906,0.6559100283068793,0.42501987560879984,0.8134143737956073
255,25-34,16,0.15257373141040748,0.17567524636277335,0.06576169944828349,0.34777249202334365,0.09307027671243123,0.15011203369785064,8.336194898583259e-06,0.2900591281223286,0.7543559918771613,0.664092164446518,0.45595352641046827,0.8358223030585226
255,35-44,16,0.21433462928755267,0.20698678884631025,0.08403827183934191,0.4164671168793686,0.09561992766533303,0.15746433692697936,7.061161401457764e-06,0.30915143676729356,0.6900454430471143,0.6288362412679074,0.37286142910694087,0.8297720637206321
255,45-54,16,0.21467774937034972,0.20847447893831209,0.08127970190705243,0.3961541996680021,0.09417214031370004,0.15052426286797693,2.9791350393849897e-06,0.2701472786361414,0.6911501103159503,0.6416060483191204,0.44482266632609757,0.8322254311805961
255,55-64,16,0.2257857818823741,0.19966290402210546,0.08628868956649728,0.36559704373425683,0.09284011744602655,0.14838722432098894,0.011192290792545932,0.29097762139417954,0.6813741006715993,0.6427365812054586,0.42838078584896633,0.8301595513487139
255,65-74,16,0.21467774937034972,0.19454007910693327,0.07773211717409684,0.43765099111906514,0.09417214031370004,0.1556095729932664,2.7829378716919797e-06,0.30390116212193985,0.6911501103159503,0.6513193927073189,0.36335314859331796,0.8422090509468098
255,75-84,16,0.3332843172726518,0.2827643866551427,0.10728432103952809,0.5457243936983441,0.09309589236606763,0.14757065319861368,0.0419757540367243,0.3221015610611117,0.5736197903612805,0.5546587916216321,0.28397608162138366,0.7561789525423538
255,85+,16,0.5749000486271837,0.5254065950022597,0.2775208263083368,0.7318153421017759,0.07305644962919737,0.11913935270389761,0.011452015607050746,0.24608953933786756,0.3520435017436189,0.3452149980730955,0.17203955014454708,0.5784162943269673
272,16-24,16,0.22504132986220274,0.20943425544703675,0.08590432739169843,0.4352548177524477,0.08694022218327598,0.14233341795031207,0.010814375316350452,0.2723418363953343,0.6880184479545213,0.6527833000549068,0.40332318110074156,0.8125812125440891
272,25-34,16,0.1478607240047948,0.1784016646741376,0.06487299979042381,0.40388686069567337,0.09022695120917626,0.15192234990715042,3.1497332800220137e-06,0.31719847765018183,0.761912324786029,0.6582011869909742,0.3662361104813639,0.8572030168329012
272,35-44,16,0.2254300041578922,0.19892311694674442,0.08028275687808688,0.38197840529672256,0.09426955767058634,0.15438714121855834,0.014971857119285892,0.2888813254866536,0.6803004381715215,0.6405910183044781,0.426184229890206,0.8323337180704663
272,45-54,16,0.2257857818823741,0.20928272760299887,0.09286107429051514,0.3926750140293762,0.09284011744602655,0.1503367503062139,0.010840866429807864,0.29017635575428546,0.6813741006715993,0.6376683710561852,0.3836568086462084,0.8298555703176416
272,55-64,16,0.2257857818823741,0.20177487055152393,0.09188148517210044,0.38665899906189155,0.09284011744602655,0.1627850116114083,0.026156520309690463,0.2866713365935304,0.6813741006715993,0.6238036778451905,0.4180164198232636,0.8149929231440618
272,65-74,16,0.2257857818823741,0.20229351301629692,0.07102929304876976,0.3973424963432677,0.09284011744602655,0.1493911914839584,2.8281821870159375e-06,0.3009553967543894,0.6813741006715993,0.635428284876305,0.44984480888195655,0.8054349454988513
272,75-84,16,0.3332843172726518,0.29069507673925243,0.11220832936380097,0.5341790066923713,0.09309589236606763,0.15441531265253083,2.5346895310913405e-06,0.3264129672560485,0.5736197903612805,0.5430815837967352,0.2826128988346493,0.7775200859700008
272,85+,16,0.5749000486271837,0.5333441299190183,0.2807977330190316,0.7473329323916046,0.07305644962919737,0.11119025739797023,2.9598789537011896e-06,0.23238415179420036,0.3520435017436189,0.34552928797537175,0.17552272974788918,0.5862637864719191
279,16-24,16,0.22504132986220274,0.19623421766822835,0.0818750057137005,0.4126481345592456,0.08694022218327598,0.1427478485913085,0.017703905667739418,0.28028199817734734,0.6880184479545213,0.6563771424727702,0.42605245169727257,0.8088673495811751
279,25-34,16,0.20476503047381067,0.1823403014891924,0.06935926228956309,0.34807188816757856,0.09536082681031552,0.14791374439777805,0.044041384448243244,0.30654108279757475,0.6998741427158739,0.6587974769368934,0.45021776519239853,0.8198352502425686
279,35-44,16,0.2254300041578922,0.205084993609012,0.07933171792309315,0.38844383995462706,0.09426955767058634,0.15134673302920504,3.1416342740582824e-06,0.29069806366775963,0.6803004381715215,0.6412598649564802,0.4241336249342698,0.8301942428312974
279,45-54,16,0.2257857818823741,0.19419693766440607,0.07547589189329494,0.3851015765334494,0.09284011744602655,0.14297966089177738,2.281793962534359e-06,0.28968292610568863,0.6813741006715993,0.658438240207083,0.4454453242572194,0.8500497748735308
279,55-64,16,0.21467774937034972,0.20770427827813703,0.0853883485249418,0.38753823743782423,0.09417214031370004,0.14591061920375817,6.832434679852544e-06,0.28966169644267487,0.6911501103159503,0.6389741279674188,0.41167066077876135,0.8345496071656067
279,65-74,16,0.2257857818823741,0.20962606189618083,0.080604155098382,0.3940769563138323,0.09284011744602655,0.1440775355144165,7.356226604704621e-06,0.2878360593476447,0.6813741006715993,0.6409480288831304,0.41153363268711873,0.809665355326492
279,75-84,16,0.3332843172726518,0.2892396987390348,0.11153238938770985,0.46947907322283194,0.09309589236606763,0.14918118343593953,0.0283587983521686,0.2939988240048321,0.5736197903612805,0.5587820234534508,0.3557829410497443,0.7775219643143076
279,85+,16,0.5749000486271837,0.5262669320656311,0.24925424130733223,0.7237970557556613,0.07305644962919737,0.11546096055980541,2.882853179807034e-06,0.2674061925163993,0.3520435017436189,0.3490958822938783,0.19232363907766906,0.617540837035729
280,16-24,16,0.12802260855888142,0.14382480563607475,0.05797854623911312,0.2877588578356005,0.08483286990589693,0.1263701816118613,2.962841524386378e-06,0.25900375607472337,0.7871445215352216,0.7211229388794433,0.5124099158525847,0.8782758196905978
280,25-34,16,0.12660658855119314,0.12768745980015628,0.0469951907767677,0.2889445830842677,0.08769358750412992,0.13980671995779187,1.1829134315796464e-05,0.276746338955554,0.7856998239446769,0.724019488933325,0.5357116551759749,0.8907059910615476
280,35-44,16,0.12818328272158133,0.1443410693987889,0.04593071777500325,0.31744260678649505,0.08887162970428261,0.138674493380282,0.011108750704954356,0.28086071933253126,0.782945087574136,0.713448325955827,0.4977383622763197,0.8692293715154781
280,45-54,16,0.12837398279189846,0.15153121028139532,0.06600905628101725,0.3451776729615376,0.08751613122901963,0.13813141179027083,2.8115057907998665e-06,0.26851923100919567,0.7841098859790819,0.7079710815127613,0.4688510377792964,0.8688843256685581
280,55-64,16,0.12837398279189846,0.1494018737072521,0.06104893092076894,0.36065316234346045,0.08751613122901963,0.13765893998744377,1.1456130821015521e-05,0.3284009450033594,0.7841098859790819,0.7063087219424221,0.4369011950407838,0.8524063237659677
280,65-74,16,0.12837398279189846,0.14204440376574742,0.0605396827539995,0.32341416645414994,0.08751613122901963,0.13342510122607124,1.0310245719047773e-05,0.28610746228620626,0.7841098859790819,0.717053197052786,0.48196871167758193,0.873741494935539
280,75-84,16,0.24140198238429858,0.2168139491397649,0.08847861730540577,0.4274010651684619,0.09193146876004356,0.12610090668628654,0.014950567926092702,0.2653518745365258,0.6666665488556578,0.6407399991813711,0.410616354409134,0.8176321513538304
280,85+,16,0.4871952745949877,0.31931071179704285,0.09368880222098162,0.6119374538968994,0.06831862220969157,0.11699155603920887,0.01081157093917928,0.2456901059194837,0.4444861031953206,0.5508414140795987,0.2900201753186279,0.7927946754053726
293,16-24,16,0.2257624372319198,0.2063659078015121,0.09507069195071399,0.41876208459429914,0.08401447456536501,0.14295311053589826,3.698662726731458e-06,0.2615299403177155,0.6902230882027152,0.6499977402104897,0.38717137121628137,0.8279738585743854
293,25-34,16,0.14835249014940802,0.17382766784667683,0.06706166731133167,0.41381919736149303,0.087201160637081,0.1506100055925056,0.011569701727171092,0.2980047280205068,0.7644463492135111,0.6630324815499966,0.3774928789816962,0.8407762436563748
293,35-44,16,0.22621346523494243,0.19800949122112582,0.08470961750831109,0.3775762452831124,0.0911217754997285,0.14538004043756475,2.456130811521955e-06,0.2846475571346763,0.682664759265329,0.6436311826036776,0.44453840517032894,0.8243930713988915
293,45-54,16,0.226558540082199,0.20733142243744684,0.07325057134140596,0.3989101347396114,0.08973533718948681,0.14301302244036881,2.4549010941616977e-06,0.28382301821567507,0.6837061227283141,0.6399616256695344,0.4197157280754471,0.8304756171774563
293,55-64,16,0.226558540082199,0.2067263530698287,0.07660976702172602,0.4032971892250454,0.08973533718948681,0.14673107340067149,2.603551666339805e-06,0.3096305963753569,0.6837061227283141,0.6337087031763369,0.36830317414662017,0.8608130494543244
293,65-74,16,0.226558540082199,0.20356911538563366,0.0863657271345805,0.4033504145201554,0.08973533718948681,0.1405531068395982,2.9639467183030573e-06,0.2997692893625249,0.6837061227283141,0.6532443487647133,0.4193206561960533,0.8171919222870726
293,75-84,16,0.3326390269065175,0.28211808822950624,0.13499750264936022,0.4838877559774804,0.09022529060472088,0.1476675627882767,0.009362834552372487,0.28301154134730616,0.5771356824887617,0.5594576080844615,0.36567426666787967,0.7852581139054162
293,85+,16,0.5764472456982439,0.534722203210619,0.25915815552984994,0.7282649684427767,0.07056181712812772,0.11561355781267471,0.014945232326218234,0.25593143175486033,0.35299093717362834,0.3489316355290826,0.16451949657387163,0.5973661061772826
30,16-24,16,0.23414466645417892,0.21445640698531715,0.08556186949580755,0.42632462651810454,0.08869270392741477,0.13851493525287178,0.01777017098384182,0.30579803974850767,0.6771626296184063,0.6317521985479045,0.38131377625170315,0.8152459404106748
30,25-34,16,0.22633551228642595,0.1885012571432822,0.06398632435275993,0.41870811303121036,0.09574235817183963,0.14709982540997368,2.1546369247746156e-06,0.3377284640319936,0.6779221295417345,0.6491248774479732,0.3625607549140716,0.8535618342254957
30,35-44,16,0.2358538589541489,0.20523894728083575,0.09158512141077606,0.36417391860456166,0.10143340693712025,0.15063185499133072,0.02934000444864144,0.2982382634458358,0.6627127341087309,0.633756126683732,0.4354756867651602,0.8158127227892452
30,45-54,16,0.2361849250894306,0.2122692160323918,0.08831768659210638,0.4445011310403244,0.10017209635022667,0.15992600179747576,7.967798818681961e-06,0.30042590014612475,0.6636429785603427,0.6219299899348334,0.39439376384613617,0.802925356385849
30,55-64,16,0.23219644845590529,0.21484657669047563,0.07904214298531455,0.37429621205950164,0.10069517330791947,0.1565826710975015,0.02510121442730836,0.3008006569959384,0.6671083782361752,0.62265706602632,0.43458513299636686,0.8048333407957926
30,65-74,16,0.2361849250894306,0.20842581379202535,0.08672547607244212,0.4239831716842039,0.10017209635022667,0.14707621782001168,2.2344384470351616e-06,0.3088443788293712,0.6636429785603427,0.6307619106351445,0.38691900491658904,0.8182697263893954
30,75-84,16,0.3684212375500934,0.3005536748692029,0.1228043583523271,0.5339521970765829,0.0915351549306305,0.14438071173657172,2.516396915720796e-06,0.28766368905245343,0.5400436075192762,0.5440180718610399,0.32518170375323374,0.7399293613671674
30,85+,16,0.5848060828970716,0.5276266679416174,0.22167541441700564,0.7291822510513783,0.07055210443834913,0.1115278081060942,2.8794319966029963e-06,0.2538692481680735,0.34464181266457933,0.35485535787335903,0.1890940143705548,0.6380733592497877
35,16-24,16,0.21503866988512135,0.18795930340217581,0.07711706073711702,0.3686245088014639,0.08806238974438811,0.14385991707949328,1.9727000984334783e-06,0.2691907156387661,0.6968989403704906,0.6557270583160695,0.4515267148260276,0.8409226007571805
35,25-34,16,0.20531229048560123,0.17551681288088017,0.06309149568210995,0.4001766694674634,0.09294306610459137,0.155184438831022,2.3753588334224465e-06,0.30021563869103707,0.7017446434098074,0.6620149774256989,0.3612657089924214,0.8435782188493489
35,35-44,16,0.16396655764106885,0.20234610734295824,0.08401097574489243,0.3835914687256182,0.09120490606244595,0.1528797245401793,0.02943794169548468,0.32255163330881526,0.7448285362964852,0.6402908491182742,0.39831053271120787,0.8146661522909534
35,45-54,16,0.2257857818823741,0.20670725184042216,0.08014369974303244,0.38782457140782495,0.09284011744602655,0.15301343360873226,5.636747839064505e-06,0.3102801815422044,0.6813741006715993,0.6363623659610562,0.38502691055320754,0.8204018245447932
35,55-64,16,0.2257857818823741,0.20284122181784822,0.06731518262755587,0.404376198128995,0.09284011744602655,0.15176098221028705,2.152987524645543e-06,0.35820567441961243,0.6813741006715993,0.631328612657907,0.4033119207701395,0.8226118173233359
35,65-74,16,0.2257857818823741,0.19150049506152034,0.07948926366979969,0.3809302289644405,0.09284011744602655,0.14494910167895098,2.3064458169854443e-06,0.2825810542863423,0.6813741006715993,0.6559220697405497,0.42528193225060057,0.8417154226470239
35,75-84,16,0.3314982700474326,0.2913258104713442,0.09700228822619343,0.5586832869671857,0.09334528452009577,0.14666448317579162,5.432585239332045e-06,0.3187696480579124,0.5751564454324716,0.5547471408108049,0.30063699200696054,0.7691784684852134
35,85+,16,0.5749000486271837,0.5216693159230631,0.26279543652488224,0.7329219357846529,0.07305644962919737,0.11770865859968786,2.1426308140642455e-06,0.2528405337240079,0.3520435017436189,0.3535505563027491,0.18292166850750388,0.6050596974199212
44,16-24,16,0.16397308729739704,0.20297869542092134,0.0776668786165153,0.3686371093150101,0.08623372053923213,0.14712671302520164,0.029593290757093327,0.2873624822666519,0.7497931921633708,0.6391740909026777,0.44324337049040163,0.820326537647057
44,25-34,16,0.1478607240047948,0.1706165888546179,0.06680660497994934,0.3429141068269347,0.09022695120917626,0.14794374663688084,8.047739944321948e-06,0.2862076447195372,0.761912324786029,0.6670561751980968,0.4335234483876206,0.8445013978854151
44,35-44,16,0.21433462928755267,0.20534568744488774,0.07751328481676406,0.4433872395438569,0.09561992766533303,0.14846746053975074,2.6944045163170303e-06,0.2918302165322166,0.6900454430471143,0.6448159196199161,0.3119188959763236,0.8277963152038013
44,45-54,16,0.1642169071606942,0.20086737373503072,0.09091743560295577,0.4189795694173432,0.08981732789724975,0.15002309923526905,8.048899926178375e-06,0.328133813114605,0.745965764942056,0.6453395789631498,0.364911876637328,0.8122006037188738
44,55-64,16,0.2257857818823741,0.20420809234501755,0.07161238447428653,0.3967697603769379,0.09284011744602655,0.1471837165769577,6.7832539099431664e-06,0.2962134344983095,0.6813741006715993,0.6400325963077238,0.4085672951832506,0.823232677514097
44,65-74,16,0.21467774937034972,0.1990194711099016,0.08176465897839764,0.4272540870814874,0.09417214031370004,0.1476685107453197,3.6479966693113233e-06,0.3272333529767238,0.6911501103159503,0.6378634399548657,0.43124208773389205,0.8213409839598275
44,75-84,16,0.3314982700474326,0.29438444064308533,0.12369737745058497,0.541278128820487,0.09334528452009577,0.15051846264017651,5.929113302379026e-06,0.3217653473417174,0.5751564454324716,0.5424766650444836,0.29512699009011883,0.7497603955609232
44,85+,16,0.5749000486271837,0.5208752112672139,0.2339508176580367,0.7222079060534038,0.07305644962919737,0.11088023752724058,1.8906978990038043e-06,0.24992987989649224,0.3520435017436189,0.3597572319474496,0.1860194016171776,0.6113995320509285
68,16-24,16,0.22479329394452888,0.20259474662339128,0.08573544052170808,0.3961918747043119,0.0879465778603446,0.15680066131478174,0.02988264634237292,0.29282033209770003,0.6872601281951266,0.6369889388274285,0.39979315957735717,0.8140102520626835
68,25-34,16,0.20478698346607827,0.16978745338981382,0.06186581953075737,0.3569820046752796,0.09526383985542365,0.1486282435843241,0.024305940162674372,0.3135373759627923,0.6999491766784981,0.6755808940288301,0.46818702816347646,0.854045654314167
68,35-44,16,0.22516061855571645,0.2052894458321517,0.07991077006780485,0.38732454120790955,0.09535189248013048,0.1516079383536843,2.9964456080154597e-06,0.29076463854498197,0.679487488964153,0.6289493527198209,0.4225140330698911,0.8239592352298677
68,45-54,16,0.21442147734398503,0.19538437704614814,0.07819975087193899,0.39051182822146374,0.0952534742750456,0.15044382796350902,0.009973766321842024,0.30347808209724353,0.6903250483809693,0.6404804734765996,0.42707470300024275,0.8197536683973405
68,55-64,16,0.22552005754496254,0.20255984797013116,0.08372005215697693,0.39189150446022236,0.09390774206219302,0.14927512450106872,0.011437237012076454,0.30024318109338194,0.6805722003928445,0.6412910477763673,0.4410300646842278,0.8244974174144242
68,65-74,16,0.22552005754496254,0.20504061631088363,0.07629448156799332,0.39899193319545617,0.09390774206219302,0.13888001120968893,2.1692420510367016e-06,0.2720691256520651,0.6805722003928445,0.6425030084758447,0.44267077022379536,0.8442081407976831
68,75-84,16,0.3314668961879943,0.29239713292979214,0.11404661502063287,0.5078581686444683,0.09343109268313222,0.15206133224048024,0.011155160504002426,0.29541532256065034,0.5751020111288734,0.5516205340487579,0.3285010533791559,0.7582487222184785
68,85+,16,0.5748574638736227,0.5365198834311988,0.27205529300545817,0.7255240472425784,0.07312511141267058,0.11320095524853949,2.9226572343399076e-06,0.25030725908953144,0.35201742471370684,0.33811932593234123,0.19084087325919635,0.6211458846728592
78,16-24,16,0.22504132986220274,0.19224857687440394,0.09263053618826901,0.3658469242056402,0.08694022218327598,0.15083716718555595,0.03139237252615998,0.2822301164710099,0.6880184479545213,0.6438534156445225,0.4444124626816944,0.8147843636760909
78,25-34,16,0.20531229048560123,0.17730546418231863,0.07574610619743077,0.3840621470830935,0.09294306610459137,0.1574093032362397,0.010842545137621812,0.2965926588435945,0.7017446434098074,0.6633700680394659,0.4155970097336212,0.8187235668771811
78,35-44,16,0.21433462928755267,0.19453210644409663,0.06341959251494662,0.3895361652689142,0.09561992766533303,0.1496246494959904,2.54027355064522e-06,0.2866634370376398,0.6900454430471143,0.6469399881187149,0.4264820970505974,0.8221680628967344
78,45-54,16,0.2257857818823741,0.19672362885351236,0.08453742682607708,0.3918223673488567,0.09284011744602655,0.1497701680309243,2.5904841133589555e-06,0.29419711099571677,0.6813741006715993,0.6520248789259552,0.36739321912005996,0.8340749884467766
78,55-64,16,0.2257857818823741,0.20176800334753398,0.08524784798564175,0.4222455922745836,0.09284011744602655,0.14097367089249832,4.887766661456708e-06,0.3100096295780993,0.6813741006715993,0.6436090661236982,0.35722217803464856,0.8305860332041249
78,65-74,16,0.21467774937034972,0.20321806235204806,0.08198955104879878,0.39172859929606196,0.09417214031370004,0.14366321031980922,2.231794147358642e-06,0.30816184058565355,0.6911501103159503,0.6415559428780009,0.4348780287009168,0.8453297460012466
78,75-84,16,0.3314982700474326,0.28208307974755265,0.11186813223464709,0.5122367491941717,0.09334528452009577,0.14735852090258347,5.3165626038321955e-06,0.3181594427460483,0.5751564454324716,0.5651531624154555,0.3009306407428309,0.7736899807880218
78,85+,16,0.5749000486271837,0.5257048439294045,0.2496279670723992,0.7577413737182511,0.07305644962919737,0.11867200001942518,2.372901392134312e-06,0.2614968966848369,0.3520435017436189,0.35239911813584057,0.18146595609764668,0.5906557568627011
8,16-24,16,0.31206268476946974,0.2779384807570211,0.11878136119369018,0.49907050070907705,0.08527387837305916,0.13295392663036038,2.353975069185487e-06,0.29146858344300847,0.6026634368574711,0.5832597398105703,0.349136055684062,0.7683817150360949
8,25-34,16,0.30657279543481863,0.23688317788089186,0.09355040520433612,0.45766928601071905,0.09179181241522322,0.1557775463184642,2.0479120838402086e-06,0.26223852586480706,0.6016353921499581,0.5890518728915746,0.35554171149421476,0.8305849350203351
8,35-44,16,0.31037584662868417,0.2718743025928597,0.12050873998801422,0.46733810870877623,0.094163554897048,0.15812897098364387,0.013568862296178378,0.29514737916077316,0.5954605984742679,0.5660673229072479,0.3735918113892044,0.7686718638380368
8,45-54,16,0.31086513574674346,0.26040344924920933,0.11200512240806407,0.4701645015407916,0.09273555745412627,0.14074160686849552,0.01257606092889666,0.28839954154235986,0.5963993067991302,0.5837447296384217,0.38848094282916207,0.7828568648222992
8,55-64,16,0.31086513574674346,0.27015846441931646,0.12769165857855197,0.48601602243771225,0.09273555745412627,0.13709676901041573,2.4638186581874896e-06,0.2688070543718113,0.5963993067991302,0.5819863696031973,0.3792110097176677,0.7780583224717682
8,65-74,16,0.31086513574674346,0.26867460495390477,0.1159271270441083,0.4829612906118231,0.09273555745412627,0.1412984325570707,2.3929750974698077e-06,0.28191811669182654,0.5963993067991302,0.577044285610118,0.3742908482603828,0.7826029912705893
8,75-84,16,0.41435691786259726,0.3656860833460659,0.18273517546726634,0.6134039986870804,0.08360411513822186,0.1444254722771321,3.485572019559915e-06,0.2843124569665192,0.5020389669991809,0.48140677722995684,0.25953634847017,0.6869795363882624
8,85+,16,0.611651794875725,0.5701149075232372,0.24416026823920922,0.7847897078277927,0.0724180242419178,0.10987871174930741,1.4332145273145878e-06,0.2587319930736641,0.31593018088235725,0.30842496645195006,0.14921447325647083,0.6143166938131355
9,16-24,16,0.21452316120545065,0.20835109491369075,0.08126160954368163,0.40813645718063124,0.09024856283435394,0.14201689281608304,2.5490568494940815e-06,0.2770478131551599,0.6952282759601953,0.6449395983846862,0.43527623006505184,0.8327846496317837
9,25-34,16,0.14749756863414576,0.1805151807320604,0.06605740439977795,0.3552250267084727,0.09246141185424518,0.15532447774999794,2.6421787888789276e-06,0.3378416303058861,0.7600410195116091,0.6511952252838032,0.43618573138262395,0.8388398987172596
9,35-44,16,0.2140629428550559,0.20538644213319335,0.08960487251630853,0.40734620134542704,0.09676630236124902,0.15554331518463332,7.647320510808296e-06,0.2880593579625414,0.689170754783695,0.6292504060178397,0.3875882413368538,0.8023283596005626
9,45-54,16,0.21412749158282307,0.19304948993973803,0.06296736378365891,0.35004479206457384,0.09649394047889141,0.15628202122402368,2.9515365072595737e-06,0.32427801144823015,0.6893785679382856,0.6343419014323077,0.4353551287517133,0.8464316930230645
9,55-64,16,0.22521521739124825,0.20252365393483024,0.08447507866963674,0.3589893630530985,0.09513252581844053,0.14518956706337421,0.01203057947026339,0.29183357934995163,0.6796522567903113,0.651954616806228,0.435592806293633,0.824867713659765
9,65-74,16,0.21412749158282307,0.20934772089329312,0.08589001800088736,0.4177788089863842,0.09649394047889141,0.1524832251793089,6.061696010833784e-06,0.35422451462746235,0.6893785679382856,0.6331361126648436,0.3651636210541688,0.8056455659793397
9,75-84,16,0.3314982700474326,0.2859084864923352,0.11697452410542616,0.5170737867983898,0.09334528452009577,0.14702201282277844,0.013656486642048571,0.3217623504250989,0.5751564454324716,0.5535578500159524,0.3545445820023586,0.7506446883841718
9,85+,16,0.5749000486271837,0.5219179067400078,0.2752066356495676,0.743933676687165,0.07305644962919737,0.11372418700265671,1.8276592704487684e-06,0.24909389306199964,0.3520435017436189,0.3597093055734045,0.18168028500238995,0.6003717726096798
91,16-24,16,0.22504132986220274,0.20730119659679047,0.08321964100379516,0.4114267873099069,0.08694022218327598,0.14420134910270815,0.014678326101621767,0.29828150823279,0.6880184479545213,0.6391229295563461,0.4082310010646015,0.8203152692128665
91,25-34,16,0.20476503047381067,0.1866390022662564,0.0724230803988999,0.4194306033137924,0.09536082681031552,0.1457053127987326,1.958886926589423e-06,0.3103071036484752,0.6998741427158739,0.6639168310878395,0.3640634199026355,0.8589514635325382
91,35-44,16,0.2254300041578922,0.20216054984476092,0.08819413394629104,0.43181216370511,0.09426955767058634,0.15337784185941475,0.02393629328315149,0.29146627309824424,0.6803004381715215,0.6271515130479468,0.37032552129123747,0.8030656492595839
91,45-54,16,0.21467774937034972,0.2010146063518944,0.08691339100279011,0.38352120497313014,0.09417214031370004,0.15361727774396494,3.398109956546016e-06,0.2818182331572776,0.6911501103159503,0.6371632971413179,0.41374953387070496,0.8263279251634632
91,55-64,16,0.2257857818823741,0.20503808157611908,0.07811312250267233,0.42193077001796414,0.09284011744602655,0.14635694011157652,2.736279182268402e-06,0.3351441308551652,0.6813741006715993,0.6481435610869666,0.40763809703695875,0.8253099182358697
91,65-74,16,0.2257857818823741,0.20747053961202028,0.07463356125445704,0.3915598102082675,0.09284011744602655,0.15377947139512488,2.331122069932244e-06,0.30861804962928985,0.6813741006715993,0.6333960120615771,0.45301012431640025,0.8210503479056395
91,75-84,16,0.3314982700474326,0.29213135434827153,0.11858070940948323,0.5193521933868033,0.09334528452009577,0.1528243862538819,2.112433474421599e-06,0.2976826697085316,0.5751564454324716,0.5517988343404125,0.30835411713191796,0.7554125019951936
91,85+,16,0.5749000486271837,0.5250289160680652,0.17367016895560547,0.7578941228391031,0.07305644962919737,0.11153921490027321,2.789467144244599e-06,0.25424726678992887,0.3520435017436189,0.3531513527995582,0.175134805168585,0.6481706187439179
