borough_id,borough_name,borough_code,inner_outer_code,inner_outer,activity_level_code,activity_level,borough_cat,activity_cat,inner_outer_cat,survey_year,survey_wave,period_start,scenario,lag_neither_recorded_rate,lag_indoor_only_rate,lag_outdoor_only_rate,lag_both_rate,trend,covid_era,covid_disruption,time_since_covid,neither_recorded_rate,indoor_only_rate,outdoor_only_rate,both_rate,indoor_rate,outdoor_rate,indoor_exposure_share,outdoor_exposure_share
126,Hillingdon,E09000017,2,Outer London,0,Inactive,126,0,2,2023,2023/24,,persistent_legacy,0.984917322364552,0.009602636689636576,0.005451625873496509,2.8415072315082377e-05,6,1.0,0.0,3.0,0.9995017448238045,0.00038313188770958226,4.4472320726580504e-05,7.065096775936853e-05,0.0004537828554689508,0.00011512328848594904,0.7976409822442075,0.20235901775579246
126,Hillingdon,E09000017,2,Outer London,1,Insufficiently Active,126,1,2,2023,2023/24,,persistent_legacy,0.8842656233108162,0.09848245543661713,0.0035700425037844073,0.013681878748782284,6,1.0,0.0,3.0,0.9104344429261391,0.07127254307782696,0.014392666568246715,0.003900347427787365,0.07517289050561432,0.018293013996034082,0.8042814211923508,0.1957185788076492
171,Newham,E09000025,1,Inner London,0,Inactive,171,0,1,2023,2023/24,,persistent_legacy,0.9997306715863109,0.00020240158484451608,4.1417796703733286e-05,2.5509032140831113e-05,6,1.0,0.0,3.0,0.9992853571154716,0.0006055464065337278,8.572324699292392e-05,2.337323100181492e-05,0.0006289196375355427,0.00010909647799473884,0.8521760220420789,0.14782397795792113
126,Hillingdon,E09000017,2,Outer London,2,Active,126,2,2,2023,2023/24,,persistent_legacy,0.8024332653596243,0.0976830296146567,0.04185634646837572,0.05802735855734328,6,1.0,0.0,3.0,0.7911785415558806,0.0945375125883169,0.05229226324248851,0.061991682613314066,0.15652919520163097,0.11428394585580257,0.5779970447166541,0.42200295528334586
129,Hounslow,E09000018,2,Outer London,0,Inactive,129,0,2,2023,2023/24,,persistent_legacy,0.9995924285804139,0.00030629186178924087,6.267704906233825e-05,3.8602508734597194e-05,6,1.0,0.0,3.0,0.9995955024594987,0.0003309761977339489,4.579261112760052e-05,2.7728731639803696e-05,0.0003587049293737526,7.352134276740423e-05,0.8299008007930773,0.17009919920692274
129,Hounslow,E09000018,2,Outer London,1,Insufficiently Active,129,1,2,2023,2023/24,,persistent_legacy,0.8233343585181764,0.13181544459877945,0.03893993929091779,0.005910257592126511,6,1.0,0.0,3.0,0.9098395819243937,0.0715659426191451,0.01639437179062521,0.002200103665836127,0.07376604628498123,0.018594475456461337,0.7986750712764986,0.20132492872350138
171,Newham,E09000025,1,Inner London,2,Active,171,2,1,2023,2023/24,,persistent_legacy,0.7568073525818673,0.1107383305241982,0.09017028009601671,0.04228403679791792,6,1.0,0.0,3.0,0.7569436494028139,0.10183746306574895,0.052893011082661395,0.08832587644877574,0.1901633395145247,0.14121888753143713,0.5738489393643599,0.4261510606356401
171,Newham,E09000025,1,Inner London,1,Insufficiently Active,171,1,1,2023,2023/24,,persistent_legacy,0.9044173433805617,0.07756079606294115,0.016649183434858484,0.0013726771216387606,6,1.0,0.0,3.0,0.9080768863137603,0.06706963660014555,0.02166868153802192,0.0031847955480723317,0.07025443214821787,0.024853477086094252,0.7386812801776127,0.2613187198223873
160,Merton,E09000024,2,Outer London,1,Insufficiently Active,160,1,2,2023,2023/24,,persistent_legacy,0.9265250993867507,0.03403859254839563,0.03171430595167836,0.007722002113175273,6,1.0,0.0,3.0,0.9111945522842209,0.06960521950461139,0.016226320646875975,0.0029739075642917353,0.07257912706890313,0.01920022821116771,0.790800140700739,0.209199859299261
160,Merton,E09000024,2,Outer London,2,Active,160,2,2,2023,2023/24,,persistent_legacy,0.7113402712220858,0.0892780487405034,0.08097534894095852,0.11840633109645235,6,1.0,0.0,3.0,0.765204340457972,0.09470990114581088,0.06148400494583346,0.07860175345038367,0.17331165459619455,0.14008575839621712,0.5530092062386965,0.44699079376130346
136,Kensington and Chelsea,E09000020,1,Inner London,0,Inactive,136,0,1,2023,2023/24,,persistent_legacy,0.9859748591417048,0.013939376981250112,5.307514019861555e-05,3.268873684638963e-05,6,1.0,0.0,3.0,0.9995103100633184,0.0003886105757478455,7.308975113539008e-05,2.7989609798370422e-05,0.0004166001855462159,0.00010107936093376051,0.8047453069740506,0.19525469302594944
135,Islington,E09000019,1,Inner London,2,Active,135,2,1,2023,2023/24,,persistent_legacy,0.7092591786930056,0.11402738702372284,0.032794908798415866,0.14391852548485576,6,1.0,0.0,3.0,0.7480796059956283,0.10359300916720841,0.04887049660971471,0.09945688822744866,0.20304989739465706,0.14832738483716337,0.5778685978358024,0.42213140216419764
135,Islington,E09000019,1,Inner London,1,Insufficiently Active,135,1,1,2023,2023/24,,persistent_legacy,0.8602236598622766,0.08909994834346588,0.04902863815606932,0.0016477536381881565,6,1.0,0.0,3.0,0.9063581207156026,0.07163398535770606,0.019305560213860432,0.0027023337128307457,0.0743363190705368,0.02200789392669118,0.7715701520409494,0.22842984795905064
160,Merton,E09000024,2,Outer London,0,Inactive,160,0,2,2023,2023/24,,persistent_legacy,0.9861504887209546,0.0030673066641664533,6.149492669924798e-05,0.010720709688179609,6,1.0,0.0,3.0,0.999465673405622,0.0004458900107453399,6.07425810250528e-05,2.7694002607754307e-05,0.0004735840133530942,8.84365836328071e-05,0.842645297864367,0.15735470213563296
135,Islington,E09000019,1,Inner London,0,Inactive,135,0,1,2023,2023/24,,persistent_legacy,0.9996483536943416,0.0002642638724785515,5.407678677450088e-05,3.330564640535971e-05,6,1.0,0.0,3.0,0.9995030450487703,0.00041047977823414005,6.0962594892588834e-05,2.5512578102922184e-05,0.00043599235633706224,8.647517299551101e-05,0.8344869907877743,0.16551300921222567
129,Hounslow,E09000018,2,Outer London,2,Active,129,2,2,2023,2023/24,,persistent_legacy,0.8068420849482937,0.08035386592686611,0.0595749632788433,0.053229085845996844,6,1.0,0.0,3.0,0.784688154553893,0.09799212769454224,0.05982949886873491,0.05749021888282979,0.15548234657737203,0.1173197177515647,0.5699456379109213,0.43005436208907866
142,Lambeth,E09000022,1,Inner London,1,Insufficiently Active,142,1,1,2023,2023/24,,persistent_legacy,0.8498032669729626,0.10117677260612322,0.04776026589539731,0.001259694525516845,6,1.0,0.0,3.0,0.9143735768137006,0.06287352156245897,0.017862795525778116,0.004890106098062233,0.0677636276605212,0.02275290162384035,0.7486326331364171,0.25136736686358285
142,Lambeth,E09000022,1,Inner London,2,Active,142,2,1,2023,2023/24,,persistent_legacy,0.7358172494249844,0.1546172856020863,0.030740209148380975,0.07882525582454822,6,1.0,0.0,3.0,0.7515560015734392,0.10409784399970791,0.052656770919232036,0.0916893835076208,0.19578722750732871,0.14434615442685284,0.5756189715751425,0.4243810284248575
8,Barking and Dagenham,E09000002,2,Outer London,0,Inactive,8,0,2,2023,2023/24,,persistent_legacy,0.9937404190324624,0.006202987198461382,3.5023162799818304e-05,2.157060627644629e-05,6,1.0,0.0,3.0,0.9991977476453542,0.0005320089405064684,0.0002485068818633366,2.173653227585018e-05,0.0005537454727823186,0.0002702434141391868,0.6720302683342735,0.3279697316657265
147,Lewisham,E09000023,1,Inner London,0,Inactive,147,0,1,2023,2023/24,,persistent_legacy,0.9956837825063862,0.004233095084727344,5.144046255018946e-05,3.1681946336216486e-05,6,1.0,0.0,3.0,0.9995027519128358,0.0004062683562718474,6.558228846422309e-05,2.53974424281986e-05,0.000431665798700046,9.097973089242168e-05,0.8259245975692875,0.1740754024307125
293,Westminster,E09000033,1,Inner London,1,Insufficiently Active,293,1,1,2023,2023/24,,persistent_legacy,0.9668134926415195,0.015701807008912334,0.015231378699521719,0.0022533216500463076,6,1.0,0.0,3.0,0.9091348895406617,0.07070455237943185,0.015976647930431305,0.004183910149475249,0.0748884625289071,0.020160558079906556,0.7878930477055635,0.21210695229443655
293,Westminster,E09000033,1,Inner London,2,Active,293,2,1,2023,2023/24,,persistent_legacy,0.7490997766515309,0.09618908895533515,0.06788568717781406,0.08682544721531986,6,1.0,0.0,3.0,0.7532391047441704,0.10218470271011068,0.05365592395624181,0.09092026858947713,0.1931049712995878,0.14457619254571893,0.5718559160973813,0.4281440839026187
293,Westminster,E09000033,1,Inner London,0,Inactive,293,0,1,2023,2023/24,,persistent_legacy,0.9855355751386501,0.010785975625888318,0.003644158067037398,3.429116842407226e-05,6,1.0,0.0,3.0,0.9995526240114754,0.00036346804814974497,3.644168293695363e-05,4.7466257437784356e-05,0.0004109343055875293,8.3907940374738e-05,0.8304349698123061,0.16956503018769387
8,Barking and Dagenham,E09000002,2,Outer London,1,Insufficiently Active,8,1,2,2023,2023/24,,persistent_legacy,0.9510664457471703,0.023381554121869343,0.024473047723932696,0.0010789524070277932,6,1.0,0.0,3.0,0.9105435267434261,0.06914487399427319,0.014420682573889142,0.005890916688411388,0.07503579068268458,0.020311599262300528,0.7869726767138544,0.2130273232861456
139,Kingston upon Thames,E09000021,2,Outer London,0,Inactive,139,0,2,2023,2023/24,,persistent_legacy,0.9918230189650598,0.00030961745363226276,6.335757084273678e-05,0.007804006010465345,6,1.0,0.0,3.0,0.999467553749939,0.00045258012263106167,5.26300336418977e-05,2.723609378791079e-05,0.00047981621641897247,7.986612742980848e-05,0.8573009702600386,0.1426990297399614
139,Kingston upon Thames,E09000021,2,Outer London,1,Insufficiently Active,139,1,2,2023,2023/24,,persistent_legacy,0.8887934357082956,0.04063171056322307,0.06910958298770987,0.00146527074077146,6,1.0,0.0,3.0,0.905737375036613,0.07232962582466639,0.01952286430252506,0.0024101348361954514,0.07473976066086184,0.021932999138720512,0.7731212061785447,0.22687879382145526
142,Lambeth,E09000022,1,Inner London,0,Inactive,142,0,1,2023,2023/24,,persistent_legacy,0.999661911415623,0.00025407518040311365,5.1991856573081776e-05,3.202154740077419e-05,6,1.0,0.0,3.0,0.9994912101641436,0.0004207499179182951,6.196216290027241e-05,2.60777550378677e-05,0.00044682767295616276,8.803991793814012e-05,0.835398667937729,0.164601332062271
139,Kingston upon Thames,E09000021,2,Outer London,2,Active,139,2,2,2023,2023/24,,persistent_legacy,0.7519796513969885,0.09966036619426138,0.06463949694557955,0.08372048546317039,6,1.0,0.0,3.0,0.7735019939347351,0.09087013131044043,0.06509192494676605,0.07053594980805858,0.16140608111849902,0.13562787475482463,0.543392692744307,0.456607307255693
147,Lewisham,E09000023,1,Inner London,2,Active,147,2,1,2023,2023/24,,persistent_legacy,0.7099684058101758,0.10042753875336083,0.07059399432067952,0.1190100611157839,6,1.0,0.0,3.0,0.74859979475025,0.10362843786196585,0.04732702159956228,0.1004447457882218,0.20407318365018765,0.14777176738778408,0.5800088449419406,0.4199911550580594
136,Kensington and Chelsea,E09000020,1,Inner London,2,Active,136,2,1,2023,2023/24,,persistent_legacy,0.7423352727325768,0.08380293705026805,0.0623817129795566,0.1114800772375984,6,1.0,0.0,3.0,0.75013447823954,0.1034576002051391,0.054584744595776905,0.09182317695954388,0.19528077716468298,0.14640792155532079,0.5715166404280333,0.4284833595719667
147,Lewisham,E09000023,1,Inner London,1,Insufficiently Active,147,1,1,2023,2023/24,,persistent_legacy,0.9240240287901813,0.04381731903944195,0.01988568472021317,0.01227296745016361,6,1.0,0.0,3.0,0.9067632356444807,0.07165941868246205,0.016948960348349366,0.004628385324707921,0.07628780400716997,0.021577345673057288,0.7795196171102696,0.22048038288973038
136,Kensington and Chelsea,E09000020,1,Inner London,1,Insufficiently Active,136,1,1,2023,2023/24,,persistent_legacy,0.7569076937508158,0.14782585054353517,0.07235559842649736,0.0229108572791517,6,1.0,0.0,3.0,0.9059751423949827,0.07338271347620456,0.016480844124977093,0.004161300003835576,0.07754401348004014,0.02064214412881267,0.7897652313573018,0.2102347686426982
78,Ealing,E09000009,2,Outer London,2,Active,78,2,2,2023,2023/24,,persistent_legacy,0.7529591134529754,0.07814940673586497,0.09291988127005313,0.07597159854110651,6,1.0,0.0,3.0,0.7726823349820217,0.09394357820539756,0.06477155985639645,0.0686025269561846,0.16254610516158216,0.13337408681258106,0.5492903477697597,0.4507096522302403
241,Southwark,E09000028,1,Inner London,2,Active,241,2,1,2023,2023/24,,persistent_legacy,0.7356386908645246,0.10991697937898526,0.05587443726927217,0.09856989248721805,6,1.0,0.0,3.0,0.7513081175048145,0.10244029034017815,0.05536843379943269,0.09088315835557467,0.19332344869575283,0.14625159215500735,0.5693099475491679,0.43069005245083214
91,Enfield,E09000010,2,Outer London,0,Inactive,91,0,2,2023,2023/24,,persistent_legacy,0.9884850866105466,0.011454169310308803,3.759159016494911e-05,2.3152488979603368e-05,6,1.0,0.0,3.0,0.9993257501733784,0.0005300141280616985,0.00011689035191803337,2.7345346641890288e-05,0.0005573594747035888,0.00014423569855992366,0.7944174873823568,0.20558251261764315
255,Sutton,E09000029,2,Outer London,0,Inactive,255,0,2,2023,2023/24,,persistent_legacy,0.9995616618149485,0.0003294132324809306,6.740841631697567e-05,4.151653625353914e-05,6,1.0,0.0,3.0,0.9996536341936395,0.0002876878289515334,2.4894147152550926e-05,3.37838302563666e-05,0.0003214716592079,5.867797740891752e-05,0.8456450519560443,0.15435494804395566
107,Greenwich,E09000011,2,Outer London,0,Inactive,107,0,2,2023,2023/24,,persistent_legacy,0.997143181844704,0.0001226853738414795,0.002718670525331911,1.546225612282786e-05,6,1.0,0.0,3.0,0.9990531481673587,0.0007160918269926845,0.0001916613338576568,3.909867179111472e-05,0.0007551904987837992,0.00023076000564877154,0.7659517342794226,0.23404826572057735
107,Greenwich,E09000011,2,Outer London,1,Insufficiently Active,107,1,2,2023,2023/24,,persistent_legacy,0.9299275797717872,0.04233346167818332,0.014572952812356906,0.013166005737672421,6,1.0,0.0,3.0,0.9099734201822199,0.0704942776819283,0.015364272155621127,0.004168029980230621,0.07466230766215892,0.019532302135851748,0.7926388550498114,0.20736114495018865
91,Enfield,E09000010,2,Outer London,2,Active,91,2,2,2023,2023/24,,persistent_legacy,0.7472416311472807,0.10815327196018878,0.06749086794219215,0.07711422895033833,6,1.0,0.0,3.0,0.7751510874087001,0.09112846551194848,0.06414204953764246,0.06957839754170916,0.16070686305365764,0.13372044707935163,0.545828656251546,0.454171343748454
91,Enfield,E09000010,2,Outer London,1,Insufficiently Active,91,1,2,2023,2023/24,,persistent_legacy,0.9102612545953492,0.0836872745999474,0.004529491815478039,0.0015219789892253067,6,1.0,0.0,3.0,0.9087199034787643,0.0687340260834742,0.01959195459764901,0.002954115840112496,0.0716881419235867,0.022546070437761506,0.7607443212736061,0.23925567872639386
241,Southwark,E09000028,1,Inner London,0,Inactive,241,0,1,2023,2023/24,,persistent_legacy,0.9741474908677411,0.02573583383421416,7.22047325145182e-05,4.447056553027449e-05,6,1.0,0.0,3.0,0.9996079715601601,0.00032231206680524867,3.4177635965976565e-05,3.5538737068641694e-05,0.00035785080387389036,6.971637303461826e-05,0.8369463869076735,0.16305361309232647
241,Southwark,E09000028,1,Inner London,1,Insufficiently Active,241,1,1,2023,2023/24,,persistent_legacy,0.8348817394204594,0.1371926782196021,0.004743346871336865,0.02318223548860162,6,1.0,0.0,3.0,0.9048409112117489,0.07372381861107448,0.017159292752080644,0.004275977425095875,0.07799979603617035,0.02143527017717652,0.7844294674558248,0.21557053254417524
112,Hammersmith and Fulham,E09000013,1,Inner London,0,Inactive,112,0,1,2023,2023/24,,persistent_legacy,0.9995844624985226,0.0003122784102476584,6.390208713305424e-05,3.9357004096655384e-05,6,1.0,0.0,3.0,0.9995924291297851,0.00034985698493849617,2.9951919524776385e-05,2.7761965751739942e-05,0.0003776189506902361,5.771388527651633e-05,0.8674258394767076,0.1325741605232924
109,Hackney,E09000012,1,Inner London,2,Active,109,2,1,2023,2023/24,,persistent_legacy,0.7308715085581784,0.0704332740992912,0.0649814294535266,0.13371378788900362,6,1.0,0.0,3.0,0.7511216229598587,0.10411259827805117,0.048984880504916437,0.09578089825717356,0.19989349653522473,0.14476577876209,0.5799742263218939,0.4200257736781061
109,Hackney,E09000012,1,Inner London,1,Insufficiently Active,109,1,1,2023,2023/24,,persistent_legacy,0.9491210028271769,0.014440330976147426,0.024989751011387718,0.011448915185287976,6,1.0,0.0,3.0,0.9069516438538204,0.07214220004982433,0.014818098569651623,0.0060880575267035,0.07823025757652782,0.020906156096355124,0.7891172847412208,0.21088271525877922
201,Richmond upon Thames,E09000027,2,Outer London,2,Active,201,2,2,2023,2023/24,,persistent_legacy,0.7973754492874453,0.08720894618748634,0.04898662030590583,0.06642898421916253,6,1.0,0.0,3.0,0.7804901598982035,0.09413125336713785,0.059734475774571215,0.06564411096008764,0.1597753643272255,0.12537858673465885,0.5603126442128481,0.4396873557871519
109,Hackney,E09000012,1,Inner London,0,Inactive,109,0,1,2023,2023/24,,persistent_legacy,0.9876198191911353,0.012291516925176459,5.4869814885331745e-05,3.379406880292157e-05,6,1.0,0.0,3.0,0.99951580057582,0.0003841126739312708,7.243010992582136e-05,2.7656640322791342e-05,0.00041176931425406215,0.0001000867502486127,0.8044630958004607,0.19553690419953929
107,Greenwich,E09000011,2,Outer London,2,Active,107,2,2,2023,2023/24,,persistent_legacy,0.7187853153046764,0.1413891151154891,0.06034841939787816,0.07947715018195643,6,1.0,0.0,3.0,0.7742588109657828,0.09284143025393508,0.059469631693455746,0.07343012708682639,0.1662715573407615,0.13289975878028215,0.5557737268952904,0.44422627310470963
117,Harrow,E09000015,2,Outer London,0,Inactive,117,0,2,2023,2023/24,,persistent_legacy,0.999657233995225,0.0002575902840959775,5.271115850075895e-05,3.246456217829433e-05,6,1.0,0.0,3.0,0.9995458755114492,0.00036708827579907304,5.8617143491478334e-05,2.8419069260171915e-05,0.000395507345059245,8.703621275165025e-05,0.8196303497522622,0.18036965024773777
196,Redbridge,E09000026,2,Outer London,0,Inactive,196,0,2,2023,2023/24,,persistent_legacy,0.9996802970769783,0.0002402582683820515,4.91644772637679e-05,3.028017737591462e-05,6,1.0,0.0,3.0,0.9994272751113275,0.0004699988436426596,7.351893477655649e-05,2.9207110253431012e-05,0.0004992059538960905,0.0001027260450299875,0.8293394516103751,0.17066054838962486
117,Harrow,E09000015,2,Outer London,1,Insufficiently Active,117,1,2,2023,2023/24,,persistent_legacy,0.89419580353837,0.05575333915056385,0.01857919890566993,0.031471658405396216,6,1.0,0.0,3.0,0.90669262265108,0.07001616533221644,0.018268322055736426,0.0050228899609672095,0.07503905529318365,0.023291212016703637,0.7631328312847813,0.23686716871521873
196,Redbridge,E09000026,2,Outer London,1,Insufficiently Active,196,1,2,2023,2023/24,,persistent_legacy,0.8557939717692357,0.050529030532957035,0.04600665139431087,0.047670346303496605,6,1.0,0.0,3.0,0.9060729494651591,0.07244829589989175,0.017075765936676247,0.004402988698272874,0.07685128459816462,0.02147875463494912,0.7815646693272557,0.21843533067274434
122,Havering,E09000016,2,Outer London,1,Insufficiently Active,122,1,2,2023,2023/24,,persistent_legacy,0.9178207922666068,0.07710253140192302,0.003799863642298715,0.0012768126891712739,6,1.0,0.0,3.0,0.9120675639065353,0.06630148661886719,0.017202933761543568,0.004428015713053996,0.07072950233192118,0.021630949474597563,0.7657985744817365,0.2342014255182635
122,Havering,E09000016,2,Outer London,2,Active,122,2,2,2023,2023/24,,persistent_legacy,0.7905024639698028,0.10731123443601173,0.027479816017716485,0.07470648557646895,6,1.0,0.0,3.0,0.7867276993545846,0.0949664880650336,0.05426111079123546,0.06404470178914616,0.15901118985417978,0.11830581258038161,0.5733914201373272,0.42660857986267275
122,Havering,E09000016,2,Outer London,0,Inactive,122,0,2,2023,2023/24,,persistent_legacy,0.987566173526127,0.004833396976135823,0.007575428425490389,2.5001072246790453e-05,6,1.0,0.0,3.0,0.9992942185768076,0.0005742630624359444,6.595646532372457e-05,6.556189543282419e-05,0.0006398249578687687,0.00013151836075654878,0.8294943929884039,0.17050560701159612
117,Harrow,E09000015,2,Outer London,2,Active,117,2,2,2023,2023/24,,persistent_legacy,0.7784722621517517,0.07878109538548315,0.07900467178740447,0.06374197067536064,6,1.0,0.0,3.0,0.7777578577206355,0.09646593574861358,0.06265443747845394,0.0631217690522969,0.15958770480091047,0.12577620653075083,0.5592427719966009,0.4407572280033991
201,Richmond upon Thames,E09000027,2,Outer London,0,Inactive,201,0,2,2023,2023/24,,persistent_legacy,0.9995266940977965,0.0003556916383610831,7.278581330365661e-05,4.482845053880309e-05,6,1.0,0.0,3.0,0.9996566883979322,0.00028543139274114435,2.440579617782698e-05,3.347441314874591e-05,0.00031890580588989027,5.788020932657289e-05,0.8463844012540627,0.15361559874593733
201,Richmond upon Thames,E09000027,2,Outer London,1,Insufficiently Active,201,1,2,2023,2023/24,,persistent_legacy,0.8404161349619336,0.1060855243977891,0.05242695154351755,0.001071389096759699,6,1.0,0.0,3.0,0.9166524740667994,0.06229351014446093,0.016532069946468206,0.004521945842271564,0.0668154559867325,0.02105401578873977,0.7603944195483744,0.2396055804516256
114,Haringey,E09000014,1,Inner London,2,Active,114,2,1,2023,2023/24,,persistent_legacy,0.7123220612362191,0.12376388524317762,0.06296901598814601,0.10094503753245732,6,1.0,0.0,3.0,0.7494113392332454,0.10452308007947421,0.04627075602416484,0.09979482466311564,0.20431790474258985,0.14606558068728048,0.5831265263313454,0.41687347366865457
114,Haringey,E09000014,1,Inner London,1,Insufficiently Active,114,1,1,2023,2023/24,,persistent_legacy,0.851988067004395,0.04786767691516048,0.07090430617155467,0.029239949908889874,6,1.0,0.0,3.0,0.902325615507394,0.07437017471565469,0.018142430239553482,0.005161779537397969,0.07953195425305265,0.02330420977695145,0.7733850732690488,0.22661492673095118
114,Haringey,E09000014,1,Inner London,0,Inactive,114,0,1,2023,2023/24,,persistent_legacy,0.9951500739006093,0.004765829188265244,5.2043535134396915e-05,3.20533759910541e-05,6,1.0,0.0,3.0,0.9995102460570278,0.00039857530711876735,6.567031605426971e-05,2.5508319799082642e-05,0.00042408362691785,9.117863585335235e-05,0.8230442195340057,0.17695578046599425
196,Redbridge,E09000026,2,Outer London,2,Active,196,2,2,2023,2023/24,,persistent_legacy,0.7345539476606827,0.11680040423594211,0.08055257325569365,0.06809307484768162,6,1.0,0.0,3.0,0.7740382262730484,0.09214012513916933,0.062480803458990576,0.07134084512879157,0.1634809702679609,0.13382164858778214,0.5498806936083029,0.45011930639169706
112,Hammersmith and Fulham,E09000013,1,Inner London,2,Active,112,2,1,2023,2023/24,,persistent_legacy,0.7344774533489881,0.1053785605108547,0.04615282311813793,0.11399116302201918,6,1.0,0.0,3.0,0.7512033999631894,0.10234387529767783,0.05416423703089537,0.09228848770823755,0.19463236300591538,0.14645272473913293,0.570627007743586,0.429372992256414
112,Hammersmith and Fulham,E09000013,1,Inner London,1,Insufficiently Active,112,1,1,2023,2023/24,,persistent_legacy,0.9044263880869591,0.06107900018200863,0.03262990759143994,0.0018647041395922518,6,1.0,0.0,3.0,0.9057825739400293,0.06950088389704132,0.022253249265262138,0.002463292897667259,0.07196417679470857,0.024716542162929397,0.7443487964362439,0.25565120356375615
35,Bromley,E09000006,2,Outer London,1,Insufficiently Active,35,1,2,2023,2023/24,,persistent_legacy,0.8700915449517181,0.12558744514294262,0.003234251578248114,0.0010867583270912488,6,1.0,0.0,3.0,0.9130088805530757,0.06592387808757282,0.016458194492000873,0.004609046867350682,0.0705329249549235,0.021067241359351556,0.7700086996886989,0.2299913003113011
35,Bromley,E09000006,2,Outer London,2,Active,35,2,2,2023,2023/24,,persistent_legacy,0.7100277993495319,0.12565661729115085,0.0812869095676238,0.08302867379169351,6,1.0,0.0,3.0,0.7717567383448256,0.09403391213686689,0.060283901469050716,0.07392544804925695,0.16795936018612384,0.13420934951830765,0.5558463030484343,0.4441536969515657
272,Tower Hamlets,E09000030,1,Inner London,1,Insufficiently Active,272,1,1,2023,2023/24,,persistent_legacy,0.796568624788882,0.10495354397843204,0.03655418757756481,0.061923643655121034,6,1.0,0.0,3.0,0.9033398601047475,0.07467466998099155,0.017204469699105312,0.004781000215155573,0.07945567019614712,0.021985469914260883,0.783268702517223,0.21673129748277697
44,Camden,E09000007,1,Inner London,0,Inactive,44,0,1,2023,2023/24,,persistent_legacy,0.9995250173885898,0.0003569516933107234,7.304366059165993e-05,4.498725750780128e-05,6,1.0,0.0,3.0,0.9995900360470286,0.0003526999386928321,2.8065187038838807e-05,2.9198827239732136e-05,0.00038189876593256426,5.7264014278570946e-05,0.8696064036869421,0.1303935963130579
44,Camden,E09000007,1,Inner London,1,Insufficiently Active,44,1,1,2023,2023/24,,persistent_legacy,0.8969044439145766,0.08995256205983372,0.011281809014725214,0.0018611850108645022,6,1.0,0.0,3.0,0.9073681345453537,0.06891232146958715,0.020085022904859313,0.00363452108019995,0.07254684254978709,0.023719543985059263,0.7536051280321683,0.24639487196783172
44,Camden,E09000007,1,Inner London,2,Active,44,2,1,2023,2023/24,,persistent_legacy,0.6886949984019599,0.12000683231449938,0.04795346084426737,0.14334470843927327,6,1.0,0.0,3.0,0.7494042632413154,0.10347288856263819,0.04881394671854359,0.09830890147750276,0.20178179004014096,0.14712284819604635,0.5783293425395707,0.4216706574604293
279,Waltham Forest,E09000031,2,Outer London,0,Inactive,279,0,2,2023,2023/24,,persistent_legacy,0.9956227636176324,0.00239414094415754,5.3741608663510956e-05,0.001929353829546522,6,1.0,0.0,3.0,0.9994352020511421,0.0004767979992846218,6.166907373981265e-05,2.6330875833506723e-05,0.0005031288751181285,8.799994957331937e-05,0.8511323659115206,0.14886763408847936
272,Tower Hamlets,E09000030,1,Inner London,2,Active,272,2,1,2023,2023/24,,persistent_legacy,0.7305590342865916,0.12747111098288666,0.042255601663251735,0.0997142530672699,6,1.0,0.0,3.0,0.7498771759186933,0.10418189373189975,0.04845248192355797,0.09748844842584897,0.2016703421577487,0.14594093034940694,0.5801605359434863,0.41983946405651373
255,Sutton,E09000029,2,Outer London,2,Active,255,2,2,2023,2023/24,,persistent_legacy,0.7613811888022995,0.1141205354079352,0.049657910140921774,0.07484036564884351,6,1.0,0.0,3.0,0.7785004035711038,0.09111822535263976,0.06179808877254074,0.06858328230371565,0.1597015076563554,0.13038137107625639,0.5505375165680242,0.4494624834319758
272,Tower Hamlets,E09000030,1,Inner London,0,Inactive,272,0,1,2023,2023/24,,persistent_legacy,0.9996618858340349,0.00025409440508829316,5.19957905546416e-05,3.202397032207946e-05,6,1.0,0.0,3.0,0.9994912101641436,0.0004207499179182951,6.196216290027241e-05,2.60777550378677e-05,0.00044682767295616276,8.803991793814012e-05,0.835398667937729,0.164601332062271
78,Ealing,E09000009,2,Outer London,1,Insufficiently Active,78,1,2,2023,2023/24,,persistent_legacy,0.9040559848281908,0.07290483967027907,0.02155016986142628,0.0014890056401037199,6,1.0,0.0,3.0,0.9089420231543519,0.06737282685527779,0.02121087590495438,0.0024742740854159333,0.06984710094069373,0.023685149990370313,0.7467702342817885,0.25322976571821154
78,Ealing,E09000009,2,Outer London,0,Inactive,78,0,2,2023,2023/24,,persistent_legacy,0.9971719417368792,0.00023870104189856818,0.0025592733038727615,3.008391734935285e-05,6,1.0,0.0,3.0,0.9994193787536467,0.00047996614609924345,4.004552710212551e-05,6.060957315193436e-05,0.0005405757192511778,0.00010065510025405987,0.8430282868628748,0.1569717131371252
68,Croydon,E09000008,2,Outer London,2,Active,68,2,2,2023,2023/24,,persistent_legacy,0.7541156042063387,0.12690860867500972,0.05755992781500733,0.06141585930364407,6,1.0,0.0,3.0,0.7804951357842249,0.09195543485740945,0.061106346297065316,0.06644308306130044,0.1583985179187099,0.12754942935836575,0.5539417905498238,0.44605820945017616
255,Sutton,E09000029,2,Outer London,1,Insufficiently Active,255,1,2,2023,2023/24,,persistent_legacy,0.8704610445348371,0.04298843532369022,0.07617211565439995,0.01037840448707268,6,1.0,0.0,3.0,0.9076179579078599,0.0732159389026238,0.016378273580573227,0.0027878296089429385,0.07600376851156675,0.019166103189516167,0.7986116525436266,0.20138834745637335
68,Croydon,E09000008,2,Outer London,1,Insufficiently Active,68,1,2,2023,2023/24,,persistent_legacy,0.8643920478426219,0.034097142118554954,0.1002610533626236,0.0012497566761996081,6,1.0,0.0,3.0,0.911135616183235,0.06738542137519528,0.017051686559962635,0.004427275881607003,0.07181269725680228,0.02147896244156964,0.7697654590880382,0.23023454091196183
68,Croydon,E09000008,2,Outer London,0,Inactive,68,0,2,2023,2023/24,,persistent_legacy,0.9996767015234269,0.00024296034399007987,4.9717407806764423e-05,3.062072477619857e-05,6,1.0,0.0,3.0,0.9994409233643625,0.00045912096146906613,7.087932994947696e-05,2.907634421885545e-05,0.0004881973056879216,9.995567416833241e-05,0.8300515723090245,0.1699484276909755
17,Bexley,E09000004,2,Outer London,1,Insufficiently Active,17,1,2,2023,2023/24,,persistent_legacy,0.947392402627097,0.047714932853300876,0.003662131837468958,0.0012305326821332552,6,1.0,0.0,3.0,0.910023625685281,0.07131959338879924,0.013673618711505376,0.004983162214414524,0.07630275560321377,0.0186567809259199,0.8035291492793251,0.19647085072067494
279,Waltham Forest,E09000031,2,Outer London,1,Insufficiently Active,279,1,2,2023,2023/24,,persistent_legacy,0.9422310588804381,0.0512031736386453,0.004914439981108235,0.0016513274998083084,6,1.0,0.0,3.0,0.9083812782371306,0.07073811720436876,0.017822905342418947,0.003057699216081682,0.07379581642045044,0.020880604558500628,0.7794529583755292,0.2205470416244708
17,Bexley,E09000004,2,Outer London,2,Active,17,2,2,2023,2023/24,,persistent_legacy,0.7958289983075933,0.07631714489118843,0.08281673826627177,0.04503711853494648,6,1.0,0.0,3.0,0.7829236960999856,0.10031690052725904,0.05934322165587368,0.05741618171688162,0.15773308224414068,0.11675940337275531,0.5746353379752835,0.42536466202471646
279,Waltham Forest,E09000031,2,Outer London,2,Active,279,2,2,2023,2023/24,,persistent_legacy,0.7508008140282668,0.1112624980643091,0.06464490617997277,0.0732917817274513,6,1.0,0.0,3.0,0.7760754611622614,0.09091984351446591,0.06379204380289012,0.06921265152038239,0.1601324950348483,0.13300469532327253,0.5462715080239976,0.4537284919760024
30,Brent,E09000005,2,Outer London,2,Active,30,2,2,2023,2023/24,,persistent_legacy,0.7625474979558403,0.11961265394635068,0.05396882055396762,0.06387102754384145,6,1.0,0.0,3.0,0.7808117439676259,0.09111782686575635,0.06168516634534269,0.066385262821275,0.15750308968703136,0.1280704291666177,0.5515325451718395,0.4484674548281605
35,Bromley,E09000006,2,Outer London,0,Inactive,35,0,2,2023,2023/24,,persistent_legacy,0.9874955487439873,0.012408027491481986,5.967203206378714e-05,3.675173246689499e-05,6,1.0,0.0,3.0,0.9995739364824963,0.00033410416768684347,6.176688398576922e-05,3.0192465830957987e-05,0.00036429663351780143,9.19593498167272e-05,0.7984479038616743,0.2015520961383257
30,Brent,E09000005,2,Outer London,1,Insufficiently Active,30,1,2,2023,2023/24,,persistent_legacy,0.9015641376632233,0.09376501581536353,0.0034961023151018488,0.0011747442063112308,6,1.0,0.0,3.0,0.9129795621211912,0.06432654971613448,0.017302986928547124,0.0053909012341272775,0.06971745095026176,0.0226938881626744,0.7544252861119117,0.24557471388808827
30,Brent,E09000005,2,Outer London,0,Inactive,30,0,2,2023,2023/24,,persistent_legacy,0.9997422376043974,0.00019370966720022703,3.963915411932217e-05,2.4413574283008743e-05,6,1.0,0.0,3.0,0.9993876444456631,0.0005039573825813332,8.304801640035423e-05,2.535015535515973e-05,0.000529307537936493,0.00010839817175551396,0.8300185020957911,0.1699814979042089
280,Wandsworth,E09000032,1,Inner London,1,Insufficiently Active,280,1,1,2023,2023/24,,persistent_legacy,0.8627675287554791,0.052222617896401785,0.08325101146087496,0.0017588418872440258,6,1.0,0.0,3.0,0.9022763689246195,0.0736275266439928,0.021729009963222988,0.002367094468164739,0.07599462111215755,0.024096104431387728,0.7592573707450595,0.2407426292549405
280,Wandsworth,E09000032,1,Inner London,2,Active,280,2,1,2023,2023/24,,persistent_legacy,0.7320074622385873,0.08926644852295451,0.0704545418294686,0.1082715474089896,6,1.0,0.0,3.0,0.7494000770594147,0.10321508199841767,0.04896777097143098,0.0984170699707367,0.20163215196915435,0.14738484094216767,0.5777144267023837,0.4222855732976163
17,Bexley,E09000004,2,Outer London,0,Inactive,17,0,2,2023,2023/24,,persistent_legacy,0.9996617710326631,0.0002541806788657367,5.2013444911339275e-05,3.203484355987258e-05,6,1.0,0.0,3.0,0.9995418290362833,0.00037032324349688713,5.905479468174934e-05,2.8792925537942536e-05,0.0003991161690348297,8.784772021969188e-05,0.8196011610754643,0.18039883892453568
9,Barnet,E09000003,2,Outer London,2,Active,9,2,2,2023,2023/24,,persistent_legacy,0.7413993754831016,0.12786610110176655,0.07021045077134945,0.06052407264378225,6,1.0,0.0,3.0,0.7776286939658485,0.092832122494889,0.06140471666166704,0.06813446687759545,0.16096658937248443,0.12953918353926247,0.5540908456279959,0.44590915437200407
9,Barnet,E09000003,2,Outer London,1,Insufficiently Active,9,1,2,2023,2023/24,,persistent_legacy,0.9560699617696528,0.03843882615696266,0.004110141310459352,0.0013810707629252875,6,1.0,0.0,3.0,0.9086399518533198,0.07188749338977483,0.015979089605113395,0.003493465151791889,0.07538095854156672,0.019472554756905285,0.7947091880968951,0.20529081190310494
280,Wandsworth,E09000032,1,Inner London,0,Inactive,280,0,1,2023,2023/24,,persistent_legacy,0.9992861210487884,0.0005364834297771576,0.00010978155949965091,6.761396193474329e-05,6,1.0,0.0,3.0,0.9994348263597196,0.0005094217816270604,2.6896852326456007e-05,2.8855006326964398e-05,0.0005382767879540248,5.575185865342041e-05,0.9061461783504471,0.09385382164955292
9,Barnet,E09000003,2,Outer London,0,Inactive,9,0,2,2023,2023/24,,persistent_legacy,0.9995572986513613,0.0003326921706846308,6.807939128008817e-05,4.1929786673936006e-05,6,1.0,0.0,3.0,0.9996549619721323,0.0002863465450350529,2.4830425116019536e-05,3.386105771675376e-05,0.00032020760275180667,5.86914828327733e-05,0.8450999617953108,0.15490003820468923
8,Barking and Dagenham,E09000002,2,Outer London,2,Active,8,2,2,2023,2023/24,,persistent_legacy,0.7766824538884753,0.0990385424025474,0.06228501032208954,0.061993993386887644,6,1.0,0.0,3.0,0.7790824773131246,0.0932192817178697,0.06262009426604577,0.06507814670295987,0.15829742842082956,0.12769824096900564,0.5534958929922025,0.4465041070077975
126,Hillingdon,E09000017,2,Outer London,0,Inactive,126,0,2,2024,2024/25,,persistent_legacy,0.9995017448238045,0.00038313188770958226,4.4472320726580504e-05,7.065096775936853e-05,7,1.0,0.0,4.0,0.9994697954700855,0.0004537483481725461,5.152448492081657e-05,2.4931696820994913e-05,0.000478680044993541,7.645618174181149e-05,0.8622749190924985,0.13772508090750146
126,Hillingdon,E09000017,2,Outer London,1,Insufficiently Active,126,1,2,2024,2024/25,,persistent_legacy,0.9104344429261391,0.07127254307782696,0.014392666568246715,0.003900347427787365,7,1.0,0.0,4.0,0.909687713209538,0.06753219834180901,0.020149070651298704,0.0026310177973542363,0.07016321613916325,0.02278008844865294,0.7549033946051543,0.24509660539484568
171,Newham,E09000025,1,Inner London,0,Inactive,171,0,1,2024,2024/25,,persistent_legacy,0.9992853571154716,0.0006055464065337278,8.572324699292392e-05,2.337323100181492e-05,7,1.0,0.0,4.0,0.999054373418569,0.0008483562527853159,6.1034137075097806e-05,3.6236191570686604e-05,0.0008845924443560025,9.727032864578441e-05,0.9009328682984833,0.09906713170151671
126,Hillingdon,E09000017,2,Outer London,2,Active,126,2,2,2024,2024/25,,persistent_legacy,0.7911785415558806,0.0945375125883169,0.05229226324248851,0.061991682613314066,7,1.0,0.0,4.0,0.7837574570079575,0.09401511788118998,0.06002936059500876,0.06219806451584385,0.15621318239703383,0.1222274251108526,0.5610287371342174,0.4389712628657826
129,Hounslow,E09000018,2,Outer London,0,Inactive,129,0,2,2024,2024/25,,persistent_legacy,0.9995955024594987,0.0003309761977339489,4.579261112760052e-05,2.7728731639803696e-05,7,1.0,0.0,4.0,0.9993746498783701,0.0005152146204237699,8.326769618093319e-05,2.686780502525679e-05,0.0005420824254490267,0.00011013550120618997,0.8311369609679388,0.16886303903206124
129,Hounslow,E09000018,2,Outer London,1,Insufficiently Active,129,1,2,2024,2024/25,,persistent_legacy,0.9098395819243937,0.0715659426191451,0.01639437179062521,0.002200103665836127,7,1.0,0.0,4.0,0.9090940787458104,0.06754359984227848,0.020826388687989254,0.00253593272392173,0.07007953256620021,0.023362321411910983,0.7499801168608703,0.2500198831391297
171,Newham,E09000025,1,Inner London,2,Active,171,2,1,2024,2024/25,,persistent_legacy,0.7569436494028139,0.10183746306574895,0.052893011082661395,0.08832587644877574,7,1.0,0.0,4.0,0.7545031072025729,0.1017990500144397,0.05713554618929068,0.08656229659369676,0.18836134660813647,0.14369784278298744,0.5672523231581781,0.4327476768418219
171,Newham,E09000025,1,Inner London,1,Insufficiently Active,171,1,1,2024,2024/25,,persistent_legacy,0.9080768863137603,0.06706963660014555,0.02166868153802192,0.0031847955480723317,7,1.0,0.0,4.0,0.9062981056154303,0.06924213793511444,0.02173210848378398,0.0027276479656714297,0.07196978590078587,0.02445975644945541,0.7463458204476876,0.2536541795523124
160,Merton,E09000024,2,Outer London,1,Insufficiently Active,160,1,2,2024,2024/25,,persistent_legacy,0.9111945522842209,0.06960521950461139,0.016226320646875975,0.0029739075642917353,7,1.0,0.0,4.0,0.9094023953118945,0.06739043795959665,0.020749691989010242,0.002457474739498622,0.06984791269909527,0.023207166728508866,0.7506082755368146,0.24939172446318536
160,Merton,E09000024,2,Outer London,2,Active,160,2,2,2024,2024/25,,persistent_legacy,0.765204340457972,0.09470990114581088,0.06148400494583346,0.07860175345038367,7,1.0,0.0,4.0,0.7738464746003451,0.0905567087334977,0.06469112133304808,0.070905695333109,0.16146240406660672,0.13559681666615708,0.5435360789957072,0.4564639210042928
136,Kensington and Chelsea,E09000020,1,Inner London,0,Inactive,136,0,1,2024,2024/25,,persistent_legacy,0.9995103100633184,0.0003886105757478455,7.308975113539008e-05,2.7989609798370422e-05,7,1.0,0.0,4.0,0.9992777821041902,0.0006372827697528254,5.16628442558815e-05,3.327228180107461e-05,0.0006705550515539,8.493512605695612e-05,0.887576134575895,0.11242386542410499
135,Islington,E09000019,1,Inner London,2,Active,135,2,1,2024,2024/25,,persistent_legacy,0.7480796059956283,0.10359300916720841,0.04887049660971471,0.09945688822744866,7,1.0,0.0,4.0,0.751841823315496,0.10249122099021508,0.05634805803725715,0.08931889765703178,0.19181011864724687,0.14566695569428895,0.5683648852933041,0.4316351147066959
135,Islington,E09000019,1,Inner London,1,Insufficiently Active,135,1,1,2024,2024/25,,persistent_legacy,0.9063581207156026,0.07163398535770606,0.019305560213860432,0.0027023337128307457,7,1.0,0.0,4.0,0.9068936427497879,0.06856977193186113,0.021688787826444497,0.0028477974919065923,0.07141756942376773,0.024536585318351088,0.7442884533317574,0.2557115466682426
160,Merton,E09000024,2,Outer London,0,Inactive,160,0,2,2024,2024/25,,persistent_legacy,0.999465673405622,0.0004458900107453399,6.07425810250528e-05,2.7694002607754307e-05,7,1.0,0.0,4.0,0.999369075185016,0.0005220816509980121,8.002397831934233e-05,2.881918566663816e-05,0.0005509008366646502,0.00010884316398598049,0.8350221239167906,0.16497787608320935
135,Islington,E09000019,1,Inner London,0,Inactive,135,0,1,2024,2024/25,,persistent_legacy,0.9995030450487703,0.00041047977823414005,6.0962594892588834e-05,2.5512578102922184e-05,7,1.0,0.0,4.0,0.9991718983058707,0.0007118466705302927,8.89565718279026e-05,2.729845177094925e-05,0.0007391451223012419,0.00011625502359885184,0.8640928176642726,0.1359071823357274
129,Hounslow,E09000018,2,Outer London,2,Active,129,2,2,2024,2024/25,,persistent_legacy,0.784688154553893,0.09799212769454224,0.05982949886873491,0.05749021888282979,7,1.0,0.0,4.0,0.7814740032250133,0.0940451575338521,0.06137452904619317,0.06310631019494155,0.15715146772879365,0.12448083924113472,0.5580022740273676,0.4419977259726324
142,Lambeth,E09000022,1,Inner London,1,Insufficiently Active,142,1,1,2024,2024/25,,persistent_legacy,0.9143735768137006,0.06287352156245897,0.017862795525778116,0.004890106098062233,7,1.0,0.0,4.0,0.907281328174159,0.06953501895628307,0.020433008411790802,0.002750644457767045,0.07228566341405011,0.02318365286955785,0.7571612139686135,0.24283878603138653
142,Lambeth,E09000022,1,Inner London,2,Active,142,2,1,2024,2024/25,,persistent_legacy,0.7515560015734392,0.10409784399970791,0.052656770919232036,0.0916893835076208,7,1.0,0.0,4.0,0.7544959459413363,0.10217001459428621,0.05720656053981065,0.08612747892456687,0.18829749351885308,0.14333403946437753,0.5677912827679586,0.43220871723204135
8,Barking and Dagenham,E09000002,2,Outer London,0,Inactive,8,0,2,2024,2024/25,,persistent_legacy,0.9991977476453542,0.0005320089405064684,0.0002485068818633366,2.173653227585018e-05,7,1.0,0.0,4.0,0.9989748587496398,0.0007798655524095365,0.0002077531020574845,3.752259589324652e-05,0.0008173881483027831,0.00024527569795073105,0.769187877412537,0.23081212258746298
147,Lewisham,E09000023,1,Inner London,0,Inactive,147,0,1,2024,2024/25,,persistent_legacy,0.9995027519128358,0.0004062683562718474,6.558228846422309e-05,2.53974424281986e-05,7,1.0,0.0,4.0,0.999086821067699,0.0008155421539042194,6.3913938968969e-05,3.372283942786332e-05,0.0008492649933320827,9.763677839683231e-05,0.8968881658986014,0.10311183410139857
293,Westminster,E09000033,1,Inner London,1,Insufficiently Active,293,1,1,2024,2024/25,,persistent_legacy,0.9091348895406617,0.07070455237943185,0.015976647930431305,0.004183910149475249,7,1.0,0.0,4.0,0.907788582172535,0.06853332650208492,0.020603463775093117,0.0030746275502871226,0.07160795405237204,0.02367809132538024,0.7515051523912998,0.24849484760870022
293,Westminster,E09000033,1,Inner London,2,Active,293,2,1,2024,2024/25,,persistent_legacy,0.7532391047441704,0.10218470271011068,0.05365592395624181,0.09092026858947713,7,1.0,0.0,4.0,0.754166600721036,0.10205217088906227,0.05735936251917197,0.08642186587072972,0.188474036759792,0.1437812283899017,0.5672567345919326,0.4327432654080674
293,Westminster,E09000033,1,Inner London,0,Inactive,293,0,1,2024,2024/25,,persistent_legacy,0.9995526240114754,0.00036346804814974497,3.644168293695363e-05,4.7466257437784356e-05,7,1.0,0.0,4.0,0.9995492261005624,0.0003775715180378131,5.042876209050446e-05,2.2773619309341688e-05,0.0004003451373471548,7.320238139984615e-05,0.8454170310224866,0.15458296897751345
8,Barking and Dagenham,E09000002,2,Outer London,1,Insufficiently Active,8,1,2,2024,2024/25,,persistent_legacy,0.9105435267434261,0.06914487399427319,0.014420682573889142,0.005890916688411388,7,1.0,0.0,4.0,0.9098834445903441,0.06753899456860595,0.019874301997033404,0.0027032588440166383,0.07024225341262258,0.022577560841050042,0.756759254232652,0.243240745767348
139,Kingston upon Thames,E09000021,2,Outer London,0,Inactive,139,0,2,2024,2024/25,,persistent_legacy,0.999467553749939,0.00045258012263106167,5.26300336418977e-05,2.723609378791079e-05,7,1.0,0.0,4.0,0.9993331064940038,0.0005503650534523449,8.849655615676989e-05,2.803189638711991e-05,0.0005783969498394648,0.0001165284525438898,0.8323151634056873,0.16768483659431266
139,Kingston upon Thames,E09000021,2,Outer London,1,Insufficiently Active,139,1,2,2024,2024/25,,persistent_legacy,0.905737375036613,0.07232962582466639,0.01952286430252506,0.0024101348361954514,7,1.0,0.0,4.0,0.909230393172791,0.06764977489885182,0.020672090606524023,0.0024477413218331385,0.07009751622068496,0.023119831928357162,0.7519793001256414,0.2480206998743586
142,Lambeth,E09000022,1,Inner London,0,Inactive,142,0,1,2024,2024/25,,persistent_legacy,0.9994912101641436,0.0004207499179182951,6.196216290027241e-05,2.60777550378677e-05,7,1.0,0.0,4.0,0.9992109975551581,0.0006762131456687596,8.582484038728987e-05,2.6964458785837718e-05,0.0007031776044545973,0.00011278929917312759,0.861772213221302,0.13822778677869796
139,Kingston upon Thames,E09000021,2,Outer London,2,Active,139,2,2,2024,2024/25,,persistent_legacy,0.7735019939347351,0.09087013131044043,0.06509192494676605,0.07053594980805858,7,1.0,0.0,4.0,0.7738783023150281,0.09231274027886754,0.06399207788380948,0.0698168795222951,0.16212961980116264,0.13380895740610457,0.5478488858436712,0.4521511141563288
147,Lewisham,E09000023,1,Inner London,2,Active,147,2,1,2024,2024/25,,persistent_legacy,0.74859979475025,0.10362843786196585,0.04732702159956228,0.1004447457882218,7,1.0,0.0,4.0,0.7519301332985472,0.10255063855262776,0.05627877213683158,0.08924045601199346,0.19179109456462123,0.14551922814882504,0.5685894609503329,0.4314105390496671
136,Kensington and Chelsea,E09000020,1,Inner London,2,Active,136,2,1,2024,2024/25,,persistent_legacy,0.75013447823954,0.1034576002051391,0.054584744595776905,0.09182317695954388,7,1.0,0.0,4.0,0.7541500131298549,0.10191615201773664,0.056489882781488907,0.08744395207091965,0.18936010408865628,0.14393383485240857,0.5681474577374181,0.43185254226258185
147,Lewisham,E09000023,1,Inner London,1,Insufficiently Active,147,1,1,2024,2024/25,,persistent_legacy,0.9067632356444807,0.07165941868246205,0.016948960348349366,0.004628385324707921,7,1.0,0.0,4.0,0.9077186554911172,0.06853416190654589,0.020708517809965965,0.003038664792370905,0.07157282669891679,0.02374718260233687,0.7508688597869813,0.24913114021301874
136,Kensington and Chelsea,E09000020,1,Inner London,1,Insufficiently Active,136,1,1,2024,2024/25,,persistent_legacy,0.9059751423949827,0.07338271347620456,0.016480844124977093,0.004161300003835576,7,1.0,0.0,4.0,0.9080598431705666,0.06861980233530622,0.02022756614374337,0.0030927883503834934,0.07171259068568972,0.023320354494126862,0.7546076842088684,0.24539231579113163
78,Ealing,E09000009,2,Outer London,2,Active,78,2,2,2024,2024/25,,persistent_legacy,0.7726823349820217,0.09394357820539756,0.06477155985639645,0.0686025269561846,7,1.0,0.0,4.0,0.773951433885264,0.0918105188475307,0.06380294806378678,0.07043509920341869,0.1622456180509494,0.13423804726720545,0.5472329070029696,0.45276709299703044
241,Southwark,E09000028,1,Inner London,2,Active,241,2,1,2024,2024/25,,persistent_legacy,0.7513081175048145,0.10244029034017815,0.05536843379943269,0.09088315835557467,7,1.0,0.0,4.0,0.7542198990047325,0.10213711728852365,0.05713869180761371,0.08650429189913014,0.1886414091876538,0.14364298370674386,0.5677107117324206,0.4322892882675794
91,Enfield,E09000010,2,Outer London,0,Inactive,91,0,2,2024,2024/25,,persistent_legacy,0.9993257501733784,0.0005300141280616985,0.00011689035191803337,2.7345346641890288e-05,7,1.0,0.0,4.0,0.9993351569642952,0.0005740225966829115,4.713408392946627e-05,4.368635509239732e-05,0.0006177089517753089,9.08204390218636e-05,0.8718183886208578,0.1281816113791422
255,Sutton,E09000029,2,Outer London,0,Inactive,255,0,2,2024,2024/25,,persistent_legacy,0.9996536341936395,0.0002876878289515334,2.4894147152550926e-05,3.37838302563666e-05,7,1.0,0.0,4.0,0.9995890182671188,0.00033764553786006847,4.9834567579765506e-05,2.3501627441345063e-05,0.00036114716530141354,7.333619502111057e-05,0.8312105785439702,0.16878942145602982
107,Greenwich,E09000011,2,Outer London,0,Inactive,107,0,2,2024,2024/25,,persistent_legacy,0.9990531481673587,0.0007160918269926845,0.0001916613338576568,3.909867179111472e-05,7,1.0,0.0,4.0,0.9996093856583662,0.0003169512863530376,2.394006822089744e-05,4.972298706007136e-05,0.00036667427341310893,7.366305528096881e-05,0.8327122174732866,0.1672877825267134
107,Greenwich,E09000011,2,Outer London,1,Insufficiently Active,107,1,2,2024,2024/25,,persistent_legacy,0.9099734201822199,0.0704942776819283,0.015364272155621127,0.004168029980230621,7,1.0,0.0,4.0,0.9098282114394572,0.06745857449467493,0.020117343039200836,0.002595871026666915,0.07005444552134185,0.02271321406586775,0.7551602124389549,0.24483978756104507
91,Enfield,E09000010,2,Outer London,2,Active,91,2,2,2024,2024/25,,persistent_legacy,0.7751510874087001,0.09112846551194848,0.06414204953764246,0.06957839754170916,7,1.0,0.0,4.0,0.7744398340957374,0.09223891480946693,0.06388131897215314,0.06943993212264243,0.16167884693210938,0.1333212510947956,0.5480637057868494,0.4519362942131506
91,Enfield,E09000010,2,Outer London,1,Insufficiently Active,91,1,2,2024,2024/25,,persistent_legacy,0.9087199034787643,0.0687340260834742,0.01959195459764901,0.002954115840112496,7,1.0,0.0,4.0,0.9093027476033905,0.06747384187949405,0.020755627132158123,0.002467783384957303,0.06994162526445136,0.023223410517115427,0.7507282606366978,0.24927173936330216
241,Southwark,E09000028,1,Inner London,0,Inactive,241,0,1,2024,2024/25,,persistent_legacy,0.9996079715601601,0.00032231206680524867,3.4177635965976565e-05,3.5538737068641694e-05,7,1.0,0.0,4.0,0.9995225365756738,0.0004002546417754436,5.4915483706137155e-05,2.229329884454636e-05,0.00042254794061999,7.720878255068351e-05,0.8455072658936182,0.15449273410638176
241,Southwark,E09000028,1,Inner London,1,Insufficiently Active,241,1,1,2024,2024/25,,persistent_legacy,0.9048409112117489,0.07372381861107448,0.017159292752080644,0.004275977425095875,7,1.0,0.0,4.0,0.9080161094809203,0.06850255062224801,0.020380801954648343,0.0031005379421833743,0.07160308856443139,0.023481339896831717,0.753047472895124,0.24695252710487603
112,Hammersmith and Fulham,E09000013,1,Inner London,0,Inactive,112,0,1,2024,2024/25,,persistent_legacy,0.9995924291297851,0.00034985698493849617,2.9951919524776385e-05,2.7761965751739942e-05,7,1.0,0.0,4.0,0.9993207685152125,0.0005798766557001158,7.811072894221736e-05,2.1244100145168615e-05,0.0006011207558452845,9.935482908738597e-05,0.8581608963616685,0.14183910363833152
109,Hackney,E09000012,1,Inner London,2,Active,109,2,1,2024,2024/25,,persistent_legacy,0.7511216229598587,0.10411259827805117,0.048984880504916437,0.09578089825717356,7,1.0,0.0,4.0,0.7524881523806902,0.1024729006644613,0.05642207467438633,0.08861687228046224,0.19108977294492352,0.14503894695484856,0.5685017721838921,0.4314982278161079
109,Hackney,E09000012,1,Inner London,1,Insufficiently Active,109,1,1,2024,2024/25,,persistent_legacy,0.9069516438538204,0.07214220004982433,0.014818098569651623,0.0060880575267035,7,1.0,0.0,4.0,0.9084350243122086,0.06848211932264651,0.019792031725288435,0.003290824639856487,0.071772943962503,0.023082856365144924,0.756653190575454,0.243346809424546
201,Richmond upon Thames,E09000027,2,Outer London,2,Active,201,2,2,2024,2024/25,,persistent_legacy,0.7804901598982035,0.09413125336713785,0.059734475774571215,0.06564411096008764,7,1.0,0.0,4.0,0.77623728448761,0.09278107551325959,0.06308486489576134,0.06789677510336913,0.1606778506166287,0.13098163999913048,0.5509090421758654,0.44909095782413455
109,Hackney,E09000012,1,Inner London,0,Inactive,109,0,1,2024,2024/25,,persistent_legacy,0.99951580057582,0.0003841126739312708,7.243010992582136e-05,2.7656640322791342e-05,7,1.0,0.0,4.0,0.9992317294196073,0.000680860245065498,5.407331002414459e-05,3.333702530304566e-05,0.0007141972703685436,8.741033532719026e-05,0.8909562051231726,0.10904379487682736
107,Greenwich,E09000011,2,Outer London,2,Active,107,2,2,2024,2024/25,,persistent_legacy,0.7742588109657828,0.09284143025393508,0.059469631693455746,0.07343012708682639,7,1.0,0.0,4.0,0.775154067762832,0.09174710478010953,0.06362662868479212,0.06947219877226635,0.16121930355237588,0.13309882745705848,0.5477722456290266,0.4522277543709734
117,Harrow,E09000015,2,Outer London,0,Inactive,117,0,2,2024,2024/25,,persistent_legacy,0.9995458755114492,0.00036708827579907304,5.8617143491478334e-05,2.8419069260171915e-05,7,1.0,0.0,4.0,0.9994497324138878,0.000449590734925274,7.119520730128397e-05,2.9481643885450242e-05,0.00047907237881072425,0.00010067685118673421,0.8263441398841088,0.17365586011589118
196,Redbridge,E09000026,2,Outer London,0,Inactive,196,0,2,2024,2024/25,,persistent_legacy,0.9994272751113275,0.0004699988436426596,7.351893477655649e-05,2.9207110253431012e-05,7,1.0,0.0,4.0,0.999488331769446,0.00043103026612777655,4.0655606921159085e-05,3.9982357505138006e-05,0.00047101262363291455,8.063796442629709e-05,0.8538242029071457,0.14617579709285433
117,Harrow,E09000015,2,Outer London,1,Insufficiently Active,117,1,2,2024,2024/25,,persistent_legacy,0.90669262265108,0.07001616533221644,0.018268322055736426,0.0050228899609672095,7,1.0,0.0,4.0,0.9095520987796126,0.06744614461567963,0.020410441884584254,0.0025913147201236148,0.07003745933580324,0.02300175660470787,0.7527735334806013,0.24722646651939872
196,Redbridge,E09000026,2,Outer London,1,Insufficiently Active,196,1,2,2024,2024/25,,persistent_legacy,0.9060729494651591,0.07244829589989175,0.017075765936676247,0.004402988698272874,7,1.0,0.0,4.0,0.9101762011523079,0.06754009191573093,0.01965778947798636,0.0026259174539748262,0.07016600936970575,0.022283706931961186,0.7589640312226745,0.24103596877732547
122,Havering,E09000016,2,Outer London,1,Insufficiently Active,122,1,2,2024,2024/25,,persistent_legacy,0.9120675639065353,0.06630148661886719,0.017202933761543568,0.004428015713053996,7,1.0,0.0,4.0,0.909456586222872,0.06804479875306914,0.020093327167051672,0.002405287857007177,0.07045008661007632,0.022498615024058848,0.757945892427654,0.24205410757234602
122,Havering,E09000016,2,Outer London,2,Active,122,2,2,2024,2024/25,,persistent_legacy,0.7867276993545846,0.0949664880650336,0.05426111079123546,0.06404470178914616,7,1.0,0.0,4.0,0.7815768456134115,0.0937485762777954,0.06115021519579862,0.06352436291299471,0.1572729391907901,0.12467457810879333,0.5578092713747136,0.4421907286252864
122,Havering,E09000016,2,Outer London,0,Inactive,122,0,2,2024,2024/25,,persistent_legacy,0.9992942185768076,0.0005742630624359444,6.595646532372457e-05,6.556189543282419e-05,7,1.0,0.0,4.0,0.9995153579915569,0.000426549646519024,2.7702304980210343e-05,3.0390056943637416e-05,0.0004569397034626614,5.8092361923847756e-05,0.8872063200953285,0.11279367990467148
117,Harrow,E09000015,2,Outer London,2,Active,117,2,2,2024,2024/25,,persistent_legacy,0.7777578577206355,0.09646593574861358,0.06265443747845394,0.0631217690522969,7,1.0,0.0,4.0,0.7785196226563237,0.09344031049297948,0.062397424463895935,0.06564264238680098,0.15908295287978047,0.1280400668506969,0.5540585113276942,0.44594148867230576
201,Richmond upon Thames,E09000027,2,Outer London,0,Inactive,201,0,2,2024,2024/25,,persistent_legacy,0.9996566883979322,0.00028543139274114435,2.440579617782698e-05,3.347441314874591e-05,7,1.0,0.0,4.0,0.999585425375428,0.00034075371276638065,5.012140327281604e-05,2.3699508532845897e-05,0.00036445322129922654,7.382091180566193e-05,0.8315645249636601,0.16843547503633993
201,Richmond upon Thames,E09000027,2,Outer London,1,Insufficiently Active,201,1,2,2024,2024/25,,persistent_legacy,0.9166524740667994,0.06229351014446093,0.016532069946468206,0.004521945842271564,7,1.0,0.0,4.0,0.9092889675308607,0.06840415679641079,0.01997735849243074,0.0023295171802978107,0.0707336739767086,0.02230687567272855,0.7602456589435734,0.23975434105642657
114,Haringey,E09000014,1,Inner London,2,Active,114,2,1,2024,2024/25,,persistent_legacy,0.7494113392332454,0.10452308007947421,0.04627075602416484,0.09979482466311564,7,1.0,0.0,4.0,0.7524417229226527,0.10254597730431313,0.05620914950154798,0.08880315027148629,0.19134912757579942,0.14501229977303426,0.5688795207107832,0.4311204792892168
114,Haringey,E09000014,1,Inner London,1,Insufficiently Active,114,1,1,2024,2024/25,,persistent_legacy,0.902325615507394,0.07437017471565469,0.018142430239553482,0.005161779537397969,7,1.0,0.0,4.0,0.9076663575860247,0.06884083327473758,0.020305559738882668,0.003187249400355011,0.0720280826750926,0.02349280913923768,0.7540558018982689,0.24594419810173107
114,Haringey,E09000014,1,Inner London,0,Inactive,114,0,1,2024,2024/25,,persistent_legacy,0.9995102460570278,0.00039857530711876735,6.567031605426971e-05,2.5508319799082642e-05,7,1.0,0.0,4.0,0.9990968062586748,0.0008061474961729091,6.344218628209009e-05,3.36040588703497e-05,0.0008397515550432588,9.704624515243979e-05,0.896406412213856,0.10359358778614403
196,Redbridge,E09000026,2,Outer London,2,Active,196,2,2,2024,2024/25,,persistent_legacy,0.7740382262730484,0.09214012513916933,0.062480803458990576,0.07134084512879157,7,1.0,0.0,4.0,0.7745239188640477,0.09181343756408844,0.06381284869885089,0.06984979487301288,0.16166323243710132,0.13366264357186375,0.547406257188902,0.452593742811098
112,Hammersmith and Fulham,E09000013,1,Inner London,2,Active,112,2,1,2024,2024/25,,persistent_legacy,0.7512033999631894,0.10234387529767783,0.05416423703089537,0.09228848770823755,7,1.0,0.0,4.0,0.753820155168333,0.10225427132303219,0.057198381539186244,0.08672719196944861,0.1889814632924808,0.14392557350863486,0.5676703776177058,0.4323296223822942
112,Hammersmith and Fulham,E09000013,1,Inner London,1,Insufficiently Active,112,1,1,2024,2024/25,,persistent_legacy,0.9057825739400293,0.06950088389704132,0.022253249265262138,0.002463292897667259,7,1.0,0.0,4.0,0.9067336434465808,0.06869082199703672,0.021782386172756536,0.0027931483836257857,0.0714839703806625,0.02457553455638232,0.7441634269040991,0.2558365730959009
35,Bromley,E09000006,2,Outer London,1,Insufficiently Active,35,1,2,2024,2024/25,,persistent_legacy,0.9130088805530757,0.06592387808757282,0.016458194492000873,0.004609046867350682,7,1.0,0.0,4.0,0.9093944625240389,0.06819904337551169,0.02001358600569376,0.002392908094755666,0.07059195147026735,0.022406494100449426,0.7590659288663986,0.24093407113360144
35,Bromley,E09000006,2,Outer London,2,Active,35,2,2,2024,2024/25,,persistent_legacy,0.7717567383448256,0.09403391213686689,0.060283901469050716,0.07392544804925695,7,1.0,0.0,4.0,0.7744476277581194,0.09114841590500415,0.06378726569915442,0.07061669063772205,0.1617651065427262,0.13440395633687646,0.5461917763115124,0.4538082236884876
272,Tower Hamlets,E09000030,1,Inner London,1,Insufficiently Active,272,1,1,2024,2024/25,,persistent_legacy,0.9033398601047475,0.07467466998099155,0.017204469699105312,0.004781000215155573,7,1.0,0.0,4.0,0.9079839791162453,0.06861049640752806,0.020250614028240164,0.0031549104479865002,0.07176540685551457,0.023405524476226663,0.754068556977329,0.245931443022671
44,Camden,E09000007,1,Inner London,0,Inactive,44,0,1,2024,2024/25,,persistent_legacy,0.9995900360470286,0.0003526999386928321,2.8065187038838807e-05,2.9198827239732136e-05,7,1.0,0.0,4.0,0.9994193393041234,0.0004951743218067743,6.411806946377364e-05,2.1368304606048653e-05,0.0005165426264128229,8.548637406982229e-05,0.858002896868277,0.14199710313172298
44,Camden,E09000007,1,Inner London,1,Insufficiently Active,44,1,1,2024,2024/25,,persistent_legacy,0.9073681345453537,0.06891232146958715,0.020085022904859313,0.00363452108019995,7,1.0,0.0,4.0,0.9070313029737852,0.06849030307097254,0.021619615316859447,0.0028587786383829374,0.07134908170935547,0.024478393955242383,0.7445576669376297,0.2554423330623703
44,Camden,E09000007,1,Inner London,2,Active,44,2,1,2024,2024/25,,persistent_legacy,0.7494042632413154,0.10347288856263819,0.04881394671854359,0.09830890147750276,7,1.0,0.0,4.0,0.7520399423775149,0.10240373341822293,0.056394621669071915,0.08916170253519046,0.19156543595341338,0.14555632420426237,0.5682381222256789,0.43176187777432107
279,Waltham Forest,E09000031,2,Outer London,0,Inactive,279,0,2,2024,2024/25,,persistent_legacy,0.9994352020511421,0.0004767979992846218,6.166907373981265e-05,2.6330875833506723e-05,7,1.0,0.0,4.0,0.9993166205061148,0.0005708402078039634,8.346468195691504e-05,2.907460412443738e-05,0.0005999148119284007,0.00011253928608135242,0.84203994840407,0.15796005159592996
272,Tower Hamlets,E09000030,1,Inner London,2,Active,272,2,1,2024,2024/25,,persistent_legacy,0.7498771759186933,0.10418189373189975,0.04845248192355797,0.09748844842584897,7,1.0,0.0,4.0,0.7524881523806902,0.1024729006644613,0.05642207467438633,0.08861687228046224,0.19108977294492352,0.14503894695484856,0.5685017721838921,0.4314982278161079
255,Sutton,E09000029,2,Outer London,2,Active,255,2,2,2024,2024/25,,persistent_legacy,0.7785004035711038,0.09111822535263976,0.06179808877254074,0.06858328230371565,7,1.0,0.0,4.0,0.7753591695425944,0.09310037340719012,0.06308906999913942,0.06845138705107602,0.16155176045826614,0.13154045705021544,0.5511977146018594,0.4488022853981406
272,Tower Hamlets,E09000030,1,Inner London,0,Inactive,272,0,1,2024,2024/25,,persistent_legacy,0.9994912101641436,0.0004207499179182951,6.196216290027241e-05,2.60777550378677e-05,7,1.0,0.0,4.0,0.9992109975551581,0.0006762131456687596,8.582484038728987e-05,2.6964458785837718e-05,0.0007031776044545973,0.00011278929917312759,0.861772213221302,0.13822778677869796
78,Ealing,E09000009,2,Outer London,1,Insufficiently Active,78,1,2,2024,2024/25,,persistent_legacy,0.9089420231543519,0.06737282685527779,0.02121087590495438,0.0024742740854159333,7,1.0,0.0,4.0,0.908477627772591,0.06818282079394906,0.02099575385561283,0.002343797577846989,0.07052661837179605,0.023339551433459817,0.7513528944253038,0.24864710557469616
78,Ealing,E09000009,2,Outer London,0,Inactive,78,0,2,2024,2024/25,,persistent_legacy,0.9994193787536467,0.00047996614609924345,4.004552710212551e-05,6.060957315193436e-05,7,1.0,0.0,4.0,0.9994806936297235,0.00044304279232079864,5.187269702002407e-05,2.4390880935508916e-05,0.00046743367325630754,7.626357795553299e-05,0.8597315366492106,0.14026846335078935
68,Croydon,E09000008,2,Outer London,2,Active,68,2,2,2024,2024/25,,persistent_legacy,0.7804951357842249,0.09195543485740945,0.061106346297065316,0.06644308306130044,7,1.0,0.0,4.0,0.7757366414197165,0.09308848542674274,0.06301578070298924,0.06815909245055146,0.1612475778772942,0.1311748731535407,0.5514199655630793,0.44858003443692074
255,Sutton,E09000029,2,Outer London,1,Insufficiently Active,255,1,2,2024,2024/25,,persistent_legacy,0.9076179579078599,0.0732159389026238,0.016378273580573227,0.0027878296089429385,7,1.0,0.0,4.0,0.909785089043744,0.06741407419571183,0.020199618654740743,0.002601218105803286,0.07001529230151511,0.02280083676054403,0.7543440241372399,0.2456559758627601
68,Croydon,E09000008,2,Outer London,1,Insufficiently Active,68,1,2,2024,2024/25,,persistent_legacy,0.911135616183235,0.06738542137519528,0.017051686559962635,0.004427275881607003,7,1.0,0.0,4.0,0.9094946722454816,0.06794090723705677,0.020163660507602342,0.002400760009859459,0.07034166724691623,0.0225644205174618,0.7571265666175923,0.24287343338240774
68,Croydon,E09000008,2,Outer London,0,Inactive,68,0,2,2024,2024/25,,persistent_legacy,0.9994409233643625,0.00045912096146906613,7.087932994947696e-05,2.907634421885545e-05,7,1.0,0.0,4.0,0.999488331769446,0.00043103026612777655,4.0655606921159085e-05,3.9982357505138006e-05,0.00047101262363291455,8.063796442629709e-05,0.8538242029071457,0.14617579709285433
17,Bexley,E09000004,2,Outer London,1,Insufficiently Active,17,1,2,2024,2024/25,,persistent_legacy,0.910023625685281,0.07131959338879924,0.013673618711505376,0.004983162214414524,7,1.0,0.0,4.0,0.9097916045036369,0.06747561088239569,0.019927722085252866,0.002805062528714716,0.07028067341111041,0.02273278461396758,0.7555968233345497,0.2444031766654503
279,Waltham Forest,E09000031,2,Outer London,1,Insufficiently Active,279,1,2,2024,2024/25,,persistent_legacy,0.9083812782371306,0.07073811720436876,0.017822905342418947,0.003057699216081682,7,1.0,0.0,4.0,0.9090309947400986,0.06747946533014003,0.020924888156935696,0.002564651772825533,0.07004411710296556,0.02348953992976123,0.7488653745085322,0.2511346254914678
17,Bexley,E09000004,2,Outer London,2,Active,17,2,2,2024,2024/25,,persistent_legacy,0.7829236960999856,0.10031690052725904,0.05934322165587368,0.05741618171688162,7,1.0,0.0,4.0,0.7818467812590021,0.09406099863875252,0.06139828242871983,0.06269393767352564,0.15675493631227816,0.12409222010224547,0.558150341678773,0.441849658321227
279,Waltham Forest,E09000031,2,Outer London,2,Active,279,2,2,2024,2024/25,,persistent_legacy,0.7760754611622614,0.09091984351446591,0.06379204380289012,0.06921265152038239,7,1.0,0.0,4.0,0.7745864202257912,0.09312784814693319,0.06351538339405226,0.06877034823322342,0.16189819638015662,0.1322857316272757,0.550329847985667,0.449670152014333
30,Brent,E09000005,2,Outer London,2,Active,30,2,2,2024,2024/25,,persistent_legacy,0.7808117439676259,0.09111782686575635,0.06168516634534269,0.066385262821275,7,1.0,0.0,4.0,0.7756658580130597,0.09313941883094974,0.06307115317485237,0.0681235699811383,0.16126298881208806,0.13119472315599068,0.551406176731936,0.44859382326806396
35,Bromley,E09000006,2,Outer London,0,Inactive,35,0,2,2024,2024/25,,persistent_legacy,0.9995739364824963,0.00033410416768684347,6.176688398576922e-05,3.0192465830957987e-05,7,1.0,0.0,4.0,0.9994554942442455,0.00044749386827246123,6.738453605420713e-05,2.962735142778969e-05,0.00047712121970025094,9.701188748199682e-05,0.8310289264485801,0.16897107355141994
30,Brent,E09000005,2,Outer London,1,Insufficiently Active,30,1,2,2024,2024/25,,persistent_legacy,0.9129795621211912,0.06432654971613448,0.017302986928547124,0.0053909012341272775,7,1.0,0.0,4.0,0.9094983437251124,0.06845382283758333,0.019661463293931758,0.0023863701433723553,0.07084019298095569,0.022047833437304112,0.7626407375905881,0.23735926240941185
30,Brent,E09000005,2,Outer London,0,Inactive,30,0,2,2024,2024/25,,persistent_legacy,0.9993876444456631,0.0005039573825813332,8.304801640035423e-05,2.535015535515973e-05,7,1.0,0.0,4.0,0.9992652139717143,0.0006384541514018044,5.4504243876198524e-05,4.182763300754241e-05,0.0006802817844093467,9.633187688374094e-05,0.8759590750395181,0.12404092496048191
280,Wandsworth,E09000032,1,Inner London,1,Insufficiently Active,280,1,1,2024,2024/25,,persistent_legacy,0.9022763689246195,0.0736275266439928,0.021729009963222988,0.002367094468164739,7,1.0,0.0,4.0,0.9069231158711114,0.0688838611001907,0.021238694273086164,0.0029543287556116895,0.07183818985580238,0.024193023028697854,0.7480712541057295,0.2519287458942705
280,Wandsworth,E09000032,1,Inner London,2,Active,280,2,1,2024,2024/25,,persistent_legacy,0.7494000770594147,0.10321508199841767,0.04896777097143098,0.0984170699707367,7,1.0,0.0,4.0,0.7520399423775149,0.10240373341822293,0.056394621669071915,0.08916170253519046,0.19156543595341338,0.14555632420426237,0.5682381222256789,0.43176187777432107
17,Bexley,E09000004,2,Outer London,0,Inactive,17,0,2,2024,2024/25,,persistent_legacy,0.9995418290362833,0.00037032324349688713,5.905479468174934e-05,2.8792925537942536e-05,7,1.0,0.0,4.0,0.9994463684234008,0.0004527140443862266,7.142816725154357e-05,2.9489364961208863e-05,0.00048220340934743546,0.00010091753221275243,0.8269355033919048,0.1730644966080952
9,Barnet,E09000003,2,Outer London,2,Active,9,2,2,2024,2024/25,,persistent_legacy,0.7776286939658485,0.092832122494889,0.06140471666166704,0.06813446687759545,7,1.0,0.0,4.0,0.7753212023328128,0.09307419074147903,0.063132294911326,0.06847231201438236,0.1615465027558614,0.13160460692570836,0.551069047397905,0.44893095260209503
9,Barnet,E09000003,2,Outer London,1,Insufficiently Active,9,1,2,2024,2024/25,,persistent_legacy,0.9086399518533198,0.07188749338977483,0.015979089605113395,0.003493465151791889,7,1.0,0.0,4.0,0.9093569119857461,0.0673765561833529,0.020677623885587994,0.002588907945312923,0.06996546412866583,0.023266531830900918,0.7504447739058248,0.24955522609417524
280,Wandsworth,E09000032,1,Inner London,0,Inactive,280,0,1,2024,2024/25,,persistent_legacy,0.9994348263597196,0.0005094217816270604,2.6896852326456007e-05,2.8855006326964398e-05,7,1.0,0.0,4.0,0.9994220641527573,0.0004928883081613324,6.374865382219349e-05,2.1298885259213013e-05,0.0005141871934205455,8.504753908140651e-05,0.8580730814345288,0.14192691856547124
9,Barnet,E09000003,2,Outer London,0,Inactive,9,0,2,2024,2024/25,,persistent_legacy,0.9996549619721323,0.0002863465450350529,2.4830425116019536e-05,3.386105771675376e-05,7,1.0,0.0,4.0,0.9995890182671188,0.00033764553786006847,4.9834567579765506e-05,2.3501627441345063e-05,0.00036114716530141354,7.333619502111057e-05,0.8312105785439702,0.16878942145602982
8,Barking and Dagenham,E09000002,2,Outer London,2,Active,8,2,2,2024,2024/25,,persistent_legacy,0.7790824773131246,0.0932192817178697,0.06262009426604577,0.06507814670295987,7,1.0,0.0,4.0,0.77647100928643,0.09312443232003287,0.06305095092675299,0.06735360746678408,0.16047803978681696,0.13040455839353707,0.551693503807735,0.44830649619226504
126,Hillingdon,E09000017,2,Outer London,0,Inactive,126,0,2,2025,2025/26,,persistent_legacy,0.9994697954700855,0.0004537483481725461,5.152448492081657e-05,2.4931696820994913e-05,8,1.0,0.0,5.0,0.9993011189629845,0.0005780926367838325,9.239199211301292e-05,2.8396408118755723e-05,0.0006064890449025881,0.00012078840023176865,0.8339170270714854,0.1660829729285146
126,Hillingdon,E09000017,2,Outer London,1,Insufficiently Active,126,1,2,2025,2025/26,,persistent_legacy,0.909687713209538,0.06753219834180901,0.020149070651298704,0.0026310177973542363,8,1.0,0.0,5.0,0.9086929069576799,0.06815926261014492,0.020808111699873302,0.00233971873230185,0.07049898134244677,0.02314783043217515,0.7528177415384454,0.24718225846155462
171,Newham,E09000025,1,Inner London,0,Inactive,171,0,1,2025,2025/26,,persistent_legacy,0.999054373418569,0.0008483562527853159,6.1034137075097806e-05,3.6236191570686604e-05,8,1.0,0.0,5.0,0.9995287907240906,0.00039215253881412455,5.349200788220955e-05,2.5564729212878684e-05,0.0004177172680270032,7.905673709508824e-05,0.8408597545766135,0.15914024542338645
126,Hillingdon,E09000017,2,Outer London,2,Active,126,2,2,2025,2025/26,,persistent_legacy,0.7837574570079575,0.09401511788118998,0.06002936059500876,0.06219806451584385,8,1.0,0.0,5.0,0.7784472429821778,0.09370678074878616,0.06201540983206172,0.06583056643697428,0.15953734718576046,0.127845976269036,0.5551378043369822,0.44486219566301777
129,Hounslow,E09000018,2,Outer London,0,Inactive,129,0,2,2025,2025/26,,persistent_legacy,0.9993746498783701,0.0005152146204237699,8.326769618093319e-05,2.686780502525679e-05,8,1.0,0.0,5.0,0.9993338947245036,0.000576166759824962,4.9205250735011225e-05,4.073326493645883e-05,0.0006169000247614209,8.993851567147006e-05,0.8727594626965464,0.12724053730345364
129,Hounslow,E09000018,2,Outer London,1,Insufficiently Active,129,1,2,2025,2025/26,,persistent_legacy,0.9090940787458104,0.06754359984227848,0.020826388687989254,0.00253593272392173,8,1.0,0.0,5.0,0.9085150337731075,0.0682218900776188,0.0208995693503201,0.002363506798953683,0.07058539687657248,0.02326307614927378,0.7521208880738312,0.24787911192616885
171,Newham,E09000025,1,Inner London,2,Active,171,2,1,2025,2025/26,,persistent_legacy,0.7545031072025729,0.1017990500144397,0.05713554618929068,0.08656229659369676,8,1.0,0.0,5.0,0.7545355666517665,0.10204010316287442,0.05654544528514192,0.08687888490021702,0.18891898806309143,0.14342433018535894,0.5684452723730133,0.43155472762698666
171,Newham,E09000025,1,Inner London,1,Insufficiently Active,171,1,1,2025,2025/26,,persistent_legacy,0.9062981056154303,0.06924213793511444,0.02173210848378398,0.0027276479656714297,8,1.0,0.0,5.0,0.9067540659677534,0.06863223900354556,0.021808180226092547,0.00280551480260833,0.0714377538061539,0.024613695028700876,0.7437446771779548,0.2562553228220452
160,Merton,E09000024,2,Outer London,1,Insufficiently Active,160,1,2,2025,2025/26,,persistent_legacy,0.9094023953118945,0.06739043795959665,0.020749691989010242,0.002457474739498622,8,1.0,0.0,5.0,0.9085896480336908,0.0682413134120099,0.020833260925956575,0.002335777628342844,0.07057709104035274,0.02316903855429942,0.7528533854733014,0.24714661452669862
160,Merton,E09000024,2,Outer London,2,Active,160,2,2,2025,2025/26,,persistent_legacy,0.7738464746003451,0.0905567087334977,0.06469112133304808,0.070905695333109,8,1.0,0.0,5.0,0.7742356677192507,0.09212529631417929,0.06386372989004266,0.06977530607652732,0.1619006023907066,0.13363903596656998,0.5478134956468536,0.45218650435314645
136,Kensington and Chelsea,E09000020,1,Inner London,0,Inactive,136,0,1,2025,2025/26,,persistent_legacy,0.9992777821041902,0.0006372827697528254,5.16628442558815e-05,3.327228180107461e-05,8,1.0,0.0,5.0,0.9995017635894625,0.00041255511357427086,6.033535447408769e-05,2.5345942489223603e-05,0.0004379010560634945,8.568129696331129e-05,0.8363556440204838,0.1636443559795162
135,Islington,E09000019,1,Inner London,2,Active,135,2,1,2025,2025/26,,persistent_legacy,0.751841823315496,0.10249122099021508,0.05634805803725715,0.08931889765703178,8,1.0,0.0,5.0,0.7543373470081867,0.10224836265172527,0.057100979885695236,0.0863133104543928,0.18856167310611807,0.14341429034008804,0.5679979693369364,0.43200203066306364
135,Islington,E09000019,1,Inner London,1,Insufficiently Active,135,1,1,2025,2025/26,,persistent_legacy,0.9068936427497879,0.06856977193186113,0.021688787826444497,0.0028477974919065923,8,1.0,0.0,5.0,0.9066919177462912,0.06867507062654743,0.021836751218346696,0.002796260408814637,0.07147133103536207,0.024633011627161333,0.7436847186639449,0.2563152813360551
160,Merton,E09000024,2,Outer London,0,Inactive,160,0,2,2025,2025/26,,persistent_legacy,0.999369075185016,0.0005220816509980121,8.002397831934233e-05,2.881918566663816e-05,8,1.0,0.0,5.0,0.9994909827692061,0.0004290333990887502,4.0252065205560305e-05,3.973176649958824e-05,0.00046876516558833845,7.998383170514854e-05,0.8542433205351793,0.14575667946482074
135,Islington,E09000019,1,Inner London,0,Inactive,135,0,1,2025,2025/26,,persistent_legacy,0.9991718983058707,0.0007118466705302927,8.89565718279026e-05,2.729845177094925e-05,8,1.0,0.0,5.0,0.9991704513299925,0.000741704606088962,5.29186342544781e-05,3.492542966419467e-05,0.0007766300357531567,8.784406391867277e-05,0.8983843888995401,0.10161561110045991
129,Hounslow,E09000018,2,Outer London,2,Active,129,2,2,2025,2025/26,,persistent_legacy,0.7814740032250133,0.0940451575338521,0.06137452904619317,0.06310631019494155,8,1.0,0.0,5.0,0.7781350464077503,0.09381283583171383,0.06213902791867642,0.06591308984185938,0.15972592567357322,0.1280521177605358,0.5550316617888356,0.44496833821116444
142,Lambeth,E09000022,1,Inner London,1,Insufficiently Active,142,1,1,2025,2025/26,,persistent_legacy,0.907281328174159,0.06953501895628307,0.020433008411790802,0.002750644457767045,8,1.0,0.0,5.0,0.9070679904758211,0.06854182513728294,0.021544517776112142,0.0028456666107839605,0.0713874917480669,0.024390184386896104,0.7453458324408788,0.2546541675591212
142,Lambeth,E09000022,1,Inner London,2,Active,142,2,1,2025,2025/26,,persistent_legacy,0.7544959459413363,0.10217001459428621,0.05720656053981065,0.08612747892456687,8,1.0,0.0,5.0,0.7546661473179389,0.10226821718570114,0.056624675647523576,0.08644095984883628,0.18870917703453743,0.14306563549635987,0.568786929890778,0.43121307010922205
8,Barking and Dagenham,E09000002,2,Outer London,0,Inactive,8,0,2,2025,2025/26,,persistent_legacy,0.9989748587496398,0.0007798655524095365,0.0002077531020574845,3.752259589324652e-05,8,1.0,0.0,5.0,0.9995937008051753,0.0003297577767017798,2.5481432896154408e-05,5.105998522660402e-05,0.0003808177619283838,7.654141812275843e-05,0.8326448413822163,0.16735515861778372
147,Lewisham,E09000023,1,Inner London,0,Inactive,147,0,1,2025,2025/26,,persistent_legacy,0.999086821067699,0.0008155421539042194,6.3913938968969e-05,3.372283942786332e-05,8,1.0,0.0,5.0,0.9995423451904613,0.00039380554087934934,3.513051646831596e-05,2.8718752190983597e-05,0.00042252429307033294,6.384926865929955e-05,0.8687238088512871,0.13127619114871292
293,Westminster,E09000033,1,Inner London,1,Insufficiently Active,293,1,1,2025,2025/26,,persistent_legacy,0.907788582172535,0.06853332650208492,0.020603463775093117,0.0030746275502871226,8,1.0,0.0,5.0,0.907006324864086,0.06858463845553683,0.02157275533345488,0.0028362813469221862,0.07142091980245902,0.024409036680377066,0.7452880333432175,0.25471196665678253
293,Westminster,E09000033,1,Inner London,2,Active,293,2,1,2025,2025/26,,persistent_legacy,0.754166600721036,0.10205217088906227,0.05735936251917197,0.08642186587072972,8,1.0,0.0,5.0,0.7551367739450544,0.10243969086550132,0.05608254712943941,0.08634098806000479,0.1887806789255061,0.1424235351894442,0.5699827202681257,0.4300172797318743
293,Westminster,E09000033,1,Inner London,0,Inactive,293,0,1,2025,2025/26,,persistent_legacy,0.9995492261005624,0.0003775715180378131,5.042876209050446e-05,2.2773619309341688e-05,8,1.0,0.0,5.0,0.9991120751020309,0.0007397422368840126,0.00012185458426248944,2.632807682256442e-05,0.000766070313706577,0.00014818266108505384,0.8379194105233002,0.1620805894766998
8,Barking and Dagenham,E09000002,2,Outer London,1,Insufficiently Active,8,1,2,2025,2025/26,,persistent_legacy,0.9098834445903441,0.06753899456860595,0.019874301997033404,0.0027032588440166383,8,1.0,0.0,5.0,0.9086929069576799,0.06815926261014492,0.020808111699873302,0.00233971873230185,0.07049898134244677,0.02314783043217515,0.7528177415384454,0.24718225846155462
139,Kingston upon Thames,E09000021,2,Outer London,0,Inactive,139,0,2,2025,2025/26,,persistent_legacy,0.9993331064940038,0.0005503650534523449,8.849655615676989e-05,2.803189638711991e-05,8,1.0,0.0,5.0,0.9994307546063269,0.00048459755687238785,4.3868290069822566e-05,4.077954673089384e-05,0.0005253771036032817,8.46478368007164e-05,0.8612387278056908,0.13876127219430923
139,Kingston upon Thames,E09000021,2,Outer London,1,Insufficiently Active,139,1,2,2025,2025/26,,persistent_legacy,0.909230393172791,0.06764977489885182,0.020672090606524023,0.0024477413218331385,8,1.0,0.0,5.0,0.9085150337731075,0.0682218900776188,0.0208995693503201,0.002363506798953683,0.07058539687657248,0.02326307614927378,0.7521208880738312,0.24787911192616885
142,Lambeth,E09000022,1,Inner London,0,Inactive,142,0,1,2025,2025/26,,persistent_legacy,0.9992109975551581,0.0006762131456687596,8.582484038728987e-05,2.6964458785837718e-05,8,1.0,0.0,5.0,0.9991715541674848,0.0007403364949265785,5.3270045491518406e-05,3.483929209709541e-05,0.0007751757870236739,8.810933758861381e-05,0.8979371530023931,0.10206284699760693
139,Kingston upon Thames,E09000021,2,Outer London,2,Active,139,2,2,2025,2025/26,,persistent_legacy,0.7738783023150281,0.09231274027886754,0.06399207788380948,0.0698168795222951,8,1.0,0.0,5.0,0.7742358238910511,0.09206734924555074,0.06386032329637631,0.06983650356702177,0.16190385281257252,0.13369682686339807,0.547711368559934,0.45228863144006604
147,Lewisham,E09000023,1,Inner London,2,Active,147,2,1,2025,2025/26,,persistent_legacy,0.7519301332985472,0.10255063855262776,0.05627877213683158,0.08924045601199346,8,1.0,0.0,5.0,0.7543373470081867,0.10224836265172527,0.057100979885695236,0.0863133104543928,0.18856167310611807,0.14341429034008804,0.5679979693369364,0.43200203066306364
136,Kensington and Chelsea,E09000020,1,Inner London,2,Active,136,2,1,2025,2025/26,,persistent_legacy,0.7541500131298549,0.10191615201773664,0.056489882781488907,0.08744395207091965,8,1.0,0.0,5.0,0.75434537973386,0.10214206909323727,0.05670577017903089,0.08680678099387207,0.18894885008710932,0.14351255117290296,0.5683331940820875,0.4316668059179125
147,Lewisham,E09000023,1,Inner London,1,Insufficiently Active,147,1,1,2025,2025/26,,persistent_legacy,0.9077186554911172,0.06853416190654589,0.020708517809965965,0.003038664792370905,8,1.0,0.0,5.0,0.907006324864086,0.06858463845553683,0.02157275533345488,0.0028362813469221862,0.07142091980245902,0.024409036680377066,0.7452880333432175,0.25471196665678253
136,Kensington and Chelsea,E09000020,1,Inner London,1,Insufficiently Active,136,1,1,2025,2025/26,,persistent_legacy,0.9080598431705666,0.06861980233530622,0.02022756614374337,0.0030927883503834934,8,1.0,0.0,5.0,0.9069696167333168,0.06853308245974236,0.021647950749706497,0.0028493500572342317,0.0713824325169766,0.02449730080694073,0.7444996981355824,0.25550030186441763
78,Ealing,E09000009,2,Outer London,2,Active,78,2,2,2025,2025/26,,persistent_legacy,0.773951433885264,0.0918105188475307,0.06380294806378678,0.07043509920341869,8,1.0,0.0,5.0,0.7743645315306694,0.09208376567717737,0.06386988251464272,0.06968182027751063,0.16176558595468798,0.13355170279215334,0.5477687630180039,0.4522312369819961
241,Southwark,E09000028,1,Inner London,2,Active,241,2,1,2025,2025/26,,persistent_legacy,0.7542198990047325,0.10213711728852365,0.05713869180761371,0.08650429189913014,8,1.0,0.0,5.0,0.7546661473179389,0.10226821718570114,0.056624675647523576,0.08644095984883628,0.18870917703453743,0.14306563549635987,0.568786929890778,0.43121307010922205
91,Enfield,E09000010,2,Outer London,0,Inactive,91,0,2,2025,2025/26,,persistent_legacy,0.9993351569642952,0.0005740225966829115,4.713408392946627e-05,4.368635509239732e-05,8,1.0,0.0,5.0,0.9995853727059754,0.0003400588434853477,4.824230673578715e-05,2.6326143803532733e-05,0.00036638498728888046,7.456845053931989e-05,0.8308926881110462,0.16910731188895378
255,Sutton,E09000029,2,Outer London,0,Inactive,255,0,2,2025,2025/26,,persistent_legacy,0.9995890182671188,0.00033764553786006847,4.9834567579765506e-05,2.3501627441345063e-05,8,1.0,0.0,5.0,0.9993100391509557,0.000569137939615986,9.22113515971881e-05,2.8611557831048488e-05,0.0005977494974470345,0.00012082290942823659,0.8318570150033483,0.1681429849966517
107,Greenwich,E09000011,2,Outer London,0,Inactive,107,0,2,2025,2025/26,,persistent_legacy,0.9996093856583662,0.0003169512863530376,2.394006822089744e-05,4.972298706007136e-05,8,1.0,0.0,5.0,0.9996064651319367,0.00032595964315533526,4.4114716700049045e-05,2.3460508207825827e-05,0.00034942015136316107,6.757522490787488e-05,0.8379473040872454,0.16205269591275462
107,Greenwich,E09000011,2,Outer London,1,Insufficiently Active,107,1,2,2025,2025/26,,persistent_legacy,0.9098282114394572,0.06745857449467493,0.020117343039200836,0.002595871026666915,8,1.0,0.0,5.0,0.9086929069576799,0.06815926261014492,0.020808111699873302,0.00233971873230185,0.07049898134244677,0.02314783043217515,0.7528177415384454,0.24718225846155462
91,Enfield,E09000010,2,Outer London,2,Active,91,2,2,2025,2025/26,,persistent_legacy,0.7744398340957374,0.09223891480946693,0.06388131897215314,0.06943993212264243,8,1.0,0.0,5.0,0.7742677618379485,0.09209274249079233,0.06383667290373746,0.06980282276752164,0.16189556525831397,0.1336394956712591,0.5478049364061552,0.45219506359384476
91,Enfield,E09000010,2,Outer London,1,Insufficiently Active,91,1,2,2025,2025/26,,persistent_legacy,0.9093027476033905,0.06747384187949405,0.020755627132158123,0.002467783384957303,8,1.0,0.0,5.0,0.9085150337731075,0.0682218900776188,0.0208995693503201,0.002363506798953683,0.07058539687657248,0.02326307614927378,0.7521208880738312,0.24787911192616885
241,Southwark,E09000028,1,Inner London,0,Inactive,241,0,1,2025,2025/26,,persistent_legacy,0.9995225365756738,0.0004002546417754436,5.4915483706137155e-05,2.229329884454636e-05,8,1.0,0.0,5.0,0.9991456984452795,0.0006996312722411294,0.00012793673007211161,2.67335524071581e-05,0.0007263648246482875,0.00015467028247926972,0.824444813574408,0.17555518642559198
241,Southwark,E09000028,1,Inner London,1,Insufficiently Active,241,1,1,2025,2025/26,,persistent_legacy,0.9080161094809203,0.06850255062224801,0.020380801954648343,0.0031005379421833743,8,1.0,0.0,5.0,0.9064473332212486,0.06891333112768472,0.021839022832995214,0.0028003128180714948,0.07171364394575622,0.02463933565106671,0.7442805011929372,0.2557194988070628
112,Hammersmith and Fulham,E09000013,1,Inner London,0,Inactive,112,0,1,2025,2025/26,,persistent_legacy,0.9993207685152125,0.0005798766557001158,7.811072894221736e-05,2.1244100145168615e-05,8,1.0,0.0,5.0,0.9990053223532585,0.0007901838082264974,0.00017348447270224658,3.100936581279869e-05,0.0008211931740392961,0.00020449383851504525,0.8006274467629461,0.19937255323705394
109,Hackney,E09000012,1,Inner London,2,Active,109,2,1,2025,2025/26,,persistent_legacy,0.7524881523806902,0.1024729006644613,0.05642207467438633,0.08861687228046224,8,1.0,0.0,5.0,0.7542352543345014,0.10226557156506143,0.05709467524483061,0.08640449885560653,0.18867007042066797,0.14349917410043714,0.5679937969352862,0.4320062030647138
109,Hackney,E09000012,1,Inner London,1,Insufficiently Active,109,1,1,2025,2025/26,,persistent_legacy,0.9084350243122086,0.06848211932264651,0.019792031725288435,0.003290824639856487,8,1.0,0.0,5.0,0.9065646810872436,0.06883044878928342,0.02178846371128008,0.0028164064121929955,0.07164685520147641,0.024604870123473076,0.7443695680217045,0.2556304319782955
201,Richmond upon Thames,E09000027,2,Outer London,2,Active,201,2,2,2025,2025/26,,persistent_legacy,0.77623728448761,0.09278107551325959,0.06308486489576134,0.06789677510336913,8,1.0,0.0,5.0,0.7747627205302745,0.09304123464411032,0.0635734681758592,0.06862257664975595,0.16166381129386626,0.13219604482561514,0.5501391494186768,0.4498608505813232
109,Hackney,E09000012,1,Inner London,0,Inactive,109,0,1,2025,2025/26,,persistent_legacy,0.9992317294196073,0.000680860245065498,5.407331002414459e-05,3.333702530304566e-05,8,1.0,0.0,5.0,0.9995028430253036,0.0004112721596103673,6.0504033006893404e-05,2.5380782078863104e-05,0.00043665294168923044,8.58848150857565e-05,0.8356390251762421,0.1643609748237579
107,Greenwich,E09000011,2,Outer London,2,Active,107,2,2,2025,2025/26,,persistent_legacy,0.775154067762832,0.09174710478010953,0.06362662868479212,0.06947219877226635,8,1.0,0.0,5.0,0.7744133953131533,0.0922158264156891,0.06389218563440836,0.06947859263674915,0.16169441905243825,0.1333707782711575,0.5479955634181731,0.4520044365818269
117,Harrow,E09000015,2,Outer London,0,Inactive,117,0,2,2025,2025/26,,persistent_legacy,0.9994497324138878,0.000449590734925274,7.119520730128397e-05,2.9481643885450242e-05,8,1.0,0.0,5.0,0.9994910284951883,0.0004285087750560503,4.062683852268983e-05,3.983589123294699e-05,0.00046834466628899727,8.046272975563681e-05,0.8533862146619233,0.14661378533807667
196,Redbridge,E09000026,2,Outer London,0,Inactive,196,0,2,2025,2025/26,,persistent_legacy,0.999488331769446,0.00043103026612777655,4.0655606921159085e-05,3.9982357505138006e-05,8,1.0,0.0,5.0,0.999593831761177,0.0003310828785755724,4.9247300879919684e-05,2.5838059367652693e-05,0.0003569209379432251,7.508536024757238e-05,0.8261938296686345,0.17380617033136547
117,Harrow,E09000015,2,Outer London,1,Insufficiently Active,117,1,2,2025,2025/26,,persistent_legacy,0.9095520987796126,0.06744614461567963,0.020410441884584254,0.0025913147201236148,8,1.0,0.0,5.0,0.9086299439470691,0.06823188685286682,0.02080322274750736,0.0023349464525566593,0.07056683330542349,0.02313816920006402,0.7530743441503136,0.2469256558496864
196,Redbridge,E09000026,2,Outer London,1,Insufficiently Active,196,1,2,2025,2025/26,,persistent_legacy,0.9101762011523079,0.06754009191573093,0.01965778947798636,0.0026259174539748262,8,1.0,0.0,5.0,0.9087468241075642,0.06814976782554391,0.02075504445216398,0.0023483636147277054,0.07049813144027162,0.023103408066891686,0.7531727769806223,0.24682722301937765
122,Havering,E09000016,2,Outer London,1,Insufficiently Active,122,1,2,2025,2025/26,,persistent_legacy,0.909456586222872,0.06804479875306914,0.020093327167051672,0.002405287857007177,8,1.0,0.0,5.0,0.9087038080412837,0.06805736662993656,0.020884509143328317,0.002354316185451471,0.07041168281538802,0.02323882532877979,0.7518558543963756,0.2481441456036244
122,Havering,E09000016,2,Outer London,2,Active,122,2,2,2025,2025/26,,persistent_legacy,0.7815768456134115,0.0937485762777954,0.06115021519579862,0.06352436291299471,8,1.0,0.0,5.0,0.7781259925032353,0.09380532338223559,0.0620855654824253,0.06598311863210381,0.1597884420143394,0.1280686841145291,0.5550963568739479,0.44490364312605213
122,Havering,E09000016,2,Outer London,0,Inactive,122,0,2,2025,2025/26,,persistent_legacy,0.9995153579915569,0.000426549646519024,2.7702304980210343e-05,3.0390056943637416e-05,8,1.0,0.0,5.0,0.9995008536134123,0.0004149904147275172,6.0664747457460855e-05,2.3491224402456248e-05,0.00043848163912997345,8.41559718599171e-05,0.8389783473475564,0.16102165265244361
117,Harrow,E09000015,2,Outer London,2,Active,117,2,2,2025,2025/26,,persistent_legacy,0.7785196226563237,0.09344031049297948,0.062397424463895935,0.06564264238680098,8,1.0,0.0,5.0,0.7758076387441951,0.09301708845650042,0.06321522786279933,0.06796004493650512,0.16097713339300554,0.13117527279930447,0.5510039622505863,0.44899603774941366
201,Richmond upon Thames,E09000027,2,Outer London,0,Inactive,201,0,2,2025,2025/26,,persistent_legacy,0.999585425375428,0.00034075371276638065,5.012140327281604e-05,2.3699508532845897e-05,8,1.0,0.0,5.0,0.9993100391509557,0.000569137939615986,9.22113515971881e-05,2.8611557831048488e-05,0.0005977494974470345,0.00012082290942823659,0.8318570150033483,0.1681429849966517
201,Richmond upon Thames,E09000027,2,Outer London,1,Insufficiently Active,201,1,2,2025,2025/26,,persistent_legacy,0.9092889675308607,0.06840415679641079,0.01997735849243074,0.0023295171802978107,8,1.0,0.0,5.0,0.9087333661835285,0.06782830197302123,0.021024975580204403,0.002413356263245766,0.07024165823626699,0.02343833184345017,0.7498042877299061,0.25019571227009385
114,Haringey,E09000014,1,Inner London,2,Active,114,2,1,2025,2025/26,,persistent_legacy,0.7524417229226527,0.10254597730431313,0.05620914950154798,0.08880315027148629,8,1.0,0.0,5.0,0.7543373470081867,0.10224836265172527,0.057100979885695236,0.0863133104543928,0.18856167310611807,0.14341429034008804,0.5679979693369364,0.43200203066306364
114,Haringey,E09000014,1,Inner London,1,Insufficiently Active,114,1,1,2025,2025/26,,persistent_legacy,0.9076663575860247,0.06884083327473758,0.020305559738882668,0.003187249400355011,8,1.0,0.0,5.0,0.9069691639137752,0.06856333362389583,0.02161455259064736,0.0028529498716815846,0.07141628349557741,0.024467502462328945,0.7448212727742066,0.2551787272257934
114,Haringey,E09000014,1,Inner London,0,Inactive,114,0,1,2025,2025/26,,persistent_legacy,0.9990968062586748,0.0008061474961729091,6.344218628209009e-05,3.36040588703497e-05,8,1.0,0.0,5.0,0.9995428446769119,0.00038870675720920105,4.062974588668081e-05,2.781881999225949e-05,0.00041652557720146056,6.84485658789403e-05,0.8588614117771788,0.14113858822282122
196,Redbridge,E09000026,2,Outer London,2,Active,196,2,2,2025,2025/26,,persistent_legacy,0.7745239188640477,0.09181343756408844,0.06381284869885089,0.06984979487301288,8,1.0,0.0,5.0,0.7744104419519671,0.0921486109415251,0.06388864080772445,0.06955230629878335,0.16170091724030844,0.1334409471065078,0.5478752314524123,0.45212476854758765
112,Hammersmith and Fulham,E09000013,1,Inner London,2,Active,112,2,1,2025,2025/26,,persistent_legacy,0.753820155168333,0.10225427132303219,0.057198381539186244,0.08672719196944861,8,1.0,0.0,5.0,0.7546661473179389,0.10226821718570114,0.056624675647523576,0.08644095984883628,0.18870917703453743,0.14306563549635987,0.568786929890778,0.43121307010922205
112,Hammersmith and Fulham,E09000013,1,Inner London,1,Insufficiently Active,112,1,1,2025,2025/26,,persistent_legacy,0.9067336434465808,0.06869082199703672,0.021782386172756536,0.0027931483836257857,8,1.0,0.0,5.0,0.9067540659677534,0.06863223900354556,0.021808180226092547,0.00280551480260833,0.0714377538061539,0.024613695028700876,0.7437446771779548,0.2562553228220452
35,Bromley,E09000006,2,Outer London,1,Insufficiently Active,35,1,2,2025,2025/26,,persistent_legacy,0.9093944625240389,0.06819904337551169,0.02001358600569376,0.002392908094755666,8,1.0,0.0,5.0,0.9087498746612469,0.06797930271623703,0.020900405684367157,0.0023704169381488947,0.07034971965438593,0.023270822622516053,0.7514346525179505,0.2485653474820495
35,Bromley,E09000006,2,Outer London,2,Active,35,2,2,2025,2025/26,,persistent_legacy,0.7744476277581194,0.09114841590500415,0.06378726569915442,0.07061669063772205,8,1.0,0.0,5.0,0.7743964121399829,0.09210915599884222,0.06384622341677601,0.06964820844439906,0.1617573644432413,0.13349443186117507,0.5478624227453066,0.4521375772546934
272,Tower Hamlets,E09000030,1,Inner London,1,Insufficiently Active,272,1,1,2025,2025/26,,persistent_legacy,0.9079839791162453,0.06861049640752806,0.020250614028240164,0.0031549104479865002,8,1.0,0.0,5.0,0.9069696167333168,0.06853308245974236,0.021647950749706497,0.0028493500572342317,0.0713824325169766,0.02449730080694073,0.7444996981355824,0.25550030186441763
44,Camden,E09000007,1,Inner London,0,Inactive,44,0,1,2025,2025/26,,persistent_legacy,0.9994193393041234,0.0004951743218067743,6.411806946377364e-05,2.1368304606048653e-05,8,1.0,0.0,5.0,0.9990403175178036,0.0007548624277886832,0.0001743855447992822,3.0434509608352537e-05,0.0007852969373970358,0.00020482005440763474,0.7931355020639406,0.20686449793605943
44,Camden,E09000007,1,Inner London,1,Insufficiently Active,44,1,1,2025,2025/26,,persistent_legacy,0.9070313029737852,0.06849030307097254,0.021619615316859447,0.0028587786383829374,8,1.0,0.0,5.0,0.9062293127147528,0.06898235636451908,0.02203458724936566,0.002753743671362349,0.07173610003588142,0.024788330920728012,0.7431911208896833,0.2568088791103167
44,Camden,E09000007,1,Inner London,2,Active,44,2,1,2025,2025/26,,persistent_legacy,0.7520399423775149,0.10240373341822293,0.056394621669071915,0.08916170253519046,8,1.0,0.0,5.0,0.7542352543345014,0.10226557156506143,0.05709467524483061,0.08640449885560653,0.18867007042066797,0.14349917410043714,0.5679937969352862,0.4320062030647138
279,Waltham Forest,E09000031,2,Outer London,0,Inactive,279,0,2,2025,2025/26,,persistent_legacy,0.9993166205061148,0.0005708402078039634,8.346468195691504e-05,2.907460412443738e-05,8,1.0,0.0,5.0,0.9994936720598755,0.00042650839965994216,3.8366683734706776e-05,4.1452856729979395e-05,0.0004679612563899216,7.981954046468618e-05,0.8542856176722239,0.14571438232777612
272,Tower Hamlets,E09000030,1,Inner London,2,Active,272,2,1,2025,2025/26,,persistent_legacy,0.7524881523806902,0.1024729006644613,0.05642207467438633,0.08861687228046224,8,1.0,0.0,5.0,0.7542352543345014,0.10226557156506143,0.05709467524483061,0.08640449885560653,0.18867007042066797,0.14349917410043714,0.5679937969352862,0.4320062030647138
255,Sutton,E09000029,2,Outer London,2,Active,255,2,2,2025,2025/26,,persistent_legacy,0.7753591695425944,0.09310037340719012,0.06308906999913942,0.06845138705107602,8,1.0,0.0,5.0,0.7746012582865107,0.09202311811624435,0.06391830087428836,0.06945732272295663,0.161480440839201,0.13337562359724497,0.5476585368791249,0.4523414631208751
272,Tower Hamlets,E09000030,1,Inner London,0,Inactive,272,0,1,2025,2025/26,,persistent_legacy,0.9992109975551581,0.0006762131456687596,8.582484038728987e-05,2.6964458785837718e-05,8,1.0,0.0,5.0,0.9991715541674848,0.0007403364949265785,5.3270045491518406e-05,3.483929209709541e-05,0.0007751757870236739,8.810933758861381e-05,0.8979371530023931,0.10206284699760693
78,Ealing,E09000009,2,Outer London,1,Insufficiently Active,78,1,2,2025,2025/26,,persistent_legacy,0.908477627772591,0.06818282079394906,0.02099575385561283,0.002343797577846989,8,1.0,0.0,5.0,0.9085714985487259,0.06804172800081902,0.020992257631140307,0.002394515819314701,0.07043624382013372,0.023386773450455006,0.7507352232874075,0.2492647767125925
78,Ealing,E09000009,2,Outer London,0,Inactive,78,0,2,2025,2025/26,,persistent_legacy,0.9994806936297235,0.00044304279232079864,5.187269702002407e-05,2.4390880935508916e-05,8,1.0,0.0,5.0,0.9993026190764454,0.0005762951409425944,9.265032987016622e-05,2.8435452741640427e-05,0.0006047305936842348,0.00012108578261180664,0.8331729807065982,0.16682701929340182
68,Croydon,E09000008,2,Outer London,2,Active,68,2,2,2025,2025/26,,persistent_legacy,0.7757366414197165,0.09308848542674274,0.06301578070298924,0.06815909245055146,8,1.0,0.0,5.0,0.7746313141384682,0.09284906067946379,0.06359542970314472,0.06892419547892326,0.16177325615838706,0.13251962518206797,0.5497015606410078,0.45029843935899216
255,Sutton,E09000029,2,Outer London,1,Insufficiently Active,255,1,2,2025,2025/26,,persistent_legacy,0.909785089043744,0.06741407419571183,0.020199618654740743,0.002601218105803286,8,1.0,0.0,5.0,0.9086929069576799,0.06815926261014492,0.020808111699873302,0.00233971873230185,0.07049898134244677,0.02314783043217515,0.7528177415384454,0.24718225846155462
68,Croydon,E09000008,2,Outer London,1,Insufficiently Active,68,1,2,2025,2025/26,,persistent_legacy,0.9094946722454816,0.06794090723705677,0.020163660507602342,0.002400760009859459,8,1.0,0.0,5.0,0.9087038080412837,0.06805736662993656,0.020884509143328317,0.002354316185451471,0.07041168281538802,0.02323882532877979,0.7518558543963756,0.2481441456036244
68,Croydon,E09000008,2,Outer London,0,Inactive,68,0,2,2025,2025/26,,persistent_legacy,0.999488331769446,0.00043103026612777655,4.0655606921159085e-05,3.9982357505138006e-05,8,1.0,0.0,5.0,0.999593831761177,0.0003310828785755724,4.9247300879919684e-05,2.5838059367652693e-05,0.0003569209379432251,7.508536024757238e-05,0.8261938296686345,0.17380617033136547
17,Bexley,E09000004,2,Outer London,1,Insufficiently Active,17,1,2,2025,2025/26,,persistent_legacy,0.9097916045036369,0.06747561088239569,0.019927722085252866,0.002805062528714716,8,1.0,0.0,5.0,0.9086929069576799,0.06815926261014492,0.020808111699873302,0.00233971873230185,0.07049898134244677,0.02314783043217515,0.7528177415384454,0.24718225846155462
279,Waltham Forest,E09000031,2,Outer London,1,Insufficiently Active,279,1,2,2025,2025/26,,persistent_legacy,0.9090309947400986,0.06747946533014003,0.020924888156935696,0.002564651772825533,8,1.0,0.0,5.0,0.9085150337731075,0.0682218900776188,0.0208995693503201,0.002363506798953683,0.07058539687657248,0.02326307614927378,0.7521208880738312,0.24787911192616885
17,Bexley,E09000004,2,Outer London,2,Active,17,2,2,2025,2025/26,,persistent_legacy,0.7818467812590021,0.09406099863875252,0.06139828242871983,0.06269393767352564,8,1.0,0.0,5.0,0.7781350464077503,0.09381283583171383,0.06213902791867642,0.06591308984185938,0.15972592567357322,0.1280521177605358,0.5550316617888356,0.44496833821116444
279,Waltham Forest,E09000031,2,Outer London,2,Active,279,2,2,2025,2025/26,,persistent_legacy,0.7745864202257912,0.09312784814693319,0.06351538339405226,0.06877034823322342,8,1.0,0.0,5.0,0.7744432495293307,0.09202137886883817,0.06398187552660081,0.06955349607523029,0.16157487494406847,0.1335353716018311,0.5475068278218463,0.45249317217815366
30,Brent,E09000005,2,Outer London,2,Active,30,2,2,2025,2025/26,,persistent_legacy,0.7756658580130597,0.09313941883094974,0.06307115317485237,0.0681235699811383,8,1.0,0.0,5.0,0.7746313141384682,0.09284906067946379,0.06359542970314472,0.06892419547892326,0.16177325615838706,0.13251962518206797,0.5497015606410078,0.45029843935899216
35,Bromley,E09000006,2,Outer London,0,Inactive,35,0,2,2025,2025/26,,persistent_legacy,0.9994554942442455,0.00044749386827246123,6.738453605420713e-05,2.962735142778969e-05,8,1.0,0.0,5.0,0.9994930388902972,0.0004266628509930868,4.070566852738862e-05,3.959259018226793e-05,0.0004662554411753547,8.029825870965654e-05,0.8530825814068217,0.1469174185931783
30,Brent,E09000005,2,Outer London,1,Insufficiently Active,30,1,2,2025,2025/26,,persistent_legacy,0.9094983437251124,0.06845382283758333,0.019661463293931758,0.0023863701433723553,8,1.0,0.0,5.0,0.9088630512467886,0.06783824614013326,0.020904845046207852,0.002393857566870438,0.0702321037070037,0.02329870261307829,0.7508980887714658,0.2491019112285342
30,Brent,E09000005,2,Outer London,0,Inactive,30,0,2,2025,2025/26,,persistent_legacy,0.9992652139717143,0.0006384541514018044,5.4504243876198524e-05,4.182763300754241e-05,8,1.0,0.0,5.0,0.9995885513122166,0.00033443360524652166,5.006622774817091e-05,2.6948854788816023e-05,0.00036138246003533767,7.701508253698694e-05,0.8243259255398737,0.17567407446012628
280,Wandsworth,E09000032,1,Inner London,1,Insufficiently Active,280,1,1,2025,2025/26,,persistent_legacy,0.9069231158711114,0.0688838611001907,0.021238694273086164,0.0029543287556116895,8,1.0,0.0,5.0,0.9067540659677534,0.06863223900354556,0.021808180226092547,0.00280551480260833,0.0714377538061539,0.024613695028700876,0.7437446771779548,0.2562553228220452
280,Wandsworth,E09000032,1,Inner London,2,Active,280,2,1,2025,2025/26,,persistent_legacy,0.7520399423775149,0.10240373341822293,0.056394621669071915,0.08916170253519046,8,1.0,0.0,5.0,0.7542352543345014,0.10226557156506143,0.05709467524483061,0.08640449885560653,0.18867007042066797,0.14349917410043714,0.5679937969352862,0.4320062030647138
17,Bexley,E09000004,2,Outer London,0,Inactive,17,0,2,2025,2025/26,,persistent_legacy,0.9994463684234008,0.0004527140443862266,7.142816725154357e-05,2.9489364961208863e-05,8,1.0,0.0,5.0,0.9994910284951883,0.0004285087750560503,4.062683852268983e-05,3.983589123294699e-05,0.00046834466628899727,8.046272975563681e-05,0.8533862146619233,0.14661378533807667
9,Barnet,E09000003,2,Outer London,2,Active,9,2,2,2025,2025/26,,persistent_legacy,0.7753212023328128,0.09307419074147903,0.063132294911326,0.06847231201438236,8,1.0,0.0,5.0,0.7746012582865107,0.09202311811624435,0.06391830087428836,0.06945732272295663,0.161480440839201,0.13337562359724497,0.5476585368791249,0.4523414631208751
9,Barnet,E09000003,2,Outer London,1,Insufficiently Active,9,1,2,2025,2025/26,,persistent_legacy,0.9093569119857461,0.0673765561833529,0.020677623885587994,0.002588907945312923,8,1.0,0.0,5.0,0.9085150337731075,0.0682218900776188,0.0208995693503201,0.002363506798953683,0.07058539687657248,0.02326307614927378,0.7521208880738312,0.24787911192616885
280,Wandsworth,E09000032,1,Inner London,0,Inactive,280,0,1,2025,2025/26,,persistent_legacy,0.9994220641527573,0.0004928883081613324,6.374865382219349e-05,2.1298885259213013e-05,8,1.0,0.0,5.0,0.9990403175178036,0.0007548624277886832,0.0001743855447992822,3.0434509608352537e-05,0.0007852969373970358,0.00020482005440763474,0.7931355020639406,0.20686449793605943
9,Barnet,E09000003,2,Outer London,0,Inactive,9,0,2,2025,2025/26,,persistent_legacy,0.9995890182671188,0.00033764553786006847,4.9834567579765506e-05,2.3501627441345063e-05,8,1.0,0.0,5.0,0.9993100391509557,0.000569137939615986,9.22113515971881e-05,2.8611557831048488e-05,0.0005977494974470345,0.00012082290942823659,0.8318570150033483,0.1681429849966517
8,Barking and Dagenham,E09000002,2,Outer London,2,Active,8,2,2,2025,2025/26,,persistent_legacy,0.77647100928643,0.09312443232003287,0.06305095092675299,0.06735360746678408,8,1.0,0.0,5.0,0.7749674706587265,0.09295843739020435,0.06356454436015774,0.06850954759091128,0.16146798498111564,0.132074091951069,0.5500675973564726,0.4499324026435274
126,Hillingdon,E09000017,2,Outer London,0,Inactive,126,0,2,2026,2026/27,,persistent_legacy,0.9993011189629845,0.0005780926367838325,9.239199211301292e-05,2.8396408118755723e-05,9,1.0,0.0,6.0,0.9994931301909488,0.0004268400839805491,3.7889649981269615e-05,4.214007508949172e-05,0.0004689801590700408,8.002972507076134e-05,0.8542289904379272,0.14577100956207278
126,Hillingdon,E09000017,2,Outer London,1,Insufficiently Active,126,1,2,2026,2026/27,,persistent_legacy,0.9086929069576799,0.06815926261014492,0.020808111699873302,0.00233971873230185,9,1.0,0.0,6.0,0.9085714985487255,0.06804172800081915,0.020992257631140335,0.0023945158193147027,0.07043624382013385,0.023386773450455037,0.7507352232874075,0.2492647767125925
171,Newham,E09000025,1,Inner London,0,Inactive,171,0,1,2026,2026/27,,persistent_legacy,0.9995287907240906,0.00039215253881412455,5.349200788220955e-05,2.5564729212878684e-05,9,1.0,0.0,6.0,0.9992022389216717,0.0006781842976706092,9.318685226200974e-05,2.638992839556503e-05,0.0007045742260661742,0.00011957678065757478,0.8549091371823606,0.1450908628176394
126,Hillingdon,E09000017,2,Outer London,2,Active,126,2,2,2026,2026/27,,persistent_legacy,0.7784472429821778,0.09370678074878616,0.06201540983206172,0.06583056643697428,9,1.0,0.0,6.0,0.7757361520122654,0.09296486536323412,0.0632558351123797,0.06804314751212087,0.161008012875355,0.13129898262450057,0.5508181992019228,0.44918180079807724
129,Hounslow,E09000018,2,Outer London,0,Inactive,129,0,2,2026,2026/27,,persistent_legacy,0.9993338947245036,0.000576166759824962,4.9205250735011225e-05,4.073326493645883e-05,9,1.0,0.0,6.0,0.999587114640546,0.0003372310781387562,4.890550603047964e-05,2.6748775284908035e-05,0.00036397985342366426,7.565428131538767e-05,0.8279153611211449,0.17208463887885506
129,Hounslow,E09000018,2,Outer London,1,Insufficiently Active,129,1,2,2026,2026/27,,persistent_legacy,0.9085150337731075,0.0682218900776188,0.0208995693503201,0.002363506798953683,9,1.0,0.0,6.0,0.9086303433959338,0.06790997235333751,0.02105039249074947,0.0024092917599790524,0.07031926411331656,0.023459684250728523,0.7498406128456545,0.2501593871543455
171,Newham,E09000025,1,Inner London,2,Active,171,2,1,2026,2026/27,,persistent_legacy,0.7545355666517665,0.10204010316287442,0.05654544528514192,0.08687888490021702,9,1.0,0.0,6.0,0.7546772934348395,0.10227629740613103,0.05671714492829878,0.08632926423073067,0.1886055616368617,0.14304640915902944,0.5686851827964423,0.4313148172035577
171,Newham,E09000025,1,Inner London,1,Insufficiently Active,171,1,1,2026,2026/27,,persistent_legacy,0.9067540659677534,0.06863223900354556,0.021808180226092547,0.00280551480260833,9,1.0,0.0,6.0,0.9066919177462912,0.06867507062654747,0.021836751218346707,0.002796260408814637,0.07147133103536212,0.024633011627161343,0.7436847186639449,0.2563152813360551
160,Merton,E09000024,2,Outer London,1,Insufficiently Active,160,1,2,2026,2026/27,,persistent_legacy,0.9085896480336908,0.0682413134120099,0.020833260925956575,0.002335777628342844,9,1.0,0.0,6.0,0.9086303433959338,0.06790997235333751,0.02105039249074947,0.0024092917599790524,0.07031926411331656,0.023459684250728523,0.7498406128456545,0.2501593871543455
160,Merton,E09000024,2,Outer London,2,Active,160,2,2,2026,2026/27,,persistent_legacy,0.7742356677192507,0.09212529631417929,0.06386372989004266,0.06977530607652732,9,1.0,0.0,6.0,0.7743521515084014,0.09207427169177891,0.0638287487531092,0.06974482804671053,0.16181909973848946,0.13357357679981974,0.5478101273018638,0.45218987269813615
136,Kensington and Chelsea,E09000020,1,Inner London,0,Inactive,136,0,1,2026,2026/27,,persistent_legacy,0.9995017635894625,0.00041255511357427086,6.033535447408769e-05,2.5345942489223603e-05,9,1.0,0.0,6.0,0.9991744839348793,0.0007082872873384447,9.011992992165933e-05,2.7108847860595258e-05,0.00073539613519904,0.00011722877778225459,0.8625083832322568,0.13749161676774324
135,Islington,E09000019,1,Inner London,2,Active,135,2,1,2026,2026/27,,persistent_legacy,0.7543373470081867,0.10224836265172527,0.057100979885695236,0.0863133104543928,9,1.0,0.0,6.0,0.7546661473179389,0.10226821718570123,0.05662467564752362,0.08644095984883636,0.1887091770345376,0.14306563549635998,0.5687869298907778,0.43121307010922216
135,Islington,E09000019,1,Inner London,1,Insufficiently Active,135,1,1,2026,2026/27,,persistent_legacy,0.9066919177462912,0.06867507062654743,0.021836751218346696,0.002796260408814637,9,1.0,0.0,6.0,0.9067540659677534,0.0686322390035456,0.021808180226092565,0.00280551480260833,0.07143775380615394,0.024613695028700894,0.7437446771779548,0.2562553228220452
160,Merton,E09000024,2,Outer London,0,Inactive,160,0,2,2026,2026/27,,persistent_legacy,0.9994909827692061,0.0004290333990887502,4.0252065205560305e-05,3.973176649958824e-05,9,1.0,0.0,6.0,0.9995959364326252,0.00032930222772433777,4.901182242439374e-05,2.574951722585391e-05,0.0003550517449501917,7.476133965024765e-05,0.8260608103177062,0.17393918968229383
135,Islington,E09000019,1,Inner London,0,Inactive,135,0,1,2026,2026/27,,persistent_legacy,0.9991704513299925,0.000741704606088962,5.29186342544781e-05,3.492542966419467e-05,9,1.0,0.0,6.0,0.9995210183360738,0.00039506267008312257,5.895363162402199e-05,2.4965362219066894e-05,0.0004200280323021895,8.391899384308889e-05,0.8334765570798376,0.1665234429201624
129,Hounslow,E09000018,2,Outer London,2,Active,129,2,2,2026,2026/27,,persistent_legacy,0.7781350464077503,0.09381283583171383,0.06213902791867642,0.06591308984185938,9,1.0,0.0,6.0,0.7757361520122654,0.09296486536323412,0.0632558351123797,0.06804314751212087,0.161008012875355,0.13129898262450057,0.5508181992019228,0.44918180079807724
142,Lambeth,E09000022,1,Inner London,1,Insufficiently Active,142,1,1,2026,2026/27,,persistent_legacy,0.9070679904758211,0.06854182513728294,0.021544517776112142,0.0028456666107839605,9,1.0,0.0,6.0,0.9066919177462912,0.06867507062654747,0.021836751218346707,0.002796260408814637,0.07147133103536212,0.024633011627161343,0.7436847186639449,0.2563152813360551
142,Lambeth,E09000022,1,Inner London,2,Active,142,2,1,2026,2026/27,,persistent_legacy,0.7546661473179389,0.10226821718570114,0.056624675647523576,0.08644095984883628,9,1.0,0.0,6.0,0.7546772934348395,0.10227629740613103,0.05671714492829878,0.08632926423073067,0.1886055616368617,0.14304640915902944,0.5686851827964423,0.4313148172035577
8,Barking and Dagenham,E09000002,2,Outer London,0,Inactive,8,0,2,2026,2026/27,,persistent_legacy,0.9995937008051753,0.0003297577767017798,2.5481432896154408e-05,5.105998522660402e-05,9,1.0,0.0,6.0,0.9996064651319367,0.00032595964315533467,4.411471670004896e-05,2.3460508207825783e-05,0.0003494201513631605,6.757522490787474e-05,0.8379473040872455,0.1620526959127545
147,Lewisham,E09000023,1,Inner London,0,Inactive,147,0,1,2026,2026/27,,persistent_legacy,0.9995423451904613,0.00039380554087934934,3.513051646831596e-05,2.8718752190983597e-05,9,1.0,0.0,6.0,0.9993882022569057,0.000516247780119777,7.283927404504051e-05,2.271068892935699e-05,0.000538958469049134,9.55499629743975e-05,0.8494110430184892,0.15058895698151076
293,Westminster,E09000033,1,Inner London,1,Insufficiently Active,293,1,1,2026,2026/27,,persistent_legacy,0.907006324864086,0.06858463845553683,0.02157275533345488,0.0028362813469221862,9,1.0,0.0,6.0,0.9066919177462912,0.06867507062654747,0.021836751218346707,0.002796260408814637,0.07147133103536212,0.024633011627161343,0.7436847186639449,0.2563152813360551
293,Westminster,E09000033,1,Inner London,2,Active,293,2,1,2026,2026/27,,persistent_legacy,0.7551367739450544,0.10243969086550132,0.05608254712943941,0.08634098806000479,9,1.0,0.0,6.0,0.7549683418313891,0.10217295507430951,0.05710811843944163,0.08575058465486006,0.1879235397291696,0.14285870309430168,0.5681185849793602,0.4318814150206398
293,Westminster,E09000033,1,Inner London,0,Inactive,293,0,1,2026,2026/27,,persistent_legacy,0.9991120751020309,0.0007397422368840126,0.00012185458426248944,2.632807682256442e-05,9,1.0,0.0,6.0,0.9991479871300706,0.0007632592169820185,5.255750820259699e-05,3.619614474471747e-05,0.0007994553617267359,8.875365294731446e-05,0.9000757124944462,0.09992428750555382
8,Barking and Dagenham,E09000002,2,Outer London,1,Insufficiently Active,8,1,2,2026,2026/27,,persistent_legacy,0.9086929069576799,0.06815926261014492,0.020808111699873302,0.00233971873230185,9,1.0,0.0,6.0,0.9085714985487255,0.06804172800081915,0.020992257631140335,0.0023945158193147027,0.07043624382013385,0.023386773450455037,0.7507352232874075,0.2492647767125925
139,Kingston upon Thames,E09000021,2,Outer London,0,Inactive,139,0,2,2026,2026/27,,persistent_legacy,0.9994307546063269,0.00048459755687238785,4.3868290069822566e-05,4.077954673089384e-05,9,1.0,0.0,6.0,0.9995964890658019,0.00032953387535281304,4.7621473278707996e-05,2.6355585566658192e-05,0.00035588946091947123,7.397705884536619e-05,0.8279069072747605,0.17209309272523954
139,Kingston upon Thames,E09000021,2,Outer London,1,Insufficiently Active,139,1,2,2026,2026/27,,persistent_legacy,0.9085150337731075,0.0682218900776188,0.0208995693503201,0.002363506798953683,9,1.0,0.0,6.0,0.9086303433959338,0.06790997235333751,0.02105039249074947,0.0024092917599790524,0.07031926411331656,0.023459684250728523,0.7498406128456545,0.2501593871543455
142,Lambeth,E09000022,1,Inner London,0,Inactive,142,0,1,2026,2026/27,,persistent_legacy,0.9991715541674848,0.0007403364949265785,5.3270045491518406e-05,3.483929209709541e-05,9,1.0,0.0,6.0,0.9995210183360738,0.00039506267008312257,5.895363162402199e-05,2.4965362219066894e-05,0.0004200280323021895,8.391899384308889e-05,0.8334765570798376,0.1665234429201624
139,Kingston upon Thames,E09000021,2,Outer London,2,Active,139,2,2,2026,2026/27,,persistent_legacy,0.7742358238910511,0.09206734924555074,0.06386032329637631,0.06983650356702177,9,1.0,0.0,6.0,0.7743521515084014,0.09207427169177891,0.0638287487531092,0.06974482804671053,0.16181909973848946,0.13357357679981974,0.5478101273018638,0.45218987269813615
147,Lewisham,E09000023,1,Inner London,2,Active,147,2,1,2026,2026/27,,persistent_legacy,0.7543373470081867,0.10224836265172527,0.057100979885695236,0.0863133104543928,9,1.0,0.0,6.0,0.7546661473179389,0.10226821718570123,0.05662467564752362,0.08644095984883636,0.1887091770345376,0.14306563549635998,0.5687869298907778,0.43121307010922216
136,Kensington and Chelsea,E09000020,1,Inner London,2,Active,136,2,1,2026,2026/27,,persistent_legacy,0.75434537973386,0.10214206909323727,0.05670577017903089,0.08680678099387207,9,1.0,0.0,6.0,0.7546772934348395,0.10227629740613103,0.05671714492829878,0.08632926423073067,0.1886055616368617,0.14304640915902944,0.5686851827964423,0.4313148172035577
147,Lewisham,E09000023,1,Inner London,1,Insufficiently Active,147,1,1,2026,2026/27,,persistent_legacy,0.907006324864086,0.06858463845553683,0.02157275533345488,0.0028362813469221862,9,1.0,0.0,6.0,0.9066919177462912,0.06867507062654747,0.021836751218346707,0.002796260408814637,0.07147133103536212,0.024633011627161343,0.7436847186639449,0.2563152813360551
136,Kensington and Chelsea,E09000020,1,Inner London,1,Insufficiently Active,136,1,1,2026,2026/27,,persistent_legacy,0.9069696167333168,0.06853308245974236,0.021647950749706497,0.0028493500572342317,9,1.0,0.0,6.0,0.9066919177462912,0.06867507062654747,0.021836751218346707,0.002796260408814637,0.07147133103536212,0.024633011627161343,0.7436847186639449,0.2563152813360551
78,Ealing,E09000009,2,Outer London,2,Active,78,2,2,2026,2026/27,,persistent_legacy,0.7743645315306694,0.09208376567717737,0.06386988251464272,0.06968182027751063,9,1.0,0.0,6.0,0.7743521515084014,0.09207427169177891,0.0638287487531092,0.06974482804671053,0.16181909973848946,0.13357357679981974,0.5478101273018638,0.45218987269813615
241,Southwark,E09000028,1,Inner London,2,Active,241,2,1,2026,2026/27,,persistent_legacy,0.7546661473179389,0.10226821718570114,0.056624675647523576,0.08644095984883628,9,1.0,0.0,6.0,0.7546772934348395,0.10227629740613103,0.05671714492829878,0.08632926423073067,0.1886055616368617,0.14304640915902944,0.5686851827964423,0.4313148172035577
91,Enfield,E09000010,2,Outer London,0,Inactive,91,0,2,2026,2026/27,,persistent_legacy,0.9995853727059754,0.0003400588434853477,4.824230673578715e-05,2.6326143803532733e-05,9,1.0,0.0,6.0,0.999323981867414,0.0005625946803877167,8.574087782780924e-05,2.7682574370444954e-05,0.0005902772547581617,0.00011342345219825418,0.8388186183742472,0.1611813816257528
255,Sutton,E09000029,2,Outer London,0,Inactive,255,0,2,2026,2026/27,,persistent_legacy,0.9993100391509557,0.000569137939615986,9.22113515971881e-05,2.8611557831048488e-05,9,1.0,0.0,6.0,0.9994930267077237,0.0004271457049688914,3.784350707763274e-05,4.198408022974122e-05,0.0004691297851986326,7.982758730737396e-05,0.8545832676534451,0.14541673234655494
107,Greenwich,E09000011,2,Outer London,0,Inactive,107,0,2,2026,2026/27,,persistent_legacy,0.9996064651319367,0.00032595964315533526,4.4114716700049045e-05,2.3460508207825827e-05,9,1.0,0.0,6.0,0.9993261297113716,0.0005572369856120335,8.914241984527097e-05,2.7490883171035883e-05,0.0005847278687830694,0.00011663330301630685,0.8337043627364222,0.16629563726357777
107,Greenwich,E09000011,2,Outer London,1,Insufficiently Active,107,1,2,2026,2026/27,,persistent_legacy,0.9086929069576799,0.06815926261014492,0.020808111699873302,0.00233971873230185,9,1.0,0.0,6.0,0.9085714985487255,0.06804172800081915,0.020992257631140335,0.0023945158193147027,0.07043624382013385,0.023386773450455037,0.7507352232874075,0.2492647767125925
91,Enfield,E09000010,2,Outer London,2,Active,91,2,2,2026,2026/27,,persistent_legacy,0.7742677618379485,0.09209274249079233,0.06383667290373746,0.06980282276752164,9,1.0,0.0,6.0,0.7743521515084014,0.09207427169177891,0.0638287487531092,0.06974482804671053,0.16181909973848946,0.13357357679981974,0.5478101273018638,0.45218987269813615
91,Enfield,E09000010,2,Outer London,1,Insufficiently Active,91,1,2,2026,2026/27,,persistent_legacy,0.9085150337731075,0.0682218900776188,0.0208995693503201,0.002363506798953683,9,1.0,0.0,6.0,0.9086303433959338,0.06790997235333751,0.02105039249074947,0.0024092917599790524,0.07031926411331656,0.023459684250728523,0.7498406128456545,0.2501593871543455
241,Southwark,E09000028,1,Inner London,0,Inactive,241,0,1,2026,2026/27,,persistent_legacy,0.9991456984452795,0.0006996312722411294,0.00012793673007211161,2.67335524071581e-05,9,1.0,0.0,6.0,0.9991443382023745,0.0007665577092595369,5.2795590642766384e-05,3.6308497723274046e-05,0.0008028662069828109,8.910408836604043e-05,0.9001041976053792,0.09989580239462081
241,Southwark,E09000028,1,Inner London,1,Insufficiently Active,241,1,1,2026,2026/27,,persistent_legacy,0.9064473332212486,0.06891333112768472,0.021839022832995214,0.0028003128180714948,9,1.0,0.0,6.0,0.9067540659677534,0.0686322390035456,0.021808180226092565,0.00280551480260833,0.07143775380615394,0.024613695028700894,0.7437446771779548,0.2562553228220452
112,Hammersmith and Fulham,E09000013,1,Inner London,0,Inactive,112,0,1,2026,2026/27,,persistent_legacy,0.9990053223532585,0.0007901838082264974,0.00017348447270224658,3.100936581279869e-05,9,1.0,0.0,6.0,0.9993446237211684,0.0005746135458757197,4.099850673672841e-05,3.9764226219235585e-05,0.0006143777720949553,8.0762732955964e-05,0.8838181168135957,0.11618188318640432
109,Hackney,E09000012,1,Inner London,2,Active,109,2,1,2026,2026/27,,persistent_legacy,0.7542352543345014,0.10226557156506143,0.05709467524483061,0.08640449885560653,9,1.0,0.0,6.0,0.7546661473179389,0.10226821718570123,0.05662467564752362,0.08644095984883636,0.1887091770345376,0.14306563549635998,0.5687869298907778,0.43121307010922216
109,Hackney,E09000012,1,Inner London,1,Insufficiently Active,109,1,1,2026,2026/27,,persistent_legacy,0.9065646810872436,0.06883044878928342,0.02178846371128008,0.0028164064121929955,9,1.0,0.0,6.0,0.9067540659677534,0.0686322390035456,0.021808180226092565,0.00280551480260833,0.07143775380615394,0.024613695028700894,0.7437446771779548,0.2562553228220452
201,Richmond upon Thames,E09000027,2,Outer London,2,Active,201,2,2,2026,2026/27,,persistent_legacy,0.7747627205302745,0.09304123464411032,0.0635734681758592,0.06862257664975595,9,1.0,0.0,6.0,0.7743450680280027,0.09209951571428744,0.0639432049374586,0.0696122113202513,0.16171172703453873,0.1335554162577099,0.5476793835962986,0.45232061640370136
109,Hackney,E09000012,1,Inner London,0,Inactive,109,0,1,2026,2026/27,,persistent_legacy,0.9995028430253036,0.0004112721596103673,6.0504033006893404e-05,2.5380782078863104e-05,9,1.0,0.0,6.0,0.9991628438594787,0.0007201430394741872,8.961813166297365e-05,2.73949693841742e-05,0.0007475380088583614,0.00011701310104714785,0.8646545013863475,0.13534549861365253
107,Greenwich,E09000011,2,Outer London,2,Active,107,2,2,2026,2026/27,,persistent_legacy,0.7744133953131533,0.0922158264156891,0.06389218563440836,0.06947859263674915,9,1.0,0.0,6.0,0.7742677618379484,0.09209274249079231,0.06383667290373747,0.06980282276752167,0.161895565258314,0.13363949567125916,0.5478049364061551,0.45219506359384487
117,Harrow,E09000015,2,Outer London,0,Inactive,117,0,2,2026,2026/27,,persistent_legacy,0.9994910284951883,0.0004285087750560503,4.062683852268983e-05,3.983589123294699e-05,9,1.0,0.0,6.0,0.999593831761177,0.0003310828785755718,4.92473008799196e-05,2.5838059367652645e-05,0.00035692093794322444,7.508536024757224e-05,0.8261938296686346,0.17380617033136536
196,Redbridge,E09000026,2,Outer London,0,Inactive,196,0,2,2026,2026/27,,persistent_legacy,0.999593831761177,0.0003310828785755724,4.9247300879919684e-05,2.5838059367652693e-05,9,1.0,0.0,6.0,0.9993270195433506,0.0005576252334343446,8.742710664212855e-05,2.792811657281643e-05,0.000585553350007161,0.00011535522321494498,0.8354204419491514,0.16457955805084856
117,Harrow,E09000015,2,Outer London,1,Insufficiently Active,117,1,2,2026,2026/27,,persistent_legacy,0.9086299439470691,0.06823188685286682,0.02080322274750736,0.0023349464525566593,9,1.0,0.0,6.0,0.9086303433959338,0.06790997235333751,0.02105039249074947,0.0024092917599790524,0.07031926411331656,0.023459684250728523,0.7498406128456545,0.2501593871543455
196,Redbridge,E09000026,2,Outer London,1,Insufficiently Active,196,1,2,2026,2026/27,,persistent_legacy,0.9087468241075642,0.06814976782554391,0.02075504445216398,0.0023483636147277054,9,1.0,0.0,6.0,0.9085714985487255,0.06804172800081915,0.020992257631140335,0.0023945158193147027,0.07043624382013385,0.023386773450455037,0.7507352232874075,0.2492647767125925
122,Havering,E09000016,2,Outer London,1,Insufficiently Active,122,1,2,2026,2026/27,,persistent_legacy,0.9087038080412837,0.06805736662993656,0.020884509143328317,0.002354316185451471,9,1.0,0.0,6.0,0.9085255798133299,0.06811987401066898,0.020976294434491775,0.0023782517415092707,0.07049812575217825,0.023354546176001047,0.7511573650894767,0.24884263491052327
122,Havering,E09000016,2,Outer London,2,Active,122,2,2,2026,2026/27,,persistent_legacy,0.7781259925032353,0.09380532338223559,0.0620855654824253,0.06598311863210381,9,1.0,0.0,6.0,0.7757361520122654,0.09296486536323412,0.0632558351123797,0.06804314751212087,0.161008012875355,0.13129898262450057,0.5508181992019228,0.44918180079807724
122,Havering,E09000016,2,Outer London,0,Inactive,122,0,2,2026,2026/27,,persistent_legacy,0.9995008536134123,0.0004149904147275172,6.0664747457460855e-05,2.3491224402456248e-05,9,1.0,0.0,6.0,0.9992849443664623,0.0005961171338432883,8.917674242217215e-05,2.976175727230302e-05,0.0006258788911155913,0.00011893849969447516,0.8403118654827364,0.1596881345172636
117,Harrow,E09000015,2,Outer London,2,Active,117,2,2,2026,2026/27,,persistent_legacy,0.7758076387441951,0.09301708845650042,0.06321522786279933,0.06796004493650512,9,1.0,0.0,6.0,0.7745222155772857,0.09307837350182555,0.06356972593189066,0.06882968498899789,0.16190805849082343,0.13239941092088853,0.5501323456535429,0.44986765434645715
201,Richmond upon Thames,E09000027,2,Outer London,0,Inactive,201,0,2,2026,2026/27,,persistent_legacy,0.9993100391509557,0.000569137939615986,9.22113515971881e-05,2.8611557831048488e-05,9,1.0,0.0,6.0,0.9994930267077237,0.0004271457049688914,3.784350707763274e-05,4.198408022974122e-05,0.0004691297851986326,7.982758730737396e-05,0.8545832676534451,0.14541673234655494
201,Richmond upon Thames,E09000027,2,Outer London,1,Insufficiently Active,201,1,2,2026,2026/27,,persistent_legacy,0.9087333661835285,0.06782830197302123,0.021024975580204403,0.002413356263245766,9,1.0,0.0,6.0,0.9085255798133299,0.06811987401066898,0.020976294434491775,0.0023782517415092707,0.07049812575217825,0.023354546176001047,0.7511573650894767,0.24884263491052327
114,Haringey,E09000014,1,Inner London,2,Active,114,2,1,2026,2026/27,,persistent_legacy,0.7543373470081867,0.10224836265172527,0.057100979885695236,0.0863133104543928,9,1.0,0.0,6.0,0.7546661473179389,0.10226821718570123,0.05662467564752362,0.08644095984883636,0.1887091770345376,0.14306563549635998,0.5687869298907778,0.43121307010922216
114,Haringey,E09000014,1,Inner London,1,Insufficiently Active,114,1,1,2026,2026/27,,persistent_legacy,0.9069691639137752,0.06856333362389583,0.02161455259064736,0.0028529498716815846,9,1.0,0.0,6.0,0.9066919177462912,0.06867507062654747,0.021836751218346707,0.002796260408814637,0.07147133103536212,0.024633011627161343,0.7436847186639449,0.2563152813360551
114,Haringey,E09000014,1,Inner London,0,Inactive,114,0,1,2026,2026/27,,persistent_legacy,0.9995428446769119,0.00038870675720920105,4.062974588668081e-05,2.781881999225949e-05,9,1.0,0.0,6.0,0.9992837769506064,0.0006050440214902086,8.716775712214617e-05,2.4011270781328432e-05,0.000629055292271537,0.0001111790279034746,0.8498056292807541,0.1501943707192459
196,Redbridge,E09000026,2,Outer London,2,Active,196,2,2,2026,2026/27,,persistent_legacy,0.7744104419519671,0.0921486109415251,0.06388864080772445,0.06955230629878335,9,1.0,0.0,6.0,0.7742677618379484,0.09209274249079231,0.06383667290373747,0.06980282276752167,0.161895565258314,0.13363949567125916,0.5478049364061551,0.45219506359384487
112,Hammersmith and Fulham,E09000013,1,Inner London,2,Active,112,2,1,2026,2026/27,,persistent_legacy,0.7546661473179389,0.10226821718570114,0.056624675647523576,0.08644095984883628,9,1.0,0.0,6.0,0.7546772934348395,0.10227629740613103,0.05671714492829878,0.08632926423073067,0.1886055616368617,0.14304640915902944,0.5686851827964423,0.4313148172035577
112,Hammersmith and Fulham,E09000013,1,Inner London,1,Insufficiently Active,112,1,1,2026,2026/27,,persistent_legacy,0.9067540659677534,0.06863223900354556,0.021808180226092547,0.00280551480260833,9,1.0,0.0,6.0,0.9066919177462912,0.06867507062654747,0.021836751218346707,0.002796260408814637,0.07147133103536212,0.024633011627161343,0.7436847186639449,0.2563152813360551
35,Bromley,E09000006,2,Outer London,1,Insufficiently Active,35,1,2,2026,2026/27,,persistent_legacy,0.9087498746612469,0.06797930271623703,0.020900405684367157,0.0023704169381488947,9,1.0,0.0,6.0,0.9085255798133299,0.06811987401066898,0.020976294434491775,0.0023782517415092707,0.07049812575217825,0.023354546176001047,0.7511573650894767,0.24884263491052327
35,Bromley,E09000006,2,Outer London,2,Active,35,2,2,2026,2026/27,,persistent_legacy,0.7743964121399829,0.09210915599884222,0.06384622341677601,0.06964820844439906,9,1.0,0.0,6.0,0.7743521515084014,0.09207427169177891,0.0638287487531092,0.06974482804671053,0.16181909973848946,0.13357357679981974,0.5478101273018638,0.45218987269813615
272,Tower Hamlets,E09000030,1,Inner London,1,Insufficiently Active,272,1,1,2026,2026/27,,persistent_legacy,0.9069696167333168,0.06853308245974236,0.021647950749706497,0.0028493500572342317,9,1.0,0.0,6.0,0.9066919177462912,0.06867507062654747,0.021836751218346707,0.002796260408814637,0.07147133103536212,0.024633011627161343,0.7436847186639449,0.2563152813360551
44,Camden,E09000007,1,Inner London,0,Inactive,44,0,1,2026,2026/27,,persistent_legacy,0.9990403175178036,0.0007548624277886832,0.0001743855447992822,3.0434509608352537e-05,9,1.0,0.0,6.0,0.999309231135372,0.0006070305494034454,4.353798500688783e-05,4.020033021755739e-05,0.0006472308796210028,8.373831522444521e-05,0.8854420735990791,0.11455792640092088
44,Camden,E09000007,1,Inner London,1,Insufficiently Active,44,1,1,2026,2026/27,,persistent_legacy,0.9062293127147528,0.06898235636451908,0.02203458724936566,0.002753743671362349,9,1.0,0.0,6.0,0.9067873498394904,0.06863912301666421,0.021767728816720823,0.002805798327124674,0.07144492134378888,0.024573527143845496,0.7440749404838574,0.25592505951614264
44,Camden,E09000007,1,Inner London,2,Active,44,2,1,2026,2026/27,,persistent_legacy,0.7542352543345014,0.10226557156506143,0.05709467524483061,0.08640449885560653,9,1.0,0.0,6.0,0.7546661473179389,0.10226821718570123,0.05662467564752362,0.08644095984883636,0.1887091770345376,0.14306563549635998,0.5687869298907778,0.43121307010922216
279,Waltham Forest,E09000031,2,Outer London,0,Inactive,279,0,2,2026,2026/27,,persistent_legacy,0.9994936720598755,0.00042650839965994216,3.8366683734706776e-05,4.1452856729979395e-05,9,1.0,0.0,6.0,0.9995980974501871,0.00032795038913728357,4.8446754652060484e-05,2.550540602338261e-05,0.0003534557951606662,7.39521606754431e-05,0.8269752360346792,0.17302476396532085
272,Tower Hamlets,E09000030,1,Inner London,2,Active,272,2,1,2026,2026/27,,persistent_legacy,0.7542352543345014,0.10226557156506143,0.05709467524483061,0.08640449885560653,9,1.0,0.0,6.0,0.7546661473179389,0.10226821718570123,0.05662467564752362,0.08644095984883636,0.1887091770345376,0.14306563549635998,0.5687869298907778,0.43121307010922216
255,Sutton,E09000029,2,Outer London,2,Active,255,2,2,2026,2026/27,,persistent_legacy,0.7746012582865107,0.09202311811624435,0.06391830087428836,0.06945732272295663,9,1.0,0.0,6.0,0.7744104419519671,0.0921486109415251,0.06388864080772445,0.06955230629878335,0.16170091724030844,0.1334409471065078,0.5478752314524123,0.45212476854758765
272,Tower Hamlets,E09000030,1,Inner London,0,Inactive,272,0,1,2026,2026/27,,persistent_legacy,0.9991715541674848,0.0007403364949265785,5.3270045491518406e-05,3.483929209709541e-05,9,1.0,0.0,6.0,0.9995210183360738,0.00039506267008312257,5.895363162402199e-05,2.4965362219066894e-05,0.0004200280323021895,8.391899384308889e-05,0.8334765570798376,0.1665234429201624
78,Ealing,E09000009,2,Outer London,1,Insufficiently Active,78,1,2,2026,2026/27,,persistent_legacy,0.9085714985487259,0.06804172800081902,0.020992257631140307,0.002394515819314701,9,1.0,0.0,6.0,0.9085255798133299,0.06811987401066898,0.020976294434491775,0.0023782517415092707,0.07049812575217825,0.023354546176001047,0.7511573650894767,0.24884263491052327
78,Ealing,E09000009,2,Outer London,0,Inactive,78,0,2,2026,2026/27,,persistent_legacy,0.9993026190764454,0.0005762951409425944,9.265032987016622e-05,2.8435452741640427e-05,9,1.0,0.0,6.0,0.9994931301909488,0.0004268400839805491,3.7889649981269615e-05,4.214007508949172e-05,0.0004689801590700408,8.002972507076134e-05,0.8542289904379272,0.14577100956207278
68,Croydon,E09000008,2,Outer London,2,Active,68,2,2,2026,2026/27,,persistent_legacy,0.7746313141384682,0.09284906067946379,0.06359542970314472,0.06892419547892326,9,1.0,0.0,6.0,0.7743450680280027,0.09209951571428744,0.0639432049374586,0.0696122113202513,0.16171172703453873,0.1335554162577099,0.5476793835962986,0.45232061640370136
255,Sutton,E09000029,2,Outer London,1,Insufficiently Active,255,1,2,2026,2026/27,,persistent_legacy,0.9086929069576799,0.06815926261014492,0.020808111699873302,0.00233971873230185,9,1.0,0.0,6.0,0.9085714985487255,0.06804172800081915,0.020992257631140335,0.0023945158193147027,0.07043624382013385,0.023386773450455037,0.7507352232874075,0.2492647767125925
68,Croydon,E09000008,2,Outer London,1,Insufficiently Active,68,1,2,2026,2026/27,,persistent_legacy,0.9087038080412837,0.06805736662993656,0.020884509143328317,0.002354316185451471,9,1.0,0.0,6.0,0.9085255798133299,0.06811987401066898,0.020976294434491775,0.0023782517415092707,0.07049812575217825,0.023354546176001047,0.7511573650894767,0.24884263491052327
68,Croydon,E09000008,2,Outer London,0,Inactive,68,0,2,2026,2026/27,,persistent_legacy,0.999593831761177,0.0003310828785755724,4.9247300879919684e-05,2.5838059367652693e-05,9,1.0,0.0,6.0,0.9993270195433506,0.0005576252334343446,8.742710664212855e-05,2.792811657281643e-05,0.000585553350007161,0.00011535522321494498,0.8354204419491514,0.16457955805084856
17,Bexley,E09000004,2,Outer London,1,Insufficiently Active,17,1,2,2026,2026/27,,persistent_legacy,0.9086929069576799,0.06815926261014492,0.020808111699873302,0.00233971873230185,9,1.0,0.0,6.0,0.9085714985487255,0.06804172800081915,0.020992257631140335,0.0023945158193147027,0.07043624382013385,0.023386773450455037,0.7507352232874075,0.2492647767125925
279,Waltham Forest,E09000031,2,Outer London,1,Insufficiently Active,279,1,2,2026,2026/27,,persistent_legacy,0.9085150337731075,0.0682218900776188,0.0208995693503201,0.002363506798953683,9,1.0,0.0,6.0,0.9086303433959338,0.06790997235333751,0.02105039249074947,0.0024092917599790524,0.07031926411331656,0.023459684250728523,0.7498406128456545,0.2501593871543455
17,Bexley,E09000004,2,Outer London,2,Active,17,2,2,2026,2026/27,,persistent_legacy,0.7781350464077503,0.09381283583171383,0.06213902791867642,0.06591308984185938,9,1.0,0.0,6.0,0.7757361520122654,0.09296486536323412,0.0632558351123797,0.06804314751212087,0.161008012875355,0.13129898262450057,0.5508181992019228,0.44918180079807724
279,Waltham Forest,E09000031,2,Outer London,2,Active,279,2,2,2026,2026/27,,persistent_legacy,0.7744432495293307,0.09202137886883817,0.06398187552660081,0.06955349607523029,9,1.0,0.0,6.0,0.7743521515084014,0.09207427169177891,0.0638287487531092,0.06974482804671053,0.16181909973848946,0.13357357679981974,0.5478101273018638,0.45218987269813615
30,Brent,E09000005,2,Outer London,2,Active,30,2,2,2026,2026/27,,persistent_legacy,0.7746313141384682,0.09284906067946379,0.06359542970314472,0.06892419547892326,9,1.0,0.0,6.0,0.7743450680280027,0.09209951571428744,0.0639432049374586,0.0696122113202513,0.16171172703453873,0.1335554162577099,0.5476793835962986,0.45232061640370136
35,Bromley,E09000006,2,Outer London,0,Inactive,35,0,2,2026,2026/27,,persistent_legacy,0.9994930388902972,0.0004266628509930868,4.070566852738862e-05,3.959259018226793e-05,9,1.0,0.0,6.0,0.999593831761177,0.0003310828785755718,4.92473008799196e-05,2.5838059367652645e-05,0.00035692093794322444,7.508536024757224e-05,0.8261938296686346,0.17380617033136536
30,Brent,E09000005,2,Outer London,1,Insufficiently Active,30,1,2,2026,2026/27,,persistent_legacy,0.9088630512467886,0.06783824614013326,0.020904845046207852,0.002393857566870438,9,1.0,0.0,6.0,0.9085255798133299,0.06811987401066898,0.020976294434491775,0.0023782517415092707,0.07049812575217825,0.023354546176001047,0.7511573650894767,0.24884263491052327
30,Brent,E09000005,2,Outer London,0,Inactive,30,0,2,2026,2026/27,,persistent_legacy,0.9995885513122166,0.00033443360524652166,5.006622774817091e-05,2.6948854788816023e-05,9,1.0,0.0,6.0,0.9993320367937271,0.000553519918356541,8.655230366133309e-05,2.789098425512858e-05,0.0005814109026116696,0.00011444328791646167,0.8355355339175253,0.16446446608247467
280,Wandsworth,E09000032,1,Inner London,1,Insufficiently Active,280,1,1,2026,2026/27,,persistent_legacy,0.9067540659677534,0.06863223900354556,0.021808180226092547,0.00280551480260833,9,1.0,0.0,6.0,0.9066919177462912,0.06867507062654747,0.021836751218346707,0.002796260408814637,0.07147133103536212,0.024633011627161343,0.7436847186639449,0.2563152813360551
280,Wandsworth,E09000032,1,Inner London,2,Active,280,2,1,2026,2026/27,,persistent_legacy,0.7542352543345014,0.10226557156506143,0.05709467524483061,0.08640449885560653,9,1.0,0.0,6.0,0.7546661473179389,0.10226821718570123,0.05662467564752362,0.08644095984883636,0.1887091770345376,0.14306563549635998,0.5687869298907778,0.43121307010922216
17,Bexley,E09000004,2,Outer London,0,Inactive,17,0,2,2026,2026/27,,persistent_legacy,0.9994910284951883,0.0004285087750560503,4.062683852268983e-05,3.983589123294699e-05,9,1.0,0.0,6.0,0.999593831761177,0.0003310828785755718,4.92473008799196e-05,2.5838059367652645e-05,0.00035692093794322444,7.508536024757224e-05,0.8261938296686346,0.17380617033136536
9,Barnet,E09000003,2,Outer London,2,Active,9,2,2,2026,2026/27,,persistent_legacy,0.7746012582865107,0.09202311811624435,0.06391830087428836,0.06945732272295663,9,1.0,0.0,6.0,0.7744104419519671,0.0921486109415251,0.06388864080772445,0.06955230629878335,0.16170091724030844,0.1334409471065078,0.5478752314524123,0.45212476854758765
9,Barnet,E09000003,2,Outer London,1,Insufficiently Active,9,1,2,2026,2026/27,,persistent_legacy,0.9085150337731075,0.0682218900776188,0.0208995693503201,0.002363506798953683,9,1.0,0.0,6.0,0.9086303433959338,0.06790997235333751,0.02105039249074947,0.0024092917599790524,0.07031926411331656,0.023459684250728523,0.7498406128456545,0.2501593871543455
280,Wandsworth,E09000032,1,Inner London,0,Inactive,280,0,1,2026,2026/27,,persistent_legacy,0.9990403175178036,0.0007548624277886832,0.0001743855447992822,3.0434509608352537e-05,9,1.0,0.0,6.0,0.999309231135372,0.0006070305494034454,4.353798500688783e-05,4.020033021755739e-05,0.0006472308796210028,8.373831522444521e-05,0.8854420735990791,0.11455792640092088
9,Barnet,E09000003,2,Outer London,0,Inactive,9,0,2,2026,2026/27,,persistent_legacy,0.9993100391509557,0.000569137939615986,9.22113515971881e-05,2.8611557831048488e-05,9,1.0,0.0,6.0,0.9994930267077237,0.0004271457049688914,3.784350707763274e-05,4.198408022974122e-05,0.0004691297851986326,7.982758730737396e-05,0.8545832676534451,0.14541673234655494
8,Barking and Dagenham,E09000002,2,Outer London,2,Active,8,2,2,2026,2026/27,,persistent_legacy,0.7749674706587265,0.09295843739020435,0.06356454436015774,0.06850954759091128,9,1.0,0.0,6.0,0.7743450680280027,0.09209951571428744,0.0639432049374586,0.0696122113202513,0.16171172703453873,0.1335554162577099,0.5476793835962986,0.45232061640370136
126,Hillingdon,E09000017,2,Outer London,0,Inactive,126,0,2,2027,2027/28,,persistent_legacy,0.9994931301909488,0.0004268400839805491,3.7889649981269615e-05,4.214007508949172e-05,10,1.0,0.0,7.0,0.9995980974501871,0.00032795038913728357,4.8446754652060484e-05,2.550540602338261e-05,0.0003534557951606662,7.39521606754431e-05,0.8269752360346792,0.17302476396532085
126,Hillingdon,E09000017,2,Outer London,1,Insufficiently Active,126,1,2,2027,2027/28,,persistent_legacy,0.9085714985487255,0.06804172800081915,0.020992257631140335,0.0023945158193147027,10,1.0,0.0,7.0,0.9085255798133299,0.068119874010669,0.020976294434491796,0.0023782517415092724,0.07049812575217827,0.023354546176001068,0.7511573650894764,0.2488426349105236
171,Newham,E09000025,1,Inner London,0,Inactive,171,0,1,2027,2027/28,,persistent_legacy,0.9992022389216717,0.0006781842976706092,9.318685226200974e-05,2.638992839556503e-05,10,1.0,0.0,7.0,0.9991570522887261,0.0007540034959459554,5.372320388523657e-05,3.522101144287158e-05,0.000789224507388827,8.894421532810815e-05,0.8987162568795131,0.10128374312048694
126,Hillingdon,E09000017,2,Outer London,2,Active,126,2,2,2027,2027/28,,persistent_legacy,0.7757361520122654,0.09296486536323412,0.0632558351123797,0.06804314751212087,10,1.0,0.0,7.0,0.7744037930805276,0.09301712432955081,0.06361285843686955,0.06896622415305208,0.16198334848260287,0.13257908258992163,0.5499117721591616,0.45008822784083835
129,Hounslow,E09000018,2,Outer London,0,Inactive,129,0,2,2027,2027/28,,persistent_legacy,0.999587114640546,0.0003372310781387562,4.890550603047964e-05,2.6748775284908035e-05,10,1.0,0.0,7.0,0.9993323667622858,0.0005546671212793714,8.518303796367691e-05,2.7783078471041278e-05,0.0005824501997504127,0.00011296611643471819,0.8375561317651846,0.16244386823481538
129,Hounslow,E09000018,2,Outer London,1,Insufficiently Active,129,1,2,2027,2027/28,,persistent_legacy,0.9086303433959338,0.06790997235333751,0.02105039249074947,0.0024092917599790524,10,1.0,0.0,7.0,0.9085255798133299,0.068119874010669,0.020976294434491796,0.0023782517415092724,0.07049812575217827,0.023354546176001068,0.7511573650894764,0.2488426349105236
171,Newham,E09000025,1,Inner London,2,Active,171,2,1,2027,2027/28,,persistent_legacy,0.7546772934348395,0.10227629740613103,0.05671714492829878,0.08632926423073067,10,1.0,0.0,7.0,0.7546772934348397,0.10227629740613103,0.05671714492829875,0.08632926423073066,0.1886055616368617,0.14304640915902941,0.5686851827964424,0.4313148172035576
171,Newham,E09000025,1,Inner London,1,Insufficiently Active,171,1,1,2027,2027/28,,persistent_legacy,0.9066919177462912,0.06867507062654747,0.021836751218346707,0.002796260408814637,10,1.0,0.0,7.0,0.9067540659677534,0.0686322390035457,0.02180818022609258,0.0028055148026083347,0.07143775380615404,0.024613695028700915,0.7437446771779549,0.2562553228220451
160,Merton,E09000024,2,Outer London,1,Insufficiently Active,160,1,2,2027,2027/28,,persistent_legacy,0.9086303433959338,0.06790997235333751,0.02105039249074947,0.0024092917599790524,10,1.0,0.0,7.0,0.9085255798133299,0.068119874010669,0.020976294434491796,0.0023782517415092724,0.07049812575217827,0.023354546176001068,0.7511573650894764,0.2488426349105236
160,Merton,E09000024,2,Outer London,2,Active,160,2,2,2027,2027/28,,persistent_legacy,0.7743521515084014,0.09207427169177891,0.0638287487531092,0.06974482804671053,10,1.0,0.0,7.0,0.7743521515084014,0.09207427169177891,0.0638287487531092,0.06974482804671053,0.16181909973848946,0.13357357679981974,0.5478101273018638,0.45218987269813615
136,Kensington and Chelsea,E09000020,1,Inner London,0,Inactive,136,0,1,2027,2027/28,,persistent_legacy,0.9991744839348793,0.0007082872873384447,9.011992992165933e-05,2.7108847860595258e-05,10,1.0,0.0,7.0,0.9991704513299925,0.000741704606088962,5.29186342544781e-05,3.492542966419467e-05,0.0007766300357531567,8.784406391867277e-05,0.8983843888995401,0.10161561110045991
135,Islington,E09000019,1,Inner London,2,Active,135,2,1,2027,2027/28,,persistent_legacy,0.7546661473179389,0.10226821718570123,0.05662467564752362,0.08644095984883636,10,1.0,0.0,7.0,0.7546772934348397,0.10227629740613103,0.05671714492829875,0.08632926423073066,0.1886055616368617,0.14304640915902941,0.5686851827964424,0.4313148172035576
135,Islington,E09000019,1,Inner London,1,Insufficiently Active,135,1,1,2027,2027/28,,persistent_legacy,0.9067540659677534,0.0686322390035456,0.021808180226092565,0.00280551480260833,10,1.0,0.0,7.0,0.9066919177462912,0.06867507062654755,0.021836751218346728,0.0027962604088146424,0.0714713310353622,0.02463301162716137,0.7436847186639449,0.2563152813360551
160,Merton,E09000024,2,Outer London,0,Inactive,160,0,2,2027,2027/28,,persistent_legacy,0.9995959364326252,0.00032930222772433777,4.901182242439374e-05,2.574951722585391e-05,10,1.0,0.0,7.0,0.9993174410498581,0.0005651974738225495,8.926605682296236e-05,2.809541949638975e-05,0.0005932928933189393,0.00011736147631935211,0.8348543520824524,0.1651456479175476
135,Islington,E09000019,1,Inner London,0,Inactive,135,0,1,2027,2027/28,,persistent_legacy,0.9995210183360738,0.00039506267008312257,5.895363162402199e-05,2.4965362219066894e-05,10,1.0,0.0,7.0,0.9991914157456163,0.0006898118426003415,9.184461522461004e-05,2.692779655868017e-05,0.0007167396391590217,0.0001187724117832902,0.8578447651959829,0.14215523480401715
129,Hounslow,E09000018,2,Outer London,2,Active,129,2,2,2027,2027/28,,persistent_legacy,0.7757361520122654,0.09296486536323412,0.0632558351123797,0.06804314751212087,10,1.0,0.0,7.0,0.7744037930805276,0.09301712432955081,0.06361285843686955,0.06896622415305208,0.16198334848260287,0.13257908258992163,0.5499117721591616,0.45008822784083835
142,Lambeth,E09000022,1,Inner London,1,Insufficiently Active,142,1,1,2027,2027/28,,persistent_legacy,0.9066919177462912,0.06867507062654747,0.021836751218346707,0.002796260408814637,10,1.0,0.0,7.0,0.9067540659677534,0.0686322390035457,0.02180818022609258,0.0028055148026083347,0.07143775380615404,0.024613695028700915,0.7437446771779549,0.2562553228220451
142,Lambeth,E09000022,1,Inner London,2,Active,142,2,1,2027,2027/28,,persistent_legacy,0.7546772934348395,0.10227629740613103,0.05671714492829878,0.08632926423073067,10,1.0,0.0,7.0,0.7546772934348397,0.10227629740613103,0.05671714492829875,0.08632926423073066,0.1886055616368617,0.14304640915902941,0.5686851827964424,0.4313148172035576
8,Barking and Dagenham,E09000002,2,Outer London,0,Inactive,8,0,2,2027,2027/28,,persistent_legacy,0.9996064651319367,0.00032595964315533467,4.411471670004896e-05,2.3460508207825783e-05,10,1.0,0.0,7.0,0.9993261297113716,0.0005572369856120345,8.914241984527113e-05,2.749088317103593e-05,0.0005847278687830704,0.00011663330301630707,0.8337043627364222,0.16629563726357777
147,Lewisham,E09000023,1,Inner London,0,Inactive,147,0,1,2027,2027/28,,persistent_legacy,0.9993882022569057,0.000516247780119777,7.283927404504051e-05,2.271068892935699e-05,10,1.0,0.0,7.0,0.9989588045455248,0.0009190239798836614,8.859993178711734e-05,3.357154280432036e-05,0.0009525955226879819,0.0001221714745914377,0.8863274785133028,0.11367252148669715
293,Westminster,E09000033,1,Inner London,1,Insufficiently Active,293,1,1,2027,2027/28,,persistent_legacy,0.9066919177462912,0.06867507062654747,0.021836751218346707,0.002796260408814637,10,1.0,0.0,7.0,0.9067540659677534,0.0686322390035457,0.02180818022609258,0.0028055148026083347,0.07143775380615404,0.024613695028700915,0.7437446771779549,0.2562553228220451
293,Westminster,E09000033,1,Inner London,2,Active,293,2,1,2027,2027/28,,persistent_legacy,0.7549683418313891,0.10217295507430951,0.05710811843944163,0.08575058465486006,10,1.0,0.0,7.0,0.7546661473179389,0.10226821718570114,0.056624675647523576,0.08644095984883628,0.18870917703453743,0.14306563549635987,0.568786929890778,0.43121307010922205
293,Westminster,E09000033,1,Inner London,0,Inactive,293,0,1,2027,2027/28,,persistent_legacy,0.9991479871300706,0.0007632592169820185,5.255750820259699e-05,3.619614474471747e-05,10,1.0,0.0,7.0,0.9995210183360738,0.00039506267008312257,5.895363162402199e-05,2.4965362219066894e-05,0.0004200280323021895,8.391899384308889e-05,0.8334765570798376,0.1665234429201624
8,Barking and Dagenham,E09000002,2,Outer London,1,Insufficiently Active,8,1,2,2027,2027/28,,persistent_legacy,0.9085714985487255,0.06804172800081915,0.020992257631140335,0.0023945158193147027,10,1.0,0.0,7.0,0.9085255798133299,0.068119874010669,0.020976294434491796,0.0023782517415092724,0.07049812575217827,0.023354546176001068,0.7511573650894764,0.2488426349105236
139,Kingston upon Thames,E09000021,2,Outer London,0,Inactive,139,0,2,2027,2027/28,,persistent_legacy,0.9995964890658019,0.00032953387535281304,4.7621473278707996e-05,2.6355585566658192e-05,10,1.0,0.0,7.0,0.9993290184915242,0.0005584527903804512,8.488294904122387e-05,2.764576905408629e-05,0.0005860985594345375,0.00011252871809531016,0.838928822686139,0.161071177313861
139,Kingston upon Thames,E09000021,2,Outer London,1,Insufficiently Active,139,1,2,2027,2027/28,,persistent_legacy,0.9086303433959338,0.06790997235333751,0.02105039249074947,0.0024092917599790524,10,1.0,0.0,7.0,0.9085255798133299,0.068119874010669,0.020976294434491796,0.0023782517415092724,0.07049812575217827,0.023354546176001068,0.7511573650894764,0.2488426349105236
142,Lambeth,E09000022,1,Inner London,0,Inactive,142,0,1,2027,2027/28,,persistent_legacy,0.9995210183360738,0.00039506267008312257,5.895363162402199e-05,2.4965362219066894e-05,10,1.0,0.0,7.0,0.9991914157456163,0.0006898118426003415,9.184461522461004e-05,2.692779655868017e-05,0.0007167396391590217,0.0001187724117832902,0.8578447651959829,0.14215523480401715
139,Kingston upon Thames,E09000021,2,Outer London,2,Active,139,2,2,2027,2027/28,,persistent_legacy,0.7743521515084014,0.09207427169177891,0.0638287487531092,0.06974482804671053,10,1.0,0.0,7.0,0.7743521515084014,0.09207427169177891,0.0638287487531092,0.06974482804671053,0.16181909973848946,0.13357357679981974,0.5478101273018638,0.45218987269813615
147,Lewisham,E09000023,1,Inner London,2,Active,147,2,1,2027,2027/28,,persistent_legacy,0.7546661473179389,0.10226821718570123,0.05662467564752362,0.08644095984883636,10,1.0,0.0,7.0,0.7546772934348397,0.10227629740613103,0.05671714492829875,0.08632926423073066,0.1886055616368617,0.14304640915902941,0.5686851827964424,0.4313148172035576
136,Kensington and Chelsea,E09000020,1,Inner London,2,Active,136,2,1,2027,2027/28,,persistent_legacy,0.7546772934348395,0.10227629740613103,0.05671714492829878,0.08632926423073067,10,1.0,0.0,7.0,0.7546772934348397,0.10227629740613103,0.05671714492829875,0.08632926423073066,0.1886055616368617,0.14304640915902941,0.5686851827964424,0.4313148172035576
147,Lewisham,E09000023,1,Inner London,1,Insufficiently Active,147,1,1,2027,2027/28,,persistent_legacy,0.9066919177462912,0.06867507062654747,0.021836751218346707,0.002796260408814637,10,1.0,0.0,7.0,0.9067540659677534,0.0686322390035457,0.02180818022609258,0.0028055148026083347,0.07143775380615404,0.024613695028700915,0.7437446771779549,0.2562553228220451
136,Kensington and Chelsea,E09000020,1,Inner London,1,Insufficiently Active,136,1,1,2027,2027/28,,persistent_legacy,0.9066919177462912,0.06867507062654747,0.021836751218346707,0.002796260408814637,10,1.0,0.0,7.0,0.9067540659677534,0.0686322390035457,0.02180818022609258,0.0028055148026083347,0.07143775380615404,0.024613695028700915,0.7437446771779549,0.2562553228220451
78,Ealing,E09000009,2,Outer London,2,Active,78,2,2,2027,2027/28,,persistent_legacy,0.7743521515084014,0.09207427169177891,0.0638287487531092,0.06974482804671053,10,1.0,0.0,7.0,0.7743521515084014,0.09207427169177891,0.0638287487531092,0.06974482804671053,0.16181909973848946,0.13357357679981974,0.5478101273018638,0.45218987269813615
241,Southwark,E09000028,1,Inner London,2,Active,241,2,1,2027,2027/28,,persistent_legacy,0.7546772934348395,0.10227629740613103,0.05671714492829878,0.08632926423073067,10,1.0,0.0,7.0,0.7546772934348397,0.10227629740613103,0.05671714492829875,0.08632926423073066,0.1886055616368617,0.14304640915902941,0.5686851827964424,0.4313148172035576
91,Enfield,E09000010,2,Outer London,0,Inactive,91,0,2,2027,2027/28,,persistent_legacy,0.999323981867414,0.0005625946803877167,8.574087782780924e-05,2.7682574370444954e-05,10,1.0,0.0,7.0,0.9993933673206772,0.0005198462099482087,4.626238732629769e-05,4.052408204839692e-05,0.0005603702919966056,8.678646937469461e-05,0.8658957542361182,0.1341042457638818
255,Sutton,E09000029,2,Outer London,0,Inactive,255,0,2,2027,2027/28,,persistent_legacy,0.9994930267077237,0.0004271457049688914,3.784350707763274e-05,4.198408022974122e-05,10,1.0,0.0,7.0,0.9995980974501871,0.00032795038913728357,4.8446754652060484e-05,2.550540602338261e-05,0.0003534557951606662,7.39521606754431e-05,0.8269752360346792,0.17302476396532085
107,Greenwich,E09000011,2,Outer London,0,Inactive,107,0,2,2027,2027/28,,persistent_legacy,0.9993261297113716,0.0005572369856120335,8.914241984527097e-05,2.7490883171035883e-05,10,1.0,0.0,7.0,0.9993866280646981,0.0005262109318704581,4.64404422737858e-05,4.072056115764054e-05,0.0005669314930280987,8.716100343142634e-05,0.8667451409346357,0.13325485906536427
107,Greenwich,E09000011,2,Outer London,1,Insufficiently Active,107,1,2,2027,2027/28,,persistent_legacy,0.9085714985487255,0.06804172800081915,0.020992257631140335,0.0023945158193147027,10,1.0,0.0,7.0,0.9085255798133299,0.068119874010669,0.020976294434491796,0.0023782517415092724,0.07049812575217827,0.023354546176001068,0.7511573650894764,0.2488426349105236
91,Enfield,E09000010,2,Outer London,2,Active,91,2,2,2027,2027/28,,persistent_legacy,0.7743521515084014,0.09207427169177891,0.0638287487531092,0.06974482804671053,10,1.0,0.0,7.0,0.7743521515084014,0.09207427169177891,0.0638287487531092,0.06974482804671053,0.16181909973848946,0.13357357679981974,0.5478101273018638,0.45218987269813615
91,Enfield,E09000010,2,Outer London,1,Insufficiently Active,91,1,2,2027,2027/28,,persistent_legacy,0.9086303433959338,0.06790997235333751,0.02105039249074947,0.0024092917599790524,10,1.0,0.0,7.0,0.9085255798133299,0.068119874010669,0.020976294434491796,0.0023782517415092724,0.07049812575217827,0.023354546176001068,0.7511573650894764,0.2488426349105236
241,Southwark,E09000028,1,Inner London,0,Inactive,241,0,1,2027,2027/28,,persistent_legacy,0.9991443382023745,0.0007665577092595369,5.2795590642766384e-05,3.6308497723274046e-05,10,1.0,0.0,7.0,0.9995210183360738,0.00039506267008312257,5.895363162402199e-05,2.4965362219066894e-05,0.0004200280323021895,8.391899384308889e-05,0.8334765570798376,0.1665234429201624
241,Southwark,E09000028,1,Inner London,1,Insufficiently Active,241,1,1,2027,2027/28,,persistent_legacy,0.9067540659677534,0.0686322390035456,0.021808180226092565,0.00280551480260833,10,1.0,0.0,7.0,0.9066919177462912,0.06867507062654755,0.021836751218346728,0.0027962604088146424,0.0714713310353622,0.02463301162716137,0.7436847186639449,0.2563152813360551
112,Hammersmith and Fulham,E09000013,1,Inner London,0,Inactive,112,0,1,2027,2027/28,,persistent_legacy,0.9993446237211684,0.0005746135458757197,4.099850673672841e-05,3.9764226219235585e-05,10,1.0,0.0,7.0,0.9995562358469414,0.00036930672118813245,5.0916764811021255e-05,2.354066705938632e-05,0.00039284738824751876,7.445743187040757e-05,0.8406662446759742,0.15933375532402583
109,Hackney,E09000012,1,Inner London,2,Active,109,2,1,2027,2027/28,,persistent_legacy,0.7546661473179389,0.10226821718570123,0.05662467564752362,0.08644095984883636,10,1.0,0.0,7.0,0.7546772934348397,0.10227629740613103,0.05671714492829875,0.08632926423073066,0.1886055616368617,0.14304640915902941,0.5686851827964424,0.4313148172035576
109,Hackney,E09000012,1,Inner London,1,Insufficiently Active,109,1,1,2027,2027/28,,persistent_legacy,0.9067540659677534,0.0686322390035456,0.021808180226092565,0.00280551480260833,10,1.0,0.0,7.0,0.9066919177462912,0.06867507062654755,0.021836751218346728,0.0027962604088146424,0.0714713310353622,0.02463301162716137,0.7436847186639449,0.2563152813360551
201,Richmond upon Thames,E09000027,2,Outer London,2,Active,201,2,2,2027,2027/28,,persistent_legacy,0.7743450680280027,0.09209951571428744,0.0639432049374586,0.0696122113202513,10,1.0,0.0,7.0,0.7743521515084014,0.09207427169177891,0.0638287487531092,0.06974482804671053,0.16181909973848946,0.13357357679981974,0.5478101273018638,0.45218987269813615
109,Hackney,E09000012,1,Inner London,0,Inactive,109,0,1,2027,2027/28,,persistent_legacy,0.9991628438594787,0.0007201430394741872,8.961813166297365e-05,2.73949693841742e-05,10,1.0,0.0,7.0,0.9991948829633045,0.0007174094184893152,5.286745337834179e-05,3.484016482783719e-05,0.0007522495833171524,8.770761820617898e-05,0.8955808485871495,0.10441915141285052
107,Greenwich,E09000011,2,Outer London,2,Active,107,2,2,2027,2027/28,,persistent_legacy,0.7742677618379484,0.09209274249079231,0.06383667290373747,0.06980282276752167,10,1.0,0.0,7.0,0.7743521515084014,0.09207427169177891,0.0638287487531092,0.06974482804671053,0.16181909973848946,0.13357357679981974,0.5478101273018638,0.45218987269813615
117,Harrow,E09000015,2,Outer London,0,Inactive,117,0,2,2027,2027/28,,persistent_legacy,0.999593831761177,0.0003310828785755718,4.92473008799196e-05,2.5838059367652645e-05,10,1.0,0.0,7.0,0.9993270195433506,0.0005576252334343466,8.742710664212886e-05,2.792811657281653e-05,0.0005855533500071631,0.00011535522321494538,0.8354204419491514,0.16457955805084856
196,Redbridge,E09000026,2,Outer London,0,Inactive,196,0,2,2027,2027/28,,persistent_legacy,0.9993270195433506,0.0005576252334343446,8.742710664212855e-05,2.792811657281643e-05,10,1.0,0.0,7.0,0.9994015015263059,0.000512345195273315,4.552059076123808e-05,4.063268765950778e-05,0.0005529778829328227,8.615327842074586e-05,0.8652025067307183,0.1347974932692817
117,Harrow,E09000015,2,Outer London,1,Insufficiently Active,117,1,2,2027,2027/28,,persistent_legacy,0.9086303433959338,0.06790997235333751,0.02105039249074947,0.0024092917599790524,10,1.0,0.0,7.0,0.9085255798133299,0.068119874010669,0.020976294434491796,0.0023782517415092724,0.07049812575217827,0.023354546176001068,0.7511573650894764,0.2488426349105236
196,Redbridge,E09000026,2,Outer London,1,Insufficiently Active,196,1,2,2027,2027/28,,persistent_legacy,0.9085714985487255,0.06804172800081915,0.020992257631140335,0.0023945158193147027,10,1.0,0.0,7.0,0.9085255798133299,0.068119874010669,0.020976294434491796,0.0023782517415092724,0.07049812575217827,0.023354546176001068,0.7511573650894764,0.2488426349105236
122,Havering,E09000016,2,Outer London,1,Insufficiently Active,122,1,2,2027,2027/28,,persistent_legacy,0.9085255798133299,0.06811987401066898,0.020976294434491775,0.0023782517415092707,10,1.0,0.0,7.0,0.9085846023394498,0.0680519863551184,0.0209769534182414,0.0023864578871903713,0.07043844424230877,0.02336341130543177,0.7509280475422905,0.24907195245770952
122,Havering,E09000016,2,Outer London,2,Active,122,2,2,2027,2027/28,,persistent_legacy,0.7757361520122654,0.09296486536323412,0.0632558351123797,0.06804314751212087,10,1.0,0.0,7.0,0.7744037930805276,0.09301712432955081,0.06361285843686955,0.06896622415305208,0.16198334848260287,0.13257908258992163,0.5499117721591616,0.45008822784083835
122,Havering,E09000016,2,Outer London,0,Inactive,122,0,2,2027,2027/28,,persistent_legacy,0.9992849443664623,0.0005961171338432883,8.917674242217215e-05,2.976175727230302e-05,10,1.0,0.0,7.0,0.9995011225895925,0.00041964744177082006,3.748777333016026e-05,4.174219530645412e-05,0.00046138963707727416,7.922996863661438e-05,0.8534459945602765,0.14655400543972352
117,Harrow,E09000015,2,Outer London,2,Active,117,2,2,2027,2027/28,,persistent_legacy,0.7745222155772857,0.09307837350182555,0.06356972593189066,0.06882968498899789,10,1.0,0.0,7.0,0.7744432495293305,0.09202137886883824,0.06398187552660083,0.06955349607523031,0.16157487494406855,0.13353537160183115,0.5475068278218465,0.45249317217815355
201,Richmond upon Thames,E09000027,2,Outer London,0,Inactive,201,0,2,2027,2027/28,,persistent_legacy,0.9994930267077237,0.0004271457049688914,3.784350707763274e-05,4.198408022974122e-05,10,1.0,0.0,7.0,0.9995980974501871,0.00032795038913728357,4.8446754652060484e-05,2.550540602338261e-05,0.0003534557951606662,7.39521606754431e-05,0.8269752360346792,0.17302476396532085
201,Richmond upon Thames,E09000027,2,Outer London,1,Insufficiently Active,201,1,2,2027,2027/28,,persistent_legacy,0.9085255798133299,0.06811987401066898,0.020976294434491775,0.0023782517415092707,10,1.0,0.0,7.0,0.9085846023394498,0.0680519863551184,0.0209769534182414,0.0023864578871903713,0.07043844424230877,0.02336341130543177,0.7509280475422905,0.24907195245770952
114,Haringey,E09000014,1,Inner London,2,Active,114,2,1,2027,2027/28,,persistent_legacy,0.7546661473179389,0.10226821718570123,0.05662467564752362,0.08644095984883636,10,1.0,0.0,7.0,0.7546772934348397,0.10227629740613103,0.05671714492829875,0.08632926423073066,0.1886055616368617,0.14304640915902941,0.5686851827964424,0.4313148172035576
114,Haringey,E09000014,1,Inner London,1,Insufficiently Active,114,1,1,2027,2027/28,,persistent_legacy,0.9066919177462912,0.06867507062654747,0.021836751218346707,0.002796260408814637,10,1.0,0.0,7.0,0.9067540659677534,0.0686322390035457,0.02180818022609258,0.0028055148026083347,0.07143775380615404,0.024613695028700915,0.7437446771779549,0.2562553228220451
114,Haringey,E09000014,1,Inner London,0,Inactive,114,0,1,2027,2027/28,,persistent_legacy,0.9992837769506064,0.0006050440214902086,8.716775712214617e-05,2.4011270781328432e-05,10,1.0,0.0,7.0,0.99905311887329,0.0008499238508114747,6.0631498551173566e-05,3.632577734735397e-05,0.0008862496281588286,9.695727589852754e-05,0.901386701518858,0.09861329848114198
196,Redbridge,E09000026,2,Outer London,2,Active,196,2,2,2027,2027/28,,persistent_legacy,0.7742677618379484,0.09209274249079231,0.06383667290373747,0.06980282276752167,10,1.0,0.0,7.0,0.7743521515084014,0.09207427169177891,0.0638287487531092,0.06974482804671053,0.16181909973848946,0.13357357679981974,0.5478101273018638,0.45218987269813615
112,Hammersmith and Fulham,E09000013,1,Inner London,2,Active,112,2,1,2027,2027/28,,persistent_legacy,0.7546772934348395,0.10227629740613103,0.05671714492829878,0.08632926423073067,10,1.0,0.0,7.0,0.7546772934348397,0.10227629740613103,0.05671714492829875,0.08632926423073066,0.1886055616368617,0.14304640915902941,0.5686851827964424,0.4313148172035576
112,Hammersmith and Fulham,E09000013,1,Inner London,1,Insufficiently Active,112,1,1,2027,2027/28,,persistent_legacy,0.9066919177462912,0.06867507062654747,0.021836751218346707,0.002796260408814637,10,1.0,0.0,7.0,0.9067540659677534,0.0686322390035457,0.02180818022609258,0.0028055148026083347,0.07143775380615404,0.024613695028700915,0.7437446771779549,0.2562553228220451
35,Bromley,E09000006,2,Outer London,1,Insufficiently Active,35,1,2,2027,2027/28,,persistent_legacy,0.9085255798133299,0.06811987401066898,0.020976294434491775,0.0023782517415092707,10,1.0,0.0,7.0,0.9085846023394498,0.0680519863551184,0.0209769534182414,0.0023864578871903713,0.07043844424230877,0.02336341130543177,0.7509280475422905,0.24907195245770952
35,Bromley,E09000006,2,Outer London,2,Active,35,2,2,2027,2027/28,,persistent_legacy,0.7743521515084014,0.09207427169177891,0.0638287487531092,0.06974482804671053,10,1.0,0.0,7.0,0.7743521515084014,0.09207427169177891,0.0638287487531092,0.06974482804671053,0.16181909973848946,0.13357357679981974,0.5478101273018638,0.45218987269813615
272,Tower Hamlets,E09000030,1,Inner London,1,Insufficiently Active,272,1,1,2027,2027/28,,persistent_legacy,0.9066919177462912,0.06867507062654747,0.021836751218346707,0.002796260408814637,10,1.0,0.0,7.0,0.9067540659677534,0.0686322390035457,0.02180818022609258,0.0028055148026083347,0.07143775380615404,0.024613695028700915,0.7437446771779549,0.2562553228220451
44,Camden,E09000007,1,Inner London,0,Inactive,44,0,1,2027,2027/28,,persistent_legacy,0.999309231135372,0.0006070305494034454,4.353798500688783e-05,4.020033021755739e-05,10,1.0,0.0,7.0,0.9995586618516931,0.00036757274515657635,4.9747986544682016e-05,2.4017416605529785e-05,0.00039159016176210613,7.37654031502118e-05,0.8414859330969628,0.15851406690303715
44,Camden,E09000007,1,Inner London,1,Insufficiently Active,44,1,1,2027,2027/28,,persistent_legacy,0.9067873498394904,0.06863912301666421,0.021767728816720823,0.002805798327124674,10,1.0,0.0,7.0,0.9066919177462912,0.06867507062654755,0.021836751218346728,0.0027962604088146424,0.0714713310353622,0.02463301162716137,0.7436847186639449,0.2563152813360551
44,Camden,E09000007,1,Inner London,2,Active,44,2,1,2027,2027/28,,persistent_legacy,0.7546661473179389,0.10226821718570123,0.05662467564752362,0.08644095984883636,10,1.0,0.0,7.0,0.7546772934348397,0.10227629740613103,0.05671714492829875,0.08632926423073066,0.1886055616368617,0.14304640915902941,0.5686851827964424,0.4313148172035576
279,Waltham Forest,E09000031,2,Outer London,0,Inactive,279,0,2,2027,2027/28,,persistent_legacy,0.9995980974501871,0.00032795038913728357,4.8446754652060484e-05,2.550540602338261e-05,10,1.0,0.0,7.0,0.999305817985925,0.000578026161911064,8.821093848385536e-05,2.794491367993858e-05,0.0006059710755910026,0.00011615585216379394,0.8391475962197666,0.16085240378023336
272,Tower Hamlets,E09000030,1,Inner London,2,Active,272,2,1,2027,2027/28,,persistent_legacy,0.7546661473179389,0.10226821718570123,0.05662467564752362,0.08644095984883636,10,1.0,0.0,7.0,0.7546772934348397,0.10227629740613103,0.05671714492829875,0.08632926423073066,0.1886055616368617,0.14304640915902941,0.5686851827964424,0.4313148172035576
255,Sutton,E09000029,2,Outer London,2,Active,255,2,2,2027,2027/28,,persistent_legacy,0.7744104419519671,0.0921486109415251,0.06388864080772445,0.06955230629878335,10,1.0,0.0,7.0,0.7742677618379483,0.09209274249079237,0.0638366729037375,0.06980282276752169,0.16189556525831406,0.13363949567125918,0.5478049364061551,0.45219506359384487
272,Tower Hamlets,E09000030,1,Inner London,0,Inactive,272,0,1,2027,2027/28,,persistent_legacy,0.9995210183360738,0.00039506267008312257,5.895363162402199e-05,2.4965362219066894e-05,10,1.0,0.0,7.0,0.9991914157456163,0.0006898118426003415,9.184461522461004e-05,2.692779655868017e-05,0.0007167396391590217,0.0001187724117832902,0.8578447651959829,0.14215523480401715
78,Ealing,E09000009,2,Outer London,1,Insufficiently Active,78,1,2,2027,2027/28,,persistent_legacy,0.9085255798133299,0.06811987401066898,0.020976294434491775,0.0023782517415092707,10,1.0,0.0,7.0,0.9085846023394498,0.0680519863551184,0.0209769534182414,0.0023864578871903713,0.07043844424230877,0.02336341130543177,0.7509280475422905,0.24907195245770952
78,Ealing,E09000009,2,Outer London,0,Inactive,78,0,2,2027,2027/28,,persistent_legacy,0.9994931301909488,0.0004268400839805491,3.7889649981269615e-05,4.214007508949172e-05,10,1.0,0.0,7.0,0.9995980974501871,0.00032795038913728357,4.8446754652060484e-05,2.550540602338261e-05,0.0003534557951606662,7.39521606754431e-05,0.8269752360346792,0.17302476396532085
68,Croydon,E09000008,2,Outer London,2,Active,68,2,2,2027,2027/28,,persistent_legacy,0.7743450680280027,0.09209951571428744,0.0639432049374586,0.0696122113202513,10,1.0,0.0,7.0,0.7743521515084014,0.09207427169177891,0.0638287487531092,0.06974482804671053,0.16181909973848946,0.13357357679981974,0.5478101273018638,0.45218987269813615
255,Sutton,E09000029,2,Outer London,1,Insufficiently Active,255,1,2,2027,2027/28,,persistent_legacy,0.9085714985487255,0.06804172800081915,0.020992257631140335,0.0023945158193147027,10,1.0,0.0,7.0,0.9085255798133299,0.068119874010669,0.020976294434491796,0.0023782517415092724,0.07049812575217827,0.023354546176001068,0.7511573650894764,0.2488426349105236
68,Croydon,E09000008,2,Outer London,1,Insufficiently Active,68,1,2,2027,2027/28,,persistent_legacy,0.9085255798133299,0.06811987401066898,0.020976294434491775,0.0023782517415092707,10,1.0,0.0,7.0,0.9085846023394498,0.0680519863551184,0.0209769534182414,0.0023864578871903713,0.07043844424230877,0.02336341130543177,0.7509280475422905,0.24907195245770952
68,Croydon,E09000008,2,Outer London,0,Inactive,68,0,2,2027,2027/28,,persistent_legacy,0.9993270195433506,0.0005576252334343446,8.742710664212855e-05,2.792811657281643e-05,10,1.0,0.0,7.0,0.9994015015263059,0.000512345195273315,4.552059076123808e-05,4.063268765950778e-05,0.0005529778829328227,8.615327842074586e-05,0.8652025067307183,0.1347974932692817
17,Bexley,E09000004,2,Outer London,1,Insufficiently Active,17,1,2,2027,2027/28,,persistent_legacy,0.9085714985487255,0.06804172800081915,0.020992257631140335,0.0023945158193147027,10,1.0,0.0,7.0,0.9085255798133299,0.068119874010669,0.020976294434491796,0.0023782517415092724,0.07049812575217827,0.023354546176001068,0.7511573650894764,0.2488426349105236
279,Waltham Forest,E09000031,2,Outer London,1,Insufficiently Active,279,1,2,2027,2027/28,,persistent_legacy,0.9086303433959338,0.06790997235333751,0.02105039249074947,0.0024092917599790524,10,1.0,0.0,7.0,0.9085255798133299,0.068119874010669,0.020976294434491796,0.0023782517415092724,0.07049812575217827,0.023354546176001068,0.7511573650894764,0.2488426349105236
17,Bexley,E09000004,2,Outer London,2,Active,17,2,2,2027,2027/28,,persistent_legacy,0.7757361520122654,0.09296486536323412,0.0632558351123797,0.06804314751212087,10,1.0,0.0,7.0,0.7744037930805276,0.09301712432955081,0.06361285843686955,0.06896622415305208,0.16198334848260287,0.13257908258992163,0.5499117721591616,0.45008822784083835
279,Waltham Forest,E09000031,2,Outer London,2,Active,279,2,2,2027,2027/28,,persistent_legacy,0.7743521515084014,0.09207427169177891,0.0638287487531092,0.06974482804671053,10,1.0,0.0,7.0,0.7743521515084014,0.09207427169177891,0.0638287487531092,0.06974482804671053,0.16181909973848946,0.13357357679981974,0.5478101273018638,0.45218987269813615
30,Brent,E09000005,2,Outer London,2,Active,30,2,2,2027,2027/28,,persistent_legacy,0.7743450680280027,0.09209951571428744,0.0639432049374586,0.0696122113202513,10,1.0,0.0,7.0,0.7743521515084014,0.09207427169177891,0.0638287487531092,0.06974482804671053,0.16181909973848946,0.13357357679981974,0.5478101273018638,0.45218987269813615
35,Bromley,E09000006,2,Outer London,0,Inactive,35,0,2,2027,2027/28,,persistent_legacy,0.999593831761177,0.0003310828785755718,4.92473008799196e-05,2.5838059367652645e-05,10,1.0,0.0,7.0,0.9993270195433506,0.0005576252334343466,8.742710664212886e-05,2.792811657281653e-05,0.0005855533500071631,0.00011535522321494538,0.8354204419491514,0.16457955805084856
30,Brent,E09000005,2,Outer London,1,Insufficiently Active,30,1,2,2027,2027/28,,persistent_legacy,0.9085255798133299,0.06811987401066898,0.020976294434491775,0.0023782517415092707,10,1.0,0.0,7.0,0.9085846023394498,0.0680519863551184,0.0209769534182414,0.0023864578871903713,0.07043844424230877,0.02336341130543177,0.7509280475422905,0.24907195245770952
30,Brent,E09000005,2,Outer London,0,Inactive,30,0,2,2027,2027/28,,persistent_legacy,0.9993320367937271,0.000553519918356541,8.655230366133309e-05,2.789098425512858e-05,10,1.0,0.0,7.0,0.9994015015263059,0.000512345195273315,4.552059076123808e-05,4.063268765950778e-05,0.0005529778829328227,8.615327842074586e-05,0.8652025067307183,0.1347974932692817
280,Wandsworth,E09000032,1,Inner London,1,Insufficiently Active,280,1,1,2027,2027/28,,persistent_legacy,0.9066919177462912,0.06867507062654747,0.021836751218346707,0.002796260408814637,10,1.0,0.0,7.0,0.9067540659677534,0.0686322390035457,0.02180818022609258,0.0028055148026083347,0.07143775380615404,0.024613695028700915,0.7437446771779549,0.2562553228220451
280,Wandsworth,E09000032,1,Inner London,2,Active,280,2,1,2027,2027/28,,persistent_legacy,0.7546661473179389,0.10226821718570123,0.05662467564752362,0.08644095984883636,10,1.0,0.0,7.0,0.7546772934348397,0.10227629740613103,0.05671714492829875,0.08632926423073066,0.1886055616368617,0.14304640915902941,0.5686851827964424,0.4313148172035576
17,Bexley,E09000004,2,Outer London,0,Inactive,17,0,2,2027,2027/28,,persistent_legacy,0.999593831761177,0.0003310828785755718,4.92473008799196e-05,2.5838059367652645e-05,10,1.0,0.0,7.0,0.9993270195433506,0.0005576252334343466,8.742710664212886e-05,2.792811657281653e-05,0.0005855533500071631,0.00011535522321494538,0.8354204419491514,0.16457955805084856
9,Barnet,E09000003,2,Outer London,2,Active,9,2,2,2027,2027/28,,persistent_legacy,0.7744104419519671,0.0921486109415251,0.06388864080772445,0.06955230629878335,10,1.0,0.0,7.0,0.7742677618379483,0.09209274249079237,0.0638366729037375,0.06980282276752169,0.16189556525831406,0.13363949567125918,0.5478049364061551,0.45219506359384487
9,Barnet,E09000003,2,Outer London,1,Insufficiently Active,9,1,2,2027,2027/28,,persistent_legacy,0.9086303433959338,0.06790997235333751,0.02105039249074947,0.0024092917599790524,10,1.0,0.0,7.0,0.9085255798133299,0.068119874010669,0.020976294434491796,0.0023782517415092724,0.07049812575217827,0.023354546176001068,0.7511573650894764,0.2488426349105236
280,Wandsworth,E09000032,1,Inner London,0,Inactive,280,0,1,2027,2027/28,,persistent_legacy,0.999309231135372,0.0006070305494034454,4.353798500688783e-05,4.020033021755739e-05,10,1.0,0.0,7.0,0.9995586618516931,0.00036757274515657635,4.9747986544682016e-05,2.4017416605529785e-05,0.00039159016176210613,7.37654031502118e-05,0.8414859330969628,0.15851406690303715
9,Barnet,E09000003,2,Outer London,0,Inactive,9,0,2,2027,2027/28,,persistent_legacy,0.9994930267077237,0.0004271457049688914,3.784350707763274e-05,4.198408022974122e-05,10,1.0,0.0,7.0,0.9995980974501871,0.00032795038913728357,4.8446754652060484e-05,2.550540602338261e-05,0.0003534557951606662,7.39521606754431e-05,0.8269752360346792,0.17302476396532085
8,Barking and Dagenham,E09000002,2,Outer London,2,Active,8,2,2,2027,2027/28,,persistent_legacy,0.7743450680280027,0.09209951571428744,0.0639432049374586,0.0696122113202513,10,1.0,0.0,7.0,0.7743521515084014,0.09207427169177891,0.0638287487531092,0.06974482804671053,0.16181909973848946,0.13357357679981974,0.5478101273018638,0.45218987269813615
126,Hillingdon,E09000017,2,Outer London,0,Inactive,126,0,2,2028,2028/29,,persistent_legacy,0.9995980974501871,0.00032795038913728357,4.8446754652060484e-05,2.550540602338261e-05,11,1.0,0.0,8.0,0.999305817985925,0.000578026161911062,8.821093848385505e-05,2.7944913679938483e-05,0.0006059710755910004,0.00011615585216379354,0.8391475962197665,0.16085240378023347
126,Hillingdon,E09000017,2,Outer London,1,Insufficiently Active,126,1,2,2028,2028/29,,persistent_legacy,0.9085255798133299,0.068119874010669,0.020976294434491796,0.0023782517415092724,11,1.0,0.0,8.0,0.9085846023394499,0.06805198635511836,0.02097695341824138,0.0023864578871903696,0.07043844424230873,0.02336341130543175,0.7509280475422905,0.24907195245770952
171,Newham,E09000025,1,Inner London,0,Inactive,171,0,1,2028,2028/29,,persistent_legacy,0.9991570522887261,0.0007540034959459554,5.372320388523657e-05,3.522101144287158e-05,11,1.0,0.0,8.0,0.9995210183360738,0.0003950626700831222,5.895363162402199e-05,2.4965362219066894e-05,0.0004200280323021891,8.391899384308889e-05,0.8334765570798374,0.16652344292016263
126,Hillingdon,E09000017,2,Outer London,2,Active,126,2,2,2028,2028/29,,persistent_legacy,0.7744037930805276,0.09301712432955081,0.06361285843686955,0.06896622415305208,11,1.0,0.0,8.0,0.7742866592429797,0.0920252014213322,0.06388325156213612,0.06980488777355194,0.16183008919488415,0.13368813933568807,0.5476145752482486,0.45238542475175136
129,Hounslow,E09000018,2,Outer London,0,Inactive,129,0,2,2028,2028/29,,persistent_legacy,0.9993323667622858,0.0005546671212793714,8.518303796367691e-05,2.7783078471041278e-05,11,1.0,0.0,8.0,0.9993933673206772,0.000519846209948211,4.626238732629785e-05,4.052408204839706e-05,0.000560370291996608,8.678646937469492e-05,0.8658957542361184,0.13410424576388158
129,Hounslow,E09000018,2,Outer London,1,Insufficiently Active,129,1,2,2028,2028/29,,persistent_legacy,0.9085255798133299,0.068119874010669,0.020976294434491796,0.0023782517415092724,11,1.0,0.0,8.0,0.9085846023394499,0.06805198635511836,0.02097695341824138,0.0023864578871903696,0.07043844424230873,0.02336341130543175,0.7509280475422905,0.24907195245770952
171,Newham,E09000025,1,Inner London,2,Active,171,2,1,2028,2028/29,,persistent_legacy,0.7546772934348397,0.10227629740613103,0.05671714492829875,0.08632926423073066,11,1.0,0.0,8.0,0.7546772934348398,0.10227629740613096,0.056717144928298706,0.0863292642307306,0.18860556163686157,0.1430464091590293,0.5686851827964424,0.4313148172035576
171,Newham,E09000025,1,Inner London,1,Insufficiently Active,171,1,1,2028,2028/29,,persistent_legacy,0.9067540659677534,0.0686322390035457,0.02180818022609258,0.0028055148026083347,11,1.0,0.0,8.0,0.9066919177462913,0.06867507062654742,0.02183675121834669,0.0027962604088146354,0.07147133103536205,0.024633011627161326,0.7436847186639448,0.2563152813360552
160,Merton,E09000024,2,Outer London,1,Insufficiently Active,160,1,2,2028,2028/29,,persistent_legacy,0.9085255798133299,0.068119874010669,0.020976294434491796,0.0023782517415092724,11,1.0,0.0,8.0,0.9085846023394499,0.06805198635511836,0.02097695341824138,0.0023864578871903696,0.07043844424230873,0.02336341130543175,0.7509280475422905,0.24907195245770952
160,Merton,E09000024,2,Outer London,2,Active,160,2,2,2028,2028/29,,persistent_legacy,0.7743521515084014,0.09207427169177891,0.0638287487531092,0.06974482804671053,11,1.0,0.0,8.0,0.7743521515084014,0.09207427169177891,0.0638287487531092,0.06974482804671053,0.16181909973848946,0.13357357679981974,0.5478101273018638,0.45218987269813615
136,Kensington and Chelsea,E09000020,1,Inner London,0,Inactive,136,0,1,2028,2028/29,,persistent_legacy,0.9991704513299925,0.000741704606088962,5.29186342544781e-05,3.492542966419467e-05,11,1.0,0.0,8.0,0.9995210183360738,0.0003950626700831222,5.895363162402199e-05,2.4965362219066894e-05,0.0004200280323021891,8.391899384308889e-05,0.8334765570798374,0.16652344292016263
135,Islington,E09000019,1,Inner London,2,Active,135,2,1,2028,2028/29,,persistent_legacy,0.7546772934348397,0.10227629740613103,0.05671714492829875,0.08632926423073066,11,1.0,0.0,8.0,0.7546772934348398,0.10227629740613096,0.056717144928298706,0.0863292642307306,0.18860556163686157,0.1430464091590293,0.5686851827964424,0.4313148172035576
135,Islington,E09000019,1,Inner London,1,Insufficiently Active,135,1,1,2028,2028/29,,persistent_legacy,0.9066919177462912,0.06867507062654755,0.021836751218346728,0.0027962604088146424,11,1.0,0.0,8.0,0.9067540659677534,0.06863223900354565,0.02180818022609258,0.002805514802608332,0.07143775380615398,0.02461369502870091,0.7437446771779548,0.2562553228220452
160,Merton,E09000024,2,Outer London,0,Inactive,160,0,2,2028,2028/29,,persistent_legacy,0.9993174410498581,0.0005651974738225495,8.926605682296236e-05,2.809541949638975e-05,11,1.0,0.0,8.0,0.9994930267077237,0.00042714570496889216,3.784350707763281e-05,4.19840802297413e-05,0.0004691297851986335,7.98275873073741e-05,0.8545832676534452,0.14541673234655483
135,Islington,E09000019,1,Inner London,0,Inactive,135,0,1,2028,2028/29,,persistent_legacy,0.9991914157456163,0.0006898118426003415,9.184461522461004e-05,2.692779655868017e-05,11,1.0,0.0,8.0,0.9991704513299925,0.000741704606088964,5.291863425447819e-05,3.492542966419473e-05,0.0007766300357531587,8.784406391867292e-05,0.8983843888995403,0.10161561110045969
129,Hounslow,E09000018,2,Outer London,2,Active,129,2,2,2028,2028/29,,persistent_legacy,0.7744037930805276,0.09301712432955081,0.06361285843686955,0.06896622415305208,11,1.0,0.0,8.0,0.7742866592429797,0.0920252014213322,0.06388325156213612,0.06980488777355194,0.16183008919488415,0.13368813933568807,0.5476145752482486,0.45238542475175136
142,Lambeth,E09000022,1,Inner London,1,Insufficiently Active,142,1,1,2028,2028/29,,persistent_legacy,0.9067540659677534,0.0686322390035457,0.02180818022609258,0.0028055148026083347,11,1.0,0.0,8.0,0.9066919177462913,0.06867507062654742,0.02183675121834669,0.0027962604088146354,0.07147133103536205,0.024633011627161326,0.7436847186639448,0.2563152813360552
142,Lambeth,E09000022,1,Inner London,2,Active,142,2,1,2028,2028/29,,persistent_legacy,0.7546772934348397,0.10227629740613103,0.05671714492829875,0.08632926423073066,11,1.0,0.0,8.0,0.7546772934348398,0.10227629740613096,0.056717144928298706,0.0863292642307306,0.18860556163686157,0.1430464091590293,0.5686851827964424,0.4313148172035576
8,Barking and Dagenham,E09000002,2,Outer London,0,Inactive,8,0,2,2028,2028/29,,persistent_legacy,0.9993261297113716,0.0005572369856120345,8.914241984527113e-05,2.749088317103593e-05,11,1.0,0.0,8.0,0.9993866280646981,0.0005262109318704591,4.644044227378589e-05,4.0720561157640615e-05,0.0005669314930280997,8.71610034314265e-05,0.8667451409346357,0.13325485906536427
147,Lewisham,E09000023,1,Inner London,0,Inactive,147,0,1,2028,2028/29,,persistent_legacy,0.9989588045455248,0.0009190239798836614,8.859993178711734e-05,3.357154280432036e-05,11,1.0,0.0,8.0,0.9995382721547768,0.00039822727556608565,3.1515190855210554e-05,3.198537880179474e-05,0.0004302126543678804,6.35005696570053e-05,0.8713816714502172,0.12861832854978283
293,Westminster,E09000033,1,Inner London,1,Insufficiently Active,293,1,1,2028,2028/29,,persistent_legacy,0.9067540659677534,0.0686322390035457,0.02180818022609258,0.0028055148026083347,11,1.0,0.0,8.0,0.9066919177462913,0.06867507062654742,0.02183675121834669,0.0027962604088146354,0.07147133103536205,0.024633011627161326,0.7436847186639448,0.2563152813360552
293,Westminster,E09000033,1,Inner London,2,Active,293,2,1,2028,2028/29,,persistent_legacy,0.7546661473179389,0.10226821718570114,0.056624675647523576,0.08644095984883628,11,1.0,0.0,8.0,0.7546772934348398,0.10227629740613096,0.056717144928298706,0.0863292642307306,0.18860556163686157,0.1430464091590293,0.5686851827964424,0.4313148172035576
293,Westminster,E09000033,1,Inner London,0,Inactive,293,0,1,2028,2028/29,,persistent_legacy,0.9995210183360738,0.00039506267008312257,5.895363162402199e-05,2.4965362219066894e-05,11,1.0,0.0,8.0,0.9991914157456163,0.0006898118426003415,9.184461522461004e-05,2.692779655868017e-05,0.0007167396391590217,0.0001187724117832902,0.8578447651959829,0.14215523480401715
8,Barking and Dagenham,E09000002,2,Outer London,1,Insufficiently Active,8,1,2,2028,2028/29,,persistent_legacy,0.9085255798133299,0.068119874010669,0.020976294434491796,0.0023782517415092724,11,1.0,0.0,8.0,0.9085846023394499,0.06805198635511836,0.02097695341824138,0.0023864578871903696,0.07043844424230873,0.02336341130543175,0.7509280475422905,0.24907195245770952
139,Kingston upon Thames,E09000021,2,Outer London,0,Inactive,139,0,2,2028,2028/29,,persistent_legacy,0.9993290184915242,0.0005584527903804512,8.488294904122387e-05,2.764576905408629e-05,11,1.0,0.0,8.0,0.9993933673206772,0.000519846209948211,4.626238732629785e-05,4.052408204839706e-05,0.000560370291996608,8.678646937469492e-05,0.8658957542361184,0.13410424576388158
139,Kingston upon Thames,E09000021,2,Outer London,1,Insufficiently Active,139,1,2,2028,2028/29,,persistent_legacy,0.9085255798133299,0.068119874010669,0.020976294434491796,0.0023782517415092724,11,1.0,0.0,8.0,0.9085846023394499,0.06805198635511836,0.02097695341824138,0.0023864578871903696,0.07043844424230873,0.02336341130543175,0.7509280475422905,0.24907195245770952
142,Lambeth,E09000022,1,Inner London,0,Inactive,142,0,1,2028,2028/29,,persistent_legacy,0.9991914157456163,0.0006898118426003415,9.184461522461004e-05,2.692779655868017e-05,11,1.0,0.0,8.0,0.9991704513299925,0.000741704606088964,5.291863425447819e-05,3.492542966419473e-05,0.0007766300357531587,8.784406391867292e-05,0.8983843888995403,0.10161561110045969
139,Kingston upon Thames,E09000021,2,Outer London,2,Active,139,2,2,2028,2028/29,,persistent_legacy,0.7743521515084014,0.09207427169177891,0.0638287487531092,0.06974482804671053,11,1.0,0.0,8.0,0.7743521515084014,0.09207427169177891,0.0638287487531092,0.06974482804671053,0.16181909973848946,0.13357357679981974,0.5478101273018638,0.45218987269813615
147,Lewisham,E09000023,1,Inner London,2,Active,147,2,1,2028,2028/29,,persistent_legacy,0.7546772934348397,0.10227629740613103,0.05671714492829875,0.08632926423073066,11,1.0,0.0,8.0,0.7546772934348398,0.10227629740613096,0.056717144928298706,0.0863292642307306,0.18860556163686157,0.1430464091590293,0.5686851827964424,0.4313148172035576
136,Kensington and Chelsea,E09000020,1,Inner London,2,Active,136,2,1,2028,2028/29,,persistent_legacy,0.7546772934348397,0.10227629740613103,0.05671714492829875,0.08632926423073066,11,1.0,0.0,8.0,0.7546772934348398,0.10227629740613096,0.056717144928298706,0.0863292642307306,0.18860556163686157,0.1430464091590293,0.5686851827964424,0.4313148172035576
147,Lewisham,E09000023,1,Inner London,1,Insufficiently Active,147,1,1,2028,2028/29,,persistent_legacy,0.9067540659677534,0.0686322390035457,0.02180818022609258,0.0028055148026083347,11,1.0,0.0,8.0,0.9066919177462913,0.06867507062654742,0.02183675121834669,0.0027962604088146354,0.07147133103536205,0.024633011627161326,0.7436847186639448,0.2563152813360552
136,Kensington and Chelsea,E09000020,1,Inner London,1,Insufficiently Active,136,1,1,2028,2028/29,,persistent_legacy,0.9067540659677534,0.0686322390035457,0.02180818022609258,0.0028055148026083347,11,1.0,0.0,8.0,0.9066919177462913,0.06867507062654742,0.02183675121834669,0.0027962604088146354,0.07147133103536205,0.024633011627161326,0.7436847186639448,0.2563152813360552
78,Ealing,E09000009,2,Outer London,2,Active,78,2,2,2028,2028/29,,persistent_legacy,0.7743521515084014,0.09207427169177891,0.0638287487531092,0.06974482804671053,11,1.0,0.0,8.0,0.7743521515084014,0.09207427169177891,0.0638287487531092,0.06974482804671053,0.16181909973848946,0.13357357679981974,0.5478101273018638,0.45218987269813615
241,Southwark,E09000028,1,Inner London,2,Active,241,2,1,2028,2028/29,,persistent_legacy,0.7546772934348397,0.10227629740613103,0.05671714492829875,0.08632926423073066,11,1.0,0.0,8.0,0.7546772934348398,0.10227629740613096,0.056717144928298706,0.0863292642307306,0.18860556163686157,0.1430464091590293,0.5686851827964424,0.4313148172035576
91,Enfield,E09000010,2,Outer London,0,Inactive,91,0,2,2028,2028/29,,persistent_legacy,0.9993933673206772,0.0005198462099482087,4.626238732629769e-05,4.052408204839692e-05,11,1.0,0.0,8.0,0.9995918053179373,0.00033362051338132445,4.841901308072095e-05,2.6155155600787998e-05,0.00035977566898211244,7.457416868150895e-05,0.8283085148997746,0.17169148510022536
255,Sutton,E09000029,2,Outer London,0,Inactive,255,0,2,2028,2028/29,,persistent_legacy,0.9995980974501871,0.00032795038913728357,4.8446754652060484e-05,2.550540602338261e-05,11,1.0,0.0,8.0,0.999305817985925,0.000578026161911062,8.821093848385505e-05,2.7944913679938483e-05,0.0006059710755910004,0.00011615585216379354,0.8391475962197665,0.16085240378023347
107,Greenwich,E09000011,2,Outer London,0,Inactive,107,0,2,2028,2028/29,,persistent_legacy,0.9993866280646981,0.0005262109318704581,4.64404422737858e-05,4.072056115764054e-05,11,1.0,0.0,8.0,0.9995958121547694,0.00032985596903254013,4.8096212484518175e-05,2.6235663713385215e-05,0.0003560916327459253,7.43318761979034e-05,0.8273052594634093,0.17269474053659073
107,Greenwich,E09000011,2,Outer London,1,Insufficiently Active,107,1,2,2028,2028/29,,persistent_legacy,0.9085255798133299,0.068119874010669,0.020976294434491796,0.0023782517415092724,11,1.0,0.0,8.0,0.9085846023394499,0.06805198635511836,0.02097695341824138,0.0023864578871903696,0.07043844424230873,0.02336341130543175,0.7509280475422905,0.24907195245770952
91,Enfield,E09000010,2,Outer London,2,Active,91,2,2,2028,2028/29,,persistent_legacy,0.7743521515084014,0.09207427169177891,0.0638287487531092,0.06974482804671053,11,1.0,0.0,8.0,0.7743521515084014,0.09207427169177891,0.0638287487531092,0.06974482804671053,0.16181909973848946,0.13357357679981974,0.5478101273018638,0.45218987269813615
91,Enfield,E09000010,2,Outer London,1,Insufficiently Active,91,1,2,2028,2028/29,,persistent_legacy,0.9085255798133299,0.068119874010669,0.020976294434491796,0.0023782517415092724,11,1.0,0.0,8.0,0.9085846023394499,0.06805198635511836,0.02097695341824138,0.0023864578871903696,0.07043844424230873,0.02336341130543175,0.7509280475422905,0.24907195245770952
241,Southwark,E09000028,1,Inner London,0,Inactive,241,0,1,2028,2028/29,,persistent_legacy,0.9995210183360738,0.00039506267008312257,5.895363162402199e-05,2.4965362219066894e-05,11,1.0,0.0,8.0,0.9991914157456163,0.0006898118426003415,9.184461522461004e-05,2.692779655868017e-05,0.0007167396391590217,0.0001187724117832902,0.8578447651959829,0.14215523480401715
241,Southwark,E09000028,1,Inner London,1,Insufficiently Active,241,1,1,2028,2028/29,,persistent_legacy,0.9066919177462912,0.06867507062654755,0.021836751218346728,0.0027962604088146424,11,1.0,0.0,8.0,0.9067540659677534,0.06863223900354565,0.02180818022609258,0.002805514802608332,0.07143775380615398,0.02461369502870091,0.7437446771779548,0.2562553228220452
112,Hammersmith and Fulham,E09000013,1,Inner London,0,Inactive,112,0,1,2028,2028/29,,persistent_legacy,0.9995562358469414,0.00036930672118813245,5.0916764811021255e-05,2.354066705938632e-05,11,1.0,0.0,8.0,0.9991990653849622,0.0006791248602270324,9.506901122287427e-05,2.674074358800799e-05,0.0007058656038150405,0.00012180975481088225,0.8528290669265467,0.1471709330734533
109,Hackney,E09000012,1,Inner London,2,Active,109,2,1,2028,2028/29,,persistent_legacy,0.7546772934348397,0.10227629740613103,0.05671714492829875,0.08632926423073066,11,1.0,0.0,8.0,0.7546772934348398,0.10227629740613096,0.056717144928298706,0.0863292642307306,0.18860556163686157,0.1430464091590293,0.5686851827964424,0.4313148172035576
109,Hackney,E09000012,1,Inner London,1,Insufficiently Active,109,1,1,2028,2028/29,,persistent_legacy,0.9066919177462912,0.06867507062654755,0.021836751218346728,0.0027962604088146424,11,1.0,0.0,8.0,0.9067540659677534,0.06863223900354565,0.02180818022609258,0.002805514802608332,0.07143775380615398,0.02461369502870091,0.7437446771779548,0.2562553228220452
201,Richmond upon Thames,E09000027,2,Outer London,2,Active,201,2,2,2028,2028/29,,persistent_legacy,0.7743521515084014,0.09207427169177891,0.0638287487531092,0.06974482804671053,11,1.0,0.0,8.0,0.7743521515084014,0.09207427169177891,0.0638287487531092,0.06974482804671053,0.16181909973848946,0.13357357679981974,0.5478101273018638,0.45218987269813615
109,Hackney,E09000012,1,Inner London,0,Inactive,109,0,1,2028,2028/29,,persistent_legacy,0.9991948829633045,0.0007174094184893152,5.286745337834179e-05,3.484016482783719e-05,11,1.0,0.0,8.0,0.9995210183360738,0.0003950626700831222,5.895363162402199e-05,2.4965362219066894e-05,0.0004200280323021891,8.391899384308889e-05,0.8334765570798374,0.16652344292016263
107,Greenwich,E09000011,2,Outer London,2,Active,107,2,2,2028,2028/29,,persistent_legacy,0.7743521515084014,0.09207427169177891,0.0638287487531092,0.06974482804671053,11,1.0,0.0,8.0,0.7743521515084014,0.09207427169177891,0.0638287487531092,0.06974482804671053,0.16181909973848946,0.13357357679981974,0.5478101273018638,0.45218987269813615
117,Harrow,E09000015,2,Outer London,0,Inactive,117,0,2,2028,2028/29,,persistent_legacy,0.9993270195433506,0.0005576252334343466,8.742710664212886e-05,2.792811657281653e-05,11,1.0,0.0,8.0,0.9994015015263059,0.000512345195273316,4.5520590761238164e-05,4.063268765950785e-05,0.0005529778829328238,8.615327842074601e-05,0.8652025067307183,0.1347974932692817
196,Redbridge,E09000026,2,Outer London,0,Inactive,196,0,2,2028,2028/29,,persistent_legacy,0.9994015015263059,0.000512345195273315,4.552059076123808e-05,4.063268765950778e-05,11,1.0,0.0,8.0,0.9995934816843092,0.0003322441838061852,4.811987271044551e-05,2.6154259174351255e-05,0.0003583984429805365,7.427413188479677e-05,0.8283363998563714,0.17166360014362858
117,Harrow,E09000015,2,Outer London,1,Insufficiently Active,117,1,2,2028,2028/29,,persistent_legacy,0.9085255798133299,0.068119874010669,0.020976294434491796,0.0023782517415092724,11,1.0,0.0,8.0,0.9085846023394499,0.06805198635511836,0.02097695341824138,0.0023864578871903696,0.07043844424230873,0.02336341130543175,0.7509280475422905,0.24907195245770952
196,Redbridge,E09000026,2,Outer London,1,Insufficiently Active,196,1,2,2028,2028/29,,persistent_legacy,0.9085255798133299,0.068119874010669,0.020976294434491796,0.0023782517415092724,11,1.0,0.0,8.0,0.9085846023394499,0.06805198635511836,0.02097695341824138,0.0023864578871903696,0.07043844424230873,0.02336341130543175,0.7509280475422905,0.24907195245770952
122,Havering,E09000016,2,Outer London,1,Insufficiently Active,122,1,2,2028,2028/29,,persistent_legacy,0.9085846023394498,0.0680519863551184,0.0209769534182414,0.0023864578871903713,11,1.0,0.0,8.0,0.9085255798133299,0.0681198740106689,0.02097629443449175,0.002378251741509268,0.07049812575217816,0.02335454617600102,0.7511573650894766,0.24884263491052339
122,Havering,E09000016,2,Outer London,2,Active,122,2,2,2028,2028/29,,persistent_legacy,0.7744037930805276,0.09301712432955081,0.06361285843686955,0.06896622415305208,11,1.0,0.0,8.0,0.7742866592429797,0.0920252014213322,0.06388325156213612,0.06980488777355194,0.16183008919488415,0.13368813933568807,0.5476145752482486,0.45238542475175136
122,Havering,E09000016,2,Outer London,0,Inactive,122,0,2,2028,2028/29,,persistent_legacy,0.9995011225895925,0.00041964744177082006,3.748777333016026e-05,4.174219530645412e-05,11,1.0,0.0,8.0,0.9995875801788118,0.00033762603788496724,4.97018037481734e-05,2.509197955494752e-05,0.00036271801743991474,7.479378330312092e-05,0.8290473921478299,0.17095260785217015
117,Harrow,E09000015,2,Outer London,2,Active,117,2,2,2028,2028/29,,persistent_legacy,0.7744432495293305,0.09202137886883824,0.06398187552660083,0.06955349607523031,11,1.0,0.0,8.0,0.7743521515084014,0.09207427169177891,0.0638287487531092,0.06974482804671053,0.16181909973848946,0.13357357679981974,0.5478101273018638,0.45218987269813615
201,Richmond upon Thames,E09000027,2,Outer London,0,Inactive,201,0,2,2028,2028/29,,persistent_legacy,0.9995980974501871,0.00032795038913728357,4.8446754652060484e-05,2.550540602338261e-05,11,1.0,0.0,8.0,0.999305817985925,0.000578026161911062,8.821093848385505e-05,2.7944913679938483e-05,0.0006059710755910004,0.00011615585216379354,0.8391475962197665,0.16085240378023347
201,Richmond upon Thames,E09000027,2,Outer London,1,Insufficiently Active,201,1,2,2028,2028/29,,persistent_legacy,0.9085846023394498,0.0680519863551184,0.0209769534182414,0.0023864578871903713,11,1.0,0.0,8.0,0.9085255798133299,0.0681198740106689,0.02097629443449175,0.002378251741509268,0.07049812575217816,0.02335454617600102,0.7511573650894766,0.24884263491052339
114,Haringey,E09000014,1,Inner London,2,Active,114,2,1,2028,2028/29,,persistent_legacy,0.7546772934348397,0.10227629740613103,0.05671714492829875,0.08632926423073066,11,1.0,0.0,8.0,0.7546772934348398,0.10227629740613096,0.056717144928298706,0.0863292642307306,0.18860556163686157,0.1430464091590293,0.5686851827964424,0.4313148172035576
114,Haringey,E09000014,1,Inner London,1,Insufficiently Active,114,1,1,2028,2028/29,,persistent_legacy,0.9067540659677534,0.0686322390035457,0.02180818022609258,0.0028055148026083347,11,1.0,0.0,8.0,0.9066919177462913,0.06867507062654742,0.02183675121834669,0.0027962604088146354,0.07147133103536205,0.024633011627161326,0.7436847186639448,0.2563152813360552
114,Haringey,E09000014,1,Inner London,0,Inactive,114,0,1,2028,2028/29,,persistent_legacy,0.99905311887329,0.0008499238508114747,6.0631498551173566e-05,3.632577734735397e-05,11,1.0,0.0,8.0,0.9995287907240906,0.0003921525388141249,5.3492007882209644e-05,2.556472921287873e-05,0.0004177172680270036,7.905673709508837e-05,0.8408597545766135,0.15914024542338645
196,Redbridge,E09000026,2,Outer London,2,Active,196,2,2,2028,2028/29,,persistent_legacy,0.7743521515084014,0.09207427169177891,0.0638287487531092,0.06974482804671053,11,1.0,0.0,8.0,0.7743521515084014,0.09207427169177891,0.0638287487531092,0.06974482804671053,0.16181909973848946,0.13357357679981974,0.5478101273018638,0.45218987269813615
112,Hammersmith and Fulham,E09000013,1,Inner London,2,Active,112,2,1,2028,2028/29,,persistent_legacy,0.7546772934348397,0.10227629740613103,0.05671714492829875,0.08632926423073066,11,1.0,0.0,8.0,0.7546772934348398,0.10227629740613096,0.056717144928298706,0.0863292642307306,0.18860556163686157,0.1430464091590293,0.5686851827964424,0.4313148172035576
112,Hammersmith and Fulham,E09000013,1,Inner London,1,Insufficiently Active,112,1,1,2028,2028/29,,persistent_legacy,0.9067540659677534,0.0686322390035457,0.02180818022609258,0.0028055148026083347,11,1.0,0.0,8.0,0.9066919177462913,0.06867507062654742,0.02183675121834669,0.0027962604088146354,0.07147133103536205,0.024633011627161326,0.7436847186639448,0.2563152813360552
35,Bromley,E09000006,2,Outer London,1,Insufficiently Active,35,1,2,2028,2028/29,,persistent_legacy,0.9085846023394498,0.0680519863551184,0.0209769534182414,0.0023864578871903713,11,1.0,0.0,8.0,0.9085255798133299,0.0681198740106689,0.02097629443449175,0.002378251741509268,0.07049812575217816,0.02335454617600102,0.7511573650894766,0.24884263491052339
35,Bromley,E09000006,2,Outer London,2,Active,35,2,2,2028,2028/29,,persistent_legacy,0.7743521515084014,0.09207427169177891,0.0638287487531092,0.06974482804671053,11,1.0,0.0,8.0,0.7743521515084014,0.09207427169177891,0.0638287487531092,0.06974482804671053,0.16181909973848946,0.13357357679981974,0.5478101273018638,0.45218987269813615
272,Tower Hamlets,E09000030,1,Inner London,1,Insufficiently Active,272,1,1,2028,2028/29,,persistent_legacy,0.9067540659677534,0.0686322390035457,0.02180818022609258,0.0028055148026083347,11,1.0,0.0,8.0,0.9066919177462913,0.06867507062654742,0.02183675121834669,0.0027962604088146354,0.07147133103536205,0.024633011627161326,0.7436847186639448,0.2563152813360552
44,Camden,E09000007,1,Inner London,0,Inactive,44,0,1,2028,2028/29,,persistent_legacy,0.9995586618516931,0.00036757274515657635,4.9747986544682016e-05,2.4017416605529785e-05,11,1.0,0.0,8.0,0.9991976215840345,0.0006826752747534384,9.312447699942799e-05,2.6578664212740068e-05,0.0007092539389661784,0.00011970314121216806,0.8555979023830589,0.14440209761694112
44,Camden,E09000007,1,Inner London,1,Insufficiently Active,44,1,1,2028,2028/29,,persistent_legacy,0.9066919177462912,0.06867507062654755,0.021836751218346728,0.0027962604088146424,11,1.0,0.0,8.0,0.9067540659677534,0.06863223900354565,0.02180818022609258,0.002805514802608332,0.07143775380615398,0.02461369502870091,0.7437446771779548,0.2562553228220452
44,Camden,E09000007,1,Inner London,2,Active,44,2,1,2028,2028/29,,persistent_legacy,0.7546772934348397,0.10227629740613103,0.05671714492829875,0.08632926423073066,11,1.0,0.0,8.0,0.7546772934348398,0.10227629740613096,0.056717144928298706,0.0863292642307306,0.18860556163686157,0.1430464091590293,0.5686851827964424,0.4313148172035576
279,Waltham Forest,E09000031,2,Outer London,0,Inactive,279,0,2,2028,2028/29,,persistent_legacy,0.999305817985925,0.000578026161911064,8.821093848385536e-05,2.794491367993858e-05,11,1.0,0.0,8.0,0.9994015015263059,0.000512345195273316,4.5520590761238164e-05,4.063268765950785e-05,0.0005529778829328238,8.615327842074601e-05,0.8652025067307183,0.1347974932692817
272,Tower Hamlets,E09000030,1,Inner London,2,Active,272,2,1,2028,2028/29,,persistent_legacy,0.7546772934348397,0.10227629740613103,0.05671714492829875,0.08632926423073066,11,1.0,0.0,8.0,0.7546772934348398,0.10227629740613096,0.056717144928298706,0.0863292642307306,0.18860556163686157,0.1430464091590293,0.5686851827964424,0.4313148172035576
255,Sutton,E09000029,2,Outer London,2,Active,255,2,2,2028,2028/29,,persistent_legacy,0.7742677618379483,0.09209274249079237,0.0638366729037375,0.06980282276752169,11,1.0,0.0,8.0,0.7743521515084014,0.09207427169177891,0.0638287487531092,0.06974482804671053,0.16181909973848946,0.13357357679981974,0.5478101273018638,0.45218987269813615
272,Tower Hamlets,E09000030,1,Inner London,0,Inactive,272,0,1,2028,2028/29,,persistent_legacy,0.9991914157456163,0.0006898118426003415,9.184461522461004e-05,2.692779655868017e-05,11,1.0,0.0,8.0,0.9991704513299925,0.000741704606088964,5.291863425447819e-05,3.492542966419473e-05,0.0007766300357531587,8.784406391867292e-05,0.8983843888995403,0.10161561110045969
78,Ealing,E09000009,2,Outer London,1,Insufficiently Active,78,1,2,2028,2028/29,,persistent_legacy,0.9085846023394498,0.0680519863551184,0.0209769534182414,0.0023864578871903713,11,1.0,0.0,8.0,0.9085255798133299,0.0681198740106689,0.02097629443449175,0.002378251741509268,0.07049812575217816,0.02335454617600102,0.7511573650894766,0.24884263491052339
78,Ealing,E09000009,2,Outer London,0,Inactive,78,0,2,2028,2028/29,,persistent_legacy,0.9995980974501871,0.00032795038913728357,4.8446754652060484e-05,2.550540602338261e-05,11,1.0,0.0,8.0,0.999305817985925,0.000578026161911062,8.821093848385505e-05,2.7944913679938483e-05,0.0006059710755910004,0.00011615585216379354,0.8391475962197665,0.16085240378023347
68,Croydon,E09000008,2,Outer London,2,Active,68,2,2,2028,2028/29,,persistent_legacy,0.7743521515084014,0.09207427169177891,0.0638287487531092,0.06974482804671053,11,1.0,0.0,8.0,0.7743521515084014,0.09207427169177891,0.0638287487531092,0.06974482804671053,0.16181909973848946,0.13357357679981974,0.5478101273018638,0.45218987269813615
255,Sutton,E09000029,2,Outer London,1,Insufficiently Active,255,1,2,2028,2028/29,,persistent_legacy,0.9085255798133299,0.068119874010669,0.020976294434491796,0.0023782517415092724,11,1.0,0.0,8.0,0.9085846023394499,0.06805198635511836,0.02097695341824138,0.0023864578871903696,0.07043844424230873,0.02336341130543175,0.7509280475422905,0.24907195245770952
68,Croydon,E09000008,2,Outer London,1,Insufficiently Active,68,1,2,2028,2028/29,,persistent_legacy,0.9085846023394498,0.0680519863551184,0.0209769534182414,0.0023864578871903713,11,1.0,0.0,8.0,0.9085255798133299,0.0681198740106689,0.02097629443449175,0.002378251741509268,0.07049812575217816,0.02335454617600102,0.7511573650894766,0.24884263491052339
68,Croydon,E09000008,2,Outer London,0,Inactive,68,0,2,2028,2028/29,,persistent_legacy,0.9994015015263059,0.000512345195273315,4.552059076123808e-05,4.063268765950778e-05,11,1.0,0.0,8.0,0.9995934816843092,0.0003322441838061852,4.811987271044551e-05,2.6154259174351255e-05,0.0003583984429805365,7.427413188479677e-05,0.8283363998563714,0.17166360014362858
17,Bexley,E09000004,2,Outer London,1,Insufficiently Active,17,1,2,2028,2028/29,,persistent_legacy,0.9085255798133299,0.068119874010669,0.020976294434491796,0.0023782517415092724,11,1.0,0.0,8.0,0.9085846023394499,0.06805198635511836,0.02097695341824138,0.0023864578871903696,0.07043844424230873,0.02336341130543175,0.7509280475422905,0.24907195245770952
279,Waltham Forest,E09000031,2,Outer London,1,Insufficiently Active,279,1,2,2028,2028/29,,persistent_legacy,0.9085255798133299,0.068119874010669,0.020976294434491796,0.0023782517415092724,11,1.0,0.0,8.0,0.9085846023394499,0.06805198635511836,0.02097695341824138,0.0023864578871903696,0.07043844424230873,0.02336341130543175,0.7509280475422905,0.24907195245770952
17,Bexley,E09000004,2,Outer London,2,Active,17,2,2,2028,2028/29,,persistent_legacy,0.7744037930805276,0.09301712432955081,0.06361285843686955,0.06896622415305208,11,1.0,0.0,8.0,0.7742866592429797,0.0920252014213322,0.06388325156213612,0.06980488777355194,0.16183008919488415,0.13368813933568807,0.5476145752482486,0.45238542475175136
279,Waltham Forest,E09000031,2,Outer London,2,Active,279,2,2,2028,2028/29,,persistent_legacy,0.7743521515084014,0.09207427169177891,0.0638287487531092,0.06974482804671053,11,1.0,0.0,8.0,0.7743521515084014,0.09207427169177891,0.0638287487531092,0.06974482804671053,0.16181909973848946,0.13357357679981974,0.5478101273018638,0.45218987269813615
30,Brent,E09000005,2,Outer London,2,Active,30,2,2,2028,2028/29,,persistent_legacy,0.7743521515084014,0.09207427169177891,0.0638287487531092,0.06974482804671053,11,1.0,0.0,8.0,0.7743521515084014,0.09207427169177891,0.0638287487531092,0.06974482804671053,0.16181909973848946,0.13357357679981974,0.5478101273018638,0.45218987269813615
35,Bromley,E09000006,2,Outer London,0,Inactive,35,0,2,2028,2028/29,,persistent_legacy,0.9993270195433506,0.0005576252334343466,8.742710664212886e-05,2.792811657281653e-05,11,1.0,0.0,8.0,0.9994015015263059,0.000512345195273316,4.5520590761238164e-05,4.063268765950785e-05,0.0005529778829328238,8.615327842074601e-05,0.8652025067307183,0.1347974932692817
30,Brent,E09000005,2,Outer London,1,Insufficiently Active,30,1,2,2028,2028/29,,persistent_legacy,0.9085846023394498,0.0680519863551184,0.0209769534182414,0.0023864578871903713,11,1.0,0.0,8.0,0.9085255798133299,0.0681198740106689,0.02097629443449175,0.002378251741509268,0.07049812575217816,0.02335454617600102,0.7511573650894766,0.24884263491052339
30,Brent,E09000005,2,Outer London,0,Inactive,30,0,2,2028,2028/29,,persistent_legacy,0.9994015015263059,0.000512345195273315,4.552059076123808e-05,4.063268765950778e-05,11,1.0,0.0,8.0,0.9995934816843092,0.0003322441838061852,4.811987271044551e-05,2.6154259174351255e-05,0.0003583984429805365,7.427413188479677e-05,0.8283363998563714,0.17166360014362858
280,Wandsworth,E09000032,1,Inner London,1,Insufficiently Active,280,1,1,2028,2028/29,,persistent_legacy,0.9067540659677534,0.0686322390035457,0.02180818022609258,0.0028055148026083347,11,1.0,0.0,8.0,0.9066919177462913,0.06867507062654742,0.02183675121834669,0.0027962604088146354,0.07147133103536205,0.024633011627161326,0.7436847186639448,0.2563152813360552
280,Wandsworth,E09000032,1,Inner London,2,Active,280,2,1,2028,2028/29,,persistent_legacy,0.7546772934348397,0.10227629740613103,0.05671714492829875,0.08632926423073066,11,1.0,0.0,8.0,0.7546772934348398,0.10227629740613096,0.056717144928298706,0.0863292642307306,0.18860556163686157,0.1430464091590293,0.5686851827964424,0.4313148172035576
17,Bexley,E09000004,2,Outer London,0,Inactive,17,0,2,2028,2028/29,,persistent_legacy,0.9993270195433506,0.0005576252334343466,8.742710664212886e-05,2.792811657281653e-05,11,1.0,0.0,8.0,0.9994015015263059,0.000512345195273316,4.5520590761238164e-05,4.063268765950785e-05,0.0005529778829328238,8.615327842074601e-05,0.8652025067307183,0.1347974932692817
9,Barnet,E09000003,2,Outer London,2,Active,9,2,2,2028,2028/29,,persistent_legacy,0.7742677618379483,0.09209274249079237,0.0638366729037375,0.06980282276752169,11,1.0,0.0,8.0,0.7743521515084014,0.09207427169177891,0.0638287487531092,0.06974482804671053,0.16181909973848946,0.13357357679981974,0.5478101273018638,0.45218987269813615
9,Barnet,E09000003,2,Outer London,1,Insufficiently Active,9,1,2,2028,2028/29,,persistent_legacy,0.9085255798133299,0.068119874010669,0.020976294434491796,0.0023782517415092724,11,1.0,0.0,8.0,0.9085846023394499,0.06805198635511836,0.02097695341824138,0.0023864578871903696,0.07043844424230873,0.02336341130543175,0.7509280475422905,0.24907195245770952
280,Wandsworth,E09000032,1,Inner London,0,Inactive,280,0,1,2028,2028/29,,persistent_legacy,0.9995586618516931,0.00036757274515657635,4.9747986544682016e-05,2.4017416605529785e-05,11,1.0,0.0,8.0,0.9991976215840345,0.0006826752747534384,9.312447699942799e-05,2.6578664212740068e-05,0.0007092539389661784,0.00011970314121216806,0.8555979023830589,0.14440209761694112
9,Barnet,E09000003,2,Outer London,0,Inactive,9,0,2,2028,2028/29,,persistent_legacy,0.9995980974501871,0.00032795038913728357,4.8446754652060484e-05,2.550540602338261e-05,11,1.0,0.0,8.0,0.999305817985925,0.000578026161911062,8.821093848385505e-05,2.7944913679938483e-05,0.0006059710755910004,0.00011615585216379354,0.8391475962197665,0.16085240378023347
8,Barking and Dagenham,E09000002,2,Outer London,2,Active,8,2,2,2028,2028/29,,persistent_legacy,0.7743521515084014,0.09207427169177891,0.0638287487531092,0.06974482804671053,11,1.0,0.0,8.0,0.7743521515084014,0.09207427169177891,0.0638287487531092,0.06974482804671053,0.16181909973848946,0.13357357679981974,0.5478101273018638,0.45218987269813615
126,Hillingdon,E09000017,2,Outer London,0,Inactive,126,0,2,2023,2023/24,,legacy_recovery,0.984917322364552,0.009602636689636576,0.005451625873496509,2.8415072315082377e-05,6,0.0,0.0,0.0,0.9995541637393847,0.00033533992041732925,3.8056559469876734e-05,7.243978072808506e-05,0.00040777970114541434,0.0001104963401979618,0.7868002157468937,0.21319978425310626
126,Hillingdon,E09000017,2,Outer London,1,Insufficiently Active,126,1,2,2023,2023/24,,legacy_recovery,0.8842656233108162,0.09848245543661713,0.0035700425037844073,0.013681878748782284,6,0.0,0.0,0.0,0.9100915716339867,0.07211196369576098,0.014046903622152836,0.0037495610480996443,0.07586152474386063,0.01779646467025248,0.8099845535700687,0.1900154464299313
171,Newham,E09000025,1,Inner London,0,Inactive,171,0,1,2023,2023/24,,legacy_recovery,0.9997306715863109,0.00020240158484451608,4.1417796703733286e-05,2.5509032140831113e-05,6,0.0,0.0,0.0,0.9993428595902027,0.0005514334112428274,8.22906712290028e-05,2.3416327325481994e-05,0.0005748497385683094,0.0001057069985544848,0.8446757003664607,0.15532429963353933
126,Hillingdon,E09000017,2,Outer London,2,Active,126,2,2,2023,2023/24,,legacy_recovery,0.8024332653596243,0.0976830296146567,0.04185634646837572,0.05802735855734328,6,0.0,0.0,0.0,0.7915279531644375,0.09758127089102497,0.05035930293101282,0.06053147301352462,0.1581127439045496,0.11089077594453745,0.5877720261550927,0.4122279738449073
129,Hounslow,E09000018,2,Outer London,0,Inactive,129,0,2,2023,2023/24,,legacy_recovery,0.9995924285804139,0.00030629186178924087,6.267704906233825e-05,3.8602508734597194e-05,6,0.0,0.0,0.0,0.9996184759345369,0.00031028898820871617,4.350739230719313e-05,2.7727684947123925e-05,0.0003380166731558401,7.123507725431706e-05,0.8259382466100038,0.1740617533899962
129,Hounslow,E09000018,2,Outer London,1,Insufficiently Active,129,1,2,2023,2023/24,,legacy_recovery,0.8233343585181764,0.13181544459877945,0.03893993929091779,0.005910257592126511,6,0.0,0.0,0.0,0.9094935706014179,0.07236791625633676,0.015915113822572657,0.0022233993196727375,0.0745913155760095,0.018138513142245394,0.804393975563608,0.19560602443639197
171,Newham,E09000025,1,Inner London,2,Active,171,2,1,2023,2023/24,,legacy_recovery,0.7568073525818673,0.1107383305241982,0.09017028009601671,0.04228403679791792,6,0.0,0.0,0.0,0.7623681623331174,0.10602978393295219,0.05079040725882801,0.08081164647510218,0.18684143040805437,0.1316020537339302,0.5867334070643044,0.41326659293569556
171,Newham,E09000025,1,Inner London,1,Insufficiently Active,171,1,1,2023,2023/24,,legacy_recovery,0.9044173433805617,0.07756079606294115,0.016649183434858484,0.0013726771216387606,6,0.0,0.0,0.0,0.9074953353473438,0.06813864071702164,0.021297252982913437,0.003068770952721213,0.07120741166974284,0.02436602393563465,0.7450544308541768,0.2549455691458232
160,Merton,E09000024,2,Outer London,1,Insufficiently Active,160,1,2,2023,2023/24,,legacy_recovery,0.9265250993867507,0.03403859254839563,0.03171430595167836,0.007722002113175273,6,0.0,0.0,0.0,0.9107356850797452,0.07076929519593896,0.015538347250475705,0.002956672473840209,0.07372596766977917,0.018495019724315914,0.7994489080313171,0.20055109196868293
160,Merton,E09000024,2,Outer London,2,Active,160,2,2,2023,2023/24,,legacy_recovery,0.7113402712220858,0.0892780487405034,0.08097534894095852,0.11840633109645235,6,0.0,0.0,0.0,0.7685935117927826,0.09762514123876874,0.058249578308244884,0.07553176866020384,0.1731569098989726,0.13378134696844873,0.5641424815081487,0.4358575184918513
136,Kensington and Chelsea,E09000020,1,Inner London,0,Inactive,136,0,1,2023,2023/24,,legacy_recovery,0.9859748591417048,0.013939376981250112,5.307514019861555e-05,3.268873684638963e-05,6,0.0,0.0,0.0,0.9995347651685094,0.0003681621094858549,6.891066157402328e-05,2.8162060430720438e-05,0.00039632416991657537,9.707272200474372e-05,0.8032563163769916,0.19674368362300843
135,Islington,E09000019,1,Inner London,2,Active,135,2,1,2023,2023/24,,legacy_recovery,0.7092591786930056,0.11402738702372284,0.032794908798415866,0.14391852548485576,6,0.0,0.0,0.0,0.7520805767146063,0.10591825203065461,0.04765504119171493,0.09434613006302435,0.20026438209367897,0.14200117125473927,0.5851140441521866,0.4148859558478134
135,Islington,E09000019,1,Inner London,1,Insufficiently Active,135,1,1,2023,2023/24,,legacy_recovery,0.8602236598622766,0.08909994834346588,0.04902863815606932,0.0016477536381881565,6,0.0,0.0,0.0,0.9060929305326827,0.07234765318667657,0.018865164966689274,0.0026942513139514646,0.07504190450062805,0.021559416280640738,0.7768206883065604,0.22317931169343963
160,Merton,E09000024,2,Outer London,0,Inactive,160,0,2,2023,2023/24,,legacy_recovery,0.9861504887209546,0.0030673066641664533,6.149492669924798e-05,0.010720709688179609,6,0.0,0.0,0.0,0.9994824540785133,0.00043315847974337627,5.6455233650943144e-05,2.793220809236098e-05,0.00046109068783573725,8.438744174330413e-05,0.8452963791446085,0.15470362085539147
135,Islington,E09000019,1,Inner London,0,Inactive,135,0,1,2023,2023/24,,legacy_recovery,0.9996483536943416,0.0002642638724785515,5.407678677450088e-05,3.330564640535971e-05,6,0.0,0.0,0.0,0.9995328878338967,0.00038345201561440755,5.804118457784297e-05,2.5618965911246807e-05,0.00040907098152565436,8.366015048908977e-05,0.8302113565525907,0.1697886434474093
129,Hounslow,E09000018,2,Outer London,2,Active,129,2,2,2023,2023/24,,legacy_recovery,0.8068420849482937,0.08035386592686611,0.0595749632788433,0.053229085845996844,6,0.0,0.0,0.0,0.7858537043227511,0.09960826706283622,0.05855128669597559,0.0559867419184371,0.15559500898127332,0.11453802861441269,0.5759940004604538,0.4240059995395462
142,Lambeth,E09000022,1,Inner London,1,Insufficiently Active,142,1,1,2023,2023/24,,legacy_recovery,0.8498032669729626,0.10117677260612322,0.04776026589539731,0.001259694525516845,6,0.0,0.0,0.0,0.9137403748183472,0.06354575770576372,0.017589858586872165,0.005124008889016876,0.06866976659478059,0.022713867475889042,0.7514449090706576,0.24855509092934236
142,Lambeth,E09000022,1,Inner London,2,Active,142,2,1,2023,2023/24,,legacy_recovery,0.7358172494249844,0.1546172856020863,0.030740209148380975,0.07882525582454822,6,0.0,0.0,0.0,0.7564477460159418,0.10763090627376874,0.050007888174258795,0.08591345953603056,0.1935443658097993,0.13592134771028935,0.5874491877832326,0.41255081221676737
8,Barking and Dagenham,E09000002,2,Outer London,0,Inactive,8,0,2,2023,2023/24,,legacy_recovery,0.9937404190324624,0.006202987198461382,3.5023162799818304e-05,2.157060627644629e-05,6,0.0,0.0,0.0,0.9992715704812395,0.0004832886805237637,0.00022346962375603455,2.1671214480501024e-05,0.0005049598950042647,0.00024514083823653555,0.6731894432666292,0.3268105567333708
147,Lewisham,E09000023,1,Inner London,0,Inactive,147,0,1,2023,2023/24,,legacy_recovery,0.9956837825063862,0.004233095084727344,5.144046255018946e-05,3.1681946336216486e-05,6,0.0,0.0,0.0,0.9995348748869977,0.00037893345404529396,6.06658253232551e-05,2.5525833633807116e-05,0.00040445928767910105,8.619165895706222e-05,0.824332023512885,0.17566797648711496
293,Westminster,E09000033,1,Inner London,1,Insufficiently Active,293,1,1,2023,2023/24,,legacy_recovery,0.9668134926415195,0.015701807008912334,0.015231378699521719,0.0022533216500463076,6,0.0,0.0,0.0,0.9089039110907328,0.0715166519620734,0.015547310760724535,0.0040321261864691895,0.07554877814854258,0.019579436947193725,0.7941784471884694,0.20582155281153058
293,Westminster,E09000033,1,Inner London,2,Active,293,2,1,2023,2023/24,,legacy_recovery,0.7490997766515309,0.09618908895533515,0.06788568717781406,0.08682544721531986,6,0.0,0.0,0.0,0.7587948098966012,0.1062903544755587,0.05170110616267283,0.0832137294651672,0.18950408394072588,0.13491483562784,0.5841338852639703,0.41586611473602975
293,Westminster,E09000033,1,Inner London,0,Inactive,293,0,1,2023,2023/24,,legacy_recovery,0.9855355751386501,0.010785975625888318,0.003644158067037398,3.429116842407226e-05,6,0.0,0.0,0.0,0.9996048702621422,0.00031540197185622883,3.115329383153514e-05,4.8574472170321335e-05,0.0003639764440265502,7.972776600185647e-05,0.8203132532892754,0.1796867467107246
8,Barking and Dagenham,E09000002,2,Outer London,1,Insufficiently Active,8,1,2,2023,2023/24,,legacy_recovery,0.9510664457471703,0.023381554121869343,0.024473047723932696,0.0010789524070277932,6,0.0,0.0,0.0,0.9099929171165697,0.069918574629949,0.014210955890457367,0.005877552363023829,0.07579612699297283,0.020088508253481196,0.7904929376656923,0.20950706233430771
139,Kingston upon Thames,E09000021,2,Outer London,0,Inactive,139,0,2,2023,2023/24,,legacy_recovery,0.9918230189650598,0.00030961745363226276,6.335757084273678e-05,0.007804006010465345,6,0.0,0.0,0.0,0.9994865527203932,0.00043785070046659054,4.819474658123816e-05,2.740183255897441e-05,0.00046525253302556497,7.559657914021258e-05,0.8602261195594951,0.13977388044050487
139,Kingston upon Thames,E09000021,2,Outer London,1,Insufficiently Active,139,1,2,2023,2023/24,,legacy_recovery,0.8887934357082956,0.04063171056322307,0.06910958298770987,0.00146527074077146,6,0.0,0.0,0.0,0.9051590146330509,0.07344572801424398,0.019019188256216676,0.0023760690964885222,0.0758217971107325,0.0213952573527052,0.7799227977972556,0.2200772022027444
142,Lambeth,E09000022,1,Inner London,0,Inactive,142,0,1,2023,2023/24,,legacy_recovery,0.999661911415623,0.00025407518040311365,5.1991856573081776e-05,3.202154740077419e-05,6,0.0,0.0,0.0,0.9995217743781727,0.0003930462087455527,5.899289452990588e-05,2.618651855194165e-05,0.0004192327272974944,8.517941308184753e-05,0.831131318493269,0.16886868150673096
139,Kingston upon Thames,E09000021,2,Outer London,2,Active,139,2,2,2023,2023/24,,legacy_recovery,0.7519796513969885,0.09966036619426138,0.06463949694557955,0.08372048546317039,6,0.0,0.0,0.0,0.7769544353242712,0.0948805016066131,0.06094013433197174,0.06722492873714393,0.16210543034375702,0.12816506306911568,0.558463343751522,0.44153665624847804
147,Lewisham,E09000023,1,Inner London,2,Active,147,2,1,2023,2023/24,,legacy_recovery,0.7099684058101758,0.10042753875336083,0.07059399432067952,0.1190100611157839,6,0.0,0.0,0.0,0.7524124668306587,0.10567150013044321,0.046407164020634405,0.09550886901826393,0.20118036914870713,0.14191603303889833,0.586366886583385,0.413633113416615
136,Kensington and Chelsea,E09000020,1,Inner London,2,Active,136,2,1,2023,2023/24,,legacy_recovery,0.7423352727325768,0.08380293705026805,0.0623817129795566,0.1114800772375984,6,0.0,0.0,0.0,0.7555834441666198,0.10732162364573998,0.0527713951598053,0.0843235370278348,0.1916451606735748,0.1370949321876401,0.582968627299385,0.41703137270061497
147,Lewisham,E09000023,1,Inner London,1,Insufficiently Active,147,1,1,2023,2023/24,,legacy_recovery,0.9240240287901813,0.04381731903944195,0.01988568472021317,0.01227296745016361,6,0.0,0.0,0.0,0.9064177556647938,0.07264834646579353,0.016429937881182428,0.004503959988230247,0.07715230645402378,0.020933897869412674,0.7865765322064686,0.21342346779353139
136,Kensington and Chelsea,E09000020,1,Inner London,1,Insufficiently Active,136,1,1,2023,2023/24,,legacy_recovery,0.7569076937508158,0.14782585054353517,0.07235559842649736,0.0229108572791517,6,0.0,0.0,0.0,0.9059466139662933,0.07387016398598825,0.01600622603784984,0.00417699600986855,0.0780471599958568,0.02018322204771839,0.7945317769530299,0.2054682230469701
78,Ealing,E09000009,2,Outer London,2,Active,78,2,2,2023,2023/24,,legacy_recovery,0.7529591134529754,0.07814940673586497,0.09291988127005313,0.07597159854110651,6,0.0,0.0,0.0,0.7760680935528002,0.096869014974063,0.06122674151196867,0.0658361499611682,0.16270516493523118,0.12706289147313687,0.5615013847693824,0.4384986152306176
241,Southwark,E09000028,1,Inner London,2,Active,241,2,1,2023,2023/24,,legacy_recovery,0.7356386908645246,0.10991697937898526,0.05587443726927217,0.09856989248721805,6,0.0,0.0,0.0,0.7570114371174218,0.10628638184418208,0.05310744603154246,0.08359473500685365,0.18988111685103573,0.1367021810383961,0.5814171088299865,0.41858289117001346
91,Enfield,E09000010,2,Outer London,0,Inactive,91,0,2,2023,2023/24,,legacy_recovery,0.9884850866105466,0.011454169310308803,3.759159016494911e-05,2.3152488979603368e-05,6,0.0,0.0,0.0,0.999371653098399,0.0004899868756958829,0.00011085543205445076,2.7504593850600252e-05,0.0005174914695464831,0.00013836002590505102,0.789037568924358,0.21096243107564205
255,Sutton,E09000029,2,Outer London,0,Inactive,255,0,2,2023,2023/24,,legacy_recovery,0.9995616618149485,0.0003294132324809306,6.740841631697567e-05,4.151653625353914e-05,6,0.0,0.0,0.0,0.9996807253761116,0.00026315810063993474,2.270285345301152e-05,3.341366979528118e-05,0.0002965717704352159,5.6116523248292706e-05,0.8408891810323313,0.15911081896766865
107,Greenwich,E09000011,2,Outer London,0,Inactive,107,0,2,2023,2023/24,,legacy_recovery,0.997143181844704,0.0001226853738414795,0.002718670525331911,1.546225612282786e-05,6,0.0,0.0,0.0,0.999140132601576,0.0006422319756637022,0.00017672607075315826,4.090935200706602e-05,0.0006831413276707683,0.00021763542276022427,0.7583913853725769,0.2416086146274231
107,Greenwich,E09000011,2,Outer London,1,Insufficiently Active,107,1,2,2023,2023/24,,legacy_recovery,0.9299275797717872,0.04233346167818332,0.014572952812356906,0.013166005737672421,6,0.0,0.0,0.0,0.9095365117747779,0.0714852405221674,0.014956304825034976,0.004021942878019673,0.07550718340018707,0.01897824770305465,0.7991410159062764,0.2008589840937236
91,Enfield,E09000010,2,Outer London,2,Active,91,2,2,2023,2023/24,,legacy_recovery,0.7472416311472807,0.10815327196018878,0.06749086794219215,0.07711422895033833,6,0.0,0.0,0.0,0.7780282702867617,0.0951236146170712,0.060180127864120844,0.06666798723204634,0.16179160184911753,0.12684811509616717,0.5605313210578957,0.4394686789421043
91,Enfield,E09000010,2,Outer London,1,Insufficiently Active,91,1,2,2023,2023/24,,legacy_recovery,0.9102612545953492,0.0836872745999474,0.004529491815478039,0.0015219789892253067,6,0.0,0.0,0.0,0.9082302689187385,0.06981040045153192,0.019128195238571587,0.0028311353911579843,0.0726415358426899,0.02195933062972957,0.767873895360866,0.23212610463913397
241,Southwark,E09000028,1,Inner London,0,Inactive,241,0,1,2023,2023/24,,legacy_recovery,0.9741474908677411,0.02573583383421416,7.22047325145182e-05,4.447056553027449e-05,6,0.0,0.0,0.0,0.9996437885798171,0.0002900459440007205,3.0461479474300638e-05,3.570399670793458e-05,0.00032574994070865503,6.616547618223522e-05,0.8311740918304937,0.16882590816950627
241,Southwark,E09000028,1,Inner London,1,Insufficiently Active,241,1,1,2023,2023/24,,legacy_recovery,0.8348817394204594,0.1371926782196021,0.004743346871336865,0.02318223548860162,6,0.0,0.0,0.0,0.9044600817448825,0.07452997271217436,0.01688206472071728,0.004127880822225871,0.07865785353440023,0.02100994554294315,0.7892002659089603,0.2107997340910397
112,Hammersmith and Fulham,E09000013,1,Inner London,0,Inactive,112,0,1,2023,2023/24,,legacy_recovery,0.9995844624985226,0.0003122784102476584,6.390208713305424e-05,3.9357004096655384e-05,6,0.0,0.0,0.0,0.9996262786420205,0.00031861367974547836,2.7583601884873864e-05,2.7524076349372052e-05,0.0003461377560948504,5.510767823424592e-05,0.8626584291821565,0.13734157081784348
109,Hackney,E09000012,1,Inner London,2,Active,109,2,1,2023,2023/24,,legacy_recovery,0.7308715085581784,0.0704332740992912,0.0649814294535266,0.13371378788900362,6,0.0,0.0,0.0,0.7546041674715555,0.10600387317892994,0.048084843078475215,0.09130711627103957,0.1973109894499695,0.1393919593495148,0.5860090924462723,0.4139909075537277
109,Hackney,E09000012,1,Inner London,1,Insufficiently Active,109,1,1,2023,2023/24,,legacy_recovery,0.9491210028271769,0.014440330976147426,0.024989751011387718,0.011448915185287976,6,0.0,0.0,0.0,0.9069006179080157,0.0727528935904903,0.014408584372318024,0.005937904129175985,0.07869079771966628,0.02034648850149401,0.7945572897054324,0.20544271029456762
201,Richmond upon Thames,E09000027,2,Outer London,2,Active,201,2,2,2023,2023/24,,legacy_recovery,0.7973754492874453,0.08720894618748634,0.04898662030590583,0.06642898421916253,6,0.0,0.0,0.0,0.7829505659385081,0.0977941538564793,0.0569721118392075,0.062283168365805115,0.1600773222222844,0.11925528020501261,0.5730706721351954,0.42692932786480464
109,Hackney,E09000012,1,Inner London,0,Inactive,109,0,1,2023,2023/24,,legacy_recovery,0.9876198191911353,0.012291516925176459,5.4869814885331745e-05,3.379406880292157e-05,6,0.0,0.0,0.0,0.9995399834641994,0.0003639007855362534,6.828871839549458e-05,2.7827031868923712e-05,0.0003917278174051771,9.611575026441828e-05,0.8029783384793644,0.1970216615206356
107,Greenwich,E09000011,2,Outer London,2,Active,107,2,2,2023,2023/24,,legacy_recovery,0.7187853153046764,0.1413891151154891,0.06034841939787816,0.07947715018195643,6,0.0,0.0,0.0,0.7768946624266743,0.09618344791008401,0.056189016835665045,0.07073287282757672,0.16691632073766072,0.12692188966324175,0.5680551910179618,0.43194480898203824
117,Harrow,E09000015,2,Outer London,0,Inactive,117,0,2,2023,2023/24,,legacy_recovery,0.999657233995225,0.0002575902840959775,5.271115850075895e-05,3.246456217829433e-05,6,0.0,0.0,0.0,0.9995692275275851,0.00034635542448728464,5.5923208848031154e-05,2.849383907960075e-05,0.0003748492635668854,8.44170479276319e-05,0.8161915084672182,0.18380849153278178
196,Redbridge,E09000026,2,Outer London,0,Inactive,196,0,2,2023,2023/24,,legacy_recovery,0.9996802970769783,0.0002402582683820515,4.91644772637679e-05,3.028017737591462e-05,6,0.0,0.0,0.0,0.9994571186914379,0.0004434565675412672,7.014059734883827e-05,2.9284143672201316e-05,0.0004727407112134685,9.942474102103959e-05,0.8262307858107286,0.17376921418927138
117,Harrow,E09000015,2,Outer London,1,Insufficiently Active,117,1,2,2023,2023/24,,legacy_recovery,0.89419580353837,0.05575333915056385,0.01857919890566993,0.031471658405396216,6,0.0,0.0,0.0,0.9062813837591215,0.07091704073808498,0.01794645309489647,0.004855122407897021,0.07577216314598201,0.022801575502793492,0.7686850898083825,0.23131491019161754
196,Redbridge,E09000026,2,Outer London,1,Insufficiently Active,196,1,2,2023,2023/24,,legacy_recovery,0.8557939717692357,0.050529030532957035,0.04600665139431087,0.047670346303496605,6,0.0,0.0,0.0,0.9056876243006945,0.07330440042044552,0.016590451548062372,0.004417523730797698,0.07772192415124321,0.021007975278860072,0.7872176979808142,0.2127823020191858
122,Havering,E09000016,2,Outer London,1,Insufficiently Active,122,1,2,2023,2023/24,,legacy_recovery,0.9178207922666068,0.07710253140192302,0.003799863642298715,0.0012768126891712739,6,0.0,0.0,0.0,0.9110490664316777,0.0676133060864188,0.016936927790539645,0.004400699691363828,0.07201400577778264,0.021337627481903473,0.7714273790738472,0.22857262092615283
122,Havering,E09000016,2,Outer London,2,Active,122,2,2,2023,2023/24,,legacy_recovery,0.7905024639698028,0.10731123443601173,0.027479816017716485,0.07470648557646895,6,0.0,0.0,0.0,0.7872144460294273,0.09969463963445423,0.05120955474366116,0.06188135959245745,0.16157599922691168,0.1130909143361186,0.5882616043225511,0.41173839567744885
122,Havering,E09000016,2,Outer London,0,Inactive,122,0,2,2023,2023/24,,legacy_recovery,0.987566173526127,0.004833396976135823,0.007575428425490389,2.5001072246790453e-05,6,0.0,0.0,0.0,0.9993886598023788,0.00048701473767672295,5.727258138606482e-05,6.705287855836695e-05,0.0005540676162350899,0.00012432545994443177,0.8167353643339192,0.18326463566608076
117,Harrow,E09000015,2,Outer London,2,Active,117,2,2,2023,2023/24,,legacy_recovery,0.7784722621517517,0.07878109538548315,0.07900467178740447,0.06374197067536064,6,0.0,0.0,0.0,0.7802861971649263,0.09873973455034502,0.06005256796491732,0.0609215003198112,0.1596612348701562,0.12097406828472852,0.5689278329392435,0.43107216706075646
201,Richmond upon Thames,E09000027,2,Outer London,0,Inactive,201,0,2,2023,2023/24,,legacy_recovery,0.9995266940977965,0.0003556916383610831,7.278581330365661e-05,4.482845053880309e-05,6,0.0,0.0,0.0,0.9996854788131458,0.0002594173543790585,2.2076198277528514e-05,3.302763419766249e-05,0.000292444988576721,5.5103832475191006e-05,0.8414500952458696,0.15854990475413044
201,Richmond upon Thames,E09000027,2,Outer London,1,Insufficiently Active,201,1,2,2023,2023/24,,legacy_recovery,0.8404161349619336,0.1060855243977891,0.05242695154351755,0.001071389096759699,6,0.0,0.0,0.0,0.9158221111476664,0.06307016946589282,0.016331314137693474,0.004776405248747377,0.0678465747146402,0.021107719386440852,0.7627127549069683,0.23728724509303167
114,Haringey,E09000014,1,Inner London,2,Active,114,2,1,2023,2023/24,,legacy_recovery,0.7123220612362191,0.12376388524317762,0.06296901598814601,0.10094503753245732,6,0.0,0.0,0.0,0.7527516127119712,0.10577999494637771,0.04490553104610281,0.09656286129554817,0.20234285624192588,0.14146839234165098,0.588528900888298,0.411471099111702
114,Haringey,E09000014,1,Inner London,1,Insufficiently Active,114,1,1,2023,2023/24,,legacy_recovery,0.851988067004395,0.04786767691516048,0.07090430617155467,0.029239949908889874,6,0.0,0.0,0.0,0.9022851227372151,0.07500384180856069,0.01758470762938457,0.005126327824839573,0.08013016963340026,0.022711035454224142,0.7791640477678814,0.2208359522321186
114,Haringey,E09000014,1,Inner London,0,Inactive,114,0,1,2023,2023/24,,legacy_recovery,0.9951500739006093,0.004765829188265244,5.2043535134396915e-05,3.20533759910541e-05,6,0.0,0.0,0.0,0.9995418576938122,0.0003717578250711246,6.074722271718996e-05,2.5637258399471496e-05,0.0003973950834705961,8.638448111666146e-05,0.8214383420879685,0.1785616579120315
196,Redbridge,E09000026,2,Outer London,2,Active,196,2,2,2023,2023/24,,legacy_recovery,0.7345539476606827,0.11680040423594211,0.08055257325569365,0.06809307484768162,6,0.0,0.0,0.0,0.7773157431431719,0.09551735940724576,0.058590429125939904,0.06857646832364252,0.16409382773088826,0.12716689744958243,0.5633915373561355,0.43660846264386455
112,Hammersmith and Fulham,E09000013,1,Inner London,2,Active,112,2,1,2023,2023/24,,legacy_recovery,0.7344774533489881,0.1053785605108547,0.04615282311813793,0.11399116302201918,6,0.0,0.0,0.0,0.7564119669953233,0.10605776879402785,0.05235658825697404,0.08517367595367477,0.19123144474770262,0.13753026421064882,0.5816718904205733,0.4183281095794267
112,Hammersmith and Fulham,E09000013,1,Inner London,1,Insufficiently Active,112,1,1,2023,2023/24,,legacy_recovery,0.9044263880869591,0.06107900018200863,0.03262990759143994,0.0018647041395922518,6,0.0,0.0,0.0,0.9054842471786377,0.07064679873612373,0.021395627446909357,0.0024733266383289015,0.07312012537445263,0.02386895408523826,0.753900601818184,0.24609939818181603
35,Bromley,E09000006,2,Outer London,1,Insufficiently Active,35,1,2,2023,2023/24,,legacy_recovery,0.8700915449517181,0.12558744514294262,0.003234251578248114,0.0010867583270912488,6,0.0,0.0,0.0,0.9122559723663133,0.06668335344547814,0.016412662863128424,0.004648011325080235,0.07133136477055838,0.02106067418820866,0.772050985933889,0.227949014066111
35,Bromley,E09000006,2,Outer London,2,Active,35,2,2,2023,2023/24,,legacy_recovery,0.7100277993495319,0.12565661729115085,0.0812869095676238,0.08302867379169351,6,0.0,0.0,0.0,0.7747865892939536,0.09705805969218387,0.056930161172517244,0.07122518984134509,0.16828324953352897,0.12815535101386233,0.5676833220194134,0.4323166779805866
272,Tower Hamlets,E09000030,1,Inner London,1,Insufficiently Active,272,1,1,2023,2023/24,,legacy_recovery,0.796568624788882,0.10495354397843204,0.03655418757756481,0.061923643655121034,6,0.0,0.0,0.0,0.9033953253094346,0.07507788028737801,0.01674845533274368,0.0047783390704436435,0.07985621935782165,0.021526794403187322,0.7876686280609826,0.2123313719390174
44,Camden,E09000007,1,Inner London,0,Inactive,44,0,1,2023,2023/24,,legacy_recovery,0.9995250173885898,0.0003569516933107234,7.304366059165993e-05,4.498725750780128e-05,6,0.0,0.0,0.0,0.9996284381060915,0.0003173743378280784,2.5334129926645423e-05,2.8853426153606235e-05,0.0003462277639816846,5.418755608025166e-05,0.8646716212759544,0.13532837872404557
44,Camden,E09000007,1,Inner London,1,Insufficiently Active,44,1,1,2023,2023/24,,legacy_recovery,0.8969044439145766,0.08995256205983372,0.011281809014725214,0.0018611850108645022,6,0.0,0.0,0.0,0.9070977281971184,0.06986057723869211,0.019553844456950076,0.0034878501072393045,0.07334842734593142,0.02304169456418938,0.7609537771341895,0.23904622286581045
44,Camden,E09000007,1,Inner London,2,Active,44,2,1,2023,2023/24,,legacy_recovery,0.6886949984019599,0.12000683231449938,0.04795346084426737,0.14334470843927327,6,0.0,0.0,0.0,0.7530523070141254,0.10495630266502856,0.04723438582068538,0.09475700450016057,0.19971330716518915,0.14199139032084596,0.5844616964136149,0.4155383035863851
279,Waltham Forest,E09000031,2,Outer London,0,Inactive,279,0,2,2023,2023/24,,legacy_recovery,0.9956227636176324,0.00239414094415754,5.3741608663510956e-05,0.001929353829546522,6,0.0,0.0,0.0,0.9994567077227521,0.0004598396633265591,5.6944258008133754e-05,2.650835591328311e-05,0.00048634801923984225,8.345261392141686e-05,0.8535406788538985,0.1464593211461015
272,Tower Hamlets,E09000030,1,Inner London,2,Active,272,2,1,2023,2023/24,,legacy_recovery,0.7305590342865916,0.12747111098288666,0.042255601663251735,0.0997142530672699,6,0.0,0.0,0.0,0.7535393069429741,0.10599911030365163,0.046958020699510696,0.0935035620538635,0.19950267235751512,0.1404615827533742,0.5868342608326321,0.4131657391673679
255,Sutton,E09000029,2,Outer London,2,Active,255,2,2,2023,2023/24,,legacy_recovery,0.7613811888022995,0.1141205354079352,0.049657910140921774,0.07484036564884351,6,0.0,0.0,0.0,0.7814339916845342,0.09520902381129177,0.05769324724081245,0.06566373726336151,0.1608727610746533,0.12335698450417396,0.5659955144632722,0.43400448553672777
272,Tower Hamlets,E09000030,1,Inner London,0,Inactive,272,0,1,2023,2023/24,,legacy_recovery,0.9996618858340349,0.00025409440508829316,5.19957905546416e-05,3.202397032207946e-05,6,0.0,0.0,0.0,0.9995217743781727,0.0003930462087455527,5.899289452990588e-05,2.618651855194165e-05,0.0004192327272974944,8.517941308184753e-05,0.831131318493269,0.16886868150673096
78,Ealing,E09000009,2,Outer London,1,Insufficiently Active,78,1,2,2023,2023/24,,legacy_recovery,0.9040559848281908,0.07290483967027907,0.02155016986142628,0.0014890056401037199,6,0.0,0.0,0.0,0.9081652154262837,0.06867154721255136,0.020739116387473396,0.0024241209736914223,0.07109566818624279,0.023163237361164817,0.7542594280440181,0.24574057195598187
78,Ealing,E09000009,2,Outer London,0,Inactive,78,0,2,2023,2023/24,,legacy_recovery,0.9971719417368792,0.00023870104189856818,0.0025592733038727615,3.008391734935285e-05,6,0.0,0.0,0.0,0.9994766109367599,0.000427270252686148,3.5799332165999154e-05,6.031947838799183e-05,0.00048758973107413983,9.611881055399098e-05,0.8353308137552895,0.1646691862447105
68,Croydon,E09000008,2,Outer London,2,Active,68,2,2,2023,2023/24,,legacy_recovery,0.7541156042063387,0.12690860867500972,0.05755992781500733,0.06141585930364407,6,0.0,0.0,0.0,0.7828542726920642,0.0946395156965259,0.05800491313940578,0.0645012984720042,0.1591408141685301,0.12250621161140998,0.5650363739075022,0.43496362609249783
255,Sutton,E09000029,2,Outer London,1,Insufficiently Active,255,1,2,2023,2023/24,,legacy_recovery,0.8704610445348371,0.04298843532369022,0.07617211565439995,0.01037840448707268,6,0.0,0.0,0.0,0.907176200537509,0.07416767043206034,0.01587895158798711,0.0027771774424438186,0.07694484787450416,0.01865612903043093,0.8048542009253479,0.19514579907465213
68,Croydon,E09000008,2,Outer London,1,Insufficiently Active,68,1,2,2023,2023/24,,legacy_recovery,0.8643920478426219,0.034097142118554954,0.1002610533626236,0.0012497566761996081,6,0.0,0.0,0.0,0.9103123115010183,0.06852046477356737,0.016618209853892386,0.004549013871522018,0.07306947864508938,0.021167223725414405,0.7753823808244825,0.22461761917551748
68,Croydon,E09000008,2,Outer London,0,Inactive,68,0,2,2023,2023/24,,legacy_recovery,0.9996767015234269,0.00024296034399007987,4.9717407806764423e-05,3.062072477619857e-05,6,0.0,0.0,0.0,0.9994700320769254,0.0004331926740498242,6.762223772803696e-05,2.915301129685803e-05,0.00046234568534668226,9.677524902489499e-05,0.826915353949919,0.173084646050081
17,Bexley,E09000004,2,Outer London,1,Insufficiently Active,17,1,2,2023,2023/24,,legacy_recovery,0.947392402627097,0.047714932853300876,0.003662131837468958,0.0012305326821332552,6,0.0,0.0,0.0,0.9093949018561562,0.07214665375153582,0.013543569851695369,0.004914874540612759,0.07706152829214859,0.018458444392308128,0.8067582739655479,0.1932417260344521
279,Waltham Forest,E09000031,2,Outer London,1,Insufficiently Active,279,1,2,2023,2023/24,,legacy_recovery,0.9422310588804381,0.0512031736386453,0.004914439981108235,0.0016513274998083084,6,0.0,0.0,0.0,0.9078981845635594,0.07170981517551854,0.01747889700765757,0.002913103253264526,0.07462291842878306,0.020392000260922097,0.7853810691822275,0.2146189308177725
17,Bexley,E09000004,2,Outer London,2,Active,17,2,2,2023,2023/24,,legacy_recovery,0.7958289983075933,0.07631714489118843,0.08281673826627177,0.04503711853494648,6,0.0,0.0,0.0,0.7841505262524601,0.10157464612342969,0.05812938317484652,0.05614544444926395,0.15772009057269365,0.11427482762411047,0.579864107823419,0.420135892176581
279,Waltham Forest,E09000031,2,Outer London,2,Active,279,2,2,2023,2023/24,,legacy_recovery,0.7508008140282668,0.1112624980643091,0.06464490617997277,0.0732917817274513,6,0.0,0.0,0.0,0.7789336473365384,0.09489673740129408,0.05979563724028878,0.06637397802187885,0.16127071542317292,0.12616961526216763,0.5610580639072362,0.4389419360927638
30,Brent,E09000005,2,Outer London,2,Active,30,2,2,2023,2023/24,,legacy_recovery,0.7625474979558403,0.11961265394635068,0.05396882055396762,0.06387102754384145,6,0.0,0.0,0.0,0.7833578053468786,0.09428500132151467,0.05826206369872385,0.06409512963288276,0.15838013095439743,0.1223571933316066,0.5641577277164829,0.43584227228351713
35,Bromley,E09000006,2,Outer London,0,Inactive,35,0,2,2023,2023/24,,legacy_recovery,0.9874955487439873,0.012408027491481986,5.967203206378714e-05,3.675173246689499e-05,6,0.0,0.0,0.0,0.9995952057814814,0.00031652887799709804,5.788258150330454e-05,3.0382759018205145e-05,0.0003469116370153032,8.826534052150968e-05,0.7971736900671795,0.20282630993282047
30,Brent,E09000005,2,Outer London,1,Insufficiently Active,30,1,2,2023,2023/24,,legacy_recovery,0.9015641376632233,0.09376501581536353,0.0034961023151018488,0.0011747442063112308,6,0.0,0.0,0.0,0.9122596569518737,0.06508634620819595,0.0172007520267136,0.005453244813216843,0.07053959102141279,0.022653996839930444,0.7569146401613394,0.24308535983866064
30,Brent,E09000005,2,Outer London,0,Inactive,30,0,2,2023,2023/24,,legacy_recovery,0.9997422376043974,0.00019370966720022703,3.963915411932217e-05,2.4413574283008743e-05,6,0.0,0.0,0.0,0.9994335213643127,0.00046061830947727816,8.044585590821908e-05,2.5414470301953697e-05,0.00048603277977923187,0.00010586032621017277,0.8211495874188003,0.1788504125811997
280,Wandsworth,E09000032,1,Inner London,1,Insufficiently Active,280,1,1,2023,2023/24,,legacy_recovery,0.8627675287554791,0.052222617896401785,0.08325101146087496,0.0017588418872440258,6,0.0,0.0,0.0,0.9019700065638487,0.07459226782801433,0.021103017866469738,0.002334707741667176,0.0769269755696815,0.023437725608136915,0.7664744144795314,0.23352558552046865
280,Wandsworth,E09000032,1,Inner London,2,Active,280,2,1,2023,2023/24,,legacy_recovery,0.7320074622385873,0.08926644852295451,0.0704545418294686,0.1082715474089896,6,0.0,0.0,0.0,0.7534200484589151,0.10552836204071013,0.047839674753163856,0.09321191474721088,0.198740276787921,0.14105158950037475,0.5848882698660604,0.41511173013393965
17,Bexley,E09000004,2,Outer London,0,Inactive,17,0,2,2023,2023/24,,legacy_recovery,0.9996617710326631,0.0002541806788657367,5.2013444911339275e-05,3.203484355987258e-05,6,0.0,0.0,0.0,0.9995653828030626,0.00034940775436179377,5.634075778250205e-05,2.8868684792886823e-05,0.0003782764391546806,8.520944257538887e-05,0.8161552575078993,0.1838447424921007
9,Barnet,E09000003,2,Outer London,2,Active,9,2,2,2023,2023/24,,legacy_recovery,0.7413993754831016,0.12786610110176655,0.07021045077134945,0.06052407264378225,6,0.0,0.0,0.0,0.7804086179649906,0.09511903245662537,0.05836255302492469,0.06610979655345924,0.16122882901008462,0.12447234957838393,0.5643267899931307,0.4356732100068693
9,Barnet,E09000003,2,Outer London,1,Insufficiently Active,9,1,2,2023,2023/24,,legacy_recovery,0.9560699617696528,0.03843882615696266,0.004110141310459352,0.0013810707629252875,6,0.0,0.0,0.0,0.9081656566057622,0.07288038359124183,0.015622449632582058,0.003331510170413844,0.07621189376165567,0.018953959802995902,0.8008323459199639,0.19916765408003612
280,Wandsworth,E09000032,1,Inner London,0,Inactive,280,0,1,2023,2023/24,,legacy_recovery,0.9992861210487884,0.0005364834297771576,0.00010978155949965091,6.761396193474329e-05,6,0.0,0.0,0.0,0.9994646515872806,0.0004835811893999752,2.33816594704838e-05,2.838556384887959e-05,0.0005119667532488548,5.176722331936339e-05,0.9081708297333769,0.09182917026662307
9,Barnet,E09000003,2,Outer London,0,Inactive,9,0,2,2023,2023/24,,legacy_recovery,0.9995572986513613,0.0003326921706846308,6.807939128008817e-05,4.1929786673936006e-05,6,0.0,0.0,0.0,0.9996819340648775,0.0002619311502031743,2.2644737815495774e-05,3.349004710408795e-05,0.00029542119730726225,5.6134784919583724e-05,0.8403247626053423,0.15967523739465772
8,Barking and Dagenham,E09000002,2,Outer London,2,Active,8,2,2,2023,2023/24,,legacy_recovery,0.7766824538884753,0.0990385424025474,0.06228501032208954,0.061993993386887644,6,0.0,0.0,0.0,0.7819087810950724,0.09624700613931483,0.059557151119417215,0.06228706164619534,0.15853406778551016,0.12184421276561255,0.565429203267419,0.43457079673258103
126,Hillingdon,E09000017,2,Outer London,0,Inactive,126,0,2,2024,2024/25,,legacy_recovery,0.9995541637393847,0.00033533992041732925,3.8056559469876734e-05,7.243978072808506e-05,7,0.0,0.0,0.0,0.9994941640173469,0.00043159750085627424,4.9939010994063615e-05,2.4299470802823626e-05,0.00045589697165909787,7.423848179688723e-05,0.8599631824038138,0.14003681759618625
126,Hillingdon,E09000017,2,Outer London,1,Insufficiently Active,126,1,2,2024,2024/25,,legacy_recovery,0.9100915716339867,0.07211196369576098,0.014046903622152836,0.0037495610480996443,7,0.0,0.0,0.0,0.9090293541864864,0.0685878455227659,0.0197582686603644,0.0026245316303832515,0.07121237715314914,0.022382800290747653,0.7608551967951079,0.23914480320489206
171,Newham,E09000025,1,Inner London,0,Inactive,171,0,1,2024,2024/25,,legacy_recovery,0.9993428595902027,0.0005514334112428274,8.22906712290028e-05,2.3416327325481994e-05,7,0.0,0.0,0.0,0.999182072749792,0.000727809368021036,5.456255556425039e-05,3.555532662275935e-05,0.0007633646946437954,9.011788218700974e-05,0.8944115736707361,0.1055884263292639
126,Hillingdon,E09000017,2,Outer London,2,Active,126,2,2,2024,2024/25,,legacy_recovery,0.7915279531644375,0.09758127089102497,0.05035930293101282,0.06053147301352462,7,0.0,0.0,0.0,0.7864873462727564,0.09699251744360739,0.05752057870899536,0.05899955757464082,0.15599207501824822,0.11652013628363618,0.5724223302619009,0.4275776697380991
129,Hounslow,E09000018,2,Outer London,0,Inactive,129,0,2,2024,2024/25,,legacy_recovery,0.9996184759345369,0.00031028898820871617,4.350739230719313e-05,2.7727684947123925e-05,7,0.0,0.0,0.0,0.9994150718224851,0.00047897360376873184,7.90354341294419e-05,2.6919139616879246e-05,0.0005058927433856111,0.00010595457374632115,0.8268284083633987,0.17317159163660134
129,Hounslow,E09000018,2,Outer London,1,Insufficiently Active,129,1,2,2024,2024/25,,legacy_recovery,0.9094935706014179,0.07236791625633676,0.015915113822572657,0.0022233993196727375,7,0.0,0.0,0.0,0.9090264856342122,0.06858470164591773,0.019935840896888775,0.0024529718229811216,0.07103767346889886,0.022388812719869897,0.7603590412826491,0.23964095871735092
171,Newham,E09000025,1,Inner London,2,Active,171,2,1,2024,2024/25,,legacy_recovery,0.7623681623331174,0.10602978393295219,0.05079040725882801,0.08081164647510218,7,0.0,0.0,0.0,0.7621531950519458,0.10641275463560068,0.054461582183788215,0.0769724681286652,0.1833852227642659,0.13143405031245342,0.5825095171971132,0.4174904828028868
171,Newham,E09000025,1,Inner London,1,Insufficiently Active,171,1,1,2024,2024/25,,legacy_recovery,0.9074953353473438,0.06813864071702164,0.021297252982913437,0.003068770952721213,7,0.0,0.0,0.0,0.9058901553013726,0.07031775830790324,0.02110170774733393,0.0026903786433902467,0.07300813695129349,0.02379208639072418,0.7542145506559298,0.2457854493440702
160,Merton,E09000024,2,Outer London,1,Insufficiently Active,160,1,2,2024,2024/25,,legacy_recovery,0.9107356850797452,0.07076929519593896,0.015538347250475705,0.002956672473840209,7,0.0,0.0,0.0,0.908582830001848,0.06876959868022178,0.0202076320569943,0.0024399392609359177,0.0712095379411577,0.02264757131793022,0.7587015890782154,0.2412984109217846
160,Merton,E09000024,2,Outer London,2,Active,160,2,2,2024,2024/25,,legacy_recovery,0.7685935117927826,0.09762514123876874,0.058249578308244884,0.07553176866020384,7,0.0,0.0,0.0,0.7789567727020891,0.09516369700923936,0.05964027114418873,0.06623925914448284,0.1614029561537222,0.12587953028867158,0.5618266471878609,0.4381733528121391
136,Kensington and Chelsea,E09000020,1,Inner London,0,Inactive,136,0,1,2024,2024/25,,legacy_recovery,0.9995347651685094,0.0003681621094858549,6.891066157402328e-05,2.8162060430720438e-05,7,0.0,0.0,0.0,0.9994193520080992,0.0005052380348951884,4.236186007776424e-05,3.3048096927779584e-05,0.0005382861318229679,7.540995700554382e-05,0.8771216594365228,0.12287834056347724
135,Islington,E09000019,1,Inner London,2,Active,135,2,1,2024,2024/25,,legacy_recovery,0.7520805767146063,0.10591825203065461,0.04765504119171493,0.09434613006302435,7,0.0,0.0,0.0,0.7596007250751483,0.10748665273864325,0.05460105976274175,0.07831156242346675,0.18579821516210998,0.1329126221862085,0.5829679866174473,0.4170320133825527
135,Islington,E09000019,1,Inner London,1,Insufficiently Active,135,1,1,2024,2024/25,,legacy_recovery,0.9060929305326827,0.07234765318667657,0.018865164966689274,0.0026942513139514646,7,0.0,0.0,0.0,0.9067580742102861,0.06956565597718549,0.020885203852809425,0.0027910659597188588,0.07235672193690434,0.023676269812528284,0.753456917448704,0.24654308255129598
160,Merton,E09000024,2,Outer London,0,Inactive,160,0,2,2024,2024/25,,legacy_recovery,0.9994824540785133,0.00043315847974337627,5.6455233650943144e-05,2.793220809236098e-05,7,0.0,0.0,0.0,0.9993981765415308,0.0004896358391352025,8.415912608178239e-05,2.8028493252028374e-05,0.0005176643323872308,0.00011218761933381076,0.8218825566432504,0.17811744335674962
135,Islington,E09000019,1,Inner London,0,Inactive,135,0,1,2024,2024/25,,legacy_recovery,0.9995328878338967,0.00038345201561440755,5.804118457784297e-05,2.5618965911246807e-05,7,0.0,0.0,0.0,0.9992670594862677,0.0006181067637977035,8.812177861132677e-05,2.671197132327453e-05,0.000644818735120978,0.0001148337499346013,0.8488338389017451,0.15116616109825487
129,Hounslow,E09000018,2,Outer London,2,Active,129,2,2,2024,2024/25,,legacy_recovery,0.7858537043227511,0.09960826706283622,0.05855128669597559,0.0559867419184371,7,0.0,0.0,0.0,0.7851829261648835,0.09757747473592084,0.05837703140166943,0.05886256769752612,0.15644004243344695,0.11723959909919554,0.5716173901623147,0.4283826098376853
142,Lambeth,E09000022,1,Inner London,1,Insufficiently Active,142,1,1,2024,2024/25,,legacy_recovery,0.9137403748183472,0.06354575770576372,0.017589858586872165,0.005124008889016876,7,0.0,0.0,0.0,0.9066414626342907,0.0708953723884879,0.019813834000268638,0.0026493309769527866,0.0735447033654407,0.022463164977221426,0.7660278749544981,0.2339721250455019
142,Lambeth,E09000022,1,Inner London,2,Active,142,2,1,2024,2024/25,,legacy_recovery,0.7564477460159418,0.10763090627376874,0.050007888174258795,0.08591345953603056,7,0.0,0.0,0.0,0.761240175418033,0.10699134451413538,0.05460432242765024,0.07716415764018131,0.1841555021543167,0.13176848006783154,0.5829108029691272,0.41708919703087277
8,Barking and Dagenham,E09000002,2,Outer London,0,Inactive,8,0,2,2024,2024/25,,legacy_recovery,0.9992715704812395,0.0004832886805237637,0.00022346962375603455,2.1671214480501024e-05,7,0.0,0.0,0.0,0.9990753657983343,0.0006978164613400676,0.0001877329341090195,3.908480621671715e-05,0.0007369012675567848,0.00022681774032573665,0.7646432845357077,0.23535671546429227
147,Lewisham,E09000023,1,Inner London,0,Inactive,147,0,1,2024,2024/25,,legacy_recovery,0.9995348748869977,0.00037893345404529396,6.06658253232551e-05,2.5525833633807116e-05,7,0.0,0.0,0.0,0.999237550293017,0.0006489579617187123,8.616193798149665e-05,2.7329807282766492e-05,0.0006762877690014787,0.00011349174526426315,0.8562994567290385,0.1437005432709615
293,Westminster,E09000033,1,Inner London,1,Insufficiently Active,293,1,1,2024,2024/25,,legacy_recovery,0.9089039110907328,0.0715166519620734,0.015547310760724535,0.0040321261864691895,7,0.0,0.0,0.0,0.9071482860744076,0.06978973418039723,0.02008439432534549,0.0029775854198496776,0.0727673196002469,0.023061979745195166,0.7593431246735701,0.24065687532642988
293,Westminster,E09000033,1,Inner London,2,Active,293,2,1,2024,2024/25,,legacy_recovery,0.7587948098966012,0.1062903544755587,0.05170110616267283,0.0832137294651672,7,0.0,0.0,0.0,0.7619650809892602,0.10640359917832849,0.054514951448059956,0.07711636838435136,0.18351996756267985,0.13163131983241133,0.5823233948354748,0.4176766051645252
293,Westminster,E09000033,1,Inner London,0,Inactive,293,0,1,2024,2024/25,,legacy_recovery,0.9996048702621422,0.00031540197185622883,3.115329383153514e-05,4.8574472170321335e-05,7,0.0,0.0,0.0,0.9995801620851211,0.0003518949318724264,4.5559368671149194e-05,2.238361433560938e-05,0.00037427854620803575,6.794298300675857e-05,0.84635984790836,0.15364015209163995
8,Barking and Dagenham,E09000002,2,Outer London,1,Insufficiently Active,8,1,2,2024,2024/25,,legacy_recovery,0.9099929171165697,0.069918574629949,0.014210955890457367,0.005877552363023829,7,0.0,0.0,0.0,0.909316383029471,0.06873970932594446,0.019248224345609032,0.0026956832989755534,0.07143539262492002,0.021943907644584586,0.765002440784503,0.23499755921549703
139,Kingston upon Thames,E09000021,2,Outer London,0,Inactive,139,0,2,2024,2024/25,,legacy_recovery,0.9994865527203932,0.00043785070046659054,4.819474658123816e-05,2.740183255897441e-05,7,0.0,0.0,0.0,0.9993767899431538,0.0005132159714790916,8.237149523984382e-05,2.76225901271562e-05,0.0005408385616062478,0.00010999408536700001,0.8309948250467507,0.1690051749532493
139,Kingston upon Thames,E09000021,2,Outer London,1,Insufficiently Active,139,1,2,2024,2024/25,,legacy_recovery,0.9051590146330509,0.07344572801424398,0.019019188256216676,0.0023760690964885222,7,0.0,0.0,0.0,0.9092879973510611,0.06882622038587607,0.019456869124531782,0.002428913138530967,0.07125513352440704,0.021885782263062748,0.7650250474989743,0.23497495250102574
142,Lambeth,E09000022,1,Inner London,0,Inactive,142,0,1,2024,2024/25,,legacy_recovery,0.9995217743781727,0.0003930462087455527,5.899289452990588e-05,2.618651855194165e-05,7,0.0,0.0,0.0,0.9992760484016796,0.0006109320782787652,8.641857334582137e-05,2.6600946695980556e-05,0.0006375330249747458,0.00011301952004180192,0.8494182442092578,0.15058175579074218
139,Kingston upon Thames,E09000021,2,Outer London,2,Active,139,2,2,2024,2024/25,,legacy_recovery,0.7769544353242712,0.0948805016066131,0.06094013433197174,0.06722492873714393,7,0.0,0.0,0.0,0.7787554667829725,0.09660287319205631,0.05987308114488029,0.06476857888009088,0.1613714520721472,0.12464166002497118,0.5642099793570026,0.43579002064299743
147,Lewisham,E09000023,1,Inner London,2,Active,147,2,1,2024,2024/25,,legacy_recovery,0.7524124668306587,0.10567150013044321,0.046407164020634405,0.09550886901826393,7,0.0,0.0,0.0,0.7593133431681053,0.10752587393124287,0.054672575856734996,0.07848820704391697,0.18601408097515984,0.13316078290065197,0.5827967738948776,0.4172032261051224
136,Kensington and Chelsea,E09000020,1,Inner London,2,Active,136,2,1,2024,2024/25,,legacy_recovery,0.7555834441666198,0.10732162364573998,0.0527713951598053,0.0843235370278348,7,0.0,0.0,0.0,0.7617479309658926,0.10642373952315548,0.05453841527090823,0.07728991424004378,0.18371365376319926,0.13182832951095202,0.5822161978477011,0.41778380215229893
147,Lewisham,E09000023,1,Inner London,1,Insufficiently Active,147,1,1,2024,2024/25,,legacy_recovery,0.9064177556647938,0.07264834646579353,0.016429937881182428,0.004503959988230247,7,0.0,0.0,0.0,0.9075651662474594,0.06984134353684768,0.01961114893554575,0.0029823412801472955,0.07282368481699497,0.022593490215693048,0.7632135911804876,0.2367864088195124
136,Kensington and Chelsea,E09000020,1,Inner London,1,Insufficiently Active,136,1,1,2024,2024/25,,legacy_recovery,0.9059466139662933,0.07387016398598825,0.01600622603784984,0.00417699600986855,7,0.0,0.0,0.0,0.9075676794227203,0.06983442301820836,0.019624598624163627,0.0029732989349075187,0.07280772195311588,0.022597897559071146,0.7631387157840895,0.23686128421591046
78,Ealing,E09000009,2,Outer London,2,Active,78,2,2,2024,2024/25,,legacy_recovery,0.7760680935528002,0.096869014974063,0.06122674151196867,0.0658361499611682,7,0.0,0.0,0.0,0.7793534614026906,0.0964031884285967,0.05990738104155547,0.06433596912715712,0.16073915755575383,0.1242433501687126,0.564031662291229,0.43596833770877097
241,Southwark,E09000028,1,Inner London,2,Active,241,2,1,2024,2024/25,,legacy_recovery,0.7570114371174218,0.10628638184418208,0.05310744603154246,0.08359473500685365,7,0.0,0.0,0.0,0.7620828951062668,0.10625196372367636,0.05453005896646377,0.07713508220359311,0.18338704592726945,0.13166514117005687,0.5820846622804662,0.4179153377195338
91,Enfield,E09000010,2,Outer London,0,Inactive,91,0,2,2024,2024/25,,legacy_recovery,0.999371653098399,0.0004899868756958829,0.00011085543205445076,2.7504593850600252e-05,7,0.0,0.0,0.0,0.9994521651634992,0.00046532428372924293,3.97080634250385e-05,4.2802489346605345e-05,0.0005081267730758483,8.251055277164385e-05,0.8603025085601366,0.13969749143986343
255,Sutton,E09000029,2,Outer London,0,Inactive,255,0,2,2024,2024/25,,legacy_recovery,0.9996807253761116,0.00026315810063993474,2.270285345301152e-05,3.341366979528118e-05,7,0.0,0.0,0.0,0.9996083566846602,0.0003198942893608205,4.79343347209555e-05,2.3814691257962183e-05,0.0003437089806187827,7.174902597891769e-05,0.8273013762173219,0.17269862378267808
107,Greenwich,E09000011,2,Outer London,0,Inactive,107,0,2,2024,2024/25,,legacy_recovery,0.999140132601576,0.0006422319756637022,0.00017672607075315826,4.090935200706602e-05,7,0.0,0.0,0.0,0.999649260574459,0.0002809297306984298,2.089278919556649e-05,4.891690564710281e-05,0.0003298466363455326,6.980969484266929e-05,0.8253256876098498,0.1746743123901502
107,Greenwich,E09000011,2,Outer London,1,Insufficiently Active,107,1,2,2024,2024/25,,legacy_recovery,0.9095365117747779,0.0714852405221674,0.014956304825034976,0.004021942878019673,7,0.0,0.0,0.0,0.9093172852776462,0.06868739490767473,0.019497567534329446,0.0024977522803497037,0.07118514718802443,0.02199531981467915,0.7639492425591625,0.23605075744083748
91,Enfield,E09000010,2,Outer London,2,Active,91,2,2,2024,2024/25,,legacy_recovery,0.7780282702867617,0.0951236146170712,0.060180127864120844,0.06666798723204634,7,0.0,0.0,0.0,0.7789135493490973,0.09685323137574145,0.05968003478933888,0.06455318448582231,0.16140641586156376,0.12423321927516119,0.565070095346903,0.434929904653097
91,Enfield,E09000010,2,Outer London,1,Insufficiently Active,91,1,2,2024,2024/25,,legacy_recovery,0.9082302689187385,0.06981040045153192,0.019128195238571587,0.0028311353911579843,7,0.0,0.0,0.0,0.9084930087676861,0.06885918647834577,0.02022077808161293,0.002427026672355122,0.0712862131507009,0.02264780475396805,0.7588966674783071,0.24110333252169291
241,Southwark,E09000028,1,Inner London,0,Inactive,241,0,1,2024,2024/25,,legacy_recovery,0.9996437885798171,0.0002900459440007205,3.0461479474300638e-05,3.570399670793458e-05,7,0.0,0.0,0.0,0.9995625670407423,0.0003636996365226838,5.147263287028818e-05,2.2260689864510657e-05,0.0003859603263871944,7.373332273479884e-05,0.8396033469776487,0.1603966530223513
241,Southwark,E09000028,1,Inner London,1,Insufficiently Active,241,1,1,2024,2024/25,,legacy_recovery,0.9044600817448825,0.07452997271217436,0.01688206472071728,0.004127880822225871,7,0.0,0.0,0.0,0.9075302486188281,0.06971557822467307,0.019773403410229904,0.0029807697462688743,0.07269634797094195,0.02275417315649878,0.761612897575294,0.23838710242470595
112,Hammersmith and Fulham,E09000013,1,Inner London,0,Inactive,112,0,1,2024,2024/25,,legacy_recovery,0.9996262786420205,0.00031861367974547836,2.7583601884873864e-05,2.7524076349372052e-05,7,0.0,0.0,0.0,0.9993921983646298,0.0005172228596360916,6.98463819962314e-05,2.0732393737896058e-05,0.0005379552533739877,9.057877573412745e-05,0.855888827749457,0.14411117225054304
109,Hackney,E09000012,1,Inner London,2,Active,109,2,1,2024,2024/25,,legacy_recovery,0.7546041674715555,0.10600387317892994,0.048084843078475215,0.09130711627103957,7,0.0,0.0,0.0,0.7604221603061069,0.10709905607093367,0.054610957339697654,0.07786782628326175,0.18496688235419542,0.1324787836229594,0.582672571020411,0.41732742897958897
109,Hackney,E09000012,1,Inner London,1,Insufficiently Active,109,1,1,2024,2024/25,,legacy_recovery,0.9069006179080157,0.0727528935904903,0.014408584372318024,0.005937904129175985,7,0.0,0.0,0.0,0.90774903559395,0.06975170508965205,0.01940963338371123,0.003089625932686709,0.07284133102233875,0.022499259316397936,0.7640117473946819,0.23598825260531808
201,Richmond upon Thames,E09000027,2,Outer London,2,Active,201,2,2,2024,2024/25,,legacy_recovery,0.7829505659385081,0.0977941538564793,0.0569721118392075,0.062283168365805115,7,0.0,0.0,0.0,0.7825058113096888,0.09703372893316133,0.058769321050027495,0.061691138707122305,0.15872486764028362,0.12046045975714981,0.5685286870908202,0.43147131290917984
109,Hackney,E09000012,1,Inner London,0,Inactive,109,0,1,2024,2024/25,,legacy_recovery,0.9995399834641994,0.0003639007855362534,6.828871839549458e-05,2.7827031868923712e-05,7,0.0,0.0,0.0,0.9993140420276914,0.0006019828152254849,5.1009236462892594e-05,3.296592062006305e-05,0.000634948735845548,8.397515708295565e-05,0.8831932588289885,0.11680674117101153
107,Greenwich,E09000011,2,Outer London,2,Active,107,2,2,2024,2024/25,,legacy_recovery,0.7768946624266743,0.09618344791008401,0.056189016835665045,0.07073287282757672,7,0.0,0.0,0.0,0.7795795157799306,0.09667675469990782,0.05934595421624683,0.0643977753039148,0.1610745300038226,0.12374372952016163,0.5655344228036008,0.4344655771963992
117,Harrow,E09000015,2,Outer London,0,Inactive,117,0,2,2024,2024/25,,legacy_recovery,0.9995692275275851,0.00034635542448728464,5.5923208848031154e-05,2.849383907960075e-05,7,0.0,0.0,0.0,0.9994694095140055,0.00042998903841430286,7.155860262612887e-05,2.9042844953845563e-05,0.0004590318833681484,0.00010060144757997443,0.8202368550680552,0.17976314493194478
196,Redbridge,E09000026,2,Outer London,0,Inactive,196,0,2,2024,2024/25,,legacy_recovery,0.9994571186914379,0.0004434565675412672,7.014059734883827e-05,2.9284143672201316e-05,7,0.0,0.0,0.0,0.9995328111076646,0.00039083682398115586,3.6953512317938205e-05,3.9398556036284715e-05,0.0004302353800174406,7.635206835422292e-05,0.8492815631345717,0.1507184368654283
117,Harrow,E09000015,2,Outer London,1,Insufficiently Active,117,1,2,2024,2024/25,,legacy_recovery,0.9062813837591215,0.07091704073808498,0.01794645309489647,0.004855122407897021,7,0.0,0.0,0.0,0.9090302914618507,0.06883337567444027,0.019651525642764307,0.002484807220944905,0.07131818289538518,0.02213633286370921,0.7631325497339058,0.23686745026609424
196,Redbridge,E09000026,2,Outer London,1,Insufficiently Active,196,1,2,2024,2024/25,,legacy_recovery,0.9056876243006945,0.07330440042044552,0.016590451548062372,0.004417523730797698,7,0.0,0.0,0.0,0.9098798962131021,0.06871363741618444,0.01890449942363255,0.002501966947080878,0.07121560436326532,0.021406466370713428,0.7688837422756908,0.23111625772430922
122,Havering,E09000016,2,Outer London,1,Insufficiently Active,122,1,2,2024,2024/25,,legacy_recovery,0.9110490664316777,0.0676133060864188,0.016936927790539645,0.004400699691363828,7,0.0,0.0,0.0,0.9089361526691203,0.06926567138162716,0.019492166337994315,0.0023060096112582688,0.07157168099288543,0.021798175949252582,0.7665394736251863,0.23346052637481374
122,Havering,E09000016,2,Outer London,2,Active,122,2,2,2024,2024/25,,legacy_recovery,0.7872144460294273,0.09969463963445423,0.05120955474366116,0.06188135959245745,7,0.0,0.0,0.0,0.7851409278572639,0.09707850505225085,0.05812107479198207,0.05965949229850318,0.15673799735075403,0.11778056709048526,0.570955912106643,0.429044087893357
122,Havering,E09000016,2,Outer London,0,Inactive,122,0,2,2024,2024/25,,legacy_recovery,0.9993886598023788,0.00048701473767672295,5.727258138606482e-05,6.705287855836695e-05,7,0.0,0.0,0.0,0.9994806889121952,0.0004436905474880399,5.00084463565992e-05,2.561209396023273e-05,0.0004693026414482726,7.562054031683192e-05,0.8612271548589963,0.13877284514100374
117,Harrow,E09000015,2,Outer London,2,Active,117,2,2,2024,2024/25,,legacy_recovery,0.7802861971649263,0.09873973455034502,0.06005256796491732,0.0609215003198112,7,0.0,0.0,0.0,0.7823968468110402,0.09658439656393299,0.05919144697927455,0.061827309645752324,0.1584117062096853,0.12101875662502687,0.5669092217171343,0.4330907782828657
201,Richmond upon Thames,E09000027,2,Outer London,0,Inactive,201,0,2,2024,2024/25,,legacy_recovery,0.9996854788131458,0.0002594173543790585,2.2076198277528514e-05,3.302763419766249e-05,7,0.0,0.0,0.0,0.9996083566846602,0.0003198942893608205,4.79343347209555e-05,2.3814691257962183e-05,0.0003437089806187827,7.174902597891769e-05,0.8273013762173219,0.17269862378267808
201,Richmond upon Thames,E09000027,2,Outer London,1,Insufficiently Active,201,1,2,2024,2024/25,,legacy_recovery,0.9158221111476664,0.06307016946589282,0.016331314137693474,0.004776405248747377,7,0.0,0.0,0.0,0.9087852973004645,0.06967668443429799,0.019289821884387038,0.002248196380850435,0.07192488081514842,0.021538018265237473,0.7695554227703446,0.2304445772296554
114,Haringey,E09000014,1,Inner London,2,Active,114,2,1,2024,2024/25,,legacy_recovery,0.7527516127119712,0.10577999494637771,0.04490553104610281,0.09656286129554817,7,0.0,0.0,0.0,0.7591071245044795,0.10752479875489518,0.05461878427127979,0.07874929246934549,0.18627409122424066,0.13336807674062529,0.582758189916655,0.41724181008334504
114,Haringey,E09000014,1,Inner London,1,Insufficiently Active,114,1,1,2024,2024/25,,legacy_recovery,0.9022851227372151,0.07500384180856069,0.01758470762938457,0.005126327824839573,7,0.0,0.0,0.0,0.9074827150500125,0.06982415265613301,0.019628483603346906,0.003064648690507548,0.07288880134664055,0.022693132293854452,0.7625792717355102,0.2374207282644898
114,Haringey,E09000014,1,Inner London,0,Inactive,114,0,1,2024,2024/25,,legacy_recovery,0.9995418576938122,0.0003717578250711246,6.074722271718996e-05,2.5637258399471496e-05,7,0.0,0.0,0.0,0.9992470430024732,0.0006402106280723795,8.551092046910022e-05,2.723544898532123e-05,0.0006674460770577007,0.00011274636945442145,0.8554890271516239,0.1445109728483761
196,Redbridge,E09000026,2,Outer London,2,Active,196,2,2,2024,2024/25,,legacy_recovery,0.7773157431431719,0.09551735940724576,0.058590429125939904,0.06857646832364252,7,0.0,0.0,0.0,0.7792123381539742,0.09675744970542625,0.059495353730257154,0.06453485841034245,0.16129230811576872,0.12403021214059962,0.5652982034886141,0.43470179651138585
112,Hammersmith and Fulham,E09000013,1,Inner London,2,Active,112,2,1,2024,2024/25,,legacy_recovery,0.7564119669953233,0.10605776879402785,0.05235658825697404,0.08517367595367477,7,0.0,0.0,0.0,0.7617153582837589,0.10670498082228169,0.05470209975485714,0.07687756113910225,0.18358254196138396,0.1315796608939594,0.5825017730493739,0.4174982269506261
112,Hammersmith and Fulham,E09000013,1,Inner London,1,Insufficiently Active,112,1,1,2024,2024/25,,legacy_recovery,0.9054842471786377,0.07064679873612373,0.021395627446909357,0.0024733266383289015,7,0.0,0.0,0.0,0.9062453785067875,0.06986887782884706,0.02114702145951843,0.0027387222048470402,0.0726076000336941,0.02388574366436547,0.7524622658003528,0.2475377341996472
35,Bromley,E09000006,2,Outer London,1,Insufficiently Active,35,1,2,2024,2024/25,,legacy_recovery,0.9122559723663133,0.06668335344547814,0.016412662863128424,0.004648011325080235,7,0.0,0.0,0.0,0.9089820044550317,0.0693102344683986,0.019403367938945315,0.00230439313762446,0.07161462760602305,0.021707761076569774,0.767389568751803,0.23261043124819702
35,Bromley,E09000006,2,Outer London,2,Active,35,2,2,2024,2024/25,,legacy_recovery,0.7747865892939536,0.09705805969218387,0.056930161172517244,0.07122518984134509,7,0.0,0.0,0.0,0.7798582416541613,0.09578742937685407,0.05953747237383911,0.06481685659514559,0.16060428597199966,0.12435432896898471,0.5636056520181402,0.43639434798185983
272,Tower Hamlets,E09000030,1,Inner London,1,Insufficiently Active,272,1,1,2024,2024/25,,legacy_recovery,0.9033953253094346,0.07507788028737801,0.01674845533274368,0.0047783390704436435,7,0.0,0.0,0.0,0.9074694423916387,0.0698462567987038,0.019657523695681748,0.003026777113975621,0.07287303391267942,0.02268430080965737,0.762610574315706,0.237389425684294
44,Camden,E09000007,1,Inner London,0,Inactive,44,0,1,2024,2024/25,,legacy_recovery,0.9996284381060915,0.0003173743378280784,2.5334129926645423e-05,2.8853426153606235e-05,7,0.0,0.0,0.0,0.999458344954757,0.00045882424696961255,6.14017096592407e-05,2.142908861397178e-05,0.00048025333558358434,8.283079827321248e-05,0.852898007077788,0.14710199292221204
44,Camden,E09000007,1,Inner London,1,Insufficiently Active,44,1,1,2024,2024/25,,legacy_recovery,0.9070977281971184,0.06986057723869211,0.019553844456950076,0.0034878501072393045,7,0.0,0.0,0.0,0.9064228204529422,0.06969796595158413,0.02110865183270925,0.002770561762764433,0.07246852771434857,0.023879213595473684,0.7521559585015483,0.24784404149845174
44,Camden,E09000007,1,Inner London,2,Active,44,2,1,2024,2024/25,,legacy_recovery,0.7530523070141254,0.10495630266502856,0.04723438582068538,0.09475700450016057,7,0.0,0.0,0.0,0.7593329416589891,0.10755802263643531,0.054719528522363496,0.07838950718221203,0.18594752981864734,0.13310903570457552,0.5828042733228537,0.41719572667714633
279,Waltham Forest,E09000031,2,Outer London,0,Inactive,279,0,2,2024,2024/25,,legacy_recovery,0.9994567077227521,0.0004598396633265591,5.6944258008133754e-05,2.650835591328311e-05,7,0.0,0.0,0.0,0.9993753668218208,0.0005124736533965682,8.387574570963988e-05,2.8283779072817238e-05,0.0005407574324693855,0.00011215952478245712,0.8282177794025419,0.17178222059745807
272,Tower Hamlets,E09000030,1,Inner London,2,Active,272,2,1,2024,2024/25,,legacy_recovery,0.7535393069429741,0.10599911030365163,0.046958020699510696,0.0935035620538635,7,0.0,0.0,0.0,0.7596202121745277,0.10751877290068983,0.05464794246327593,0.07821307246150659,0.18573184536219642,0.13286101492478253,0.5829755418715118,0.4170244581284882
255,Sutton,E09000029,2,Outer London,2,Active,255,2,2,2024,2024/25,,legacy_recovery,0.7814339916845342,0.09520902381129177,0.05769324724081245,0.06566373726336151,7,0.0,0.0,0.0,0.7799669705439366,0.09715546963693886,0.05921855498720087,0.06365900483192355,0.1608144744688624,0.12287755981912442,0.5668628478500506,0.4331371521499494
272,Tower Hamlets,E09000030,1,Inner London,0,Inactive,272,0,1,2024,2024/25,,legacy_recovery,0.9995217743781727,0.0003930462087455527,5.899289452990588e-05,2.618651855194165e-05,7,0.0,0.0,0.0,0.9992760484016796,0.0006109320782787652,8.641857334582137e-05,2.6600946695980556e-05,0.0006375330249747458,0.00011301952004180192,0.8494182442092578,0.15058175579074218
78,Ealing,E09000009,2,Outer London,1,Insufficiently Active,78,1,2,2024,2024/25,,legacy_recovery,0.9081652154262837,0.06867154721255136,0.020739116387473396,0.0024241209736914223,7,0.0,0.0,0.0,0.9084309473581508,0.06890066709069309,0.020243675852149624,0.0024247096990066912,0.07132537678969979,0.022668385551156314,0.7588309587081709,0.24116904129182914
78,Ealing,E09000009,2,Outer London,0,Inactive,78,0,2,2024,2024/25,,legacy_recovery,0.9994766109367599,0.000427270252686148,3.5799332165999154e-05,6.031947838799183e-05,7,0.0,0.0,0.0,0.9994914568286946,0.00043441936350418163,5.0385159624549716e-05,2.373864817677854e-05,0.0004581580116809602,7.412380780132825e-05,0.8607433034751721,0.13925669652482786
68,Croydon,E09000008,2,Outer London,2,Active,68,2,2,2024,2024/25,,legacy_recovery,0.7828542726920642,0.0946395156965259,0.05800491313940578,0.0645012984720042,7,0.0,0.0,0.0,0.7802071560323522,0.09704670657086274,0.05927928862315365,0.06346684877363136,0.1605135553444941,0.12274613739678501,0.5666657115634957,0.43333428843650434
255,Sutton,E09000029,2,Outer London,1,Insufficiently Active,255,1,2,2024,2024/25,,legacy_recovery,0.907176200537509,0.07416767043206034,0.01587895158798711,0.0027771774424438186,7,0.0,0.0,0.0,0.9096555278526554,0.06851857262831894,0.01932645065989512,0.002499448859130438,0.07101802148744937,0.021825899519025558,0.7649183782586755,0.23508162174132452
68,Croydon,E09000008,2,Outer London,1,Insufficiently Active,68,1,2,2024,2024/25,,legacy_recovery,0.9103123115010183,0.06852046477356737,0.016618209853892386,0.004549013871522018,7,0.0,0.0,0.0,0.9093369837903729,0.06862719307499374,0.019557477055661982,0.00247834607897154,0.07110553915396528,0.022035823134633523,0.7634152798156909,0.2365847201843091
68,Croydon,E09000008,2,Outer London,0,Inactive,68,0,2,2024,2024/25,,legacy_recovery,0.9994700320769254,0.0004331926740498242,6.762223772803696e-05,2.915301129685803e-05,7,0.0,0.0,0.0,0.9995257854211066,0.00039737675868905105,3.762988982632321e-05,3.920793037805996e-05,0.000436584689067111,7.683782020438317e-05,0.8503419331703825,0.14965806682961746
17,Bexley,E09000004,2,Outer London,1,Insufficiently Active,17,1,2,2024,2024/25,,legacy_recovery,0.9093949018561562,0.07214665375153582,0.013543569851695369,0.004914874540612759,7,0.0,0.0,0.0,0.9096980119468904,0.06851371048293903,0.019075057687013543,0.0027132198831571874,0.07122693036609622,0.021788277570170732,0.7657557505531802,0.23424424944681976
279,Waltham Forest,E09000031,2,Outer London,1,Insufficiently Active,279,1,2,2024,2024/25,,legacy_recovery,0.9078981845635594,0.07170981517551854,0.01747889700765757,0.002913103253264526,7,0.0,0.0,0.0,0.9085412951568276,0.06871023773389814,0.020280697617863757,0.0024677694914105037,0.07117800722530865,0.02274846710927426,0.7578055892075737,0.24219441079242632
17,Bexley,E09000004,2,Outer London,2,Active,17,2,2,2024,2024/25,,legacy_recovery,0.7841505262524601,0.10157464612342969,0.05812938317484652,0.05614544444926395,7,0.0,0.0,0.0,0.7839076346841457,0.097452693065996,0.05872456730336682,0.05991510494649142,0.1573677980124874,0.11863967224985825,0.5701577492192839,0.42984225078071614
279,Waltham Forest,E09000031,2,Outer London,2,Active,279,2,2,2024,2024/25,,legacy_recovery,0.7789336473365384,0.09489673740129408,0.05979563724028878,0.06637397802187885,7,0.0,0.0,0.0,0.779197243974702,0.09674216753728229,0.059628929265698835,0.06443165922231686,0.16117382675959915,0.1240605884880157,0.5650574339694687,0.4349425660305313
30,Brent,E09000005,2,Outer London,2,Active,30,2,2,2024,2024/25,,legacy_recovery,0.7833578053468786,0.09428500132151467,0.05826206369872385,0.06409512963288276,7,0.0,0.0,0.0,0.7813625454375562,0.09687384604618059,0.05904785963525748,0.06271574888100565,0.15958959492718622,0.12176360851626312,0.5672215314202489,0.4327784685797511
35,Bromley,E09000006,2,Outer London,0,Inactive,35,0,2,2024,2024/25,,legacy_recovery,0.9995952057814814,0.00031652887799709804,5.788258150330454e-05,3.0382759018205145e-05,7,0.0,0.0,0.0,0.9994762438651843,0.00042584576923408593,6.868993471007203e-05,2.9220430871464712e-05,0.00045506620010555063,9.791036558153674e-05,0.8229393944391103,0.17706060556088965
30,Brent,E09000005,2,Outer London,1,Insufficiently Active,30,1,2,2024,2024/25,,legacy_recovery,0.9122596569518737,0.06508634620819595,0.0172007520267136,0.005453244813216843,7,0.0,0.0,0.0,0.9089073159969306,0.0697466723425384,0.019034774212052536,0.0023112374484784183,0.07205790979101681,0.021346011660530954,0.7714655730851304,0.22853442691486958
30,Brent,E09000005,2,Outer London,0,Inactive,30,0,2,2024,2024/25,,legacy_recovery,0.9994335213643127,0.00046061830947727816,8.044585590821908e-05,2.5414470301953697e-05,7,0.0,0.0,0.0,0.9993482313519383,0.0005596770553773898,5.2508412971183305e-05,3.958317971294358e-05,0.0005992602350903334,9.209159268412688e-05,0.8667948951829922,0.13320510481700776
280,Wandsworth,E09000032,1,Inner London,1,Insufficiently Active,280,1,1,2024,2024/25,,legacy_recovery,0.9019700065638487,0.07459226782801433,0.021103017866469738,0.002334707741667176,7,0.0,0.0,0.0,0.9067748537563604,0.06984114452244801,0.020501048639781642,0.002882953081410072,0.07272409760385808,0.023384001721191712,0.7566906235227475,0.24330937647725248
280,Wandsworth,E09000032,1,Inner London,2,Active,280,2,1,2024,2024/25,,legacy_recovery,0.7534200484589151,0.10552836204071013,0.047839674753163856,0.09321191474721088,7,0.0,0.0,0.0,0.759595663763528,0.10749081596693284,0.05473068691677225,0.07818283335276678,0.18567364931969962,0.13291352026953904,0.582803286017741,0.417196713982259
17,Bexley,E09000004,2,Outer London,0,Inactive,17,0,2,2024,2024/25,,legacy_recovery,0.9995653828030626,0.00034940775436179377,5.634075778250205e-05,2.8868684792886823e-05,7,0.0,0.0,0.0,0.9994661805503076,0.0004329762332984352,7.17927613568943e-05,2.9050455037256025e-05,0.0004620266883356912,0.00010084321639415033,0.8208409873280548,0.17915901267194523
9,Barnet,E09000003,2,Outer London,2,Active,9,2,2,2024,2024/25,,legacy_recovery,0.7804086179649906,0.09511903245662537,0.05836255302492469,0.06610979655345924,7,0.0,0.0,0.0,0.7797020263020042,0.09705677831014099,0.05931179696996324,0.06392939841789154,0.16098617672803253,0.12324119538785477,0.5663992722783716,0.4336007277216284
9,Barnet,E09000003,2,Outer London,1,Insufficiently Active,9,1,2,2024,2024/25,,legacy_recovery,0.9081656566057622,0.07288038359124183,0.015622449632582058,0.003331510170413844,7,0.0,0.0,0.0,0.9093670492479745,0.06860239690110019,0.01953669435888516,0.002493859492040337,0.07109625639314053,0.022030553850925498,0.7634348927748303,0.23656510722516966
280,Wandsworth,E09000032,1,Inner London,0,Inactive,280,0,1,2024,2024/25,,legacy_recovery,0.9994646515872806,0.0004835811893999752,2.33816594704838e-05,2.838556384887959e-05,7,0.0,0.0,0.0,0.9994605270443331,0.00045710985537264736,6.088689213018563e-05,2.1476208164032126e-05,0.0004785860635366795,8.236310029421775e-05,0.853171899336235,0.14682810066376495
9,Barnet,E09000003,2,Outer London,0,Inactive,9,0,2,2024,2024/25,,legacy_recovery,0.9996819340648775,0.0002619311502031743,2.2644737815495774e-05,3.349004710408795e-05,7,0.0,0.0,0.0,0.9996083566846602,0.0003198942893608205,4.79343347209555e-05,2.3814691257962183e-05,0.0003437089806187827,7.174902597891769e-05,0.8273013762173219,0.17269862378267808
8,Barking and Dagenham,E09000002,2,Outer London,2,Active,8,2,2,2024,2024/25,,legacy_recovery,0.7819087810950724,0.09624700613931483,0.059557151119417215,0.06228706164619534,7,0.0,0.0,0.0,0.7815451783157598,0.096659060190933,0.05929593223389183,0.06249982925941555,0.15915888945034856,0.12179576149330738,0.5664931650562607,0.4335068349437393
126,Hillingdon,E09000017,2,Outer London,0,Inactive,126,0,2,2025,2025/26,,legacy_recovery,0.9994941640173469,0.00043159750085627424,4.9939010994063615e-05,2.4299470802823626e-05,8,0.0,0.0,0.0,0.9993465568804172,0.0005373045385686729,8.788412692987917e-05,2.8254454084304287e-05,0.0005655589926529771,0.00011613858101418345,0.8296332780100399,0.17036672198996006
126,Hillingdon,E09000017,2,Outer London,1,Insufficiently Active,126,1,2,2025,2025/26,,legacy_recovery,0.9090293541864864,0.0685878455227659,0.0197582686603644,0.0026245316303832515,8,0.0,0.0,0.0,0.9085366169426884,0.06886960894381045,0.020173594139086745,0.002420179974414332,0.07128978891822478,0.022593774113501077,0.7593426007290967,0.24065739927090335
171,Newham,E09000025,1,Inner London,0,Inactive,171,0,1,2025,2025/26,,legacy_recovery,0.999182072749792,0.000727809368021036,5.456255556425039e-05,3.555532662275935e-05,8,0.0,0.0,0.0,0.9995488035877724,0.00036985628641581127,5.6292862122232235e-05,2.5047263689391383e-05,0.00039490355010520265,8.134012581162361e-05,0.8292048169352925,0.17079518306470753
126,Hillingdon,E09000017,2,Outer London,2,Active,126,2,2,2025,2025/26,,legacy_recovery,0.7864873462727564,0.09699251744360739,0.05752057870899536,0.05899955757464082,8,0.0,0.0,0.0,0.7840127529753906,0.09733496988594174,0.05872391067637001,0.059928366462297565,0.1572633363482393,0.11865227713866758,0.5699689639191149,0.4300310360808851
129,Hounslow,E09000018,2,Outer London,0,Inactive,129,0,2,2025,2025/26,,legacy_recovery,0.9994150718224851,0.00047897360376873184,7.90354341294419e-05,2.6919139616879246e-05,8,0.0,0.0,0.0,0.9993999303887308,0.0005136010825501603,4.7670644572433733e-05,3.879788414652241e-05,0.0005523989666966827,8.646852871895615e-05,0.8646534229093925,0.1353465770906075
129,Hounslow,E09000018,2,Outer London,1,Insufficiently Active,129,1,2,2025,2025/26,,legacy_recovery,0.9090264856342122,0.06858470164591773,0.019935840896888775,0.0024529718229811216,8,0.0,0.0,0.0,0.9085366169426884,0.06886960894381045,0.020173594139086745,0.002420179974414332,0.07128978891822478,0.022593774113501077,0.7593426007290967,0.24065739927090335
171,Newham,E09000025,1,Inner London,2,Active,171,2,1,2025,2025/26,,legacy_recovery,0.7621531950519458,0.10641275463560068,0.054461582183788215,0.0769724681286652,8,0.0,0.0,0.0,0.7622338007982303,0.10629356960609503,0.054433855020131865,0.07703877457554276,0.1833323441816378,0.13147262959567463,0.5823680038528359,0.41763199614716406
171,Newham,E09000025,1,Inner London,1,Insufficiently Active,171,1,1,2025,2025/26,,legacy_recovery,0.9058901553013726,0.07031775830790324,0.02110170774733393,0.0026903786433902467,8,0.0,0.0,0.0,0.9063832749368674,0.06983495351087214,0.021030547731251306,0.0027512238210090027,0.07258617733188115,0.023781771552260307,0.7532190751423797,0.24678092485762027
160,Merton,E09000024,2,Outer London,1,Insufficiently Active,160,1,2,2025,2025/26,,legacy_recovery,0.908582830001848,0.06876959868022178,0.0202076320569943,0.0024399392609359177,8,0.0,0.0,0.0,0.9085980406961961,0.06882659153337509,0.020147180337299574,0.00242818743312925,0.07125477896650434,0.022575367770428824,0.7594017641928852,0.2405982358071148
160,Merton,E09000024,2,Outer London,2,Active,160,2,2,2025,2025/26,,legacy_recovery,0.7789567727020891,0.09516369700923936,0.05964027114418873,0.06623925914448284,8,0.0,0.0,0.0,0.77940364298253,0.0968037230877639,0.059613090346589806,0.06417954358311642,0.1609832666708803,0.12379263392970623,0.5652980688722954,0.4347019311277046
136,Kensington and Chelsea,E09000020,1,Inner London,0,Inactive,136,0,1,2025,2025/26,,legacy_recovery,0.9994193520080992,0.0005052380348951884,4.236186007776424e-05,3.3048096927779584e-05,8,0.0,0.0,0.0,0.9995440647300726,0.0003760552946323764,5.5290426515747146e-05,2.4589548779198893e-05,0.0004006448434115753,7.987997529494604e-05,0.8337651413927646,0.16623485860723541
135,Islington,E09000019,1,Inner London,2,Active,135,2,1,2025,2025/26,,legacy_recovery,0.7596007250751483,0.10748665273864325,0.05460105976274175,0.07831156242346675,8,0.0,0.0,0.0,0.7619387768687542,0.10632945296027531,0.054406663551482486,0.07732510661948773,0.18365455957976304,0.1317317701709702,0.5823161699015779,0.41768383009842214
135,Islington,E09000019,1,Inner London,1,Insufficiently Active,135,1,1,2025,2025/26,,legacy_recovery,0.9067580742102861,0.06956565597718549,0.020885203852809425,0.0027910659597188588,8,0.0,0.0,0.0,0.9064567065533605,0.06975018281756826,0.021035264728053105,0.002757845901018191,0.07250802871858644,0.023793110629071298,0.7529301232545593,0.24706987674544068
160,Merton,E09000024,2,Outer London,0,Inactive,160,0,2,2025,2025/26,,legacy_recovery,0.9993981765415308,0.0004896358391352025,8.415912608178239e-05,2.8028493252028374e-05,8,0.0,0.0,0.0,0.9994888305091333,0.00043257840181489535,3.885233922854627e-05,3.973874982310092e-05,0.00047231715163799625,7.85910890516472e-05,0.8573426874986213,0.1426573125013787
135,Islington,E09000019,1,Inner London,0,Inactive,135,0,1,2025,2025/26,,legacy_recovery,0.9992670594862677,0.0006181067637977035,8.812177861132677e-05,2.671197132327453e-05,8,0.0,0.0,0.0,0.9992683766283553,0.0006496975627615031,4.7382854996250395e-05,3.454295388705034e-05,0.0006842405166485534,8.192580888330073e-05,0.8930704650502229,0.10692953494977708
129,Hounslow,E09000018,2,Outer London,2,Active,129,2,2,2025,2025/26,,legacy_recovery,0.7851829261648835,0.09757747473592084,0.05837703140166943,0.05886256769752612,8,0.0,0.0,0.0,0.7835205018752439,0.09725274460823166,0.05879180687531671,0.06043494664120756,0.1576876912494392,0.11922675351652427,0.5694455245291024,0.43055447547089765
142,Lambeth,E09000022,1,Inner London,1,Insufficiently Active,142,1,1,2025,2025/26,,legacy_recovery,0.9066414626342907,0.0708953723884879,0.019813834000268638,0.0026493309769527866,8,0.0,0.0,0.0,0.9064036445364573,0.06973019623789725,0.02108973081066994,0.0027764284149753475,0.0725066246528726,0.023866159225645285,0.7523558180520173,0.24764418194798266
142,Lambeth,E09000022,1,Inner London,2,Active,142,2,1,2025,2025/26,,legacy_recovery,0.761240175418033,0.10699134451413538,0.05460432242765024,0.07716415764018131,8,0.0,0.0,0.0,0.7619387768687542,0.10632945296027531,0.054406663551482486,0.07732510661948773,0.18365455957976304,0.1317317701709702,0.5823161699015779,0.41768383009842214
8,Barking and Dagenham,E09000002,2,Outer London,0,Inactive,8,0,2,2025,2025/26,,legacy_recovery,0.9990753657983343,0.0006978164613400676,0.0001877329341090195,3.908480621671715e-05,8,0.0,0.0,0.0,0.9996461770351412,0.000283413258158493,2.1231753222092388e-05,4.917795347804301e-05,0.000332591211636536,7.040970670013539e-05,0.8252864857213196,0.17471351427868043
147,Lewisham,E09000023,1,Inner London,0,Inactive,147,0,1,2025,2025/26,,legacy_recovery,0.999237550293017,0.0006489579617187123,8.616193798149665e-05,2.7329807282766492e-05,8,0.0,0.0,0.0,0.9992751341244632,0.000643148228607857,4.725093336593947e-05,3.4466713562941324e-05,0.0006776149421707983,8.17176469288808e-05,0.8923822734570482,0.10761772654295176
293,Westminster,E09000033,1,Inner London,1,Insufficiently Active,293,1,1,2025,2025/26,,legacy_recovery,0.9071482860744076,0.06978973418039723,0.02008439432534549,0.0029775854198496776,8,0.0,0.0,0.0,0.9064228204529422,0.0696979659515841,0.021108651832709262,0.002770561762764433,0.07246852771434854,0.023879213595473694,0.7521559585015481,0.24784404149845185
293,Westminster,E09000033,1,Inner London,2,Active,293,2,1,2025,2025/26,,legacy_recovery,0.7619650809892602,0.10640359917832849,0.054514951448059956,0.07711636838435136,8,0.0,0.0,0.0,0.7621660301552533,0.10626603741051487,0.05446448385968025,0.07710344857455168,0.18336948598506653,0.13156793243423193,0.5822410271393467,0.41775897286065333
293,Westminster,E09000033,1,Inner London,0,Inactive,293,0,1,2025,2025/26,,legacy_recovery,0.9995801620851211,0.0003518949318724264,4.5559368671149194e-05,2.238361433560938e-05,8,0.0,0.0,0.0,0.9992192378835123,0.0006393655555286872,0.0001157818660062791,2.5614694952606366e-05,0.0006649802504812936,0.00014139656095888548,0.8246520002151936,0.17534799978480642
8,Barking and Dagenham,E09000002,2,Outer London,1,Insufficiently Active,8,1,2,2025,2025/26,,legacy_recovery,0.909316383029471,0.06873970932594446,0.019248224345609032,0.0026956832989755534,8,0.0,0.0,0.0,0.9084930087676863,0.06885918647834575,0.02022077808161294,0.0024270266723551226,0.07128621315070088,0.022647804753968062,0.758896667478307,0.24110333252169303
139,Kingston upon Thames,E09000021,2,Outer London,0,Inactive,139,0,2,2025,2025/26,,legacy_recovery,0.9993767899431538,0.0005132159714790916,8.237149523984382e-05,2.76225901271562e-05,8,0.0,0.0,0.0,0.999453794711875,0.0004644581763803355,4.179296535005789e-05,3.9954146394696195e-05,0.0005044123227750317,8.174711174475409e-05,0.8605377531597256,0.13946224684027442
139,Kingston upon Thames,E09000021,2,Outer London,1,Insufficiently Active,139,1,2,2025,2025/26,,legacy_recovery,0.9092879973510611,0.06882622038587607,0.019456869124531782,0.002428913138530967,8,0.0,0.0,0.0,0.9084930087676863,0.06885918647834575,0.02022077808161294,0.0024270266723551226,0.07128621315070088,0.022647804753968062,0.758896667478307,0.24110333252169303
142,Lambeth,E09000022,1,Inner London,0,Inactive,142,0,1,2025,2025/26,,legacy_recovery,0.9992760484016796,0.0006109320782787652,8.641857334582137e-05,2.6600946695980556e-05,8,0.0,0.0,0.0,0.9992683766283553,0.0006496975627615031,4.7382854996250395e-05,3.454295388705034e-05,0.0006842405166485534,8.192580888330073e-05,0.8930704650502229,0.10692953494977708
139,Kingston upon Thames,E09000021,2,Outer London,2,Active,139,2,2,2025,2025/26,,legacy_recovery,0.7787554667829725,0.09660287319205631,0.05987308114488029,0.06476857888009088,8,0.0,0.0,0.0,0.7801131276753988,0.09668920210421848,0.05966474194622842,0.06353292827415445,0.16022213037837293,0.12319767022038287,0.5653173491756253,0.43468265082437474
147,Lewisham,E09000023,1,Inner London,2,Active,147,2,1,2025,2025/26,,legacy_recovery,0.7593133431681053,0.10752587393124287,0.054672575856734996,0.07848820704391697,8,0.0,0.0,0.0,0.7619387768687542,0.10632945296027531,0.054406663551482486,0.07732510661948773,0.18365455957976304,0.1317317701709702,0.5823161699015779,0.41768383009842214
136,Kensington and Chelsea,E09000020,1,Inner London,2,Active,136,2,1,2025,2025/26,,legacy_recovery,0.7617479309658926,0.10642373952315548,0.05453841527090823,0.07728991424004378,8,0.0,0.0,0.0,0.7621660301552533,0.10626603741051487,0.05446448385968025,0.07710344857455168,0.18336948598506653,0.13156793243423193,0.5822410271393467,0.41775897286065333
147,Lewisham,E09000023,1,Inner London,1,Insufficiently Active,147,1,1,2025,2025/26,,legacy_recovery,0.9075651662474594,0.06984134353684768,0.01961114893554575,0.0029823412801472955,8,0.0,0.0,0.0,0.9065941247488754,0.06963961138414157,0.020968834256847337,0.002797429610135886,0.07243704099427746,0.023766263866983224,0.752957926952118,0.24704207304788195
136,Kensington and Chelsea,E09000020,1,Inner London,1,Insufficiently Active,136,1,1,2025,2025/26,,legacy_recovery,0.9075676794227203,0.06983442301820836,0.019624598624163627,0.0029732989349075187,8,0.0,0.0,0.0,0.9065941247488754,0.06963961138414157,0.020968834256847337,0.002797429610135886,0.07243704099427746,0.023766263866983224,0.752957926952118,0.24704207304788195
78,Ealing,E09000009,2,Outer London,2,Active,78,2,2,2025,2025/26,,legacy_recovery,0.7793534614026906,0.0964031884285967,0.05990738104155547,0.06433596912715712,8,0.0,0.0,0.0,0.7798300706721915,0.0966904752685108,0.059683444014218906,0.06379601004507884,0.16048648531358964,0.12347945405929775,0.5651610389189959,0.43483896108100406
241,Southwark,E09000028,1,Inner London,2,Active,241,2,1,2025,2025/26,,legacy_recovery,0.7620828951062668,0.10625196372367636,0.05453005896646377,0.07713508220359311,8,0.0,0.0,0.0,0.7622338007982303,0.10629356960609503,0.054433855020131865,0.07703877457554276,0.1833323441816378,0.13147262959567463,0.5823680038528359,0.41763199614716406
91,Enfield,E09000010,2,Outer London,0,Inactive,91,0,2,2025,2025/26,,legacy_recovery,0.9994521651634992,0.00046532428372924293,3.97080634250385e-05,4.2802489346605345e-05,8,0.0,0.0,0.0,0.9996191444074073,0.0003085893909790811,4.635911249452042e-05,2.590708911925834e-05,0.00033449648009833944,7.226620161377876e-05,0.8223381719542198,0.17766182804578023
255,Sutton,E09000029,2,Outer London,0,Inactive,255,0,2,2025,2025/26,,legacy_recovery,0.9996083566846602,0.0003198942893608205,4.79343347209555e-05,2.3814691257962183e-05,8,0.0,0.0,0.0,0.9993528733525202,0.0005309196845640045,8.781667918449275e-05,2.8390283731494213e-05,0.0005593099682954987,0.00011620696291598696,0.8279732786155648,0.1720267213844352
107,Greenwich,E09000011,2,Outer London,0,Inactive,107,0,2,2025,2025/26,,legacy_recovery,0.999649260574459,0.0002809297306984298,2.089278919556649e-05,4.891690564710281e-05,8,0.0,0.0,0.0,0.999626893213082,0.0003075272066827915,4.1987576260797445e-05,2.3592003974367646e-05,0.0003311192106571592,6.55795802351651e-05,0.8346867151078228,0.16531328489217723
107,Greenwich,E09000011,2,Outer London,1,Insufficiently Active,107,1,2,2025,2025/26,,legacy_recovery,0.9093172852776462,0.06868739490767473,0.019497567534329446,0.0024977522803497037,8,0.0,0.0,0.0,0.9085980406961961,0.06882659153337509,0.020147180337299574,0.00242818743312925,0.07125477896650434,0.022575367770428824,0.7594017641928852,0.2405982358071148
91,Enfield,E09000010,2,Outer London,2,Active,91,2,2,2025,2025/26,,legacy_recovery,0.7789135493490973,0.09685323137574145,0.05968003478933888,0.06455318448582231,8,0.0,0.0,0.0,0.7801506703220903,0.09667893396236857,0.05966349091641823,0.06350690479912303,0.16018583876149162,0.12317039571554127,0.5653160907404539,0.43468390925954614
91,Enfield,E09000010,2,Outer London,1,Insufficiently Active,91,1,2,2025,2025/26,,legacy_recovery,0.9084930087676861,0.06885918647834577,0.02022077808161293,0.002427026672355122,8,0.0,0.0,0.0,0.9085980406961961,0.06882659153337509,0.020147180337299574,0.00242818743312925,0.07125477896650434,0.022575367770428824,0.7594017641928852,0.2405982358071148
241,Southwark,E09000028,1,Inner London,0,Inactive,241,0,1,2025,2025/26,,legacy_recovery,0.9995625670407423,0.0003636996365226838,5.147263287028818e-05,2.2260689864510657e-05,8,0.0,0.0,0.0,0.9992038017564497,0.0006424824901677665,0.00012712441143421788,2.6591341948111157e-05,0.0006690738321158777,0.00015371575338232903,0.8131773224994665,0.1868226775005335
241,Southwark,E09000028,1,Inner London,1,Insufficiently Active,241,1,1,2025,2025/26,,legacy_recovery,0.9075302486188281,0.06971557822467307,0.019773403410229904,0.0029807697462688743,8,0.0,0.0,0.0,0.9065941247488754,0.06963961138414157,0.020968834256847337,0.002797429610135886,0.07243704099427746,0.023766263866983224,0.752957926952118,0.24704207304788195
112,Hammersmith and Fulham,E09000013,1,Inner London,0,Inactive,112,0,1,2025,2025/26,,legacy_recovery,0.9993921983646298,0.0005172228596360916,6.98463819962314e-05,2.0732393737896058e-05,8,0.0,0.0,0.0,0.9990944688748181,0.0007113409984037627,0.00016181791001901107,3.237221675907781e-05,0.0007437132151628406,0.00019419012677808888,0.792952942916031,0.20704705708396898
109,Hackney,E09000012,1,Inner London,2,Active,109,2,1,2025,2025/26,,legacy_recovery,0.7604221603061069,0.10709905607093367,0.054610957339697654,0.07786782628326175,8,0.0,0.0,0.0,0.7619387768687542,0.10632945296027531,0.054406663551482486,0.07732510661948773,0.18365455957976304,0.1317317701709702,0.5823161699015779,0.41768383009842214
109,Hackney,E09000012,1,Inner London,1,Insufficiently Active,109,1,1,2025,2025/26,,legacy_recovery,0.90774903559395,0.06975170508965205,0.01940963338371123,0.003089625932686709,8,0.0,0.0,0.0,0.9064862046391938,0.0696723515701401,0.021045361075525633,0.0027960827151405363,0.07246843428528063,0.02384144379066617,0.7524506907602397,0.24754930923976026
201,Richmond upon Thames,E09000027,2,Outer London,2,Active,201,2,2,2025,2025/26,,legacy_recovery,0.7825058113096888,0.09703372893316133,0.058769321050027495,0.061691138707122305,8,0.0,0.0,0.0,0.7820031001738049,0.09692442466541404,0.058996397065344805,0.06207607809543612,0.15900050276085015,0.12107247516078093,0.5677109728355909,0.4322890271644091
109,Hackney,E09000012,1,Inner London,0,Inactive,109,0,1,2025,2025/26,,legacy_recovery,0.9993140420276914,0.0006019828152254849,5.1009236462892594e-05,3.296592062006305e-05,8,0.0,0.0,0.0,0.9995307254808383,0.00038623310555108863,5.7612291169171344e-05,2.5429122441332457e-05,0.0004116622279924211,8.30414136105038e-05,0.8321390694812042,0.1678609305187958
107,Greenwich,E09000011,2,Outer London,2,Active,107,2,2,2025,2025/26,,legacy_recovery,0.7795795157799306,0.09667675469990782,0.05934595421624683,0.0643977753039148,8,0.0,0.0,0.0,0.7803699996259553,0.09672679427343148,0.059547481860468335,0.0633557242401448,0.16008251851357627,0.12290320610061313,0.5656911447806278,0.43430885521937224
117,Harrow,E09000015,2,Outer London,0,Inactive,117,0,2,2025,2025/26,,legacy_recovery,0.9994694095140055,0.00042998903841430286,7.155860262612887e-05,2.9042844953845563e-05,8,0.0,0.0,0.0,0.9995319372209097,0.00039186496067188646,3.6927112289543895e-05,3.927070612893014e-05,0.0004311356668008166,7.619781841847404e-05,0.8498072359928338,0.1501927640071662
196,Redbridge,E09000026,2,Outer London,0,Inactive,196,0,2,2025,2025/26,,legacy_recovery,0.9995328111076646,0.00039083682398115586,3.6953512317938205e-05,3.9398556036284715e-05,8,0.0,0.0,0.0,0.9996107380469557,0.0003162536742440823,4.786077440165238e-05,2.5147504398658117e-05,0.00034140117864274043,7.30082788003105e-05,0.8238257416933024,0.17617425830669764
117,Harrow,E09000015,2,Outer London,1,Insufficiently Active,117,1,2,2025,2025/26,,legacy_recovery,0.9090302914618507,0.06883337567444027,0.019651525642764307,0.002484807220944905,8,0.0,0.0,0.0,0.9085980406961961,0.06882659153337509,0.020147180337299574,0.00242818743312925,0.07125477896650434,0.022575367770428824,0.7594017641928852,0.2405982358071148
196,Redbridge,E09000026,2,Outer London,1,Insufficiently Active,196,1,2,2025,2025/26,,legacy_recovery,0.9098798962131021,0.06871363741618444,0.01890449942363255,0.002501966947080878,8,0.0,0.0,0.0,0.9085661783993998,0.06887868187564555,0.02015659126098009,0.002398548463974564,0.07127723033962012,0.022555139724954654,0.7596230415001523,0.24037695849984775
122,Havering,E09000016,2,Outer London,1,Insufficiently Active,122,1,2,2025,2025/26,,legacy_recovery,0.9089361526691203,0.06926567138162716,0.019492166337994315,0.0023060096112582688,8,0.0,0.0,0.0,0.9085980406961961,0.06882659153337509,0.020147180337299574,0.00242818743312925,0.07125477896650434,0.022575367770428824,0.7594017641928852,0.2405982358071148
122,Havering,E09000016,2,Outer London,2,Active,122,2,2,2025,2025/26,,legacy_recovery,0.7851409278572639,0.09707850505225085,0.05812107479198207,0.05965949229850318,8,0.0,0.0,0.0,0.782666849737975,0.09706661133562569,0.058856973789889785,0.061409565136509574,0.15847617647213527,0.12026653892639935,0.5685392575929838,0.43146074240701615
122,Havering,E09000016,2,Outer London,0,Inactive,122,0,2,2025,2025/26,,legacy_recovery,0.9994806889121952,0.0004436905474880399,5.00084463565992e-05,2.561209396023273e-05,8,0.0,0.0,0.0,0.9993558064862369,0.0005295869962912425,8.649210543432318e-05,2.811441203764184e-05,0.0005577014083288843,0.00011460651747196501,0.8295326991193115,0.1704673008806885
117,Harrow,E09000015,2,Outer London,2,Active,117,2,2,2025,2025/26,,legacy_recovery,0.7823968468110402,0.09658439656393299,0.05919144697927455,0.061827309645752324,8,0.0,0.0,0.0,0.7818955381805707,0.09672818939104637,0.059141787777503056,0.0622344846508799,0.15896267404192627,0.12137627242838295,0.567037423959079,0.43296257604092103
201,Richmond upon Thames,E09000027,2,Outer London,0,Inactive,201,0,2,2025,2025/26,,legacy_recovery,0.9996083566846602,0.0003198942893608205,4.79343347209555e-05,2.3814691257962183e-05,8,0.0,0.0,0.0,0.9993528733525202,0.0005309196845640045,8.781667918449275e-05,2.8390283731494213e-05,0.0005593099682954987,0.00011620696291598696,0.8279732786155648,0.1720267213844352
201,Richmond upon Thames,E09000027,2,Outer London,1,Insufficiently Active,201,1,2,2025,2025/26,,legacy_recovery,0.9087852973004645,0.06967668443429799,0.019289821884387038,0.002248196380850435,8,0.0,0.0,0.0,0.9084930087676863,0.06885918647834575,0.02022077808161294,0.0024270266723551226,0.07128621315070088,0.022647804753968062,0.758896667478307,0.24110333252169303
114,Haringey,E09000014,1,Inner London,2,Active,114,2,1,2025,2025/26,,legacy_recovery,0.7591071245044795,0.10752479875489518,0.05461878427127979,0.07874929246934549,8,0.0,0.0,0.0,0.7619387768687542,0.10632945296027531,0.054406663551482486,0.07732510661948773,0.18365455957976304,0.1317317701709702,0.5823161699015779,0.41768383009842214
114,Haringey,E09000014,1,Inner London,1,Insufficiently Active,114,1,1,2025,2025/26,,legacy_recovery,0.9074827150500125,0.06982415265613301,0.019628483603346906,0.003064648690507548,8,0.0,0.0,0.0,0.9065941247488754,0.06963961138414157,0.020968834256847337,0.002797429610135886,0.07243704099427746,0.023766263866983224,0.752957926952118,0.24704207304788195
114,Haringey,E09000014,1,Inner London,0,Inactive,114,0,1,2025,2025/26,,legacy_recovery,0.9992470430024732,0.0006402106280723795,8.551092046910022e-05,2.723544898532123e-05,8,0.0,0.0,0.0,0.9992751341244632,0.000643148228607857,4.725093336593947e-05,3.4466713562941324e-05,0.0006776149421707983,8.17176469288808e-05,0.8923822734570482,0.10761772654295176
196,Redbridge,E09000026,2,Outer London,2,Active,196,2,2,2025,2025/26,,legacy_recovery,0.7792123381539742,0.09675744970542625,0.059495353730257154,0.06453485841034245,8,0.0,0.0,0.0,0.7803763617133057,0.09674242597672336,0.059578821856396576,0.0633023904535743,0.16004481643029767,0.12288121230997087,0.5656772448363945,0.4343227551636055
112,Hammersmith and Fulham,E09000013,1,Inner London,2,Active,112,2,1,2025,2025/26,,legacy_recovery,0.7617153582837589,0.10670498082228169,0.05470209975485714,0.07687756113910225,8,0.0,0.0,0.0,0.7622712665913771,0.10617314617192325,0.05439842302162033,0.07715716421507927,0.18333031038700254,0.1315555872366996,0.5822118798285709,0.4177881201714291
112,Hammersmith and Fulham,E09000013,1,Inner London,1,Insufficiently Active,112,1,1,2025,2025/26,,legacy_recovery,0.9062453785067875,0.06986887782884706,0.02114702145951843,0.0027387222048470402,8,0.0,0.0,0.0,0.9063188499937647,0.06978406988588233,0.02115176577174965,0.002745314348603358,0.07252938423448568,0.023897080120353006,0.7521730130805749,0.24782698691942506
35,Bromley,E09000006,2,Outer London,1,Insufficiently Active,35,1,2,2025,2025/26,,legacy_recovery,0.9089820044550317,0.0693102344683986,0.019403367938945315,0.00230439313762446,8,0.0,0.0,0.0,0.9084930087676863,0.06885918647834575,0.02022077808161294,0.0024270266723551226,0.07128621315070088,0.022647804753968062,0.758896667478307,0.24110333252169303
35,Bromley,E09000006,2,Outer London,2,Active,35,2,2,2025,2025/26,,legacy_recovery,0.7798582416541613,0.09578742937685407,0.05953747237383911,0.06481685659514559,8,0.0,0.0,0.0,0.7799706536248814,0.09669840848696078,0.05970637007183232,0.06362456781632564,0.1603229763032864,0.12333093788815797,0.5652062893624689,0.43479371063753114
272,Tower Hamlets,E09000030,1,Inner London,1,Insufficiently Active,272,1,1,2025,2025/26,,legacy_recovery,0.9074694423916387,0.0698462567987038,0.019657523695681748,0.003026777113975621,8,0.0,0.0,0.0,0.9065941247488754,0.06963961138414157,0.020968834256847337,0.002797429610135886,0.07243704099427746,0.023766263866983224,0.752957926952118,0.24704207304788195
44,Camden,E09000007,1,Inner London,0,Inactive,44,0,1,2025,2025/26,,legacy_recovery,0.999458344954757,0.00045882424696961255,6.14017096592407e-05,2.142908861397178e-05,8,0.0,0.0,0.0,0.9991545202860177,0.0006314137605479555,0.00018706810942678784,2.6997844007379474e-05,0.000658411604555335,0.00021406595343416733,0.7546458914915231,0.24535410850847694
44,Camden,E09000007,1,Inner London,1,Insufficiently Active,44,1,1,2025,2025/26,,legacy_recovery,0.9064228204529422,0.06969796595158413,0.02110865183270925,0.002770561762764433,8,0.0,0.0,0.0,0.9064567065533605,0.06975018281756826,0.021035264728053105,0.002757845901018191,0.07250802871858644,0.023793110629071298,0.7529301232545593,0.24706987674544068
44,Camden,E09000007,1,Inner London,2,Active,44,2,1,2025,2025/26,,legacy_recovery,0.7593329416589891,0.10755802263643531,0.054719528522363496,0.07838950718221203,8,0.0,0.0,0.0,0.7619387768687542,0.10632945296027531,0.054406663551482486,0.07732510661948773,0.18365455957976304,0.1317317701709702,0.5823161699015779,0.41768383009842214
279,Waltham Forest,E09000031,2,Outer London,0,Inactive,279,0,2,2025,2025/26,,legacy_recovery,0.9993753668218208,0.0005124736533965682,8.387574570963988e-05,2.8283779072817238e-05,8,0.0,0.0,0.0,0.9995426989904255,0.0003828672354672518,3.324114803014276e-05,4.119262607728761e-05,0.00042405986154453945,7.443377410743036e-05,0.8506825989662237,0.14931740103377633
272,Tower Hamlets,E09000030,1,Inner London,2,Active,272,2,1,2025,2025/26,,legacy_recovery,0.7596202121745277,0.10751877290068983,0.05464794246327593,0.07821307246150659,8,0.0,0.0,0.0,0.7619387768687542,0.10632945296027531,0.054406663551482486,0.07732510661948773,0.18365455957976304,0.1317317701709702,0.5823161699015779,0.41768383009842214
255,Sutton,E09000029,2,Outer London,2,Active,255,2,2,2025,2025/26,,legacy_recovery,0.7799669705439366,0.09715546963693886,0.05921855498720087,0.06365900483192355,8,0.0,0.0,0.0,0.7817686134032711,0.09654769462752504,0.05927353831488529,0.06241015365431858,0.15895784828184362,0.12168369196920387,0.566408836481043,0.433591163518957
272,Tower Hamlets,E09000030,1,Inner London,0,Inactive,272,0,1,2025,2025/26,,legacy_recovery,0.9992760484016796,0.0006109320782787652,8.641857334582137e-05,2.6600946695980556e-05,8,0.0,0.0,0.0,0.9992683766283553,0.0006496975627615031,4.7382854996250395e-05,3.454295388705034e-05,0.0006842405166485534,8.192580888330073e-05,0.8930704650502229,0.10692953494977708
78,Ealing,E09000009,2,Outer London,1,Insufficiently Active,78,1,2,2025,2025/26,,legacy_recovery,0.9084309473581508,0.06890066709069309,0.020243675852149624,0.0024247096990066912,8,0.0,0.0,0.0,0.9085980406961961,0.06882659153337509,0.020147180337299574,0.00242818743312925,0.07125477896650434,0.022575367770428824,0.7594017641928852,0.2405982358071148
78,Ealing,E09000009,2,Outer London,0,Inactive,78,0,2,2025,2025/26,,legacy_recovery,0.9994914568286946,0.00043441936350418163,5.0385159624549716e-05,2.373864817677854e-05,8,0.0,0.0,0.0,0.9993533929049803,0.0005268760621498075,9.099622036540233e-05,2.8734812504639605e-05,0.0005556108746544471,0.00011973103287004193,0.8227104944384037,0.17728950556159628
68,Croydon,E09000008,2,Outer London,2,Active,68,2,2,2025,2025/26,,legacy_recovery,0.7802071560323522,0.09704670657086274,0.05927928862315365,0.06346684877363136,8,0.0,0.0,0.0,0.7817686134032711,0.09654769462752504,0.05927353831488529,0.06241015365431858,0.15895784828184362,0.12168369196920387,0.566408836481043,0.433591163518957
255,Sutton,E09000029,2,Outer London,1,Insufficiently Active,255,1,2,2025,2025/26,,legacy_recovery,0.9096555278526554,0.06851857262831894,0.01932645065989512,0.002499448859130438,8,0.0,0.0,0.0,0.9080166446727246,0.06931911110081898,0.02031397812768954,0.0023502660987668655,0.07166937719958584,0.022664244226456406,0.7597437278052002,0.24025627219479984
68,Croydon,E09000008,2,Outer London,1,Insufficiently Active,68,1,2,2025,2025/26,,legacy_recovery,0.9093369837903729,0.06862719307499374,0.019557477055661982,0.00247834607897154,8,0.0,0.0,0.0,0.9085366169426884,0.06886960894381045,0.020173594139086745,0.002420179974414332,0.07128978891822478,0.022593774113501077,0.7593426007290967,0.24065739927090335
68,Croydon,E09000008,2,Outer London,0,Inactive,68,0,2,2025,2025/26,,legacy_recovery,0.9995257854211066,0.00039737675868905105,3.762988982632321e-05,3.920793037805996e-05,8,0.0,0.0,0.0,0.999609396062306,0.0003174402483248503,4.788798406081764e-05,2.527570530814777e-05,0.0003427159536329981,7.316368936896541e-05,0.8240748480958469,0.17592515190415314
17,Bexley,E09000004,2,Outer London,1,Insufficiently Active,17,1,2,2025,2025/26,,legacy_recovery,0.9096980119468904,0.06851371048293903,0.019075057687013543,0.0027132198831571874,8,0.0,0.0,0.0,0.9080166446727246,0.06931911110081898,0.02031397812768954,0.0023502660987668655,0.07166937719958584,0.022664244226456406,0.7597437278052002,0.24025627219479984
279,Waltham Forest,E09000031,2,Outer London,1,Insufficiently Active,279,1,2,2025,2025/26,,legacy_recovery,0.9085412951568276,0.06871023773389814,0.020280697617863757,0.0024677694914105037,8,0.0,0.0,0.0,0.9085980406961961,0.06882659153337509,0.020147180337299574,0.00242818743312925,0.07125477896650434,0.022575367770428824,0.7594017641928852,0.2405982358071148
17,Bexley,E09000004,2,Outer London,2,Active,17,2,2,2025,2025/26,,legacy_recovery,0.7839076346841457,0.097452693065996,0.05872456730336682,0.05991510494649142,8,0.0,0.0,0.0,0.7824046616699128,0.09700781931230947,0.058805476411584096,0.0617820426061936,0.15878986191850306,0.1205875190177777,0.5683705008127311,0.4316294991872689
279,Waltham Forest,E09000031,2,Outer London,2,Active,279,2,2,2025,2025/26,,legacy_recovery,0.779197243974702,0.09674216753728229,0.059628929265698835,0.06443165922231686,8,0.0,0.0,0.0,0.7802906664635435,0.09668678635983236,0.05968636000191773,0.06333618717470635,0.1600229735345387,0.12302254717662409,0.5653612646208808,0.43463873537911923
30,Brent,E09000005,2,Outer London,2,Active,30,2,2,2025,2025/26,,legacy_recovery,0.7813625454375562,0.09687384604618059,0.05904785963525748,0.06271574888100565,8,0.0,0.0,0.0,0.7818872638646129,0.09679547326419066,0.05911090110186164,0.06220636176933478,0.15900183503352544,0.12131726287119642,0.5672172756761968,0.43278272432380316
35,Bromley,E09000006,2,Outer London,0,Inactive,35,0,2,2025,2025/26,,legacy_recovery,0.9994762438651843,0.00042584576923408593,6.868993471007203e-05,2.9220430871464712e-05,8,0.0,0.0,0.0,0.9995257854211066,0.00039737675868905175,3.7629889826323277e-05,3.920793037806003e-05,0.0004365846890671118,7.68378202043833e-05,0.8503419331703825,0.14965806682961746
30,Brent,E09000005,2,Outer London,1,Insufficiently Active,30,1,2,2025,2025/26,,legacy_recovery,0.9089073159969306,0.0697466723425384,0.019034774212052536,0.0023112374484784183,8,0.0,0.0,0.0,0.9084930087676863,0.06885918647834575,0.02022077808161294,0.0024270266723551226,0.07128621315070088,0.022647804753968062,0.758896667478307,0.24110333252169303
30,Brent,E09000005,2,Outer London,0,Inactive,30,0,2,2025,2025/26,,legacy_recovery,0.9993482313519383,0.0005596770553773898,5.2508412971183305e-05,3.958317971294358e-05,8,0.0,0.0,0.0,0.9996072562168472,0.000317544141679419,4.820291620410815e-05,2.6996725269320763e-05,0.0003445408669487398,7.519964147342891e-05,0.8208425444660818,0.17915745553391815
280,Wandsworth,E09000032,1,Inner London,1,Insufficiently Active,280,1,1,2025,2025/26,,legacy_recovery,0.9067748537563604,0.06984114452244801,0.020501048639781642,0.002882953081410072,8,0.0,0.0,0.0,0.9064567065533605,0.06975018281756826,0.021035264728053105,0.002757845901018191,0.07250802871858644,0.023793110629071298,0.7529301232545593,0.24706987674544068
280,Wandsworth,E09000032,1,Inner London,2,Active,280,2,1,2025,2025/26,,legacy_recovery,0.759595663763528,0.10749081596693284,0.05473068691677225,0.07818283335276678,8,0.0,0.0,0.0,0.7619387768687542,0.10632945296027531,0.054406663551482486,0.07732510661948773,0.18365455957976304,0.1317317701709702,0.5823161699015779,0.41768383009842214
17,Bexley,E09000004,2,Outer London,0,Inactive,17,0,2,2025,2025/26,,legacy_recovery,0.9994661805503076,0.0004329762332984352,7.17927613568943e-05,2.9050455037256025e-05,8,0.0,0.0,0.0,0.9995319372209097,0.00039186496067188646,3.6927112289543895e-05,3.927070612893014e-05,0.0004311356668008166,7.619781841847404e-05,0.8498072359928338,0.1501927640071662
9,Barnet,E09000003,2,Outer London,2,Active,9,2,2,2025,2025/26,,legacy_recovery,0.7797020263020042,0.09705677831014099,0.05931179696996324,0.06392939841789154,8,0.0,0.0,0.0,0.7817686134032711,0.09654769462752504,0.05927353831488529,0.06241015365431858,0.15895784828184362,0.12168369196920387,0.566408836481043,0.433591163518957
9,Barnet,E09000003,2,Outer London,1,Insufficiently Active,9,1,2,2025,2025/26,,legacy_recovery,0.9093670492479745,0.06860239690110019,0.01953669435888516,0.002493859492040337,8,0.0,0.0,0.0,0.9085366169426884,0.06886960894381045,0.020173594139086745,0.002420179974414332,0.07128978891822478,0.022593774113501077,0.7593426007290967,0.24065739927090335
280,Wandsworth,E09000032,1,Inner London,0,Inactive,280,0,1,2025,2025/26,,legacy_recovery,0.9994605270443331,0.00045710985537264736,6.088689213018563e-05,2.1476208164032126e-05,8,0.0,0.0,0.0,0.9991545202860177,0.0006314137605479555,0.00018706810942678784,2.6997844007379474e-05,0.000658411604555335,0.00021406595343416733,0.7546458914915231,0.24535410850847694
9,Barnet,E09000003,2,Outer London,0,Inactive,9,0,2,2025,2025/26,,legacy_recovery,0.9996083566846602,0.0003198942893608205,4.79343347209555e-05,2.3814691257962183e-05,8,0.0,0.0,0.0,0.9993528733525202,0.0005309196845640045,8.781667918449275e-05,2.8390283731494213e-05,0.0005593099682954987,0.00011620696291598696,0.8279732786155648,0.1720267213844352
8,Barking and Dagenham,E09000002,2,Outer London,2,Active,8,2,2,2025,2025/26,,legacy_recovery,0.7815451783157598,0.096659060190933,0.05929593223389183,0.06249982925941555,8,0.0,0.0,0.0,0.7819029928234493,0.09669712115856287,0.05913902014058634,0.062260865877401476,0.15895798703596434,0.12139988601798782,0.5669824260843013,0.43301757391569873
126,Hillingdon,E09000017,2,Outer London,0,Inactive,126,0,2,2026,2026/27,,legacy_recovery,0.9993465568804172,0.0005373045385686729,8.788412692987917e-05,2.8254454084304287e-05,9,0.0,0.0,0.0,0.999543314176049,0.0003823188516961956,3.296836145804146e-05,4.13986107965035e-05,0.0004237174624926991,7.436697225454497e-05,0.8506940448916398,0.1493059551083602
126,Hillingdon,E09000017,2,Outer London,1,Insufficiently Active,126,1,2,2026,2026/27,,legacy_recovery,0.9085366169426884,0.06886960894381045,0.020173594139086745,0.002420179974414332,9,0.0,0.0,0.0,0.9085980406961961,0.06882659153337493,0.020147180337299512,0.0024281874331292456,0.07125477896650417,0.022575367770428758,0.7594017641928853,0.2405982358071147
171,Newham,E09000025,1,Inner London,0,Inactive,171,0,1,2026,2026/27,,legacy_recovery,0.9995488035877724,0.00036985628641581127,5.6292862122232235e-05,2.5047263689391383e-05,9,0.0,0.0,0.0,0.9992563586864598,0.0006261256767075154,9.106124490418175e-05,2.6454391928494068e-05,0.0006525800686360095,0.00011751563683267582,0.8474012567552821,0.1525987432447179
126,Hillingdon,E09000017,2,Outer London,2,Active,126,2,2,2026,2026/27,,legacy_recovery,0.7840127529753906,0.09733496988594174,0.05872391067637001,0.059928366462297565,9,0.0,0.0,0.0,0.782109227216163,0.0969408112631533,0.05894675656063441,0.06200320496004921,0.15894401622320253,0.12094996152068363,0.5678722261350063,0.4321277738649937
129,Hounslow,E09000018,2,Outer London,0,Inactive,129,0,2,2026,2026/27,,legacy_recovery,0.9993999303887308,0.0005136010825501603,4.7670644572433733e-05,3.879788414652241e-05,9,0.0,0.0,0.0,0.9996049703081534,0.0003214915893621196,4.675318199813098e-05,2.6784920486327354e-05,0.00034827650984844695,7.353810248445834e-05,0.8256625059104865,0.1743374940895135
129,Hounslow,E09000018,2,Outer London,1,Insufficiently Active,129,1,2,2026,2026/27,,legacy_recovery,0.9085366169426884,0.06886960894381045,0.020173594139086745,0.002420179974414332,9,0.0,0.0,0.0,0.9085980406961961,0.06882659153337493,0.020147180337299512,0.0024281874331292456,0.07125477896650417,0.022575367770428758,0.7594017641928853,0.2405982358071147
171,Newham,E09000025,1,Inner London,2,Active,171,2,1,2026,2026/27,,legacy_recovery,0.7622338007982303,0.10629356960609503,0.054433855020131865,0.07703877457554276,9,0.0,0.0,0.0,0.7622338007982303,0.10629356960609498,0.05443385502013184,0.07703877457554272,0.18333234418163769,0.13147262959567454,0.5823680038528359,0.41763199614716406
171,Newham,E09000025,1,Inner London,1,Insufficiently Active,171,1,1,2026,2026/27,,legacy_recovery,0.9063832749368674,0.06983495351087214,0.021030547731251306,0.0027512238210090027,9,0.0,0.0,0.0,0.9064567065533601,0.06975018281756842,0.021035264728053154,0.0027578459010181976,0.07250802871858662,0.02379311062907135,0.7529301232545594,0.24706987674544056
160,Merton,E09000024,2,Outer London,1,Insufficiently Active,160,1,2,2026,2026/27,,legacy_recovery,0.9085980406961961,0.06882659153337509,0.020147180337299574,0.00242818743312925,9,0.0,0.0,0.0,0.9085980406961961,0.06882659153337493,0.020147180337299512,0.0024281874331292456,0.07125477896650417,0.022575367770428758,0.7594017641928853,0.2405982358071147
160,Merton,E09000024,2,Outer London,2,Active,160,2,2,2026,2026/27,,legacy_recovery,0.77940364298253,0.0968037230877639,0.059613090346589806,0.06417954358311642,9,0.0,0.0,0.0,0.7802906664635435,0.09668678635983231,0.05968636000191771,0.06333618717470633,0.16002297353453865,0.12302254717662404,0.5653612646208808,0.43463873537911923
136,Kensington and Chelsea,E09000020,1,Inner London,0,Inactive,136,0,1,2026,2026/27,,legacy_recovery,0.9995440647300726,0.0003760552946323764,5.5290426515747146e-05,2.4589548779198893e-05,9,0.0,0.0,0.0,0.9992563586864598,0.0006261256767075154,9.106124490418175e-05,2.6454391928494068e-05,0.0006525800686360095,0.00011751563683267582,0.8474012567552821,0.1525987432447179
135,Islington,E09000019,1,Inner London,2,Active,135,2,1,2026,2026/27,,legacy_recovery,0.7619387768687542,0.10632945296027531,0.054406663551482486,0.07732510661948773,9,0.0,0.0,0.0,0.7621660301552533,0.10626603741051482,0.05446448385968023,0.07710344857455163,0.18336948598506647,0.13156793243423187,0.5822410271393467,0.41775897286065333
135,Islington,E09000019,1,Inner London,1,Insufficiently Active,135,1,1,2026,2026/27,,legacy_recovery,0.9064567065533605,0.06975018281756826,0.021035264728053105,0.002757845901018191,9,0.0,0.0,0.0,0.9064567065533601,0.06975018281756842,0.021035264728053154,0.0027578459010181976,0.07250802871858662,0.02379311062907135,0.7529301232545594,0.24706987674544056
160,Merton,E09000024,2,Outer London,0,Inactive,160,0,2,2026,2026/27,,legacy_recovery,0.9994888305091333,0.00043257840181489535,3.885233922854627e-05,3.973874982310092e-05,9,0.0,0.0,0.0,0.9996182625749288,0.00030911409827093315,4.686297571933305e-05,2.5760351080917167e-05,0.0003348744493518503,7.262332680025022e-05,0.8217822745291664,0.1782177254708336
135,Islington,E09000019,1,Inner London,0,Inactive,135,0,1,2026,2026/27,,legacy_recovery,0.9992683766283553,0.0006496975627615031,4.7382854996250395e-05,3.454295388705034e-05,9,0.0,0.0,0.0,0.9995405791988474,0.0003793466049675786,5.511340539119022e-05,2.496079079391184e-05,0.00040430739576149044,8.007419618510206e-05,0.834687780220329,0.16531221977967103
129,Hounslow,E09000018,2,Outer London,2,Active,129,2,2,2026,2026/27,,legacy_recovery,0.7835205018752439,0.09725274460823166,0.05879180687531671,0.06043494664120756,9,0.0,0.0,0.0,0.782109227216163,0.0969408112631533,0.05894675656063441,0.06200320496004921,0.15894401622320253,0.12094996152068363,0.5678722261350063,0.4321277738649937
142,Lambeth,E09000022,1,Inner London,1,Insufficiently Active,142,1,1,2026,2026/27,,legacy_recovery,0.9064036445364573,0.06973019623789725,0.02108973081066994,0.0027764284149753475,9,0.0,0.0,0.0,0.9064567065533601,0.06975018281756842,0.021035264728053154,0.0027578459010181976,0.07250802871858662,0.02379311062907135,0.7529301232545594,0.24706987674544056
142,Lambeth,E09000022,1,Inner London,2,Active,142,2,1,2026,2026/27,,legacy_recovery,0.7619387768687542,0.10632945296027531,0.054406663551482486,0.07732510661948773,9,0.0,0.0,0.0,0.7621660301552533,0.10626603741051482,0.05446448385968023,0.07710344857455163,0.18336948598506647,0.13156793243423187,0.5822410271393467,0.41775897286065333
8,Barking and Dagenham,E09000002,2,Outer London,0,Inactive,8,0,2,2026,2026/27,,legacy_recovery,0.9996461770351412,0.000283413258158493,2.1231753222092388e-05,4.917795347804301e-05,9,0.0,0.0,0.0,0.999626893213082,0.0003075272066827915,4.1987576260797445e-05,2.3592003974367646e-05,0.0003311192106571592,6.55795802351651e-05,0.8346867151078228,0.16531328489217723
147,Lewisham,E09000023,1,Inner London,0,Inactive,147,0,1,2026,2026/27,,legacy_recovery,0.9992751341244632,0.000643148228607857,4.725093336593947e-05,3.4466713562941324e-05,9,0.0,0.0,0.0,0.9995356269348203,0.0003837892081641265,5.5505436022788274e-05,2.507842099287227e-05,0.0004088676291569988,8.058385701566054e-05,0.8353588470109707,0.16464115298902926
293,Westminster,E09000033,1,Inner London,1,Insufficiently Active,293,1,1,2026,2026/27,,legacy_recovery,0.9064228204529422,0.0696979659515841,0.021108651832709262,0.002770561762764433,9,0.0,0.0,0.0,0.9064567065533601,0.06975018281756842,0.021035264728053154,0.0027578459010181976,0.07250802871858662,0.02379311062907135,0.7529301232545594,0.24706987674544056
293,Westminster,E09000033,1,Inner London,2,Active,293,2,1,2026,2026/27,,legacy_recovery,0.7621660301552533,0.10626603741051487,0.05446448385968025,0.07710344857455168,9,0.0,0.0,0.0,0.7622338007982303,0.10629356960609498,0.05443385502013184,0.07703877457554272,0.18333234418163769,0.13147262959567454,0.5823680038528359,0.41763199614716406
293,Westminster,E09000033,1,Inner London,0,Inactive,293,0,1,2026,2026/27,,legacy_recovery,0.9992192378835123,0.0006393655555286872,0.0001157818660062791,2.5614694952606366e-05,9,0.0,0.0,0.0,0.9992038564904242,0.0007105038758451883,4.934978496085889e-05,3.6289848769800325e-05,0.0007467937246149886,8.563963373065922e-05,0.8971213336514328,0.10287866634856724
8,Barking and Dagenham,E09000002,2,Outer London,1,Insufficiently Active,8,1,2,2026,2026/27,,legacy_recovery,0.9084930087676863,0.06885918647834575,0.02022077808161294,0.0024270266723551226,9,0.0,0.0,0.0,0.9085980406961961,0.06882659153337493,0.020147180337299512,0.0024281874331292456,0.07125477896650417,0.022575367770428758,0.7594017641928853,0.2405982358071147
139,Kingston upon Thames,E09000021,2,Outer London,0,Inactive,139,0,2,2026,2026/27,,legacy_recovery,0.999453794711875,0.0004644581763803355,4.179296535005789e-05,3.9954146394696195e-05,9,0.0,0.0,0.0,0.999616122775546,0.0003108152613821837,4.7098343976805564e-05,2.5963619095024322e-05,0.000336778880477208,7.306196307182988e-05,0.821730888412326,0.178269111587674
139,Kingston upon Thames,E09000021,2,Outer London,1,Insufficiently Active,139,1,2,2026,2026/27,,legacy_recovery,0.9084930087676863,0.06885918647834575,0.02022077808161294,0.0024270266723551226,9,0.0,0.0,0.0,0.9085980406961961,0.06882659153337493,0.020147180337299512,0.0024281874331292456,0.07125477896650417,0.022575367770428758,0.7594017641928853,0.2405982358071147
142,Lambeth,E09000022,1,Inner London,0,Inactive,142,0,1,2026,2026/27,,legacy_recovery,0.9992683766283553,0.0006496975627615031,4.7382854996250395e-05,3.454295388705034e-05,9,0.0,0.0,0.0,0.9995405791988474,0.0003793466049675786,5.511340539119022e-05,2.496079079391184e-05,0.00040430739576149044,8.007419618510206e-05,0.834687780220329,0.16531221977967103
139,Kingston upon Thames,E09000021,2,Outer London,2,Active,139,2,2,2026,2026/27,,legacy_recovery,0.7801131276753988,0.09668920210421848,0.05966474194622842,0.06353292827415445,9,0.0,0.0,0.0,0.7816894627836772,0.0965078008837072,0.05941180223896104,0.062390934093654545,0.15889873497736173,0.12180273633261558,0.5660773142221639,0.4339226857778361
147,Lewisham,E09000023,1,Inner London,2,Active,147,2,1,2026,2026/27,,legacy_recovery,0.7619387768687542,0.10632945296027531,0.054406663551482486,0.07732510661948773,9,0.0,0.0,0.0,0.7621660301552533,0.10626603741051482,0.05446448385968023,0.07710344857455163,0.18336948598506647,0.13156793243423187,0.5822410271393467,0.41775897286065333
136,Kensington and Chelsea,E09000020,1,Inner London,2,Active,136,2,1,2026,2026/27,,legacy_recovery,0.7621660301552533,0.10626603741051487,0.05446448385968025,0.07710344857455168,9,0.0,0.0,0.0,0.7622338007982303,0.10629356960609498,0.05443385502013184,0.07703877457554272,0.18333234418163769,0.13147262959567454,0.5823680038528359,0.41763199614716406
147,Lewisham,E09000023,1,Inner London,1,Insufficiently Active,147,1,1,2026,2026/27,,legacy_recovery,0.9065941247488754,0.06963961138414157,0.020968834256847337,0.002797429610135886,9,0.0,0.0,0.0,0.9064567065533601,0.06975018281756842,0.021035264728053154,0.0027578459010181976,0.07250802871858662,0.02379311062907135,0.7529301232545594,0.24706987674544056
136,Kensington and Chelsea,E09000020,1,Inner London,1,Insufficiently Active,136,1,1,2026,2026/27,,legacy_recovery,0.9065941247488754,0.06963961138414157,0.020968834256847337,0.002797429610135886,9,0.0,0.0,0.0,0.9064567065533601,0.06975018281756842,0.021035264728053154,0.0027578459010181976,0.07250802871858662,0.02379311062907135,0.7529301232545594,0.24706987674544056
78,Ealing,E09000009,2,Outer London,2,Active,78,2,2,2026,2026/27,,legacy_recovery,0.7798300706721915,0.0966904752685108,0.059683444014218906,0.06379601004507884,9,0.0,0.0,0.0,0.7815513095193228,0.09650022155484182,0.05938919746017786,0.0625592714656573,0.15905949302049913,0.12194846892583516,0.5660319797304378,0.43396802026956216
241,Southwark,E09000028,1,Inner London,2,Active,241,2,1,2026,2026/27,,legacy_recovery,0.7622338007982303,0.10629356960609503,0.054433855020131865,0.07703877457554276,9,0.0,0.0,0.0,0.7622338007982303,0.10629356960609498,0.05443385502013184,0.07703877457554272,0.18333234418163769,0.13147262959567454,0.5823680038528359,0.41763199614716406
91,Enfield,E09000010,2,Outer London,0,Inactive,91,0,2,2026,2026/27,,legacy_recovery,0.9996191444074073,0.0003085893909790811,4.635911249452042e-05,2.590708911925834e-05,9,0.0,0.0,0.0,0.9993778534489721,0.0005125066189004487,8.244334296654057e-05,2.7196589160804753e-05,0.0005397032080612534,0.00010963993212734532,0.8311525519535005,0.16884744804649954
255,Sutton,E09000029,2,Outer London,0,Inactive,255,0,2,2026,2026/27,,legacy_recovery,0.9993528733525202,0.0005309196845640045,8.781667918449275e-05,2.8390283731494213e-05,9,0.0,0.0,0.0,0.999543314176049,0.0003823188516961956,3.296836145804146e-05,4.13986107965035e-05,0.0004237174624926991,7.436697225454497e-05,0.8506940448916398,0.1493059551083602
107,Greenwich,E09000011,2,Outer London,0,Inactive,107,0,2,2026,2026/27,,legacy_recovery,0.999626893213082,0.0003075272066827915,4.1987576260797445e-05,2.3592003974367646e-05,9,0.0,0.0,0.0,0.9993813612342274,0.0005064883845186971,8.530882350244277e-05,2.68415577514779e-05,0.000533329942270175,0.00011215038125392067,0.8262528272874082,0.17374717271259177
107,Greenwich,E09000011,2,Outer London,1,Insufficiently Active,107,1,2,2026,2026/27,,legacy_recovery,0.9085980406961961,0.06882659153337509,0.020147180337299574,0.00242818743312925,9,0.0,0.0,0.0,0.9085980406961961,0.06882659153337493,0.020147180337299512,0.0024281874331292456,0.07125477896650417,0.022575367770428758,0.7594017641928853,0.2405982358071147
91,Enfield,E09000010,2,Outer London,2,Active,91,2,2,2026,2026/27,,legacy_recovery,0.7801506703220903,0.09667893396236857,0.05966349091641823,0.06350690479912303,9,0.0,0.0,0.0,0.7816894627836772,0.0965078008837072,0.05941180223896104,0.062390934093654545,0.15889873497736173,0.12180273633261558,0.5660773142221639,0.4339226857778361
91,Enfield,E09000010,2,Outer London,1,Insufficiently Active,91,1,2,2026,2026/27,,legacy_recovery,0.9085980406961961,0.06882659153337509,0.020147180337299574,0.00242818743312925,9,0.0,0.0,0.0,0.9085980406961961,0.06882659153337493,0.020147180337299512,0.0024281874331292456,0.07125477896650417,0.022575367770428758,0.7594017641928853,0.2405982358071147
241,Southwark,E09000028,1,Inner London,0,Inactive,241,0,1,2026,2026/27,,legacy_recovery,0.9992038017564497,0.0006424824901677665,0.00012712441143421788,2.6591341948111157e-05,9,0.0,0.0,0.0,0.9992499734090083,0.0006673156877426338,4.673424278491002e-05,3.597666046407014e-05,0.0007032923482067039,8.271090324898017e-05,0.8947702784997403,0.10522972150025967
241,Southwark,E09000028,1,Inner London,1,Insufficiently Active,241,1,1,2026,2026/27,,legacy_recovery,0.9065941247488754,0.06963961138414157,0.020968834256847337,0.002797429610135886,9,0.0,0.0,0.0,0.9064567065533601,0.06975018281756842,0.021035264728053154,0.0027578459010181976,0.07250802871858662,0.02379311062907135,0.7529301232545594,0.24706987674544056
112,Hammersmith and Fulham,E09000013,1,Inner London,0,Inactive,112,0,1,2026,2026/27,,legacy_recovery,0.9990944688748181,0.0007113409984037627,0.00016181791001901107,3.237221675907781e-05,9,0.0,0.0,0.0,0.9995122508157126,0.00042065892033346327,3.0084670953369414e-05,3.700559300044149e-05,0.0004576645133339048,6.709026395381091e-05,0.8721493031457888,0.12785069685421124
109,Hackney,E09000012,1,Inner London,2,Active,109,2,1,2026,2026/27,,legacy_recovery,0.7619387768687542,0.10632945296027531,0.054406663551482486,0.07732510661948773,9,0.0,0.0,0.0,0.7621660301552533,0.10626603741051482,0.05446448385968023,0.07710344857455163,0.18336948598506647,0.13156793243423187,0.5822410271393467,0.41775897286065333
109,Hackney,E09000012,1,Inner London,1,Insufficiently Active,109,1,1,2026,2026/27,,legacy_recovery,0.9064862046391938,0.0696723515701401,0.021045361075525633,0.0027960827151405363,9,0.0,0.0,0.0,0.9064567065533601,0.06975018281756842,0.021035264728053154,0.0027578459010181976,0.07250802871858662,0.02379311062907135,0.7529301232545594,0.24706987674544056
201,Richmond upon Thames,E09000027,2,Outer London,2,Active,201,2,2,2026,2026/27,,legacy_recovery,0.7820031001738049,0.09692442466541404,0.058996397065344805,0.06207607809543612,9,0.0,0.0,0.0,0.7819515250026374,0.09686234037981294,0.0590846815750461,0.06210145304250341,0.15896379342231634,0.12118613461754951,0.567424002335262,0.432575997664738
109,Hackney,E09000012,1,Inner London,0,Inactive,109,0,1,2026,2026/27,,legacy_recovery,0.9995307254808383,0.00038623310555108863,5.7612291169171344e-05,2.5429122441332457e-05,9,0.0,0.0,0.0,0.9992623909983145,0.0006220847479320304,8.894505018057706e-05,2.6579203572953844e-05,0.0006486639515049842,0.0001155242537535309,0.8488274839122248,0.15117251608777516
107,Greenwich,E09000011,2,Outer London,2,Active,107,2,2,2026,2026/27,,legacy_recovery,0.7803699996259553,0.09672679427343148,0.059547481860468335,0.0633557242401448,9,0.0,0.0,0.0,0.7816894627836772,0.0965078008837072,0.05941180223896104,0.062390934093654545,0.15889873497736173,0.12180273633261558,0.5660773142221639,0.4339226857778361
117,Harrow,E09000015,2,Outer London,0,Inactive,117,0,2,2026,2026/27,,legacy_recovery,0.9995319372209097,0.00039186496067188646,3.6927112289543895e-05,3.927070612893014e-05,9,0.0,0.0,0.0,0.9996107380469557,0.00031625367424408175,4.786077440165229e-05,2.5147504398658073e-05,0.00034140117864273984,7.300827880031037e-05,0.8238257416933025,0.17617425830669753
196,Redbridge,E09000026,2,Outer London,0,Inactive,196,0,2,2026,2026/27,,legacy_recovery,0.9996107380469557,0.0003162536742440823,4.786077440165238e-05,2.5147504398658117e-05,9,0.0,0.0,0.0,0.9993449517441009,0.0005406782495659677,8.629628505490636e-05,2.8073721278010358e-05,0.0005687519708439781,0.00011437000633291671,0.8325774749546662,0.16742252504533384
117,Harrow,E09000015,2,Outer London,1,Insufficiently Active,117,1,2,2026,2026/27,,legacy_recovery,0.9085980406961961,0.06882659153337509,0.020147180337299574,0.00242818743312925,9,0.0,0.0,0.0,0.9085980406961961,0.06882659153337493,0.020147180337299512,0.0024281874331292456,0.07125477896650417,0.022575367770428758,0.7594017641928853,0.2405982358071147
196,Redbridge,E09000026,2,Outer London,1,Insufficiently Active,196,1,2,2026,2026/27,,legacy_recovery,0.9085661783993998,0.06887868187564555,0.02015659126098009,0.002398548463974564,9,0.0,0.0,0.0,0.9085980406961961,0.06882659153337493,0.020147180337299512,0.0024281874331292456,0.07125477896650417,0.022575367770428758,0.7594017641928853,0.2405982358071147
122,Havering,E09000016,2,Outer London,1,Insufficiently Active,122,1,2,2026,2026/27,,legacy_recovery,0.9085980406961961,0.06882659153337509,0.020147180337299574,0.00242818743312925,9,0.0,0.0,0.0,0.9085980406961961,0.06882659153337493,0.020147180337299512,0.0024281874331292456,0.07125477896650417,0.022575367770428758,0.7594017641928853,0.2405982358071147
122,Havering,E09000016,2,Outer London,2,Active,122,2,2,2026,2026/27,,legacy_recovery,0.782666849737975,0.09706661133562569,0.058856973789889785,0.061409565136509574,9,0.0,0.0,0.0,0.7820031001738054,0.09692442466541396,0.05899639706534476,0.062076078095436076,0.15900050276085004,0.12107247516078085,0.5677109728355909,0.4322890271644091
122,Havering,E09000016,2,Outer London,0,Inactive,122,0,2,2026,2026/27,,legacy_recovery,0.9993558064862369,0.0005295869962912425,8.649210543432318e-05,2.811441203764184e-05,9,0.0,0.0,0.0,0.999543314176049,0.0003823188516961956,3.296836145804146e-05,4.13986107965035e-05,0.0004237174624926991,7.436697225454497e-05,0.8506940448916398,0.1493059551083602
117,Harrow,E09000015,2,Outer London,2,Active,117,2,2,2026,2026/27,,legacy_recovery,0.7818955381805707,0.09672818939104637,0.059141787777503056,0.0622344846508799,9,0.0,0.0,0.0,0.7819401388655997,0.09668679248485576,0.059137743624459664,0.06223532502508489,0.15892211750994065,0.12137306864954456,0.5669812588915298,0.43301874110847016
201,Richmond upon Thames,E09000027,2,Outer London,0,Inactive,201,0,2,2026,2026/27,,legacy_recovery,0.9993528733525202,0.0005309196845640045,8.781667918449275e-05,2.8390283731494213e-05,9,0.0,0.0,0.0,0.999543314176049,0.0003823188516961956,3.296836145804146e-05,4.13986107965035e-05,0.0004237174624926991,7.436697225454497e-05,0.8506940448916398,0.1493059551083602
201,Richmond upon Thames,E09000027,2,Outer London,1,Insufficiently Active,201,1,2,2026,2026/27,,legacy_recovery,0.9084930087676863,0.06885918647834575,0.02022077808161294,0.0024270266723551226,9,0.0,0.0,0.0,0.9085980406961961,0.06882659153337493,0.020147180337299512,0.0024281874331292456,0.07125477896650417,0.022575367770428758,0.7594017641928853,0.2405982358071147
114,Haringey,E09000014,1,Inner London,2,Active,114,2,1,2026,2026/27,,legacy_recovery,0.7619387768687542,0.10632945296027531,0.054406663551482486,0.07732510661948773,9,0.0,0.0,0.0,0.7621660301552533,0.10626603741051482,0.05446448385968023,0.07710344857455163,0.18336948598506647,0.13156793243423187,0.5822410271393467,0.41775897286065333
114,Haringey,E09000014,1,Inner London,1,Insufficiently Active,114,1,1,2026,2026/27,,legacy_recovery,0.9065941247488754,0.06963961138414157,0.020968834256847337,0.002797429610135886,9,0.0,0.0,0.0,0.9064567065533601,0.06975018281756842,0.021035264728053154,0.0027578459010181976,0.07250802871858662,0.02379311062907135,0.7529301232545594,0.24706987674544056
114,Haringey,E09000014,1,Inner London,0,Inactive,114,0,1,2026,2026/27,,legacy_recovery,0.9992751341244632,0.000643148228607857,4.725093336593947e-05,3.4466713562941324e-05,9,0.0,0.0,0.0,0.9995356269348203,0.0003837892081641265,5.5505436022788274e-05,2.507842099287227e-05,0.0004088676291569988,8.058385701566054e-05,0.8353588470109707,0.16464115298902926
196,Redbridge,E09000026,2,Outer London,2,Active,196,2,2,2026,2026/27,,legacy_recovery,0.7803763617133057,0.09674242597672336,0.059578821856396576,0.0633023904535743,9,0.0,0.0,0.0,0.7816894627836772,0.0965078008837072,0.05941180223896104,0.062390934093654545,0.15889873497736173,0.12180273633261558,0.5660773142221639,0.4339226857778361
112,Hammersmith and Fulham,E09000013,1,Inner London,2,Active,112,2,1,2026,2026/27,,legacy_recovery,0.7622712665913771,0.10617314617192325,0.05439842302162033,0.07715716421507927,9,0.0,0.0,0.0,0.7621525242173861,0.10627228833229456,0.05446005002599343,0.07711513742432588,0.18338742575662043,0.13157518745031932,0.5822514103797122,0.4177485896202878
112,Hammersmith and Fulham,E09000013,1,Inner London,1,Insufficiently Active,112,1,1,2026,2026/27,,legacy_recovery,0.9063188499937647,0.06978406988588233,0.02115176577174965,0.002745314348603358,9,0.0,0.0,0.0,0.9063188499937642,0.06978406988588255,0.021151765771749716,0.0027453143486033667,0.07252938423448592,0.023897080120353083,0.7521730130805749,0.24782698691942506
35,Bromley,E09000006,2,Outer London,1,Insufficiently Active,35,1,2,2026,2026/27,,legacy_recovery,0.9084930087676863,0.06885918647834575,0.02022077808161294,0.0024270266723551226,9,0.0,0.0,0.0,0.9085980406961961,0.06882659153337493,0.020147180337299512,0.0024281874331292456,0.07125477896650417,0.022575367770428758,0.7594017641928853,0.2405982358071147
35,Bromley,E09000006,2,Outer London,2,Active,35,2,2,2026,2026/27,,legacy_recovery,0.7799706536248814,0.09669840848696078,0.05970637007183232,0.06362456781632564,9,0.0,0.0,0.0,0.7815513095193228,0.09650022155484182,0.05938919746017786,0.0625592714656573,0.15905949302049913,0.12194846892583516,0.5660319797304378,0.43396802026956216
272,Tower Hamlets,E09000030,1,Inner London,1,Insufficiently Active,272,1,1,2026,2026/27,,legacy_recovery,0.9065941247488754,0.06963961138414157,0.020968834256847337,0.002797429610135886,9,0.0,0.0,0.0,0.9064567065533601,0.06975018281756842,0.021035264728053154,0.0027578459010181976,0.07250802871858662,0.02379311062907135,0.7529301232545594,0.24706987674544056
44,Camden,E09000007,1,Inner London,0,Inactive,44,0,1,2026,2026/27,,legacy_recovery,0.9991545202860177,0.0006314137605479555,0.00018706810942678784,2.6997844007379474e-05,9,0.0,0.0,0.0,0.9991533323636151,0.0007570837386635767,5.029393342351571e-05,3.92899642976021e-05,0.0007963737029611788,8.95838977211178e-05,0.8988846671080792,0.10111533289192076
44,Camden,E09000007,1,Inner London,1,Insufficiently Active,44,1,1,2026,2026/27,,legacy_recovery,0.9064567065533605,0.06975018281756826,0.021035264728053105,0.002757845901018191,9,0.0,0.0,0.0,0.9064567065533601,0.06975018281756842,0.021035264728053154,0.0027578459010181976,0.07250802871858662,0.02379311062907135,0.7529301232545594,0.24706987674544056
44,Camden,E09000007,1,Inner London,2,Active,44,2,1,2026,2026/27,,legacy_recovery,0.7619387768687542,0.10632945296027531,0.054406663551482486,0.07732510661948773,9,0.0,0.0,0.0,0.7621660301552533,0.10626603741051482,0.05446448385968023,0.07710344857455163,0.18336948598506647,0.13156793243423187,0.5822410271393467,0.41775897286065333
279,Waltham Forest,E09000031,2,Outer London,0,Inactive,279,0,2,2026,2026/27,,legacy_recovery,0.9995426989904255,0.0003828672354672518,3.324114803014276e-05,4.119262607728761e-05,9,0.0,0.0,0.0,0.9996190350314234,0.00031154544979370075,4.4745871723034536e-05,2.467364705992479e-05,0.00033621909685362556,6.941951878295933e-05,0.8288636335226209,0.17113636647737906
272,Tower Hamlets,E09000030,1,Inner London,2,Active,272,2,1,2026,2026/27,,legacy_recovery,0.7619387768687542,0.10632945296027531,0.054406663551482486,0.07732510661948773,9,0.0,0.0,0.0,0.7621660301552533,0.10626603741051482,0.05446448385968023,0.07710344857455163,0.18336948598506647,0.13156793243423187,0.5822410271393467,0.41775897286065333
255,Sutton,E09000029,2,Outer London,2,Active,255,2,2,2026,2026/27,,legacy_recovery,0.7817686134032711,0.09654769462752504,0.05927353831488529,0.06241015365431858,9,0.0,0.0,0.0,0.781624039884757,0.09669898250871246,0.059157917192699055,0.06251906041383151,0.159218042922544,0.12167697760653057,0.5668240135501578,0.43317598644984223
272,Tower Hamlets,E09000030,1,Inner London,0,Inactive,272,0,1,2026,2026/27,,legacy_recovery,0.9992683766283553,0.0006496975627615031,4.7382854996250395e-05,3.454295388705034e-05,9,0.0,0.0,0.0,0.9995405791988474,0.0003793466049675786,5.511340539119022e-05,2.496079079391184e-05,0.00040430739576149044,8.007419618510206e-05,0.834687780220329,0.16531221977967103
78,Ealing,E09000009,2,Outer London,1,Insufficiently Active,78,1,2,2026,2026/27,,legacy_recovery,0.9085980406961961,0.06882659153337509,0.020147180337299574,0.00242818743312925,9,0.0,0.0,0.0,0.9085980406961961,0.06882659153337493,0.020147180337299512,0.0024281874331292456,0.07125477896650417,0.022575367770428758,0.7594017641928853,0.2405982358071147
78,Ealing,E09000009,2,Outer London,0,Inactive,78,0,2,2026,2026/27,,legacy_recovery,0.9993533929049803,0.0005268760621498075,9.099622036540233e-05,2.8734812504639605e-05,9,0.0,0.0,0.0,0.999543314176049,0.0003823188516961956,3.296836145804146e-05,4.13986107965035e-05,0.0004237174624926991,7.436697225454497e-05,0.8506940448916398,0.1493059551083602
68,Croydon,E09000008,2,Outer London,2,Active,68,2,2,2026,2026/27,,legacy_recovery,0.7817686134032711,0.09654769462752504,0.05927353831488529,0.06241015365431858,9,0.0,0.0,0.0,0.781624039884757,0.09669898250871246,0.059157917192699055,0.06251906041383151,0.159218042922544,0.12167697760653057,0.5668240135501578,0.43317598644984223
255,Sutton,E09000029,2,Outer London,1,Insufficiently Active,255,1,2,2026,2026/27,,legacy_recovery,0.9080166446727246,0.06931911110081898,0.02031397812768954,0.0023502660987668655,9,0.0,0.0,0.0,0.9085344551366707,0.06889987911014525,0.02014243272571202,0.00242323302747194,0.07132311213761719,0.02256566575318396,0.7596553468889613,0.2403446531110387
68,Croydon,E09000008,2,Outer London,1,Insufficiently Active,68,1,2,2026,2026/27,,legacy_recovery,0.9085366169426884,0.06886960894381045,0.020173594139086745,0.002420179974414332,9,0.0,0.0,0.0,0.9085980406961961,0.06882659153337493,0.020147180337299512,0.0024281874331292456,0.07125477896650417,0.022575367770428758,0.7594017641928853,0.2405982358071147
68,Croydon,E09000008,2,Outer London,0,Inactive,68,0,2,2026,2026/27,,legacy_recovery,0.999609396062306,0.0003174402483248503,4.788798406081764e-05,2.527570530814777e-05,9,0.0,0.0,0.0,0.9993449517441009,0.0005406782495659677,8.629628505490636e-05,2.8073721278010358e-05,0.0005687519708439781,0.00011437000633291671,0.8325774749546662,0.16742252504533384
17,Bexley,E09000004,2,Outer London,1,Insufficiently Active,17,1,2,2026,2026/27,,legacy_recovery,0.9080166446727246,0.06931911110081898,0.02031397812768954,0.0023502660987668655,9,0.0,0.0,0.0,0.9085344551366707,0.06889987911014525,0.02014243272571202,0.00242323302747194,0.07132311213761719,0.02256566575318396,0.7596553468889613,0.2403446531110387
279,Waltham Forest,E09000031,2,Outer London,1,Insufficiently Active,279,1,2,2026,2026/27,,legacy_recovery,0.9085980406961961,0.06882659153337509,0.020147180337299574,0.00242818743312925,9,0.0,0.0,0.0,0.9085980406961961,0.06882659153337493,0.020147180337299512,0.0024281874331292456,0.07125477896650417,0.022575367770428758,0.7594017641928853,0.2405982358071147
17,Bexley,E09000004,2,Outer London,2,Active,17,2,2,2026,2026/27,,legacy_recovery,0.7824046616699128,0.09700781931230947,0.058805476411584096,0.0617820426061936,9,0.0,0.0,0.0,0.7820031001738054,0.09692442466541396,0.05899639706534476,0.062076078095436076,0.15900050276085004,0.12107247516078085,0.5677109728355909,0.4322890271644091
279,Waltham Forest,E09000031,2,Outer London,2,Active,279,2,2,2026,2026/27,,legacy_recovery,0.7802906664635435,0.09668678635983236,0.05968636000191773,0.06333618717470635,9,0.0,0.0,0.0,0.7815513095193228,0.09650022155484182,0.05938919746017786,0.0625592714656573,0.15905949302049913,0.12194846892583516,0.5660319797304378,0.43396802026956216
30,Brent,E09000005,2,Outer London,2,Active,30,2,2,2026,2026/27,,legacy_recovery,0.7818872638646129,0.09679547326419066,0.05911090110186164,0.06220636176933478,9,0.0,0.0,0.0,0.7819273273052892,0.09683947581471383,0.05906706378829448,0.06216613309170231,0.15900560890641613,0.12123319687999679,0.5673932575476502,0.43260674245234976
35,Bromley,E09000006,2,Outer London,0,Inactive,35,0,2,2026,2026/27,,legacy_recovery,0.9995257854211066,0.00039737675868905175,3.7629889826323277e-05,3.920793037806003e-05,9,0.0,0.0,0.0,0.999609396062306,0.0003174402483248503,4.788798406081755e-05,2.5275705308147723e-05,0.00034271595363299804,7.316368936896528e-05,0.8240748480958471,0.17592515190415292
30,Brent,E09000005,2,Outer London,1,Insufficiently Active,30,1,2,2026,2026/27,,legacy_recovery,0.9084930087676863,0.06885918647834575,0.02022077808161294,0.0024270266723551226,9,0.0,0.0,0.0,0.9085980406961961,0.06882659153337493,0.020147180337299512,0.0024281874331292456,0.07125477896650417,0.022575367770428758,0.7594017641928853,0.2405982358071147
30,Brent,E09000005,2,Outer London,0,Inactive,30,0,2,2026,2026/27,,legacy_recovery,0.9996072562168472,0.000317544141679419,4.820291620410815e-05,2.6996725269320763e-05,9,0.0,0.0,0.0,0.9993680199444945,0.0005219013332214264,8.234743369994568e-05,2.773128858399922e-05,0.0005496326218054256,0.0001100787222839449,0.8331410801554555,0.16685891984454448
280,Wandsworth,E09000032,1,Inner London,1,Insufficiently Active,280,1,1,2026,2026/27,,legacy_recovery,0.9064567065533605,0.06975018281756826,0.021035264728053105,0.002757845901018191,9,0.0,0.0,0.0,0.9064567065533601,0.06975018281756842,0.021035264728053154,0.0027578459010181976,0.07250802871858662,0.02379311062907135,0.7529301232545594,0.24706987674544056
280,Wandsworth,E09000032,1,Inner London,2,Active,280,2,1,2026,2026/27,,legacy_recovery,0.7619387768687542,0.10632945296027531,0.054406663551482486,0.07732510661948773,9,0.0,0.0,0.0,0.7621660301552533,0.10626603741051482,0.05446448385968023,0.07710344857455163,0.18336948598506647,0.13156793243423187,0.5822410271393467,0.41775897286065333
17,Bexley,E09000004,2,Outer London,0,Inactive,17,0,2,2026,2026/27,,legacy_recovery,0.9995319372209097,0.00039186496067188646,3.6927112289543895e-05,3.927070612893014e-05,9,0.0,0.0,0.0,0.9996107380469557,0.00031625367424408175,4.786077440165229e-05,2.5147504398658073e-05,0.00034140117864273984,7.300827880031037e-05,0.8238257416933025,0.17617425830669753
9,Barnet,E09000003,2,Outer London,2,Active,9,2,2,2026,2026/27,,legacy_recovery,0.7817686134032711,0.09654769462752504,0.05927353831488529,0.06241015365431858,9,0.0,0.0,0.0,0.781624039884757,0.09669898250871246,0.059157917192699055,0.06251906041383151,0.159218042922544,0.12167697760653057,0.5668240135501578,0.43317598644984223
9,Barnet,E09000003,2,Outer London,1,Insufficiently Active,9,1,2,2026,2026/27,,legacy_recovery,0.9085366169426884,0.06886960894381045,0.020173594139086745,0.002420179974414332,9,0.0,0.0,0.0,0.9085980406961961,0.06882659153337493,0.020147180337299512,0.0024281874331292456,0.07125477896650417,0.022575367770428758,0.7594017641928853,0.2405982358071147
280,Wandsworth,E09000032,1,Inner London,0,Inactive,280,0,1,2026,2026/27,,legacy_recovery,0.9991545202860177,0.0006314137605479555,0.00018706810942678784,2.6997844007379474e-05,9,0.0,0.0,0.0,0.9991533323636151,0.0007570837386635767,5.029393342351571e-05,3.92899642976021e-05,0.0007963737029611788,8.95838977211178e-05,0.8988846671080792,0.10111533289192076
9,Barnet,E09000003,2,Outer London,0,Inactive,9,0,2,2026,2026/27,,legacy_recovery,0.9993528733525202,0.0005309196845640045,8.781667918449275e-05,2.8390283731494213e-05,9,0.0,0.0,0.0,0.999543314176049,0.0003823188516961956,3.296836145804146e-05,4.13986107965035e-05,0.0004237174624926991,7.436697225454497e-05,0.8506940448916398,0.1493059551083602
8,Barking and Dagenham,E09000002,2,Outer London,2,Active,8,2,2,2026,2026/27,,legacy_recovery,0.7819029928234493,0.09669712115856287,0.05913902014058634,0.062260865877401476,9,0.0,0.0,0.0,0.7819401388655997,0.09668679248485576,0.059137743624459664,0.06223532502508489,0.15892211750994065,0.12137306864954456,0.5669812588915298,0.43301874110847016
126,Hillingdon,E09000017,2,Outer London,0,Inactive,126,0,2,2027,2027/28,,legacy_recovery,0.999543314176049,0.0003823188516961956,3.296836145804146e-05,4.13986107965035e-05,10,0.0,0.0,0.0,0.9996190350314234,0.00031154544979370016,4.4745871723034536e-05,2.467364705992479e-05,0.00033621909685362496,6.941951878295933e-05,0.8288636335226206,0.1711363664773794
126,Hillingdon,E09000017,2,Outer London,1,Insufficiently Active,126,1,2,2027,2027/28,,legacy_recovery,0.9085980406961961,0.06882659153337493,0.020147180337299512,0.0024281874331292456,10,0.0,0.0,0.0,0.9085980406961963,0.06882659153337489,0.020147180337299526,0.002428187433129244,0.07125477896650413,0.02257536777042877,0.7594017641928851,0.24059823580711492
171,Newham,E09000025,1,Inner London,0,Inactive,171,0,1,2027,2027/28,,legacy_recovery,0.9992563586864598,0.0006261256767075154,9.106124490418175e-05,2.6454391928494068e-05,10,0.0,0.0,0.0,0.9992636067769393,0.0006541754520259257,4.765116505564851e-05,3.4566605979305005e-05,0.0006887420580052307,8.221777103495351e-05,0.8933566082978519,0.1066433917021481
126,Hillingdon,E09000017,2,Outer London,2,Active,126,2,2,2027,2027/28,,legacy_recovery,0.782109227216163,0.0969408112631533,0.05894675656063441,0.06200320496004921,10,0.0,0.0,0.0,0.7819515250026374,0.09686234037981298,0.05908468157504613,0.06210145304250344,0.15896379342231642,0.12118613461754957,0.5674240023352621,0.43257599766473787
129,Hounslow,E09000018,2,Outer London,0,Inactive,129,0,2,2027,2027/28,,legacy_recovery,0.9996049703081534,0.0003214915893621196,4.675318199813098e-05,2.6784920486327354e-05,10,0.0,0.0,0.0,0.9993849446135175,0.0005061108867199123,8.183225096318521e-05,2.7112248799411345e-05,0.0005332231355193236,0.00010894449976259655,0.8303488158278663,0.16965118417213365
129,Hounslow,E09000018,2,Outer London,1,Insufficiently Active,129,1,2,2027,2027/28,,legacy_recovery,0.9085980406961961,0.06882659153337493,0.020147180337299512,0.0024281874331292456,10,0.0,0.0,0.0,0.9085980406961963,0.06882659153337489,0.020147180337299526,0.002428187433129244,0.07125477896650413,0.02257536777042877,0.7594017641928851,0.24059823580711492
171,Newham,E09000025,1,Inner London,2,Active,171,2,1,2027,2027/28,,legacy_recovery,0.7622338007982303,0.10629356960609498,0.05443385502013184,0.07703877457554272,10,0.0,0.0,0.0,0.7622338007982303,0.10629356960609498,0.05443385502013184,0.07703877457554272,0.18333234418163769,0.13147262959567454,0.5823680038528359,0.41763199614716406
171,Newham,E09000025,1,Inner London,1,Insufficiently Active,171,1,1,2027,2027/28,,legacy_recovery,0.9064567065533601,0.06975018281756842,0.021035264728053154,0.0027578459010181976,10,0.0,0.0,0.0,0.9064567065533603,0.06975018281756831,0.02103526472805312,0.002757845901018193,0.07250802871858651,0.02379311062907131,0.7529301232545595,0.24706987674544045
160,Merton,E09000024,2,Outer London,1,Insufficiently Active,160,1,2,2027,2027/28,,legacy_recovery,0.9085980406961961,0.06882659153337493,0.020147180337299512,0.0024281874331292456,10,0.0,0.0,0.0,0.9085980406961963,0.06882659153337489,0.020147180337299526,0.002428187433129244,0.07125477896650413,0.02257536777042877,0.7594017641928851,0.24059823580711492
160,Merton,E09000024,2,Outer London,2,Active,160,2,2,2027,2027/28,,legacy_recovery,0.7802906664635435,0.09668678635983231,0.05968636000191771,0.06333618717470633,10,0.0,0.0,0.0,0.7815513095193228,0.09650022155484186,0.059389197460177894,0.06255927146565732,0.15905949302049918,0.12194846892583522,0.5660319797304378,0.43396802026956216
136,Kensington and Chelsea,E09000020,1,Inner London,0,Inactive,136,0,1,2027,2027/28,,legacy_recovery,0.9992563586864598,0.0006261256767075154,9.106124490418175e-05,2.6454391928494068e-05,10,0.0,0.0,0.0,0.9992636067769393,0.0006541754520259257,4.765116505564851e-05,3.4566605979305005e-05,0.0006887420580052307,8.221777103495351e-05,0.8933566082978519,0.1066433917021481
135,Islington,E09000019,1,Inner London,2,Active,135,2,1,2027,2027/28,,legacy_recovery,0.7621660301552533,0.10626603741051482,0.05446448385968023,0.07710344857455163,10,0.0,0.0,0.0,0.7622338007982303,0.10629356960609498,0.05443385502013184,0.07703877457554272,0.18333234418163769,0.13147262959567454,0.5823680038528359,0.41763199614716406
135,Islington,E09000019,1,Inner London,1,Insufficiently Active,135,1,1,2027,2027/28,,legacy_recovery,0.9064567065533601,0.06975018281756842,0.021035264728053154,0.0027578459010181976,10,0.0,0.0,0.0,0.9064567065533603,0.06975018281756831,0.02103526472805312,0.002757845901018193,0.07250802871858651,0.02379311062907131,0.7529301232545595,0.24706987674544045
160,Merton,E09000024,2,Outer London,0,Inactive,160,0,2,2027,2027/28,,legacy_recovery,0.9996182625749288,0.00030911409827093315,4.686297571933305e-05,2.5760351080917167e-05,10,0.0,0.0,0.0,0.9993482458234934,0.0005390312680498616,8.523445024753688e-05,2.7488458209127093e-05,0.0005665197262589887,0.00011272290845666398,0.8340461821807571,0.1659538178192429
135,Islington,E09000019,1,Inner London,0,Inactive,135,0,1,2027,2027/28,,legacy_recovery,0.9995405791988474,0.0003793466049675786,5.511340539119022e-05,2.496079079391184e-05,10,0.0,0.0,0.0,0.9992563586864598,0.0006261256767075159,9.106124490418175e-05,2.6454391928494068e-05,0.00065258006863601,0.00011751563683267582,0.8474012567552822,0.15259874324471778
129,Hounslow,E09000018,2,Outer London,2,Active,129,2,2,2027,2027/28,,legacy_recovery,0.782109227216163,0.0969408112631533,0.05894675656063441,0.06200320496004921,10,0.0,0.0,0.0,0.7819515250026374,0.09686234037981298,0.05908468157504613,0.06210145304250344,0.15896379342231642,0.12118613461754957,0.5674240023352621,0.43257599766473787
142,Lambeth,E09000022,1,Inner London,1,Insufficiently Active,142,1,1,2027,2027/28,,legacy_recovery,0.9064567065533601,0.06975018281756842,0.021035264728053154,0.0027578459010181976,10,0.0,0.0,0.0,0.9064567065533603,0.06975018281756831,0.02103526472805312,0.002757845901018193,0.07250802871858651,0.02379311062907131,0.7529301232545595,0.24706987674544045
142,Lambeth,E09000022,1,Inner London,2,Active,142,2,1,2027,2027/28,,legacy_recovery,0.7621660301552533,0.10626603741051482,0.05446448385968023,0.07710344857455163,10,0.0,0.0,0.0,0.7622338007982303,0.10629356960609498,0.05443385502013184,0.07703877457554272,0.18333234418163769,0.13147262959567454,0.5823680038528359,0.41763199614716406
8,Barking and Dagenham,E09000002,2,Outer London,0,Inactive,8,0,2,2027,2027/28,,legacy_recovery,0.999626893213082,0.0003075272066827915,4.1987576260797445e-05,2.3592003974367646e-05,10,0.0,0.0,0.0,0.9993813612342274,0.0005064883845186965,8.530882350244277e-05,2.68415577514779e-05,0.0005333299422701745,0.00011215038125392067,0.8262528272874081,0.17374717271259188
147,Lewisham,E09000023,1,Inner London,0,Inactive,147,0,1,2027,2027/28,,legacy_recovery,0.9995356269348203,0.0003837892081641265,5.5505436022788274e-05,2.507842099287227e-05,10,0.0,0.0,0.0,0.9992563586864598,0.0006261256767075159,9.106124490418175e-05,2.6454391928494068e-05,0.00065258006863601,0.00011751563683267582,0.8474012567552822,0.15259874324471778
293,Westminster,E09000033,1,Inner London,1,Insufficiently Active,293,1,1,2027,2027/28,,legacy_recovery,0.9064567065533601,0.06975018281756842,0.021035264728053154,0.0027578459010181976,10,0.0,0.0,0.0,0.9064567065533603,0.06975018281756831,0.02103526472805312,0.002757845901018193,0.07250802871858651,0.02379311062907131,0.7529301232545595,0.24706987674544045
293,Westminster,E09000033,1,Inner London,2,Active,293,2,1,2027,2027/28,,legacy_recovery,0.7622338007982303,0.10629356960609498,0.05443385502013184,0.07703877457554272,10,0.0,0.0,0.0,0.7622338007982303,0.10629356960609498,0.05443385502013184,0.07703877457554272,0.18333234418163769,0.13147262959567454,0.5823680038528359,0.41763199614716406
293,Westminster,E09000033,1,Inner London,0,Inactive,293,0,1,2027,2027/28,,legacy_recovery,0.9992038564904242,0.0007105038758451883,4.934978496085889e-05,3.6289848769800325e-05,10,0.0,0.0,0.0,0.9995472009257793,0.0003729500012789559,5.4987774683136454e-05,2.486129825850573e-05,0.0003978112995374616,7.984907294164219e-05,0.8328329550822529,0.16716704491774714
8,Barking and Dagenham,E09000002,2,Outer London,1,Insufficiently Active,8,1,2,2027,2027/28,,legacy_recovery,0.9085980406961961,0.06882659153337493,0.020147180337299512,0.0024281874331292456,10,0.0,0.0,0.0,0.9085980406961963,0.06882659153337489,0.020147180337299526,0.002428187433129244,0.07125477896650413,0.02257536777042877,0.7594017641928851,0.24059823580711492
139,Kingston upon Thames,E09000021,2,Outer London,0,Inactive,139,0,2,2027,2027/28,,legacy_recovery,0.999616122775546,0.0003108152613821837,4.7098343976805564e-05,2.5963619095024322e-05,10,0.0,0.0,0.0,0.999357482595404,0.0005316432531839878,8.311398921667579e-05,2.77601621954947e-05,0.0005594034153794825,0.00011087415141217049,0.834584719964775,0.165415280035225
139,Kingston upon Thames,E09000021,2,Outer London,1,Insufficiently Active,139,1,2,2027,2027/28,,legacy_recovery,0.9085980406961961,0.06882659153337493,0.020147180337299512,0.0024281874331292456,10,0.0,0.0,0.0,0.9085980406961963,0.06882659153337489,0.020147180337299526,0.002428187433129244,0.07125477896650413,0.02257536777042877,0.7594017641928851,0.24059823580711492
142,Lambeth,E09000022,1,Inner London,0,Inactive,142,0,1,2027,2027/28,,legacy_recovery,0.9995405791988474,0.0003793466049675786,5.511340539119022e-05,2.496079079391184e-05,10,0.0,0.0,0.0,0.9992563586864598,0.0006261256767075159,9.106124490418175e-05,2.6454391928494068e-05,0.00065258006863601,0.00011751563683267582,0.8474012567552822,0.15259874324471778
139,Kingston upon Thames,E09000021,2,Outer London,2,Active,139,2,2,2027,2027/28,,legacy_recovery,0.7816894627836772,0.0965078008837072,0.05941180223896104,0.062390934093654545,10,0.0,0.0,0.0,0.7816240398847569,0.09669898250871253,0.0591579171926991,0.06251906041383155,0.1592180429225441,0.12167697760653065,0.5668240135501577,0.43317598644984234
147,Lewisham,E09000023,1,Inner London,2,Active,147,2,1,2027,2027/28,,legacy_recovery,0.7621660301552533,0.10626603741051482,0.05446448385968023,0.07710344857455163,10,0.0,0.0,0.0,0.7622338007982303,0.10629356960609498,0.05443385502013184,0.07703877457554272,0.18333234418163769,0.13147262959567454,0.5823680038528359,0.41763199614716406
136,Kensington and Chelsea,E09000020,1,Inner London,2,Active,136,2,1,2027,2027/28,,legacy_recovery,0.7622338007982303,0.10629356960609498,0.05443385502013184,0.07703877457554272,10,0.0,0.0,0.0,0.7622338007982303,0.10629356960609498,0.05443385502013184,0.07703877457554272,0.18333234418163769,0.13147262959567454,0.5823680038528359,0.41763199614716406
147,Lewisham,E09000023,1,Inner London,1,Insufficiently Active,147,1,1,2027,2027/28,,legacy_recovery,0.9064567065533601,0.06975018281756842,0.021035264728053154,0.0027578459010181976,10,0.0,0.0,0.0,0.9064567065533603,0.06975018281756831,0.02103526472805312,0.002757845901018193,0.07250802871858651,0.02379311062907131,0.7529301232545595,0.24706987674544045
136,Kensington and Chelsea,E09000020,1,Inner London,1,Insufficiently Active,136,1,1,2027,2027/28,,legacy_recovery,0.9064567065533601,0.06975018281756842,0.021035264728053154,0.0027578459010181976,10,0.0,0.0,0.0,0.9064567065533603,0.06975018281756831,0.02103526472805312,0.002757845901018193,0.07250802871858651,0.02379311062907131,0.7529301232545595,0.24706987674544045
78,Ealing,E09000009,2,Outer London,2,Active,78,2,2,2027,2027/28,,legacy_recovery,0.7815513095193228,0.09650022155484182,0.05938919746017786,0.0625592714656573,10,0.0,0.0,0.0,0.7816240398847569,0.09669898250871253,0.0591579171926991,0.06251906041383155,0.1592180429225441,0.12167697760653065,0.5668240135501577,0.43317598644984234
241,Southwark,E09000028,1,Inner London,2,Active,241,2,1,2027,2027/28,,legacy_recovery,0.7622338007982303,0.10629356960609498,0.05443385502013184,0.07703877457554272,10,0.0,0.0,0.0,0.7622338007982303,0.10629356960609498,0.05443385502013184,0.07703877457554272,0.18333234418163769,0.13147262959567454,0.5823680038528359,0.41763199614716406
91,Enfield,E09000010,2,Outer London,0,Inactive,91,0,2,2027,2027/28,,legacy_recovery,0.9993778534489721,0.0005125066189004487,8.244334296654057e-05,2.7196589160804753e-05,10,0.0,0.0,0.0,0.999402764046744,0.0005122523099152915,4.4496643462906556e-05,4.048699987780941e-05,0.0005527393097931009,8.498364334071597e-05,0.8667389296196724,0.13326107038032764
255,Sutton,E09000029,2,Outer London,0,Inactive,255,0,2,2027,2027/28,,legacy_recovery,0.999543314176049,0.0003823188516961956,3.296836145804146e-05,4.13986107965035e-05,10,0.0,0.0,0.0,0.9996190350314234,0.00031154544979370016,4.4745871723034536e-05,2.467364705992479e-05,0.00033621909685362496,6.941951878295933e-05,0.8288636335226206,0.1711363664773794
107,Greenwich,E09000011,2,Outer London,0,Inactive,107,0,2,2027,2027/28,,legacy_recovery,0.9993813612342274,0.0005064883845186971,8.530882350244277e-05,2.68415577514779e-05,10,0.0,0.0,0.0,0.9994072512479506,0.0005085956074157209,4.345494232474208e-05,4.0698202308936783e-05,0.0005492938097246577,8.415314463367887e-05,0.867150447161083,0.13284955283891697
107,Greenwich,E09000011,2,Outer London,1,Insufficiently Active,107,1,2,2027,2027/28,,legacy_recovery,0.9085980406961961,0.06882659153337493,0.020147180337299512,0.0024281874331292456,10,0.0,0.0,0.0,0.9085980406961963,0.06882659153337489,0.020147180337299526,0.002428187433129244,0.07125477896650413,0.02257536777042877,0.7594017641928851,0.24059823580711492
91,Enfield,E09000010,2,Outer London,2,Active,91,2,2,2027,2027/28,,legacy_recovery,0.7816894627836772,0.0965078008837072,0.05941180223896104,0.062390934093654545,10,0.0,0.0,0.0,0.7816240398847569,0.09669898250871253,0.0591579171926991,0.06251906041383155,0.1592180429225441,0.12167697760653065,0.5668240135501577,0.43317598644984234
91,Enfield,E09000010,2,Outer London,1,Insufficiently Active,91,1,2,2027,2027/28,,legacy_recovery,0.9085980406961961,0.06882659153337493,0.020147180337299512,0.0024281874331292456,10,0.0,0.0,0.0,0.9085980406961963,0.06882659153337489,0.020147180337299526,0.002428187433129244,0.07125477896650413,0.02257536777042877,0.7594017641928851,0.24059823580711492
241,Southwark,E09000028,1,Inner London,0,Inactive,241,0,1,2027,2027/28,,legacy_recovery,0.9992499734090083,0.0006673156877426338,4.673424278491002e-05,3.597666046407014e-05,10,0.0,0.0,0.0,0.999558160869019,0.0003634837629793493,5.3917771097157106e-05,2.443759690465515e-05,0.00038792135988400443,7.835536800181226e-05,0.831955224621461,0.168044775378539
241,Southwark,E09000028,1,Inner London,1,Insufficiently Active,241,1,1,2027,2027/28,,legacy_recovery,0.9064567065533601,0.06975018281756842,0.021035264728053154,0.0027578459010181976,10,0.0,0.0,0.0,0.9064567065533603,0.06975018281756831,0.02103526472805312,0.002757845901018193,0.07250802871858651,0.02379311062907131,0.7529301232545595,0.24706987674544045
112,Hammersmith and Fulham,E09000013,1,Inner London,0,Inactive,112,0,1,2027,2027/28,,legacy_recovery,0.9995122508157126,0.00042065892033346327,3.0084670953369414e-05,3.700559300044149e-05,10,0.0,0.0,0.0,0.9995786783574182,0.00035027892250935583,4.862705084029303e-05,2.241566923219217e-05,0.000372694591741548,7.10427200724852e-05,0.839899151635329,0.16010084836467098
109,Hackney,E09000012,1,Inner London,2,Active,109,2,1,2027,2027/28,,legacy_recovery,0.7621660301552533,0.10626603741051482,0.05446448385968023,0.07710344857455163,10,0.0,0.0,0.0,0.7622338007982303,0.10629356960609498,0.05443385502013184,0.07703877457554272,0.18333234418163769,0.13147262959567454,0.5823680038528359,0.41763199614716406
109,Hackney,E09000012,1,Inner London,1,Insufficiently Active,109,1,1,2027,2027/28,,legacy_recovery,0.9064567065533601,0.06975018281756842,0.021035264728053154,0.0027578459010181976,10,0.0,0.0,0.0,0.9064567065533603,0.06975018281756831,0.02103526472805312,0.002757845901018193,0.07250802871858651,0.02379311062907131,0.7529301232545595,0.24706987674544045
201,Richmond upon Thames,E09000027,2,Outer London,2,Active,201,2,2,2027,2027/28,,legacy_recovery,0.7819515250026374,0.09686234037981294,0.0590846815750461,0.06210145304250341,10,0.0,0.0,0.0,0.7819515250026374,0.09686234037981298,0.05908468157504613,0.06210145304250344,0.15896379342231642,0.12118613461754957,0.5674240023352621,0.43257599766473787
109,Hackney,E09000012,1,Inner London,0,Inactive,109,0,1,2027,2027/28,,legacy_recovery,0.9992623909983145,0.0006220847479320304,8.894505018057706e-05,2.6579203572953844e-05,10,0.0,0.0,0.0,0.9992683766283553,0.0006496975627615031,4.7382854996250395e-05,3.454295388705034e-05,0.0006842405166485534,8.192580888330073e-05,0.8930704650502229,0.10692953494977708
107,Greenwich,E09000011,2,Outer London,2,Active,107,2,2,2027,2027/28,,legacy_recovery,0.7816894627836772,0.0965078008837072,0.05941180223896104,0.062390934093654545,10,0.0,0.0,0.0,0.7816240398847569,0.09669898250871253,0.0591579171926991,0.06251906041383155,0.1592180429225441,0.12167697760653065,0.5668240135501577,0.43317598644984234
117,Harrow,E09000015,2,Outer London,0,Inactive,117,0,2,2027,2027/28,,legacy_recovery,0.9996107380469557,0.00031625367424408175,4.786077440165229e-05,2.5147504398658073e-05,10,0.0,0.0,0.0,0.9993449517441009,0.0005406782495659677,8.62962850549065e-05,2.8073721278010358e-05,0.0005687519708439781,0.00011437000633291686,0.832577474954666,0.16742252504533395
196,Redbridge,E09000026,2,Outer London,0,Inactive,196,0,2,2027,2027/28,,legacy_recovery,0.9993449517441009,0.0005406782495659677,8.629628505490636e-05,2.8073721278010358e-05,10,0.0,0.0,0.0,0.9994964473860162,0.00042551653709366227,3.7798827894910565e-05,4.023724899506837e-05,0.00046575378608873063,7.803607688997894e-05,0.856495896296187,0.14350410370381295
117,Harrow,E09000015,2,Outer London,1,Insufficiently Active,117,1,2,2027,2027/28,,legacy_recovery,0.9085980406961961,0.06882659153337493,0.020147180337299512,0.0024281874331292456,10,0.0,0.0,0.0,0.9085980406961963,0.06882659153337489,0.020147180337299526,0.002428187433129244,0.07125477896650413,0.02257536777042877,0.7594017641928851,0.24059823580711492
196,Redbridge,E09000026,2,Outer London,1,Insufficiently Active,196,1,2,2027,2027/28,,legacy_recovery,0.9085980406961961,0.06882659153337493,0.020147180337299512,0.0024281874331292456,10,0.0,0.0,0.0,0.9085980406961963,0.06882659153337489,0.020147180337299526,0.002428187433129244,0.07125477896650413,0.02257536777042877,0.7594017641928851,0.24059823580711492
122,Havering,E09000016,2,Outer London,1,Insufficiently Active,122,1,2,2027,2027/28,,legacy_recovery,0.9085980406961961,0.06882659153337493,0.020147180337299512,0.0024281874331292456,10,0.0,0.0,0.0,0.9085980406961963,0.06882659153337489,0.020147180337299526,0.002428187433129244,0.07125477896650413,0.02257536777042877,0.7594017641928851,0.24059823580711492
122,Havering,E09000016,2,Outer London,2,Active,122,2,2,2027,2027/28,,legacy_recovery,0.7820031001738054,0.09692442466541396,0.05899639706534476,0.062076078095436076,10,0.0,0.0,0.0,0.7819515250026374,0.09686234037981298,0.05908468157504613,0.06210145304250344,0.15896379342231642,0.12118613461754957,0.5674240023352621,0.43257599766473787
122,Havering,E09000016,2,Outer London,0,Inactive,122,0,2,2027,2027/28,,legacy_recovery,0.999543314176049,0.0003823188516961956,3.296836145804146e-05,4.13986107965035e-05,10,0.0,0.0,0.0,0.9996190350314234,0.00031154544979370016,4.4745871723034536e-05,2.467364705992479e-05,0.00033621909685362496,6.941951878295933e-05,0.8288636335226206,0.1711363664773794
117,Harrow,E09000015,2,Outer London,2,Active,117,2,2,2027,2027/28,,legacy_recovery,0.7819401388655997,0.09668679248485576,0.059137743624459664,0.06223532502508489,10,0.0,0.0,0.0,0.7819401388655997,0.0966867924848558,0.059137743624459685,0.06223532502508492,0.15892211750994073,0.12137306864954461,0.56698125889153,0.43301874110847005
201,Richmond upon Thames,E09000027,2,Outer London,0,Inactive,201,0,2,2027,2027/28,,legacy_recovery,0.999543314176049,0.0003823188516961956,3.296836145804146e-05,4.13986107965035e-05,10,0.0,0.0,0.0,0.9996190350314234,0.00031154544979370016,4.4745871723034536e-05,2.467364705992479e-05,0.00033621909685362496,6.941951878295933e-05,0.8288636335226206,0.1711363664773794
201,Richmond upon Thames,E09000027,2,Outer London,1,Insufficiently Active,201,1,2,2027,2027/28,,legacy_recovery,0.9085980406961961,0.06882659153337493,0.020147180337299512,0.0024281874331292456,10,0.0,0.0,0.0,0.9085980406961963,0.06882659153337489,0.020147180337299526,0.002428187433129244,0.07125477896650413,0.02257536777042877,0.7594017641928851,0.24059823580711492
114,Haringey,E09000014,1,Inner London,2,Active,114,2,1,2027,2027/28,,legacy_recovery,0.7621660301552533,0.10626603741051482,0.05446448385968023,0.07710344857455163,10,0.0,0.0,0.0,0.7622338007982303,0.10629356960609498,0.05443385502013184,0.07703877457554272,0.18333234418163769,0.13147262959567454,0.5823680038528359,0.41763199614716406
114,Haringey,E09000014,1,Inner London,1,Insufficiently Active,114,1,1,2027,2027/28,,legacy_recovery,0.9064567065533601,0.06975018281756842,0.021035264728053154,0.0027578459010181976,10,0.0,0.0,0.0,0.9064567065533603,0.06975018281756831,0.02103526472805312,0.002757845901018193,0.07250802871858651,0.02379311062907131,0.7529301232545595,0.24706987674544045
114,Haringey,E09000014,1,Inner London,0,Inactive,114,0,1,2027,2027/28,,legacy_recovery,0.9995356269348203,0.0003837892081641265,5.5505436022788274e-05,2.507842099287227e-05,10,0.0,0.0,0.0,0.9992563586864598,0.0006261256767075159,9.106124490418175e-05,2.6454391928494068e-05,0.00065258006863601,0.00011751563683267582,0.8474012567552822,0.15259874324471778
196,Redbridge,E09000026,2,Outer London,2,Active,196,2,2,2027,2027/28,,legacy_recovery,0.7816894627836772,0.0965078008837072,0.05941180223896104,0.062390934093654545,10,0.0,0.0,0.0,0.7816240398847569,0.09669898250871253,0.0591579171926991,0.06251906041383155,0.1592180429225441,0.12167697760653065,0.5668240135501577,0.43317598644984234
112,Hammersmith and Fulham,E09000013,1,Inner London,2,Active,112,2,1,2027,2027/28,,legacy_recovery,0.7621525242173861,0.10627228833229456,0.05446005002599343,0.07711513742432588,10,0.0,0.0,0.0,0.7622338007982303,0.10629356960609498,0.05443385502013184,0.07703877457554272,0.18333234418163769,0.13147262959567454,0.5823680038528359,0.41763199614716406
112,Hammersmith and Fulham,E09000013,1,Inner London,1,Insufficiently Active,112,1,1,2027,2027/28,,legacy_recovery,0.9063188499937642,0.06978406988588255,0.021151765771749716,0.0027453143486033667,10,0.0,0.0,0.0,0.9063188499937647,0.06978406988588233,0.021151765771749657,0.002745314348603358,0.07252938423448568,0.023897080120353013,0.7521730130805749,0.24782698691942506
35,Bromley,E09000006,2,Outer London,1,Insufficiently Active,35,1,2,2027,2027/28,,legacy_recovery,0.9085980406961961,0.06882659153337493,0.020147180337299512,0.0024281874331292456,10,0.0,0.0,0.0,0.9085980406961963,0.06882659153337489,0.020147180337299526,0.002428187433129244,0.07125477896650413,0.02257536777042877,0.7594017641928851,0.24059823580711492
35,Bromley,E09000006,2,Outer London,2,Active,35,2,2,2027,2027/28,,legacy_recovery,0.7815513095193228,0.09650022155484182,0.05938919746017786,0.0625592714656573,10,0.0,0.0,0.0,0.7816240398847569,0.09669898250871253,0.0591579171926991,0.06251906041383155,0.1592180429225441,0.12167697760653065,0.5668240135501577,0.43317598644984234
272,Tower Hamlets,E09000030,1,Inner London,1,Insufficiently Active,272,1,1,2027,2027/28,,legacy_recovery,0.9064567065533601,0.06975018281756842,0.021035264728053154,0.0027578459010181976,10,0.0,0.0,0.0,0.9064567065533603,0.06975018281756831,0.02103526472805312,0.002757845901018193,0.07250802871858651,0.02379311062907131,0.7529301232545595,0.24706987674544045
44,Camden,E09000007,1,Inner London,0,Inactive,44,0,1,2027,2027/28,,legacy_recovery,0.9991533323636151,0.0007570837386635767,5.029393342351571e-05,3.92899642976021e-05,10,0.0,0.0,0.0,0.9995752934995473,0.00035144140668946636,4.870699681460744e-05,2.4558096948729326e-05,0.00037599950363819567,7.326509376333676e-05,0.836922174177335,0.16307782582266495
44,Camden,E09000007,1,Inner London,1,Insufficiently Active,44,1,1,2027,2027/28,,legacy_recovery,0.9064567065533601,0.06975018281756842,0.021035264728053154,0.0027578459010181976,10,0.0,0.0,0.0,0.9064567065533603,0.06975018281756831,0.02103526472805312,0.002757845901018193,0.07250802871858651,0.02379311062907131,0.7529301232545595,0.24706987674544045
44,Camden,E09000007,1,Inner London,2,Active,44,2,1,2027,2027/28,,legacy_recovery,0.7621660301552533,0.10626603741051482,0.05446448385968023,0.07710344857455163,10,0.0,0.0,0.0,0.7622338007982303,0.10629356960609498,0.05443385502013184,0.07703877457554272,0.18333234418163769,0.13147262959567454,0.5823680038528359,0.41763199614716406
279,Waltham Forest,E09000031,2,Outer London,0,Inactive,279,0,2,2027,2027/28,,legacy_recovery,0.9996190350314234,0.00031154544979370075,4.4745871723034536e-05,2.467364705992479e-05,10,0.0,0.0,0.0,0.9993669229028106,0.000521245231024197,8.449267635407182e-05,2.733918981107223e-05,0.0005485844208352693,0.00011183186616514405,0.8306645847983546,0.1693354152016454
272,Tower Hamlets,E09000030,1,Inner London,2,Active,272,2,1,2027,2027/28,,legacy_recovery,0.7621660301552533,0.10626603741051482,0.05446448385968023,0.07710344857455163,10,0.0,0.0,0.0,0.7622338007982303,0.10629356960609498,0.05443385502013184,0.07703877457554272,0.18333234418163769,0.13147262959567454,0.5823680038528359,0.41763199614716406
255,Sutton,E09000029,2,Outer London,2,Active,255,2,2,2027,2027/28,,legacy_recovery,0.781624039884757,0.09669898250871246,0.059157917192699055,0.06251906041383151,10,0.0,0.0,0.0,0.7819401388655997,0.0966867924848558,0.059137743624459685,0.06223532502508492,0.15892211750994073,0.12137306864954461,0.56698125889153,0.43301874110847005
272,Tower Hamlets,E09000030,1,Inner London,0,Inactive,272,0,1,2027,2027/28,,legacy_recovery,0.9995405791988474,0.0003793466049675786,5.511340539119022e-05,2.496079079391184e-05,10,0.0,0.0,0.0,0.9992563586864598,0.0006261256767075159,9.106124490418175e-05,2.6454391928494068e-05,0.00065258006863601,0.00011751563683267582,0.8474012567552822,0.15259874324471778
78,Ealing,E09000009,2,Outer London,1,Insufficiently Active,78,1,2,2027,2027/28,,legacy_recovery,0.9085980406961961,0.06882659153337493,0.020147180337299512,0.0024281874331292456,10,0.0,0.0,0.0,0.9085980406961963,0.06882659153337489,0.020147180337299526,0.002428187433129244,0.07125477896650413,0.02257536777042877,0.7594017641928851,0.24059823580711492
78,Ealing,E09000009,2,Outer London,0,Inactive,78,0,2,2027,2027/28,,legacy_recovery,0.999543314176049,0.0003823188516961956,3.296836145804146e-05,4.13986107965035e-05,10,0.0,0.0,0.0,0.9996190350314234,0.00031154544979370016,4.4745871723034536e-05,2.467364705992479e-05,0.00033621909685362496,6.941951878295933e-05,0.8288636335226206,0.1711363664773794
68,Croydon,E09000008,2,Outer London,2,Active,68,2,2,2027,2027/28,,legacy_recovery,0.781624039884757,0.09669898250871246,0.059157917192699055,0.06251906041383151,10,0.0,0.0,0.0,0.7819401388655997,0.0966867924848558,0.059137743624459685,0.06223532502508492,0.15892211750994073,0.12137306864954461,0.56698125889153,0.43301874110847005
255,Sutton,E09000029,2,Outer London,1,Insufficiently Active,255,1,2,2027,2027/28,,legacy_recovery,0.9085344551366707,0.06889987911014525,0.02014243272571202,0.00242323302747194,10,0.0,0.0,0.0,0.9085980406961963,0.06882659153337489,0.020147180337299526,0.002428187433129244,0.07125477896650413,0.02257536777042877,0.7594017641928851,0.24059823580711492
68,Croydon,E09000008,2,Outer London,1,Insufficiently Active,68,1,2,2027,2027/28,,legacy_recovery,0.9085980406961961,0.06882659153337493,0.020147180337299512,0.0024281874331292456,10,0.0,0.0,0.0,0.9085980406961963,0.06882659153337489,0.020147180337299526,0.002428187433129244,0.07125477896650413,0.02257536777042877,0.7594017641928851,0.24059823580711492
68,Croydon,E09000008,2,Outer London,0,Inactive,68,0,2,2027,2027/28,,legacy_recovery,0.9993449517441009,0.0005406782495659677,8.629628505490636e-05,2.8073721278010358e-05,10,0.0,0.0,0.0,0.9994964473860162,0.00042551653709366227,3.7798827894910565e-05,4.023724899506837e-05,0.00046575378608873063,7.803607688997894e-05,0.856495896296187,0.14350410370381295
17,Bexley,E09000004,2,Outer London,1,Insufficiently Active,17,1,2,2027,2027/28,,legacy_recovery,0.9085344551366707,0.06889987911014525,0.02014243272571202,0.00242323302747194,10,0.0,0.0,0.0,0.9085980406961963,0.06882659153337489,0.020147180337299526,0.002428187433129244,0.07125477896650413,0.02257536777042877,0.7594017641928851,0.24059823580711492
279,Waltham Forest,E09000031,2,Outer London,1,Insufficiently Active,279,1,2,2027,2027/28,,legacy_recovery,0.9085980406961961,0.06882659153337493,0.020147180337299512,0.0024281874331292456,10,0.0,0.0,0.0,0.9085980406961963,0.06882659153337489,0.020147180337299526,0.002428187433129244,0.07125477896650413,0.02257536777042877,0.7594017641928851,0.24059823580711492
17,Bexley,E09000004,2,Outer London,2,Active,17,2,2,2027,2027/28,,legacy_recovery,0.7820031001738054,0.09692442466541396,0.05899639706534476,0.062076078095436076,10,0.0,0.0,0.0,0.7819515250026374,0.09686234037981298,0.05908468157504613,0.06210145304250344,0.15896379342231642,0.12118613461754957,0.5674240023352621,0.43257599766473787
279,Waltham Forest,E09000031,2,Outer London,2,Active,279,2,2,2027,2027/28,,legacy_recovery,0.7815513095193228,0.09650022155484182,0.05938919746017786,0.0625592714656573,10,0.0,0.0,0.0,0.7816240398847569,0.09669898250871253,0.0591579171926991,0.06251906041383155,0.1592180429225441,0.12167697760653065,0.5668240135501577,0.43317598644984234
30,Brent,E09000005,2,Outer London,2,Active,30,2,2,2027,2027/28,,legacy_recovery,0.7819273273052892,0.09683947581471383,0.05906706378829448,0.06216613309170231,10,0.0,0.0,0.0,0.7819515250026374,0.09686234037981298,0.05908468157504613,0.06210145304250344,0.15896379342231642,0.12118613461754957,0.5674240023352621,0.43257599766473787
35,Bromley,E09000006,2,Outer London,0,Inactive,35,0,2,2027,2027/28,,legacy_recovery,0.999609396062306,0.0003174402483248503,4.788798406081755e-05,2.5275705308147723e-05,10,0.0,0.0,0.0,0.9993449517441009,0.0005406782495659677,8.62962850549065e-05,2.8073721278010358e-05,0.0005687519708439781,0.00011437000633291686,0.832577474954666,0.16742252504533395
30,Brent,E09000005,2,Outer London,1,Insufficiently Active,30,1,2,2027,2027/28,,legacy_recovery,0.9085980406961961,0.06882659153337493,0.020147180337299512,0.0024281874331292456,10,0.0,0.0,0.0,0.9085980406961963,0.06882659153337489,0.020147180337299526,0.002428187433129244,0.07125477896650413,0.02257536777042877,0.7594017641928851,0.24059823580711492
30,Brent,E09000005,2,Outer London,0,Inactive,30,0,2,2027,2027/28,,legacy_recovery,0.9993680199444945,0.0005219013332214264,8.234743369994568e-05,2.773128858399922e-05,10,0.0,0.0,0.0,0.999453794711875,0.0004644581763803343,4.1792965350057814e-05,3.995414639469613e-05,0.0005044123227750304,8.174711174475394e-05,0.8605377531597255,0.13946224684027453
280,Wandsworth,E09000032,1,Inner London,1,Insufficiently Active,280,1,1,2027,2027/28,,legacy_recovery,0.9064567065533601,0.06975018281756842,0.021035264728053154,0.0027578459010181976,10,0.0,0.0,0.0,0.9064567065533603,0.06975018281756831,0.02103526472805312,0.002757845901018193,0.07250802871858651,0.02379311062907131,0.7529301232545595,0.24706987674544045
280,Wandsworth,E09000032,1,Inner London,2,Active,280,2,1,2027,2027/28,,legacy_recovery,0.7621660301552533,0.10626603741051482,0.05446448385968023,0.07710344857455163,10,0.0,0.0,0.0,0.7622338007982303,0.10629356960609498,0.05443385502013184,0.07703877457554272,0.18333234418163769,0.13147262959567454,0.5823680038528359,0.41763199614716406
17,Bexley,E09000004,2,Outer London,0,Inactive,17,0,2,2027,2027/28,,legacy_recovery,0.9996107380469557,0.00031625367424408175,4.786077440165229e-05,2.5147504398658073e-05,10,0.0,0.0,0.0,0.9993449517441009,0.0005406782495659677,8.62962850549065e-05,2.8073721278010358e-05,0.0005687519708439781,0.00011437000633291686,0.832577474954666,0.16742252504533395
9,Barnet,E09000003,2,Outer London,2,Active,9,2,2,2027,2027/28,,legacy_recovery,0.781624039884757,0.09669898250871246,0.059157917192699055,0.06251906041383151,10,0.0,0.0,0.0,0.7819401388655997,0.0966867924848558,0.059137743624459685,0.06223532502508492,0.15892211750994073,0.12137306864954461,0.56698125889153,0.43301874110847005
9,Barnet,E09000003,2,Outer London,1,Insufficiently Active,9,1,2,2027,2027/28,,legacy_recovery,0.9085980406961961,0.06882659153337493,0.020147180337299512,0.0024281874331292456,10,0.0,0.0,0.0,0.9085980406961963,0.06882659153337489,0.020147180337299526,0.002428187433129244,0.07125477896650413,0.02257536777042877,0.7594017641928851,0.24059823580711492
280,Wandsworth,E09000032,1,Inner London,0,Inactive,280,0,1,2027,2027/28,,legacy_recovery,0.9991533323636151,0.0007570837386635767,5.029393342351571e-05,3.92899642976021e-05,10,0.0,0.0,0.0,0.9995752934995473,0.00035144140668946636,4.870699681460744e-05,2.4558096948729326e-05,0.00037599950363819567,7.326509376333676e-05,0.836922174177335,0.16307782582266495
9,Barnet,E09000003,2,Outer London,0,Inactive,9,0,2,2027,2027/28,,legacy_recovery,0.999543314176049,0.0003823188516961956,3.296836145804146e-05,4.13986107965035e-05,10,0.0,0.0,0.0,0.9996190350314234,0.00031154544979370016,4.4745871723034536e-05,2.467364705992479e-05,0.00033621909685362496,6.941951878295933e-05,0.8288636335226206,0.1711363664773794
8,Barking and Dagenham,E09000002,2,Outer London,2,Active,8,2,2,2027,2027/28,,legacy_recovery,0.7819401388655997,0.09668679248485576,0.059137743624459664,0.06223532502508489,10,0.0,0.0,0.0,0.7819401388655997,0.0966867924848558,0.059137743624459685,0.06223532502508492,0.15892211750994073,0.12137306864954461,0.56698125889153,0.43301874110847005
126,Hillingdon,E09000017,2,Outer London,0,Inactive,126,0,2,2028,2028/29,,legacy_recovery,0.9996190350314234,0.00031154544979370016,4.4745871723034536e-05,2.467364705992479e-05,11,0.0,0.0,0.0,0.9993669229028106,0.0005212452310241988,8.449267635407212e-05,2.7339189811072327e-05,0.0005485844208352711,0.00011183186616514444,0.8306645847983545,0.16933541520164552
126,Hillingdon,E09000017,2,Outer London,1,Insufficiently Active,126,1,2,2028,2028/29,,legacy_recovery,0.9085980406961963,0.06882659153337489,0.020147180337299526,0.002428187433129244,11,0.0,0.0,0.0,0.9085980406961961,0.06882659153337506,0.020147180337299547,0.002428187433129248,0.07125477896650431,0.022575367770428796,0.7594017641928854,0.2405982358071146
171,Newham,E09000025,1,Inner London,0,Inactive,171,0,1,2028,2028/29,,legacy_recovery,0.9992636067769393,0.0006541754520259257,4.765116505564851e-05,3.4566605979305005e-05,11,0.0,0.0,0.0,0.9995405791988474,0.000379346604967581,5.511340539119051e-05,2.4960790793911973e-05,0.000404307395761493,8.007419618510248e-05,0.8346877802203291,0.16531221977967092
126,Hillingdon,E09000017,2,Outer London,2,Active,126,2,2,2028,2028/29,,legacy_recovery,0.7819515250026374,0.09686234037981298,0.05908468157504613,0.06210145304250344,11,0.0,0.0,0.0,0.7819515250026374,0.09686234037981298,0.05908468157504613,0.06210145304250344,0.15896379342231642,0.12118613461754957,0.5674240023352621,0.43257599766473787
129,Hounslow,E09000018,2,Outer London,0,Inactive,129,0,2,2028,2028/29,,legacy_recovery,0.9993849446135175,0.0005061108867199123,8.183225096318521e-05,2.7112248799411345e-05,11,0.0,0.0,0.0,0.999402764046744,0.0005122523099152925,4.449664346290664e-05,4.048699987780948e-05,0.000552739309793102,8.498364334071612e-05,0.8667389296196725,0.13326107038032753
129,Hounslow,E09000018,2,Outer London,1,Insufficiently Active,129,1,2,2028,2028/29,,legacy_recovery,0.9085980406961963,0.06882659153337489,0.020147180337299526,0.002428187433129244,11,0.0,0.0,0.0,0.9085980406961961,0.06882659153337506,0.020147180337299547,0.002428187433129248,0.07125477896650431,0.022575367770428796,0.7594017641928854,0.2405982358071146
171,Newham,E09000025,1,Inner London,2,Active,171,2,1,2028,2028/29,,legacy_recovery,0.7622338007982303,0.10629356960609498,0.05443385502013184,0.07703877457554272,11,0.0,0.0,0.0,0.7622338007982303,0.10629356960609498,0.05443385502013184,0.07703877457554272,0.18333234418163769,0.13147262959567454,0.5823680038528359,0.41763199614716406
171,Newham,E09000025,1,Inner London,1,Insufficiently Active,171,1,1,2028,2028/29,,legacy_recovery,0.9064567065533603,0.06975018281756831,0.02103526472805312,0.002757845901018193,11,0.0,0.0,0.0,0.9064567065533605,0.06975018281756828,0.021035264728053133,0.0027578459010181933,0.07250802871858648,0.023793110629071326,0.7529301232545593,0.24706987674544068
160,Merton,E09000024,2,Outer London,1,Insufficiently Active,160,1,2,2028,2028/29,,legacy_recovery,0.9085980406961963,0.06882659153337489,0.020147180337299526,0.002428187433129244,11,0.0,0.0,0.0,0.9085980406961961,0.06882659153337506,0.020147180337299547,0.002428187433129248,0.07125477896650431,0.022575367770428796,0.7594017641928854,0.2405982358071146
160,Merton,E09000024,2,Outer London,2,Active,160,2,2,2028,2028/29,,legacy_recovery,0.7815513095193228,0.09650022155484186,0.059389197460177894,0.06255927146565732,11,0.0,0.0,0.0,0.7816240398847569,0.09669898250871253,0.0591579171926991,0.06251906041383155,0.1592180429225441,0.12167697760653065,0.5668240135501577,0.43317598644984234
136,Kensington and Chelsea,E09000020,1,Inner London,0,Inactive,136,0,1,2028,2028/29,,legacy_recovery,0.9992636067769393,0.0006541754520259257,4.765116505564851e-05,3.4566605979305005e-05,11,0.0,0.0,0.0,0.9995405791988474,0.000379346604967581,5.511340539119051e-05,2.4960790793911973e-05,0.000404307395761493,8.007419618510248e-05,0.8346877802203291,0.16531221977967092
135,Islington,E09000019,1,Inner London,2,Active,135,2,1,2028,2028/29,,legacy_recovery,0.7622338007982303,0.10629356960609498,0.05443385502013184,0.07703877457554272,11,0.0,0.0,0.0,0.7622338007982303,0.10629356960609498,0.05443385502013184,0.07703877457554272,0.18333234418163769,0.13147262959567454,0.5823680038528359,0.41763199614716406
135,Islington,E09000019,1,Inner London,1,Insufficiently Active,135,1,1,2028,2028/29,,legacy_recovery,0.9064567065533603,0.06975018281756831,0.02103526472805312,0.002757845901018193,11,0.0,0.0,0.0,0.9064567065533605,0.06975018281756828,0.021035264728053133,0.0027578459010181933,0.07250802871858648,0.023793110629071326,0.7529301232545593,0.24706987674544068
160,Merton,E09000024,2,Outer London,0,Inactive,160,0,2,2028,2028/29,,legacy_recovery,0.9993482458234934,0.0005390312680498616,8.523445024753688e-05,2.7488458209127093e-05,11,0.0,0.0,0.0,0.9994510745911038,0.0004674582508597874,4.1310660124491795e-05,4.015649791177414e-05,0.0005076147487715616,8.146715803626593e-05,0.8617048714367619,0.1382951285632381
135,Islington,E09000019,1,Inner London,0,Inactive,135,0,1,2028,2028/29,,legacy_recovery,0.9992563586864598,0.0006261256767075159,9.106124490418175e-05,2.6454391928494068e-05,11,0.0,0.0,0.0,0.9992636067769393,0.0006541754520259245,4.765116505564851e-05,3.4566605979305005e-05,0.0006887420580052295,8.221777103495351e-05,0.8933566082978517,0.10664339170214832
129,Hounslow,E09000018,2,Outer London,2,Active,129,2,2,2028,2028/29,,legacy_recovery,0.7819515250026374,0.09686234037981298,0.05908468157504613,0.06210145304250344,11,0.0,0.0,0.0,0.7819515250026374,0.09686234037981298,0.05908468157504613,0.06210145304250344,0.15896379342231642,0.12118613461754957,0.5674240023352621,0.43257599766473787
142,Lambeth,E09000022,1,Inner London,1,Insufficiently Active,142,1,1,2028,2028/29,,legacy_recovery,0.9064567065533603,0.06975018281756831,0.02103526472805312,0.002757845901018193,11,0.0,0.0,0.0,0.9064567065533605,0.06975018281756828,0.021035264728053133,0.0027578459010181933,0.07250802871858648,0.023793110629071326,0.7529301232545593,0.24706987674544068
142,Lambeth,E09000022,1,Inner London,2,Active,142,2,1,2028,2028/29,,legacy_recovery,0.7622338007982303,0.10629356960609498,0.05443385502013184,0.07703877457554272,11,0.0,0.0,0.0,0.7622338007982303,0.10629356960609498,0.05443385502013184,0.07703877457554272,0.18333234418163769,0.13147262959567454,0.5823680038528359,0.41763199614716406
8,Barking and Dagenham,E09000002,2,Outer London,0,Inactive,8,0,2,2028,2028/29,,legacy_recovery,0.9993813612342274,0.0005064883845186965,8.530882350244277e-05,2.68415577514779e-05,11,0.0,0.0,0.0,0.9994072512479506,0.0005085956074157219,4.345494232474216e-05,4.069820230893686e-05,0.0005492938097246588,8.415314463367901e-05,0.8671504471610831,0.13284955283891686
147,Lewisham,E09000023,1,Inner London,0,Inactive,147,0,1,2028,2028/29,,legacy_recovery,0.9992563586864598,0.0006261256767075159,9.106124490418175e-05,2.6454391928494068e-05,11,0.0,0.0,0.0,0.9992636067769393,0.0006541754520259245,4.765116505564851e-05,3.4566605979305005e-05,0.0006887420580052295,8.221777103495351e-05,0.8933566082978517,0.10664339170214832
293,Westminster,E09000033,1,Inner London,1,Insufficiently Active,293,1,1,2028,2028/29,,legacy_recovery,0.9064567065533603,0.06975018281756831,0.02103526472805312,0.002757845901018193,11,0.0,0.0,0.0,0.9064567065533605,0.06975018281756828,0.021035264728053133,0.0027578459010181933,0.07250802871858648,0.023793110629071326,0.7529301232545593,0.24706987674544068
293,Westminster,E09000033,1,Inner London,2,Active,293,2,1,2028,2028/29,,legacy_recovery,0.7622338007982303,0.10629356960609498,0.05443385502013184,0.07703877457554272,11,0.0,0.0,0.0,0.7622338007982303,0.10629356960609498,0.05443385502013184,0.07703877457554272,0.18333234418163769,0.13147262959567454,0.5823680038528359,0.41763199614716406
293,Westminster,E09000033,1,Inner London,0,Inactive,293,0,1,2028,2028/29,,legacy_recovery,0.9995472009257793,0.0003729500012789559,5.4987774683136454e-05,2.486129825850573e-05,11,0.0,0.0,0.0,0.9992563586864598,0.0006261256767075171,9.106124490418191e-05,2.6454391928494116e-05,0.0006525800686360112,0.00011751563683267603,0.8474012567552821,0.1525987432447179
8,Barking and Dagenham,E09000002,2,Outer London,1,Insufficiently Active,8,1,2,2028,2028/29,,legacy_recovery,0.9085980406961963,0.06882659153337489,0.020147180337299526,0.002428187433129244,11,0.0,0.0,0.0,0.9085980406961961,0.06882659153337506,0.020147180337299547,0.002428187433129248,0.07125477896650431,0.022575367770428796,0.7594017641928854,0.2405982358071146
139,Kingston upon Thames,E09000021,2,Outer London,0,Inactive,139,0,2,2028,2028/29,,legacy_recovery,0.999357482595404,0.0005316432531839878,8.311398921667579e-05,2.77601621954947e-05,11,0.0,0.0,0.0,0.9994593130852603,0.00045979500385928977,4.1039234081021335e-05,3.985267679943219e-05,0.000499647680658722,8.089191088045352e-05,0.8606608195902951,0.13933918040970494
139,Kingston upon Thames,E09000021,2,Outer London,1,Insufficiently Active,139,1,2,2028,2028/29,,legacy_recovery,0.9085980406961963,0.06882659153337489,0.020147180337299526,0.002428187433129244,11,0.0,0.0,0.0,0.9085980406961961,0.06882659153337506,0.020147180337299547,0.002428187433129248,0.07125477896650431,0.022575367770428796,0.7594017641928854,0.2405982358071146
142,Lambeth,E09000022,1,Inner London,0,Inactive,142,0,1,2028,2028/29,,legacy_recovery,0.9992563586864598,0.0006261256767075159,9.106124490418175e-05,2.6454391928494068e-05,11,0.0,0.0,0.0,0.9992636067769393,0.0006541754520259245,4.765116505564851e-05,3.4566605979305005e-05,0.0006887420580052295,8.221777103495351e-05,0.8933566082978517,0.10664339170214832
139,Kingston upon Thames,E09000021,2,Outer London,2,Active,139,2,2,2028,2028/29,,legacy_recovery,0.7816240398847569,0.09669898250871253,0.0591579171926991,0.06251906041383155,11,0.0,0.0,0.0,0.7819401388655997,0.0966867924848558,0.059137743624459685,0.06223532502508492,0.15892211750994073,0.12137306864954461,0.56698125889153,0.43301874110847005
147,Lewisham,E09000023,1,Inner London,2,Active,147,2,1,2028,2028/29,,legacy_recovery,0.7622338007982303,0.10629356960609498,0.05443385502013184,0.07703877457554272,11,0.0,0.0,0.0,0.7622338007982303,0.10629356960609498,0.05443385502013184,0.07703877457554272,0.18333234418163769,0.13147262959567454,0.5823680038528359,0.41763199614716406
136,Kensington and Chelsea,E09000020,1,Inner London,2,Active,136,2,1,2028,2028/29,,legacy_recovery,0.7622338007982303,0.10629356960609498,0.05443385502013184,0.07703877457554272,11,0.0,0.0,0.0,0.7622338007982303,0.10629356960609498,0.05443385502013184,0.07703877457554272,0.18333234418163769,0.13147262959567454,0.5823680038528359,0.41763199614716406
147,Lewisham,E09000023,1,Inner London,1,Insufficiently Active,147,1,1,2028,2028/29,,legacy_recovery,0.9064567065533603,0.06975018281756831,0.02103526472805312,0.002757845901018193,11,0.0,0.0,0.0,0.9064567065533605,0.06975018281756828,0.021035264728053133,0.0027578459010181933,0.07250802871858648,0.023793110629071326,0.7529301232545593,0.24706987674544068
136,Kensington and Chelsea,E09000020,1,Inner London,1,Insufficiently Active,136,1,1,2028,2028/29,,legacy_recovery,0.9064567065533603,0.06975018281756831,0.02103526472805312,0.002757845901018193,11,0.0,0.0,0.0,0.9064567065533605,0.06975018281756828,0.021035264728053133,0.0027578459010181933,0.07250802871858648,0.023793110629071326,0.7529301232545593,0.24706987674544068
78,Ealing,E09000009,2,Outer London,2,Active,78,2,2,2028,2028/29,,legacy_recovery,0.7816240398847569,0.09669898250871253,0.0591579171926991,0.06251906041383155,11,0.0,0.0,0.0,0.7819401388655997,0.0966867924848558,0.059137743624459685,0.06223532502508492,0.15892211750994073,0.12137306864954461,0.56698125889153,0.43301874110847005
241,Southwark,E09000028,1,Inner London,2,Active,241,2,1,2028,2028/29,,legacy_recovery,0.7622338007982303,0.10629356960609498,0.05443385502013184,0.07703877457554272,11,0.0,0.0,0.0,0.7622338007982303,0.10629356960609498,0.05443385502013184,0.07703877457554272,0.18333234418163769,0.13147262959567454,0.5823680038528359,0.41763199614716406
91,Enfield,E09000010,2,Outer London,0,Inactive,91,0,2,2028,2028/29,,legacy_recovery,0.999402764046744,0.0005122523099152915,4.4496643462906556e-05,4.048699987780941e-05,11,0.0,0.0,0.0,0.9996147070087861,0.00031312941585671716,4.5812996676190995e-05,2.635057868087356e-05,0.00033947999453759074,7.216357535706456e-05,0.8246940298969516,0.17530597010304838
255,Sutton,E09000029,2,Outer London,0,Inactive,255,0,2,2028,2028/29,,legacy_recovery,0.9996190350314234,0.00031154544979370016,4.4745871723034536e-05,2.467364705992479e-05,11,0.0,0.0,0.0,0.9993669229028106,0.0005212452310241988,8.449267635407212e-05,2.7339189811072327e-05,0.0005485844208352711,0.00011183186616514444,0.8306645847983545,0.16933541520164552
107,Greenwich,E09000011,2,Outer London,0,Inactive,107,0,2,2028,2028/29,,legacy_recovery,0.9994072512479506,0.0005085956074157209,4.345494232474208e-05,4.0698202308936783e-05,11,0.0,0.0,0.0,0.9996180724651379,0.0003100857225101137,4.532403588092724e-05,2.651777647104938e-05,0.00033660349898116307,7.184181235197663e-05,0.8241091025932223,0.17589089740677766
107,Greenwich,E09000011,2,Outer London,1,Insufficiently Active,107,1,2,2028,2028/29,,legacy_recovery,0.9085980406961963,0.06882659153337489,0.020147180337299526,0.002428187433129244,11,0.0,0.0,0.0,0.9085980406961961,0.06882659153337506,0.020147180337299547,0.002428187433129248,0.07125477896650431,0.022575367770428796,0.7594017641928854,0.2405982358071146
91,Enfield,E09000010,2,Outer London,2,Active,91,2,2,2028,2028/29,,legacy_recovery,0.7816240398847569,0.09669898250871253,0.0591579171926991,0.06251906041383155,11,0.0,0.0,0.0,0.7819401388655997,0.0966867924848558,0.059137743624459685,0.06223532502508492,0.15892211750994073,0.12137306864954461,0.56698125889153,0.43301874110847005
91,Enfield,E09000010,2,Outer London,1,Insufficiently Active,91,1,2,2028,2028/29,,legacy_recovery,0.9085980406961963,0.06882659153337489,0.020147180337299526,0.002428187433129244,11,0.0,0.0,0.0,0.9085980406961961,0.06882659153337506,0.020147180337299547,0.002428187433129248,0.07125477896650431,0.022575367770428796,0.7594017641928854,0.2405982358071146
241,Southwark,E09000028,1,Inner London,0,Inactive,241,0,1,2028,2028/29,,legacy_recovery,0.999558160869019,0.0003634837629793493,5.3917771097157106e-05,2.443759690465515e-05,11,0.0,0.0,0.0,0.9992563586864598,0.0006261256767075171,9.106124490418191e-05,2.6454391928494116e-05,0.0006525800686360112,0.00011751563683267603,0.8474012567552821,0.1525987432447179
241,Southwark,E09000028,1,Inner London,1,Insufficiently Active,241,1,1,2028,2028/29,,legacy_recovery,0.9064567065533603,0.06975018281756831,0.02103526472805312,0.002757845901018193,11,0.0,0.0,0.0,0.9064567065533605,0.06975018281756828,0.021035264728053133,0.0027578459010181933,0.07250802871858648,0.023793110629071326,0.7529301232545593,0.24706987674544068
112,Hammersmith and Fulham,E09000013,1,Inner London,0,Inactive,112,0,1,2028,2028/29,,legacy_recovery,0.9995786783574182,0.00035027892250935583,4.862705084029303e-05,2.241566923219217e-05,11,0.0,0.0,0.0,0.9991893373705122,0.0006663926512157559,0.00011803560703045453,2.6234371241505825e-05,0.0006926270224572618,0.00014426997827196036,0.8276132210460163,0.1723867789539837
109,Hackney,E09000012,1,Inner London,2,Active,109,2,1,2028,2028/29,,legacy_recovery,0.7622338007982303,0.10629356960609498,0.05443385502013184,0.07703877457554272,11,0.0,0.0,0.0,0.7622338007982303,0.10629356960609498,0.05443385502013184,0.07703877457554272,0.18333234418163769,0.13147262959567454,0.5823680038528359,0.41763199614716406
109,Hackney,E09000012,1,Inner London,1,Insufficiently Active,109,1,1,2028,2028/29,,legacy_recovery,0.9064567065533603,0.06975018281756831,0.02103526472805312,0.002757845901018193,11,0.0,0.0,0.0,0.9064567065533605,0.06975018281756828,0.021035264728053133,0.0027578459010181933,0.07250802871858648,0.023793110629071326,0.7529301232545593,0.24706987674544068
201,Richmond upon Thames,E09000027,2,Outer London,2,Active,201,2,2,2028,2028/29,,legacy_recovery,0.7819515250026374,0.09686234037981298,0.05908468157504613,0.06210145304250344,11,0.0,0.0,0.0,0.7819515250026374,0.09686234037981298,0.05908468157504613,0.06210145304250344,0.15896379342231642,0.12118613461754957,0.5674240023352621,0.43257599766473787
109,Hackney,E09000012,1,Inner London,0,Inactive,109,0,1,2028,2028/29,,legacy_recovery,0.9992683766283553,0.0006496975627615031,4.7382854996250395e-05,3.454295388705034e-05,11,0.0,0.0,0.0,0.9995405791988474,0.000379346604967581,5.511340539119051e-05,2.4960790793911973e-05,0.000404307395761493,8.007419618510248e-05,0.8346877802203291,0.16531221977967092
107,Greenwich,E09000011,2,Outer London,2,Active,107,2,2,2028,2028/29,,legacy_recovery,0.7816240398847569,0.09669898250871253,0.0591579171926991,0.06251906041383155,11,0.0,0.0,0.0,0.7819401388655997,0.0966867924848558,0.059137743624459685,0.06223532502508492,0.15892211750994073,0.12137306864954461,0.56698125889153,0.43301874110847005
117,Harrow,E09000015,2,Outer London,0,Inactive,117,0,2,2028,2028/29,,legacy_recovery,0.9993449517441009,0.0005406782495659677,8.62962850549065e-05,2.8073721278010358e-05,11,0.0,0.0,0.0,0.9994964473860162,0.0004255165370936634,3.7798827894910694e-05,4.023724899506845e-05,0.0004657537860887318,7.803607688997913e-05,0.856495896296187,0.14350410370381295
196,Redbridge,E09000026,2,Outer London,0,Inactive,196,0,2,2028,2028/29,,legacy_recovery,0.9994964473860162,0.00042551653709366227,3.7798827894910565e-05,4.023724899506837e-05,11,0.0,0.0,0.0,0.9996180665321145,0.00030987407350207993,4.6396148256234743e-05,2.566324612722023e-05,0.00033553731962930014,7.205939438345498e-05,0.8232090890183182,0.17679091098168176
117,Harrow,E09000015,2,Outer London,1,Insufficiently Active,117,1,2,2028,2028/29,,legacy_recovery,0.9085980406961963,0.06882659153337489,0.020147180337299526,0.002428187433129244,11,0.0,0.0,0.0,0.9085980406961961,0.06882659153337506,0.020147180337299547,0.002428187433129248,0.07125477896650431,0.022575367770428796,0.7594017641928854,0.2405982358071146
196,Redbridge,E09000026,2,Outer London,1,Insufficiently Active,196,1,2,2028,2028/29,,legacy_recovery,0.9085980406961963,0.06882659153337489,0.020147180337299526,0.002428187433129244,11,0.0,0.0,0.0,0.9085980406961961,0.06882659153337506,0.020147180337299547,0.002428187433129248,0.07125477896650431,0.022575367770428796,0.7594017641928854,0.2405982358071146
122,Havering,E09000016,2,Outer London,1,Insufficiently Active,122,1,2,2028,2028/29,,legacy_recovery,0.9085980406961963,0.06882659153337489,0.020147180337299526,0.002428187433129244,11,0.0,0.0,0.0,0.9085980406961961,0.06882659153337506,0.020147180337299547,0.002428187433129248,0.07125477896650431,0.022575367770428796,0.7594017641928854,0.2405982358071146
122,Havering,E09000016,2,Outer London,2,Active,122,2,2,2028,2028/29,,legacy_recovery,0.7819515250026374,0.09686234037981298,0.05908468157504613,0.06210145304250344,11,0.0,0.0,0.0,0.7819515250026374,0.09686234037981298,0.05908468157504613,0.06210145304250344,0.15896379342231642,0.12118613461754957,0.5674240023352621,0.43257599766473787
122,Havering,E09000016,2,Outer London,0,Inactive,122,0,2,2028,2028/29,,legacy_recovery,0.9996190350314234,0.00031154544979370016,4.4745871723034536e-05,2.467364705992479e-05,11,0.0,0.0,0.0,0.9993669229028106,0.0005212452310241988,8.449267635407212e-05,2.7339189811072327e-05,0.0005485844208352711,0.00011183186616514444,0.8306645847983545,0.16933541520164552
117,Harrow,E09000015,2,Outer London,2,Active,117,2,2,2028,2028/29,,legacy_recovery,0.7819401388655997,0.0966867924848558,0.059137743624459685,0.06223532502508492,11,0.0,0.0,0.0,0.7819401388655997,0.0966867924848558,0.059137743624459685,0.06223532502508492,0.15892211750994073,0.12137306864954461,0.56698125889153,0.43301874110847005
201,Richmond upon Thames,E09000027,2,Outer London,0,Inactive,201,0,2,2028,2028/29,,legacy_recovery,0.9996190350314234,0.00031154544979370016,4.4745871723034536e-05,2.467364705992479e-05,11,0.0,0.0,0.0,0.9993669229028106,0.0005212452310241988,8.449267635407212e-05,2.7339189811072327e-05,0.0005485844208352711,0.00011183186616514444,0.8306645847983545,0.16933541520164552
201,Richmond upon Thames,E09000027,2,Outer London,1,Insufficiently Active,201,1,2,2028,2028/29,,legacy_recovery,0.9085980406961963,0.06882659153337489,0.020147180337299526,0.002428187433129244,11,0.0,0.0,0.0,0.9085980406961961,0.06882659153337506,0.020147180337299547,0.002428187433129248,0.07125477896650431,0.022575367770428796,0.7594017641928854,0.2405982358071146
114,Haringey,E09000014,1,Inner London,2,Active,114,2,1,2028,2028/29,,legacy_recovery,0.7622338007982303,0.10629356960609498,0.05443385502013184,0.07703877457554272,11,0.0,0.0,0.0,0.7622338007982303,0.10629356960609498,0.05443385502013184,0.07703877457554272,0.18333234418163769,0.13147262959567454,0.5823680038528359,0.41763199614716406
114,Haringey,E09000014,1,Inner London,1,Insufficiently Active,114,1,1,2028,2028/29,,legacy_recovery,0.9064567065533603,0.06975018281756831,0.02103526472805312,0.002757845901018193,11,0.0,0.0,0.0,0.9064567065533605,0.06975018281756828,0.021035264728053133,0.0027578459010181933,0.07250802871858648,0.023793110629071326,0.7529301232545593,0.24706987674544068
114,Haringey,E09000014,1,Inner London,0,Inactive,114,0,1,2028,2028/29,,legacy_recovery,0.9992563586864598,0.0006261256767075159,9.106124490418175e-05,2.6454391928494068e-05,11,0.0,0.0,0.0,0.9992636067769393,0.0006541754520259245,4.765116505564851e-05,3.4566605979305005e-05,0.0006887420580052295,8.221777103495351e-05,0.8933566082978517,0.10664339170214832
196,Redbridge,E09000026,2,Outer London,2,Active,196,2,2,2028,2028/29,,legacy_recovery,0.7816240398847569,0.09669898250871253,0.0591579171926991,0.06251906041383155,11,0.0,0.0,0.0,0.7819401388655997,0.0966867924848558,0.059137743624459685,0.06223532502508492,0.15892211750994073,0.12137306864954461,0.56698125889153,0.43301874110847005
112,Hammersmith and Fulham,E09000013,1,Inner London,2,Active,112,2,1,2028,2028/29,,legacy_recovery,0.7622338007982303,0.10629356960609498,0.05443385502013184,0.07703877457554272,11,0.0,0.0,0.0,0.7622338007982303,0.10629356960609498,0.05443385502013184,0.07703877457554272,0.18333234418163769,0.13147262959567454,0.5823680038528359,0.41763199614716406
112,Hammersmith and Fulham,E09000013,1,Inner London,1,Insufficiently Active,112,1,1,2028,2028/29,,legacy_recovery,0.9063188499937647,0.06978406988588233,0.021151765771749657,0.002745314348603358,11,0.0,0.0,0.0,0.9063188499937648,0.0697840698858823,0.021151765771749664,0.0027453143486033584,0.07252938423448566,0.02389708012035302,0.7521730130805747,0.24782698691942529
35,Bromley,E09000006,2,Outer London,1,Insufficiently Active,35,1,2,2028,2028/29,,legacy_recovery,0.9085980406961963,0.06882659153337489,0.020147180337299526,0.002428187433129244,11,0.0,0.0,0.0,0.9085980406961961,0.06882659153337506,0.020147180337299547,0.002428187433129248,0.07125477896650431,0.022575367770428796,0.7594017641928854,0.2405982358071146
35,Bromley,E09000006,2,Outer London,2,Active,35,2,2,2028,2028/29,,legacy_recovery,0.7816240398847569,0.09669898250871253,0.0591579171926991,0.06251906041383155,11,0.0,0.0,0.0,0.7819401388655997,0.0966867924848558,0.059137743624459685,0.06223532502508492,0.15892211750994073,0.12137306864954461,0.56698125889153,0.43301874110847005
272,Tower Hamlets,E09000030,1,Inner London,1,Insufficiently Active,272,1,1,2028,2028/29,,legacy_recovery,0.9064567065533603,0.06975018281756831,0.02103526472805312,0.002757845901018193,11,0.0,0.0,0.0,0.9064567065533605,0.06975018281756828,0.021035264728053133,0.0027578459010181933,0.07250802871858648,0.023793110629071326,0.7529301232545593,0.24706987674544068
44,Camden,E09000007,1,Inner London,0,Inactive,44,0,1,2028,2028/29,,legacy_recovery,0.9995752934995473,0.00035144140668946636,4.870699681460744e-05,2.4558096948729326e-05,11,0.0,0.0,0.0,0.9992515233933532,0.0006339075385225899,8.832229304709673e-05,2.6246775077082813e-05,0.0006601543135996726,0.00011456906812417955,0.852116160649173,0.14788383935082705
44,Camden,E09000007,1,Inner London,1,Insufficiently Active,44,1,1,2028,2028/29,,legacy_recovery,0.9064567065533603,0.06975018281756831,0.02103526472805312,0.002757845901018193,11,0.0,0.0,0.0,0.9064567065533605,0.06975018281756828,0.021035264728053133,0.0027578459010181933,0.07250802871858648,0.023793110629071326,0.7529301232545593,0.24706987674544068
44,Camden,E09000007,1,Inner London,2,Active,44,2,1,2028,2028/29,,legacy_recovery,0.7622338007982303,0.10629356960609498,0.05443385502013184,0.07703877457554272,11,0.0,0.0,0.0,0.7622338007982303,0.10629356960609498,0.05443385502013184,0.07703877457554272,0.18333234418163769,0.13147262959567454,0.5823680038528359,0.41763199614716406
279,Waltham Forest,E09000031,2,Outer London,0,Inactive,279,0,2,2028,2028/29,,legacy_recovery,0.9993669229028106,0.000521245231024197,8.449267635407182e-05,2.733918981107223e-05,11,0.0,0.0,0.0,0.9994072512479506,0.0005085956074157219,4.345494232474216e-05,4.069820230893686e-05,0.0005492938097246588,8.415314463367901e-05,0.8671504471610831,0.13284955283891686
272,Tower Hamlets,E09000030,1,Inner London,2,Active,272,2,1,2028,2028/29,,legacy_recovery,0.7622338007982303,0.10629356960609498,0.05443385502013184,0.07703877457554272,11,0.0,0.0,0.0,0.7622338007982303,0.10629356960609498,0.05443385502013184,0.07703877457554272,0.18333234418163769,0.13147262959567454,0.5823680038528359,0.41763199614716406
255,Sutton,E09000029,2,Outer London,2,Active,255,2,2,2028,2028/29,,legacy_recovery,0.7819401388655997,0.0966867924848558,0.059137743624459685,0.06223532502508492,11,0.0,0.0,0.0,0.7819401388655997,0.0966867924848558,0.059137743624459685,0.06223532502508492,0.15892211750994073,0.12137306864954461,0.56698125889153,0.43301874110847005
272,Tower Hamlets,E09000030,1,Inner London,0,Inactive,272,0,1,2028,2028/29,,legacy_recovery,0.9992563586864598,0.0006261256767075159,9.106124490418175e-05,2.6454391928494068e-05,11,0.0,0.0,0.0,0.9992636067769393,0.0006541754520259245,4.765116505564851e-05,3.4566605979305005e-05,0.0006887420580052295,8.221777103495351e-05,0.8933566082978517,0.10664339170214832
78,Ealing,E09000009,2,Outer London,1,Insufficiently Active,78,1,2,2028,2028/29,,legacy_recovery,0.9085980406961963,0.06882659153337489,0.020147180337299526,0.002428187433129244,11,0.0,0.0,0.0,0.9085980406961961,0.06882659153337506,0.020147180337299547,0.002428187433129248,0.07125477896650431,0.022575367770428796,0.7594017641928854,0.2405982358071146
78,Ealing,E09000009,2,Outer London,0,Inactive,78,0,2,2028,2028/29,,legacy_recovery,0.9996190350314234,0.00031154544979370016,4.4745871723034536e-05,2.467364705992479e-05,11,0.0,0.0,0.0,0.9993669229028106,0.0005212452310241988,8.449267635407212e-05,2.7339189811072327e-05,0.0005485844208352711,0.00011183186616514444,0.8306645847983545,0.16933541520164552
68,Croydon,E09000008,2,Outer London,2,Active,68,2,2,2028,2028/29,,legacy_recovery,0.7819401388655997,0.0966867924848558,0.059137743624459685,0.06223532502508492,11,0.0,0.0,0.0,0.7819401388655997,0.0966867924848558,0.059137743624459685,0.06223532502508492,0.15892211750994073,0.12137306864954461,0.56698125889153,0.43301874110847005
255,Sutton,E09000029,2,Outer London,1,Insufficiently Active,255,1,2,2028,2028/29,,legacy_recovery,0.9085980406961963,0.06882659153337489,0.020147180337299526,0.002428187433129244,11,0.0,0.0,0.0,0.9085980406961961,0.06882659153337506,0.020147180337299547,0.002428187433129248,0.07125477896650431,0.022575367770428796,0.7594017641928854,0.2405982358071146
68,Croydon,E09000008,2,Outer London,1,Insufficiently Active,68,1,2,2028,2028/29,,legacy_recovery,0.9085980406961963,0.06882659153337489,0.020147180337299526,0.002428187433129244,11,0.0,0.0,0.0,0.9085980406961961,0.06882659153337506,0.020147180337299547,0.002428187433129248,0.07125477896650431,0.022575367770428796,0.7594017641928854,0.2405982358071146
68,Croydon,E09000008,2,Outer London,0,Inactive,68,0,2,2028,2028/29,,legacy_recovery,0.9994964473860162,0.00042551653709366227,3.7798827894910565e-05,4.023724899506837e-05,11,0.0,0.0,0.0,0.9996180665321145,0.00030987407350207993,4.6396148256234743e-05,2.566324612722023e-05,0.00033553731962930014,7.205939438345498e-05,0.8232090890183182,0.17679091098168176
17,Bexley,E09000004,2,Outer London,1,Insufficiently Active,17,1,2,2028,2028/29,,legacy_recovery,0.9085980406961963,0.06882659153337489,0.020147180337299526,0.002428187433129244,11,0.0,0.0,0.0,0.9085980406961961,0.06882659153337506,0.020147180337299547,0.002428187433129248,0.07125477896650431,0.022575367770428796,0.7594017641928854,0.2405982358071146
279,Waltham Forest,E09000031,2,Outer London,1,Insufficiently Active,279,1,2,2028,2028/29,,legacy_recovery,0.9085980406961963,0.06882659153337489,0.020147180337299526,0.002428187433129244,11,0.0,0.0,0.0,0.9085980406961961,0.06882659153337506,0.020147180337299547,0.002428187433129248,0.07125477896650431,0.022575367770428796,0.7594017641928854,0.2405982358071146
17,Bexley,E09000004,2,Outer London,2,Active,17,2,2,2028,2028/29,,legacy_recovery,0.7819515250026374,0.09686234037981298,0.05908468157504613,0.06210145304250344,11,0.0,0.0,0.0,0.7819515250026374,0.09686234037981298,0.05908468157504613,0.06210145304250344,0.15896379342231642,0.12118613461754957,0.5674240023352621,0.43257599766473787
279,Waltham Forest,E09000031,2,Outer London,2,Active,279,2,2,2028,2028/29,,legacy_recovery,0.7816240398847569,0.09669898250871253,0.0591579171926991,0.06251906041383155,11,0.0,0.0,0.0,0.7819401388655997,0.0966867924848558,0.059137743624459685,0.06223532502508492,0.15892211750994073,0.12137306864954461,0.56698125889153,0.43301874110847005
30,Brent,E09000005,2,Outer London,2,Active,30,2,2,2028,2028/29,,legacy_recovery,0.7819515250026374,0.09686234037981298,0.05908468157504613,0.06210145304250344,11,0.0,0.0,0.0,0.7819515250026374,0.09686234037981298,0.05908468157504613,0.06210145304250344,0.15896379342231642,0.12118613461754957,0.5674240023352621,0.43257599766473787
35,Bromley,E09000006,2,Outer London,0,Inactive,35,0,2,2028,2028/29,,legacy_recovery,0.9993449517441009,0.0005406782495659677,8.62962850549065e-05,2.8073721278010358e-05,11,0.0,0.0,0.0,0.9994964473860162,0.0004255165370936634,3.7798827894910694e-05,4.023724899506845e-05,0.0004657537860887318,7.803607688997913e-05,0.856495896296187,0.14350410370381295
30,Brent,E09000005,2,Outer London,1,Insufficiently Active,30,1,2,2028,2028/29,,legacy_recovery,0.9085980406961963,0.06882659153337489,0.020147180337299526,0.002428187433129244,11,0.0,0.0,0.0,0.9085980406961961,0.06882659153337506,0.020147180337299547,0.002428187433129248,0.07125477896650431,0.022575367770428796,0.7594017641928854,0.2405982358071146
30,Brent,E09000005,2,Outer London,0,Inactive,30,0,2,2028,2028/29,,legacy_recovery,0.999453794711875,0.0004644581763803343,4.1792965350057814e-05,3.995414639469613e-05,11,0.0,0.0,0.0,0.999616122775546,0.0003108152613821848,4.7098343976805734e-05,2.5963619095024413e-05,0.00033677888047720924,7.306196307183015e-05,0.821730888412326,0.178269111587674
280,Wandsworth,E09000032,1,Inner London,1,Insufficiently Active,280,1,1,2028,2028/29,,legacy_recovery,0.9064567065533603,0.06975018281756831,0.02103526472805312,0.002757845901018193,11,0.0,0.0,0.0,0.9064567065533605,0.06975018281756828,0.021035264728053133,0.0027578459010181933,0.07250802871858648,0.023793110629071326,0.7529301232545593,0.24706987674544068
280,Wandsworth,E09000032,1,Inner London,2,Active,280,2,1,2028,2028/29,,legacy_recovery,0.7622338007982303,0.10629356960609498,0.05443385502013184,0.07703877457554272,11,0.0,0.0,0.0,0.7622338007982303,0.10629356960609498,0.05443385502013184,0.07703877457554272,0.18333234418163769,0.13147262959567454,0.5823680038528359,0.41763199614716406
17,Bexley,E09000004,2,Outer London,0,Inactive,17,0,2,2028,2028/29,,legacy_recovery,0.9993449517441009,0.0005406782495659677,8.62962850549065e-05,2.8073721278010358e-05,11,0.0,0.0,0.0,0.9994964473860162,0.0004255165370936634,3.7798827894910694e-05,4.023724899506845e-05,0.0004657537860887318,7.803607688997913e-05,0.856495896296187,0.14350410370381295
9,Barnet,E09000003,2,Outer London,2,Active,9,2,2,2028,2028/29,,legacy_recovery,0.7819401388655997,0.0966867924848558,0.059137743624459685,0.06223532502508492,11,0.0,0.0,0.0,0.7819401388655997,0.0966867924848558,0.059137743624459685,0.06223532502508492,0.15892211750994073,0.12137306864954461,0.56698125889153,0.43301874110847005
9,Barnet,E09000003,2,Outer London,1,Insufficiently Active,9,1,2,2028,2028/29,,legacy_recovery,0.9085980406961963,0.06882659153337489,0.020147180337299526,0.002428187433129244,11,0.0,0.0,0.0,0.9085980406961961,0.06882659153337506,0.020147180337299547,0.002428187433129248,0.07125477896650431,0.022575367770428796,0.7594017641928854,0.2405982358071146
280,Wandsworth,E09000032,1,Inner London,0,Inactive,280,0,1,2028,2028/29,,legacy_recovery,0.9995752934995473,0.00035144140668946636,4.870699681460744e-05,2.4558096948729326e-05,11,0.0,0.0,0.0,0.9992515233933532,0.0006339075385225899,8.832229304709673e-05,2.6246775077082813e-05,0.0006601543135996726,0.00011456906812417955,0.852116160649173,0.14788383935082705
9,Barnet,E09000003,2,Outer London,0,Inactive,9,0,2,2028,2028/29,,legacy_recovery,0.9996190350314234,0.00031154544979370016,4.4745871723034536e-05,2.467364705992479e-05,11,0.0,0.0,0.0,0.9993669229028106,0.0005212452310241988,8.449267635407212e-05,2.7339189811072327e-05,0.0005485844208352711,0.00011183186616514444,0.8306645847983545,0.16933541520164552
8,Barking and Dagenham,E09000002,2,Outer London,2,Active,8,2,2,2028,2028/29,,legacy_recovery,0.7819401388655997,0.0966867924848558,0.059137743624459685,0.06223532502508492,11,0.0,0.0,0.0,0.7819401388655997,0.0966867924848558,0.059137743624459685,0.06223532502508492,0.15892211750994073,0.12137306864954461,0.56698125889153,0.43301874110847005
