survey_year,survey_wave,borough_id,borough_name,borough_code,inner_outer_code,inner_outer,activity_level_code,activity_level,raw_n,weight_sum,weight_sq_sum,neither_recorded_rate,indoor_only_rate,outdoor_only_rate,both_rate,effective_n,low_effective_n_10,low_effective_n_20,indoor_rate,outdoor_rate,indoor_exposure_share,outdoor_exposure_share,neither_recorded_rate_raw,indoor_only_rate_raw,outdoor_only_rate_raw,both_rate_raw,shrinkage_prior_strength,direct_estimate_reliability
2017,2017/18,8,Barking and Dagenham,E09000002,2,Outer London,0.0,Inactive,150,210.77556038116657,589.4163589431964,0.9997165208983768,0.0002362529102005766,4.7226191422596454e-05,0.0,75.37343709572247,False,False,0.0002362529102005766,4.7226191422596454e-05,0.8334050335556166,0.16659496644438343,1.0,0.0,0.0,0.0,5.0,0.9377903921908286
2017,2017/18,8,Barking and Dagenham,E09000002,2,Outer London,1.0,Insufficiently Active,51,59.9730725735859,109.8401234151352,0.925209937744511,0.06536338729224517,0.00842874143777209,0.0009979335254716726,32.745497019543514,False,False,0.06636132081771684,0.009426674963243762,0.8756178354354646,0.12438216456453544,0.9290838112669598,0.06512640728248573,0.005789781450554367,0.0,5.0,0.8675338677508698
2017,2017/18,8,Barking and Dagenham,E09000002,2,Outer London,2.0,Active,271,350.91374327828345,754.9612454689809,0.8233819652441542,0.09613164450397342,0.04384373949463692,0.03664265075723545,163.1083131228575,False,False,0.13277429526120887,0.08048639025187238,0.622591524273538,0.37740847572646197,0.8248377724320897,0.09561744074429741,0.04389948046685081,0.035645306356762115,5.0,0.9702572709991689
2017,2017/18,9,Barnet,E09000003,2,Outer London,0.0,Inactive,104,265.9043601553947,1142.8030878973555,0.9860640749848655,0.011103567251693126,0.0028323577634413164,0.0,61.86991398469207,False,False,0.011103567251693126,0.0028323577634413164,0.7967585387862399,0.20324146121376008,0.9853061066556221,0.01169398956666218,0.0029999037777156652,0.0,5.0,0.9252279582542218
2017,2017/18,9,Barnet,E09000003,2,Outer London,1.0,Insufficiently Active,61,143.93109073723141,559.8355632431276,0.8736748340405637,0.0804975024167176,0.04493090392489801,0.0008967596178206901,37.00400660651215,False,False,0.0813942620345383,0.045827663542718694,0.6397817173825959,0.3602182826174041,0.8701394437778974,0.08233272388722566,0.047527832334876875,0.0,5.0,0.8809637364635396
2017,2017/18,9,Barnet,E09000003,2,Outer London,2.0,Active,329,801.1612663000938,3279.8835238233078,0.8176775907296563,0.10863991355393224,0.024743919110473495,0.04893857660593791,195.69578308420066,False,False,0.15757849015987013,0.0736824957164114,0.6813881276289742,0.31861187237102584,0.818745229381808,0.10853092008326959,0.024302380286236266,0.04842147024868606,5.0,0.9750866713631832
2017,2017/18,17,Bexley,E09000004,2,Outer London,0.0,Inactive,108,153.5015838858066,313.62517976313086,0.9712189859390812,0.02873364453925219,4.7369521666560006e-05,0.0,75.13024392125453,False,False,0.02873364453925219,4.7369521666560006e-05,0.9983541399352263,0.001645860064773741,0.9696068404935096,0.03039315950649032,0.0,0.0,5.0,0.9376015876737678
2017,2017/18,17,Bexley,E09000004,2,Outer London,1.0,Insufficiently Active,47,61.788590038419706,122.46984370008067,0.9388068852746734,0.05659790958436907,0.003553908078541412,0.0010412970624160893,31.173632166016915,False,False,0.05763920664678516,0.004595205140957501,0.9261629537589275,0.07383704624107246,0.9450569318042736,0.054943068195726315,0.0,0.0,5.0,0.8617777729078249
2017,2017/18,17,Bexley,E09000004,2,Outer London,2.0,Active,334,574.5922194269982,1628.6380327513375,0.8297135327073724,0.09376357979774444,0.03109664908096666,0.0454262384139165,202.7192119959858,False,False,0.13918981821166093,0.07652288749488316,0.6452555391012292,0.35474446089877076,0.8310410442408017,0.09329144284323011,0.03082709576344588,0.044840417152522294,5.0,0.975929044059263
2017,2017/18,30,Brent,E09000005,2,Outer London,0.0,Inactive,145,302.94422498737276,1102.5443845358482,0.9997417913851131,0.00021519235935420395,4.301625553274135e-05,0.0,83.23946386234208,False,False,0.00021519235935420395,4.301625553274135e-05,0.8334050335556167,0.16659496644438332,1.0,0.0,0.0,0.0,5.0,0.9433360111094935
2017,2017/18,30,Brent,E09000005,2,Outer London,1.0,Insufficiently Active,55,103.64686859946977,558.553993077356,0.8715584082226788,0.056656415491117475,0.07023078827784468,0.0015543880083590286,19.233007916188978,False,True,0.0582108034994765,0.0717851762862037,0.4477892592943767,0.5522107407056234,0.8642061659555347,0.053989391828857584,0.08180444221560783,0.0,5.0,0.7936698565323488
2017,2017/18,30,Brent,E09000005,2,Outer London,2.0,Active,306,626.252749972658,2619.1316578002347,0.7622975435901942,0.10785786611069906,0.04235380198298971,0.08749078831611715,149.74142505600977,False,False,0.1953486544268162,0.12984459029910686,0.600715597863844,0.399284402136156,0.7618436421157818,0.1076893102164359,0.04236476840988717,0.08810227925789513,5.0,0.9676880318363993
2017,2017/18,35,Bromley,E09000006,2,Outer London,0.0,Inactive,100,225.79166580049903,799.4178645999665,0.9963599016398509,0.0002761003721166517,0.0033639979880323726,0.0,63.7737516292257,False,False,0.0002761003721166517,0.0033639979880323726,0.07584970096943981,0.9241502990305602,0.9964317760054703,0.0,0.0035682239945296697,0.0,5.0,0.9272978442857663
2017,2017/18,35,Bromley,E09000006,2,Outer London,1.0,Insufficiently Active,60,126.92981219347176,414.25228868939575,0.8450346763012948,0.09156008279132584,0.025842243853767054,0.03756299705361221,38.89218638825697,False,False,0.12912307984493804,0.06340524090737927,0.6706705763618617,0.32932942363813833,0.8379889321871151,0.09472841712105484,0.025859045575257304,0.04142360511657271,5.0,0.8860845081680024
2017,2017/18,35,Bromley,E09000006,2,Outer London,2.0,Active,324,705.2566193877674,2391.7592860307022,0.811185840133243,0.07777034228626688,0.059028193173241934,0.05201562440724808,207.95859436829522,False,False,0.12978596669351494,0.11104381758049,0.5389116096448041,0.4610883903551959,0.8120344399693681,0.07692557114581768,0.059436996111158026,0.05160299277365616,5.0,0.9765212575015738
2017,2017/18,44,Camden,E09000007,1,Inner London,0.0,Inactive,95,142.10993735847987,339.63163643376055,0.9920158542381046,0.007925262679118453,5.888308277720988e-05,0.0,59.462170568346956,False,False,0.007925262679118453,5.888308277720988e-05,0.9926249990251644,0.007375000974835566,0.9917276619487309,0.008272338051269278,0.0,0.0,5.0,0.9224351281392446
2017,2017/18,44,Camden,E09000007,1,Inner London,1.0,Insufficiently Active,65,98.46850296289566,237.57561298430412,0.9510740232033579,0.03677361962128858,0.01133014649539621,0.0008222106799573361,40.812463678224326,False,False,0.037595830301245914,0.012152357175353545,0.7557226143953533,0.24427738560464674,0.9573508395993833,0.033080902912337146,0.009568257488279535,0.0,5.0,0.890859395051993
2017,2017/18,44,Camden,E09000007,1,Inner London,2.0,Active,353,608.5899554643347,1923.7752945063012,0.7298304998601719,0.11952726724083419,0.057386916751830316,0.09325531614716362,192.52858426333623,False,False,0.21278258338799783,0.15064223289899392,0.5854927177564183,0.4145072822435817,0.7286342978876449,0.11969922719145035,0.05778585856366303,0.09388061635724175,5.0,0.9746872078355291
2017,2017/18,68,Croydon,E09000008,2,Outer London,0.0,Inactive,111,272.5459667176615,1212.9021092562084,0.9996560493914828,0.0002866501684327545,5.730044008444869e-05,0.0,61.24262082421177,False,False,0.0002866501684327545,5.730044008444869e-05,0.8334050335556167,0.16659496644438332,1.0,0.0,0.0,0.0,5.0,0.9245198946269274
2017,2017/18,68,Croydon,E09000008,2,Outer London,1.0,Insufficiently Active,58,135.9809504594626,521.9515681877491,0.9280406753496806,0.031165455409048373,0.03052682081946929,0.010267048421801674,35.42631158683973,False,False,0.04143250383085005,0.040793869241270965,0.5038833926738987,0.4961166073261013,0.9320209260614614,0.02611977948026623,0.0312064382968162,0.010652856161456179,5.0,0.8763181748782719
2017,2017/18,68,Croydon,E09000008,2,Outer London,2.0,Active,329,799.1730662374899,3636.5171655991307,0.7941363519225957,0.10464072150433087,0.0666123861032649,0.034610540469808646,175.6289220469572,False,False,0.1392512619741395,0.10122292657307355,0.5790694744221992,0.42093052557780075,0.7946557776924816,0.10440542129091074,0.06731235651565465,0.03362644450095304,5.0,0.9723189401600915
2017,2017/18,78,Ealing,E09000009,2,Outer London,0.0,Inactive,109,225.62704695353546,763.1920659457794,0.9883318706279642,0.0002648192144368869,0.011403310157598885,0.0,66.70347686841598,False,False,0.0002648192144368869,0.011403310157598885,0.022695944310624584,0.9773040556893754,0.9877988180977632,0.0,0.012201181902236829,0.0,5.0,0.9302683744447209
2017,2017/18,78,Ealing,E09000009,2,Outer London,1.0,Insufficiently Active,53,125.95264603174095,462.2445610447773,0.8913178710182837,0.09702138187228934,0.010702765486824178,0.000957981622602761,34.319644576326965,False,False,0.0979793634948921,0.011660747109426939,0.8936452449276571,0.10635475507234293,0.8900763540890236,0.10140749794532071,0.008516147965655677,0.0,5.0,0.8728371007959128
2017,2017/18,78,Ealing,E09000009,2,Outer London,2.0,Active,333,708.0263439813613,2572.170387055356,0.7800509917683909,0.11263302894444736,0.046078895542697354,0.06123708374446426,194.89428316819524,False,False,0.17387011268891162,0.1073159792871616,0.6183453508209311,0.3816546491790689,0.7801577131505646,0.11262603035209441,0.04618288831180514,0.0610333681855357,5.0,0.9749867784073
2017,2017/18,91,Enfield,E09000010,2,Outer London,0.0,Inactive,124,264.8281888100856,870.2967731174623,0.9902026082570637,0.009753041973000372,4.43497699360554e-05,0.0,80.58626867844825,False,False,0.009753041973000372,4.43497699360554e-05,0.9954733084988635,0.004526691501136493,0.9898774564737374,0.010122543526262856,0.0,0.0,5.0,0.9415794136465366
2017,2017/18,91,Enfield,E09000010,2,Outer London,1.0,Insufficiently Active,53,118.65273612839137,429.78825919828216,0.9214827081580305,0.01700858288486146,0.060511073176262184,0.0009976357808459376,32.75676217171532,False,False,0.018006218665707396,0.061508708957108124,0.2264507961463679,0.7735492038536321,0.9247863242292328,0.009390795481695753,0.06582288028907142,0.0,5.0,0.8675733905025986
2017,2017/18,91,Enfield,E09000010,2,Outer London,2.0,Active,322,646.6675479919943,2355.4785430326656,0.7683832439586321,0.10253456888264523,0.04086234128099641,0.0882198458777262,177.53459009971502,False,False,0.19075441476037142,0.1290821871587226,0.59641208547052,0.40358791452947995,0.7681717958585732,0.10224247771370909,0.040829586114156526,0.08875614031356117,5.0,0.9726079314760638
2017,2017/18,107,Greenwich,E09000011,2,Outer London,0.0,Inactive,96,160.98289721566138,480.1866524562262,0.9996136283715954,0.00032200405993544796,6.436756846912089e-05,0.0,53.96962423546467,False,False,0.00032200405993544796,6.436756846912089e-05,0.8334050335556167,0.16659496644438332,1.0,0.0,0.0,0.0,5.0,0.9152105840112684
2017,2017/18,107,Greenwich,E09000011,2,Outer London,1.0,Insufficiently Active,63,124.55457379269939,501.27388812680215,0.8807707037873038,0.06630012588815315,0.046911025567035795,0.006018144757507204,30.94883300355876,False,False,0.07231827064566035,0.052929170324543,0.5774031795417284,0.4225968204582716,0.8776899977751697,0.06620072520240271,0.05033594838199291,0.005773328640434671,5.0,0.8609134266053915
2017,2017/18,107,Greenwich,E09000011,2,Outer London,2.0,Active,329,582.5767371221493,1878.4749400207686,0.769157043896088,0.09531850426568331,0.047631025593350314,0.08789342624487856,180.67616841997236,False,False,0.18321193051056187,0.13552445183822887,0.5748070840249246,0.42519291597507536,0.7689706864346778,0.0948317958646659,0.047786155330095954,0.08841136237056042,5.0,0.9730713960625753
2017,2017/18,109,Hackney,E09000012,1,Inner London,0.0,Inactive,78,165.11316792330786,620.9690546742266,0.9995340935240191,0.00038828880224866727,7.761767373226416e-05,0.0,43.902925623198506,False,False,0.00038828880224866727,7.761767373226416e-05,0.8334050335556167,0.16659496644438332,1.0,0.0,0.0,0.0,5.0,0.89775662833497
2017,2017/18,109,Hackney,E09000012,1,Inner London,1.0,Insufficiently Active,58,95.5278591018557,259.22755181433234,0.8754097261302383,0.07185153914287337,0.01452796232481677,0.03821077240207166,35.202939659438826,False,False,0.11006231154494503,0.05273873472688843,0.6760540799054259,0.3239459200945741,0.8719398697668315,0.07255263772408956,0.012939516800043214,0.04256797570903576,5.0,0.8756309851380208
2017,2017/18,109,Hackney,E09000012,1,Inner London,2.0,Active,402,625.9749621538155,1824.3361839242232,0.7262339794652936,0.11745117795264134,0.067420323758719,0.08889451882334605,214.78752474261432,False,False,0.2063456967759874,0.15631484258206504,0.5689775268664221,0.4310224731335779,0.7250780199907592,0.11755698837821607,0.06801148815442681,0.08935350347659794,5.0,0.977250756129788
2017,2017/18,112,Hammersmith and Fulham,E09000013,1,Inner London,0.0,Inactive,99,135.55544347907474,329.8885532210157,0.9976619328760945,0.0003128170958192438,0.0020252500280864066,0.0,55.70147274706354,False,False,0.0003128170958192438,0.0020252500280864066,0.13379303469127737,0.8662069653087227,0.9978610991382346,0.0,0.0021389008617655066,0.0,5.0,0.9176296756285559
2017,2017/18,112,Hammersmith and Fulham,E09000013,1,Inner London,1.0,Insufficiently Active,49,58.41728212527199,115.72922882857506,0.8068247028005211,0.06670810724262571,0.08706958642606472,0.03939760353078854,29.48761419605184,False,False,0.10610571077341426,0.12646718995685324,0.45622559825434317,0.5437744017456568,0.7910528516855271,0.0666729593176537,0.09747362137123187,0.0448005676255874,5.0,0.8550204148197529
2017,2017/18,112,Hammersmith and Fulham,E09000013,1,Inner London,2.0,Active,341,418.22165994887104,826.5139312241001,0.7736695821255537,0.11677695426145249,0.04952701149180286,0.06002645212119097,211.6229990114521,False,False,0.17680340638264347,0.10955346361299383,0.6174233095414723,0.3825766904585277,0.7736170941587986,0.11686841710356145,0.04970425203801322,0.059810236699626707,5.0,0.9769184249926497
2017,2017/18,114,Haringey,E09000014,1,Inner London,0.0,Inactive,92,178.78083401789613,577.9342007713335,0.9996221833709024,0.0003148742804509949,6.294234864665261e-05,0.0,55.30488863520451,False,False,0.0003148742804509949,6.294234864665261e-05,0.8334050335556167,0.16659496644438332,1.0,0.0,0.0,0.0,5.0,0.9170879821991559
2017,2017/18,114,Haringey,E09000014,1,Inner London,1.0,Insufficiently Active,57,100.11428498675237,363.9919543326803,0.8110131990262133,0.0648964511894541,0.09587196693220434,0.028218382852128222,27.535965944038416,False,False,0.09311483404158233,0.12409034978433256,0.42869526592980306,0.5713047340701969,0.794884047043288,0.06452985033231547,0.1086117441308313,0.03197435849356524,5.0,0.8463239109421261
2017,2017/18,114,Haringey,E09000014,1,Inner London,2.0,Active,353,555.3082351402671,1579.9469116351636,0.7364752863400328,0.1468736597094345,0.052156228859484496,0.06449482509104817,195.17569466650878,False,False,0.21136848480048268,0.11665105395053267,0.6443777270259587,0.35562227297404125,0.7354655338695674,0.14774384576654226,0.052415760472067835,0.06437485989182255,5.0,0.9750219425573621
2017,2017/18,117,Harrow,E09000015,2,Outer London,0.0,Inactive,142,229.61685088398372,656.1543858898319,0.9997330589397073,0.00022247002331055783,4.4471036982080126e-05,0.0,80.35288545450634,False,False,0.00022247002331055783,4.4471036982080126e-05,0.8334050335556168,0.1665949664443832,1.0,0.0,0.0,0.0,5.0,0.941419672300768
2017,2017/18,117,Harrow,E09000015,2,Outer London,1.0,Insufficiently Active,65,101.04592444126071,250.89044738971472,0.9078033536218826,0.06859979227014784,0.005557496269980431,0.018039357837989177,40.69616421198004,False,False,0.08663915010813703,0.023596854107969606,0.7859424035208104,0.21405759647918965,0.9087817994789144,0.06880674043957175,0.0030813345926735966,0.01933012548884038,5.0,0.8905816256960761
2017,2017/18,117,Harrow,E09000015,2,Outer London,2.0,Active,303,475.67795480674454,1294.2350992942233,0.7848887256343243,0.07830224554433968,0.04711598027181886,0.08969304854951718,174.8287593285929,False,False,0.16799529409385686,0.13680902882133605,0.5511578460801521,0.44884215391984794,0.7851460520420612,0.0773126034322249,0.04726156856022915,0.09027977596548471,5.0,0.9721957710286833
2017,2017/18,122,Havering,E09000016,2,Outer London,0.0,Inactive,113,190.38624275723458,456.28725008981814,0.9981963638943003,0.0017586836625424652,4.495244315722245e-05,0.0,79.43882154077636,False,False,0.0017586836625424652,4.495244315722245e-05,0.9750767668626904,0.024923233137309597,0.9983696545970923,0.001630345402907761,0.0,0.0,5.0,0.940785530769334
2017,2017/18,122,Havering,E09000016,2,Outer London,1.0,Insufficiently Active,62,96.63034893878354,236.47526168965214,0.9109741398091401,0.057238889802508304,0.030940240351315085,0.0008467300370364413,39.48583995346376,False,False,0.058085619839544744,0.03178697038835153,0.646310734922104,0.353689265077896,0.9123840863690257,0.05601357673562218,0.03160233689535198,0.0,5.0,0.8876046848788186
2017,2017/18,122,Havering,E09000016,2,Outer London,2.0,Active,334,538.2682517423624,1620.069904662423,0.7859202135288038,0.1391718588223693,0.03353237435709587,0.04137555329173102,178.83963525274635,False,False,0.1805474121141003,0.0749079276488269,0.7067670313004831,0.29323296869951687,0.7862006071675443,0.1399062047830071,0.03329492693847384,0.04059826111097479,5.0,0.9728023829402952
2017,2017/18,126,Hillingdon,E09000017,2,Outer London,0.0,Inactive,127,257.1484734713965,884.7705443707457,0.9997142592292837,0.00023813779660703782,4.760297410927664e-05,0.0,74.73727265151925,False,False,0.00023813779660703782,4.760297410927664e-05,0.8334050335556166,0.16659496644438343,1.0,0.0,0.0,0.0,5.0,0.9372940679592615
2017,2017/18,126,Hillingdon,E09000017,2,Outer London,1.0,Insufficiently Active,58,105.54286479966113,307.48620260379005,0.9109834723886596,0.08079101386375133,0.007311852414373057,0.0009136613332159989,36.22697934343753,False,False,0.08170467519696732,0.008225513747589057,0.9085344549574977,0.09146554504250226,0.9125215412012965,0.08270610879884227,0.004772349999861285,0.0,5.0,0.8787201953762374
2017,2017/18,126,Hillingdon,E09000017,2,Outer London,2.0,Active,315,575.5663990889061,1730.285743066675,0.8241834770406445,0.08282294744703743,0.03833197038516219,0.05466160512715579,191.45778729762353,False,False,0.13748455257419323,0.09299357551231797,0.5965188702096178,0.4034811297903822,0.8254446522430059,0.08203732051981799,0.03823551554851963,0.05428251168865645,5.0,0.9745492399727314
2017,2017/18,129,Hounslow,E09000018,2,Outer London,0.0,Inactive,121,221.23368284457766,637.0518640463279,0.9949580050368332,0.004995609078076254,4.6385885090685073e-05,0.0,76.82944699996331,False,False,0.004995609078076254,4.6385885090685073e-05,0.990800092933542,0.009199907066458013,0.994926431399793,0.005073568600207094,0.0,0.0,5.0,0.9388973018478025
2017,2017/18,129,Hounslow,E09000018,2,Outer London,1.0,Insufficiently Active,56,105.1991452538405,387.87044091111926,0.9559507729411943,0.033053297741642784,0.009872611611506063,0.001123317705656829,28.53236285843862,False,False,0.034176615447299614,0.010995929317162891,0.7565793697366934,0.24342063026330663,0.9657836806207585,0.02711931755232921,0.007097001826912277,0.0,5.0,0.8508903168825839
2017,2017/18,129,Hounslow,E09000018,2,Outer London,2.0,Active,312,528.9550933840236,1521.3002964234704,0.764875484429636,0.10369787150753773,0.06299130751092723,0.06843533655189897,183.91733142673206,False,False,0.17213320805943672,0.1314266440628262,0.5670486622523051,0.4329513377476949,0.7645760121124322,0.10344754288180567,0.06356128998739029,0.06841515501837181,5.0,0.9735333970565895
2017,2017/18,135,Islington,E09000019,1,Inner London,0.0,Inactive,79,114.65110851598708,255.52494310507245,0.9995963301631019,0.0003364204739654514,6.724936293264868e-05,0.0,51.442636183425115,False,False,0.0003364204739654514,6.724936293264868e-05,0.8334050335556167,0.16659496644438332,1.0,0.0,0.0,0.0,5.0,0.9114144848984163
2017,2017/18,135,Islington,E09000019,1,Inner London,1.0,Insufficiently Active,52,63.590790729019936,114.40701448938931,0.8708819770085596,0.10835613591652941,0.003186410650853792,0.017575476424057095,35.34563578631841,False,False,0.1259316123405865,0.020761887074910886,0.8584675724716027,0.14153242752839734,0.8667856328185264,0.11421835087768611,0.0,0.01899601630378751,5.0,0.8760708586554101
2017,2017/18,135,Islington,E09000019,1,Inner London,2.0,Active,353,594.1290407714444,1823.933392461829,0.7679338691264685,0.13556124123153265,0.026871091271573,0.06963379837042587,193.5319121558239,False,False,0.2051950396019585,0.09650488964199887,0.680129558254009,0.319870441745991,0.7677282894601026,0.13614655594544095,0.02647957224857758,0.06964558234587889,5.0,0.974815132007213
2017,2017/18,136,Kensington and Chelsea,E09000020,1,Inner London,0.0,Inactive,107,106.90972866244196,220.67745974764398,0.9995988250162576,0.0003343412507874574,6.683373295488087e-05,0.0,51.79364533082538,False,False,0.0003343412507874574,6.683373295488087e-05,0.8334050335556167,0.16659496644438332,1.0,0.0,0.0,0.0,5.0,0.9119619814703778
2017,2017/18,136,Kensington and Chelsea,E09000020,1,Inner London,1.0,Insufficiently Active,39,33.38954184227311,49.279995763387205,0.9570687285034056,0.036913632539052346,0.004654011093941751,0.0013636278636003458,22.623003252471833,False,False,0.03827726040265269,0.0060176389575420965,0.8641460067758999,0.13585399322410008,0.969717175948006,0.030282824051994242,0.0,0.0,5.0,0.818991441506181
2017,2017/18,136,Kensington and Chelsea,E09000020,1,Inner London,2.0,Active,373,384.7651322875373,710.0170120928751,0.7939663198064734,0.08560753796030496,0.054065171957157473,0.06636097027606437,208.5079716440384,False,False,0.15196850823636932,0.12042614223322184,0.5578982846189717,0.44210171538102827,0.7943997613998823,0.0849529277816901,0.054353885035068036,0.06629342578335964,5.0,0.976581670644429
2017,2017/18,139,Kingston upon Thames,E09000021,2,Outer London,0.0,Inactive,84,98.82030541345446,174.02450064037833,0.99962719390879,0.00031069847295460537,6.210761825539108e-05,0.0,56.115390224211744,False,False,0.00031069847295460537,6.210761825539108e-05,0.8334050335556167,0.16659496644438332,1.0,0.0,0.0,0.0,5.0,0.9181875468412017
2017,2017/18,139,Kingston upon Thames,E09000021,2,Outer London,1.0,Insufficiently Active,59,66.9944589288455,131.68597493561347,0.9040401241575577,0.08550337379071284,0.009492720755748574,0.0009637812959810081,34.08303374268411,False,False,0.08646715508669385,0.010456502051729582,0.8921161008524894,0.10788389914751062,0.9046563499931812,0.08823024091735229,0.007113409089466613,0.0,5.0,0.8720672496173371
2017,2017/18,139,Kingston upon Thames,E09000021,2,Outer London,2.0,Active,337,387.94076928821505,870.0094538302363,0.7432836486714806,0.10525504227677698,0.0646547154630263,0.08680659358871619,172.9843736908387,False,False,0.19206163586549319,0.1514613090517425,0.5590940538535678,0.4409059461464322,0.7423411512381664,0.10503390138316925,0.06530880168698662,0.08731614569167784,5.0,0.971907646180866
2017,2017/18,142,Lambeth,E09000022,1,Inner London,0.0,Inactive,88,172.1462357871235,543.2450465759824,0.9996173976159175,0.00031886275274477195,6.373963133777257e-05,0.0,54.55056918136304,False,False,0.00031886275274477195,6.373963133777257e-05,0.8334050335556167,0.16659496644438332,1.0,0.0,0.0,0.0,5.0,0.9160377462594463
2017,2017/18,142,Lambeth,E09000022,1,Inner London,1.0,Insufficiently Active,46,108.96082816706372,419.34174759654593,0.8697804297141993,0.10970431035086804,0.019384516085204917,0.0011307438497278623,28.312139544653768,False,False,0.1108350542005959,0.020515259934932778,0.8438126313594888,0.1561873686405112,0.8644719073388035,0.11726094826417066,0.018267144397025946,0.0,5.0,0.8499045672735108
2017,2017/18,142,Lambeth,E09000022,1,Inner London,2.0,Active,370,757.1575643652282,2862.202699024647,0.7574502170439796,0.11080238475591285,0.026031889464687746,0.10571550873541989,200.29593902306215,False,False,0.21651789349133274,0.13174739820010764,0.6217039097974927,0.3782960902025073,0.7569898757769807,0.11074987641932957,0.025632643056646972,0.10662760474704275,5.0,0.9756449152194953
2017,2017/18,147,Lewisham,E09000023,1,Inner London,0.0,Inactive,82,162.9217281581319,489.463651449833,0.9996153252162674,0.0003205899010446595,6.408488268793139e-05,0.0,54.22974602385317,False,False,0.0003205899010446595,6.408488268793139e-05,0.8334050335556167,0.16659496644438332,1.0,0.0,0.0,0.0,5.0,0.9155829572865907
2017,2017/18,147,Lewisham,E09000023,1,Inner London,1.0,Insufficiently Active,51,105.47703950906124,305.97271516828454,0.9462361556481753,0.03785173073924093,0.015001407889665268,0.0009107057229185589,36.36077765129191,False,False,0.03876243646215949,0.015912113612583826,0.7089667205156506,0.2910332794843494,0.9526161898054898,0.03385516299908075,0.013528647195429566,0.0,5.0,0.8791125243786652
2017,2017/18,147,Lewisham,E09000023,1,Inner London,2.0,Active,347,681.4637389770412,2305.7127402533056,0.825261066230143,0.09075110746729544,0.022254232679409486,0.06173359362315218,201.4096636728263,False,False,0.15248470109044762,0.08398782630256166,0.6448305127513745,0.3551694872486255,0.8264866765364449,0.09020111601700674,0.02176341353834243,0.06154879390820598,5.0,0.9757763279536885
2017,2017/18,160,Merton,E09000024,2,Outer London,0.0,Inactive,94,124.29663928488641,257.2724091600656,0.9996497527738115,0.0002918978012943939,5.8349424894112576e-05,0.0,60.0517349993211,False,False,0.0002918978012943939,5.8349424894112576e-05,0.8334050335556167,0.16659496644438332,1.0,0.0,0.0,0.0,5.0,0.923138099236674
2017,2017/18,160,Merton,E09000024,2,Outer London,1.0,Insufficiently Active,56,71.95122477153662,154.76113770026942,0.8505301563713746,0.11788242340042587,0.021726796817953253,0.009860623410246428,33.45141308117414,False,False,0.1277430468106723,0.03158742022819968,0.8017490263146391,0.19825097368536093,0.843159855081442,0.12550049178274633,0.021131193294512282,0.010208459841299528,5.0,0.869965767202246
2017,2017/18,160,Merton,E09000024,2,Outer London,2.0,Active,345,460.7399230777525,1079.268017349008,0.7194197393053043,0.15539785200759956,0.024323522453283168,0.10085888623381295,196.69004668471234,False,False,0.2562567382414125,0.12518240868709613,0.6718155184251224,0.32818448157487756,0.717984197040725,0.1564780293386697,0.02387352881736212,0.10166424480324314,5.0,0.9752094856330905
2017,2017/18,171,Newham,E09000025,1,Inner London,0.0,Inactive,142,333.7836900948873,1413.3944201036234,0.9976975379895003,0.0022571806776440434,4.5281332855654486e-05,0.0,78.82552116286945,False,False,0.0022571806776440434,4.5281332855654486e-05,0.9803335157543698,0.019666484245630222,0.9978405358349123,0.0021594641650877593,0.0,0.0,5.0,0.9403522944965029
2017,2017/18,171,Newham,E09000025,1,Inner London,1.0,Insufficiently Active,68,176.57272083449604,780.2222761106552,0.9407194512118212,0.028940780003734224,0.02950197440393814,0.0008377943805063039,39.96031220528117,False,False,0.029778574384240527,0.030339768784444443,0.4953325859411222,0.5046674140588778,0.9458345133807543,0.024189238932923216,0.02997624768632238,0.0,5.0,0.8887908078313415
2017,2017/18,171,Newham,E09000025,1,Inner London,2.0,Active,288,579.2815545023567,2030.957249750754,0.7639366020134398,0.13623640256825295,0.03532127008524843,0.06450572533305882,165.2260870719208,False,False,0.20074212790131177,0.09982699541830725,0.6678734185475422,0.33212658145245777,0.763574839760538,0.13694242232909395,0.03511839333805102,0.06436434457231703,5.0,0.9706272987530549
2017,2017/18,196,Redbridge,E09000026,2,Outer London,0.0,Inactive,118,234.65357204742438,789.5729568599351,0.9996951409901447,0.00025407103333818055,5.078797651711007e-05,0.0,69.73680949458286,False,False,0.00025407103333818055,5.078797651711007e-05,0.8334050335556167,0.16659496644438332,1.0,0.0,0.0,0.0,5.0,0.9330985623575165
2017,2017/18,196,Redbridge,E09000026,2,Outer London,1.0,Insufficiently Active,61,127.16340775953458,391.9740492637419,0.977825640803626,0.01858061722747947,0.0027793815996615275,0.0008143603692329309,41.25408889540345,False,False,0.019394977596712402,0.0035937419688944583,0.8436736783604508,0.15632632163954918,0.9872775627735343,0.012722437226465674,0.0,0.0,5.0,0.8919014487279874
2017,2017/18,196,Redbridge,E09000026,2,Outer London,2.0,Active,304,583.5633447330807,1989.341842513319,0.8069127278077396,0.12943635849400234,0.01681232063312751,0.0468385930651305,171.18534886182104,False,False,0.17627495155913284,0.06365091369825801,0.734705911636606,0.26529408836339397,0.8078188104164763,0.12991918405505357,0.01607589500327019,0.04618611052519996,5.0,0.9716207957568515
2017,2017/18,201,Richmond upon Thames,E09000027,2,Outer London,0.0,Inactive,69,79.99123407581686,144.10432733732847,0.9995388052566148,0.0003843620205866252,7.683272279858509e-05,0.0,44.40253562957818,False,False,0.0003843620205866252,7.683272279858509e-05,0.8334050335556167,0.16659496644438332,1.0,0.0,0.0,0.0,5.0,0.8987906200303125
2017,2017/18,201,Richmond upon Thames,E09000027,2,Outer London,1.0,Insufficiently Active,47,59.29524842142332,112.00888225617707,0.9320708920942797,0.06336118872693175,0.0035328052554011117,0.0010351139233874345,31.3897113741121,False,False,0.06439630265031919,0.004567919178788547,0.9337639277637646,0.0662360722362354,0.9372049528606107,0.06279504713938938,0.0,0.0,5.0,0.862598525484403
2017,2017/18,201,Richmond upon Thames,E09000027,2,Outer London,2.0,Active,383,488.97261799300117,1152.1672356051708,0.7605948642126187,0.12961601025341976,0.032184295437275995,0.07760483009668544,207.51694177568436,False,False,0.20722084035010518,0.10978912553396143,0.6536729524329457,0.34632704756705435,0.7602263099642429,0.13001863242098893,0.03194718031830726,0.07780787729646088,5.0,0.9764724639917057
2017,2017/18,241,Southwark,E09000028,1,Inner London,0.0,Inactive,87,159.155613813711,429.9874333217523,0.9899368077151409,0.010003800354462227,5.939193039700959e-05,0.0,58.90988304643016,False,False,0.010003800354462227,5.939193039700959e-05,0.9940981023997356,0.005901897600264383,0.9894694536777829,0.010530546322217194,0.0,0.0,5.0,0.9217648388377189
2017,2017/18,241,Southwark,E09000028,1,Inner London,1.0,Insufficiently Active,52,102.28873657772111,376.83170750030854,0.7859152871149149,0.20046036331258232,0.012474747123138234,0.0011496024493645443,27.765672108836153,False,False,0.20160996576194687,0.013624349572502779,0.9366999191028992,0.06330008089710082,0.7653999782460449,0.22450893844813324,0.010091083305821907,0.0,5.0,0.8474012685168874
2017,2017/18,241,Southwark,E09000028,1,Inner London,2.0,Active,381,761.0042112624479,2959.591807650817,0.7207885961969133,0.1348127782635394,0.08479900801356939,0.059599617525977845,195.67813644506074,False,False,0.19441239578951724,0.14439862553954724,0.5738077676071154,0.4261922323928846,0.7193806075703593,0.13537254831728987,0.08589196690223062,0.059354877210120095,5.0,0.9750844806087342
2017,2017/18,255,Sutton,E09000029,2,Outer London,0.0,Inactive,124,171.90185072009157,468.81246487910937,0.9749148045880806,0.025029402192484014,5.579321943542152e-05,0.0,63.03212583866054,False,False,0.025029402192484014,5.579321943542152e-05,0.9977758507151627,0.0022241492848372735,0.9732864002474105,0.026713599752589474,0.0,0.0,5.0,0.9265053099787358
2017,2017/18,255,Sutton,E09000029,2,Outer London,1.0,Insufficiently Active,67,97.36766930241491,207.5246942229315,0.8114145238375987,0.1361172557723371,0.03856702289843425,0.013901197491629904,45.68354171480013,False,False,0.150018453263967,0.05246822039006416,0.740880624669101,0.259119375330899,0.8017365273632604,0.1436913032565998,0.03997403620113434,0.014598133179005499,5.0,0.9013486463093808
2017,2017/18,255,Sutton,E09000029,2,Outer London,2.0,Active,309,377.4456947555387,784.2100110821457,0.7954912847111478,0.12070005904474375,0.007862765352863985,0.07594589089124441,181.66721984701633,False,False,0.19664594993598816,0.0838086562441084,0.7011685513544753,0.2988314486455247,0.7960307372996432,0.12091457856507595,0.006922512868661977,0.07613217126661874,5.0,0.9732143650926083
2017,2017/18,272,Tower Hamlets,E09000030,1,Inner London,0.0,Inactive,110,208.69396303069254,711.0916580116652,0.9911394158547707,0.00880328863551335,5.72955097159464e-05,0.0,61.24832110566201,False,False,0.00880328863551335,5.72955097159464e-05,0.9935336645105056,0.006466335489494379,0.9907880800043274,0.009211919995672635,0.0,0.0,5.0,0.9245263892495434
2017,2017/18,272,Tower Hamlets,E09000030,1,Inner London,1.0,Insufficiently Active,57,108.47649753612983,470.06027353449076,0.9374549656725644,0.05701033216930754,0.004280510251168765,0.0012541919069593217,25.033280156236312,False,False,0.05826452407626686,0.005534702158128087,0.9132481303488872,0.08675186965111281,0.9449680463535574,0.05503195364644265,0.0,0.0,5.0,0.8335180182121477
2017,2017/18,272,Tower Hamlets,E09000030,1,Inner London,2.0,Active,355,645.2350708706924,2247.2231211181597,0.7737075066074646,0.09983744271576665,0.031164494886055542,0.09529055579071326,185.2634448128824,False,False,0.1951279985064799,0.1264550506767688,0.6067732705503688,0.3932267294496312,0.7736485741044109,0.09948474541571799,0.030871374960815462,0.09599530551905566,5.0,0.9737206482048228
2017,2017/18,279,Waltham Forest,E09000031,2,Outer London,0.0,Inactive,110,227.75391689139616,822.0972425396614,0.9945081006218214,0.005436159288473822,5.574008970485472e-05,0.0,63.09697195812024,False,False,0.005436159288473822,5.574008970485472e-05,0.9898504896272625,0.01014951037273748,0.9944340034503797,0.005565996549620352,0.0,0.0,5.0,0.9265752961368825
2017,2017/18,279,Waltham Forest,E09000031,2,Outer London,1.0,Insufficiently Active,56,87.45041964185094,262.59026733841654,0.976805089944653,0.018323641383214385,0.003767414197101745,0.0011038544750309879,29.123607561890015,False,False,0.019427495858245374,0.004871268672132733,0.7995260760668422,0.20047392393315777,0.9900186890520559,0.009981310947944095,0.0,0.0,5.0,0.8534738746209206
2017,2017/18,279,Waltham Forest,E09000031,2,Outer London,2.0,Active,319,539.1579827532088,1621.3970397638673,0.8030394442579848,0.10289235285626817,0.035988768001954205,0.058079434883792885,179.2844832187706,False,False,0.16097178774006105,0.09406820288574709,0.6311629299588434,0.3688370700411566,0.8037965741963287,0.10261309072949719,0.03582041521998507,0.05776991985418917,5.0,0.9728680358070932
2017,2017/18,280,Wandsworth,E09000032,1,Inner London,0.0,Inactive,79,163.15600897504984,560.2795484367429,0.9995661128576516,0.0003616037284282219,7.228341392018167e-05,0.0,47.51178824738416,False,False,0.0003616037284282219,7.228341392018167e-05,0.8334050335556166,0.16659496644438343,1.0,0.0,0.0,0.0,5.0,0.9047832845370855
2017,2017/18,280,Wandsworth,E09000032,1,Inner London,1.0,Insufficiently Active,52,105.61353931761428,449.55114158914307,0.9289090463720147,0.024345089888268466,0.03595359088751047,0.010792272852206516,24.811903819804776,False,False,0.03513736274047498,0.04674586373971698,0.42911551304069473,0.5708844869593053,0.9347670191449439,0.01576648516817216,0.03801752726355283,0.011448968423331263,5.0,0.8322817613319154
2017,2017/18,280,Wandsworth,E09000032,1,Inner London,2.0,Active,383,771.2366704828287,3083.335301743229,0.7535898345787069,0.12042775738716231,0.03806659807968042,0.08791580995445039,192.90993151512035,False,False,0.2083435673416127,0.1259824080341308,0.6231749331096956,0.37682506689030437,0.7530118114681538,0.12062271705708896,0.03796399117411737,0.0884014803006399,5.0,0.974735982364695
2017,2017/18,293,Westminster,E09000033,1,Inner London,0.0,Inactive,110,158.63954373816603,358.0388928026394,0.9996973803811255,0.0002522047136227028,5.041490525181184e-05,0.0,70.28986331751938,False,False,0.0002522047136227028,5.041490525181184e-05,0.8334050335556166,0.16659496644438343,1.0,0.0,0.0,0.0,5.0,0.9335899976479763
2017,2017/18,293,Westminster,E09000033,1,Inner London,1.0,Insufficiently Active,54,87.11622762724824,223.15127104363748,0.8856805378272835,0.11005830123308319,0.003295560007180072,0.0009656009324532022,34.00938332329035,False,False,0.1110239021655364,0.004261160939633274,0.9630380482530856,0.03696195174691441,0.8835989039137918,0.11640109608620818,0.0,0.0,5.0,0.8718257102768714
2017,2017/18,293,Westminster,E09000033,1,Inner London,2.0,Active,345,576.4002302194478,1730.538341481614,0.7682204674706666,0.1534309922586636,0.020997438439526478,0.05735110183114339,191.9848970884892,False,False,0.210782094089807,0.07834854027066987,0.7290202733308849,0.2709797266691151,0.7680206953282075,0.15448641814895053,0.02044979281260273,0.057043093710239294,5.0,0.9746173433907783
2018,2018/19,8,Barking and Dagenham,E09000002,2,Outer London,0.0,Inactive,173,246.3554457895026,662.8763592369988,0.9807346459749882,0.019144001256071075,8.420840999089299e-05,3.714435894988645e-05,91.55705257010929,False,False,0.01918114561502096,0.00012135276894077944,0.9937131056028679,0.006286894397132148,0.9800073309693546,0.019992669030645463,0.0,0.0,5.0,0.9482171434720469
2018,2018/19,8,Barking and Dagenham,E09000002,2,Outer London,1.0,Insufficiently Active,65,63.804983597097355,105.34499046901995,0.8891313335493786,0.07536563384710986,0.026679038244608273,0.008823994358903232,38.645178225376476,False,False,0.08418962820601308,0.03550303260351151,0.7033817080897717,0.29661829191022826,0.8898988404373226,0.07485064588173942,0.026686557765025442,0.008563955915912518,5.0,0.885439807939818
2018,2018/19,8,Barking and Dagenham,E09000002,2,Outer London,2.0,Active,256,311.49613632218075,595.5768950380409,0.7683451945083632,0.10350823097636502,0.023651561559560826,0.10449501295571083,162.91740621914,False,False,0.20800324393207587,0.12814657451527164,0.6187813662753956,0.3812186337246044,0.7685967503577483,0.10311901635373244,0.022978631697907165,0.10530560159061209,5.0,0.970223456206352
2018,2018/19,9,Barnet,E09000003,2,Outer London,0.0,Inactive,117,293.31102073517394,1202.6985440994508,0.9854346754624229,0.0002354374820364931,0.00010624213015585463,0.01422364492538475,71.53193566815837,False,False,0.014459082407421244,0.014329887055540605,0.5022438342582366,0.4977561657417634,0.9848322778009287,0.0,0.0,0.0151677221990713,5.0,0.9346677964388626
2018,2018/19,9,Barnet,E09000003,2,Outer London,1.0,Insufficiently Active,63,182.61610061423943,857.776984816628,0.8892736158624912,0.050596166647670617,0.019671626597015972,0.0404585908928224,38.8779843640584,False,False,0.09105475754049303,0.06013021748983838,0.6022738537491917,0.39772614625080827,0.8900548253962713,0.04689872347888967,0.018777895463583223,0.044268555661255884,5.0,0.8860476370447037
2018,2018/19,9,Barnet,E09000003,2,Outer London,2.0,Active,291,734.7508027497851,3188.305430026209,0.7682355620204745,0.08863261872679598,0.06688615905757624,0.07624566019515311,169.3246628937353,False,False,0.1648782789219491,0.14313181925272933,0.5353015368620916,0.4646984631379084,0.7684743616340133,0.08781886900082618,0.06751537040836995,0.0761913989567904,5.0,0.9713178851632261
2018,2018/19,17,Bexley,E09000004,2,Outer London,0.0,Inactive,110,203.72307651183368,700.7458813225018,0.9948630197593451,0.00028054369638139977,0.004800594786485733,5.5841757787638855e-05,59.227022248234405,False,False,0.0003363854541690386,0.0048564365442733725,0.06477893027527953,0.9352210697247205,0.9949314184490341,0.0,0.00506858155096579,0.0,5.0,0.9221511472122242
2018,2018/19,17,Bexley,E09000004,2,Outer London,1.0,Insufficiently Active,57,84.37751821842193,179.67396712522378,0.8828155065879074,0.09535895518111413,0.01611042922051917,0.005715109010459342,39.624914474884065,False,False,0.10107406419157347,0.021825538230978513,0.8224116449462692,0.17758835505373083,0.882767085175294,0.09737952244353953,0.014784181514746465,0.005069210866420008,5.0,0.8879549673352514
2018,2018/19,17,Bexley,E09000004,2,Outer London,2.0,Active,322,510.52593495132993,1280.1309880036767,0.7573226195063503,0.11074011909628118,0.0680807201224606,0.06385654127490788,203.60161006990714,False,False,0.17459666037118904,0.13193726139736847,0.5695834880650333,0.43041651193496666,0.7572532190310586,0.11060627734437693,0.06863333758529817,0.06350716603926625,5.0,0.9760308657333738
2018,2018/19,30,Brent,E09000005,2,Outer London,0.0,Inactive,140,321.1218867699285,1315.1139927161935,0.9996435003885624,0.00021602077366855878,9.748026080616205e-05,4.29985769628499e-05,78.4108957351291,False,False,0.00025901935063140865,0.00014047883776901197,0.648361765214793,0.35163823478520695,1.0,0.0,0.0,0.0,5.0,0.940055793000024
2018,2018/19,30,Brent,E09000005,2,Outer London,1.0,Insufficiently Active,65,127.3466180421955,377.1320610864689,0.9125682143597157,0.06930035588004141,0.017002934760640884,0.0011284949996019868,43.001279392861164,False,False,0.0704288508796434,0.01813142976024287,0.7952645403872317,0.2047354596127683,0.915983109139564,0.06813229315609033,0.015884597704345537,0.0,5.0,0.8958361097195336
2018,2018/19,30,Brent,E09000005,2,Outer London,2.0,Active,297,608.2734693873468,2229.970221531364,0.7530603959759978,0.13602512223464333,0.04264526975802045,0.06826921203133844,165.91997955310617,False,False,0.20429433426598176,0.11091448178935889,0.6481237955924245,0.3518762044075755,0.7528467920070471,0.13662284783572312,0.042556893140115744,0.0679734670171141,5.0,0.9707465445931296
2018,2018/19,35,Bromley,E09000006,2,Outer London,0.0,Inactive,94,209.0333118255029,691.0256685415994,0.9948857810540704,0.0002640768247387918,0.004797578066911173,5.256405427960302e-05,63.23198607796364,False,False,0.00031664087901839483,0.004850142121190776,0.06128395154307352,0.9387160484569265,0.9949516473576284,0.0,0.005048352642371583,0.0,5.0,0.926720585352933
2018,2018/19,35,Bromley,E09000006,2,Outer London,1.0,Insufficiently Active,49,104.8281488842887,373.43984522849206,0.9346494759511683,0.05991067200769709,0.0038663673845434413,0.0015734846565912245,29.42626754727506,False,False,0.06148415666428832,0.005439852041134665,0.9187159862900762,0.08128401370992377,0.9433917043724065,0.05660829562759356,0.0,0.0,5.0,0.8547620652417847
2018,2018/19,35,Bromley,E09000006,2,Outer London,2.0,Active,344,755.0432133683416,2667.4761141041263,0.7529611976125962,0.14072090226913264,0.0555907230050071,0.05072717711326413,213.71897241713683,False,False,0.19144807938239677,0.10631790011827123,0.642948128941531,0.35705187105846903,0.7527930461491518,0.14129480321154678,0.0558249737083162,0.05008717693098533,5.0,0.9771396146171348
2018,2018/19,44,Camden,E09000007,1,Inner London,0.0,Inactive,85,149.33832699783736,456.60255816693973,0.97879962619523,0.006968333879489409,0.014165428933221562,6.66109920590305e-05,48.84321279330005,False,False,0.00703494487154844,0.014232039925280592,0.3307918324461947,0.6692081675538053,0.9772381826958564,0.0073127662418639135,0.015449051062279624,0.0,5.0,0.907137785050186
2018,2018/19,44,Camden,E09000007,1,Inner London,1.0,Insufficiently Active,60,122.00905397374541,402.4228812673952,0.8006250295219355,0.1503351861593521,0.04774977902007314,0.0012900052986392684,36.991458350195,False,False,0.15162519145799136,0.04903978431871241,0.7556136334759138,0.24438636652408618,0.789463775057329,0.15993053534767832,0.050605689594992606,0.0,5.0,0.8809281650019954
2018,2018/19,44,Camden,E09000007,1,Inner London,2.0,Active,346,621.1321919936411,1847.6731270111566,0.7962522820384157,0.07985681999571258,0.020001540531314928,0.10388935743455684,208.80598104217373,False,False,0.18374617743026941,0.12389089796587177,0.5972822917837888,0.4027177082162112,0.7971168083477213,0.07898679275425904,0.019389095944569973,0.10450730295344977,5.0,0.9766143118371711
2018,2018/19,68,Croydon,E09000008,2,Outer London,0.0,Inactive,104,288.47982155004587,1402.8418521859082,0.9941047437855134,0.00028012564904461584,0.0055593720192837655,5.575854615812956e-05,59.322871863191104,False,False,0.0003358841952027454,0.005615130565441895,0.05644149925891982,0.9435585007410802,0.9941091210322421,0.0,0.005890878967757802,0.0,5.0,0.9222671523337058
2018,2018/19,68,Croydon,E09000008,2,Outer London,1.0,Insufficiently Active,65,167.55022504000237,778.4033267618743,0.9451888888961756,0.050250681910624935,0.003241318800359943,0.0013191103928395299,36.06495109384782,False,False,0.051569792303464465,0.0045604291931994724,0.9187526955782542,0.08124730442174577,0.9537830560253986,0.04621694397460137,0.0,0.0,5.0,0.8782416667543754
2018,2018/19,68,Croydon,E09000008,2,Outer London,2.0,Active,318,768.8090310022627,3139.896695984181,0.7865016649541574,0.10391237197727568,0.05061477333321801,0.05897118973534876,188.2441950738675,False,False,0.16288356171262444,0.10958596306856677,0.5978046970332896,0.40219530296671036,0.7872016343671762,0.10358625763545909,0.0507485573855251,0.05846355061183961,5.0,0.9741260015697302
2018,2018/19,78,Ealing,E09000009,2,Outer London,0.0,Inactive,116,270.06803660061524,1196.8614596587918,0.9995490453553829,0.0002732557570730466,0.00012330778199662928,5.439110554744454e-05,60.940005883475,False,False,0.0003276468626204911,0.00017769888754407383,0.648361765214793,0.35163823478520695,1.0,0.0,0.0,0.0,5.0,0.9241734978180668
2018,2018/19,78,Ealing,E09000009,2,Outer London,1.0,Insufficiently Active,62,168.42827424989855,1007.8583910538536,0.8518874139885354,0.09796980766098608,0.03826537895405679,0.01187739939642176,28.14689426471544,False,False,0.10984720705740783,0.05014277835047855,0.6865880184772686,0.3134119815227314,0.8463251961517108,0.10127813242633861,0.04033389479834019,0.012062776623610483,5.0,0.8491563052613814
2018,2018/19,78,Ealing,E09000009,2,Outer London,2.0,Active,312,633.4476511591857,2486.560652559877,0.7918160204604732,0.09275063187071719,0.033055804270133604,0.08237754339867588,161.36985291149142,False,False,0.17512817526939306,0.11543334766880949,0.6027232150302289,0.39727678496977115,0.7927972257686818,0.0920243634246873,0.032667808786804406,0.08251060201982631,5.0,0.9699464782080441
2018,2018/19,91,Enfield,E09000010,2,Outer London,0.0,Inactive,104,193.992149854065,532.5444536183674,0.9996070120257635,0.00023813088012824527,0.00010745753710019628,4.739955700804824e-05,70.66631517670557,False,False,0.0002855304371362935,0.00015485709410824452,0.648361765214793,0.35163823478520695,1.0,0.0,0.0,0.0,5.0,0.9339203978900866
2018,2018/19,91,Enfield,E09000010,2,Outer London,1.0,Insufficiently Active,67,130.24397939558594,472.58960899547156,0.8052049227481051,0.14373646169193036,0.021889997198163022,0.029168618361801558,35.89476756557371,False,False,0.17290508005373192,0.051058615559964576,0.772022802981279,0.227977197018721,0.7943406202332565,0.1527058006611906,0.021230998306964673,0.03172258079858829,5.0,0.8777349695903607
2018,2018/19,91,Enfield,E09000010,2,Outer London,2.0,Active,321,706.2134415126368,2716.386333959257,0.7945930409297729,0.0984489259651277,0.05660041496076304,0.05035761814433638,183.6032742243221,False,False,0.1488065441094641,0.10695803310509942,0.5818106077474082,0.4181893922525918,0.7955310528434258,0.09796578446227155,0.05690058542128902,0.049602577273013614,5.0,0.9734893255667817
2018,2018/19,107,Greenwich,E09000011,2,Outer London,0.0,Inactive,101,199.04071411896243,597.9055214428729,0.9995827117362925,0.000252855629226076,0.00011410214057043536,5.033049391096463e-05,66.25997662871853,False,False,0.0003031861231370406,0.00016443263448139998,0.6483617652147929,0.35163823478520706,1.0,0.0,0.0,0.0,5.0,0.929834386193372
2018,2018/19,107,Greenwich,E09000011,2,Outer London,1.0,Insufficiently Active,66,124.43899938818855,460.7251744607933,0.8733158952223152,0.11426056064628053,0.011020567563806274,0.001402976567598112,33.61019850251602,False,False,0.11566353721387863,0.012423544131404386,0.9030070480104518,0.09699295198954816,0.8718456048532232,0.11945460412320676,0.008699791023570129,0.0,5.0,0.870500536285143
2018,2018/19,107,Greenwich,E09000011,2,Outer London,2.0,Active,319,567.3939947662305,2054.7501406629717,0.8321904565022453,0.0848207534734598,0.03620900696862387,0.04677978305567098,156.67887736117035,False,False,0.13160053652913078,0.08298879002429485,0.6132669254468563,0.38673307455314365,0.8344894845686779,0.08381967900229909,0.035910021161655654,0.04578081526736742,5.0,0.9690745007535485
2018,2018/19,109,Hackney,E09000012,1,Inner London,0.0,Inactive,97,198.36803882963557,776.9990007927752,0.9994655979564536,0.00032382066962548847,0.00014612540633684903,6.445596758400893e-05,50.64340982287875,False,False,0.0003882766372094974,0.00021058137392085798,0.648361765214793,0.35163823478520695,1.0,0.0,0.0,0.0,5.0,0.9101420992006827
2018,2018/19,109,Hackney,E09000012,1,Inner London,1.0,Insufficiently Active,51,90.52482819833759,273.09662863028495,0.9373627025945082,0.049748145506397785,0.011341759154307293,0.0015473927447867699,30.006758272481225,False,False,0.051295538251184554,0.012889151899094063,0.79918650586431,0.20081349413569005,0.9463879122902789,0.04481628175539262,0.008795805954328486,0.0,5.0,0.8571704366030803
2018,2018/19,109,Hackney,E09000012,1,Inner London,2.0,Active,349,601.4028952194342,1773.681995196585,0.7731673112804766,0.10772191335910009,0.02100462699962013,0.09810614836080325,203.91786315575166,False,False,0.20582806171990334,0.11911077536042339,0.6334363216454224,0.3665636783545776,0.7734865251509746,0.10751427375257946,0.020402096850832344,0.0985971042456137,5.0,0.9760671494314853
2018,2018/19,112,Hammersmith and Fulham,E09000013,1,Inner London,0.0,Inactive,86,109.6760084215974,253.8256975520435,0.98647037206511,0.013305969948923456,0.00015519945316776285,6.845853279871841e-05,47.390106436437385,False,False,0.013374428481722175,0.00022365798596648125,0.9835522456414783,0.01644775435852175,0.9856703698999731,0.014329630100026804,0.0,0.0,5.0,0.9045621331946275
2018,2018/19,112,Hammersmith and Fulham,E09000013,1,Inner London,1.0,Insufficiently Active,47,53.72289318402834,102.04091347725584,0.7422135310384624,0.12578131536642267,0.1037349508105325,0.028270202784582425,28.284235741439335,False,False,0.1540515181510051,0.13200515359511492,0.5385349595611891,0.46146504043881087,0.7172905110733874,0.13399000829393695,0.11736693152095387,0.03135254911172182,5.0,0.8497787349290125
2018,2018/19,112,Hammersmith and Fulham,E09000013,1,Inner London,2.0,Active,373,443.4594734558911,992.7074526549321,0.7083011746727309,0.14874203950335105,0.05072418500117308,0.09223260082274497,198.10096526608274,False,False,0.240974640326096,0.14295678582391805,0.6276502102017032,0.3723497897982968,0.706992562812466,0.14956363674107503,0.05085407396736504,0.09258972647909385,5.0,0.9753817024283982
2018,2018/19,114,Haringey,E09000014,1,Inner London,0.0,Inactive,94,169.95994467994169,502.66007684702515,0.9961822779709211,0.0002884479318057403,0.0034718590145248114,5.741508274826258e-05,57.46703214785018,False,False,0.0003458630145540029,0.003529274097273074,0.0892518134386561,0.9107481865613439,0.9963675553617292,0.0,0.0036324446382707087,0.0,5.0,0.9199577788782131
2018,2018/19,114,Haringey,E09000014,1,Inner London,1.0,Insufficiently Active,61,97.79525665216234,269.9013111168885,0.8183157510004437,0.16063262048680393,0.019711962234454133,0.0013396662782982044,35.434849071631135,False,False,0.16197228676510214,0.021051628512752336,0.8849788101145516,0.1150211898854484,0.8091604284642853,0.17210249102784128,0.018737080507873385,0.0,5.0,0.8763442892752635
2018,2018/19,114,Haringey,E09000014,1,Inner London,2.0,Active,340,592.5846625188203,1851.461658187395,0.7250876134232982,0.10003055501536065,0.06844352738036004,0.10643830418098107,189.66451759866905,False,False,0.20646885919634173,0.17488183156134113,0.5414146721122259,0.45858532788777406,0.7241633230966531,0.09960454904645373,0.06904631720590819,0.10718581065098501,5.0,0.9743147849352378
2018,2018/19,117,Harrow,E09000015,2,Outer London,0.0,Inactive,115,187.36844805616212,609.8420775022848,0.9995247362029009,0.00028798587670826506,0.00012995480894390874,5.732311144692676e-05,57.56725654412259,False,False,0.0003453089881551918,0.0001872779203908355,0.648361765214793,0.35163823478520695,1.0,0.0,0.0,0.0,5.0,0.9200859958359532
2018,2018/19,117,Harrow,E09000015,2,Outer London,1.0,Insufficiently Active,55,94.7030517846379,287.5500161067207,0.8543492131386088,0.03489135867043084,0.08430127380929377,0.026458154381666647,31.1899409318593,False,False,0.06134951305209749,0.11075942819096041,0.3564574426465019,0.6435425573534981,0.8497243194302433,0.027764920756532276,0.09354790148519061,0.028962858328033962,5.0,0.8618400618720459
2018,2018/19,117,Harrow,E09000015,2,Outer London,2.0,Active,312,498.89888654109757,1473.7076461025613,0.7457828000300094,0.14366014117981216,0.04278569583226609,0.06777136295791239,168.89380987484202,False,False,0.21143150413772455,0.11055705879017848,0.6566429012730695,0.34335709872693054,0.7453575082686124,0.14447337237127592,0.04270303255245234,0.06746608680765932,5.0,0.9712468200932587
2018,2018/19,122,Havering,E09000016,2,Outer London,0.0,Inactive,117,196.3683513059053,499.33654702480106,0.9996383522703166,0.00021914027352417753,9.888794792044424e-05,4.361950823880775e-05,77.22352714688077,False,False,0.0002627597817629853,0.000142507456159252,0.648361765214793,0.35163823478520695,1.0,0.0,0.0,0.0,5.0,0.9391901542843303
2018,2018/19,122,Havering,E09000016,2,Outer London,1.0,Insufficiently Active,53,100.62122466160646,262.3573549001136,0.9257430598930155,0.0499551009958587,0.0030534885485877625,0.021248350562537967,38.59099302268921,False,False,0.07120345155839666,0.02430183911112573,0.7455445772609859,0.2544554227390141,0.9312552028966153,0.04614710191494572,0.0,0.022597695188438953,5.0,0.8852974054204847
2018,2018/19,122,Havering,E09000016,2,Outer London,2.0,Active,337,550.2189012172024,1418.8175010975424,0.7741894077487871,0.149720296369512,0.03742009892766446,0.03867019695403634,213.375461623836,False,False,0.18839049332354835,0.0760902958817008,0.7123031275339576,0.28769687246604236,0.7745184235229952,0.1505060028837851,0.03722893683021856,0.037746636763001086,5.0,0.9771036545827078
2018,2018/19,126,Hillingdon,E09000017,2,Outer London,0.0,Inactive,126,228.5927667390433,664.9315071486786,0.9924505654090975,0.00740925091382116,9.727544461276346e-05,4.29082324686697e-05,78.5865197296577,False,False,0.00745215914628983,0.00014018367708143315,0.9815361766002043,0.018463823399795687,0.9923486239939179,0.007651376006082179,0.0,0.0,5.0,0.9401817420300378
2018,2018/19,126,Hillingdon,E09000017,2,Outer London,1.0,Insufficiently Active,64,142.33313504655086,558.4404192379136,0.921700436890134,0.0457523442823561,0.0312348951387545,0.001312323688755371,36.27731918084679,False,False,0.04706466797111147,0.03254721882750987,0.5911763916632421,0.4088236083367579,0.9270069468948537,0.04112222680614208,0.031870826299004125,0.0,5.0,0.8788681024052535
2018,2018/19,126,Hillingdon,E09000017,2,Outer London,2.0,Active,316,558.4125866893294,1802.4026915296542,0.7889796956239941,0.08655543810532905,0.05268037764801123,0.07178448862266557,173.00496633659043,False,False,0.15833992672799463,0.1244648662706768,0.559891241761021,0.440108758238979,0.7898129395194251,0.08569896673184975,0.05288564396819965,0.07160244978052546,5.0,0.9719108960671048
2018,2018/19,129,Hounslow,E09000018,2,Outer London,0.0,Inactive,124,201.31727047212976,537.677279704905,0.9996300452433803,0.00022417391263089055,0.0001011593982286416,4.462144576017454e-05,75.37726610392036,False,False,0.0002687953583910651,0.00014578084398881615,0.648361765214793,0.35163823478520695,1.0,0.0,0.0,0.0,5.0,0.9377933557290259
2018,2018/19,129,Hounslow,E09000018,2,Outer London,1.0,Insufficiently Active,62,98.78365006150747,325.9288303316601,0.9181626530366658,0.07647743165967172,0.003809552457914577,0.0015503628457479875,29.93969422571352,False,False,0.0780277945054197,0.0053599153036625645,0.9357229582640633,0.06427704173593674,0.9240016250913667,0.07599837490863327,0.0,0.0,5.0,0.8568962862783068
2018,2018/19,129,Hounslow,E09000018,2,Outer London,2.0,Active,337,543.6570361336996,1573.5535560837818,0.726007987721937,0.1124265894848001,0.07441450964106222,0.08715091315220062,187.83153061105085,False,False,0.19957750263700072,0.16156542279326286,0.5526274740097019,0.4473725259902981,0.7250991775404102,0.11232640372696452,0.07518212704965403,0.08739229168297116,5.0,0.9740706305438959
2018,2018/19,135,Islington,E09000019,1,Inner London,0.0,Inactive,94,131.76824936786366,296.3553702728495,0.9872112172309399,0.01260451114929442,0.00012786869424037065,5.640292552526841e-05,58.588010487158684,False,False,0.012660914074819687,0.00018427161976563905,0.9856544214971283,0.014345578502871659,0.9866273441544925,0.01337265584550741,0.0,0.0,5.0,0.9213688246936154
2018,2018/19,135,Islington,E09000019,1,Inner London,1.0,Insufficiently Active,44,64.3093861985088,165.86609784739858,0.831853752188374,0.16189001381494833,0.00444660974083793,0.001809624255839765,24.933950981555682,False,False,0.1636996380707881,0.006256233996677695,0.9631890683118368,0.036810931688163184,0.8215574511119368,0.17844254888806324,0.0,0.0,5.0,0.8329655846940874
2018,2018/19,135,Islington,E09000019,1,Inner London,2.0,Active,353,598.7029135421006,1787.0391722946174,0.7347067402546121,0.15970521929621873,0.036051451996979025,0.06953658845219002,200.58048208509305,False,False,0.22924180774840874,0.10558804044916904,0.684651649135942,0.315348350864058,0.7340725337583204,0.1607899464967701,0.03581397856513873,0.06932354117977071,5.0,0.9756786249877047
2018,2018/19,136,Kensington and Chelsea,E09000020,1,Inner London,0.0,Inactive,98,110.06588757978497,202.07594597391943,0.9995421732681501,0.0002774198951341416,0.00012518686638899985,5.5219970326804353e-05,59.95023084187071,False,False,0.000332639865460946,0.0001804068367158042,0.648361765214793,0.35163823478520695,1.0,0.0,0.0,0.0,5.0,0.9230179795330812
2018,2018/19,136,Kensington and Chelsea,E09000020,1,Inner London,1.0,Insufficiently Active,45,51.02777209706557,99.38644230608848,0.9272846740736701,0.04103217449578311,0.020507742137277758,0.01117540929326901,26.19908173361138,False,False,0.05220758378905212,0.03168315143054677,0.6223283614381195,0.37767163856188046,0.9356982186908643,0.033720120569231564,0.01934106432617157,0.011240596413732562,5.0,0.8397388729997972
2018,2018/19,136,Kensington and Chelsea,E09000020,1,Inner London,2.0,Active,338,368.75422592311133,691.846749102031,0.7586902534764034,0.11865641046110095,0.06311511650814822,0.05953821955434757,196.54595372840188,False,False,0.17819463001544852,0.12265333606249579,0.5923079100002342,0.4076920899997658,0.7586531533554371,0.1187191492781964,0.06356125027712972,0.05906644708923683,5.0,0.975191761940615
2018,2018/19,139,Kingston upon Thames,E09000021,2,Outer London,0.0,Inactive,79,87.56802984318438,149.34178340470461,0.9696374718031103,0.03015457400634082,0.00014430236648005308,6.365182406879351e-05,51.346379263710226,False,False,0.030218225830409614,0.0002079541905488466,0.9931652875778161,0.0068347124221839195,0.9672599587084042,0.03274004129159573,0.0,0.0,5.0,0.911263153634075
2018,2018/19,139,Kingston upon Thames,E09000021,2,Outer London,1.0,Insufficiently Active,60,73.00726033060228,209.8050099978495,0.9050915970803539,0.06699776340536644,0.026129040720612777,0.0017815987936669624,25.40482737297344,False,False,0.0687793621990334,0.027910639514279738,0.7113389283306141,0.2886610716693859,0.9094002962311745,0.06456747120113505,0.026032232567690508,0.0,5.0,0.8355524292683716
2018,2018/19,139,Kingston upon Thames,E09000021,2,Outer London,2.0,Active,363,398.50486092571197,723.4031873711461,0.7796590746801355,0.10452794740630425,0.044487569263238026,0.07132540865032222,219.5264369217448,False,False,0.17585335605662647,0.11581297791356024,0.6029264799364937,0.39707352006350627,0.780103450440649,0.10426232447974551,0.04446273421746367,0.07117149086214182,5.0,0.977730907466622
2018,2018/19,142,Lambeth,E09000022,1,Inner London,0.0,Inactive,95,197.9226817789882,628.4505801811404,0.9995583766225787,0.0002676014800576273,0.00012075626628463095,5.326563107900379e-05,62.333283153777266,False,False,0.0003208671111366311,0.00017402189736363474,0.648361765214793,0.35163823478520695,1.0,0.0,0.0,0.0,5.0,0.9257425189177113
2018,2018/19,142,Lambeth,E09000022,1,Inner London,1.0,Insufficiently Active,44,90.79977097254734,330.00581447023177,0.9478597866908661,0.020077464222173547,0.030256096714913198,0.0018066523720472608,24.98319134740808,False,False,0.021884116594220807,0.03206274908696046,0.4056605757886473,0.5943394242113527,0.9608005956405913,0.00821578307385659,0.030983621285552213,0.0,5.0,0.833239899580195
2018,2018/19,142,Lambeth,E09000022,1,Inner London,2.0,Active,360,777.066743824657,2852.222996361966,0.6774424820697624,0.138031332362803,0.06259806857067002,0.12192811699676466,211.70600094328134,False,False,0.25995944935956766,0.18452618556743466,0.5848545575657595,0.41514544243424045,0.6754891565435637,0.1385471688042064,0.06300004370150405,0.12296363095072588,5.0,0.9769272656122308
2018,2018/19,147,Lewisham,E09000023,1,Inner London,0.0,Inactive,79,177.1121047905673,760.1193023743613,0.9993573123499244,0.00038943628251571547,0.00017573472098225088,7.751664657756647e-05,41.26812405021087,False,False,0.00046695292909328193,0.00025325136755981735,0.648361765214793,0.35163823478520695,1.0,0.0,0.0,0.0,5.0,0.8919342397678816
2018,2018/19,147,Lewisham,E09000023,1,Inner London,1.0,Insufficiently Active,56,94.4729957468485,273.09468687290183,0.8807993267968414,0.032378044363313645,0.08538507490972379,0.0014375539301212975,32.681510678887044,False,False,0.033815598293434945,0.08682262883984508,0.2803058292300315,0.7196941707699684,0.8804321591525182,0.025192337697790477,0.09437550314969137,0.0,5.0,0.867308929235645
2018,2018/19,147,Lewisham,E09000023,1,Inner London,2.0,Active,377,704.6801766061396,2219.6096482751577,0.7442738684328599,0.17103693813737816,0.027484479815239642,0.05720471361452231,223.72138798709236,False,False,0.22824165175190048,0.08468919342976196,0.7293677030124716,0.27063229698752844,0.743919079806745,0.1722627203546735,0.027080104546680854,0.0567380952919007,5.0,0.9781393421751963
2018,2018/19,160,Merton,E09000024,2,Outer London,0.0,Inactive,92,125.5565509770399,320.25503098130616,0.9994516157838002,0.0003322931606388434,0.00014994865268317908,6.614240287779115e-05,49.22466774353411,False,False,0.00039843556351663455,0.00021609105556097023,0.648361765214793,0.35163823478520695,1.0,0.0,0.0,0.0,5.0,0.9077910440383249
2018,2018/19,160,Merton,E09000024,2,Outer London,1.0,Insufficiently Active,56,77.85979749985655,219.38847156168936,0.9046679422777864,0.07149766582182018,0.022174390682926738,0.0016600012174667535,27.632026530683344,False,False,0.07315766703928693,0.023834391900393492,0.7542645020535531,0.2457354979464469,0.908552691157737,0.07007751512138069,0.02136979372088238,0.0,5.0,0.8467762952050009
2018,2018/19,160,Merton,E09000024,2,Outer London,2.0,Active,363,444.84935812843946,1001.0224151889765,0.7841075791154778,0.10752133505423213,0.03272951985466392,0.07564156597562612,197.68883136340762,False,False,0.18316290102985824,0.10837108583029004,0.6282728919620726,0.3717271080379274,0.7847135554304291,0.10730207979285195,0.03240455361499604,0.07557981116172287,5.0,0.975331645229947
2018,2018/19,171,Newham,E09000025,1,Inner London,0.0,Inactive,132,318.44358086028393,1168.0490969908296,0.9932622174959739,0.006610164655400045,8.855583776990012e-05,3.9062010856027563e-05,86.81682512521675,False,False,0.006649226666256072,0.00012761784862592768,0.9811685440995911,0.01883145590040891,0.993216685301089,0.006783314698910952,0.0,0.0,5.0,0.9455437498173002
2018,2018/19,171,Newham,E09000025,1,Inner London,1.0,Insufficiently Active,56,130.50324818551152,557.599083052185,0.8901867038791348,0.08030821239821609,0.023411298506191468,0.006093785216457697,30.543625885724953,False,False,0.08640199761467379,0.029505083722649164,0.7454419231144223,0.25455807688557774,0.8913305527546184,0.08046572778515368,0.022885882645434293,0.00531783681479364,5.0,0.8593278013876435
2018,2018/19,171,Newham,E09000025,1,Inner London,2.0,Active,293,634.523512782651,2451.8771799118335,0.8217885027436206,0.07112214558204821,0.021000949864358406,0.08608840180997299,164.2089137142313,False,False,0.1572105473920212,0.1070893516743314,0.5948187946623219,0.4051812053376781,0.8236653762988143,0.06974986767912268,0.02025260409356861,0.08633215192849453,5.0,0.9704507292775116
2018,2018/19,196,Redbridge,E09000026,2,Outer London,0.0,Inactive,124,232.68117616856992,658.5750081312752,0.9880864314067621,0.00020661363816922845,0.011665828852835437,4.112610223322724e-05,82.20860050066935,False,False,0.0002477397404024557,0.011706954955068665,0.02072321767416684,0.9792767823258332,0.9877235509919968,0.0,0.012276449008003175,0.0,5.0,0.9426662052676602
2018,2018/19,196,Redbridge,E09000026,2,Outer London,1.0,Insufficiently Active,63,139.80343628076636,496.7555414047908,0.9266289976935131,0.06914792208510319,0.003001548480877955,0.0012215317405057876,39.34531005057009,False,False,0.07036945382560898,0.004223080221383743,0.9433846795079622,0.05661532049203777,0.9321480483990577,0.0678519516009423,0.0,0.0,5.0,0.8872485051001302
2018,2018/19,196,Redbridge,E09000026,2,Outer London,2.0,Active,299,566.3206582331123,1798.649702017407,0.7651570483620258,0.12252631858380705,0.034472748932292324,0.07784388412187485,178.31103387272114,False,False,0.2003702027056819,0.11231663305416717,0.640801529807833,0.359198470192167,0.7652974888901607,0.12270398903171642,0.0341613489613629,0.07783717311676,5.0,0.9727239550485998
2018,2018/19,201,Richmond upon Thames,E09000027,2,Outer London,0.0,Inactive,72,97.99628068469984,211.5690667673033,0.9950347183896876,0.004732749369147886,0.00016135742489434195,7.117481627016792e-05,45.390714128340626,False,False,0.004803924185418054,0.0002325322411645099,0.9538301890318761,0.04616981096812389,0.9951428802452995,0.004857119754700482,0.0,0.0,5.0,0.9007753693018629
2018,2018/19,201,Richmond upon Thames,E09000027,2,Outer London,1.0,Insufficiently Active,52,61.03580821605198,102.66217805071602,0.891625860055998,0.10383830971652236,0.003223835119180106,0.001311995108299529,36.28765681112194,False,False,0.10515030482482189,0.004535830227479635,0.9586471870367498,0.04135281296325022,0.8927869455795466,0.10721305442045334,0.0,0.0,5.0,0.8788984314882913
2018,2018/19,201,Richmond upon Thames,E09000027,2,Outer London,2.0,Active,382,479.98390094833536,1032.4227919689897,0.7710136088721603,0.09837490047101963,0.07038711232756907,0.06022437832925102,223.14941801139676,False,False,0.15859927880027064,0.1306114906568201,0.5483864902333849,0.4516135097666151,0.7712570551639059,0.09797572179467623,0.07094299890490124,0.05982422413651675,5.0,0.9780845375649819
2018,2018/19,241,Southwark,E09000028,1,Inner London,0.0,Inactive,92,235.57344885596555,1162.3716775513496,0.9954232061939597,0.004354631327378322,0.00015416169940779992,6.800077925408045e-05,47.74277529094616,False,False,0.004422632106632402,0.00022216247866188037,0.952169579389956,0.047830420610044055,0.9955667249326019,0.004433275067398051,0.0,0.0,5.0,0.9052002862492846
2018,2018/19,241,Southwark,E09000028,1,Inner London,1.0,Insufficiently Active,42,73.95700119864738,241.85935277389302,0.6777158141683678,0.12898768393455742,0.08629387939924536,0.10700262249782953,22.614953540416227,False,False,0.23599030643238694,0.1932965018970749,0.5497264342939535,0.4502735657060465,0.632284937885774,0.1399630966537562,0.099487132193095,0.1282648332673749,5.0,0.8189386778188062
2018,2018/19,241,Southwark,E09000028,1,Inner London,2.0,Active,369,725.6107367382983,2538.8914794560437,0.7338103528644646,0.14637001983174475,0.026844836902878727,0.09297479040091193,207.37827730340834,False,False,0.2393448102326567,0.11981962730379066,0.6663933987294286,0.3336066012705714,0.7331753230849195,0.14709767129773826,0.026393171414432266,0.09333383420291003,5.0,0.9764571025648876
2018,2018/19,255,Sutton,E09000029,2,Outer London,0.0,Inactive,105,116.91122934742869,203.96888247793484,0.9954675087548244,0.00025021721764322387,0.004232468705074068,4.9805322458338475e-05,67.01137635053566,False,False,0.0003000225401015624,0.004282274027532407,0.06547427379988993,0.9345257262001101,0.9955730653942874,0.0,0.004426934605712598,0.0,5.0,0.9305665263824275
2018,2018/19,255,Sutton,E09000029,2,Outer London,1.0,Insufficiently Active,58,71.20884790936931,118.409073280934,0.9616959744482099,0.03438809506157069,0.002783242230309876,0.0011326882599094932,42.82357660674442,False,False,0.03552078332148019,0.003915930490219369,0.9007034280564817,0.09929657194351826,0.9708611044085631,0.029138895591436828,0.0,0.0,5.0,0.8954490576663632
2018,2018/19,255,Sutton,E09000029,2,Outer London,2.0,Active,371,467.5356774843013,1045.8302683335103,0.7175371193269907,0.11962030277918252,0.07906229152609376,0.08378028636773303,209.0105979328927,False,False,0.20340058914691556,0.16284257789382678,0.5553703316580606,0.4446296683419394,0.7165177569046401,0.11970235853330143,0.07986331149283439,0.08391657306922405,5.0,0.9766366710420208
2018,2018/19,272,Tower Hamlets,E09000030,1,Inner London,0.0,Inactive,96,216.73977685963234,837.1588858323944,0.9995134327680053,0.00029483518782366576,0.00013304558869871238,5.868645547230243e-05,56.11375769661029,False,False,0.0003535216432959682,0.00019173204417101481,0.648361765214793,0.35163823478520695,1.0,0.0,0.0,0.0,5.0,0.9181853613907736
2018,2018/19,272,Tower Hamlets,E09000030,1,Inner London,1.0,Insufficiently Active,52,102.05591786351333,411.7975062169459,0.8767021866407237,0.09046735286829961,0.031042258511119317,0.0017882019798573714,25.292553290687152,False,False,0.09225555484815698,0.03283046049097669,0.737536922876897,0.262463077123103,0.8754178048823412,0.09266589695205407,0.03191629816560473,0.0,5.0,0.834942932937345
2018,2018/19,272,Tower Hamlets,E09000030,1,Inner London,2.0,Active,362,674.9504379369505,2338.0285314770244,0.7486466856646656,0.13239321134251997,0.03241333727432527,0.08654676571848906,194.8471062427486,False,False,0.21893997706100904,0.11896010299281433,0.6479429570603671,0.3520570429396329,0.7483515326145311,0.13280899922159672,0.032075517994770805,0.0867639501691013,5.0,0.9749808736588528
2018,2018/19,279,Waltham Forest,E09000031,2,Outer London,0.0,Inactive,96,174.76346403446047,596.7276234585031,0.9994707297793317,0.00032071104394037955,0.00014472217498253935,6.383700174532547e-05,51.18293030295436,False,False,0.000384548045685705,0.00020855917672786483,0.648361765214793,0.35163823478520695,1.0,0.0,0.0,0.0,5.0,0.911004997905261
2018,2018/19,279,Waltham Forest,E09000031,2,Outer London,1.0,Insufficiently Active,53,88.97567453096136,248.83444919833565,0.8611476484283996,0.09439965908256069,0.020315668928792552,0.024137023560247283,31.815010677759954,False,False,0.11853668264280798,0.04445269248903984,0.7272663174941282,0.2727336825058718,0.857682052070509,0.09676547078175983,0.01932474506295755,0.026227732084773792,5.0,0.8641858332253448
2018,2018/19,279,Waltham Forest,E09000031,2,Outer London,2.0,Active,323,599.5053442520333,1834.4091850936406,0.8382085799010824,0.09559536624285768,0.02618413908348544,0.04001191477257449,195.92502082265926,False,False,0.13560728101543218,0.06619605385605994,0.6719774036528513,0.3280225963471487,0.8402006672405444,0.09506978681447725,0.025689209443558708,0.03904033650141965,5.0,0.9751150952752017
2018,2018/19,280,Wandsworth,E09000032,1,Inner London,0.0,Inactive,67,138.78414085647856,477.4832042127396,0.9993441371032445,0.00039741981711086474,0.00017933732373787392,7.910575590670811e-05,40.338670728801695,False,False,0.00047652557301757284,0.000258443079644582,0.648361765214793,0.35163823478520695,1.0,0.0,0.0,0.0,5.0,0.8897188664857852
2018,2018/19,280,Wandsworth,E09000032,1,Inner London,1.0,Insufficiently Active,44,85.65850010694452,263.20144150116937,0.8993848313300469,0.09114096550024516,0.007826592307627988,0.0016476108620799837,27.87742574175383,False,False,0.09278857636232514,0.00947420316970797,0.9073543354379465,0.09264566456205348,0.9022878228087733,0.0932564713258667,0.00445570586536,0.0,5.0,0.8479199667494017
2018,2018/19,280,Wandsworth,E09000032,1,Inner London,2.0,Active,384,873.0771941519903,3402.672771607451,0.6846973240162716,0.13978775648997063,0.057050630562477465,0.11846428893128023,224.0191279363641,False,False,0.25825204542125085,0.1755149194937577,0.5953704784131089,0.40462952158689114,0.6830132869010723,0.14031444272374474,0.0573066951133709,0.11936557526181192,5.0,0.9781677624700881
2018,2018/19,293,Westminster,E09000033,1,Inner London,0.0,Inactive,106,174.1433242663272,539.0553352328616,0.974711955463369,0.025096762349519984,0.00013273342649516035,5.85487606156892e-05,56.257484908162496,False,False,0.025155311110135675,0.00019128218711084955,0.9924533374222078,0.00754666257779224,0.972992997160811,0.027007002839188898,0.0,0.0,5.0,0.9183773214408651
2018,2018/19,293,Westminster,E09000033,1,Inner London,1.0,Insufficiently Active,45,72.73832249947199,175.62868393197266,0.8955770003135323,0.022496750094181693,0.08038407821868185,0.0015421713736040418,30.125281597432778,False,False,0.024038921467785735,0.0819262495922859,0.2268568174552191,0.7731431825447809,0.8976313802566509,0.013061279107761847,0.08930734063558708,0.0,5.0,0.8576523867536642
2018,2018/19,293,Westminster,E09000033,1,Inner London,2.0,Active,350,606.1731811473854,1816.0839217591476,0.7652928705192734,0.07937363214062897,0.04561187499405634,0.10972162234604127,202.32871462592703,False,False,0.18909525448667025,0.1553334973400976,0.5490112352228267,0.4509887647771733,0.7654199963531085,0.07846381154842641,0.045612713132848315,0.11050347896561674,5.0,0.9758837071409947
2019,2019/20,8,Barking and Dagenham,E09000002,2,Outer London,0.0,Inactive,163,191.20097316526918,363.6689743939285,0.9999016803496847,7.666694790990785e-05,4.550532647255693e-06,1.710216975807112e-05,100.5249683459286,False,False,9.376911766797896e-05,2.1652702405326813e-05,0.8124037344795384,0.1875962655204616,1.0,0.0,0.0,0.0,5.0,0.9526178488525184
2019,2019/20,8,Barking and Dagenham,E09000002,2,Outer London,1.0,Insufficiently Active,64,78.94178900984168,176.59293834571335,0.916831224512377,0.07934585567755731,0.002549055451121828,0.0012738643589439692,35.289101084407164,False,False,0.08061972003650128,0.003822919810065797,0.9547276137149185,0.045272386285081456,0.9213917463769125,0.07860825362308761,0.0,0.0,5.0,0.8758969580997895
2019,2019/20,8,Barking and Dagenham,E09000002,2,Outer London,2.0,Active,261,340.58034902166605,697.207307945365,0.7433150630580857,0.11473038030146954,0.07261575024848338,0.0693388063919615,166.37085242487095,False,False,0.18406918669343103,0.14195455664044487,0.5645882867645274,0.43541171323547256,0.7425692556731013,0.1148065518991562,0.07318279716910908,0.06944139525863355,5.0,0.9708235097786422
2019,2019/20,9,Barnet,E09000003,2,Outer London,0.0,Inactive,120,299.56101569568176,1168.644512904344,0.9923373144530288,0.007634748363273693,5.871279441658124e-06,2.206590425603602e-05,76.78708207135837,False,False,0.007656814267529729,2.793718369769414e-05,0.9963645950197606,0.0036354049802393984,0.9919734739606709,0.00802652603932915,0.0,0.0,5.0,0.9388656512328248
2019,2019/20,9,Barnet,E09000003,2,Outer London,1.0,Insufficiently Active,56,149.51074821684557,837.2096208464503,0.9234343484724401,0.06733352087035671,0.0076131112935695425,0.0016190193636337698,26.699960530507045,False,False,0.06895254023399049,0.009232130657203312,0.8819189164324647,0.11808108356753533,0.9306984916779684,0.06410913454971465,0.005192373772317058,0.0,5.0,0.842271096988018
2019,2019/20,9,Barnet,E09000003,2,Outer London,2.0,Active,317,762.2432825702759,3069.8922299967835,0.7326892522766026,0.13728381585321933,0.07482265010942468,0.05520428176075338,189.26228619566828,False,False,0.1924880976139727,0.13002693187017805,0.5968345038736623,0.4031654961263377,0.7317529343875286,0.13794659930531583,0.07537941490906977,0.05492105139808572,5.0,0.9742616021981548
2019,2019/20,17,Bexley,E09000004,2,Outer London,0.0,Inactive,132,220.54298970102144,555.751865862092,0.9998878597391931,8.744387827170783e-05,5.1901925631062655e-06,1.950618997203604e-05,87.51965273353576,False,False,0.00010695006824374386,2.4696382535142304e-05,0.8124037344795383,0.1875962655204617,1.0,0.0,0.0,0.0,5.0,0.9459574279380359
2019,2019/20,17,Bexley,E09000004,2,Outer London,1.0,Insufficiently Active,61,96.71924343726769,250.81727368717932,0.9115182878998302,0.0848402306225459,0.0024280755736115333,0.0012134059040123796,37.296522338986,False,False,0.08605363652655829,0.003641481477623913,0.9594015643364879,0.04059843566351207,0.9151210912065624,0.08487890879343768,0.0,0.0,5.0,0.881786971516773
2019,2019/20,17,Bexley,E09000004,2,Outer London,2.0,Active,302,450.5165322656075,1256.191616779711,0.8327380690689745,0.0984564163192795,0.03672581547053354,0.03207969914121235,161.57180412088408,False,False,0.13053611546049185,0.06880551461174589,0.6548361996096248,0.3451638003903752,0.834737393279207,0.09803123640223246,0.036199055279896086,0.031032315038664358,5.0,0.9699829150174095
2019,2019/20,30,Brent,E09000005,2,Outer London,0.0,Inactive,155,290.93366055521903,1023.422561978704,0.9998817039942144,9.224395819591494e-05,5.475099175408204e-06,2.0576948414286353e-05,82.70522654924692,False,False,0.0001128209066102013,2.6052047589694555e-05,0.8124037344795385,0.1875962655204615,1.0,0.0,0.0,0.0,5.0,0.9429908547446432
2019,2019/20,30,Brent,E09000005,2,Outer London,1.0,Insufficiently Active,59,113.96174230847507,469.1214356572513,0.9063071557241079,0.06835399398998623,0.023768588222101747,0.0015702620638040712,27.68425768434086,False,False,0.06992425605379031,0.02533885028590582,0.7340119248730911,0.2659880751269089,0.9102197176706457,0.06542855445602638,0.024351727873327927,0.0,5.0,0.8470211547011661
2019,2019/20,30,Brent,E09000005,2,Outer London,2.0,Active,318,605.4248767139514,2099.5904027397996,0.8375957106127433,0.08741758706073993,0.022291237900736883,0.05269546442577987,174.57656544143015,False,False,0.1401130514865198,0.07498670232651675,0.651386387026297,0.34861361297370297,0.839585225222052,0.08670792003153308,0.02139030092908988,0.052316553817324994,5.0,0.9721567233023466
2019,2019/20,35,Bromley,E09000006,2,Outer London,0.0,Inactive,83,181.53105934690325,643.1564679008568,0.9998155103532431,0.00014385993128000535,8.538742336409406e-06,3.209097314042345e-05,51.237182788759156,False,False,0.0001759509044204288,4.062971547683286e-05,0.8124037344795385,0.1875962655204615,1.0,0.0,0.0,0.0,5.0,0.911090852136366
2019,2019/20,35,Bromley,E09000006,2,Outer London,1.0,Insufficiently Active,48,92.79347380670833,243.42431080027225,0.8731979816988548,0.08967398527943354,0.03585681336865084,0.0012712196530607729,35.37292044828349,False,False,0.09094520493249432,0.037128033021711616,0.7101031127596916,0.2898968872403084,0.8715800916217253,0.09039802316560636,0.03802188521266829,0.0,5.0,0.8761546119408218
2019,2019/20,35,Bromley,E09000006,2,Outer London,2.0,Active,357,774.3724100372345,2819.076822202586,0.754948813646821,0.11978193427895428,0.06370582692069683,0.06156342515352807,212.71241163210217,False,False,0.18134535943248237,0.1252692520742249,0.5914439580728051,0.40855604192719486,0.7546389499348954,0.11996025252204168,0.0639399010047074,0.06146089653835561,5.0,0.9770339230431696
2019,2019/20,44,Camden,E09000007,1,Inner London,0.0,Inactive,103,203.80707099804312,919.609307408725,0.9997931931507942,0.00016126226939009873,9.571650386976631e-06,3.5972929428756486e-05,45.16844474513339,False,False,0.0001972351988188552,4.5544579815733115e-05,0.8124037344795384,0.1875962655204616,1.0,0.0,0.0,0.0,5.0,0.9003357583556539
2019,2019/20,44,Camden,E09000007,1,Inner London,1.0,Insufficiently Active,48,91.62599068315518,282.9815025748836,0.8840764100925022,0.07663364697454757,0.011516275330097067,0.027773667602853252,29.66738847691304,False,False,0.10440731457740082,0.03928994293295032,0.7265783382809509,0.27342166171904914,0.883980771238872,0.0752991730283118,0.009995488418750574,0.03072456731406566,5.0,0.8557722338003689
2019,2019/20,44,Camden,E09000007,1,Inner London,2.0,Active,341,557.6968190044056,1501.8345380368,0.7045227376755553,0.15531966556578305,0.08348226564209643,0.056675331116565086,207.09720947968472,False,False,0.21199499668234814,0.14015759675866152,0.6019975449019663,0.39800245509803367,0.7029870229351379,0.1563608150844124,0.084200153907665,0.056452008072784596,5.0,0.9764259038944173
2019,2019/20,68,Croydon,E09000008,2,Outer London,0.0,Inactive,127,334.6667146796255,1418.1713773390768,0.9998764509952494,9.634010171080074e-05,5.718223954736008e-06,2.1490679085126662e-05,78.97621662947641,False,False,0.0001178307807959274,2.720890303986267e-05,0.8124037344795384,0.1875962655204616,1.0,0.0,0.0,0.0,5.0,0.940459332407636
2019,2019/20,68,Croydon,E09000008,2,Outer London,1.0,Insufficiently Active,51,114.06313369562406,375.55702032835393,0.858148652715234,0.11534315384254845,0.002590603992197058,0.02391758945002055,34.642937727780094,False,False,0.139260743292569,0.02650819344221761,0.8400895006968162,0.1599104993031838,0.8543246080296634,0.11978726821225015,0.0,0.02588812375808658,5.0,0.8738741302591152
2019,2019/20,68,Croydon,E09000008,2,Outer London,2.0,Active,308,733.5806000265295,3021.6836555682503,0.7962144695766873,0.08426879296138165,0.07385145450051007,0.04566528296142102,178.09293032499184,False,False,0.12993407592280268,0.11951673746193109,0.520880546187686,0.479119453812314,0.7970029142496574,0.08348473486986768,0.07441587107014087,0.045096479810334045,5.0,0.972691463339819
2019,2019/20,78,Ealing,E09000009,2,Outer London,0.0,Inactive,130,258.7113220617329,799.4219243929625,0.9998830635597578,9.118380653386314e-05,5.412174344294827e-06,2.034045936407639e-05,83.72493438149557,False,False,0.00011152426589793954,2.575263370837122e-05,0.8124037344795385,0.1875962655204615,1.0,0.0,0.0,0.0,5.0,0.9436460558144656
2019,2019/20,78,Ealing,E09000009,2,Outer London,1.0,Insufficiently Active,63,129.80760046587858,557.1582448243701,0.9480160641171658,0.03473389399291188,0.0058465323650510196,0.011403509524871238,30.24277805315561,False,False,0.046137403517783115,0.017250041889922258,0.7278634313313825,0.27213656866861746,0.9584933064704398,0.026497576500991396,0.0034173080793182577,0.011591808949250501,5.0,0.8581269617151448
2019,2019/20,78,Ealing,E09000009,2,Outer London,2.0,Active,314,642.4887768520307,2447.06445222553,0.7569604663734422,0.12379129426312763,0.054636734328257656,0.06461150503517271,168.68858031319812,False,False,0.18840279929830034,0.11924823936343038,0.612391234295339,0.38760876570466096,0.7566293616021283,0.12413498856263705,0.0546630846593827,0.06457256517585197,5.0,0.9712128454790527
2019,2019/20,91,Enfield,E09000010,2,Outer London,0.0,Inactive,126,272.69394264882646,914.5664451707748,0.9935562501120174,0.0064172762280550796,5.563705238175762e-06,2.0909954689487776e-05,81.30845686501873,False,False,0.006438186182744567,2.6473659927663536e-05,0.9959048642044682,0.004095135795531779,0.9932875994415358,0.006712400558464395,0.0,0.0,5.0,0.9420682493742218
2019,2019/20,91,Enfield,E09000010,2,Outer London,1.0,Insufficiently Active,62,116.82002067894898,366.062888229927,0.8515774185568312,0.09894760463966772,0.04826110399515283,0.0012138728083483708,37.2802533942155,False,False,0.10016147744801608,0.0494749768035012,0.6693654828231835,0.33063451717681647,0.8471425690681702,0.10087837025408475,0.051979060677745124,0.0,5.0,0.8817414845322553
2019,2019/20,91,Enfield,E09000010,2,Outer London,2.0,Active,305,626.9258734001679,2169.4322866363214,0.7912769488579449,0.14635199394731835,0.03436986790757632,0.02800118928716046,181.17000155278458,False,False,0.17435318323447882,0.062371057194736776,0.7365244172643708,0.2634755827356292,0.7919157346261337,0.14729464891449393,0.0338350700308599,0.026954546428512444,5.0,0.9731428266729516
2019,2019/20,107,Greenwich,E09000011,2,Outer London,0.0,Inactive,124,211.44484205457275,637.4686335808832,0.9998619130193627,0.00010767641379540533,6.391085724335758e-06,2.401948111764276e-05,70.13509195007391,False,False,0.0001316958949130481,3.041056684197852e-05,0.8124037344795386,0.18759626552046138,1.0,0.0,0.0,0.0,5.0,0.9334531991612864
2019,2019/20,107,Greenwich,E09000011,2,Outer London,1.0,Insufficiently Active,48,77.59661764587497,176.4275609873056,0.8926753096457496,0.07493706257065814,0.03107598412777713,0.0013116436558150404,34.12865334863048,False,False,0.07624870622647319,0.03238762778359217,0.701871127383667,0.29812887261633303,0.8938519497648862,0.0735284725948491,0.03261957764026458,0.0,5.0,0.872216404805687
2019,2019/20,107,Greenwich,E09000011,2,Outer London,2.0,Active,331,577.7415320976904,1629.4947391756532,0.7536216060744869,0.13261198209058386,0.045733743521291066,0.06803266831363812,204.8397395130258,False,False,0.20064465040422197,0.1137664118349292,0.6381602764714596,0.36183972352854044,0.7532674370276258,0.13311032651743165,0.04553812740606935,0.06808410904887323,5.0,0.9761722921902044
2019,2019/20,109,Hackney,E09000012,1,Inner London,0.0,Inactive,97,145.79292115051828,386.26106428714047,0.9998271640217329,0.00013477272244437225,7.999375091380015e-06,3.006388073136256e-05,55.029040777975425,False,False,0.0001648366031757348,3.806325582274257e-05,0.8124037344795385,0.1875962655204615,1.0,0.0,0.0,0.0,5.0,0.9167069815675867
2019,2019/20,109,Hackney,E09000012,1,Inner London,1.0,Insufficiently Active,59,89.13475730545302,224.50687315324,0.894512652245928,0.07396867989102045,0.030247944666359338,0.0012707231966922663,35.388693665868516,False,False,0.07523940308771271,0.0315186678630516,0.7047654797210818,0.29523452027891817,0.8959069918112392,0.07247342287779064,0.031619585310970255,0.0,5.0,0.8762029779580275
2019,2019/20,109,Hackney,E09000012,1,Inner London,2.0,Active,377,637.3289778944962,2073.442214684321,0.7197401488224417,0.1675794629847949,0.06544391593841455,0.04723647225434876,195.900432231667,False,False,0.21481593523914366,0.1126803881927633,0.6559338834342919,0.34406611656570807,0.7185050561847863,0.1689930287635924,0.06574243956765234,0.04675947548396886,5.0,0.9751120495637646
2019,2019/20,112,Hammersmith and Fulham,E09000013,1,Inner London,0.0,Inactive,91,97.99133033343992,187.6415588851833,0.9998153016479217,0.00014402267392567825,8.54840185387325e-06,3.212727629881247e-05,51.173635934206516,False,False,0.00017614995022449074,4.067567815268572e-05,0.8124037344795385,0.1875962655204615,1.0,0.0,0.0,0.0,5.0,0.910990272983998
2019,2019/20,112,Hammersmith and Fulham,E09000013,1,Inner London,1.0,Insufficiently Active,51,52.39176116459696,93.15191719640568,0.8778074056312576,0.0768139083816387,0.026520781459215607,0.018857904527888103,29.466882921375703,False,False,0.09567181290952681,0.045378685987103706,0.6782805708446329,0.3217194291553671,0.8766473787148864,0.07550094120954008,0.027535641247265267,0.02031603882830828,5.0,0.8549332119354752
2019,2019/20,112,Hammersmith and Fulham,E09000013,1,Inner London,2.0,Active,355,453.7772583970841,1027.2990586208546,0.7827436205030976,0.10884924264532299,0.04546379979651422,0.06294333705506522,200.44192439425828,False,False,0.1717925797003882,0.10840713685157943,0.6131076141489474,0.38689238585105257,0.7831081259680159,0.10876576233204219,0.04525715803314251,0.06286895366679948,5.0,0.9756622217459148
2019,2019/20,114,Haringey,E09000014,1,Inner London,0.0,Inactive,116,203.88647776384357,606.8767940037126,0.9889644015682384,0.011004510395870831,6.533462641863305e-06,2.4554573249034337e-05,68.4977514804957,False,False,0.011029064969119866,3.108803589089764e-05,0.9971891857303589,0.0028108142696411376,0.988310324416753,0.01168967558324703,0.0,0.0,5.0,0.9319707079565983
2019,2019/20,114,Haringey,E09000014,1,Inner London,1.0,Insufficiently Active,38,62.432830029868626,151.6318151253406,0.7400988342773355,0.14326800338744913,0.11496173881563848,0.0016714235195768824,25.70607139614105,False,False,0.14493942690702602,0.11663316233521537,0.5541078571225908,0.4458921428774092,0.7119838717471816,0.1546887071023421,0.13332742115047624,0.0,5.0,0.837165753459807
2019,2019/20,114,Haringey,E09000014,1,Inner London,2.0,Active,348,590.7955836020037,1944.8486720460185,0.7392909333928505,0.12675931262018533,0.04355738218602186,0.09039237180094237,179.4686787823116,False,False,0.2171516844211277,0.13394975398696424,0.618487025874067,0.381512974125933,0.7384874435600328,0.1271650513581386,0.04327347882690306,0.09107402625492554,5.0,0.9728951276010361
2019,2019/20,117,Harrow,E09000015,2,Outer London,0.0,Inactive,147,230.64336911992882,633.9878791749304,0.9998833037342395,9.099652510618044e-05,5.401058338321872e-06,2.02986823159992e-05,83.90754061137777,False,False,0.00011129520742217964,2.5699740654321073e-05,0.8124037344795385,0.1875962655204615,1.0,0.0,0.0,0.0,5.0,0.9437618005670023
2019,2019/20,117,Harrow,E09000015,2,Outer London,1.0,Insufficiently Active,70,98.89856710784301,203.4244915538456,0.853608119584822,0.11759954094826156,0.015227976727953303,0.013564362738963234,48.08136179313275,False,False,0.1311639036872248,0.028792339466916537,0.8199986515113956,0.18000134848860438,0.8503806983601448,0.1210361972061314,0.014675594929482004,0.013907509504241739,5.0,0.9058049787892432
2019,2019/20,117,Harrow,E09000015,2,Outer London,2.0,Active,282,446.772384500751,1178.8179139076851,0.7915465898856202,0.11994725361365295,0.03358234438424804,0.05492381211647896,169.3268834800879,False,False,0.17487106573013192,0.088506156500727,0.6639566787474568,0.3360433212525432,0.7922380159683946,0.1201761428449555,0.032986886960715896,0.05459895422593409,5.0,0.9713182505177343
2019,2019/20,122,Havering,E09000016,2,Outer London,0.0,Inactive,129,245.6387227227175,808.6582303132465,0.999869683830094,0.00010161695020240326,6.031428953634315e-06,2.266779074994807e-05,74.61543064673326,False,False,0.00012428474095235135,2.8699219703582385e-05,0.8124037344795385,0.1875962655204615,1.0,0.0,0.0,0.0,5.0,0.9371981039431185
2019,2019/20,122,Havering,E09000016,2,Outer London,1.0,Insufficiently Active,62,96.58169134782732,212.264313234844,0.8896069147283981,0.09799851197991717,0.011345998060145879,0.0010485752315388178,43.94531968869721,False,False,0.09904708721145598,0.012394573291684696,0.888779714554456,0.11122028544554396,0.8901715975736052,0.09952845802486186,0.010299944401532937,0.0,5.0,0.8978451865918727
2019,2019/20,122,Havering,E09000016,2,Outer London,2.0,Active,287,472.576423218641,1272.720173512652,0.8514053446344448,0.0547033399666323,0.03700026761138485,0.056891047787538014,175.4733526111614,False,False,0.11159438775417031,0.09389131539892287,0.5430761656008207,0.4569238343991793,0.8537781880964366,0.053065128444718244,0.03652305934933235,0.056633624109512774,5.0,0.9722950788708805
2019,2019/20,126,Hillingdon,E09000017,2,Outer London,0.0,Inactive,135,273.352466590628,1241.2356992960406,0.999840869894617,0.00012408526130010204,7.365025581204808e-06,2.7679818501744613e-05,60.199340893561384,False,False,0.00015176507980184666,3.504484408294942e-05,0.8124037344795384,0.1875962655204616,1.0,0.0,0.0,0.0,5.0,0.9233121081981096
2019,2019/20,126,Hillingdon,E09000017,2,Outer London,1.0,Insufficiently Active,43,72.1757049918143,179.35535165855924,0.9185382914974597,0.06452850489187613,0.01542569243270863,0.0015075111779556433,29.0447558040112,False,False,0.06603601606983177,0.016933203610664273,0.7959098123873902,0.20409018761260977,0.9243731504008783,0.06108154640944927,0.014545303189672478,0.0,5.0,0.8531345024536526
2019,2019/20,126,Hillingdon,E09000017,2,Outer London,2.0,Active,312,579.0098431924038,1794.5525895664316,0.8366943435770781,0.09607735610275316,0.03361095020828391,0.0336173501118849,186.81670320661365,False,False,0.12969470621463805,0.06722830032016881,0.6586061654086823,0.34139383459131767,0.838529381806134,0.09564595791419421,0.03307200524820586,0.03275265503146593,5.0,0.9739334483576527
2019,2019/20,129,Hounslow,E09000018,2,Outer London,0.0,Inactive,132,217.1473544808943,547.1846332204896,0.9998862043794441,8.873468208610001e-05,5.266807650294766e-06,1.9794130819558e-05,86.173789787424,False,False,0.000108528812905658,2.5060938469852767e-05,0.8124037344795383,0.1875962655204617,1.0,0.0,0.0,0.0,5.0,0.9451596778892516
2019,2019/20,129,Hounslow,E09000018,2,Outer London,1.0,Insufficiently Active,66,108.5023911670699,338.49057666464915,0.9137451215656531,0.07122898357334036,0.01373573407783718,0.0012901607831693964,34.78019685208376,False,False,0.07251914435650976,0.015025894861006577,0.8283638342582393,0.17163616574176066,0.9179287149754444,0.06931370764018126,0.012757577384374351,0.0,5.0,0.874309319820822
2019,2019/20,129,Hounslow,E09000018,2,Outer London,2.0,Active,305,498.93688553598804,1447.903745158329,0.7917571554647802,0.094899209736004,0.07033519536786467,0.043008439431351096,171.92994809273745,False,False,0.1379076491673551,0.11334363479921578,0.5488833608735062,0.4511166391264938,0.7924442367613158,0.09439619603682586,0.07081758546956798,0.042341981732290354,5.0,0.9717402279608466
2019,2019/20,135,Islington,E09000019,1,Inner London,0.0,Inactive,109,144.45711885625704,320.53852016439487,0.9998519998872432,0.00011540640043986459,6.849895648917567e-06,2.5743816668035532e-05,65.10250055920972,False,False,0.00014115021710790011,3.25937123169531e-05,0.8124037344795383,0.1875962655204617,1.0,0.0,0.0,0.0,5.0,0.9286758680487165
2019,2019/20,135,Islington,E09000019,1,Inner London,1.0,Insufficiently Active,43,66.63816434321151,197.17667289729897,0.7963529950228245,0.1786904895420532,0.023091664058525044,0.0018648513765973586,22.52114756670943,False,False,0.18055534091865055,0.024956515435122402,0.8785641087677118,0.12143589123228815,0.7767512216644777,0.19959057265140628,0.023658205684116064,0.0,5.0,0.8183215293664505
2019,2019/20,135,Islington,E09000019,1,Inner London,2.0,Active,365,588.73065094481,1710.2849943562287,0.7577051865329213,0.10734478478942347,0.059716823086759664,0.07523320559089554,202.6584928860733,False,False,0.18257799038031902,0.1349500286776552,0.5749980455960454,0.4250019544039546,0.75744795579826,0.10722509948249596,0.059864092728982625,0.07546285199026143,5.0,0.9759220057388015
2019,2019/20,136,Kensington and Chelsea,E09000020,1,Inner London,0.0,Inactive,92,83.18654296901006,129.06425701761844,0.9998229996555223,0.00013801998020332318,8.192114633633934e-06,3.07882496407269e-05,53.61671070705745,False,False,0.00016880822984405007,3.8980364274360834e-05,0.8124037344795384,0.1875962655204616,1.0,0.0,0.0,0.0,5.0,0.9147000925216023
2019,2019/20,136,Kensington and Chelsea,E09000020,1,Inner London,1.0,Insufficiently Active,62,59.75696145364718,88.36486603516737,0.8796604598479594,0.0832194200556242,0.008788908372814168,0.02833121172360227,40.41079449779886,False,False,0.11155063177922647,0.03712012009641644,0.7503199544758749,0.24968004552412515,0.8790438645407772,0.08305457569528193,0.00733497479872579,0.030566584965215093,5.0,0.8898940206773445
2019,2019/20,136,Kensington and Chelsea,E09000020,1,Inner London,2.0,Active,349,367.1459785748191,730.6133789391741,0.8211107972151849,0.07872386434972825,0.03947213147059827,0.06069320696448853,184.49726417463225,False,False,0.13941707131421677,0.10016533843508679,0.5819169757082804,0.4180830242917196,0.8225465803504304,0.0778167514617962,0.0390852530273902,0.060551415160383135,5.0,0.9736143947946804
2019,2019/20,139,Kingston upon Thames,E09000021,2,Outer London,0.0,Inactive,82,98.04429093134385,183.36099042352174,0.9998193261701736,0.0001408844626234523,8.362134715633348e-06,3.1427232487358875e-05,52.42490762090075,False,False,0.00017231169511081117,3.9789367202992224e-05,0.8124037344795384,0.1875962655204616,1.0,0.0,0.0,0.0,5.0,0.912929768507278
2019,2019/20,139,Kingston upon Thames,E09000021,2,Outer London,1.0,Insufficiently Active,52,58.988347320512474,97.68094631106096,0.8641226580247319,0.0853033406952993,0.049310587259376405,0.0012634140205923792,35.62235267996573,False,False,0.08656675471589168,0.050574001279968785,0.631225590724501,0.368774409275499,0.8612422723218334,0.08540883938771375,0.05334888829045288,0.0,5.0,0.876915056117222
2019,2019/20,139,Kingston upon Thames,E09000021,2,Outer London,2.0,Active,368,392.8751944031192,603.6547195597907,0.767152810925708,0.12103223255360304,0.058059481237559815,0.05375547528312904,255.69404723588949,False,False,0.1747877078367321,0.11181495652068885,0.6098607220858041,0.3901392779141959,0.7671336791895593,0.1212050249802394,0.05814379581088615,0.053517500019315045,5.0,0.9808204289548824
2019,2019/20,142,Lambeth,E09000022,1,Inner London,0.0,Inactive,76,149.93257944495096,505.200017760999,0.9997903868455764,0.00016345054869393988,9.70153473329422e-06,3.6461070996311025e-05,44.496788576225484,False,False,0.0001999116196902509,4.6162605729605244e-05,0.8124037344795384,0.1875962655204616,1.0,0.0,0.0,0.0,5.0,0.8989833453073434
2019,2019/20,142,Lambeth,E09000022,1,Inner London,1.0,Insufficiently Active,46,119.40578412887766,554.425967533278,0.9005203460313227,0.0944653002344708,0.003343482561778372,0.001670871172428091,25.716222035679355,False,False,0.0961361714068989,0.005014353734206463,0.9504268146189907,0.0495731853810093,0.9036072039904675,0.09639279600953249,0.0,0.0,5.0,0.8372195644961773
2019,2019/20,142,Lambeth,E09000022,1,Inner London,2.0,Active,364,793.3139836234122,3009.091064085233,0.7035342793573738,0.12138967389587993,0.05175994895637657,0.1233160977903697,209.14856453630452,False,False,0.24470577168624963,0.17507604674674626,0.5829356130756499,0.4170643869243501,0.7019899965667926,0.12160946599300315,0.051712428061680624,0.12468810937852366,5.0,0.9766517230184265
2019,2019/20,147,Lewisham,E09000023,1,Inner London,0.0,Inactive,93,164.91452486829152,678.8455433371726,0.9886314804861842,0.007851163667440321,0.0034773076151341795,4.0048231241306424e-05,40.06331157281546,False,False,0.007891211898681628,0.003517355846375486,0.6916917245901073,0.3083082754098927,0.9874716307943452,0.00862907093127661,0.0038992982743782283,0.0,5.0,0.8890449941318502
2019,2019/20,147,Lewisham,E09000023,1,Inner London,1.0,Insufficiently Active,62,125.26105779738555,470.17326710951465,0.8420858253234211,0.1348191951461378,0.021757450239163464,0.0013375292912776587,33.37138390912665,False,False,0.13615672443741544,0.023094979530441123,0.854978132384049,0.14502186761595104,0.8357093957618247,0.1423507192977004,0.021939884940474903,0.0,5.0,0.8696945616597699
2019,2019/20,147,Lewisham,E09000023,1,Inner London,2.0,Active,384,644.1667432603277,1892.0238693217307,0.7721651863848638,0.11146125360206137,0.04637697547284866,0.06999658454022624,219.31583414503763,False,False,0.1814578381422876,0.11637356001307489,0.609263627898731,0.390736372101269,0.7722571542371982,0.11144450652188057,0.04620893564812535,0.07008940359279586,5.0,0.9777099997463081
2019,2019/20,160,Merton,E09000024,2,Outer London,0.0,Inactive,105,130.92849794010905,306.50888036516034,0.9998297126893894,0.00013278534179528295,7.88141499550099e-06,2.9620553819815607e-05,55.92748749214261,False,False,0.00016240589561509856,3.75019688153166e-05,0.8124037344795385,0.1875962655204615,1.0,0.0,0.0,0.0,5.0,0.917935234065826
2019,2019/20,160,Merton,E09000024,2,Outer London,1.0,Insufficiently Active,59,87.50268848899186,269.87977807070735,0.9095793044128675,0.0592101858177733,0.029672555545289192,0.0015379542240698593,28.370856636748535,False,False,0.06074814004184316,0.031210509769359053,0.6606027836050606,0.33939721639493936,0.9139738533041478,0.0547440653765934,0.03128208131925866,0.0,5.0,0.8501686649993301
2019,2019/20,160,Merton,E09000024,2,Outer London,2.0,Active,356,424.66467267782366,837.4104713712254,0.7702339981369504,0.11187514985039516,0.037606321152071416,0.08028453086058299,215.35446520660722,False,False,0.19215968071097816,0.1178908520126544,0.6197689099997841,0.38023109000021593,0.7702828202730487,0.11186770436457187,0.03723155731397205,0.0806179180484073,5.0,0.9773092866744864
2019,2019/20,171,Newham,E09000025,1,Inner London,0.0,Inactive,170,365.9540794345512,1350.0563036872852,0.9999004278907466,7.764358079931325e-05,4.6085002587073105e-06,1.7320028195393472e-05,99.19763189803258,False,False,9.496360899470673e-05,2.1928528454100782e-05,0.8124037344795385,0.1875962655204615,1.0,0.0,0.0,0.0,5.0,0.952014264538248
2019,2019/20,171,Newham,E09000025,1,Inner London,1.0,Insufficiently Active,61,130.2305857278613,471.37138288708564,0.837675484735213,0.1280290485789797,0.002506071675227489,0.0317893950105798,35.9801338705462,False,False,0.1598184435895595,0.03429546668580729,0.8233229826901312,0.17667701730986884,0.8311484945173466,0.134070900780781,0.0,0.034780604701872365,5.0,0.877989661629835
2019,2019/20,171,Newham,E09000025,1,Inner London,2.0,Active,277,564.5613780597546,2111.568415648403,0.8192244765239198,0.09343513672711468,0.05346947731252075,0.03387090943644464,150.94445779482655,False,False,0.1273060461635593,0.08734038674896538,0.5930964909882318,0.4069035090117682,0.8209169298983379,0.09281369301460962,0.053460260113355286,0.032809116973697164,5.0,0.9679373023530056
2019,2019/20,196,Redbridge,E09000026,2,Outer London,0.0,Inactive,162,295.5180973936736,833.1504591537856,0.9999055257241454,7.366843110758682e-05,4.372557014022701e-06,1.643328773297754e-05,104.82013774063938,False,False,9.010171884056435e-05,2.080584474700024e-05,0.8124037344795384,0.1875962655204616,1.0,0.0,0.0,0.0,5.0,0.9544710095719564
2019,2019/20,196,Redbridge,E09000026,2,Outer London,1.0,Insufficiently Active,65,130.36759553765242,485.59245472998526,0.8570658857317562,0.05624646651717903,0.008482105700049364,0.07820554205101547,34.999946561606755,False,False,0.1344520085681945,0.08668764775106484,0.6079959189865345,0.3920040810134655,0.8531261660928948,0.052202852935854714,0.006759570948927962,0.08791141002232261,5.0,0.874999833004798
2019,2019/20,196,Redbridge,E09000026,2,Outer London,2.0,Active,296,507.18249070727796,1781.575432177306,0.7654226274858857,0.10052044524727673,0.03499568965219674,0.09906123761464078,144.38573536326,False,False,0.19958168286191752,0.13405692726683752,0.5981972014117211,0.40180279858827894,0.7653288315980056,0.10011613285806183,0.03434631647695788,0.10020871906697466,5.0,0.9665296021213703
2019,2019/20,201,Richmond upon Thames,E09000027,2,Outer London,0.0,Inactive,83,112.56622668444578,252.26819992454716,0.9936199262524413,0.0063387022819188345,8.694628574964299e-06,3.267683706479739e-05,50.228904767877786,False,False,0.006371379118983632,4.137146563976169e-05,0.9935485615581302,0.0064514384418697945,0.9931913843431569,0.006808615656843085,0.0,0.0,5.0,0.9094676959281637
2019,2019/20,201,Richmond upon Thames,E09000027,2,Outer London,1.0,Insufficiently Active,44,51.1391058519146,92.11008327798902,0.8043047542537584,0.11274231756605962,0.08141595709394618,0.00153697108623576,28.392202615218633,False,False,0.11427928865229539,0.08295292818018195,0.5794149175403759,0.4205850824596241,0.7901566573392014,0.11770681425877876,0.09213652840201977,0.0,5.0,0.8502644447383284
2019,2019/20,201,Richmond upon Thames,E09000027,2,Outer London,2.0,Active,390,456.72841175162,867.2095280147998,0.7685683227956428,0.08845640978607804,0.06761692673923157,0.07535834067904754,240.5426086342508,False,False,0.16381475046512556,0.1429752674182791,0.5339637566936198,0.46603624330638016,0.7685774092868702,0.0879629540959897,0.06790521646219112,0.07555442015494895,5.0,0.9796369354068084
2019,2019/20,241,Southwark,E09000028,1,Inner London,0.0,Inactive,105,210.5154657532037,721.6848735530897,0.9998437646321825,0.00012182802489379586,7.231048316692585e-06,2.7176294607065636e-05,61.40735789999648,False,False,0.0001490043195008615,3.440734292375822e-05,0.8124037344795384,0.1875962655204616,1.0,0.0,0.0,0.0,5.0,0.9247071385142359
2019,2019/20,241,Southwark,E09000028,1,Inner London,1.0,Insufficiently Active,57,84.7982703385121,173.15513372950142,0.9201805304133455,0.07650914542865955,0.0022072657181296967,0.0011030584398651836,41.52777048837942,False,False,0.07761220386852474,0.00331032415799488,0.9590926749481922,0.04090732505180783,0.924459191282698,0.07554080871730182,0.0,0.0,5.0,0.8925372965969048
2019,2019/20,241,Southwark,E09000028,1,Inner London,2.0,Active,366,711.5047161216097,2466.549858657302,0.7354243413617856,0.11596252730416556,0.04000038657915019,0.10861274475489881,205.2417303815906,False,False,0.22457527205906436,0.148613131334049,0.6017745192968892,0.3982254807031108,0.7346275530158577,0.11605428967927398,0.03966548032655978,0.10965267697830869,5.0,0.9762178517512915
2019,2019/20,255,Sutton,E09000029,2,Outer London,0.0,Inactive,110,150.6189947616711,356.83593857518355,0.9849730707420288,0.00011797592366416285,7.002408558832687e-06,0.014901950925748175,63.57566357693667,False,False,0.015019926849412338,0.014908953334307008,0.5018539536799258,0.4981460463200742,0.9839544503351149,0.0,0.0,0.01604554966488503,5.0,0.9270878364247925
2019,2019/20,255,Sutton,E09000029,2,Outer London,1.0,Insufficiently Active,48,54.76850997417081,86.10589651276743,0.9216655925876482,0.05724358236099474,0.0025780453058135704,0.01851277974554343,34.83605428051121,False,False,0.07575636210653817,0.021090825051357,0.782225734476196,0.21777426552380397,0.9269792987829896,0.0533240603926458,0.0,0.019696640824364633,5.0,0.8744855611253114
2019,2019/20,255,Sutton,E09000029,2,Outer London,2.0,Active,328,423.0450056645948,973.7403890495384,0.7959899676783975,0.08726601223731216,0.05924325663784592,0.057500763446444406,183.79342053629472,False,False,0.14476677568375657,0.11674402008429033,0.5535785827066231,0.4464214172933769,0.7967478506989674,0.08658781001266573,0.059392759331772786,0.057271579956593995,5.0,0.9735160262163968
2019,2019/20,272,Tower Hamlets,E09000030,1,Inner London,0.0,Inactive,127,287.60395007367,1177.873682999047,0.9944690752721661,0.0055005504568580365,6.383457783938318e-06,2.3990813191996707e-05,70.22487495210042,False,False,0.0055245412700500336,3.0374270975935027e-05,0.9945320012965806,0.005467998703419408,0.994223016512166,0.005776983487834016,0.0,0.0,5.0,0.9335326246380102
2019,2019/20,272,Tower Hamlets,E09000030,1,Inner London,1.0,Insufficiently Active,42,79.96413460334095,224.40799684408495,0.9262780312140472,0.0482292885813111,0.023960376592123744,0.0015323036125179477,28.493916940508413,False,False,0.04976159219382904,0.025492680204641693,0.6612460742473443,0.3387539257526557,0.9335838274307704,0.04185557206768959,0.024560600501539936,0.0,5.0,0.8507191616650583
2019,2019/20,272,Tower Hamlets,E09000030,1,Inner London,2.0,Active,335,621.2664269260022,2049.3568947142257,0.739536158894384,0.13736595174517244,0.057572751690734475,0.06552513766970916,188.3380948535193,False,False,0.2028910894148816,0.12309788936044364,0.6223863462412209,0.3776136537587791,0.7387770180986022,0.13803416807683963,0.05767429825663515,0.06551451556792308,5.0,0.9741385679641242
2019,2019/20,279,Waltham Forest,E09000031,2,Outer London,0.0,Inactive,117,203.1946458351298,679.2517339811999,0.9981831122625666,0.0017821546881046247,7.299498785443782e-06,2.743355054331488e-05,60.784628187944506,False,False,0.0018095882386479395,3.473304932875866e-05,0.9811675712061739,0.018832428793826073,0.9982043468960358,0.0017956531039642098,0.0,0.0,5.0,0.9239944020704174
2019,2019/20,279,Waltham Forest,E09000031,2,Outer London,1.0,Insufficiently Active,50,96.83710551718909,315.2076332708553,0.921577640249251,0.07399007106063174,0.002955371864390279,0.0014769168257268467,29.749993385754305,False,False,0.07546698788635858,0.004432288690117126,0.9445265479234375,0.05547345207656251,0.9277849961086322,0.07221500389136769,0.0,0.0,5.0,0.8561150805269003
2019,2019/20,279,Waltham Forest,E09000031,2,Outer London,2.0,Active,338,552.3522192018662,1653.5895928373106,0.7475052155505904,0.09659752853841982,0.06333710814784277,0.09256014776314699,184.50344352599174,False,False,0.18915767630156682,0.15589725591098974,0.5481958338883972,0.4518041661116028,0.7469462566176229,0.09617481813428275,0.06359697792658453,0.09328194732150971,5.0,0.9736152551797075
2019,2019/20,280,Wandsworth,E09000032,1,Inner London,0.0,Inactive,93,198.22403694575098,654.2672443192573,0.9998405196325884,0.00012435838595641213,7.381236773892039e-06,2.7740744681339222e-05,60.05614550359041,False,False,0.00015209913063775134,3.512198145523126e-05,0.8124037344795384,0.1875962655204616,1.0,0.0,0.0,0.0,5.0,0.9231433101162739
2019,2019/20,280,Wandsworth,E09000032,1,Inner London,1.0,Insufficiently Active,42,104.75505129968562,534.8443300577774,0.8549128729480071,0.0602540409837557,0.06683718628786973,0.01799589978036762,20.517410685861293,False,False,0.07824994076412331,0.08483308606823736,0.4798165835158275,0.5201834164841725,0.8476675610018438,0.0543328071209967,0.07811964206377627,0.019879989813383316,5.0,0.8040553541441254
2019,2019/20,280,Wandsworth,E09000032,1,Inner London,2.0,Active,363,764.6791643248922,2829.277256462846,0.7552137511877329,0.07582505321769951,0.06959951997615388,0.09936167561841373,206.67264864796198,False,False,0.17518672883611325,0.16896119559456763,0.5090448507743356,0.4909551492256644,0.7549012416701024,0.07494514045241184,0.06998301981856773,0.10017059805891802,5.0,0.9763786203274868
2019,2019/20,293,Westminster,E09000033,1,Inner London,0.0,Inactive,120,220.52428230698968,709.8613297619688,0.9998588558808829,0.00011006028594943057,6.532579397417971e-06,2.4551253770280335e-05,68.50768882328025,False,False,0.0001346115397197109,3.1083833167698306e-05,0.8124037344795385,0.1875962655204615,1.0,0.0,0.0,0.0,5.0,0.931979904686971
2019,2019/20,293,Westminster,E09000033,1,Inner London,1.0,Insufficiently Active,49,97.5959218751401,453.20502816284136,0.9337403988635411,0.05605215448315587,0.008234772992612428,0.001972673660690562,21.016898257439525,False,False,0.05802482814384643,0.01020744665330299,0.8504014898572687,0.1495985101427313,0.9454206471011309,0.04927199988152176,0.005307353017347251,0.0,5.0,0.8078172136230631
2019,2019/20,293,Westminster,E09000033,1,Inner London,2.0,Active,307,517.9415110217126,1642.1696963850322,0.743490453730111,0.134643191438155,0.06998811454708895,0.05187824028464498,163.3591275189116,False,False,0.1865214317228,0.12186635483173393,0.6048275575589839,0.3951724424410161,0.7427362647301102,0.1353302469521368,0.07048519054324363,0.05144829777450934,5.0,0.9703015804745225
2020,2020/21,8,Barking and Dagenham,E09000002,2,Outer London,0.0,Inactive,181,209.45558594565523,379.6748401223443,0.9999183565671038,5.123063973968846e-05,2.7241552160006776e-05,3.1712409965159564e-06,115.55056550415829,False,False,5.4401880736204416e-05,3.0412793156522733e-05,0.641420620269217,0.358579379730783,1.0,0.0,0.0,0.0,5.0,0.9585236288267139
2020,2020/21,8,Barking and Dagenham,E09000002,2,Outer London,1.0,Insufficiently Active,61,74.4336289265598,132.21177545811267,0.9548300396335723,0.03143593791649511,0.01344450702158944,0.00028951542834333417,41.90523193550259,False,False,0.03172545334483845,0.013734022449932774,0.6978842758342483,0.3021157241657517,0.9599231504387702,0.029476306915408552,0.01060054264582134,0.0,5.0,0.8934020834418793
2020,2020/21,8,Barking and Dagenham,E09000002,2,Outer London,2.0,Active,274,327.2673799650493,680.6845551577909,0.8577586125283726,0.04890360353278621,0.030804998439356045,0.06253278549948492,157.34738973820257,False,False,0.11143638903227113,0.09333778393884096,0.5441916205321053,0.45580837946789465,0.8598559503451267,0.0475903483738687,0.030065069196803906,0.06248863208420046,5.0,0.9692018454496689
2020,2020/21,9,Barnet,E09000003,2,Outer London,0.0,Inactive,106,275.0350062076856,1332.8166530345356,0.9998406261412088,0.000100005897033177,5.317747102476697e-05,6.190490733210059e-06,56.755184193891964,False,False,0.00010619638776638706,5.9367961757977026e-05,0.641420620269217,0.358579379730783,1.0,0.0,0.0,0.0,5.0,0.919035137450136
2020,2020/21,9,Barnet,E09000003,2,Outer London,1.0,Insufficiently Active,55,142.56536318071795,591.845410145881,0.9244658256881272,0.07045101512150911,0.004737982353283679,0.00034517683707979734,34.34153991975747,False,False,0.07079619195858891,0.005083159190363476,0.9330099807998469,0.06699001920015313,0.9262597731925712,0.0737402268074286,0.0,0.0,5.0,0.8729078726913538
2020,2020/21,9,Barnet,E09000003,2,Outer London,2.0,Active,351,789.8488098799402,2866.501332990606,0.7752217535465051,0.08201616972300131,0.07834746698514204,0.06441460974535158,217.6385321327888,False,False,0.1464307794683529,0.14276207673049363,0.5063430037416566,0.49365699625834336,0.774841886694649,0.08182744192759529,0.07890475069145,0.06442592068630572,5.0,0.9775420725599384
2020,2020/21,17,Bexley,E09000004,2,Outer London,0.0,Inactive,126,203.7074679326519,477.5522603216268,0.9998928973241834,6.7206123080235e-05,3.573640923995205e-05,4.160143496389502e-06,86.8946415698771,False,False,7.13662665766245e-05,3.989655273634155e-05,0.641420620269217,0.358579379730783,1.0,0.0,0.0,0.0,5.0,0.9455898634068018
2020,2020/21,17,Bexley,E09000004,2,Outer London,1.0,Insufficiently Active,64,112.64658601708231,355.0511165302774,0.8859735379211126,0.0684390271449693,0.04525410049242693,0.0003333344414911222,35.73922950956791,False,False,0.06877236158646043,0.04558743493391805,0.6013683451614524,0.39863165483854757,0.8823121685857096,0.07131812263599802,0.04636970877829231,0.0,5.0,0.8772681746760647
2020,2020/21,17,Bexley,E09000004,2,Outer London,2.0,Active,307,463.1671644022166,1033.5751056468316,0.8193643526976253,0.10789734567214102,0.04045102340057248,0.03228727822966128,207.55513654340265,False,False,0.1401846239018023,0.07273830163023376,0.6583820110094737,0.3416179889905263,0.8200294257669342,0.10832292627135884,0.04012245620037601,0.031525191761331076,5.0,0.9764766917360332
2020,2020/21,30,Brent,E09000005,2,Outer London,0.0,Inactive,151,308.39574422159353,996.887279732361,0.9999019752857706,6.15097704999192e-05,3.2707411618080736e-05,3.807532111384439e-06,95.40490383177988,False,False,6.531730261130364e-05,3.651494372946518e-05,0.641420620269217,0.358579379730783,1.0,0.0,0.0,0.0,5.0,0.9502016354860806
2020,2020/21,30,Brent,E09000005,2,Outer London,1.0,Insufficiently Active,58,119.08278640943239,426.8872407056763,0.8475818105430111,0.06782441887989989,0.08423845421741766,0.0003553163596713699,33.218865936570815,False,False,0.06817973523957126,0.08459377057708903,0.44627983677609706,0.5537201632239029,0.8378640448461279,0.07082944660718886,0.09130650854668322,0.0,5.0,0.8691745587559256
2020,2020/21,30,Brent,E09000005,2,Outer London,2.0,Active,298,572.317625787453,1888.1120705708881,0.8320510425705328,0.06311649871432269,0.04394628624975658,0.060886172465388154,173.47882569700965,False,False,0.12400267117971084,0.10483245871514474,0.5418865155742791,0.45811348442572086,0.8332124107102281,0.06233500394190014,0.04365391918045715,0.06079866616741474,5.0,0.9719854723355916
2020,2020/21,35,Bromley,E09000006,2,Outer London,0.0,Inactive,103,203.2209384240681,560.3893637598497,0.997035772622236,0.0029176398146456704,4.17297261768917e-05,4.8578369414582986e-06,73.69652688778925,False,False,0.002922497651587129,4.658756311835e-05,0.9843091188869866,0.015690881113013422,0.9969682121130269,0.003031787886973119,0.0,0.0,5.0,0.9364647946010459
2020,2020/21,35,Bromley,E09000006,2,Outer London,1.0,Insufficiently Active,50,106.48379927864266,340.50642733853306,0.9588773541622807,0.010284013532405607,0.030484066887535487,0.0003545654177782244,33.299810512948625,False,False,0.010638578950183832,0.03083863230531371,0.25649214660674075,0.7435078533932593,0.9658943479111706,0.0046419870273020905,0.029463665061527318,0.0,5.0,0.8694510512445076
2020,2020/21,35,Bromley,E09000006,2,Outer London,2.0,Active,342,745.543583410828,2459.0520091090466,0.8256063830404482,0.08440862317080297,0.046059728140968426,0.043925265647780515,226.03638829357098,False,False,0.12833388881858349,0.08998499378874894,0.5878277100263671,0.41217228997363287,0.8263551540003081,0.08427982898263887,0.045882091758164725,0.043482925258888354,5.0,0.9783583874517349
2020,2020/21,44,Camden,E09000007,1,Inner London,0.0,Inactive,118,194.654754043998,494.1894391047363,0.9998794915425506,7.561815017039216e-05,4.020944873179306e-05,4.680858547141499e-06,76.67196073750782,False,False,8.029900871753366e-05,4.4890307278934555e-05,0.6414206202692171,0.3585793797307829,1.0,0.0,0.0,0.0,5.0,0.9387794788462358
2020,2020/21,44,Camden,E09000007,1,Inner London,1.0,Insufficiently Active,55,77.13314177813514,172.93236794052217,0.9014985752986144,0.07368080704704985,0.02447598575766394,0.0003446318966718819,34.40374772762122,False,False,0.07402543894372174,0.02482061765433582,0.7488962280481752,0.25110377195182476,0.8999513795532214,0.07743346664292833,0.02261515380385043,0.0,5.0,0.8731085166171871
2020,2020/21,44,Camden,E09000007,1,Inner London,2.0,Active,333,610.6479720971573,1867.9586236570253,0.7845260144556913,0.09148683592532923,0.025117012985898458,0.09887013663308108,199.62484238346644,False,False,0.19035697255841033,0.12398714961897954,0.605568735435074,0.39443126456492605,0.7843449129501557,0.09151828937857609,0.024391322433339097,0.09974547523792908,5.0,0.9755650392114658
2020,2020/21,68,Croydon,E09000008,2,Outer London,0.0,Inactive,122,287.3249355729278,1026.8369186200748,0.9890755130055486,7.231883319629445e-05,0.010847691534575803,4.476626679221763e-06,80.39798443644813,False,False,7.679545987551622e-05,0.010852168161255026,0.007026783374686734,0.9929732166253132,0.9885185304732027,0.0,0.0114814695267972,0.0,5.0,0.9414506087819798
2020,2020/21,68,Croydon,E09000008,2,Outer London,1.0,Insufficiently Active,66,140.3222025705466,412.9319966699585,0.961223757637047,0.03498042853589352,0.003538055420938346,0.00025775840612114845,47.68417243768899,False,False,0.035238186942014665,0.003795813827059494,0.9027562188791358,0.09724378112086418,0.9663700476330217,0.03362995236697833,0.0,0.0,5.0,0.9050948364821781
2020,2020/21,68,Croydon,E09000008,2,Outer London,2.0,Active,315,732.2406264463677,2882.6745776107373,0.7671910561440303,0.10856230435809926,0.07613738533359257,0.04810925416427793,185.99960577685843,False,False,0.15667155852237719,0.1242466394978705,0.5577123861199083,0.44228761388009175,0.7665306937172217,0.10905508084774744,0.07673005325406594,0.04768417218096489,5.0,0.9738219354973884
2020,2020/21,78,Ealing,E09000009,2,Outer London,0.0,Inactive,147,298.70431118916036,990.3040486759245,0.9998965048945194,6.494239984297887e-05,3.4532689455134315e-05,4.020016182515826e-06,90.09784988992735,False,False,6.896241602549469e-05,3.855270563765014e-05,0.641420620269217,0.358579379730783,1.0,0.0,0.0,0.0,5.0,0.9474225757387014
2020,2020/21,78,Ealing,E09000009,2,Outer London,1.0,Insufficiently Active,55,104.79235310823883,285.39345448600255,0.8988085477479251,0.056271886521936834,0.04460723043471258,0.00031233529542545614,38.478238016143465,False,False,0.05658422181736229,0.04491956573013804,0.5574592159024883,0.44254078409751174,0.8970756339425886,0.05736499664306631,0.04555936941434507,0.0,5.0,0.8849999395526676
2020,2020/21,78,Ealing,E09000009,2,Outer London,2.0,Active,306,634.138797098713,2165.8743011734473,0.7864984257538712,0.06992045011292905,0.08680055374893554,0.05678057038426434,185.66729092631638,False,False,0.1267010204971934,0.14358112413319987,0.4687731802278508,0.5312268197721493,0.7863568267523676,0.06937348765169787,0.08768144041898589,0.05658824517694869,5.0,0.9737763096349218
2020,2020/21,91,Enfield,E09000010,2,Outer London,0.0,Inactive,126,258.4384127989785,840.9098883791286,0.9998834231184275,7.315111589450438e-05,3.889761965355774e-05,4.5281460244156806e-06,79.42636200746212,False,False,7.767926191892006e-05,4.3425765677973415e-05,0.6414206202692171,0.3585793797307829,1.0,0.0,0.0,0.0,5.0,0.9407767919745486
2020,2020/21,91,Enfield,E09000010,2,Outer London,1.0,Insufficiently Active,63,119.1801663743379,382.6141267108038,0.9713392038581072,0.011262102899712051,0.012440292442270908,0.004958400799909824,37.12333409934649,False,False,0.016220503699621875,0.017398693242180734,0.4824774288243947,0.5175225711756053,0.9793119201528142,0.006332912913630763,0.009094740037223105,0.0052604268963319135,5.0,0.8813009438377393
2020,2020/21,91,Enfield,E09000010,2,Outer London,2.0,Active,299,628.7158594587952,2183.174035195158,0.7937466323549791,0.09346209129378133,0.056153516806872826,0.056637759544366735,181.059148543637,False,False,0.15009985083814806,0.11279127635123956,0.5709582230594479,0.4290417769405521,0.7938015908040745,0.09355131720486633,0.056210496291279013,0.05643659569978006,5.0,0.9731268253179857
2020,2020/21,107,Greenwich,E09000011,2,Outer London,0.0,Inactive,118,226.36120300530342,710.9455064395818,0.9998722994250693,8.013114976611715e-05,4.260920626965939e-05,4.9602188949322695e-06,72.07218241327004,False,False,8.509136866104942e-05,4.756942516459166e-05,0.6414206202692171,0.3585793797307829,1.0,0.0,0.0,0.0,5.0,0.9351257503882605
2020,2020/21,107,Greenwich,E09000011,2,Outer London,1.0,Insufficiently Active,42,67.17129575863189,134.10015397727395,0.9552685682493269,0.017505286645094514,0.02687475920760004,0.00035138589797853475,33.646366839058565,False,False,0.01785667254307305,0.027226145105578574,0.3960859918347877,0.6039140081652123,0.9616770055607072,0.012994486156842363,0.025328508282450476,0.0,5.0,0.8706217321586186
2020,2020/21,107,Greenwich,E09000011,2,Outer London,2.0,Active,335,586.244768994407,1581.027506735395,0.7873959565762446,0.09634380933654639,0.04464790725682625,0.07161232683038264,217.37947487261854,False,False,0.16795613616692903,0.1162602340872089,0.5909446243956588,0.40905537560434124,0.7872956589335719,0.09648441027286207,0.044430723040851584,0.07178920775271436,5.0,0.9775159105719444
2020,2020/21,109,Hackney,E09000012,1,Inner London,0.0,Inactive,109,209.5257051218398,656.4975332087485,0.9998630590380836,8.592942306168548e-05,4.5692399554416126e-05,5.3191393003252355e-06,66.8715705483768,False,False,9.124856236201071e-05,5.101153885474136e-05,0.6414206202692171,0.3585793797307829,1.0,0.0,0.0,0.0,5.0,0.9304314632079106
2020,2020/21,109,Hackney,E09000012,1,Inner London,1.0,Insufficiently Active,41,57.50965753341734,109.96795242397799,0.9076019264003952,0.05543710677850214,0.03657380998900779,0.0003871568320948709,30.075677838026124,False,False,0.05582426361059701,0.03696096682110266,0.6016503203243099,0.3983496796756901,0.9068467455288893,0.05669683076229875,0.03645642370881186,0.0,5.0,0.857451079831181
2020,2020/21,109,Hackney,E09000012,1,Inner London,2.0,Active,334,600.9150464057701,1620.4345854662133,0.750300721406615,0.09213391360873256,0.03857096989185188,0.11899439509280058,222.84077138044884,False,False,0.21112830870153315,0.15756536498465246,0.572638815824205,0.42736118417579505,0.7493705557845016,0.09217660902306313,0.03822275678361601,0.1202300784088192,5.0,0.978054849578915
2020,2020/21,112,Hammersmith and Fulham,E09000013,1,Inner London,0.0,Inactive,90,101.77671468975355,189.30991908877425,0.9998351870167095,0.00010341890672475937,5.4992316242556066e-05,6.401760323253208e-06,54.71715218568141,False,False,0.00010982066704801257,6.139407656580928e-05,0.641420620269217,0.358579379730783,1.0,0.0,0.0,0.0,5.0,0.9162719617899182
2020,2020/21,112,Hammersmith and Fulham,E09000013,1,Inner London,1.0,Insufficiently Active,42,48.54949605247456,93.04507788252549,0.8390535004254882,0.0546492699492796,0.10584953027269958,0.0004476993525327424,25.332383190921202,False,False,0.05509696930181234,0.10629722962523233,0.3413813486983998,0.6586186513016001,0.8246271156783019,0.05598936765345278,0.11938351666824541,0.0,5.0,0.8351596718092184
2020,2020/21,112,Hammersmith and Fulham,E09000013,1,Inner London,2.0,Active,345,449.59457140590354,994.4311926090883,0.771714238175193,0.08198314834690185,0.070302275084001,0.07600033839390423,203.26723471667853,False,False,0.1579834867408061,0.14630261347790524,0.5191938988578595,0.4808061011421405,0.7712212357439842,0.08178026494907926,0.07070106266247948,0.07629743664445718,5.0,0.9759923830226974
2020,2020/21,114,Haringey,E09000014,1,Inner London,0.0,Inactive,107,196.3887104232036,598.0308470961334,0.9998583709466421,8.887116516127062e-05,4.725665136259829e-05,5.501236834043014e-06,64.49253540844363,False,False,9.437240199531363e-05,5.27578881966413e-05,0.641420620269217,0.358579379730783,1.0,0.0,0.0,0.0,5.0,0.9280498262063341
2020,2020/21,114,Haringey,E09000014,1,Inner London,1.0,Insufficiently Active,52,89.77633035417573,255.44295342113452,0.7619478464893777,0.11571927186468645,0.12196136406514696,0.00037151758078885416,31.55220914853098,False,False,0.1160907894454753,0.12233288164593581,0.4869096634325639,0.5130903365674361,0.738146566121949,0.12647280980350997,0.135380624074541,0.0,5.0,0.8632093622663859
2020,2020/21,114,Haringey,E09000014,1,Inner London,2.0,Active,326,546.231263821091,1483.5670079522145,0.7756990342941884,0.08873719128774274,0.06806013178074798,0.06750364263732073,201.11568400771336,False,False,0.15624083392506347,0.13556377441806872,0.5354296315339213,0.4645703684660787,0.7752998249500661,0.08870005180467373,0.06840744299192998,0.06759268025333011,5.0,0.9757417780986871
2020,2020/21,117,Harrow,E09000015,2,Outer London,0.0,Inactive,121,210.2311970881012,650.2808558797086,0.999865113515269,8.464025408869479e-05,4.5006892521920854e-05,5.2393381204188825e-06,67.96625770153659,False,False,8.987959220911367e-05,5.024623064233973e-05,0.6414206202692171,0.3585793797307829,1.0,0.0,0.0,0.0,5.0,0.9314751755468651
2020,2020/21,117,Harrow,E09000015,2,Outer London,1.0,Insufficiently Active,62,95.45800166835319,229.92057367024773,0.8973008720724076,0.05832759519553442,0.04406727200839049,0.00030426072366752433,39.63207788261736,False,False,0.05863185591920194,0.04437153273205801,0.5692225924499693,0.4307774075500307,0.8954282009381661,0.05964822983249902,0.04492356922933486,0.0,5.0,0.8879729504606523
2020,2020/21,117,Harrow,E09000015,2,Outer London,2.0,Active,313,473.3591436431433,1128.2108281273856,0.869560037084501,0.07405025166722093,0.021297816814767074,0.03509189443351098,198.60550287616144,False,False,0.10914214610073192,0.05638971124827806,0.6593422429291959,0.34065775707080415,0.8715187831817262,0.07364289119899578,0.020472251356332995,0.034366074262945065,5.0,0.9754427069535486
2020,2020/21,122,Havering,E09000016,2,Outer London,0.0,Inactive,134,219.51026993828617,576.377224955536,0.9944447116394102,0.005513907925956716,3.7065561938326185e-05,4.3148726947463404e-06,83.59934522412198,False,False,0.005518222798651462,4.138043463307253e-05,0.9925569446421404,0.007443055357859607,0.9942301850812233,0.005769814918776694,0.0,0.0,5.0,0.9435661743622152
2020,2020/21,122,Havering,E09000016,2,Outer London,1.0,Insufficiently Active,56,92.21530904271286,221.50580639893224,0.9199339329359022,0.07545721342758555,0.004295884976425725,0.00031296866008662165,38.39024971890774,False,False,0.07577018208767217,0.004608853636512347,0.9426609986672728,0.05733900133272718,0.9209484472035055,0.07905155279649458,0.0,0.0,5.0,0.8847667383250574
2020,2020/21,122,Havering,E09000016,2,Outer London,2.0,Active,285,495.36219580874285,1370.4089223504434,0.855484803066902,0.0754991173880238,0.033440250186100084,0.035575829358973965,179.05874738146906,False,False,0.11107494674699776,0.06901607954507405,0.616771135319404,0.383228864680596,0.8572643396057079,0.07508774568394957,0.032863625599573405,0.034784289110769036,5.0,0.9728347602538155
2020,2020/21,126,Hillingdon,E09000017,2,Outer London,0.0,Inactive,163,305.4752233524324,891.018220075705,0.9999103045162409,5.628324106096719e-05,2.9928239328793063e-05,3.4840033693948718e-06,104.72862392678118,False,False,5.9767244430362065e-05,3.3412242698187933e-05,0.641420620269217,0.358579379730783,1.0,0.0,0.0,0.0,5.0,0.9544330383352264
2020,2020/21,126,Hillingdon,E09000017,2,Outer London,1.0,Insufficiently Active,54,99.7792133865165,318.7356746959112,0.9244601088777857,0.05673648129679314,0.018428645824094092,0.00037476400132699844,31.235572966629423,False,False,0.05711124529812014,0.01880340982542109,0.7523085655224148,0.24769143447758524,0.9264315257572485,0.05815742290527186,0.015411051337479593,0.0,5.0,0.8620140488849267
2020,2020/21,126,Hillingdon,E09000017,2,Outer London,2.0,Active,273,527.1607837267375,1620.0978996556366,0.836516509973046,0.06114577621931834,0.06921949344759268,0.0331182203600428,171.5319129531971,False,False,0.09426399657936113,0.10233771380763548,0.479466818441249,0.5205331815587511,0.8378212241468448,0.06029796658798218,0.0696604990822426,0.032220310182930326,5.0,0.9716765092704478
2020,2020/21,129,Hounslow,E09000018,2,Outer London,0.0,Inactive,149,240.27078680708166,719.4012347782301,0.9998845458460485,7.244661276137795e-05,3.852300479523334e-05,4.484536394918635e-06,80.24736155851961,False,False,7.693114915629658e-05,4.3007541190151975e-05,0.641420620269217,0.358579379730783,1.0,0.0,0.0,0.0,5.0,0.9413471583332504
2020,2020/21,129,Hounslow,E09000018,2,Outer London,1.0,Insufficiently Active,65,110.071314342702,362.57760018329645,0.9385725520239446,0.05251381721973446,0.00856013267785073,0.00035349807847015626,33.41545157506967,False,False,0.05286731529820461,0.008913630756320887,0.8557220093642778,0.14427799063572222,0.9425270265346374,0.05321021974643336,0.004262753718929292,0.0,5.0,0.8698440394425864
2020,2020/21,129,Hounslow,E09000018,2,Outer London,2.0,Active,324,476.4606301716338,1224.6244139261448,0.8086211254237493,0.08529158740755031,0.07017848383248436,0.035908803336216,185.3749847887985,False,False,0.12120039074376632,0.10608728716870036,0.5332466408075284,0.46675335919247163,0.8090760044649448,0.08515835825599993,0.07061242313745986,0.03515321414159537,5.0,0.973736045176592
2020,2020/21,135,Islington,E09000019,1,Inner London,0.0,Inactive,89,132.9785349655875,338.0475996298816,0.9894559778991217,0.010480049400256515,5.7302058769599594e-05,6.670641852107876e-06,52.31006160361705,False,False,0.010486720042108624,6.397270062170746e-05,0.9939366350455248,0.006063364954475237,0.9886362895411923,0.011363710458807574,0.0,0.0,5.0,0.9127552848471475
2020,2020/21,135,Islington,E09000019,1,Inner London,1.0,Insufficiently Active,46,75.98507303560484,194.73361603173262,0.8902983838304208,0.06091029819238501,0.048399397901753675,0.0003919200754404952,29.64938176511522,False,False,0.06130221826782551,0.048791317977194174,0.5568194133704071,0.4431805866295929,0.8866143174874512,0.06311112012816282,0.05027456238438605,0.0,5.0,0.8556972810108268
2020,2020/21,135,Islington,E09000019,1,Inner London,2.0,Active,390,582.6342528711499,1299.382377416685,0.7519463964061787,0.10607042253095311,0.05636008976455703,0.08562309129831104,261.2492508122299,False,False,0.19169351382926414,0.14198318106286806,0.5744887694096615,0.42551123059033846,0.7511844786241119,0.10637356913684273,0.056403533034477135,0.0860384192045682,5.0,0.9812206044345785
2020,2020/21,136,Kensington and Chelsea,E09000020,1,Inner London,0.0,Inactive,120,113.50241274249203,151.30204515685858,0.9873111937777921,0.012648135861477349,3.6429529754376006e-05,4.240830976234885e-06,85.14622313935743,False,False,0.012652376692453584,4.067036073061089e-05,0.9967958551985034,0.0032041448014965557,0.9866816665112923,0.01331833348870775,0.0,0.0,5.0,0.9445345592319438
2020,2020/21,136,Kensington and Chelsea,E09000020,1,Inner London,1.0,Insufficiently Active,51,48.188133094196715,77.84842739667971,0.847698591499822,0.09221260449912955,0.05969889870535876,0.0003899052956897757,29.828427480900608,False,False,0.09260250979481932,0.06008880400104853,0.6064687472570908,0.39353125274290923,0.8368958345891521,0.09964727538302501,0.06345689002782297,0.0,5.0,0.8564391113339261
2020,2020/21,136,Kensington and Chelsea,E09000020,1,Inner London,2.0,Active,331,342.4826155590626,543.9044350896907,0.7698375540009367,0.10136001126948951,0.08025021658512368,0.04855221814445006,215.652483033779,False,False,0.14991222941393956,0.12880243472957376,0.5378699031664443,0.46213009683355566,0.7693293536768322,0.10161804107088486,0.08085674869633433,0.04819585655594855,5.0,0.9773399332232551
2020,2020/21,139,Kingston upon Thames,E09000021,2,Outer London,0.0,Inactive,102,114.77727038073203,195.4832347702304,0.9956722272209027,8.531278388264875e-05,4.536450576966178e-05,0.0041970954894450605,67.39105689311967,False,False,0.004282408273327709,0.004242459995214722,0.5023430437195376,0.49765695628046236,0.9954971787436416,0.0,0.0,0.004502821256358339,5.0,0.9309306948317918
2020,2020/21,139,Kingston upon Thames,E09000021,2,Outer London,1.0,Insufficiently Active,48,55.06920292911428,100.30698273125873,0.987532333208814,0.006791815533485209,0.005290427093023391,0.00038542416467749645,30.233359918450752,False,False,0.007177239698162705,0.0056758512577008875,0.5584057346834881,0.4415942653165119,1.0,0.0,0.0,0.0,5.0,0.858089038014747
2020,2020/21,139,Kingston upon Thames,E09000021,2,Outer London,2.0,Active,328,389.2496022288268,793.1422972908495,0.7493882169078363,0.0965587378739194,0.062439575145018494,0.09161347007322591,191.031613561442,False,False,0.18817220794714531,0.15405304521824442,0.549848984569838,0.450151015430162,0.7482792834528557,0.0967243565367152,0.06265810938573117,0.09233825062469803,5.0,0.9744939098895248
2020,2020/21,142,Lambeth,E09000022,1,Inner London,0.0,Inactive,114,196.03005269668287,483.8931007279328,0.9998834057462139,7.316201682778522e-05,3.8903416152373124e-05,4.528820805888177e-06,79.41378271865494,False,False,7.76908376336734e-05,4.34322369582613e-05,0.641420620269217,0.358579379730783,1.0,0.0,0.0,0.0,5.0,0.9407679665693381
2020,2020/21,142,Lambeth,E09000022,1,Inner London,1.0,Insufficiently Active,49,97.12841023601452,487.9863820092188,0.9032409081694828,0.019240343475694997,0.02599078160184926,0.05152796675297306,19.332359309152416,False,True,0.07076831022866806,0.07751874835482232,0.47723861343451773,0.5227613865654823,0.9009381541680952,0.011838413813401352,0.023071033785303806,0.06415239823319963,5.0,0.7945123226041096
2020,2020/21,142,Lambeth,E09000022,1,Inner London,2.0,Active,363,748.4413606010163,2567.3354463022624,0.7640526646775411,0.08735773366970898,0.0629197204723467,0.08566988118040318,218.18904540312656,False,False,0.17302761485011214,0.14858960165274987,0.5379923896225014,0.4620076103774986,0.7634178064602885,0.08729188883957674,0.06312205728158862,0.08616824741854613,5.0,0.9775974667978486
2020,2020/21,147,Lewisham,E09000023,1,Inner London,0.0,Inactive,88,161.5584182230304,428.2553022542823,0.9998507577892749,9.364836411681687e-05,4.9796895153960216e-05,5.796951454303847e-06,60.94757580661479,False,False,9.944531557112072e-05,5.5593846608264065e-05,0.6414206202692171,0.3585793797307829,1.0,0.0,0.0,0.0,5.0,0.9241822017133421
2020,2020/21,147,Lewisham,E09000023,1,Inner London,1.0,Insufficiently Active,61,117.35033257714883,389.02325524028623,0.9056123222849357,0.03380848115812926,0.06024305628142681,0.00033614027550818643,35.39917053920467,False,False,0.034144621433637445,0.06057919655693499,0.36046500402924797,0.639534995970752,0.9046896849270357,0.03182379975655365,0.06348651531641067,0.0,5.0,0.8762350827191405
2020,2020/21,147,Lewisham,E09000023,1,Inner London,2.0,Active,342,673.4565183568591,2195.8271559910913,0.8293171436821773,0.08624881785075324,0.042862421913818706,0.04157161655325065,206.54798847891766,False,False,0.1278204344040039,0.08443403846706936,0.6022037259099084,0.39779627409009155,0.830226391397527,0.08615241797839092,0.04259062639575216,0.04103056422832998,5.0,0.976364700813507
2020,2020/21,160,Merton,E09000024,2,Outer London,0.0,Inactive,100,122.25036960563075,206.51633673122592,0.9998727875196451,7.982487409287482e-05,4.244634621617643e-05,4.9412600457717514e-06,72.36789643505996,False,False,8.476613413864657e-05,4.738760626194818e-05,0.6414206202692171,0.3585793797307829,1.0,0.0,0.0,0.0,5.0,0.9353737114437791
2020,2020/21,160,Merton,E09000024,2,Outer London,1.0,Insufficiently Active,54,75.50663308072666,174.2110054306081,0.8910162246194409,0.05136202710006172,0.057261791161017955,0.00035995711947952685,32.72612786485762,False,False,0.051721984219541245,0.05762174828049748,0.47302193767276907,0.5269780623272309,0.8877881896395048,0.05189712414489434,0.060314686215600925,0.0,5.0,0.8674658576700217
2020,2020/21,160,Merton,E09000024,2,Outer London,2.0,Active,337,437.64079074682036,911.6664565122142,0.7443945298226013,0.11587060788676831,0.08061977552413682,0.059115086766493415,210.08720937067423,False,False,0.17498569465326172,0.13973486229063023,0.5560033839303925,0.4439966160696075,0.7432673322965228,0.11648081995459499,0.08125117022405555,0.059000677524826614,5.0,0.9767536153608132
2020,2020/21,171,Newham,E09000025,1,Inner London,0.0,Inactive,159,319.9571067430626,1133.8238756603032,0.997077464596195,0.0028840602936749354,3.446318508396635e-05,4.011925046225564e-06,90.28964052796384,False,False,0.002888072218721161,3.847511013019191e-05,0.9868530709375909,0.013146929062409107,0.9970246289111065,0.0029753710888935966,0.0,0.0,5.0,0.9475283989707917
2020,2020/21,171,Newham,E09000025,1,Inner London,1.0,Insufficiently Active,57,112.70072323920053,372.9018410491625,0.9216349334325556,0.024798276645416513,0.05321913502727954,0.0003476548947482826,34.06111641311083,False,False,0.025145931540164795,0.053566789922027826,0.3194646439996731,0.6805353560003269,0.9230280897221037,0.02141297662866362,0.05555893364923266,0.0,5.0,0.8719954661018917
2020,2020/21,171,Newham,E09000025,1,Inner London,2.0,Active,287,604.8667633789261,2159.8368324801545,0.8092316534734367,0.08001994630698397,0.040756418343399575,0.06999198187617969,169.3941856803942,False,False,0.15001192818316367,0.11074840021957927,0.5752866208676921,0.4247133791323079,0.8097474671375235,0.07971854542217888,0.04036284618436387,0.07017114125593372,5.0,0.9713293193778644
2020,2020/21,196,Redbridge,E09000026,2,Outer London,0.0,Inactive,145,286.0873973364331,897.78258207146,0.9998976529722272,6.42219897210617e-05,3.4149616161251566e-05,3.975421890417638e-06,91.16460995031818,False,False,6.819741161147934e-05,3.81250380516692e-05,0.641420620269217,0.358579379730783,1.0,0.0,0.0,0.0,5.0,0.9480058204095752
2020,2020/21,196,Redbridge,E09000026,2,Outer London,1.0,Insufficiently Active,57,102.00750223304372,265.9420779538933,0.9273859965492997,0.03584161508681249,0.03646464545915819,0.00030774290472961605,39.127055755458294,False,False,0.036149357991542105,0.036772388363887805,0.495728089332166,0.504271910667834,0.929333696744785,0.03430583876537118,0.0363604644898437,0.0,5.0,0.886690831409446
2020,2020/21,196,Redbridge,E09000026,2,Outer London,2.0,Active,307,528.4180395814672,1481.4107016831124,0.8568947900399305,0.04117809420685474,0.04780786693969136,0.05411924881352335,188.4863017648498,False,False,0.0952973430203781,0.1019271157532147,0.4831923160695617,0.5168076839304383,0.8586227220719866,0.03987686002883187,0.04764121508164782,0.05385920281753371,5.0,0.9741583773404452
2020,2020/21,201,Richmond upon Thames,E09000027,2,Outer London,0.0,Inactive,84,110.66340463909485,260.0564522751006,0.9998110592882506,0.00011855887476090541,6.304289361291814e-05,7.3389433755462715e-06,47.091271987980534,False,False,0.00012589781813645168,7.038183698846442e-05,0.6414206202692171,0.3585793797307829,1.0,0.0,0.0,0.0,5.0,0.9040146302982639
2020,2020/21,201,Richmond upon Thames,E09000027,2,Outer London,1.0,Insufficiently Active,39,51.025715737112854,137.41239821205008,0.8688056329128397,0.08648773114472934,0.038367087049027145,0.006339548893403782,18.94751638397886,False,True,0.09282728003813312,0.044706635942430926,0.6749410091053558,0.3250589908946442,0.8573690921205145,0.09668116075410801,0.03865398023566747,0.00729576688971005,5.0,0.7912100812531419
2020,2020/21,201,Richmond upon Thames,E09000027,2,Outer London,2.0,Active,374,459.8000751016281,846.6447449644708,0.7751229655968737,0.07067276547419968,0.03562475633351833,0.1185795125954085,249.71053127169043,False,False,0.18925227806960818,0.15420426892892683,0.5510224793310329,0.4489775206689671,0.7747899095444577,0.07028114618160992,0.035255019642936876,0.11967392463099558,5.0,0.9803698733026995
2020,2020/21,241,Southwark,E09000028,1,Inner London,0.0,Inactive,105,213.9578831820039,758.5338940221783,0.9998493944665339,9.450383887719403e-05,5.02517881715918e-05,5.849906417298209e-06,60.35060019926487,False,False,0.00010035374529449224,5.610169458889001e-05,0.641420620269217,0.358579379730783,1.0,0.0,0.0,0.0,5.0,0.9234896085919001
2020,2020/21,241,Southwark,E09000028,1,Inner London,1.0,Insufficiently Active,41,72.06026923890826,194.60640491681642,0.8548502229792452,0.036355075506805355,0.10836608714740491,0.0004286143665446802,26.682998460423416,False,False,0.03678368987335003,0.10879470151394958,0.252672732009313,0.747327267990687,0.8441141322010106,0.03419927942030851,0.121686588378681,0.0,5.0,0.8421866539479932
2020,2020/21,241,Southwark,E09000028,1,Inner London,2.0,Active,349,722.1692606796626,2373.00587001485,0.7730217324868385,0.12888869950340276,0.03747877601347507,0.06061079199628365,219.77545342833338,False,False,0.18949949149968642,0.09808956800975871,0.6589245495740522,0.3410754504259478,0.7725955075928345,0.12976817992545187,0.037100858253596415,0.060535454228117284,5.0,0.9777555781837443
2020,2020/21,255,Sutton,E09000029,2,Outer London,0.0,Inactive,142,180.860382254182,388.8566052240789,0.9914099487693062,0.0025957911363030453,0.0059899704126439145,4.28968174676438e-06,84.1196405813382,False,False,0.0026000808180498096,0.005994260094390679,0.3025340563679686,0.6974659436320314,0.9910163653692903,0.0026766649137317283,0.0063069697169780255,0.0,5.0,0.9438956444686671
2020,2020/21,255,Sutton,E09000029,2,Outer London,1.0,Insufficiently Active,59,60.321723475191014,95.65594943217361,0.9546560162298977,0.02766370165267104,0.017364763371393456,0.00031551874603781473,38.03956099560223,False,False,0.027979220398708857,0.01768028211743127,0.6127797907745165,0.3872202092254835,0.9602438271031946,0.025009097596138213,0.014747075300667274,0.0,5.0,0.8838278113359266
2020,2020/21,255,Sutton,E09000029,2,Outer London,2.0,Active,331,390.30706861991433,729.2820700827815,0.77471529891173,0.08127181609955163,0.06814014251208794,0.07587274247663037,208.889830237261,False,False,0.15714455857618198,0.1440128849887183,0.5218020073354649,0.4781979926645351,0.7743073999866317,0.08105736713173357,0.06847644316098657,0.07615878972064806,5.0,0.9766234795059977
2020,2020/21,272,Tower Hamlets,E09000030,1,Inner London,0.0,Inactive,126,279.34954410119616,1085.5607558033357,0.9998719894988884,8.03256261122858e-05,4.271261777408253e-05,4.972257225215794e-06,71.88558297853893,False,False,8.52978833375016e-05,4.7684874999298324e-05,0.641420620269217,0.358579379730783,1.0,0.0,0.0,0.0,5.0,0.9349683021666669
2020,2020/21,272,Tower Hamlets,E09000030,1,Inner London,1.0,Insufficiently Active,63,124.0229922048443,598.3383388002235,0.9003831632836458,0.08101566715462977,0.01815893728532169,0.0004422322764027161,25.707365879789624,False,False,0.08145789943103249,0.018601169561724407,0.8140981147538869,0.18590188524611306,0.8980956324467806,0.08746439688280745,0.014439970670411936,0.0,5.0,0.8371726178151021
2020,2020/21,272,Tower Hamlets,E09000030,1,Inner London,2.0,Active,297,584.8187184193362,1864.3067142098141,0.7654843941841312,0.1444834310305258,0.044661724491832734,0.04537045029351036,183.45314684906708,False,False,0.18985388132403616,0.09003217478534309,0.6783256156563993,0.32167438434360074,0.7647683505342296,0.14596207487410062,0.044404752586723106,0.044864822004946715,5.0,0.9734682063759619
2020,2020/21,279,Waltham Forest,E09000031,2,Outer London,0.0,Inactive,116,214.36048953497283,630.1256856661515,0.9998736931420602,7.925660284262722e-05,4.21441717560621e-05,4.906083341067624e-06,72.9226256268155,False,False,8.416268618369484e-05,4.7050255097129725e-05,0.641420620269217,0.358579379730783,1.0,0.0,0.0,0.0,5.0,0.9358337843498006
2020,2020/21,279,Waltham Forest,E09000031,2,Outer London,1.0,Insufficiently Active,60,114.59516671747198,356.53816580937684,0.9708378799317152,0.005720449973452796,0.016943800750875822,0.006497869343956188,36.83210801624601,False,False,0.012218319317408983,0.023441670094832008,0.34263384590952245,0.6573661540904776,0.9788055800407155,0.0,0.014183151860196318,0.007011268099088253,5.0,0.8804745866964632
2020,2020/21,279,Waltham Forest,E09000031,2,Outer London,2.0,Active,329,517.6408357330309,1270.5886640364467,0.7572428344702715,0.08915224525573762,0.09082876140416682,0.06277615886982409,210.88810439025335,False,False,0.1519284041255617,0.15360492027399092,0.49725641032492285,0.5027435896750772,0.7564245414711287,0.08912666741332334,0.09169980569776803,0.06274898541777989,5.0,0.9768398540803264
2020,2020/21,280,Wandsworth,E09000032,1,Inner London,0.0,Inactive,79,178.4931451949471,674.5812385660313,0.9998115575551767,0.00011824621601444532,6.287663940267886e-05,7.3195894061300866e-06,47.22900825008028,False,False,0.0001255658054205754,7.019622880880895e-05,0.641420620269217,0.358579379730783,1.0,0.0,0.0,0.0,5.0,0.9042677590954963
2020,2020/21,280,Wandsworth,E09000032,1,Inner London,1.0,Insufficiently Active,41,75.64599404037277,219.4270206742913,0.9396319539802124,0.05393338421143418,0.005997709879935261,0.0004369519284181155,26.07844921182287,False,False,0.054370336139852295,0.006434661808353377,0.8941754456790791,0.10582455432092086,0.9449021125000653,0.05509788749993471,0.0,0.0,5.0,0.8391168115911685
2020,2020/21,280,Wandsworth,E09000032,1,Inner London,2.0,Active,405,803.5505041926367,2414.6257754517997,0.7472637251643881,0.11673456854373353,0.051624342790986905,0.08437736350089145,267.4093101103525,False,False,0.20111193204462496,0.13600170629187835,0.5965701448242124,0.40342985517578756,0.7464318027236075,0.11723012927676917,0.05157823664328658,0.08475983135633668,5.0,0.9816452675645538
2020,2020/21,293,Westminster,E09000033,1,Inner London,0.0,Inactive,105,186.15821696251757,526.159961439386,0.9898377319369097,0.010110531059643098,4.634221759096171e-05,5.394785856206667e-06,65.86377581422266,False,False,0.010115925845499306,5.173700344716838e-05,0.9949116130013566,0.005088386998643446,0.9892157029414013,0.01078429705859868,0.0,0.0,5.0,0.9294420888168864
2020,2020/21,293,Westminster,E09000033,1,Inner London,1.0,Insufficiently Active,59,119.17928830254633,447.52276855770504,0.9023728791595204,0.03083619693217565,0.06642129022202306,0.0003696336862810034,31.738503062263714,False,False,0.03120583061845665,0.06679092390830406,0.3184373887600026,0.6815626112399974,0.9008334929852772,0.028154359784306714,0.07101214723041616,0.0,5.0,0.8639030013953999
2020,2020/21,293,Westminster,E09000033,1,Inner London,2.0,Active,327,557.4657569759368,1518.4049685209375,0.81741099812393,0.09655784197943446,0.03043797419962823,0.05559318569700724,204.66744817324334,False,False,0.1521510276764417,0.08603115989663547,0.638801033892427,0.36119896610757296,0.8180377346176332,0.09671240452076525,0.029860153656299425,0.05538970720530214,5.0,0.9761527120992639
2021,2021/22,8,Barking and Dagenham,E09000002,2,Outer London,0.0,Inactive,196,216.98037950200126,387.5730213660483,0.9998251583916336,8.331849086434853e-05,7.873122212668018e-05,1.279189537543896e-05,121.4751349897668,False,False,9.61103862397875e-05,9.152311750211914e-05,0.5122240128926501,0.48777598710734993,1.0,0.0,0.0,0.0,5.0,0.9604665375498151
2021,2021/22,8,Barking and Dagenham,E09000002,2,Outer London,1.0,Insufficiently Active,47,45.294841476173616,63.89295276050244,0.9067117382489484,0.050464576555275115,0.04162342775555283,0.0012002574402237615,32.11031225997707,False,False,0.05166483399549888,0.0428236851957766,0.5467842488981383,0.45321575110186174,0.9097195907830214,0.04729459755490934,0.04298581166206925,0.0,5.0,0.8652665608154306
2021,2021/22,8,Barking and Dagenham,E09000002,2,Outer London,2.0,Active,276,342.00260273494155,660.2031778063556,0.853687081041806,0.07418153543085088,0.04409689519144847,0.02803448833589463,177.16633940798982,False,False,0.1022160237667455,0.07213138352734311,0.5862778538159037,0.4137221461840963,0.8561927500831219,0.07363262201281523,0.04359783046446495,0.026576797439597913,5.0,0.9725525581935216
2021,2021/22,9,Barnet,E09000003,2,Outer London,0.0,Inactive,115,274.7209463633712,924.5838169954884,0.9997447337237945,0.00012164381865803367,0.000114946471158436,1.8675986389094126e-05,81.62764368517445,False,False,0.0001403198050471278,0.00013362245754753013,0.5122240128926501,0.48777598710734993,1.0,0.0,0.0,0.0,5.0,0.9422817037691664
2021,2021/22,9,Barnet,E09000003,2,Outer London,1.0,Insufficiently Active,54,154.1283339614705,725.6662332132086,0.807102452381477,0.16972806055969328,0.021989136432903747,0.0011803506259259855,32.73618399543051,False,False,0.17090841118561925,0.023169487058829732,0.8806175908312504,0.11938240916874965,0.7948388560718905,0.18483453737237873,0.020326606555730754,0.0,5.0,0.867501176043517
2021,2021/22,9,Barnet,E09000003,2,Outer London,2.0,Active,337,815.7318703753297,3222.0820809990014,0.7328843852835152,0.10474167298222951,0.08025766028604099,0.08211628144821428,206.51816670657928,False,False,0.18685795443044378,0.1623739417342553,0.535054090083229,0.464945909916771,0.7321091834234239,0.10501066484729153,0.08070501247853312,0.08217513925075146,5.0,0.9763613684921161
2021,2021/22,17,Bexley,E09000004,2,Outer London,0.0,Inactive,123,186.93787070531627,407.92581952268847,0.9960704890154318,0.00011622443971967405,0.0037954425961938365,1.784394865461066e-05,85.66696647132407,False,False,0.0001340683883742847,0.003813286544848447,0.03396410777401958,0.9660358922259804,0.996099269783547,0.0,0.0039007302164530086,0.0,5.0,0.9448531235289384
2021,2021/22,17,Bexley,E09000004,2,Outer London,1.0,Insufficiently Active,59,90.94079907675061,205.0685780024829,0.8573800272547368,0.10905820663000479,0.032579131578239516,0.0009826345370188437,40.32908901634745,False,False,0.11004084116702363,0.03356176611525836,0.7662872091919233,0.23371279080807672,0.8536587562186078,0.11379868402429551,0.032542559757096745,0.0,5.0,0.8896955551390675
2021,2021/22,17,Bexley,E09000004,2,Outer London,2.0,Active,305,486.17842892705175,1178.2089801537234,0.8080799304160399,0.0759366888884322,0.0643677254238389,0.05161565527168898,200.6176058199257,False,False,0.12755234416012118,0.11598338069552788,0.5237520870325094,0.4762479129674906,0.8091560296836326,0.07549568465415374,0.06443220969630223,0.05091607596591137,5.0,0.9756830161499942
2021,2021/22,30,Brent,E09000005,2,Outer London,0.0,Inactive,146,290.88883260847626,916.4403108198076,0.996324185955936,0.0019984066184958434,0.00010230543511263081,0.001575101990455444,92.33150477703022,False,False,0.0035735086089512874,0.0016774074255680748,0.6805495622971592,0.31945043770284076,0.9963646276860764,0.001992496563330484,0.0,0.001642875750592952,5.0,0.9486291719063201
2021,2021/22,30,Brent,E09000005,2,Outer London,1.0,Insufficiently Active,60,114.03187421608192,304.5095079007268,0.9326155607156551,0.05091386575495143,0.0155368262746543,0.0009337472547391492,42.70233933539942,False,False,0.05184761300969058,0.016470573529393448,0.7589137773736013,0.24108622262639867,0.9379104040416542,0.048582785745983056,0.0135068102123628,0.0,5.0,0.8951833375540652
2021,2021/22,30,Brent,E09000005,2,Outer London,2.0,Active,306,605.1730639082881,2053.6669875619646,0.802347679919636,0.09163529326187889,0.03839737478317291,0.0676196520353123,178.3319493852918,False,False,0.1592549452971912,0.10601702681848521,0.6003459167851526,0.3996540832148474,0.8033975378214442,0.09157932913540259,0.037741771156051124,0.06728136188710215,5.0,0.9727270668491504
2021,2021/22,35,Bromley,E09000006,2,Outer London,0.0,Inactive,93,195.91733193673178,707.8777641134553,0.9903558136060344,0.009448733556447162,0.00016813501534853863,2.731782217003698e-05,54.22348730119964,False,False,0.0094760513786172,0.0001954528375185756,0.9797908543334465,0.02020914566655352,0.9898743282341174,0.010125671765882681,0.0,0.0,5.0,0.9155740361155882
2021,2021/22,35,Bromley,E09000006,2,Outer London,1.0,Insufficiently Active,41,79.3956834005622,214.6193249709007,0.8874475573631596,0.10647435541765708,0.004782187103963468,0.0012959001152198278,29.371420972910975,False,False,0.1077702555328769,0.006078087219183296,0.9466124225240572,0.053387577475942805,0.8874564837161729,0.11254351628382704,0.0,0.0,5.0,0.8545303086555359
2021,2021/22,35,Bromley,E09000006,2,Outer London,2.0,Active,357,763.5937168323005,2431.633713812819,0.7420448451280253,0.08334441590805826,0.06538197595902384,0.1092287630048926,239.78749804036116,False,False,0.19257317891295087,0.17461073896391643,0.5244597313151634,0.47554026868483656,0.7415682107384717,0.08312991523992665,0.06545707550832364,0.10984479851327797,5.0,0.9795741202470414
2021,2021/22,44,Camden,E09000007,1,Inner London,0.0,Inactive,89,174.88756806324128,531.314601780926,0.9996465634269504,0.00016842559478772112,0.0001591525815876764,2.5858396674254884e-05,57.56600959309992,False,False,0.000194283991461976,0.00018501097826193128,0.5122240128926501,0.48777598710734993,1.0,0.0,0.0,0.0,5.0,0.9200844031365008
2021,2021/22,44,Camden,E09000007,1,Inner London,1.0,Insufficiently Active,42,86.22072924293037,269.4026407018929,0.877920523718057,0.09205452747214748,0.028658398786892914,0.001366550022902564,27.59443683185276,False,False,0.09342107749505005,0.030024948809795476,0.7567767087484052,0.2432232912515948,0.876203765052458,0.09590170651305124,0.027894528434490633,0.0,5.0,0.8465995891938904
2021,2021/22,44,Camden,E09000007,1,Inner London,2.0,Active,372,645.445074861527,1773.882251276042,0.6727624216215217,0.1295598935074028,0.07992151911884122,0.11775616575223433,234.85174642416177,False,False,0.24731605925963712,0.19767768487107557,0.5557742384508453,0.4442257615491547,0.6708007454053632,0.13032481355672196,0.08030774425964057,0.1185666967782743,5.0,0.9791537894781144
2021,2021/22,68,Croydon,E09000008,2,Outer London,0.0,Inactive,113,282.48262698595846,1068.8582129530648,0.9944224562851396,0.00013229069502718567,0.0001250071621248597,0.005320245857708407,74.65577153439727,False,False,0.0054525365527355926,0.005445253019833267,0.5003341747816759,0.49966582521832414,0.9943451065714384,0.0,0.0,0.00565489342856162,5.0,0.9372299093501231
2021,2021/22,68,Croydon,E09000008,2,Outer London,1.0,Insufficiently Active,59,152.25754245403246,611.5841200294672,0.9210336542129688,0.054199647706897044,0.023728556099317365,0.001038141980816864,37.905430299636514,False,False,0.05523778968771391,0.02476669808013423,0.6904336397728008,0.3095663602271992,0.9254708196162268,0.05200698931615449,0.022522191067618835,0.0,5.0,0.8834646345443514
2021,2021/22,68,Croydon,E09000008,2,Outer London,2.0,Active,325,740.6763361282651,2578.9549222575065,0.7759031737419575,0.0886651535335108,0.08784456489601115,0.04758710782852059,212.72238229746515,False,False,0.1362522613620314,0.13543167272453174,0.5015101898466293,0.4984898101533707,0.7761617298690777,0.0885484244420827,0.08845719849059576,0.046832647198243864,5.0,0.977034974781928
2021,2021/22,78,Ealing,E09000009,2,Outer London,0.0,Inactive,109,225.49295709458923,734.7677374858552,0.973848978100262,0.012521427773195837,0.013607790586379861,2.1803540162302275e-05,69.2015600375229,False,False,0.01254323131335814,0.013629594126542164,0.479246359632081,0.5207536403679189,0.9722790424886977,0.013273859097844206,0.014447098413458107,0.0,5.0,0.932615971989382
2021,2021/22,78,Ealing,E09000009,2,Outer London,1.0,Insufficiently Active,57,119.67179013801815,420.71050212354663,0.9275020194850591,0.0504491326463786,0.01570497738772148,0.006343870480840851,34.04083635314677,False,False,0.05679300312721945,0.02204884786856233,0.7203408140463116,0.27965918595368844,0.9333930172326237,0.047456661073500196,0.013183133379766858,0.005967188314109218,5.0,0.8719289731712679
2021,2021/22,78,Ealing,E09000009,2,Outer London,2.0,Active,319,695.1811357087977,2346.1087514317874,0.751973402111588,0.1136017573263243,0.0686800592474902,0.06574478131459742,205.9907969528006,False,False,0.1793465386409217,0.13442484056208762,0.5715834857101001,0.4284165142898999,0.7516595619605252,0.11408649805275074,0.06884753444533019,0.06540640554139383,5.0,0.9763022839279644
2021,2021/22,91,Enfield,E09000010,2,Outer London,0.0,Inactive,149,291.706690386356,824.0609065235817,0.9997957412656514,9.733683904414881e-05,9.19777616756251e-05,1.494413362882301e-05,103.26032037502837,False,False,0.00011228097267297182,0.00010692189530444811,0.5122240128926501,0.48777598710734993,1.0,0.0,0.0,0.0,5.0,0.9538150267551461
2021,2021/22,91,Enfield,E09000010,2,Outer London,1.0,Insufficiently Active,45,92.00304524991623,277.6464412663433,0.953596209268742,0.026721595423346144,0.01842702751107273,0.0012551677968391506,30.486831729775965,False,False,0.027976763220185295,0.019682195307911883,0.5870200290610985,0.4129799709389015,0.9644535342323174,0.01948883594300967,0.01605762982467295,0.0,5.0,0.8591026655162161
2021,2021/22,91,Enfield,E09000010,2,Outer London,2.0,Active,312,615.1703274162504,1995.193849204351,0.8244385080938333,0.073173995702892,0.04821903290010042,0.054168463303174215,189.6730645417386,False,False,0.12734245900606622,0.10238749620327464,0.5543136892619237,0.4456863107380763,0.8260079315003525,0.07263471681365051,0.047861539955976355,0.05349581173002072,5.0,0.9743159126211424
2021,2021/22,107,Greenwich,E09000011,2,Outer London,0.0,Inactive,115,225.2814334487452,737.2573024004438,0.9997005207200935,0.0001427129496237901,0.00013485559832663915,2.1910731956007664e-05,68.83855079017641,False,False,0.00016462368157979778,0.00015676633028264682,0.5122240128926501,0.48777598710734993,1.0,0.0,0.0,0.0,5.0,0.932284694830912
2021,2021/22,107,Greenwich,E09000011,2,Outer London,1.0,Insufficiently Active,61,107.07009511855782,275.85090612784876,0.8920065610161243,0.07189249936456471,0.013911629645015222,0.022189309974295864,41.558700783762475,False,False,0.09408180933886057,0.03610093961931109,0.7226902956941668,0.27730970430583324,0.8925613713807914,0.07202124733758179,0.01163022006992276,0.02378716121170413,5.0,0.8926086871877712
2021,2021/22,107,Greenwich,E09000011,2,Outer London,2.0,Active,320,533.9449830360094,1436.0348872951477,0.7217360250099129,0.08238277895998622,0.10139853491504223,0.09448266111505874,198.53086260760767,False,False,0.17686544007504496,0.19588119603010096,0.47449238421873785,0.5255076157812621,0.7206488637217046,0.0820994841485856,0.1023963179559701,0.09485533417373986,5.0,0.9754337011304294
2021,2021/22,109,Hackney,E09000012,1,Inner London,0.0,Inactive,98,168.53498192150732,478.42542008498003,0.9996564677434809,0.00016370582176523612,0.00015469266525498893,2.5133769498784985e-05,59.36983893171385,False,False,0.00018883959126402111,0.00017982643475377392,0.5122240128926501,0.48777598710734993,1.0,0.0,0.0,0.0,5.0,0.9223238696417402
2021,2021/22,109,Hackney,E09000012,1,Inner London,1.0,Insufficiently Active,48,85.43784319879276,241.6452519539098,0.8620411325739539,0.0669437514539754,0.05121523404548396,0.019799881926586698,30.208021847885483,False,False,0.0867436333805621,0.07101511597207066,0.5498499052288187,0.4501500947711813,0.8578445670089434,0.0663017649921187,0.054251037070510065,0.02160263092842777,5.0,0.8579869093014583
2021,2021/22,109,Hackney,E09000012,1,Inner London,2.0,Active,367,619.4137299117161,1608.91196450409,0.7156504464798967,0.11410106027407985,0.03651895882314547,0.133729534422878,238.46759628106992,False,False,0.24783059469695784,0.17024849324602348,0.5927840015063313,0.40721599849366874,0.7146177570712215,0.11453025335895586,0.03598929712227454,0.13486269244754806,5.0,0.9794633861903012
2021,2021/22,112,Hammersmith and Fulham,E09000013,1,Inner London,0.0,Inactive,105,112.40311375899515,201.2037223750234,0.9996738207368843,0.00015543647881049742,0.0001468786077719841,2.386417653324672e-05,62.79436500269239,False,False,0.00017930065534374414,0.00017074278430523083,0.5122240128926501,0.48777598710734993,1.0,0.0,0.0,0.0,5.0,0.9262475575986082
2021,2021/22,112,Hammersmith and Fulham,E09000013,1,Inner London,1.0,Insufficiently Active,41,41.281146777951506,76.24790224765196,0.7885828934716967,0.12831125033207685,0.08147726060717031,0.0016285955890561784,22.34990116538261,False,False,0.12993984592113303,0.08310585619622649,0.609915359144648,0.390084640855352,0.7664771518789576,0.1411723520970328,0.09235049602400966,0.0,5.0,0.8171839828683325
2021,2021/22,112,Hammersmith and Fulham,E09000013,1,Inner London,2.0,Active,387,432.85287284460406,824.5686909890746,0.7296348269493802,0.09427379171644636,0.06094413023433475,0.11514725109983877,227.22377356468107,False,False,0.20942104281628512,0.1760913813341735,0.5432277397486723,0.45677226025132767,0.7288587591291964,0.09428792888375187,0.06092572857007537,0.11592758341697637,5.0,0.978469043357409
2021,2021/22,114,Haringey,E09000014,1,Inner London,0.0,Inactive,98,164.35808039362072,460.93879806782274,0.9996523399156066,0.00016567288436692337,0.0001565514272299588,2.54357727964526e-05,58.605564781945525,False,False,0.00019110865716337596,0.0001819872000264114,0.5122240128926501,0.48777598710734993,1.0,0.0,0.0,0.0,5.0,0.9213905258582147
2021,2021/22,114,Haringey,E09000014,1,Inner London,1.0,Insufficiently Active,57,96.15780012762923,256.73516042897506,0.887069046362049,0.045460595688188554,0.02584920580160017,0.04162115214816229,36.01502228964488,False,False,0.08708174783635084,0.06747035794976246,0.5634458837905737,0.4365541162094263,0.8870237770485849,0.041939594954802685,0.02487393118338474,0.046162696813227655,5.0,0.8780934467208041
2021,2021/22,114,Haringey,E09000014,1,Inner London,2.0,Active,335,553.6734184677839,1416.997367295568,0.8106620155758313,0.06470205063615765,0.050232674436925154,0.07440325935108598,216.3407366824404,False,False,0.13910530998724363,0.12463593378801113,0.5274310077409858,0.47256899225901416,0.8117195828560233,0.06403344606765657,0.049965787231744344,0.07428118384457584,5.0,0.977410394150926
2021,2021/22,117,Harrow,E09000015,2,Outer London,0.0,Inactive,158,220.23832029910363,514.0691227070089,0.9963433758001119,0.00010606142335917482,0.003534279156687623,1.628361984123787e-05,94.35485537966399,False,False,0.0001223450432004127,0.003550562776528861,0.033310131700890505,0.9666898682991095,0.9963839671931581,0.0,0.003616032806841799,0.0,5.0,0.9496753331189146
2021,2021/22,117,Harrow,E09000015,2,Outer London,1.0,Insufficiently Active,57,73.89450524994821,145.2170458220884,0.8927906861681885,0.094329482739167,0.011834285971785737,0.0010455451208588663,37.601631924287936,False,False,0.09537502786002586,0.012879831092644603,0.8810230670728995,0.11897693292710054,0.8935081503397322,0.09745529162950468,0.00903655803076319,0.0,5.0,0.8826336040627257
2021,2021/22,117,Harrow,E09000015,2,Outer London,2.0,Active,303,490.88658145282517,1291.501908352929,0.7641673749586073,0.1010848352646306,0.0502769738044774,0.08447081597228459,186.58093673106006,False,False,0.1855556512369152,0.134747789776762,0.5793120756045573,0.42068792439544267,0.7641476606262507,0.10128457441749654,0.04996870502445149,0.0845990599318012,5.0,0.9739013699102068
2021,2021/22,122,Havering,E09000016,2,Outer London,0.0,Inactive,130,221.0080997992202,596.8625558762122,0.9936497514821916,0.0018123678526165015,0.004519249395516417,1.8631269675516505e-05,81.83555777788197,False,False,0.0018309991222920181,0.004537880665191933,0.28749155006666577,0.7125084499333343,0.9935319771695239,0.0017943331723845241,0.004673689658091579,0.0,5.0,0.94241990115628
2021,2021/22,122,Havering,E09000016,2,Outer London,1.0,Insufficiently Active,59,86.03058814094177,179.37086049939103,0.934571147555793,0.04442731198892811,0.020038728698768903,0.0009628117565100282,41.26234370103542,False,False,0.04539012374543814,0.02100154045527893,0.683672028588009,0.316327971411991,0.9402877431118848,0.041228866952764585,0.018483389935350588,0.0,5.0,0.891920737256377
2021,2021/22,122,Havering,E09000016,2,Outer London,2.0,Active,326,501.9133147872323,1190.5779798296949,0.8353942957882686,0.09262742607770362,0.03381324066719458,0.038165037466833196,211.59216769383102,False,False,0.13079246354453683,0.07197827813402777,0.6450263113002325,0.35497368869976753,0.8370600298718675,0.0926037034241397,0.0331523667560632,0.037183899947929644,5.0,0.9769151393919845
2021,2021/22,126,Hillingdon,E09000017,2,Outer London,0.0,Inactive,137,247.66650921066793,727.9937242365539,0.995598799717106,0.00011806016202022436,0.004265014333609832,1.8125787264064493e-05,84.2571820916776,False,False,0.00013618594928428886,0.004283140120873896,0.0308159993452156,0.9691840006547844,0.9956000709987088,0.0,0.00439992900129121,0.0,5.0,0.9439820988874104
2021,2021/22,126,Hillingdon,E09000017,2,Outer London,1.0,Insufficiently Active,48,80.44715736792428,185.34183216098515,0.9418452794268781,0.052921164619234455,0.004117717118563383,0.0011158388353241875,34.91788687487621,False,False,0.05403700345455864,0.0052335559538875705,0.911700581095886,0.08829941890411397,0.9496421656177944,0.050357834382205736,0.0,0.0,5.0,0.8747428686374946
2021,2021/22,126,Hillingdon,E09000017,2,Outer London,2.0,Active,300,604.8195928658348,1893.358450204765,0.7821476528177524,0.12980871062675586,0.032950516715162186,0.055093119840329594,193.20522211461463,False,False,0.18490183046708547,0.08804363655549177,0.677431402265387,0.322568597734613,0.7825939299408751,0.1307449528932662,0.03220442216548569,0.05445669500037302,5.0,0.9747736212666047
2021,2021/22,129,Hounslow,E09000018,2,Outer London,0.0,Inactive,149,254.21451837778812,709.3800744972867,0.9997698964105406,0.00010965286807496532,0.00010361570671381068,1.6835014670578487e-05,91.10070000182668,False,False,0.00012648788274554381,0.00012045072138438917,0.5122240128926502,0.4877759871073498,1.0,0.0,0.0,0.0,5.0,0.9479712426662349
2021,2021/22,129,Hounslow,E09000018,2,Outer London,1.0,Insufficiently Active,46,61.28727533857481,103.52219796841636,0.8966979018781783,0.05971924655876588,0.027244874174399532,0.016337977388656222,36.283330456065464,False,False,0.07605722394742209,0.043582851563055754,0.635716950385585,0.36428304961441504,0.8979798652939548,0.05818918675322835,0.026469140665491404,0.017361807287325476,5.0,0.8788857404486515
2021,2021/22,129,Hounslow,E09000018,2,Outer London,2.0,Active,301,495.8137448782571,1508.4861319763625,0.8199151603979488,0.08601391963806239,0.03921422473617314,0.054856695227815826,162.96554830644843,False,False,0.1408706148658782,0.09407091996398897,0.5995985978719753,0.40040140212802466,0.821603005537348,0.08578020729649664,0.03852186476036081,0.054094922405794624,5.0,0.9702319907242071
2021,2021/22,135,Islington,E09000019,1,Inner London,0.0,Inactive,98,142.73481930834842,351.8787562599228,0.999648431369181,0.00016753545125076935,0.00015831144671106802,2.5721732857187567e-05,57.89843314081101,False,False,0.00019325718410795692,0.0001840331795682556,0.5122240128926502,0.4877759871073498,1.0,0.0,0.0,0.0,5.0,0.9205067638361281
2021,2021/22,135,Islington,E09000019,1,Inner London,1.0,Insufficiently Active,55,88.61935316330131,208.14422482238655,0.8234890362401707,0.13496256639124488,0.03490213626656138,0.006646261102023113,37.73051960381495,False,False,0.14160882749326797,0.04154839736858449,0.7731544720667031,0.22684552793329693,0.8150202839065683,0.14346234155967663,0.03517088727549864,0.0063464872582564506,5.0,0.882987615260508
2021,2021/22,135,Islington,E09000019,1,Inner London,2.0,Active,362,575.3638170552839,1516.969404355417,0.8115027701959098,0.09020584447969175,0.06161689856685309,0.03667448675754534,218.22689437635134,False,False,0.12688033123723708,0.09829138532439843,0.5634825420114721,0.4365174579885279,0.8125704601259446,0.09012735994766354,0.061613152676903864,0.03568902724948805,5.0,0.9776012652329866
2021,2021/22,136,Kensington and Chelsea,E09000020,1,Inner London,0.0,Inactive,110,120.06187560988688,210.50927868220754,0.9770903488678336,0.019057080703330884,0.0038305516126391393,2.2018816196302827e-05,68.47609789554758,False,False,0.019079099519527187,0.003852570428835442,0.8319978249507937,0.16800217504920634,0.9757404597462039,0.020294705053169205,0.003964835200626889,0.0,5.0,0.9319506595585966
2021,2021/22,136,Kensington and Chelsea,E09000020,1,Inner London,1.0,Insufficiently Active,63,65.5668344973339,104.35171538136478,0.94102282152199,0.054454999537498265,0.003558011761146927,0.000964167179364931,41.197308259759524,False,False,0.0554191667168632,0.004522178940511858,0.9245565996072119,0.07544340039278807,0.9475314627850447,0.05246853721495533,0.0,0.0,5.0,0.8917685859122817
2021,2021/22,136,Kensington and Chelsea,E09000020,1,Inner London,2.0,Active,339,322.7664615274384,492.42792389022276,0.7436354908956921,0.10904296562563813,0.050301968918502894,0.09701957456016683,211.5602784341042,False,False,0.20606254018580494,0.14732154347866971,0.5831121143006933,0.4168878856993067,0.7431328552416847,0.10940720304590903,0.05003068877746299,0.09742925293494319,5.0,0.9769117400653813
2021,2021/22,139,Kingston upon Thames,E09000021,2,Outer London,0.0,Inactive,78,81.44117133208461,127.77396737664326,0.9844685745902546,0.015328024784434853,0.00017497196609001116,2.8428659220568537e-05,51.90935621800528,False,False,0.015356453443655422,0.0002034006253105797,0.9869278577800894,0.013072142219910599,0.9833985553283034,0.0166014446716966,0.0,0.0,5.0,0.9121409846766448
2021,2021/22,139,Kingston upon Thames,E09000021,2,Outer London,1.0,Insufficiently Active,59,62.19086987424093,93.2976373598189,0.8935016464006376,0.07030615988329915,0.028635095838198996,0.007557097877864273,41.45554383974677,False,False,0.07786325776116343,0.03619219371606327,0.6826789667016512,0.3173210332983488,0.8942381612797458,0.07024389803168354,0.02812382315986935,0.007394117528701292,5.0,0.8923702192089706
2021,2021/22,139,Kingston upon Thames,E09000021,2,Outer London,2.0,Active,354,419.0265299748181,781.0637469467648,0.8255656292397076,0.03682490424811993,0.07005021724236843,0.06755924926980407,224.80013124294246,False,False,0.104384153517924,0.13760946651217248,0.43135084927008344,0.5686491507299165,0.8269148853594898,0.03556141683257211,0.07023415458803925,0.06728954321989891,5.0,0.9782419619477325
2021,2021/22,142,Lambeth,E09000022,1,Inner London,0.0,Inactive,93,221.685812458625,913.7361932127201,0.9812457482478273,0.0001792609516578797,0.018547468850528534,2.752194998637951e-05,53.78423204694013,False,False,0.00020678290164425923,0.018574990800514914,0.011009764302531621,0.9889902356974684,0.9799134220248118,0.0,0.020086577975188258,0.0,5.0,0.9149431773471597
2021,2021/22,142,Lambeth,E09000022,1,Inner London,1.0,Insufficiently Active,49,92.74569530173007,209.04079206986245,0.8307860125953341,0.1136204879468814,0.03221099876490475,0.023382500692879653,41.148734234257034,False,False,0.13700298863976104,0.0555934994577844,0.711347283603491,0.288652716396509,0.823907415976647,0.11882090408071634,0.03213042344810022,0.02514125649453646,5.0,0.8916546665262942
2021,2021/22,142,Lambeth,E09000022,1,Inner London,2.0,Active,359,713.5095969402614,2182.335155247805,0.6778823329087618,0.1270111329330716,0.08180633997890162,0.11330019417926508,233.28036653840476,False,False,0.24031132711233666,0.1951065341581667,0.551909667672184,0.44809033232781603,0.676017180108705,0.12772657679601804,0.08223556492661475,0.1140206781686622,5.0,0.9790163156426314
2021,2021/22,147,Lewisham,E09000023,1,Inner London,0.0,Inactive,95,159.29142321871848,421.0622965042288,0.9996611603029049,0.00016146964370017278,0.00015257960451506324,2.4790448879887628e-05,60.26129083915746,False,False,0.0001862600925800604,0.00017737005339495086,0.5122240128926501,0.48777598710734993,1.0,0.0,0.0,0.0,5.0,0.9233849049611513
2021,2021/22,147,Lewisham,E09000023,1,Inner London,1.0,Insufficiently Active,54,104.86094438796088,370.7807097692571,0.8502631263656524,0.101790735437809,0.04666087390476698,0.0012852642917716226,29.655851472904033,False,False,0.10307599972958063,0.047946138196538604,0.6825224509800405,0.3174775490199595,0.8440026426467795,0.1070120246998904,0.04898533265333011,0.0,5.0,0.8557242200812959
2021,2021/22,147,Lewisham,E09000023,1,Inner London,2.0,Active,368,671.882849738483,1952.7863761278818,0.7957206924370364,0.09333470081763166,0.029098238164369274,0.08184636858096252,231.17047993125817,False,False,0.17518106939859418,0.1109446067453318,0.612252181487114,0.387747818512886,0.7963872492951605,0.09332828497252964,0.028391353980924627,0.08189311175138511,5.0,0.9788288527784872
2021,2021/22,160,Merton,E09000024,2,Outer London,0.0,Inactive,111,156.18813173180072,362.9513806657084,0.9996937755685111,0.00014592726374359778,0.0001378929418541824,2.2404225891121286e-05,67.21212204545594,False,False,0.00016833148963471905,0.00016029716774530368,0.5122240128926501,0.48777598710734993,1.0,0.0,0.0,0.0,5.0,0.9307595475888022
2021,2021/22,160,Merton,E09000024,2,Outer London,1.0,Insufficiently Active,41,53.86016806835237,112.64255152572576,0.9199255405413864,0.0732812867745348,0.0053448102393575244,0.0014483624447213688,25.753302504770065,False,False,0.07472964921925616,0.0067931726840788935,0.9166715218453326,0.08332847815466737,0.9262413167620522,0.07375868323794783,0.0,0.0,5.0,0.8374158352838865
2021,2021/22,160,Merton,E09000024,2,Outer London,2.0,Active,345,415.52150097230736,774.2656349654528,0.7230386364076805,0.09864244423203858,0.07768520629058881,0.10063371306969197,222.99597189016805,False,False,0.19927615730173054,0.17831891936028077,0.5277509417319665,0.47224905826803354,0.722099955723996,0.09875480304672146,0.0780418229774927,0.10110341825178976,5.0,0.9780697879942869
2021,2021/22,171,Newham,E09000025,1,Inner London,0.0,Inactive,138,277.27461678637144,828.3821667677419,0.9918173249668132,0.008064327907822863,0.0001018061236262784,1.6541001737670737e-05,92.80887034786294,False,False,0.008080868909560534,0.00011834712536394913,0.9855660437705445,0.014433956229455536,0.991614755330145,0.008385244669855062,0.0,0.0,5.0,0.948879892158889
2021,2021/22,171,Newham,E09000025,1,Inner London,1.0,Insufficiently Active,57,112.89732709693934,343.95790622501704,0.8914176410337152,0.05044009980617056,0.057083156691415206,0.0010591024686988399,37.0562973984817,False,False,0.051499202274869406,0.05814225916011405,0.46970554387774227,0.5302944561222578,0.8919603989301291,0.047689922199138146,0.06034967887073259,0.0,5.0,0.8811117404695614
2021,2021/22,171,Newham,E09000025,1,Inner London,2.0,Active,306,665.9028543660824,2467.204487653701,0.7659784411811035,0.07730535221691248,0.059636473497553896,0.09707973310443,179.7283580148609,False,False,0.17438508532134248,0.15671620660198388,0.5266819839583262,0.4733180160416738,0.7660083586219222,0.07685116736875267,0.05957683027043497,0.09756364373889005,5.0,0.9729332298855936
2021,2021/22,196,Redbridge,E09000026,2,Outer London,0.0,Inactive,130,234.00753220916164,615.9462471699389,0.9958079302962365,0.004068800080324654,0.00010604061978338509,1.722900365541375e-05,88.90309078466342,False,False,0.004086029083980067,0.00012326962343879884,0.970714926165364,0.029285073834635966,0.9958208968589396,0.004179103141060342,0.0,0.0,5.0,0.9467536163270078
2021,2021/22,196,Redbridge,E09000026,2,Outer London,1.0,Insufficiently Active,56,106.21635233365879,321.92110744415214,0.9468605979859728,0.01378018139074769,0.03824693999342416,0.0011122806298553838,35.0455849032054,False,False,0.014892462020603073,0.039359220623279546,0.274506914713775,0.725493085286225,0.9553446162612386,0.00564189543633448,0.03901348830242697,0.0,5.0,0.8751422906648623
2021,2021/22,196,Redbridge,E09000026,2,Outer London,2.0,Active,312,584.0475775760291,1822.3219340817807,0.8315905569497419,0.08121897869213512,0.06458347201189557,0.02260699234622744,187.1851326007908,False,False,0.10382597103836257,0.08719046435812301,0.5435446998204889,0.4564553001795111,0.8333718821368692,0.08088742583985149,0.06465834661919041,0.021082345404088976,5.0,0.9739834193606117
2021,2021/22,201,Richmond upon Thames,E09000027,2,Outer London,0.0,Inactive,82,107.78605004754458,202.7781730890101,0.9996450161939121,0.00016916290853681814,0.00015984930103080366,2.597159652028519e-05,57.293309274228946,False,False,0.00019513450505710334,0.00018582089755108885,0.5122240128926501,0.48777598710734993,1.0,0.0,0.0,0.0,5.0,0.9197345580407538
2021,2021/22,201,Richmond upon Thames,E09000027,2,Outer London,1.0,Insufficiently Active,44,51.635792973914555,106.59397652170402,0.8878710939094362,0.061135420136892694,0.04950940738089195,0.0014840785727792336,25.01318745250185,False,False,0.06261949870967193,0.05099348595367118,0.551164982552174,0.44883501744782595,0.8879662382171343,0.05919904966258985,0.05283471212027597,0.0,5.0,0.8334065647671418
2021,2021/22,201,Richmond upon Thames,E09000027,2,Outer London,2.0,Active,351,452.78202112401397,868.4996604499241,0.7000071668395841,0.1011244729958478,0.07795564368350157,0.12091271648106663,236.05254899805175,False,False,0.22203718947691442,0.19886836016456821,0.5275225989917226,0.4724774010082774,0.6986325603777156,0.10128319065027987,0.07829826346031074,0.12178598551169387,5.0,0.9792576348153845
2021,2021/22,241,Southwark,E09000028,1,Inner London,0.0,Inactive,105,232.68653266281643,856.7373484452272,0.9977939574794331,0.002036307197967915,0.00014601195578790895,2.372336681116e-05,63.196757537068436,False,False,0.0020600305647790747,0.00016973532259906895,0.9238775139758499,0.07612248602415006,0.997969328872667,0.0020306711273330624,0.0,0.0,5.0,0.9266827312532822
2021,2021/22,241,Southwark,E09000028,1,Inner London,1.0,Insufficiently Active,44,98.94061118622157,335.5957837844361,0.9002951793128111,0.022429237236695113,0.018379571376587283,0.0588960120739065,29.169748295142522,False,False,0.08132524931060162,0.07727558345049378,0.5127668492958293,0.4872331507041707,0.9025063841805303,0.014134146387642144,0.01589505527773954,0.06746441415408794,5.0,0.8536717345175531
2021,2021/22,241,Southwark,E09000028,1,Inner London,2.0,Active,372,669.4109076170138,1890.022440835461,0.6826178446944666,0.1490223172041038,0.05567622627412435,0.1126836118273051,237.0929326312931,False,False,0.2617059290314089,0.16835983810142946,0.6085253675877283,0.39147463241227165,0.6808825505827748,0.1501904453505959,0.05554749693978606,0.11337950712684315,5.0,0.9793467742091629
2021,2021/22,255,Sutton,E09000029,2,Outer London,0.0,Inactive,143,169.81385870474608,287.7798238063147,0.994527808724951,0.00010016441855716478,0.0053566486043269005,1.5378252165068748e-05,100.20419856676105,False,False,0.00011554267072223353,0.00537202685649197,0.021055345203232344,0.9789446547967676,0.9944754372631726,0.0,0.005524562736827479,0.0,5.0,0.9524733796928544
2021,2021/22,255,Sutton,E09000029,2,Outer London,1.0,Insufficiently Active,56,64.40373747916922,117.79162607494986,0.9014070736002303,0.051266146014307554,0.01966044016183929,0.027666340223622864,35.21338094650726,False,False,0.07893248623793042,0.047326780385462154,0.6251619255271856,0.37483807447281436,0.9033966513963496,0.04848932749714521,0.01778421119613098,0.03032980991037422,5.0,0.8756632771899704
2021,2021/22,255,Sutton,E09000029,2,Outer London,2.0,Active,322,391.078592901127,680.6272411522355,0.7979306398130751,0.0675850760836954,0.09625958927898344,0.03822469482424605,224.70811712826654,False,False,0.10580977090794146,0.1344842841032295,0.44033453471423795,0.559665465285762,0.7986655398593424,0.06700551857003985,0.09702678897712318,0.037302152593494536,5.0,0.9782332463366628
2021,2021/22,272,Tower Hamlets,E09000030,1,Inner London,0.0,Inactive,100,216.87123339025703,738.2311984160826,0.9996781701069157,0.00015336384317978934,0.00014492008530552915,2.3545964598964447e-05,63.71057193616799,False,False,0.0001769098077787538,0.0001684660499044936,0.5122240128926501,0.48777598710734993,1.0,0.0,0.0,0.0,5.0,0.9272309943127095
2021,2021/22,272,Tower Hamlets,E09000030,1,Inner London,1.0,Insufficiently Active,58,119.29742563188847,320.8805317351972,0.8478145719216335,0.030727173841932836,0.09883853279034077,0.022619721446093068,44.35256849468401,False,False,0.0533468952880259,0.12145825423643383,0.3051791977132876,0.6948208022867124,0.8433525361421442,0.02620711928973582,0.10627490252098401,0.024165442047136,5.0,0.8986881503332785
2021,2021/22,272,Tower Hamlets,E09000030,1,Inner London,2.0,Active,382,687.4816380344415,1976.6822165838014,0.7705800256292613,0.10147150611719054,0.05650897425062875,0.07143949400291945,239.10317939286304,False,False,0.17291100012011,0.1279484682535482,0.5747234782232609,0.42527652177673914,0.7706987397962046,0.10163545572507922,0.05639874118899258,0.07126706328972356,5.0,0.979516858352947
2021,2021/22,279,Waltham Forest,E09000031,2,Outer London,0.0,Inactive,117,199.33841044397082,607.6278616038267,0.9996858707655187,0.00014969419463642391,0.0001414524767159192,2.298256312896196e-05,65.39496357761935,False,False,0.00017267675776538586,0.00016443503984488116,0.5122240128926501,0.48777598710734993,1.0,0.0,0.0,0.0,5.0,0.9289721913914073
2021,2021/22,279,Waltham Forest,E09000031,2,Outer London,1.0,Insufficiently Active,51,88.54022818877618,213.3162928378197,0.8928383198212493,0.06219499099419643,0.0438998164379242,0.0010668727466300915,36.74999177714325,False,False,0.06326186374082653,0.04496668918455429,0.5845210162279727,0.4154789837720273,0.8935788911968184,0.061021196354287495,0.04539991244889403,0.0,5.0,0.8802394973706956
2021,2021/22,279,Waltham Forest,E09000031,2,Outer London,2.0,Active,330,546.610621047289,1504.9269744923738,0.7860582886905351,0.09113505805239235,0.055410684751498004,0.06739596850557468,198.53665733015742,False,False,0.15853102655796703,0.12280665325707268,0.5634902038795171,0.4365097961204829,0.7865910681353184,0.09107219123482102,0.05525026841612016,0.06708647221374046,5.0,0.9754344005370518
2021,2021/22,280,Wandsworth,E09000032,1,Inner London,0.0,Inactive,74,159.6978072694748,558.2183335681135,0.999563733060258,0.00020789732703165338,0.00019645111744427844,3.191849526598026e-05,45.687122964345285,False,False,0.00023981582229763362,0.0002283696127102587,0.5122240128926501,0.48777598710734993,1.0,0.0,0.0,0.0,5.0,0.9013556164251592
2021,2021/22,280,Wandsworth,E09000032,1,Inner London,1.0,Insufficiently Active,40,110.46227312500864,448.9500045552043,0.8153335808640396,0.07501877670300575,0.10826344056979798,0.0013842018631565118,27.178780844501848,False,False,0.07640297856616225,0.10964764243295448,0.41065693925592955,0.5893430607440704,0.8020766321846665,0.0757907754655471,0.1221325923497863,0.0,5.0,0.8446181033345671
2021,2021/22,280,Wandsworth,E09000032,1,Inner London,2.0,Active,371,781.5580616031924,2540.736781372447,0.7326482243131627,0.07439019895789528,0.07347130361731691,0.11949027311162523,240.41569679129915,False,False,0.19388047206952053,0.19296157672894215,0.5011876880285281,0.4988123119714719,0.7319774109096379,0.0739900351392508,0.07371444319639674,0.12031811075471466,5.0,0.9796264050532514
2021,2021/22,293,Westminster,E09000033,1,Inner London,0.0,Inactive,105,181.1433110375168,495.0023043555872,0.9996898075521314,0.00014781817025933379,0.00013967974067118907,2.2694536938082182e-05,66.2883765285732,False,False,0.00017051270719741597,0.00016237427760927125,0.5122240128926501,0.48777598710734993,1.0,0.0,0.0,0.0,5.0,0.92986233880644
2021,2021/22,293,Westminster,E09000033,1,Inner London,1.0,Insufficiently Active,45,73.85977184456183,197.0520366965316,0.9298912667232926,0.06371692117585523,0.0050290231609675115,0.0013627889398847674,27.684392348261124,False,False,0.06507971011574,0.006391812100852279,0.9105684067916997,0.0894315932083003,0.9375663756366409,0.06243362436335914,0.0,0.0,5.0,0.8470217849937781
2021,2021/22,293,Westminster,E09000033,1,Inner London,2.0,Active,363,628.5195562099395,1755.959909272747,0.7932868768728708,0.05610222075903369,0.07114525049294486,0.07946565187515076,224.96916384722525,False,False,0.13556787263418446,0.1506109023680956,0.4737174258751522,0.5262825741248478,0.793917715288884,0.055268126205471606,0.0713533870433032,0.07946077146234135,5.0,0.9782579546042024
2022,2022/23,8,Barking and Dagenham,E09000002,2,Outer London,0.0,Inactive,178,228.46860513797782,469.05168965413026,0.9937404190324624,0.006202987198461382,3.5023162799818304e-05,2.157060627644629e-05,111.28390470607398,False,False,0.006224557804737828,5.659376907626459e-05,0.9909899055274828,0.009010094472517216,0.9936971538024975,0.006302846197502546,0.0,0.0,5.0,0.957001787885965
2022,2022/23,8,Barking and Dagenham,E09000002,2,Outer London,1.0,Insufficiently Active,63,59.607861045358014,83.9082576984557,0.9510664457471703,0.023381554121869343,0.024473047723932696,0.0010789524070277932,42.34502295556666,False,False,0.024460506528897138,0.02555200013096049,0.48908779348447023,0.5109122065155298,0.9584912294475045,0.017736173787206953,0.023772596765288517,0.0,5.0,0.8943922784725967
2022,2022/23,8,Barking and Dagenham,E09000002,2,Outer London,2.0,Active,260,314.13345157231635,646.9451084120915,0.7766824538884753,0.0990385424025474,0.06228501032208954,0.061993993386887644,152.53199091178487,False,False,0.16103253578943505,0.12427900370897718,0.5644094734918045,0.4355905265081955,0.7776989458685936,0.09875115680213865,0.06229585201024018,0.06125404531902759,5.0,0.9682604151000674
2022,2022/23,9,Barnet,E09000003,2,Outer London,0.0,Inactive,88,200.2578626096895,731.519737942891,0.9995572986513613,0.0003326921706846308,6.807939128008817e-05,4.1929786673936006e-05,54.82177644280065,False,False,0.00037462195735856683,0.00011000917795402418,0.7730043120670169,0.22699568793298308,1.0,0.0,0.0,0.0,5.0,0.916418396488429
2022,2022/23,9,Barnet,E09000003,2,Outer London,1.0,Insufficiently Active,46,102.5080600454669,328.49527541095796,0.9560699617696528,0.03843882615696266,0.004110141310459352,0.0013810707629252875,31.98798631468696,False,False,0.03981989691988795,0.005491212073384639,0.8788109098322903,0.12118909016770973,0.966680827142799,0.033319172857201027,0.0,0.0,5.0,0.8648209730191602
2022,2022/23,9,Barnet,E09000003,2,Outer London,2.0,Active,355,874.9409494898573,3431.5287365621202,0.7413993754831016,0.12786610110176655,0.07021045077134945,0.06052407264378225,223.0847309940209,False,False,0.18839017374554878,0.1307345234151317,0.5903340462887886,0.4096659537112114,0.7413035919372787,0.12831571634553263,0.07039549663415155,0.05998519508303708,5.0,0.9780783221296341
2022,2022/23,17,Bexley,E09000004,2,Outer London,0.0,Inactive,120,190.5378194180026,495.29162263842164,0.9996617710326631,0.0002541806788657367,5.2013444911339275e-05,3.203484355987258e-05,73.29956528473512,False,False,0.00028621552242560927,8.404828847121185e-05,0.7730043120670169,0.22699568793298308,1.0,0.0,0.0,0.0,5.0,0.9361426850606696
2022,2022/23,17,Bexley,E09000004,2,Outer London,1.0,Insufficiently Active,54,71.93634365656278,141.72613531807676,0.947392402627097,0.047714932853300876,0.003662131837468958,0.0012305326821332552,36.51293762481552,False,False,0.04894546553543413,0.004892664519602213,0.9091226884254587,0.09087731157454126,0.9555000061202,0.044499993879800005,0.0,0.0,5.0,0.8795556208238294
2022,2022/23,17,Bexley,E09000004,2,Outer London,2.0,Active,319,467.24018676850557,1133.5794754720903,0.7958289983075933,0.07631714489118843,0.08281673826627177,0.04503711853494648,192.58763664589924,False,False,0.12135426342613491,0.12785385680121825,0.4869595072400656,0.5130404927599344,0.79713116012824,0.07549963402658397,0.08335837399022619,0.04401083185494979,5.0,0.9746947729884506
2022,2022/23,30,Brent,E09000005,2,Outer London,0.0,Inactive,144,272.8396175872997,761.607015014987,0.9997422376043974,0.00019370966720022703,3.963915411932217e-05,2.4413574283008743e-05,97.74260932157915,False,False,0.00021812324148323578,6.405272840233091e-05,0.773004312067017,0.22699568793298297,1.0,0.0,0.0,0.0,5.0,0.9513346990794224
2022,2022/23,30,Brent,E09000005,2,Outer London,1.0,Insufficiently Active,60,128.2940213248909,427.6892290417275,0.9015641376632233,0.09376501581536353,0.0034961023151018488,0.0011747442063112308,38.484382561118245,False,False,0.09493976002167477,0.00467084652141308,0.9531089440822486,0.046891055917751445,0.903302273794284,0.09669772620571591,0.0,0.0,5.0,0.8850161895946805
2022,2022/23,30,Brent,E09000005,2,Outer London,2.0,Active,303,622.8122106768543,2127.2453171860016,0.7625474979558403,0.11961265394635068,0.05396882055396762,0.06387102754384145,182.34617635981553,False,False,0.18348368149019212,0.11783984809780908,0.6089258337743116,0.39107416622568836,0.763010204481935,0.11993640660795186,0.05374985657370098,0.06330353233641216,5.0,0.9733114382308127
2022,2022/23,35,Bromley,E09000006,2,Outer London,0.0,Inactive,108,221.7349676953587,777.3314520658336,0.9874955487439873,0.012408027491481986,5.967203206378714e-05,3.675173246689499e-05,63.25023356278369,False,False,0.01244477922394888,9.642376453068214e-05,0.992311442162346,0.0076885578376539865,0.9869257630982932,0.013074236901706799,0.0,0.0,5.0,0.9267401774471514
2022,2022/23,35,Bromley,E09000006,2,Outer London,1.0,Insufficiently Active,56,104.96318764545411,262.2850258524642,0.8700915449517181,0.12558744514294262,0.003234251578248114,0.0010867583270912488,42.00495520050026,False,False,0.12667420347003386,0.004321009905339363,0.9670139862824048,0.03298601371759524,0.8679377069743975,0.13206229302560252,0.0,0.0,5.0,0.893628236030171
2022,2022/23,35,Bromley,E09000006,2,Outer London,2.0,Active,334,681.083633467056,2300.3747691842227,0.7100277993495319,0.12565661729115085,0.0812869095676238,0.08302867379169351,201.6518882013256,False,False,0.20868529108284437,0.1643155833593173,0.5594766805706338,0.4405233194293662,0.7091439706444741,0.12609923589219357,0.08176626635108038,0.082990527112252,5.0,0.9758047214399083
2022,2022/23,44,Camden,E09000007,1,Inner London,0.0,Inactive,88,116.71787286587444,268.4024201647612,0.9995250173885898,0.0003569516933107234,7.304366059165993e-05,4.498725750780128e-05,50.75610658790554,False,False,0.0004019389508185247,0.00011803091809946121,0.773004312067017,0.22699568793298297,1.0,0.0,0.0,0.0,5.0,0.9103237240549256
2022,2022/23,44,Camden,E09000007,1,Inner London,1.0,Insufficiently Active,41,59.46932864053319,157.55685859728135,0.8969044439145766,0.08995256205983372,0.011281809014725214,0.0018611850108645022,22.446506489415153,False,False,0.09181374707069823,0.013142994025589716,0.8747770377747128,0.12522296222528717,0.8988465112509063,0.09413144307500956,0.007022045674084087,0.0,5.0,0.8178274527605811
2022,2022/23,44,Camden,E09000007,1,Inner London,2.0,Active,380,500.35760983272047,1021.491361961916,0.6886949984019599,0.12000683231449938,0.04795346084426737,0.14334470843927327,245.09041098171025,False,False,0.26335154075377265,0.19129816928354065,0.579240533843427,0.420759466156573,0.6875326121183915,0.12025574434465867,0.04766783545880146,0.14454380807814832,5.0,0.9800072302637558
2022,2022/23,68,Croydon,E09000008,2,Outer London,0.0,Inactive,125,276.1433702001039,991.4137593025998,0.9996767015234269,0.00024296034399007987,4.9717407806764423e-05,3.062072477619857e-05,76.91557655918814,False,False,0.00027358106876627843,8.0338132582963e-05,0.7730043120670168,0.2269956879329832,1.0,0.0,0.0,0.0,5.0,0.9389615478518026
2022,2022/23,68,Croydon,E09000008,2,Outer London,1.0,Insufficiently Active,56,124.95894375345054,435.26156001224524,0.8643920478426219,0.034097142118554954,0.1002610533626236,0.0012497566761996081,35.874377750102084,False,False,0.03534689879475456,0.10151081003882322,0.2582748103560409,0.7417251896439592,0.8610757714148969,0.028926994745609155,0.109997233839494,0.0,5.0,0.8776739787803249
2022,2022/23,68,Croydon,E09000008,2,Outer London,2.0,Active,341,762.6188345734439,2742.05032448697,0.7541156042063387,0.12690860867500972,0.05755992781500733,0.06141585930364407,212.09949418232185,False,False,0.1883244679786538,0.1189757871186514,0.6128353779563955,0.38716462204360447,0.754314630126817,0.12735893899729933,0.05745633629848037,0.06087009457740321,5.0,0.9769690849864396
2022,2022/23,78,Ealing,E09000009,2,Outer London,0.0,Inactive,122,275.24448711353614,966.6009820775292,0.9971719417368792,0.00023870104189856818,0.0025592733038727615,3.008391734935285e-05,78.37725089370645,False,False,0.00026878495924792105,0.0025893572212221144,0.09404184336404077,0.9059581566359592,0.9973294222513505,0.0,0.0026705777486494145,0.0,5.0,0.9400316039878281
2022,2022/23,78,Ealing,E09000009,2,Outer London,1.0,Insufficiently Active,42,69.61622521480044,165.36837691534836,0.9040559848281908,0.07290483967027907,0.02155016986142628,0.0014890056401037199,29.306805228176636,False,False,0.07439384531038279,0.02303917550153,0.763538322946946,0.236461677053054,0.9067635584111207,0.07319701303449253,0.02003942855438675,0.0,5.0,0.8542563212533286
2022,2022/23,78,Ealing,E09000009,2,Outer London,2.0,Active,361,746.9883738226517,2519.7206336329414,0.7529591134529754,0.07814940673586497,0.09291988127005313,0.07597159854110651,221.4498001001387,False,False,0.15412100527697148,0.16889147981115965,0.4771363720969514,0.5228636279030485,0.7531236240701866,0.0774798140062437,0.09361903773327082,0.07577752419029882,5.0,0.9779200511645895
2022,2022/23,91,Enfield,E09000010,2,Outer London,0.0,Inactive,152,297.7061485605823,857.65363171149,0.9884850866105466,0.011454169310308803,3.759159016494911e-05,2.3152488979603368e-05,103.33886269905025,False,False,0.011477321799288407,6.074407914455248e-05,0.9947353326125398,0.005264667387460231,0.9881842183309273,0.01181578166907266,0.0,0.0,5.0,0.9538485094320283
2022,2022/23,91,Enfield,E09000010,2,Outer London,1.0,Insufficiently Active,46,92.08532306878601,296.87153915036026,0.9102612545953492,0.0836872745999474,0.004529491815478039,0.0015219789892253067,28.563555634034255,False,False,0.08520925358917271,0.006051470804703346,0.9336903049488677,0.06630969505113227,0.9141255032164193,0.0858744967835808,0.0,0.0,5.0,0.8510288941219958
2022,2022/23,91,Enfield,E09000010,2,Outer London,2.0,Active,302,591.2300592473823,1807.4629344968068,0.7472416311472807,0.10815327196018878,0.06749086794219215,0.07711422895033833,193.39427453043615,False,False,0.18526750091052713,0.14460509689253048,0.5616334977333782,0.43836650226662177,0.7472821878379395,0.10816225955820688,0.06763401071333257,0.07692154189052103,5.0,0.9747976598022594
2022,2022/23,107,Greenwich,E09000011,2,Outer London,0.0,Inactive,252,230.95228875504273,339.25940895934366,0.997143181844704,0.0001226853738414795,0.002718670525331911,1.546225612282786e-05,157.22175501279818,False,False,0.00013814762996430737,0.002734132781454739,0.04809684646912859,0.9519031535308714,0.9972207734625542,0.0,0.002779226537445916,0.0,5.0,0.9691779934226114
2022,2022/23,107,Greenwich,E09000011,2,Outer London,1.0,Insufficiently Active,114,102.36861762009543,161.5798803093271,0.9299275797717872,0.04233346167818332,0.014572952812356906,0.013166005737672421,64.85543777720201,False,False,0.055499467415855736,0.02773895855002933,0.6667529662154107,0.3332470337845893,0.9331456338549443,0.040108602406115676,0.01335237533737543,0.013393388401564501,5.0,0.9284236108297385
2022,2022/23,107,Greenwich,E09000011,2,Outer London,2.0,Active,625,538.9318234080807,762.7467532814815,0.7187853153046764,0.1413891151154891,0.06034841939787816,0.07947715018195643,380.7915393050162,False,False,0.22086626529744552,0.1398255695798346,0.6123406297028927,0.3876593702971073,0.7184322661069682,0.14183008438198447,0.060327333713156156,0.07941031579789126,5.0,0.9870396328312248
2022,2022/23,109,Hackney,E09000012,1,Inner London,0.0,Inactive,122,201.84019957472069,588.5206852512256,0.9876198191911353,0.012291516925176459,5.4869814885331745e-05,3.379406880292157e-05,69.22350766137023,False,False,0.01232531099397938,8.866388368825332e-05,0.9928577361754004,0.007142263824599593,0.9871081761939559,0.012891823806044127,0.0,0.0,5.0,0.9326358972037337
2022,2022/23,109,Hackney,E09000012,1,Inner London,1.0,Insufficiently Active,37,57.785591086819004,169.92813167938505,0.9491210028271769,0.014440330976147426,0.024989751011387718,0.011448915185287976,19.650510508485453,False,True,0.025889246161435404,0.0364386661966757,0.4153716237547989,0.5846283762452011,0.9646257105292616,0.0,0.023611817574285973,0.011762471896452525,5.0,0.7971644441895495
2022,2022/23,109,Hackney,E09000012,1,Inner London,2.0,Active,337,528.2671654524088,1370.7743098125122,0.7308715085581784,0.0704332740992912,0.0649814294535266,0.13371378788900362,203.58289187174213,False,False,0.20414706198829483,0.1986952173425302,0.5067667235112719,0.49323327648872806,0.7305079849806432,0.06951540797808624,0.0650557765648997,0.1349208304763708,5.0,0.9760287147467755
2022,2022/23,112,Hammersmith and Fulham,E09000013,1,Inner London,0.0,Inactive,83,98.32672869117249,164.61363665691755,0.9995844624985226,0.0003122784102476584,6.390208713305424e-05,3.9357004096655384e-05,58.732349102143225,False,False,0.0003516354143443138,0.00010325909122970963,0.7730043120670169,0.22699568793298308,1.0,0.0,0.0,0.0,5.0,0.9215469056069697
2022,2022/23,112,Hammersmith and Fulham,E09000013,1,Inner London,1.0,Insufficiently Active,42,55.85387861041432,139.30325307338993,0.9044263880869591,0.06107900018200863,0.03262990759143994,0.0018647041395922518,22.394708572838226,False,False,0.06294370432160089,0.03449461173103219,0.6459851408721053,0.35401485912789465,0.9080523494458941,0.05882103243935993,0.03312661811474593,0.0,5.0,0.8174830008975716
2022,2022/23,112,Hammersmith and Fulham,E09000013,1,Inner London,2.0,Active,370,429.203387115622,773.9917589859427,0.7344774533489881,0.1053785605108547,0.04615282311813793,0.11399116302201918,238.0071174825883,False,False,0.21936972353287387,0.16014398614015712,0.5780284557358185,0.4219715442641815,0.7342422609824059,0.10532757292957333,0.04582086988675158,0.11460929620126917,5.0,0.9794244709710683
2022,2022/23,114,Haringey,E09000014,1,Inner London,0.0,Inactive,122,184.25402208652721,463.4478413066883,0.9951500739006093,0.004765829188265244,5.2043535134396915e-05,3.20533759910541e-05,73.25429450559513,False,False,0.004797882564256298,8.409691112545102e-05,0.9827740137889713,0.017225986211028665,0.9951805642715468,0.004819435728453276,0.0,0.0,5.0,0.9361057430574306
2022,2022/23,114,Haringey,E09000014,1,Inner London,1.0,Insufficiently Active,56,78.0654623282963,164.73164514974923,0.851988067004395,0.04786767691516048,0.07090430617155467,0.029239949908889874,36.99481300627274,False,False,0.07710762682405035,0.10014425608044455,0.4350172509343482,0.5649827490656518,0.8470957796058234,0.04471525806449746,0.07637792973820816,0.03181103259147099,5.0,0.8809376767732445
2022,2022/23,114,Haringey,E09000014,1,Inner London,2.0,Active,354,547.4924732638593,1329.4873883586265,0.7123220612362191,0.12376388524317762,0.06296901598814601,0.10094503753245732,225.46134014151423,False,False,0.22470892277563492,0.16391405352060334,0.5782183156467428,0.42178168435325725,0.711582446995998,0.12411778723082369,0.06299151976908494,0.10130824600409341,5.0,0.9783043872046836
2022,2022/23,117,Harrow,E09000015,2,Outer London,0.0,Inactive,122,207.8176222629901,597.6512835978791,0.999657233995225,0.0002575902840959775,5.271115850075895e-05,3.246456217829433e-05,72.26314961301307,False,False,0.00029005484627427184,8.517572067905327e-05,0.773004312067017,0.22699568793298297,1.0,0.0,0.0,0.0,5.0,0.9352860966056467
2022,2022/23,117,Harrow,E09000015,2,Outer London,1.0,Insufficiently Active,67,98.8651250646655,201.56646171714527,0.89419580353837,0.05575333915056385,0.01857919890566993,0.031471658405396216,48.49176232387348,False,False,0.08722499755596007,0.05005085731106615,0.635399412667665,0.364600587332335,0.8948154845676153,0.05416142268844125,0.01735981950635205,0.03366327323759143,5.0,0.906527663647969
2022,2022/23,117,Harrow,E09000015,2,Outer London,2.0,Active,290,479.4153375779935,1329.4431186197214,0.7784722621517517,0.07878109538548315,0.07900467178740447,0.06374197067536064,172.88371550912925,False,False,0.1425230660608438,0.1427466424627651,0.49960813154141326,0.5003918684585867,0.7794208569127257,0.07794167142673913,0.07949778943792452,0.06313968222261068,5.0,0.9718917496990139
2022,2022/23,122,Havering,E09000016,2,Outer London,0.0,Inactive,131,206.997549170387,449.4782649243287,0.987566173526127,0.004833396976135823,0.007575428425490389,2.5001072246790453e-05,95.32826992148419,False,False,0.004858398048382614,0.007600429497737179,0.3899562804283076,0.6100437195716923,0.9871918254834156,0.004878134473472402,0.007930040043112057,0.0,5.0,0.9501635979179852
2022,2022/23,122,Havering,E09000016,2,Outer London,1.0,Insufficiently Active,49,85.37906969520141,208.22485998188236,0.9178207922666068,0.07710253140192302,0.003799863642298715,0.0012768126891712739,35.00823841424279,False,False,0.0783793440910943,0.005076676331469989,0.9391694415122461,0.06083055848775387,0.9220533493885807,0.07794665061141921,0.0,0.0,5.0,0.875025739743142
2022,2022/23,122,Havering,E09000016,2,Outer London,2.0,Active,300,516.3711341797311,1405.9139468998023,0.7905024639698028,0.10731123443601173,0.027479816017716485,0.07470648557646895,189.65538310650598,False,False,0.18201772001248068,0.10218630159418543,0.6404473764427947,0.3595526235572053,0.7916843317987483,0.10729820007030108,0.026570945072848007,0.07444652305810252,5.0,0.9743135796184776
2022,2022/23,126,Hillingdon,E09000017,2,Outer London,0.0,Inactive,135,262.9189243853973,830.1065833240737,0.984917322364552,0.009602636689636576,0.005451625873496509,2.8415072315082377e-05,83.274078520333,False,False,0.00963105176195166,0.005480040945811592,0.6373497898668674,0.3626502101331326,0.984329742076214,0.00994020808386525,0.005730049839920851,0.0,5.0,0.9433582305948591
2022,2022/23,126,Hillingdon,E09000017,2,Outer London,1.0,Insufficiently Active,54,103.40350360305794,284.4921097052419,0.8842656233108162,0.09848245543661713,0.0035700425037844073,0.013681878748782284,37.58376486597725,False,False,0.11216433418539941,0.017251921252566693,0.8666943252670746,0.13330567473292543,0.8837440822672062,0.10211303228798195,0.0,0.01414288544481186,5.0,0.8825843601255933
2022,2022/23,126,Hillingdon,E09000017,2,Outer London,2.0,Active,301,535.6878796707481,1474.790647688506,0.8024332653596243,0.0976830296146567,0.04185634646837572,0.05802735855734328,194.57778965164127,False,False,0.15571038817199997,0.099883705025719,0.6092096504419124,0.39079034955808756,0.8038918162216582,0.09742291225069757,0.041339896902523335,0.05734537462512101,5.0,0.9749471120572716
2022,2022/23,129,Hounslow,E09000018,2,Outer London,0.0,Inactive,124,245.30697299805837,1003.2928355500071,0.9995924285804139,0.00030629186178924087,6.267704906233825e-05,3.8602508734597194e-05,59.97801326716522,False,False,0.00034489437052383806,0.00010127955779693545,0.7730043120670169,0.22699568793298308,1.0,0.0,0.0,0.0,5.0,0.9230508944703824
2022,2022/23,129,Hounslow,E09000018,2,Outer London,1.0,Insufficiently Active,66,108.9850495388587,275.8309533242957,0.8233343585181764,0.13181544459877945,0.03893993929091779,0.005910257592126511,43.06166831473323,False,False,0.13772570219090596,0.0448501968830443,0.7543476597375086,0.2456523402624914,0.8158042786907014,0.13885455163719992,0.039930933081497165,0.0054102365906016974,5.0,0.8959669904245239
2022,2022/23,129,Hounslow,E09000018,2,Outer London,2.0,Active,298,485.62397313566476,1241.6370594204216,0.8068420849482937,0.08035386592686611,0.0595749632788433,0.053229085845996844,189.93524838421882,False,False,0.13358295177286295,0.11280404912484014,0.5421672055999617,0.4578327944000383,0.8084523479372555,0.07963120448652897,0.059512328612350514,0.052404118963864946,5.0,0.9743504571828643
2022,2022/23,135,Islington,E09000019,1,Inner London,0.0,Inactive,96,117.05571236768323,194.8748837344856,0.9996483536943416,0.0002642638724785515,5.407678677450088e-05,3.330564640535971e-05,70.31198446575924,False,False,0.00029756951888391123,8.738243317986058e-05,0.773004312067017,0.22699568793298297,1.0,0.0,0.0,0.0,5.0,0.9336095040454915
2022,2022/23,135,Islington,E09000019,1,Inner London,1.0,Insufficiently Active,42,57.57680551169628,127.49547802570677,0.8602236598622766,0.08909994834346588,0.04902863815606932,0.0016477536381881565,26.00161656135978,False,False,0.09074770198165404,0.050676391794257473,0.6416707334568116,0.3583292665431884,0.8548466367505113,0.09254351159394697,0.05260985165554172,0.0,5.0,0.8387180878099122
2022,2022/23,135,Islington,E09000019,1,Inner London,2.0,Active,369,526.0921020382883,1267.7310041526132,0.7092591786930056,0.11402738702372284,0.032794908798415866,0.14391852548485576,218.3214727102675,False,False,0.25794591250857857,0.17671343428327163,0.5934438415104502,0.40655615848954985,0.7084252303495657,0.11416987747566952,0.032127100902426674,0.14527779127233806,5.0,0.9776107512666867
2022,2022/23,136,Kensington and Chelsea,E09000020,1,Inner London,0.0,Inactive,110,99.36956720999065,137.65311594168762,0.9859748591417048,0.013939376981250112,5.307514019861555e-05,3.268873684638963e-05,71.73329001636104,False,False,0.013972065718096501,8.576387704500518e-05,0.9938992092296632,0.006100790770336761,0.9853664592875738,0.014633540712426073,0.0,0.0,5.0,0.9348392334157195
2022,2022/23,136,Kensington and Chelsea,E09000020,1,Inner London,1.0,Insufficiently Active,51,40.53880776465434,44.249383236764366,0.7569076937508158,0.14782585054353517,0.07235559842649736,0.0229108572791517,37.139386241528285,False,False,0.17073670782268688,0.09526645570564907,0.6418596890277178,0.35814031097228216,0.7392339734722336,0.1581428687018939,0.0780032992319363,0.02461985859393627,5.0,0.8813461598291503
2022,2022/23,136,Kensington and Chelsea,E09000020,1,Inner London,2.0,Active,329,318.58116420597725,484.66248574337493,0.7423352727325768,0.08380293705026805,0.0623817129795566,0.1114800772375984,209.41162390805735,False,False,0.19528301428786643,0.173861790217155,0.5290146628224048,0.47098533717759516,0.7422555810707925,0.08322983837354982,0.06239191880063717,0.11212266175502048,5.0,0.9766803687744836
2022,2022/23,139,Kingston upon Thames,E09000021,2,Outer London,0.0,Inactive,93,103.0740441998894,179.22137499375432,0.9918230189650598,0.00030961745363226276,6.335757084273678e-05,0.007804006010465345,59.28008636297427,False,False,0.008113623464097608,0.007867363581308082,0.5077047769981242,0.4922952230018758,0.9915800752558126,0.0,0.0,0.008419924744187518,5.0,0.9222154125343549
2022,2022/23,139,Kingston upon Thames,E09000021,2,Outer London,1.0,Insufficiently Active,49,54.16601809272187,98.24883452665945,0.8887934357082956,0.04063171056322307,0.06910958298770987,0.00146527074077146,29.86251725179452,False,False,0.04209698130399453,0.07057485372848134,0.37362470658138075,0.6263752934186193,0.8888951547298634,0.03551482854122164,0.075590016728915,0.0,5.0,0.8565794901186423
2022,2022/23,139,Kingston upon Thames,E09000021,2,Outer London,2.0,Active,359,355.8384928942791,598.2877383502934,0.7519796513969885,0.09966036619426138,0.06463949694557955,0.08372048546317039,211.63902401612683,False,False,0.1833808516574318,0.14835998240874992,0.5527834768174714,0.4472165231825286,0.7521286481765874,0.09946793297444058,0.06470293580076387,0.083700483048208,5.0,0.9769201323597738
2022,2022/23,142,Lambeth,E09000022,1,Inner London,0.0,Inactive,107,195.26816386222964,519.9587581227048,0.999661911415623,0.00025407518040311365,5.1991856573081776e-05,3.202154740077419e-05,73.33207725126609,False,False,0.00028609672780388786,8.401340397385596e-05,0.773004312067017,0.22699568793298297,1.0,0.0,0.0,0.0,5.0,0.936169189233148
2022,2022/23,142,Lambeth,E09000022,1,Inner London,1.0,Insufficiently Active,50,95.17386461490756,254.7841451673205,0.8498032669729626,0.10117677260612322,0.04776026589539731,0.001259694525516845,35.55191591607158,False,False,0.10243646713164006,0.04901996042091415,0.6763428187694142,0.32365718123058584,0.8444051540247515,0.10539376988162905,0.05020107609361953,0.0,5.0,0.8767012633793119
2022,2022/23,142,Lambeth,E09000022,1,Inner London,2.0,Active,361,722.0647439276819,2194.251643423712,0.7358172494249844,0.1546172856020863,0.030740209148380975,0.07882525582454822,237.6106204527383,False,False,0.2334425414266345,0.1095654649729292,0.6805746136278277,0.3194253863721723,0.7356098576983424,0.15560233508245885,0.030083376969361756,0.07870443024983688,5.0,0.9793908445117965
2022,2022/23,147,Lewisham,E09000023,1,Inner London,0.0,Inactive,115,197.18074417092376,524.1922871708733,0.9956837825063862,0.004233095084727344,5.144046255018946e-05,3.1681946336216486e-05,74.17172442891231,False,False,0.0042647770310635606,8.312240888640594e-05,0.9808821684966654,0.01911783150333457,0.9957498736439304,0.0042501263560695834,0.0,0.0,5.0,0.9368461400068473
2022,2022/23,147,Lewisham,E09000023,1,Inner London,1.0,Insufficiently Active,54,82.721087561992,204.71244323248393,0.9240240287901813,0.04381731903944195,0.01988568472021317,0.01227296745016361,33.42629407078919,False,False,0.05609028648960556,0.03215865217037678,0.6355916268377791,0.36440837316222086,0.9293847951098441,0.039722490728937326,0.018312150219791292,0.012580563941427307,5.0,0.8698807646975021
2022,2022/23,147,Lewisham,E09000023,1,Inner London,2.0,Active,338,629.9679997045603,1750.0406997153057,0.7099684058101758,0.10042753875336083,0.07059399432067952,0.1190100611157839,226.7716863478235,False,False,0.21943759986914474,0.18960405543646341,0.5364676116059522,0.46353238839404776,0.7091811704291046,0.10026486184854179,0.07078448822654197,0.11976947949581179,5.0,0.978427045689712
2022,2022/23,160,Merton,E09000024,2,Outer London,0.0,Inactive,111,153.03187563059416,382.490078469138,0.9861504887209546,0.0030673066641664533,6.149492669924798e-05,0.010720709688179609,61.22709130848013,False,False,0.013788016352346062,0.010782204614878856,0.561167779921002,0.438832220078998,0.9854520336029321,0.002992736678224602,0.0,0.011555229718843204,5.0,0.9245021953823938
2022,2022/23,160,Merton,E09000024,2,Outer London,1.0,Insufficiently Active,52,65.43516363131911,119.04420725758077,0.9265250993867507,0.03403859254839563,0.03171430595167836,0.007722002113175273,35.96782017450786,False,False,0.0417605946615709,0.03943630806485363,0.5143126555242412,0.4856873444757588,0.9318547497102514,0.02887373777459381,0.03189629304969913,0.00737521946545567,5.0,0.8779529889874091
2022,2022/23,160,Merton,E09000024,2,Outer London,2.0,Active,344,426.5933105737252,813.2386150785612,0.7113402712220858,0.0892780487405034,0.08097534894095852,0.11840633109645235,223.7742395061636,False,False,0.20768437983695576,0.19938168003741086,0.5101982216376715,0.4898017783623285,0.7105731437446893,0.08886406915865168,0.08140035495408447,0.1191624321425745,5.0,0.978144392433374
2022,2022/23,171,Newham,E09000025,1,Inner London,0.0,Inactive,154,327.2803867926331,1147.6690018223298,0.9997306715863109,0.00020240158484451608,4.1417796703733286e-05,2.5509032140831113e-05,93.33043883650835,False,False,0.0002279106169853472,6.69268288445644e-05,0.7730043120670169,0.22699568793298308,1.0,0.0,0.0,0.0,5.0,0.949151045605386
2022,2022/23,171,Newham,E09000025,1,Inner London,1.0,Insufficiently Active,50,109.83976328187678,374.517711348602,0.9044173433805617,0.07756079606294115,0.016649183434858484,0.0013726771216387606,32.21416032468704,False,False,0.07893347318457991,0.018021860556497245,0.8141220306184981,0.18587796938150192,0.9069366430791957,0.07854925733339597,0.014514099587408373,0.0,5.0,0.8656425415386005
2022,2022/23,171,Newham,E09000025,1,Inner London,2.0,Active,278,561.1047417800809,1868.5345710092645,0.7568073525818673,0.1107383305241982,0.09017028009601671,0.04228403679791792,168.49489227166686,False,False,0.1530223673221161,0.13245431689393464,0.5360240460349038,0.46397595396509617,0.7571377604547094,0.11082535656172868,0.09100757582199417,0.041029307161567864,5.0,0.9711807077745508
2022,2022/23,196,Redbridge,E09000026,2,Outer London,0.0,Inactive,133,253.78613172764275,827.4667558539985,0.9996802970769783,0.0002402582683820515,4.91644772637679e-05,3.028017737591462e-05,77.8368438388898,False,False,0.00027053844575796615,7.944465463968252e-05,0.773004312067017,0.22699568793298297,1.0,0.0,0.0,0.0,5.0,0.9396403850233049
2022,2022/23,196,Redbridge,E09000026,2,Outer London,1.0,Insufficiently Active,64,106.11144126945089,236.9168274045021,0.8557939717692357,0.050529030532957035,0.04600665139431087,0.047670346303496605,47.52569959522495,False,False,0.09819937683645363,0.09367699769780748,0.5117846169170729,0.4882153830829271,0.8523861369548446,0.04835512507362266,0.04764802452702099,0.0516107134445119,5.0,0.9048085025324528
2022,2022/23,196,Redbridge,E09000026,2,Outer London,2.0,Active,295,540.2653215371374,1604.1435205333937,0.7345539476606827,0.11680040423594211,0.08055257325569365,0.06809307484768162,181.9579195498488,False,False,0.18489347908362375,0.14864564810337527,0.5543381990682102,0.44566180093178975,0.7342484100627412,0.11704757023722698,0.08106363383044926,0.06764038586958257,5.0,0.9732560139092324
2022,2022/23,201,Richmond upon Thames,E09000027,2,Outer London,0.0,Inactive,74,84.47749116458483,140.05767931058753,0.9995266940977965,0.0003556916383610831,7.278581330365661e-05,4.482845053880309e-05,50.95362531059042,False,False,0.0004005200888998862,0.0001176142638424597,0.773004312067017,0.22699568793298297,1.0,0.0,0.0,0.0,5.0,0.9106402851960756
2022,2022/23,201,Richmond upon Thames,E09000027,2,Outer London,1.0,Insufficiently Active,59,56.09348476672409,73.7238629702332,0.8404161349619336,0.1060855243977891,0.05242695154351755,0.001071389096759699,42.67924802780793,False,False,0.1071569134945488,0.053498340640277246,0.6669991222610121,0.3330008777389879,0.8348197636870747,0.11017336801213161,0.055006868300793724,0.0,5.0,0.8951325742997487
2022,2022/23,201,Richmond upon Thames,E09000027,2,Outer London,2.0,Active,389,459.33536171438186,828.2493240063818,0.7973754492874453,0.08720894618748634,0.04898662030590583,0.06642898421916253,254.74089553214813,False,False,0.15363793040664886,0.11541560452506835,0.5710310791703236,0.4289689208296764,0.7983902550253622,0.08680467863299769,0.048732094052211815,0.06607297228942823,5.0,0.9807500471200111
2022,2022/23,241,Southwark,E09000028,1,Inner London,0.0,Inactive,89,180.57305135637097,634.3217674871532,0.9741474908677411,0.02573583383421416,7.22047325145182e-05,4.447056553027449e-05,51.40392234263182,False,False,0.025780304399744432,0.0001166752980447927,0.995494636849302,0.00450536315069805,0.9721480449136555,0.027851955086344575,0.0,0.0,5.0,0.9113536826459169
2022,2022/23,241,Southwark,E09000028,1,Inner London,1.0,Insufficiently Active,43,89.46036273155596,295.8616540569996,0.8348817394204594,0.1371926782196021,0.004743346871336865,0.02318223548860162,27.05033379729469,False,False,0.16037491370820373,0.027925582359938486,0.8516967138003038,0.14830328619969624,0.8250289628373685,0.14939222677591174,0.0,0.025578810386719764,5.0,0.8439953845216414
2022,2022/23,241,Southwark,E09000028,1,Inner London,2.0,Active,382,688.8582441458547,1844.1177756938373,0.7356386908645246,0.10991697937898526,0.05587443726927217,0.09856989248721805,257.31853289531506,False,False,0.2084868718662033,0.15444432975649022,0.5744528740820363,0.42554712591796373,0.7354437135767173,0.10995800513400446,0.055756299019984114,0.09884198226929415,5.0,0.9809392041621574
2022,2022/23,255,Sutton,E09000029,2,Outer London,0.0,Inactive,77,104.27986221294385,196.22577118888782,0.9995616618149485,0.0003294132324809306,6.740841631697567e-05,4.151653625353914e-05,55.417234939456115,False,False,0.00037092976873446973,0.0001089249525705148,0.773004312067017,0.22699568793298297,1.0,0.0,0.0,0.0,5.0,0.9172421577218739
2022,2022/23,255,Sutton,E09000029,2,Outer London,1.0,Insufficiently Active,51,65.21652791050597,139.63158523845274,0.8704610445348371,0.04298843532369022,0.07617211565439995,0.01037840448707268,30.460124802268083,False,False,0.0533668398107629,0.08655052014147263,0.3814168579866078,0.6185831420133923,0.8675515236314858,0.03835879723880034,0.08368471546201009,0.010404963667703758,5.0,0.8589965481542752
2022,2022/23,255,Sutton,E09000029,2,Outer London,2.0,Active,333,460.60008936848186,948.6728257542022,0.7613811888022995,0.1141205354079352,0.049657910140921774,0.07484036564884351,223.630778248118,False,False,0.1889609010567787,0.12449827578976529,0.6028245941234184,0.3971754058765816,0.7617323981512885,0.1142617255763215,0.04938298467176671,0.07462289160062335,5.0,0.9781306784750834
2022,2022/23,272,Tower Hamlets,E09000030,1,Inner London,0.0,Inactive,120,247.3936575214456,834.6765951477788,0.9996618858340349,0.00025409440508829316,5.19957905546416e-05,3.202397032207946e-05,73.32615067636138,False,False,0.00028611837541037263,8.401976087672107e-05,0.7730043120670169,0.22699568793298308,1.0,0.0,0.0,0.0,5.0,0.9361643594530813
2022,2022/23,272,Tower Hamlets,E09000030,1,Inner London,1.0,Insufficiently Active,41,79.18646629441054,267.6484433942052,0.796568624788882,0.10495354397843204,0.03655418757756481,0.061923643655121034,23.428107276380963,False,False,0.16687718763355308,0.09847783123268584,0.6288827260420995,0.3711172739579005,0.7770157662008353,0.11215882895631037,0.03786650388986545,0.07295890095298874,5.0,0.8241177313920519
2022,2022/23,272,Tower Hamlets,E09000030,1,Inner London,2.0,Active,343,625.7533242965898,1695.5557987769655,0.7305590342865916,0.12747111098288666,0.042255601663251735,0.0997142530672699,230.93738534035708,False,False,0.22718536405015655,0.14196985473052165,0.6154196188815944,0.38458038111840565,0.7302318046679451,0.12789688589571443,0.041829107967263246,0.10004220146907704,5.0,0.9788079367210621
2022,2022/23,279,Waltham Forest,E09000031,2,Outer London,0.0,Inactive,134,267.6120143359316,1011.7897226702088,0.9956227636176324,0.00239414094415754,5.3741608663510956e-05,0.001929353829546522,70.78169367833955,False,False,0.0043234947737040615,0.0019830954382100328,0.6855518796094174,0.31444812039058256,0.9956877097775567,0.002282084683195173,0.0,0.0020302055392480457,5.0,0.9340210048455392
2022,2022/23,279,Waltham Forest,E09000031,2,Outer London,1.0,Insufficiently Active,42,66.90950246508287,172.62248215879765,0.9422310588804381,0.0512031736386453,0.004914439981108235,0.0016513274998083084,25.934521761809616,False,False,0.05285450113845361,0.006565767480916544,0.8895028980266811,0.11049710197331886,0.9526505956036887,0.0473494043963113,0.0,0.0,5.0,0.8383682786985
2022,2022/23,279,Waltham Forest,E09000031,2,Outer London,2.0,Active,349,485.64087046884777,1017.9279354490033,0.7508008140282668,0.1112624980643091,0.06464490617997277,0.0732917817274513,231.6932730269448,False,False,0.1845542797917604,0.13793668790742408,0.5722773605365292,0.4277226394634708,0.7509114747558627,0.11133709790181527,0.06470297080736621,0.07304845653495576,5.0,0.9788756142662711
2022,2022/23,280,Wandsworth,E09000032,1,Inner London,0.0,Inactive,57,123.98516309984227,478.92460842897424,0.9992861210487884,0.0005364834297771576,0.00010978155949965091,6.761396193474329e-05,32.0975794485078,False,False,0.0006040973917119008,0.0001773955214343942,0.7730043120670169,0.22699568793298308,1.0,0.0,0.0,0.0,5.0,0.8652203169497864
2022,2022/23,280,Wandsworth,E09000032,1,Inner London,1.0,Insufficiently Active,42,88.74682410407148,327.57209924522766,0.8627675287554791,0.052222617896401785,0.08325101146087496,0.0017588418872440258,24.043558064641083,False,False,0.05398145978364581,0.08500985334811899,0.3883800977725204,0.6116199022274795,0.8574816243820086,0.0482777591223168,0.09424061649567451,0.0,5.0,0.8278447844140963
2022,2022/23,280,Wandsworth,E09000032,1,Inner London,2.0,Active,406,811.3439897696528,2513.5881368115547,0.7320074622385873,0.08926644852295451,0.0704545418294686,0.1082715474089896,261.8881988241537,False,False,0.1975379959319441,0.1787260892384582,0.5249982757256334,0.4750017242743666,0.7317465592537146,0.08891249608216534,0.07061683001964358,0.10872411464447648,5.0,0.9812655635504723
2022,2022/23,293,Westminster,E09000033,1,Inner London,0.0,Inactive,110,165.49198165614015,401.8868382096942,0.9855355751386501,0.010785975625888318,0.003644158067037398,3.429116842407226e-05,68.14753156505735,False,False,0.01082026679431239,0.00367844923546147,0.7462913800154728,0.2537086199845272,0.9848629323863033,0.011285298795620312,0.0038517688180762823,0.0,5.0,0.9316449934396897
2022,2022/23,293,Westminster,E09000033,1,Inner London,1.0,Insufficiently Active,32,47.796983234268104,129.28911801104448,0.9668134926415195,0.015701807008912334,0.015231378699521719,0.0022533216500463076,17.67009970709019,False,True,0.017955128658958642,0.017484700349568026,0.5066370002699142,0.4933629997300858,0.9890622562149801,0.0,0.01093774378501987,0.0,5.0,0.7794451694256896
2022,2022/23,293,Westminster,E09000033,1,Inner London,2.0,Active,343,468.2800421041448,985.9270458887079,0.7490997766515309,0.09618908895533515,0.06788568717781406,0.08682544721531986,222.4162515345104,False,False,0.183014536170655,0.15471113439313391,0.5419029470431909,0.45809705295680914,0.7491768131053438,0.09592794452625203,0.06801902765249822,0.08687621471590597,5.0,0.9780138843804606
