series_id,LA_2023,age_group_code,age_group,year8_observed_rate,initial_year8_lag_observed,task,year,forecast_horizon,frequent_volunteer_rate_lag1,lag_1_missing,time_trend,borough_category,age_group_category,selected_model,raw_predicted_rate,predicted_rate,was_clipped,lag_source,predicted_rate_pp,change_from_year8_pp
borough_107__age_2,107,2,16-24,0.1830338869817772,True,borough_age,9,1,0.1830338869817772,0,6,107,16-24,Gradient Boosting,0.14690816616961425,0.14690816616961425,False,observed_year8,14.690816616961424,-3.6125720812162947
borough_107__age_3,107,3,25-34,0.062170666090344,True,borough_age,9,1,0.062170666090344,0,6,107,25-34,Gradient Boosting,0.10212178327612054,0.10212178327612054,False,observed_year8,10.212178327612055,3.9951117185776535
borough_107__age_4,107,4,35-44,0.1498867779151033,True,borough_age,9,1,0.1498867779151033,0,6,107,35-44,Gradient Boosting,0.10212178327612054,0.10212178327612054,False,observed_year8,10.212178327612055,-4.776499463898276
borough_107__age_5,107,5,45-54,0.1118530314589703,True,borough_age,9,1,0.1118530314589703,0,6,107,45-54,Gradient Boosting,0.12215764565241072,0.12215764565241072,False,observed_year8,12.215764565241072,1.030461419344042
borough_107__age_6,107,6,55-64,0.1111960470819738,True,borough_age,9,1,0.1111960470819738,0,6,107,55-64,Gradient Boosting,0.10212178327612054,0.10212178327612054,False,observed_year8,10.212178327612055,-0.9074263805853258
borough_107__age_7,107,7,65-74,0.1071708277366629,True,borough_age,9,1,0.1071708277366629,0,6,107,65-74,Gradient Boosting,0.10212178327612054,0.10212178327612054,False,observed_year8,10.212178327612055,-0.5049044460542357
borough_107__age_8,107,8,75-84,0.0852003854696602,True,borough_age,9,1,0.0852003854696602,0,6,107,75-84,Gradient Boosting,0.09488684547263461,0.09488684547263461,False,observed_year8,9.48868454726346,0.9686460002974406
borough_107__age_9,107,9,85+,0.0,True,borough_age,9,1,0.0,0,6,107,85+,Gradient Boosting,0.030881796315896357,0.030881796315896357,False,observed_year8,3.088179631589636,3.088179631589636
borough_109__age_2,109,2,16-24,0.1277280054326884,True,borough_age,9,1,0.1277280054326884,0,6,109,16-24,Gradient Boosting,0.14032712958412633,0.14032712958412633,False,observed_year8,14.032712958412633,1.2599124151437935
borough_109__age_3,109,3,25-34,0.0969215685548594,True,borough_age,9,1,0.0969215685548594,0,6,109,25-34,Gradient Boosting,0.0955407466906326,0.0955407466906326,False,observed_year8,9.55407466906326,-0.13808218642267917
borough_109__age_4,109,4,35-44,0.1080165143988063,True,borough_age,9,1,0.1080165143988063,0,6,109,35-44,Gradient Boosting,0.0955407466906326,0.0955407466906326,False,observed_year8,9.55407466906326,-1.24757677081737
borough_109__age_5,109,5,45-54,0.1028343749638182,True,borough_age,9,1,0.1028343749638182,0,6,109,45-54,Gradient Boosting,0.11557660906692278,0.11557660906692278,False,observed_year8,11.557660906692279,1.2742234103104586
borough_109__age_6,109,6,55-64,0.0892493756523148,True,borough_age,9,1,0.0892493756523148,0,6,109,55-64,Gradient Boosting,0.0955407466906326,0.0955407466906326,False,observed_year8,9.55407466906326,0.6291371038317797
borough_109__age_7,109,7,65-74,0.0879778713050493,True,borough_age,9,1,0.0879778713050493,0,6,109,65-74,Gradient Boosting,0.0955407466906326,0.0955407466906326,False,observed_year8,9.55407466906326,0.7562875385583299
borough_109__age_8,109,8,75-84,0.0,True,borough_age,9,1,0.0,0,6,109,75-84,Gradient Boosting,0.08830580888714668,0.08830580888714668,False,observed_year8,8.830580888714668,8.830580888714668
borough_109__age_9,109,9,85+,1.0,True,borough_age,9,1,1.0,0,6,109,85+,Gradient Boosting,0.02609000174931056,0.02609000174931056,False,observed_year8,2.609000174931056,-97.39099982506895
borough_112__age_2,112,2,16-24,0.2261142180682152,True,borough_age,9,1,0.2261142180682152,0,6,112,16-24,Gradient Boosting,0.14690816616961425,0.14690816616961425,False,observed_year8,14.690816616961424,-7.920605189860094
borough_112__age_3,112,3,25-34,0.0640628486811424,True,borough_age,9,1,0.0640628486811424,0,6,112,25-34,Gradient Boosting,0.10212178327612054,0.10212178327612054,False,observed_year8,10.212178327612055,3.8058934594978138
borough_112__age_4,112,4,35-44,0.0746204593332339,True,borough_age,9,1,0.0746204593332339,0,6,112,35-44,Gradient Boosting,0.10212178327612054,0.10212178327612054,False,observed_year8,10.212178327612055,2.7501323942886637
borough_112__age_5,112,5,45-54,0.147227748110462,True,borough_age,9,1,0.147227748110462,0,6,112,45-54,Gradient Boosting,0.12215764565241072,0.12215764565241072,False,observed_year8,12.215764565241072,-2.5070102458051275
borough_112__age_6,112,6,55-64,0.0343414090032645,True,borough_age,9,1,0.0343414090032645,0,6,112,55-64,Gradient Boosting,0.10212178327612054,0.10212178327612054,False,observed_year8,10.212178327612055,6.778037427285604
borough_112__age_7,112,7,65-74,0.1168822183638024,True,borough_age,9,1,0.1168822183638024,0,6,112,65-74,Gradient Boosting,0.10212178327612054,0.10212178327612054,False,observed_year8,10.212178327612055,-1.4760435087681865
borough_112__age_8,112,8,75-84,0.0933306994127133,True,borough_age,9,1,0.0933306994127133,0,6,112,75-84,Gradient Boosting,0.09488684547263461,0.09488684547263461,False,observed_year8,9.48868454726346,0.15561460599213123
borough_112__age_9,112,9,85+,0.0,True,borough_age,9,1,0.0,0,6,112,85+,Gradient Boosting,0.030881796315896357,0.030881796315896357,False,observed_year8,3.088179631589636,3.088179631589636
borough_114__age_2,114,2,16-24,0.2948982486889035,True,borough_age,9,1,0.2948982486889035,0,6,114,16-24,Gradient Boosting,0.14690816616961425,0.14690816616961425,False,observed_year8,14.690816616961424,-14.799008251928928
borough_114__age_3,114,3,25-34,0.1028483577200946,True,borough_age,9,1,0.1028483577200946,0,6,114,25-34,Gradient Boosting,0.10212178327612054,0.10212178327612054,False,observed_year8,10.212178327612055,-0.07265744439740596
borough_114__age_4,114,4,35-44,0.2136147467942589,True,borough_age,9,1,0.2136147467942589,0,6,114,35-44,Gradient Boosting,0.10212178327612054,0.10212178327612054,False,observed_year8,10.212178327612055,-11.149296351813836
borough_114__age_5,114,5,45-54,0.1780346218589068,True,borough_age,9,1,0.1780346218589068,0,6,114,45-54,Gradient Boosting,0.12215764565241072,0.12215764565241072,False,observed_year8,12.215764565241072,-5.587697620649609
borough_114__age_6,114,6,55-64,0.0694691139045843,True,borough_age,9,1,0.0694691139045843,0,6,114,55-64,Gradient Boosting,0.10212178327612054,0.10212178327612054,False,observed_year8,10.212178327612055,3.265266937153624
borough_114__age_7,114,7,65-74,0.0457667051904853,True,borough_age,9,1,0.0457667051904853,0,6,114,65-74,Gradient Boosting,0.10212178327612054,0.10212178327612054,False,observed_year8,10.212178327612055,5.635507808563524
borough_114__age_8,114,8,75-84,0.1682705246338149,True,borough_age,9,1,0.1682705246338149,0,6,114,75-84,Gradient Boosting,0.09705618097211419,0.09705618097211419,False,observed_year8,9.705618097211419,-7.121434366170071
borough_114__age_9,114,9,85+,0.0,True,borough_age,9,1,0.0,0,6,114,85+,Gradient Boosting,0.030881796315896357,0.030881796315896357,False,observed_year8,3.088179631589636,3.088179631589636
borough_117__age_2,117,2,16-24,0.4203709770680243,True,borough_age,9,1,0.4203709770680243,0,6,117,16-24,Gradient Boosting,0.14690816616961425,0.14690816616961425,False,observed_year8,14.690816616961424,-27.346281089841007
borough_117__age_3,117,3,25-34,0.1543324705532756,True,borough_age,9,1,0.1543324705532756,0,6,117,25-34,Gradient Boosting,0.10212178327612054,0.10212178327612054,False,observed_year8,10.212178327612055,-5.2210687277155055
borough_117__age_4,117,4,35-44,0.2185199229122329,True,borough_age,9,1,0.2185199229122329,0,6,117,35-44,Gradient Boosting,0.10212178327612054,0.10212178327612054,False,observed_year8,10.212178327612055,-11.639813963611237
borough_117__age_5,117,5,45-54,0.1084854084311771,True,borough_age,9,1,0.1084854084311771,0,6,117,45-54,Gradient Boosting,0.12215764565241072,0.12215764565241072,False,observed_year8,12.215764565241072,1.3672237221233619
borough_117__age_6,117,6,55-64,0.1430798972872334,True,borough_age,9,1,0.1430798972872334,0,6,117,55-64,Gradient Boosting,0.10212178327612054,0.10212178327612054,False,observed_year8,10.212178327612055,-4.095811401111285
borough_117__age_7,117,7,65-74,0.1122886513018232,True,borough_age,9,1,0.1122886513018232,0,6,117,65-74,Gradient Boosting,0.10212178327612054,0.10212178327612054,False,observed_year8,10.212178327612055,-1.0166868025702658
borough_117__age_8,117,8,75-84,0.0779386456522035,True,borough_age,9,1,0.0779386456522035,0,6,117,75-84,Gradient Boosting,0.09488684547263461,0.09488684547263461,False,observed_year8,9.48868454726346,1.694819982043111
borough_117__age_9,117,9,85+,0.0,True,borough_age,9,1,0.0,0,6,117,85+,Gradient Boosting,0.030881796315896357,0.030881796315896357,False,observed_year8,3.088179631589636,3.088179631589636
borough_122__age_2,122,2,16-24,0.3088608067401731,True,borough_age,9,1,0.3088608067401731,0,6,122,16-24,Gradient Boosting,0.14690816616961425,0.14690816616961425,False,observed_year8,14.690816616961424,-16.195264057055883
borough_122__age_3,122,3,25-34,0.1442301087459172,True,borough_age,9,1,0.1442301087459172,0,6,122,25-34,Gradient Boosting,0.10212178327612054,0.10212178327612054,False,observed_year8,10.212178327612055,-4.210832546979668
borough_122__age_4,122,4,35-44,0.0791386868878573,True,borough_age,9,1,0.0791386868878573,0,6,122,35-44,Gradient Boosting,0.10212178327612054,0.10212178327612054,False,observed_year8,10.212178327612055,2.2983096388263236
borough_122__age_5,122,5,45-54,0.1158792440070687,True,borough_age,9,1,0.1158792440070687,0,6,122,45-54,Gradient Boosting,0.12215764565241072,0.12215764565241072,False,observed_year8,12.215764565241072,0.6278401645342019
borough_122__age_6,122,6,55-64,0.0569546562253774,True,borough_age,9,1,0.0569546562253774,0,6,122,55-64,Gradient Boosting,0.10212178327612054,0.10212178327612054,False,observed_year8,10.212178327612055,4.516712705074314
borough_122__age_7,122,7,65-74,0.0706687377129613,True,borough_age,9,1,0.0706687377129613,0,6,122,65-74,Gradient Boosting,0.10212178327612054,0.10212178327612054,False,observed_year8,10.212178327612055,3.145304556315924
borough_122__age_8,122,8,75-84,0.0,True,borough_age,9,1,0.0,0,6,122,75-84,Gradient Boosting,0.09488684547263461,0.09488684547263461,False,observed_year8,9.48868454726346,9.48868454726346
borough_122__age_9,122,9,85+,0.0597454556181791,True,borough_age,9,1,0.0597454556181791,0,6,122,85+,Gradient Boosting,0.030881796315896357,0.030881796315896357,False,observed_year8,3.088179631589636,-2.8863659302282745
borough_126__age_2,126,2,16-24,0.2083077469092099,True,borough_age,9,1,0.2083077469092099,0,6,126,16-24,Gradient Boosting,0.14690816616961425,0.14690816616961425,False,observed_year8,14.690816616961424,-6.139958073959565
borough_126__age_3,126,3,25-34,0.1289908975060883,True,borough_age,9,1,0.1289908975060883,0,6,126,25-34,Gradient Boosting,0.10212178327612054,0.10212178327612054,False,observed_year8,10.212178327612055,-2.6869114229967765
borough_126__age_4,126,4,35-44,0.1890814068594321,True,borough_age,9,1,0.1890814068594321,0,6,126,35-44,Gradient Boosting,0.10212178327612054,0.10212178327612054,False,observed_year8,10.212178327612055,-8.695962358331155
borough_126__age_5,126,5,45-54,0.0832523963953507,True,borough_age,9,1,0.0832523963953507,0,6,126,45-54,Gradient Boosting,0.12215764565241072,0.12215764565241072,False,observed_year8,12.215764565241072,3.8905249257060017
borough_126__age_6,126,6,55-64,0.0329659353536502,True,borough_age,9,1,0.0329659353536502,0,6,126,55-64,Gradient Boosting,0.10212178327612054,0.10212178327612054,False,observed_year8,10.212178327612055,6.915584792247034
borough_126__age_7,126,7,65-74,0.0446104376346828,True,borough_age,9,1,0.0446104376346828,0,6,126,65-74,Gradient Boosting,0.10212178327612054,0.10212178327612054,False,observed_year8,10.212178327612055,5.751134564143774
borough_126__age_8,126,8,75-84,0.1290739177744028,True,borough_age,9,1,0.1290739177744028,0,6,126,75-84,Gradient Boosting,0.09488684547263461,0.09488684547263461,False,observed_year8,9.48868454726346,-3.4187072301768193
borough_126__age_9,126,9,85+,0.0,True,borough_age,9,1,0.0,0,6,126,85+,Gradient Boosting,0.030881796315896357,0.030881796315896357,False,observed_year8,3.088179631589636,3.088179631589636
borough_129__age_2,129,2,16-24,0.2038231836162495,True,borough_age,9,1,0.2038231836162495,0,6,129,16-24,Gradient Boosting,0.14690816616961425,0.14690816616961425,False,observed_year8,14.690816616961424,-5.691501744663524
borough_129__age_3,129,3,25-34,0.3626871920377716,True,borough_age,9,1,0.3626871920377716,0,6,129,25-34,Gradient Boosting,0.10212178327612054,0.10212178327612054,False,observed_year8,10.212178327612055,-26.05654087616511
borough_129__age_4,129,4,35-44,0.1693291010444767,True,borough_age,9,1,0.1693291010444767,0,6,129,35-44,Gradient Boosting,0.10212178327612054,0.10212178327612054,False,observed_year8,10.212178327612055,-6.720731776835617
borough_129__age_5,129,5,45-54,0.2107794356419741,True,borough_age,9,1,0.2107794356419741,0,6,129,45-54,Gradient Boosting,0.12215764565241072,0.12215764565241072,False,observed_year8,12.215764565241072,-8.862178998956338
borough_129__age_6,129,6,55-64,0.1583262841767176,True,borough_age,9,1,0.1583262841767176,0,6,129,55-64,Gradient Boosting,0.10212178327612054,0.10212178327612054,False,observed_year8,10.212178327612055,-5.620450090059706
borough_129__age_7,129,7,65-74,0.0453793739367163,True,borough_age,9,1,0.0453793739367163,0,6,129,65-74,Gradient Boosting,0.10212178327612054,0.10212178327612054,False,observed_year8,10.212178327612055,5.674240933940424
borough_129__age_8,129,8,75-84,0.0446931913421307,True,borough_age,9,1,0.0446931913421307,0,6,129,75-84,Gradient Boosting,0.09488684547263461,0.09488684547263461,False,observed_year8,9.48868454726346,5.019365413050391
borough_129__age_9,129,9,85+,0.0,True,borough_age,9,1,0.0,0,6,129,85+,Gradient Boosting,0.030881796315896357,0.030881796315896357,False,observed_year8,3.088179631589636,3.088179631589636
borough_135__age_2,135,2,16-24,0.2465278382607494,True,borough_age,9,1,0.2465278382607494,0,6,135,16-24,Gradient Boosting,0.1466690549749913,0.1466690549749913,False,observed_year8,14.66690549749913,-9.98587832857581
borough_135__age_3,135,3,25-34,0.101955094353257,True,borough_age,9,1,0.101955094353257,0,6,135,25-34,Gradient Boosting,0.10188267208149762,0.10188267208149762,False,observed_year8,10.188267208149762,-0.007242227175938143
borough_135__age_4,135,4,35-44,0.0281520798809513,True,borough_age,9,1,0.0281520798809513,0,6,135,35-44,Gradient Boosting,0.10188267208149762,0.10188267208149762,False,observed_year8,10.188267208149762,7.373059220054631
borough_135__age_5,135,5,45-54,0.1799828139945925,True,borough_age,9,1,0.1799828139945925,0,6,135,45-54,Gradient Boosting,0.12215764565241072,0.12215764565241072,False,observed_year8,12.215764565241072,-5.782516834218179
borough_135__age_6,135,6,55-64,0.0243647187736236,True,borough_age,9,1,0.0243647187736236,0,6,135,55-64,Gradient Boosting,0.10188267208149762,0.10188267208149762,False,observed_year8,10.188267208149762,7.7517953307874015
borough_135__age_7,135,7,65-74,0.0514010004029078,True,borough_age,9,1,0.0514010004029078,0,6,135,65-74,Gradient Boosting,0.10188267208149762,0.10188267208149762,False,observed_year8,10.188267208149762,5.048167167858982
borough_135__age_8,135,8,75-84,0.0,True,borough_age,9,1,0.0,0,6,135,75-84,Gradient Boosting,0.0946477342780117,0.0946477342780117,False,observed_year8,9.46477342780117,9.46477342780117
borough_135__age_9,135,9,85+,0.0,True,borough_age,9,1,0.0,0,6,135,85+,Gradient Boosting,0.030642685121273435,0.030642685121273435,False,observed_year8,3.0642685121273434,3.0642685121273434
borough_136__age_2,136,2,16-24,0.2175922027539195,True,borough_age,9,1,0.2175922027539195,0,6,136,16-24,Gradient Boosting,0.14690816616961425,0.14690816616961425,False,observed_year8,14.690816616961424,-7.068403658430525
borough_136__age_3,136,3,25-34,0.0824747054000288,True,borough_age,9,1,0.0824747054000288,0,6,136,25-34,Gradient Boosting,0.10212178327612054,0.10212178327612054,False,observed_year8,10.212178327612055,1.964707787609174
borough_136__age_4,136,4,35-44,0.0630906365390111,True,borough_age,9,1,0.0630906365390111,0,6,136,35-44,Gradient Boosting,0.10212178327612054,0.10212178327612054,False,observed_year8,10.212178327612055,3.903114673710943
borough_136__age_5,136,5,45-54,0.1685184718437112,True,borough_age,9,1,0.1685184718437112,0,6,136,45-54,Gradient Boosting,0.12215764565241072,0.12215764565241072,False,observed_year8,12.215764565241072,-4.636082619130047
borough_136__age_6,136,6,55-64,0.159178130394973,True,borough_age,9,1,0.159178130394973,0,6,136,55-64,Gradient Boosting,0.10212178327612054,0.10212178327612054,False,observed_year8,10.212178327612055,-5.705634711885247
borough_136__age_7,136,7,65-74,0.1216733013386517,True,borough_age,9,1,0.1216733013386517,0,6,136,65-74,Gradient Boosting,0.10212178327612054,0.10212178327612054,False,observed_year8,10.212178327612055,-1.9551518062531166
borough_136__age_8,136,8,75-84,0.1458657405865573,True,borough_age,9,1,0.1458657405865573,0,6,136,75-84,Gradient Boosting,0.09488684547263461,0.09488684547263461,False,observed_year8,9.48868454726346,-5.097889511392268
borough_136__age_9,136,9,85+,0.0,True,borough_age,9,1,0.0,0,6,136,85+,Gradient Boosting,0.030881796315896357,0.030881796315896357,False,observed_year8,3.088179631589636,3.088179631589636
borough_139__age_2,139,2,16-24,0.1534383211287253,True,borough_age,9,1,0.1534383211287253,0,6,139,16-24,Gradient Boosting,0.16009097588069765,0.16009097588069765,False,observed_year8,16.009097588069764,0.6652654751972353
borough_139__age_3,139,3,25-34,0.04508984807017,True,borough_age,9,1,0.04508984807017,0,6,139,25-34,Gradient Boosting,0.11530459298720373,0.11530459298720373,False,observed_year8,11.530459298720373,7.021474491703374
borough_139__age_4,139,4,35-44,0.1097617771672394,True,borough_age,9,1,0.1097617771672394,0,6,139,35-44,Gradient Boosting,0.11530459298720373,0.11530459298720373,False,observed_year8,11.530459298720373,0.554281581996434
borough_139__age_5,139,5,45-54,0.2060378424376823,True,borough_age,9,1,0.2060378424376823,0,6,139,45-54,Gradient Boosting,0.13534045536349398,0.13534045536349398,False,observed_year8,13.534045536349398,-7.069738707418832
borough_139__age_6,139,6,55-64,0.1327867803940149,True,borough_age,9,1,0.1327867803940149,0,6,139,55-64,Gradient Boosting,0.11530459298720373,0.11530459298720373,False,observed_year8,11.530459298720373,-1.7482187406811165
borough_139__age_7,139,7,65-74,0.2070629046159895,True,borough_age,9,1,0.2070629046159895,0,6,139,65-74,Gradient Boosting,0.11530459298720373,0.11530459298720373,False,observed_year8,11.530459298720373,-9.175831162878577
borough_139__age_8,139,8,75-84,0.0289270261100099,True,borough_age,9,1,0.0289270261100099,0,6,139,75-84,Gradient Boosting,0.1080696551837178,0.1080696551837178,False,observed_year8,10.806965518371781,7.914262907370791
borough_139__age_9,139,9,85+,0.0,True,borough_age,9,1,0.0,0,6,139,85+,Gradient Boosting,0.04406460602697961,0.04406460602697961,False,observed_year8,4.406460602697961,4.406460602697961
borough_142__age_2,142,2,16-24,0.1179773923898176,True,borough_age,9,1,0.1179773923898176,0,6,142,16-24,Gradient Boosting,0.14690816616961425,0.14690816616961425,False,observed_year8,14.690816616961424,2.8930773779796652
borough_142__age_3,142,3,25-34,0.0944592262749701,True,borough_age,9,1,0.0944592262749701,0,6,142,25-34,Gradient Boosting,0.10212178327612054,0.10212178327612054,False,observed_year8,10.212178327612055,0.7662557001150441
borough_142__age_4,142,4,35-44,0.1163002998769874,True,borough_age,9,1,0.1163002998769874,0,6,142,35-44,Gradient Boosting,0.10212178327612054,0.10212178327612054,False,observed_year8,10.212178327612055,-1.417851660086686
borough_142__age_5,142,5,45-54,0.099083836734993,True,borough_age,9,1,0.099083836734993,0,6,142,45-54,Gradient Boosting,0.12215764565241072,0.12215764565241072,False,observed_year8,12.215764565241072,2.3073808917417713
borough_142__age_6,142,6,55-64,0.0173559166149571,True,borough_age,9,1,0.0173559166149571,0,6,142,55-64,Gradient Boosting,0.10212178327612054,0.10212178327612054,False,observed_year8,10.212178327612055,8.476586666116344
borough_142__age_7,142,7,65-74,0.1411451587789903,True,borough_age,9,1,0.1411451587789903,0,6,142,65-74,Gradient Boosting,0.10212178327612054,0.10212178327612054,False,observed_year8,10.212178327612055,-3.902337550286977
borough_142__age_8,142,8,75-84,0.1104523680973588,True,borough_age,9,1,0.1104523680973588,0,6,142,75-84,Gradient Boosting,0.09488684547263461,0.09488684547263461,False,observed_year8,9.48868454726346,-1.5565522624724188
borough_142__age_9,142,9,85+,0.0,True,borough_age,9,1,0.0,0,6,142,85+,Gradient Boosting,0.030881796315896357,0.030881796315896357,False,observed_year8,3.088179631589636,3.088179631589636
borough_147__age_2,147,2,16-24,0.196398297399681,True,borough_age,9,1,0.196398297399681,0,6,147,16-24,Gradient Boosting,0.14690816616961425,0.14690816616961425,False,observed_year8,14.690816616961424,-4.949013123006677
borough_147__age_3,147,3,25-34,0.0993770353495688,True,borough_age,9,1,0.0993770353495688,0,6,147,25-34,Gradient Boosting,0.10212178327612054,0.10212178327612054,False,observed_year8,10.212178327612055,0.274474792655173
borough_147__age_4,147,4,35-44,0.1112160838467972,True,borough_age,9,1,0.1112160838467972,0,6,147,35-44,Gradient Boosting,0.10212178327612054,0.10212178327612054,False,observed_year8,10.212178327612055,-0.9094300570676659
borough_147__age_5,147,5,45-54,0.0742297569563128,True,borough_age,9,1,0.0742297569563128,0,6,147,45-54,Gradient Boosting,0.12215764565241072,0.12215764565241072,False,observed_year8,12.215764565241072,4.792788869609792
borough_147__age_6,147,6,55-64,0.1531209759135563,True,borough_age,9,1,0.1531209759135563,0,6,147,55-64,Gradient Boosting,0.10212178327612054,0.10212178327612054,False,observed_year8,10.212178327612055,-5.099919263743577
borough_147__age_7,147,7,65-74,0.189779234514427,True,borough_age,9,1,0.189779234514427,0,6,147,65-74,Gradient Boosting,0.10212178327612054,0.10212178327612054,False,observed_year8,10.212178327612055,-8.765745123830646
borough_147__age_8,147,8,75-84,0.0,True,borough_age,9,1,0.0,0,6,147,75-84,Gradient Boosting,0.09488684547263461,0.09488684547263461,False,observed_year8,9.48868454726346,9.48868454726346
borough_147__age_9,147,9,85+,0.0,True,borough_age,9,1,0.0,0,6,147,85+,Gradient Boosting,0.030881796315896357,0.030881796315896357,False,observed_year8,3.088179631589636,3.088179631589636
borough_160__age_2,160,2,16-24,0.0916932925465047,True,borough_age,9,1,0.0916932925465047,0,6,160,16-24,Gradient Boosting,0.14690816616961425,0.14690816616961425,False,observed_year8,14.690816616961424,5.521487362310955
borough_160__age_3,160,3,25-34,0.0969066096579196,True,borough_age,9,1,0.0969066096579196,0,6,160,25-34,Gradient Boosting,0.10212178327612054,0.10212178327612054,False,observed_year8,10.212178327612055,0.5215173618200939
borough_160__age_4,160,4,35-44,0.1120261529828093,True,borough_age,9,1,0.1120261529828093,0,6,160,35-44,Gradient Boosting,0.10212178327612054,0.10212178327612054,False,observed_year8,10.212178327612055,-0.9904369706688759
borough_160__age_5,160,5,45-54,0.1807579552473695,True,borough_age,9,1,0.1807579552473695,0,6,160,45-54,Gradient Boosting,0.12215764565241072,0.12215764565241072,False,observed_year8,12.215764565241072,-5.860030959495879
borough_160__age_6,160,6,55-64,0.191995511675405,True,borough_age,9,1,0.191995511675405,0,6,160,55-64,Gradient Boosting,0.10212178327612054,0.10212178327612054,False,observed_year8,10.212178327612055,-8.987372839928446
borough_160__age_7,160,7,65-74,0.1412572610227118,True,borough_age,9,1,0.1412572610227118,0,6,160,65-74,Gradient Boosting,0.10212178327612054,0.10212178327612054,False,observed_year8,10.212178327612055,-3.9135477746591265
borough_160__age_8,160,8,75-84,0.2536783312980147,True,borough_age,9,1,0.2536783312980147,0,6,160,75-84,Gradient Boosting,0.09705618097211419,0.09705618097211419,False,observed_year8,9.705618097211419,-15.662215032590051
borough_160__age_9,160,9,85+,0.0,True,borough_age,9,1,0.0,0,6,160,85+,Gradient Boosting,0.030881796315896357,0.030881796315896357,False,observed_year8,3.088179631589636,3.088179631589636
borough_171__age_2,171,2,16-24,0.1246471577536642,True,borough_age,9,1,0.1246471577536642,0,6,171,16-24,Gradient Boosting,0.14690816616961425,0.14690816616961425,False,observed_year8,14.690816616961424,2.226100841595005
borough_171__age_3,171,3,25-34,0.131947085239157,True,borough_age,9,1,0.131947085239157,0,6,171,25-34,Gradient Boosting,0.10212178327612054,0.10212178327612054,False,observed_year8,10.212178327612055,-2.9825301963036455
borough_171__age_4,171,4,35-44,0.1348130539703271,True,borough_age,9,1,0.1348130539703271,0,6,171,35-44,Gradient Boosting,0.10212178327612054,0.10212178327612054,False,observed_year8,10.212178327612055,-3.269127069420658
borough_171__age_5,171,5,45-54,0.1209898796757911,True,borough_age,9,1,0.1209898796757911,0,6,171,45-54,Gradient Boosting,0.12215764565241072,0.12215764565241072,False,observed_year8,12.215764565241072,0.11677659766196197
borough_171__age_6,171,6,55-64,0.131849246369915,True,borough_age,9,1,0.131849246369915,0,6,171,55-64,Gradient Boosting,0.10212178327612054,0.10212178327612054,False,observed_year8,10.212178327612055,-2.9727463093794455
borough_171__age_7,171,7,65-74,0.1688574634382696,True,borough_age,9,1,0.1688574634382696,0,6,171,65-74,Gradient Boosting,0.10212178327612054,0.10212178327612054,False,observed_year8,10.212178327612055,-6.673568016214906
borough_171__age_8,171,8,75-84,0.2390540445425562,True,borough_age,9,1,0.2390540445425562,0,6,171,75-84,Gradient Boosting,0.09705618097211419,0.09705618097211419,False,observed_year8,9.705618097211419,-14.1997863570442
borough_171__age_9,171,9,85+,0.0,True,borough_age,9,1,0.0,0,6,171,85+,Gradient Boosting,0.030881796315896357,0.030881796315896357,False,observed_year8,3.088179631589636,3.088179631589636
borough_17__age_2,17,2,16-24,0.139009438983777,True,borough_age,9,1,0.139009438983777,0,6,17,16-24,Gradient Boosting,0.14690816616961425,0.14690816616961425,False,observed_year8,14.690816616961424,0.7898727185837257
borough_17__age_3,17,3,25-34,0.0745490192337595,True,borough_age,9,1,0.0745490192337595,0,6,17,25-34,Gradient Boosting,0.10212178327612054,0.10212178327612054,False,observed_year8,10.212178327612055,2.7572764042361033
borough_17__age_4,17,4,35-44,0.1261271779449969,True,borough_age,9,1,0.1261271779449969,0,6,17,35-44,Gradient Boosting,0.10212178327612054,0.10212178327612054,False,observed_year8,10.212178327612055,-2.4005394668876354
borough_17__age_5,17,5,45-54,0.06627607213547,True,borough_age,9,1,0.06627607213547,0,6,17,45-54,Gradient Boosting,0.12215764565241072,0.12215764565241072,False,observed_year8,12.215764565241072,5.588157351694072
borough_17__age_6,17,6,55-64,0.1467705596247256,True,borough_age,9,1,0.1467705596247256,0,6,17,55-64,Gradient Boosting,0.10212178327612054,0.10212178327612054,False,observed_year8,10.212178327612055,-4.464877634860506
borough_17__age_7,17,7,65-74,0.1660897663475511,True,borough_age,9,1,0.1660897663475511,0,6,17,65-74,Gradient Boosting,0.10212178327612054,0.10212178327612054,False,observed_year8,10.212178327612055,-6.396798307143056
borough_17__age_8,17,8,75-84,0.2227202598222299,True,borough_age,9,1,0.2227202598222299,0,6,17,75-84,Gradient Boosting,0.09705618097211419,0.09705618097211419,False,observed_year8,9.705618097211419,-12.566407885011571
borough_17__age_9,17,9,85+,0.0,True,borough_age,9,1,0.0,0,6,17,85+,Gradient Boosting,0.030881796315896357,0.030881796315896357,False,observed_year8,3.088179631589636,3.088179631589636
borough_196__age_2,196,2,16-24,0.2534289737115014,True,borough_age,9,1,0.2534289737115014,0,6,196,16-24,Gradient Boosting,0.14690816616961425,0.14690816616961425,False,observed_year8,14.690816616961424,-10.652080754188717
borough_196__age_3,196,3,25-34,0.1287583780717256,True,borough_age,9,1,0.1287583780717256,0,6,196,25-34,Gradient Boosting,0.10212178327612054,0.10212178327612054,False,observed_year8,10.212178327612055,-2.663659479560507
borough_196__age_4,196,4,35-44,0.1345358820138205,True,borough_age,9,1,0.1345358820138205,0,6,196,35-44,Gradient Boosting,0.10212178327612054,0.10212178327612054,False,observed_year8,10.212178327612055,-3.241409873769996
borough_196__age_5,196,5,45-54,0.0634309159499543,True,borough_age,9,1,0.0634309159499543,0,6,196,45-54,Gradient Boosting,0.12215764565241072,0.12215764565241072,False,observed_year8,12.215764565241072,5.872672970245642
borough_196__age_6,196,6,55-64,0.1335591128580651,True,borough_age,9,1,0.1335591128580651,0,6,196,55-64,Gradient Boosting,0.10212178327612054,0.10212178327612054,False,observed_year8,10.212178327612055,-3.143732958194456
borough_196__age_7,196,7,65-74,0.1256069508551165,True,borough_age,9,1,0.1256069508551165,0,6,196,65-74,Gradient Boosting,0.10212178327612054,0.10212178327612054,False,observed_year8,10.212178327612055,-2.3485167578995965
borough_196__age_8,196,8,75-84,0.0,True,borough_age,9,1,0.0,0,6,196,75-84,Gradient Boosting,0.09488684547263461,0.09488684547263461,False,observed_year8,9.48868454726346,9.48868454726346
borough_196__age_9,196,9,85+,0.0,True,borough_age,9,1,0.0,0,6,196,85+,Gradient Boosting,0.030881796315896357,0.030881796315896357,False,observed_year8,3.088179631589636,3.088179631589636
borough_201__age_2,201,2,16-24,0.0795047643908059,True,borough_age,9,1,0.0795047643908059,0,6,201,16-24,Gradient Boosting,0.16698792962481301,0.16698792962481301,False,observed_year8,16.698792962481303,8.748316523400712
borough_201__age_3,201,3,25-34,0.1716714996357737,True,borough_age,9,1,0.1716714996357737,0,6,201,25-34,Gradient Boosting,0.12458656197166748,0.12458656197166748,False,observed_year8,12.458656197166748,-4.708493766410621
borough_201__age_4,201,4,35-44,0.0722774722963231,True,borough_age,9,1,0.0722774722963231,0,6,201,35-44,Gradient Boosting,0.12458656197166748,0.12458656197166748,False,observed_year8,12.458656197166748,5.230908967534438
borough_201__age_5,201,5,45-54,0.2574666429442293,True,borough_age,9,1,0.2574666429442293,0,6,201,45-54,Gradient Boosting,0.14462242434795763,0.14462242434795763,False,observed_year8,14.462242434795764,-11.284421859627164
borough_201__age_6,201,6,55-64,0.2103700230167736,True,borough_age,9,1,0.2103700230167736,0,6,201,55-64,Gradient Boosting,0.12458656197166748,0.12458656197166748,False,observed_year8,12.458656197166748,-8.578346104510612
borough_201__age_7,201,7,65-74,0.1972325953097849,True,borough_age,9,1,0.1972325953097849,0,6,201,65-74,Gradient Boosting,0.12458656197166748,0.12458656197166748,False,observed_year8,12.458656197166748,-7.264603333811742
borough_201__age_8,201,8,75-84,0.0885446603927944,True,borough_age,9,1,0.0885446603927944,0,6,201,75-84,Gradient Boosting,0.11735162416818155,0.11735162416818155,False,observed_year8,11.735162416818156,2.880696377538715
borough_201__age_9,201,9,85+,0.7818935248331759,True,borough_age,9,1,0.7818935248331759,0,6,201,85+,Gradient Boosting,0.05508131390845019,0.05508131390845019,False,observed_year8,5.508131390845019,-72.68122109247257
borough_241__age_2,241,2,16-24,0.0678208213580317,True,borough_age,9,1,0.0678208213580317,0,6,241,16-24,Gradient Boosting,0.14690816616961425,0.14690816616961425,False,observed_year8,14.690816616961424,7.9087344811582545
borough_241__age_3,241,3,25-34,0.058794743636458,True,borough_age,9,1,0.058794743636458,0,6,241,25-34,Gradient Boosting,0.10212178327612054,0.10212178327612054,False,observed_year8,10.212178327612055,4.332703963966254
borough_241__age_4,241,4,35-44,0.0988392386795421,True,borough_age,9,1,0.0988392386795421,0,6,241,35-44,Gradient Boosting,0.10212178327612054,0.10212178327612054,False,observed_year8,10.212178327612055,0.3282544596578438
borough_241__age_5,241,5,45-54,0.2269102052722818,True,borough_age,9,1,0.2269102052722818,0,6,241,45-54,Gradient Boosting,0.12215764565241072,0.12215764565241072,False,observed_year8,12.215764565241072,-10.47525596198711
borough_241__age_6,241,6,55-64,0.240593405099986,True,borough_age,9,1,0.240593405099986,0,6,241,55-64,Gradient Boosting,0.10212178327612054,0.10212178327612054,False,observed_year8,10.212178327612055,-13.847162182386546
borough_241__age_7,241,7,65-74,0.1377936830547056,True,borough_age,9,1,0.1377936830547056,0,6,241,65-74,Gradient Boosting,0.10212178327612054,0.10212178327612054,False,observed_year8,10.212178327612055,-3.5671899778585066
borough_241__age_8,241,8,75-84,0.1162083472473376,True,borough_age,9,1,0.1162083472473376,0,6,241,75-84,Gradient Boosting,0.09488684547263461,0.09488684547263461,False,observed_year8,9.48868454726346,-2.132150177470299
borough_241__age_9,241,9,85+,0.0,True,borough_age,9,1,0.0,0,6,241,85+,Gradient Boosting,0.030881796315896357,0.030881796315896357,False,observed_year8,3.088179631589636,3.088179631589636
borough_255__age_2,255,2,16-24,0.10154156428364,True,borough_age,9,1,0.10154156428364,0,6,255,16-24,Gradient Boosting,0.14690816616961425,0.14690816616961425,False,observed_year8,14.690816616961424,4.536660188597424
borough_255__age_3,255,3,25-34,0.1653902954434869,True,borough_age,9,1,0.1653902954434869,0,6,255,25-34,Gradient Boosting,0.10212178327612054,0.10212178327612054,False,observed_year8,10.212178327612055,-6.326851216736637
borough_255__age_4,255,4,35-44,0.0400467641552663,True,borough_age,9,1,0.0400467641552663,0,6,255,35-44,Gradient Boosting,0.10212178327612054,0.10212178327612054,False,observed_year8,10.212178327612055,6.207501912085424
borough_255__age_5,255,5,45-54,0.1729712370386921,True,borough_age,9,1,0.1729712370386921,0,6,255,45-54,Gradient Boosting,0.12215764565241072,0.12215764565241072,False,observed_year8,12.215764565241072,-5.081359138628139
borough_255__age_6,255,6,55-64,0.0784551299863328,True,borough_age,9,1,0.0784551299863328,0,6,255,55-64,Gradient Boosting,0.10212178327612054,0.10212178327612054,False,observed_year8,10.212178327612055,2.3666653289787734
borough_255__age_7,255,7,65-74,0.1526496728991635,True,borough_age,9,1,0.1526496728991635,0,6,255,65-74,Gradient Boosting,0.10212178327612054,0.10212178327612054,False,observed_year8,10.212178327612055,-5.052788962304297
borough_255__age_8,255,8,75-84,0.156207659709548,True,borough_age,9,1,0.156207659709548,0,6,255,75-84,Gradient Boosting,0.09488684547263461,0.09488684547263461,False,observed_year8,9.48868454726346,-6.132081423691339
borough_255__age_9,255,9,85+,0.0,True,borough_age,9,1,0.0,0,6,255,85+,Gradient Boosting,0.030881796315896357,0.030881796315896357,False,observed_year8,3.088179631589636,3.088179631589636
borough_272__age_2,272,2,16-24,0.0800107671240446,True,borough_age,9,1,0.0800107671240446,0,6,272,16-24,Gradient Boosting,0.1284622367536837,0.1284622367536837,False,observed_year8,12.846223675368371,4.84514696296391
borough_272__age_3,272,3,25-34,0.108482865604089,True,borough_age,9,1,0.108482865604089,0,6,272,25-34,Gradient Boosting,0.08640738593431602,0.08640738593431602,False,observed_year8,8.640738593431601,-2.207547966977298
borough_272__age_4,272,4,35-44,0.1605400522145847,True,borough_age,9,1,0.1605400522145847,0,6,272,35-44,Gradient Boosting,0.08640738593431602,0.08640738593431602,False,observed_year8,8.640738593431601,-7.413266628026868
borough_272__age_5,272,5,45-54,0.1180466658637206,True,borough_age,9,1,0.1180466658637206,0,6,272,45-54,Gradient Boosting,0.10517679821440074,0.10517679821440074,False,observed_year8,10.517679821440073,-1.2869867649319868
borough_272__age_6,272,6,55-64,0.102922918114901,True,borough_age,9,1,0.102922918114901,0,6,272,55-64,Gradient Boosting,0.08640738593431602,0.08640738593431602,False,observed_year8,8.640738593431601,-1.6515532180584978
borough_272__age_7,272,7,65-74,0.1043646259817551,True,borough_age,9,1,0.1043646259817551,0,6,272,65-74,Gradient Boosting,0.08640738593431602,0.08640738593431602,False,observed_year8,8.640738593431601,-1.795724004743908
borough_272__age_8,272,8,75-84,0.0,True,borough_age,9,1,0.0,0,6,272,75-84,Gradient Boosting,0.07917244813083009,0.07917244813083009,False,observed_year8,7.917244813083009,7.917244813083009
borough_272__age_9,272,9,85+,0.0,True,borough_age,9,1,0.0,0,6,272,85+,Gradient Boosting,0.0190375144635297,0.0190375144635297,False,observed_year8,1.90375144635297,1.90375144635297
borough_279__age_2,279,2,16-24,0.1177890234741966,True,borough_age,9,1,0.1177890234741966,0,6,279,16-24,Gradient Boosting,0.14690816616961425,0.14690816616961425,False,observed_year8,14.690816616961424,2.911914269541764
borough_279__age_3,279,3,25-34,0.098155003333648,True,borough_age,9,1,0.098155003333648,0,6,279,25-34,Gradient Boosting,0.10212178327612054,0.10212178327612054,False,observed_year8,10.212178327612055,0.3966779942472534
borough_279__age_4,279,4,35-44,0.0596788601176883,True,borough_age,9,1,0.0596788601176883,0,6,279,35-44,Gradient Boosting,0.10212178327612054,0.10212178327612054,False,observed_year8,10.212178327612055,4.244292315843224
borough_279__age_5,279,5,45-54,0.2231357785425123,True,borough_age,9,1,0.2231357785425123,0,6,279,45-54,Gradient Boosting,0.12215764565241072,0.12215764565241072,False,observed_year8,12.215764565241072,-10.097813289010157
borough_279__age_6,279,6,55-64,0.0821393232373831,True,borough_age,9,1,0.0821393232373831,0,6,279,55-64,Gradient Boosting,0.10212178327612054,0.10212178327612054,False,observed_year8,10.212178327612055,1.9982460038737437
borough_279__age_7,279,7,65-74,0.117766199343256,True,borough_age,9,1,0.117766199343256,0,6,279,65-74,Gradient Boosting,0.10212178327612054,0.10212178327612054,False,observed_year8,10.212178327612055,-1.5644416067135458
borough_279__age_8,279,8,75-84,0.2455551595848398,True,borough_age,9,1,0.2455551595848398,0,6,279,75-84,Gradient Boosting,0.09705618097211419,0.09705618097211419,False,observed_year8,9.705618097211419,-14.849897861272563
borough_279__age_9,279,9,85+,0.0,True,borough_age,9,1,0.0,0,6,279,85+,Gradient Boosting,0.030881796315896357,0.030881796315896357,False,observed_year8,3.088179631589636,3.088179631589636
borough_280__age_2,280,2,16-24,0.2175199221667134,True,borough_age,9,1,0.2175199221667134,0,6,280,16-24,Gradient Boosting,0.14690816616961425,0.14690816616961425,False,observed_year8,14.690816616961424,-7.061175599709915
borough_280__age_3,280,3,25-34,0.1785339472504633,True,borough_age,9,1,0.1785339472504633,0,6,280,25-34,Gradient Boosting,0.10212178327612054,0.10212178327612054,False,observed_year8,10.212178327612055,-7.641216397434275
borough_280__age_4,280,4,35-44,0.1382975799349419,True,borough_age,9,1,0.1382975799349419,0,6,280,35-44,Gradient Boosting,0.10212178327612054,0.10212178327612054,False,observed_year8,10.212178327612055,-3.617579665882137
borough_280__age_5,280,5,45-54,0.1736348527952486,True,borough_age,9,1,0.1736348527952486,0,6,280,45-54,Gradient Boosting,0.12215764565241072,0.12215764565241072,False,observed_year8,12.215764565241072,-5.147720714283787
borough_280__age_6,280,6,55-64,0.1195770285800361,True,borough_age,9,1,0.1195770285800361,0,6,280,55-64,Gradient Boosting,0.10212178327612054,0.10212178327612054,False,observed_year8,10.212178327612055,-1.7455245303915568
borough_280__age_7,280,7,65-74,0.1180429834185273,True,borough_age,9,1,0.1180429834185273,0,6,280,65-74,Gradient Boosting,0.10212178327612054,0.10212178327612054,False,observed_year8,10.212178327612055,-1.5921200142406764
borough_280__age_8,280,8,75-84,0.0,True,borough_age,9,1,0.0,0,6,280,75-84,Gradient Boosting,0.09488684547263461,0.09488684547263461,False,observed_year8,9.48868454726346,9.48868454726346
borough_280__age_9,280,9,85+,,False,borough_age,9,1,,1,6,280,85+,Gradient Boosting,0.030637899832390778,0.030637899832390778,False,missing_year8,3.0637899832390776,
borough_293__age_2,293,2,16-24,0.0365913804747428,True,borough_age,9,1,0.0365913804747428,0,6,293,16-24,Gradient Boosting,0.14690816616961425,0.14690816616961425,False,observed_year8,14.690816616961424,11.031678569487143
borough_293__age_3,293,3,25-34,0.053495384684282,True,borough_age,9,1,0.053495384684282,0,6,293,25-34,Gradient Boosting,0.10212178327612054,0.10212178327612054,False,observed_year8,10.212178327612055,4.8626398591838536
borough_293__age_4,293,4,35-44,0.0848082016959178,True,borough_age,9,1,0.0848082016959178,0,6,293,35-44,Gradient Boosting,0.10212178327612054,0.10212178327612054,False,observed_year8,10.212178327612055,1.7313581580202742
borough_293__age_5,293,5,45-54,0.0425853298342185,True,borough_age,9,1,0.0425853298342185,0,6,293,45-54,Gradient Boosting,0.12215764565241072,0.12215764565241072,False,observed_year8,12.215764565241072,7.957231581819221
borough_293__age_6,293,6,55-64,0.0,True,borough_age,9,1,0.0,0,6,293,55-64,Gradient Boosting,0.10212178327612054,0.10212178327612054,False,observed_year8,10.212178327612055,10.212178327612055
borough_293__age_7,293,7,65-74,0.1629366382871322,True,borough_age,9,1,0.1629366382871322,0,6,293,65-74,Gradient Boosting,0.10212178327612054,0.10212178327612054,False,observed_year8,10.212178327612055,-6.081485501101167
borough_293__age_8,293,8,75-84,0.0748730696240282,True,borough_age,9,1,0.0748730696240282,0,6,293,75-84,Gradient Boosting,0.09488684547263461,0.09488684547263461,False,observed_year8,9.48868454726346,2.0013775848606405
borough_293__age_9,293,9,85+,0.2982452615080974,True,borough_age,9,1,0.2982452615080974,0,6,293,85+,Gradient Boosting,0.030881796315896357,0.030881796315896357,False,observed_year8,3.088179631589636,-26.7363465192201
borough_30__age_2,30,2,16-24,0.1266815448805876,True,borough_age,9,1,0.1266815448805876,0,6,30,16-24,Gradient Boosting,0.14690816616961425,0.14690816616961425,False,observed_year8,14.690816616961424,2.0226621289026636
borough_30__age_3,30,3,25-34,0.1296019095741521,True,borough_age,9,1,0.1296019095741521,0,6,30,25-34,Gradient Boosting,0.10212178327612054,0.10212178327612054,False,observed_year8,10.212178327612055,-2.7480126298031564
borough_30__age_4,30,4,35-44,0.0409930661080003,True,borough_age,9,1,0.0409930661080003,0,6,30,35-44,Gradient Boosting,0.10212178327612054,0.10212178327612054,False,observed_year8,10.212178327612055,6.112871716812024
borough_30__age_5,30,5,45-54,0.0481665298293294,True,borough_age,9,1,0.0481665298293294,0,6,30,45-54,Gradient Boosting,0.12215764565241072,0.12215764565241072,False,observed_year8,12.215764565241072,7.399111582308132
borough_30__age_6,30,6,55-64,0.2185169709253583,True,borough_age,9,1,0.2185169709253583,0,6,30,55-64,Gradient Boosting,0.10212178327612054,0.10212178327612054,False,observed_year8,10.212178327612055,-11.639518764923777
borough_30__age_7,30,7,65-74,0.1102813234421443,True,borough_age,9,1,0.1102813234421443,0,6,30,65-74,Gradient Boosting,0.10212178327612054,0.10212178327612054,False,observed_year8,10.212178327612055,-0.8159540166023758
borough_30__age_8,30,8,75-84,0.0,True,borough_age,9,1,0.0,0,6,30,75-84,Gradient Boosting,0.09488684547263461,0.09488684547263461,False,observed_year8,9.48868454726346,9.48868454726346
borough_30__age_9,30,9,85+,0.0,True,borough_age,9,1,0.0,0,6,30,85+,Gradient Boosting,0.030881796315896357,0.030881796315896357,False,observed_year8,3.088179631589636,3.088179631589636
borough_35__age_2,35,2,16-24,0.1329437810320942,True,borough_age,9,1,0.1329437810320942,0,6,35,16-24,Gradient Boosting,0.15685178274018832,0.15685178274018832,False,observed_year8,15.685178274018833,2.3908001708094124
borough_35__age_3,35,3,25-34,0.1199166965134612,True,borough_age,9,1,0.1199166965134612,0,6,35,25-34,Gradient Boosting,0.11206539984669449,0.11206539984669449,False,observed_year8,11.20653998466945,-0.7851296666766705
borough_35__age_4,35,4,35-44,0.1747605590951717,True,borough_age,9,1,0.1747605590951717,0,6,35,35-44,Gradient Boosting,0.11206539984669449,0.11206539984669449,False,observed_year8,11.20653998466945,-6.269515924847722
borough_35__age_5,35,5,45-54,0.1348480143636899,True,borough_age,9,1,0.1348480143636899,0,6,35,45-54,Gradient Boosting,0.13210126222298468,0.13210126222298468,False,observed_year8,13.210126222298468,-0.27467521407052164
borough_35__age_6,35,6,55-64,0.0630826112710657,True,borough_age,9,1,0.0630826112710657,0,6,35,55-64,Gradient Boosting,0.11206539984669449,0.11206539984669449,False,observed_year8,11.20653998466945,4.89827885756288
borough_35__age_7,35,7,65-74,0.1554150669857758,True,borough_age,9,1,0.1554150669857758,0,6,35,65-74,Gradient Boosting,0.11206539984669449,0.11206539984669449,False,observed_year8,11.20653998466945,-4.334966713908132
borough_35__age_8,35,8,75-84,0.1911425029081757,True,borough_age,9,1,0.1911425029081757,0,6,35,75-84,Gradient Boosting,0.11160850103972228,0.11160850103972228,False,observed_year8,11.160850103972228,-7.953400186845341
borough_35__age_9,35,9,85+,0.0,True,borough_age,9,1,0.0,0,6,35,85+,Gradient Boosting,0.04082541288647035,0.04082541288647035,False,observed_year8,4.082541288647034,4.082541288647034
borough_44__age_2,44,2,16-24,0.138991032966824,True,borough_age,9,1,0.138991032966824,0,6,44,16-24,Gradient Boosting,0.14690816616961425,0.14690816616961425,False,observed_year8,14.690816616961424,0.791713320279025
borough_44__age_3,44,3,25-34,0.0971048226541429,True,borough_age,9,1,0.0971048226541429,0,6,44,25-34,Gradient Boosting,0.10212178327612054,0.10212178327612054,False,observed_year8,10.212178327612055,0.5016960621977637
borough_44__age_4,44,4,35-44,0.2032943095383431,True,borough_age,9,1,0.2032943095383431,0,6,44,35-44,Gradient Boosting,0.10212178327612054,0.10212178327612054,False,observed_year8,10.212178327612055,-10.117252626222257
borough_44__age_5,44,5,45-54,0.1201281480761936,True,borough_age,9,1,0.1201281480761936,0,6,44,45-54,Gradient Boosting,0.12215764565241072,0.12215764565241072,False,observed_year8,12.215764565241072,0.20294975762171208
borough_44__age_6,44,6,55-64,0.0644168620962235,True,borough_age,9,1,0.0644168620962235,0,6,44,55-64,Gradient Boosting,0.10212178327612054,0.10212178327612054,False,observed_year8,10.212178327612055,3.770492117989703
borough_44__age_7,44,7,65-74,0.3007397085419624,True,borough_age,9,1,0.3007397085419624,0,6,44,65-74,Gradient Boosting,0.10212178327612054,0.10212178327612054,False,observed_year8,10.212178327612055,-19.86179252658419
borough_44__age_8,44,8,75-84,0.0,True,borough_age,9,1,0.0,0,6,44,75-84,Gradient Boosting,0.09488684547263461,0.09488684547263461,False,observed_year8,9.48868454726346,9.48868454726346
borough_44__age_9,44,9,85+,0.3893886161014656,True,borough_age,9,1,0.3893886161014656,0,6,44,85+,Gradient Boosting,0.030881796315896357,0.030881796315896357,False,observed_year8,3.088179631589636,-35.85068197855692
borough_68__age_2,68,2,16-24,0.1927475039694993,True,borough_age,9,1,0.1927475039694993,0,6,68,16-24,Gradient Boosting,0.14690816616961425,0.14690816616961425,False,observed_year8,14.690816616961424,-4.583933779988506
borough_68__age_3,68,3,25-34,0.1652106450298921,True,borough_age,9,1,0.1652106450298921,0,6,68,25-34,Gradient Boosting,0.10212178327612054,0.10212178327612054,False,observed_year8,10.212178327612055,-6.308886175377157
borough_68__age_4,68,4,35-44,0.1747297364388737,True,borough_age,9,1,0.1747297364388737,0,6,68,35-44,Gradient Boosting,0.10212178327612054,0.10212178327612054,False,observed_year8,10.212178327612055,-7.260795316275318
borough_68__age_5,68,5,45-54,0.1150694174560084,True,borough_age,9,1,0.1150694174560084,0,6,68,45-54,Gradient Boosting,0.12215764565241072,0.12215764565241072,False,observed_year8,12.215764565241072,0.7088228196402313
borough_68__age_6,68,6,55-64,0.1235877635087129,True,borough_age,9,1,0.1235877635087129,0,6,68,55-64,Gradient Boosting,0.10212178327612054,0.10212178327612054,False,observed_year8,10.212178327612055,-2.146598023259236
borough_68__age_7,68,7,65-74,0.1802983858678723,True,borough_age,9,1,0.1802983858678723,0,6,68,65-74,Gradient Boosting,0.10212178327612054,0.10212178327612054,False,observed_year8,10.212178327612055,-7.817660259175177
borough_68__age_8,68,8,75-84,0.1444180719091273,True,borough_age,9,1,0.1444180719091273,0,6,68,75-84,Gradient Boosting,0.09488684547263461,0.09488684547263461,False,observed_year8,9.48868454726346,-4.95312264364927
borough_68__age_9,68,9,85+,0.0,True,borough_age,9,1,0.0,0,6,68,85+,Gradient Boosting,0.030881796315896357,0.030881796315896357,False,observed_year8,3.088179631589636,3.088179631589636
borough_78__age_2,78,2,16-24,0.2374752869271083,True,borough_age,9,1,0.2374752869271083,0,6,78,16-24,Gradient Boosting,0.14690816616961425,0.14690816616961425,False,observed_year8,14.690816616961424,-9.056712075749404
borough_78__age_3,78,3,25-34,0.1086282749866392,True,borough_age,9,1,0.1086282749866392,0,6,78,25-34,Gradient Boosting,0.10212178327612054,0.10212178327612054,False,observed_year8,10.212178327612055,-0.650649171051866
borough_78__age_4,78,4,35-44,0.2341997299602941,True,borough_age,9,1,0.2341997299602941,0,6,78,35-44,Gradient Boosting,0.10212178327612054,0.10212178327612054,False,observed_year8,10.212178327612055,-13.207794668417355
borough_78__age_5,78,5,45-54,0.0729888922299857,True,borough_age,9,1,0.0729888922299857,0,6,78,45-54,Gradient Boosting,0.12215764565241072,0.12215764565241072,False,observed_year8,12.215764565241072,4.916875342242502
borough_78__age_6,78,6,55-64,0.1802087151102049,True,borough_age,9,1,0.1802087151102049,0,6,78,55-64,Gradient Boosting,0.10212178327612054,0.10212178327612054,False,observed_year8,10.212178327612055,-7.808693183408436
borough_78__age_7,78,7,65-74,0.0902303355270237,True,borough_age,9,1,0.0902303355270237,0,6,78,65-74,Gradient Boosting,0.10212178327612054,0.10212178327612054,False,observed_year8,10.212178327612055,1.189144774909684
borough_78__age_8,78,8,75-84,0.0961920669437747,True,borough_age,9,1,0.0961920669437747,0,6,78,75-84,Gradient Boosting,0.09488684547263461,0.09488684547263461,False,observed_year8,9.48868454726346,-0.13052214711400945
borough_78__age_9,78,9,85+,0.0,True,borough_age,9,1,0.0,0,6,78,85+,Gradient Boosting,0.030881796315896357,0.030881796315896357,False,observed_year8,3.088179631589636,3.088179631589636
borough_8__age_2,8,2,16-24,0.1407954267683174,True,borough_age,9,1,0.1407954267683174,0,6,8,16-24,Gradient Boosting,0.1426659785497293,0.1426659785497293,False,observed_year8,14.266597854972929,0.18705517814118777
borough_8__age_3,8,3,25-34,0.0118631592440379,True,borough_age,9,1,0.0118631592440379,0,6,8,25-34,Gradient Boosting,0.09787959565623564,0.09787959565623564,False,observed_year8,9.787959565623563,8.601643641219773
borough_8__age_4,8,4,35-44,0.0847926362282693,True,borough_age,9,1,0.0847926362282693,0,6,8,35-44,Gradient Boosting,0.09787959565623564,0.09787959565623564,False,observed_year8,9.787959565623563,1.3086959427966338
borough_8__age_5,8,5,45-54,0.054559317842582,True,borough_age,9,1,0.054559317842582,0,6,8,45-54,Gradient Boosting,0.12126748119394931,0.12126748119394931,False,observed_year8,12.12674811939493,6.670816335136731
borough_8__age_6,8,6,55-64,0.021951888745282,True,borough_age,9,1,0.021951888745282,0,6,8,55-64,Gradient Boosting,0.09787959565623564,0.09787959565623564,False,observed_year8,9.787959565623563,7.592770691095363
borough_8__age_7,8,7,65-74,0.0816491430620924,True,borough_age,9,1,0.0816491430620924,0,6,8,65-74,Gradient Boosting,0.09787959565623564,0.09787959565623564,False,observed_year8,9.787959565623563,1.623045259414324
borough_8__age_8,8,8,75-84,0.0,True,borough_age,9,1,0.0,0,6,8,75-84,Gradient Boosting,0.09064465785274971,0.09064465785274971,False,observed_year8,9.06446578527497,9.06446578527497
borough_8__age_9,8,9,85+,0.0,True,borough_age,9,1,0.0,0,6,8,85+,Gradient Boosting,0.02752977315447282,0.02752977315447282,False,observed_year8,2.752977315447282,2.752977315447282
borough_91__age_2,91,2,16-24,0.1954980764691223,True,borough_age,9,1,0.1954980764691223,0,6,91,16-24,Gradient Boosting,0.14690816616961425,0.14690816616961425,False,observed_year8,14.690816616961424,-4.858991029950804
borough_91__age_3,91,3,25-34,0.1670437671848623,True,borough_age,9,1,0.1670437671848623,0,6,91,25-34,Gradient Boosting,0.10212178327612054,0.10212178327612054,False,observed_year8,10.212178327612055,-6.492198390874177
borough_91__age_4,91,4,35-44,0.1507412618990158,True,borough_age,9,1,0.1507412618990158,0,6,91,35-44,Gradient Boosting,0.10212178327612054,0.10212178327612054,False,observed_year8,10.212178327612055,-4.861947862289526
borough_91__age_5,91,5,45-54,0.2425852217747439,True,borough_age,9,1,0.2425852217747439,0,6,91,45-54,Gradient Boosting,0.12215764565241072,0.12215764565241072,False,observed_year8,12.215764565241072,-12.042757612233318
borough_91__age_6,91,6,55-64,0.1023560787826209,True,borough_age,9,1,0.1023560787826209,0,6,91,55-64,Gradient Boosting,0.10212178327612054,0.10212178327612054,False,observed_year8,10.212178327612055,-0.02342955065003649
borough_91__age_7,91,7,65-74,0.1450885133922393,True,borough_age,9,1,0.1450885133922393,0,6,91,65-74,Gradient Boosting,0.10212178327612054,0.10212178327612054,False,observed_year8,10.212178327612055,-4.296673011611876
borough_91__age_8,91,8,75-84,0.0,True,borough_age,9,1,0.0,0,6,91,75-84,Gradient Boosting,0.09488684547263461,0.09488684547263461,False,observed_year8,9.48868454726346,9.48868454726346
borough_91__age_9,91,9,85+,0.0,True,borough_age,9,1,0.0,0,6,91,85+,Gradient Boosting,0.030881796315896357,0.030881796315896357,False,observed_year8,3.088179631589636,3.088179631589636
borough_9__age_2,9,2,16-24,0.136809436694503,True,borough_age,9,1,0.136809436694503,0,6,9,16-24,Gradient Boosting,0.14690816616961425,0.14690816616961425,False,observed_year8,14.690816616961424,1.0098729475111257
borough_9__age_3,9,3,25-34,0.1081380138760557,True,borough_age,9,1,0.1081380138760557,0,6,9,25-34,Gradient Boosting,0.10212178327612054,0.10212178327612054,False,observed_year8,10.212178327612055,-0.6016230599935168
borough_9__age_4,9,4,35-44,0.0550442922120358,True,borough_age,9,1,0.0550442922120358,0,6,9,35-44,Gradient Boosting,0.10212178327612054,0.10212178327612054,False,observed_year8,10.212178327612055,4.707749106408474
borough_9__age_5,9,5,45-54,0.1897830190002452,True,borough_age,9,1,0.1897830190002452,0,6,9,45-54,Gradient Boosting,0.12215764565241072,0.12215764565241072,False,observed_year8,12.215764565241072,-6.762537334783447
borough_9__age_6,9,6,55-64,0.1332208563303927,True,borough_age,9,1,0.1332208563303927,0,6,9,55-64,Gradient Boosting,0.10212178327612054,0.10212178327612054,False,observed_year8,10.212178327612055,-3.1099073054272175
borough_9__age_7,9,7,65-74,0.0971098758722614,True,borough_age,9,1,0.0971098758722614,0,6,9,65-74,Gradient Boosting,0.10212178327612054,0.10212178327612054,False,observed_year8,10.212178327612055,0.5011907403859137
borough_9__age_8,9,8,75-84,0.1037085087559272,True,borough_age,9,1,0.1037085087559272,0,6,9,75-84,Gradient Boosting,0.09488684547263461,0.09488684547263461,False,observed_year8,9.48868454726346,-0.8821663283292591
borough_9__age_9,9,9,85+,0.0,True,borough_age,9,1,0.0,0,6,9,85+,Gradient Boosting,0.030881796315896357,0.030881796315896357,False,observed_year8,3.088179631589636,3.088179631589636
borough_107__age_2,107,2,16-24,0.1830338869817772,True,borough_age,10,2,0.14690816616961425,0,7,107,16-24,Gradient Boosting,0.14690816616961425,0.14690816616961425,False,predicted_previous_year,14.690816616961424,-3.6125720812162947
borough_107__age_3,107,3,25-34,0.062170666090344,True,borough_age,10,2,0.10212178327612054,0,7,107,25-34,Gradient Boosting,0.10212178327612054,0.10212178327612054,False,predicted_previous_year,10.212178327612055,3.9951117185776535
borough_107__age_4,107,4,35-44,0.1498867779151033,True,borough_age,10,2,0.10212178327612054,0,7,107,35-44,Gradient Boosting,0.10212178327612054,0.10212178327612054,False,predicted_previous_year,10.212178327612055,-4.776499463898276
borough_107__age_5,107,5,45-54,0.1118530314589703,True,borough_age,10,2,0.12215764565241072,0,7,107,45-54,Gradient Boosting,0.12215764565241072,0.12215764565241072,False,predicted_previous_year,12.215764565241072,1.030461419344042
borough_107__age_6,107,6,55-64,0.1111960470819738,True,borough_age,10,2,0.10212178327612054,0,7,107,55-64,Gradient Boosting,0.10212178327612054,0.10212178327612054,False,predicted_previous_year,10.212178327612055,-0.9074263805853258
borough_107__age_7,107,7,65-74,0.1071708277366629,True,borough_age,10,2,0.10212178327612054,0,7,107,65-74,Gradient Boosting,0.10212178327612054,0.10212178327612054,False,predicted_previous_year,10.212178327612055,-0.5049044460542357
borough_107__age_8,107,8,75-84,0.0852003854696602,True,borough_age,10,2,0.09488684547263461,0,7,107,75-84,Gradient Boosting,0.09488684547263461,0.09488684547263461,False,predicted_previous_year,9.48868454726346,0.9686460002974406
borough_107__age_9,107,9,85+,0.0,True,borough_age,10,2,0.030881796315896357,0,7,107,85+,Gradient Boosting,0.030881796315896357,0.030881796315896357,False,predicted_previous_year,3.088179631589636,3.088179631589636
borough_109__age_2,109,2,16-24,0.1277280054326884,True,borough_age,10,2,0.14032712958412633,0,7,109,16-24,Gradient Boosting,0.14032712958412633,0.14032712958412633,False,predicted_previous_year,14.032712958412633,1.2599124151437935
borough_109__age_3,109,3,25-34,0.0969215685548594,True,borough_age,10,2,0.0955407466906326,0,7,109,25-34,Gradient Boosting,0.0955407466906326,0.0955407466906326,False,predicted_previous_year,9.55407466906326,-0.13808218642267917
borough_109__age_4,109,4,35-44,0.1080165143988063,True,borough_age,10,2,0.0955407466906326,0,7,109,35-44,Gradient Boosting,0.0955407466906326,0.0955407466906326,False,predicted_previous_year,9.55407466906326,-1.24757677081737
borough_109__age_5,109,5,45-54,0.1028343749638182,True,borough_age,10,2,0.11557660906692278,0,7,109,45-54,Gradient Boosting,0.11557660906692278,0.11557660906692278,False,predicted_previous_year,11.557660906692279,1.2742234103104586
borough_109__age_6,109,6,55-64,0.0892493756523148,True,borough_age,10,2,0.0955407466906326,0,7,109,55-64,Gradient Boosting,0.0955407466906326,0.0955407466906326,False,predicted_previous_year,9.55407466906326,0.6291371038317797
borough_109__age_7,109,7,65-74,0.0879778713050493,True,borough_age,10,2,0.0955407466906326,0,7,109,65-74,Gradient Boosting,0.0955407466906326,0.0955407466906326,False,predicted_previous_year,9.55407466906326,0.7562875385583299
borough_109__age_8,109,8,75-84,0.0,True,borough_age,10,2,0.08830580888714668,0,7,109,75-84,Gradient Boosting,0.08830580888714668,0.08830580888714668,False,predicted_previous_year,8.830580888714668,8.830580888714668
borough_109__age_9,109,9,85+,1.0,True,borough_age,10,2,0.02609000174931056,0,7,109,85+,Gradient Boosting,0.02609000174931056,0.02609000174931056,False,predicted_previous_year,2.609000174931056,-97.39099982506895
borough_112__age_2,112,2,16-24,0.2261142180682152,True,borough_age,10,2,0.14690816616961425,0,7,112,16-24,Gradient Boosting,0.14690816616961425,0.14690816616961425,False,predicted_previous_year,14.690816616961424,-7.920605189860094
borough_112__age_3,112,3,25-34,0.0640628486811424,True,borough_age,10,2,0.10212178327612054,0,7,112,25-34,Gradient Boosting,0.10212178327612054,0.10212178327612054,False,predicted_previous_year,10.212178327612055,3.8058934594978138
borough_112__age_4,112,4,35-44,0.0746204593332339,True,borough_age,10,2,0.10212178327612054,0,7,112,35-44,Gradient Boosting,0.10212178327612054,0.10212178327612054,False,predicted_previous_year,10.212178327612055,2.7501323942886637
borough_112__age_5,112,5,45-54,0.147227748110462,True,borough_age,10,2,0.12215764565241072,0,7,112,45-54,Gradient Boosting,0.12215764565241072,0.12215764565241072,False,predicted_previous_year,12.215764565241072,-2.5070102458051275
borough_112__age_6,112,6,55-64,0.0343414090032645,True,borough_age,10,2,0.10212178327612054,0,7,112,55-64,Gradient Boosting,0.10212178327612054,0.10212178327612054,False,predicted_previous_year,10.212178327612055,6.778037427285604
borough_112__age_7,112,7,65-74,0.1168822183638024,True,borough_age,10,2,0.10212178327612054,0,7,112,65-74,Gradient Boosting,0.10212178327612054,0.10212178327612054,False,predicted_previous_year,10.212178327612055,-1.4760435087681865
borough_112__age_8,112,8,75-84,0.0933306994127133,True,borough_age,10,2,0.09488684547263461,0,7,112,75-84,Gradient Boosting,0.09488684547263461,0.09488684547263461,False,predicted_previous_year,9.48868454726346,0.15561460599213123
borough_112__age_9,112,9,85+,0.0,True,borough_age,10,2,0.030881796315896357,0,7,112,85+,Gradient Boosting,0.030881796315896357,0.030881796315896357,False,predicted_previous_year,3.088179631589636,3.088179631589636
borough_114__age_2,114,2,16-24,0.2948982486889035,True,borough_age,10,2,0.14690816616961425,0,7,114,16-24,Gradient Boosting,0.14690816616961425,0.14690816616961425,False,predicted_previous_year,14.690816616961424,-14.799008251928928
borough_114__age_3,114,3,25-34,0.1028483577200946,True,borough_age,10,2,0.10212178327612054,0,7,114,25-34,Gradient Boosting,0.10212178327612054,0.10212178327612054,False,predicted_previous_year,10.212178327612055,-0.07265744439740596
borough_114__age_4,114,4,35-44,0.2136147467942589,True,borough_age,10,2,0.10212178327612054,0,7,114,35-44,Gradient Boosting,0.10212178327612054,0.10212178327612054,False,predicted_previous_year,10.212178327612055,-11.149296351813836
borough_114__age_5,114,5,45-54,0.1780346218589068,True,borough_age,10,2,0.12215764565241072,0,7,114,45-54,Gradient Boosting,0.12215764565241072,0.12215764565241072,False,predicted_previous_year,12.215764565241072,-5.587697620649609
borough_114__age_6,114,6,55-64,0.0694691139045843,True,borough_age,10,2,0.10212178327612054,0,7,114,55-64,Gradient Boosting,0.10212178327612054,0.10212178327612054,False,predicted_previous_year,10.212178327612055,3.265266937153624
borough_114__age_7,114,7,65-74,0.0457667051904853,True,borough_age,10,2,0.10212178327612054,0,7,114,65-74,Gradient Boosting,0.10212178327612054,0.10212178327612054,False,predicted_previous_year,10.212178327612055,5.635507808563524
borough_114__age_8,114,8,75-84,0.1682705246338149,True,borough_age,10,2,0.09705618097211419,0,7,114,75-84,Gradient Boosting,0.09488684547263461,0.09488684547263461,False,predicted_previous_year,9.48868454726346,-7.338367916118028
borough_114__age_9,114,9,85+,0.0,True,borough_age,10,2,0.030881796315896357,0,7,114,85+,Gradient Boosting,0.030881796315896357,0.030881796315896357,False,predicted_previous_year,3.088179631589636,3.088179631589636
borough_117__age_2,117,2,16-24,0.4203709770680243,True,borough_age,10,2,0.14690816616961425,0,7,117,16-24,Gradient Boosting,0.14690816616961425,0.14690816616961425,False,predicted_previous_year,14.690816616961424,-27.346281089841007
borough_117__age_3,117,3,25-34,0.1543324705532756,True,borough_age,10,2,0.10212178327612054,0,7,117,25-34,Gradient Boosting,0.10212178327612054,0.10212178327612054,False,predicted_previous_year,10.212178327612055,-5.2210687277155055
borough_117__age_4,117,4,35-44,0.2185199229122329,True,borough_age,10,2,0.10212178327612054,0,7,117,35-44,Gradient Boosting,0.10212178327612054,0.10212178327612054,False,predicted_previous_year,10.212178327612055,-11.639813963611237
borough_117__age_5,117,5,45-54,0.1084854084311771,True,borough_age,10,2,0.12215764565241072,0,7,117,45-54,Gradient Boosting,0.12215764565241072,0.12215764565241072,False,predicted_previous_year,12.215764565241072,1.3672237221233619
borough_117__age_6,117,6,55-64,0.1430798972872334,True,borough_age,10,2,0.10212178327612054,0,7,117,55-64,Gradient Boosting,0.10212178327612054,0.10212178327612054,False,predicted_previous_year,10.212178327612055,-4.095811401111285
borough_117__age_7,117,7,65-74,0.1122886513018232,True,borough_age,10,2,0.10212178327612054,0,7,117,65-74,Gradient Boosting,0.10212178327612054,0.10212178327612054,False,predicted_previous_year,10.212178327612055,-1.0166868025702658
borough_117__age_8,117,8,75-84,0.0779386456522035,True,borough_age,10,2,0.09488684547263461,0,7,117,75-84,Gradient Boosting,0.09488684547263461,0.09488684547263461,False,predicted_previous_year,9.48868454726346,1.694819982043111
borough_117__age_9,117,9,85+,0.0,True,borough_age,10,2,0.030881796315896357,0,7,117,85+,Gradient Boosting,0.030881796315896357,0.030881796315896357,False,predicted_previous_year,3.088179631589636,3.088179631589636
borough_122__age_2,122,2,16-24,0.3088608067401731,True,borough_age,10,2,0.14690816616961425,0,7,122,16-24,Gradient Boosting,0.14690816616961425,0.14690816616961425,False,predicted_previous_year,14.690816616961424,-16.195264057055883
borough_122__age_3,122,3,25-34,0.1442301087459172,True,borough_age,10,2,0.10212178327612054,0,7,122,25-34,Gradient Boosting,0.10212178327612054,0.10212178327612054,False,predicted_previous_year,10.212178327612055,-4.210832546979668
borough_122__age_4,122,4,35-44,0.0791386868878573,True,borough_age,10,2,0.10212178327612054,0,7,122,35-44,Gradient Boosting,0.10212178327612054,0.10212178327612054,False,predicted_previous_year,10.212178327612055,2.2983096388263236
borough_122__age_5,122,5,45-54,0.1158792440070687,True,borough_age,10,2,0.12215764565241072,0,7,122,45-54,Gradient Boosting,0.12215764565241072,0.12215764565241072,False,predicted_previous_year,12.215764565241072,0.6278401645342019
borough_122__age_6,122,6,55-64,0.0569546562253774,True,borough_age,10,2,0.10212178327612054,0,7,122,55-64,Gradient Boosting,0.10212178327612054,0.10212178327612054,False,predicted_previous_year,10.212178327612055,4.516712705074314
borough_122__age_7,122,7,65-74,0.0706687377129613,True,borough_age,10,2,0.10212178327612054,0,7,122,65-74,Gradient Boosting,0.10212178327612054,0.10212178327612054,False,predicted_previous_year,10.212178327612055,3.145304556315924
borough_122__age_8,122,8,75-84,0.0,True,borough_age,10,2,0.09488684547263461,0,7,122,75-84,Gradient Boosting,0.09488684547263461,0.09488684547263461,False,predicted_previous_year,9.48868454726346,9.48868454726346
borough_122__age_9,122,9,85+,0.0597454556181791,True,borough_age,10,2,0.030881796315896357,0,7,122,85+,Gradient Boosting,0.030881796315896357,0.030881796315896357,False,predicted_previous_year,3.088179631589636,-2.8863659302282745
borough_126__age_2,126,2,16-24,0.2083077469092099,True,borough_age,10,2,0.14690816616961425,0,7,126,16-24,Gradient Boosting,0.14690816616961425,0.14690816616961425,False,predicted_previous_year,14.690816616961424,-6.139958073959565
borough_126__age_3,126,3,25-34,0.1289908975060883,True,borough_age,10,2,0.10212178327612054,0,7,126,25-34,Gradient Boosting,0.10212178327612054,0.10212178327612054,False,predicted_previous_year,10.212178327612055,-2.6869114229967765
borough_126__age_4,126,4,35-44,0.1890814068594321,True,borough_age,10,2,0.10212178327612054,0,7,126,35-44,Gradient Boosting,0.10212178327612054,0.10212178327612054,False,predicted_previous_year,10.212178327612055,-8.695962358331155
borough_126__age_5,126,5,45-54,0.0832523963953507,True,borough_age,10,2,0.12215764565241072,0,7,126,45-54,Gradient Boosting,0.12215764565241072,0.12215764565241072,False,predicted_previous_year,12.215764565241072,3.8905249257060017
borough_126__age_6,126,6,55-64,0.0329659353536502,True,borough_age,10,2,0.10212178327612054,0,7,126,55-64,Gradient Boosting,0.10212178327612054,0.10212178327612054,False,predicted_previous_year,10.212178327612055,6.915584792247034
borough_126__age_7,126,7,65-74,0.0446104376346828,True,borough_age,10,2,0.10212178327612054,0,7,126,65-74,Gradient Boosting,0.10212178327612054,0.10212178327612054,False,predicted_previous_year,10.212178327612055,5.751134564143774
borough_126__age_8,126,8,75-84,0.1290739177744028,True,borough_age,10,2,0.09488684547263461,0,7,126,75-84,Gradient Boosting,0.09488684547263461,0.09488684547263461,False,predicted_previous_year,9.48868454726346,-3.4187072301768193
borough_126__age_9,126,9,85+,0.0,True,borough_age,10,2,0.030881796315896357,0,7,126,85+,Gradient Boosting,0.030881796315896357,0.030881796315896357,False,predicted_previous_year,3.088179631589636,3.088179631589636
borough_129__age_2,129,2,16-24,0.2038231836162495,True,borough_age,10,2,0.14690816616961425,0,7,129,16-24,Gradient Boosting,0.14690816616961425,0.14690816616961425,False,predicted_previous_year,14.690816616961424,-5.691501744663524
borough_129__age_3,129,3,25-34,0.3626871920377716,True,borough_age,10,2,0.10212178327612054,0,7,129,25-34,Gradient Boosting,0.10212178327612054,0.10212178327612054,False,predicted_previous_year,10.212178327612055,-26.05654087616511
borough_129__age_4,129,4,35-44,0.1693291010444767,True,borough_age,10,2,0.10212178327612054,0,7,129,35-44,Gradient Boosting,0.10212178327612054,0.10212178327612054,False,predicted_previous_year,10.212178327612055,-6.720731776835617
borough_129__age_5,129,5,45-54,0.2107794356419741,True,borough_age,10,2,0.12215764565241072,0,7,129,45-54,Gradient Boosting,0.12215764565241072,0.12215764565241072,False,predicted_previous_year,12.215764565241072,-8.862178998956338
borough_129__age_6,129,6,55-64,0.1583262841767176,True,borough_age,10,2,0.10212178327612054,0,7,129,55-64,Gradient Boosting,0.10212178327612054,0.10212178327612054,False,predicted_previous_year,10.212178327612055,-5.620450090059706
borough_129__age_7,129,7,65-74,0.0453793739367163,True,borough_age,10,2,0.10212178327612054,0,7,129,65-74,Gradient Boosting,0.10212178327612054,0.10212178327612054,False,predicted_previous_year,10.212178327612055,5.674240933940424
borough_129__age_8,129,8,75-84,0.0446931913421307,True,borough_age,10,2,0.09488684547263461,0,7,129,75-84,Gradient Boosting,0.09488684547263461,0.09488684547263461,False,predicted_previous_year,9.48868454726346,5.019365413050391
borough_129__age_9,129,9,85+,0.0,True,borough_age,10,2,0.030881796315896357,0,7,129,85+,Gradient Boosting,0.030881796315896357,0.030881796315896357,False,predicted_previous_year,3.088179631589636,3.088179631589636
borough_135__age_2,135,2,16-24,0.2465278382607494,True,borough_age,10,2,0.1466690549749913,0,7,135,16-24,Gradient Boosting,0.1466690549749913,0.1466690549749913,False,predicted_previous_year,14.66690549749913,-9.98587832857581
borough_135__age_3,135,3,25-34,0.101955094353257,True,borough_age,10,2,0.10188267208149762,0,7,135,25-34,Gradient Boosting,0.10188267208149762,0.10188267208149762,False,predicted_previous_year,10.188267208149762,-0.007242227175938143
borough_135__age_4,135,4,35-44,0.0281520798809513,True,borough_age,10,2,0.10188267208149762,0,7,135,35-44,Gradient Boosting,0.10188267208149762,0.10188267208149762,False,predicted_previous_year,10.188267208149762,7.373059220054631
borough_135__age_5,135,5,45-54,0.1799828139945925,True,borough_age,10,2,0.12215764565241072,0,7,135,45-54,Gradient Boosting,0.12215764565241072,0.12215764565241072,False,predicted_previous_year,12.215764565241072,-5.782516834218179
borough_135__age_6,135,6,55-64,0.0243647187736236,True,borough_age,10,2,0.10188267208149762,0,7,135,55-64,Gradient Boosting,0.10188267208149762,0.10188267208149762,False,predicted_previous_year,10.188267208149762,7.7517953307874015
borough_135__age_7,135,7,65-74,0.0514010004029078,True,borough_age,10,2,0.10188267208149762,0,7,135,65-74,Gradient Boosting,0.10188267208149762,0.10188267208149762,False,predicted_previous_year,10.188267208149762,5.048167167858982
borough_135__age_8,135,8,75-84,0.0,True,borough_age,10,2,0.0946477342780117,0,7,135,75-84,Gradient Boosting,0.0946477342780117,0.0946477342780117,False,predicted_previous_year,9.46477342780117,9.46477342780117
borough_135__age_9,135,9,85+,0.0,True,borough_age,10,2,0.030642685121273435,0,7,135,85+,Gradient Boosting,0.030642685121273435,0.030642685121273435,False,predicted_previous_year,3.0642685121273434,3.0642685121273434
borough_136__age_2,136,2,16-24,0.2175922027539195,True,borough_age,10,2,0.14690816616961425,0,7,136,16-24,Gradient Boosting,0.14690816616961425,0.14690816616961425,False,predicted_previous_year,14.690816616961424,-7.068403658430525
borough_136__age_3,136,3,25-34,0.0824747054000288,True,borough_age,10,2,0.10212178327612054,0,7,136,25-34,Gradient Boosting,0.10212178327612054,0.10212178327612054,False,predicted_previous_year,10.212178327612055,1.964707787609174
borough_136__age_4,136,4,35-44,0.0630906365390111,True,borough_age,10,2,0.10212178327612054,0,7,136,35-44,Gradient Boosting,0.10212178327612054,0.10212178327612054,False,predicted_previous_year,10.212178327612055,3.903114673710943
borough_136__age_5,136,5,45-54,0.1685184718437112,True,borough_age,10,2,0.12215764565241072,0,7,136,45-54,Gradient Boosting,0.12215764565241072,0.12215764565241072,False,predicted_previous_year,12.215764565241072,-4.636082619130047
borough_136__age_6,136,6,55-64,0.159178130394973,True,borough_age,10,2,0.10212178327612054,0,7,136,55-64,Gradient Boosting,0.10212178327612054,0.10212178327612054,False,predicted_previous_year,10.212178327612055,-5.705634711885247
borough_136__age_7,136,7,65-74,0.1216733013386517,True,borough_age,10,2,0.10212178327612054,0,7,136,65-74,Gradient Boosting,0.10212178327612054,0.10212178327612054,False,predicted_previous_year,10.212178327612055,-1.9551518062531166
borough_136__age_8,136,8,75-84,0.1458657405865573,True,borough_age,10,2,0.09488684547263461,0,7,136,75-84,Gradient Boosting,0.09488684547263461,0.09488684547263461,False,predicted_previous_year,9.48868454726346,-5.097889511392268
borough_136__age_9,136,9,85+,0.0,True,borough_age,10,2,0.030881796315896357,0,7,136,85+,Gradient Boosting,0.030881796315896357,0.030881796315896357,False,predicted_previous_year,3.088179631589636,3.088179631589636
borough_139__age_2,139,2,16-24,0.1534383211287253,True,borough_age,10,2,0.16009097588069765,0,7,139,16-24,Gradient Boosting,0.16009097588069765,0.16009097588069765,False,predicted_previous_year,16.009097588069764,0.6652654751972353
borough_139__age_3,139,3,25-34,0.04508984807017,True,borough_age,10,2,0.11530459298720373,0,7,139,25-34,Gradient Boosting,0.11530459298720373,0.11530459298720373,False,predicted_previous_year,11.530459298720373,7.021474491703374
borough_139__age_4,139,4,35-44,0.1097617771672394,True,borough_age,10,2,0.11530459298720373,0,7,139,35-44,Gradient Boosting,0.11530459298720373,0.11530459298720373,False,predicted_previous_year,11.530459298720373,0.554281581996434
borough_139__age_5,139,5,45-54,0.2060378424376823,True,borough_age,10,2,0.13534045536349398,0,7,139,45-54,Gradient Boosting,0.13534045536349398,0.13534045536349398,False,predicted_previous_year,13.534045536349398,-7.069738707418832
borough_139__age_6,139,6,55-64,0.1327867803940149,True,borough_age,10,2,0.11530459298720373,0,7,139,55-64,Gradient Boosting,0.11530459298720373,0.11530459298720373,False,predicted_previous_year,11.530459298720373,-1.7482187406811165
borough_139__age_7,139,7,65-74,0.2070629046159895,True,borough_age,10,2,0.11530459298720373,0,7,139,65-74,Gradient Boosting,0.11530459298720373,0.11530459298720373,False,predicted_previous_year,11.530459298720373,-9.175831162878577
borough_139__age_8,139,8,75-84,0.0289270261100099,True,borough_age,10,2,0.1080696551837178,0,7,139,75-84,Gradient Boosting,0.1080696551837178,0.1080696551837178,False,predicted_previous_year,10.806965518371781,7.914262907370791
borough_139__age_9,139,9,85+,0.0,True,borough_age,10,2,0.04406460602697961,0,7,139,85+,Gradient Boosting,0.04406460602697961,0.04406460602697961,False,predicted_previous_year,4.406460602697961,4.406460602697961
borough_142__age_2,142,2,16-24,0.1179773923898176,True,borough_age,10,2,0.14690816616961425,0,7,142,16-24,Gradient Boosting,0.14690816616961425,0.14690816616961425,False,predicted_previous_year,14.690816616961424,2.8930773779796652
borough_142__age_3,142,3,25-34,0.0944592262749701,True,borough_age,10,2,0.10212178327612054,0,7,142,25-34,Gradient Boosting,0.10212178327612054,0.10212178327612054,False,predicted_previous_year,10.212178327612055,0.7662557001150441
borough_142__age_4,142,4,35-44,0.1163002998769874,True,borough_age,10,2,0.10212178327612054,0,7,142,35-44,Gradient Boosting,0.10212178327612054,0.10212178327612054,False,predicted_previous_year,10.212178327612055,-1.417851660086686
borough_142__age_5,142,5,45-54,0.099083836734993,True,borough_age,10,2,0.12215764565241072,0,7,142,45-54,Gradient Boosting,0.12215764565241072,0.12215764565241072,False,predicted_previous_year,12.215764565241072,2.3073808917417713
borough_142__age_6,142,6,55-64,0.0173559166149571,True,borough_age,10,2,0.10212178327612054,0,7,142,55-64,Gradient Boosting,0.10212178327612054,0.10212178327612054,False,predicted_previous_year,10.212178327612055,8.476586666116344
borough_142__age_7,142,7,65-74,0.1411451587789903,True,borough_age,10,2,0.10212178327612054,0,7,142,65-74,Gradient Boosting,0.10212178327612054,0.10212178327612054,False,predicted_previous_year,10.212178327612055,-3.902337550286977
borough_142__age_8,142,8,75-84,0.1104523680973588,True,borough_age,10,2,0.09488684547263461,0,7,142,75-84,Gradient Boosting,0.09488684547263461,0.09488684547263461,False,predicted_previous_year,9.48868454726346,-1.5565522624724188
borough_142__age_9,142,9,85+,0.0,True,borough_age,10,2,0.030881796315896357,0,7,142,85+,Gradient Boosting,0.030881796315896357,0.030881796315896357,False,predicted_previous_year,3.088179631589636,3.088179631589636
borough_147__age_2,147,2,16-24,0.196398297399681,True,borough_age,10,2,0.14690816616961425,0,7,147,16-24,Gradient Boosting,0.14690816616961425,0.14690816616961425,False,predicted_previous_year,14.690816616961424,-4.949013123006677
borough_147__age_3,147,3,25-34,0.0993770353495688,True,borough_age,10,2,0.10212178327612054,0,7,147,25-34,Gradient Boosting,0.10212178327612054,0.10212178327612054,False,predicted_previous_year,10.212178327612055,0.274474792655173
borough_147__age_4,147,4,35-44,0.1112160838467972,True,borough_age,10,2,0.10212178327612054,0,7,147,35-44,Gradient Boosting,0.10212178327612054,0.10212178327612054,False,predicted_previous_year,10.212178327612055,-0.9094300570676659
borough_147__age_5,147,5,45-54,0.0742297569563128,True,borough_age,10,2,0.12215764565241072,0,7,147,45-54,Gradient Boosting,0.12215764565241072,0.12215764565241072,False,predicted_previous_year,12.215764565241072,4.792788869609792
borough_147__age_6,147,6,55-64,0.1531209759135563,True,borough_age,10,2,0.10212178327612054,0,7,147,55-64,Gradient Boosting,0.10212178327612054,0.10212178327612054,False,predicted_previous_year,10.212178327612055,-5.099919263743577
borough_147__age_7,147,7,65-74,0.189779234514427,True,borough_age,10,2,0.10212178327612054,0,7,147,65-74,Gradient Boosting,0.10212178327612054,0.10212178327612054,False,predicted_previous_year,10.212178327612055,-8.765745123830646
borough_147__age_8,147,8,75-84,0.0,True,borough_age,10,2,0.09488684547263461,0,7,147,75-84,Gradient Boosting,0.09488684547263461,0.09488684547263461,False,predicted_previous_year,9.48868454726346,9.48868454726346
borough_147__age_9,147,9,85+,0.0,True,borough_age,10,2,0.030881796315896357,0,7,147,85+,Gradient Boosting,0.030881796315896357,0.030881796315896357,False,predicted_previous_year,3.088179631589636,3.088179631589636
borough_160__age_2,160,2,16-24,0.0916932925465047,True,borough_age,10,2,0.14690816616961425,0,7,160,16-24,Gradient Boosting,0.14690816616961425,0.14690816616961425,False,predicted_previous_year,14.690816616961424,5.521487362310955
borough_160__age_3,160,3,25-34,0.0969066096579196,True,borough_age,10,2,0.10212178327612054,0,7,160,25-34,Gradient Boosting,0.10212178327612054,0.10212178327612054,False,predicted_previous_year,10.212178327612055,0.5215173618200939
borough_160__age_4,160,4,35-44,0.1120261529828093,True,borough_age,10,2,0.10212178327612054,0,7,160,35-44,Gradient Boosting,0.10212178327612054,0.10212178327612054,False,predicted_previous_year,10.212178327612055,-0.9904369706688759
borough_160__age_5,160,5,45-54,0.1807579552473695,True,borough_age,10,2,0.12215764565241072,0,7,160,45-54,Gradient Boosting,0.12215764565241072,0.12215764565241072,False,predicted_previous_year,12.215764565241072,-5.860030959495879
borough_160__age_6,160,6,55-64,0.191995511675405,True,borough_age,10,2,0.10212178327612054,0,7,160,55-64,Gradient Boosting,0.10212178327612054,0.10212178327612054,False,predicted_previous_year,10.212178327612055,-8.987372839928446
borough_160__age_7,160,7,65-74,0.1412572610227118,True,borough_age,10,2,0.10212178327612054,0,7,160,65-74,Gradient Boosting,0.10212178327612054,0.10212178327612054,False,predicted_previous_year,10.212178327612055,-3.9135477746591265
borough_160__age_8,160,8,75-84,0.2536783312980147,True,borough_age,10,2,0.09705618097211419,0,7,160,75-84,Gradient Boosting,0.09488684547263461,0.09488684547263461,False,predicted_previous_year,9.48868454726346,-15.879148582538011
borough_160__age_9,160,9,85+,0.0,True,borough_age,10,2,0.030881796315896357,0,7,160,85+,Gradient Boosting,0.030881796315896357,0.030881796315896357,False,predicted_previous_year,3.088179631589636,3.088179631589636
borough_171__age_2,171,2,16-24,0.1246471577536642,True,borough_age,10,2,0.14690816616961425,0,7,171,16-24,Gradient Boosting,0.14690816616961425,0.14690816616961425,False,predicted_previous_year,14.690816616961424,2.226100841595005
borough_171__age_3,171,3,25-34,0.131947085239157,True,borough_age,10,2,0.10212178327612054,0,7,171,25-34,Gradient Boosting,0.10212178327612054,0.10212178327612054,False,predicted_previous_year,10.212178327612055,-2.9825301963036455
borough_171__age_4,171,4,35-44,0.1348130539703271,True,borough_age,10,2,0.10212178327612054,0,7,171,35-44,Gradient Boosting,0.10212178327612054,0.10212178327612054,False,predicted_previous_year,10.212178327612055,-3.269127069420658
borough_171__age_5,171,5,45-54,0.1209898796757911,True,borough_age,10,2,0.12215764565241072,0,7,171,45-54,Gradient Boosting,0.12215764565241072,0.12215764565241072,False,predicted_previous_year,12.215764565241072,0.11677659766196197
borough_171__age_6,171,6,55-64,0.131849246369915,True,borough_age,10,2,0.10212178327612054,0,7,171,55-64,Gradient Boosting,0.10212178327612054,0.10212178327612054,False,predicted_previous_year,10.212178327612055,-2.9727463093794455
borough_171__age_7,171,7,65-74,0.1688574634382696,True,borough_age,10,2,0.10212178327612054,0,7,171,65-74,Gradient Boosting,0.10212178327612054,0.10212178327612054,False,predicted_previous_year,10.212178327612055,-6.673568016214906
borough_171__age_8,171,8,75-84,0.2390540445425562,True,borough_age,10,2,0.09705618097211419,0,7,171,75-84,Gradient Boosting,0.09488684547263461,0.09488684547263461,False,predicted_previous_year,9.48868454726346,-14.41671990699216
borough_171__age_9,171,9,85+,0.0,True,borough_age,10,2,0.030881796315896357,0,7,171,85+,Gradient Boosting,0.030881796315896357,0.030881796315896357,False,predicted_previous_year,3.088179631589636,3.088179631589636
borough_17__age_2,17,2,16-24,0.139009438983777,True,borough_age,10,2,0.14690816616961425,0,7,17,16-24,Gradient Boosting,0.14690816616961425,0.14690816616961425,False,predicted_previous_year,14.690816616961424,0.7898727185837257
borough_17__age_3,17,3,25-34,0.0745490192337595,True,borough_age,10,2,0.10212178327612054,0,7,17,25-34,Gradient Boosting,0.10212178327612054,0.10212178327612054,False,predicted_previous_year,10.212178327612055,2.7572764042361033
borough_17__age_4,17,4,35-44,0.1261271779449969,True,borough_age,10,2,0.10212178327612054,0,7,17,35-44,Gradient Boosting,0.10212178327612054,0.10212178327612054,False,predicted_previous_year,10.212178327612055,-2.4005394668876354
borough_17__age_5,17,5,45-54,0.06627607213547,True,borough_age,10,2,0.12215764565241072,0,7,17,45-54,Gradient Boosting,0.12215764565241072,0.12215764565241072,False,predicted_previous_year,12.215764565241072,5.588157351694072
borough_17__age_6,17,6,55-64,0.1467705596247256,True,borough_age,10,2,0.10212178327612054,0,7,17,55-64,Gradient Boosting,0.10212178327612054,0.10212178327612054,False,predicted_previous_year,10.212178327612055,-4.464877634860506
borough_17__age_7,17,7,65-74,0.1660897663475511,True,borough_age,10,2,0.10212178327612054,0,7,17,65-74,Gradient Boosting,0.10212178327612054,0.10212178327612054,False,predicted_previous_year,10.212178327612055,-6.396798307143056
borough_17__age_8,17,8,75-84,0.2227202598222299,True,borough_age,10,2,0.09705618097211419,0,7,17,75-84,Gradient Boosting,0.09488684547263461,0.09488684547263461,False,predicted_previous_year,9.48868454726346,-12.783341434959528
borough_17__age_9,17,9,85+,0.0,True,borough_age,10,2,0.030881796315896357,0,7,17,85+,Gradient Boosting,0.030881796315896357,0.030881796315896357,False,predicted_previous_year,3.088179631589636,3.088179631589636
borough_196__age_2,196,2,16-24,0.2534289737115014,True,borough_age,10,2,0.14690816616961425,0,7,196,16-24,Gradient Boosting,0.14690816616961425,0.14690816616961425,False,predicted_previous_year,14.690816616961424,-10.652080754188717
borough_196__age_3,196,3,25-34,0.1287583780717256,True,borough_age,10,2,0.10212178327612054,0,7,196,25-34,Gradient Boosting,0.10212178327612054,0.10212178327612054,False,predicted_previous_year,10.212178327612055,-2.663659479560507
borough_196__age_4,196,4,35-44,0.1345358820138205,True,borough_age,10,2,0.10212178327612054,0,7,196,35-44,Gradient Boosting,0.10212178327612054,0.10212178327612054,False,predicted_previous_year,10.212178327612055,-3.241409873769996
borough_196__age_5,196,5,45-54,0.0634309159499543,True,borough_age,10,2,0.12215764565241072,0,7,196,45-54,Gradient Boosting,0.12215764565241072,0.12215764565241072,False,predicted_previous_year,12.215764565241072,5.872672970245642
borough_196__age_6,196,6,55-64,0.1335591128580651,True,borough_age,10,2,0.10212178327612054,0,7,196,55-64,Gradient Boosting,0.10212178327612054,0.10212178327612054,False,predicted_previous_year,10.212178327612055,-3.143732958194456
borough_196__age_7,196,7,65-74,0.1256069508551165,True,borough_age,10,2,0.10212178327612054,0,7,196,65-74,Gradient Boosting,0.10212178327612054,0.10212178327612054,False,predicted_previous_year,10.212178327612055,-2.3485167578995965
borough_196__age_8,196,8,75-84,0.0,True,borough_age,10,2,0.09488684547263461,0,7,196,75-84,Gradient Boosting,0.09488684547263461,0.09488684547263461,False,predicted_previous_year,9.48868454726346,9.48868454726346
borough_196__age_9,196,9,85+,0.0,True,borough_age,10,2,0.030881796315896357,0,7,196,85+,Gradient Boosting,0.030881796315896357,0.030881796315896357,False,predicted_previous_year,3.088179631589636,3.088179631589636
borough_201__age_2,201,2,16-24,0.0795047643908059,True,borough_age,10,2,0.16698792962481301,0,7,201,16-24,Gradient Boosting,0.16698792962481301,0.16698792962481301,False,predicted_previous_year,16.698792962481303,8.748316523400712
borough_201__age_3,201,3,25-34,0.1716714996357737,True,borough_age,10,2,0.12458656197166748,0,7,201,25-34,Gradient Boosting,0.12458656197166748,0.12458656197166748,False,predicted_previous_year,12.458656197166748,-4.708493766410621
borough_201__age_4,201,4,35-44,0.0722774722963231,True,borough_age,10,2,0.12458656197166748,0,7,201,35-44,Gradient Boosting,0.12458656197166748,0.12458656197166748,False,predicted_previous_year,12.458656197166748,5.230908967534438
borough_201__age_5,201,5,45-54,0.2574666429442293,True,borough_age,10,2,0.14462242434795763,0,7,201,45-54,Gradient Boosting,0.14462242434795763,0.14462242434795763,False,predicted_previous_year,14.462242434795764,-11.284421859627164
borough_201__age_6,201,6,55-64,0.2103700230167736,True,borough_age,10,2,0.12458656197166748,0,7,201,55-64,Gradient Boosting,0.12458656197166748,0.12458656197166748,False,predicted_previous_year,12.458656197166748,-8.578346104510612
borough_201__age_7,201,7,65-74,0.1972325953097849,True,borough_age,10,2,0.12458656197166748,0,7,201,65-74,Gradient Boosting,0.12458656197166748,0.12458656197166748,False,predicted_previous_year,12.458656197166748,-7.264603333811742
borough_201__age_8,201,8,75-84,0.0885446603927944,True,borough_age,10,2,0.11735162416818155,0,7,201,75-84,Gradient Boosting,0.11735162416818155,0.11735162416818155,False,predicted_previous_year,11.735162416818156,2.880696377538715
borough_201__age_9,201,9,85+,0.7818935248331759,True,borough_age,10,2,0.05508131390845019,0,7,201,85+,Gradient Boosting,0.05508131390845019,0.05508131390845019,False,predicted_previous_year,5.508131390845019,-72.68122109247257
borough_241__age_2,241,2,16-24,0.0678208213580317,True,borough_age,10,2,0.14690816616961425,0,7,241,16-24,Gradient Boosting,0.14690816616961425,0.14690816616961425,False,predicted_previous_year,14.690816616961424,7.9087344811582545
borough_241__age_3,241,3,25-34,0.058794743636458,True,borough_age,10,2,0.10212178327612054,0,7,241,25-34,Gradient Boosting,0.10212178327612054,0.10212178327612054,False,predicted_previous_year,10.212178327612055,4.332703963966254
borough_241__age_4,241,4,35-44,0.0988392386795421,True,borough_age,10,2,0.10212178327612054,0,7,241,35-44,Gradient Boosting,0.10212178327612054,0.10212178327612054,False,predicted_previous_year,10.212178327612055,0.3282544596578438
borough_241__age_5,241,5,45-54,0.2269102052722818,True,borough_age,10,2,0.12215764565241072,0,7,241,45-54,Gradient Boosting,0.12215764565241072,0.12215764565241072,False,predicted_previous_year,12.215764565241072,-10.47525596198711
borough_241__age_6,241,6,55-64,0.240593405099986,True,borough_age,10,2,0.10212178327612054,0,7,241,55-64,Gradient Boosting,0.10212178327612054,0.10212178327612054,False,predicted_previous_year,10.212178327612055,-13.847162182386546
borough_241__age_7,241,7,65-74,0.1377936830547056,True,borough_age,10,2,0.10212178327612054,0,7,241,65-74,Gradient Boosting,0.10212178327612054,0.10212178327612054,False,predicted_previous_year,10.212178327612055,-3.5671899778585066
borough_241__age_8,241,8,75-84,0.1162083472473376,True,borough_age,10,2,0.09488684547263461,0,7,241,75-84,Gradient Boosting,0.09488684547263461,0.09488684547263461,False,predicted_previous_year,9.48868454726346,-2.132150177470299
borough_241__age_9,241,9,85+,0.0,True,borough_age,10,2,0.030881796315896357,0,7,241,85+,Gradient Boosting,0.030881796315896357,0.030881796315896357,False,predicted_previous_year,3.088179631589636,3.088179631589636
borough_255__age_2,255,2,16-24,0.10154156428364,True,borough_age,10,2,0.14690816616961425,0,7,255,16-24,Gradient Boosting,0.14690816616961425,0.14690816616961425,False,predicted_previous_year,14.690816616961424,4.536660188597424
borough_255__age_3,255,3,25-34,0.1653902954434869,True,borough_age,10,2,0.10212178327612054,0,7,255,25-34,Gradient Boosting,0.10212178327612054,0.10212178327612054,False,predicted_previous_year,10.212178327612055,-6.326851216736637
borough_255__age_4,255,4,35-44,0.0400467641552663,True,borough_age,10,2,0.10212178327612054,0,7,255,35-44,Gradient Boosting,0.10212178327612054,0.10212178327612054,False,predicted_previous_year,10.212178327612055,6.207501912085424
borough_255__age_5,255,5,45-54,0.1729712370386921,True,borough_age,10,2,0.12215764565241072,0,7,255,45-54,Gradient Boosting,0.12215764565241072,0.12215764565241072,False,predicted_previous_year,12.215764565241072,-5.081359138628139
borough_255__age_6,255,6,55-64,0.0784551299863328,True,borough_age,10,2,0.10212178327612054,0,7,255,55-64,Gradient Boosting,0.10212178327612054,0.10212178327612054,False,predicted_previous_year,10.212178327612055,2.3666653289787734
borough_255__age_7,255,7,65-74,0.1526496728991635,True,borough_age,10,2,0.10212178327612054,0,7,255,65-74,Gradient Boosting,0.10212178327612054,0.10212178327612054,False,predicted_previous_year,10.212178327612055,-5.052788962304297
borough_255__age_8,255,8,75-84,0.156207659709548,True,borough_age,10,2,0.09488684547263461,0,7,255,75-84,Gradient Boosting,0.09488684547263461,0.09488684547263461,False,predicted_previous_year,9.48868454726346,-6.132081423691339
borough_255__age_9,255,9,85+,0.0,True,borough_age,10,2,0.030881796315896357,0,7,255,85+,Gradient Boosting,0.030881796315896357,0.030881796315896357,False,predicted_previous_year,3.088179631589636,3.088179631589636
borough_272__age_2,272,2,16-24,0.0800107671240446,True,borough_age,10,2,0.1284622367536837,0,7,272,16-24,Gradient Boosting,0.1284622367536837,0.1284622367536837,False,predicted_previous_year,12.846223675368371,4.84514696296391
borough_272__age_3,272,3,25-34,0.108482865604089,True,borough_age,10,2,0.08640738593431602,0,7,272,25-34,Gradient Boosting,0.08640738593431602,0.08640738593431602,False,predicted_previous_year,8.640738593431601,-2.207547966977298
borough_272__age_4,272,4,35-44,0.1605400522145847,True,borough_age,10,2,0.08640738593431602,0,7,272,35-44,Gradient Boosting,0.08640738593431602,0.08640738593431602,False,predicted_previous_year,8.640738593431601,-7.413266628026868
borough_272__age_5,272,5,45-54,0.1180466658637206,True,borough_age,10,2,0.10517679821440074,0,7,272,45-54,Gradient Boosting,0.10517679821440074,0.10517679821440074,False,predicted_previous_year,10.517679821440073,-1.2869867649319868
borough_272__age_6,272,6,55-64,0.102922918114901,True,borough_age,10,2,0.08640738593431602,0,7,272,55-64,Gradient Boosting,0.08640738593431602,0.08640738593431602,False,predicted_previous_year,8.640738593431601,-1.6515532180584978
borough_272__age_7,272,7,65-74,0.1043646259817551,True,borough_age,10,2,0.08640738593431602,0,7,272,65-74,Gradient Boosting,0.08640738593431602,0.08640738593431602,False,predicted_previous_year,8.640738593431601,-1.795724004743908
borough_272__age_8,272,8,75-84,0.0,True,borough_age,10,2,0.07917244813083009,0,7,272,75-84,Gradient Boosting,0.07917244813083009,0.07917244813083009,False,predicted_previous_year,7.917244813083009,7.917244813083009
borough_272__age_9,272,9,85+,0.0,True,borough_age,10,2,0.0190375144635297,0,7,272,85+,Gradient Boosting,0.0190375144635297,0.0190375144635297,False,predicted_previous_year,1.90375144635297,1.90375144635297
borough_279__age_2,279,2,16-24,0.1177890234741966,True,borough_age,10,2,0.14690816616961425,0,7,279,16-24,Gradient Boosting,0.14690816616961425,0.14690816616961425,False,predicted_previous_year,14.690816616961424,2.911914269541764
borough_279__age_3,279,3,25-34,0.098155003333648,True,borough_age,10,2,0.10212178327612054,0,7,279,25-34,Gradient Boosting,0.10212178327612054,0.10212178327612054,False,predicted_previous_year,10.212178327612055,0.3966779942472534
borough_279__age_4,279,4,35-44,0.0596788601176883,True,borough_age,10,2,0.10212178327612054,0,7,279,35-44,Gradient Boosting,0.10212178327612054,0.10212178327612054,False,predicted_previous_year,10.212178327612055,4.244292315843224
borough_279__age_5,279,5,45-54,0.2231357785425123,True,borough_age,10,2,0.12215764565241072,0,7,279,45-54,Gradient Boosting,0.12215764565241072,0.12215764565241072,False,predicted_previous_year,12.215764565241072,-10.097813289010157
borough_279__age_6,279,6,55-64,0.0821393232373831,True,borough_age,10,2,0.10212178327612054,0,7,279,55-64,Gradient Boosting,0.10212178327612054,0.10212178327612054,False,predicted_previous_year,10.212178327612055,1.9982460038737437
borough_279__age_7,279,7,65-74,0.117766199343256,True,borough_age,10,2,0.10212178327612054,0,7,279,65-74,Gradient Boosting,0.10212178327612054,0.10212178327612054,False,predicted_previous_year,10.212178327612055,-1.5644416067135458
borough_279__age_8,279,8,75-84,0.2455551595848398,True,borough_age,10,2,0.09705618097211419,0,7,279,75-84,Gradient Boosting,0.09488684547263461,0.09488684547263461,False,predicted_previous_year,9.48868454726346,-15.066831411220521
borough_279__age_9,279,9,85+,0.0,True,borough_age,10,2,0.030881796315896357,0,7,279,85+,Gradient Boosting,0.030881796315896357,0.030881796315896357,False,predicted_previous_year,3.088179631589636,3.088179631589636
borough_280__age_2,280,2,16-24,0.2175199221667134,True,borough_age,10,2,0.14690816616961425,0,7,280,16-24,Gradient Boosting,0.14690816616961425,0.14690816616961425,False,predicted_previous_year,14.690816616961424,-7.061175599709915
borough_280__age_3,280,3,25-34,0.1785339472504633,True,borough_age,10,2,0.10212178327612054,0,7,280,25-34,Gradient Boosting,0.10212178327612054,0.10212178327612054,False,predicted_previous_year,10.212178327612055,-7.641216397434275
borough_280__age_4,280,4,35-44,0.1382975799349419,True,borough_age,10,2,0.10212178327612054,0,7,280,35-44,Gradient Boosting,0.10212178327612054,0.10212178327612054,False,predicted_previous_year,10.212178327612055,-3.617579665882137
borough_280__age_5,280,5,45-54,0.1736348527952486,True,borough_age,10,2,0.12215764565241072,0,7,280,45-54,Gradient Boosting,0.12215764565241072,0.12215764565241072,False,predicted_previous_year,12.215764565241072,-5.147720714283787
borough_280__age_6,280,6,55-64,0.1195770285800361,True,borough_age,10,2,0.10212178327612054,0,7,280,55-64,Gradient Boosting,0.10212178327612054,0.10212178327612054,False,predicted_previous_year,10.212178327612055,-1.7455245303915568
borough_280__age_7,280,7,65-74,0.1180429834185273,True,borough_age,10,2,0.10212178327612054,0,7,280,65-74,Gradient Boosting,0.10212178327612054,0.10212178327612054,False,predicted_previous_year,10.212178327612055,-1.5921200142406764
borough_280__age_8,280,8,75-84,0.0,True,borough_age,10,2,0.09488684547263461,0,7,280,75-84,Gradient Boosting,0.09488684547263461,0.09488684547263461,False,predicted_previous_year,9.48868454726346,9.48868454726346
borough_280__age_9,280,9,85+,,False,borough_age,10,2,0.030637899832390778,0,7,280,85+,Gradient Boosting,0.030881796315896357,0.030881796315896357,False,predicted_previous_year,3.088179631589636,
borough_293__age_2,293,2,16-24,0.0365913804747428,True,borough_age,10,2,0.14690816616961425,0,7,293,16-24,Gradient Boosting,0.14690816616961425,0.14690816616961425,False,predicted_previous_year,14.690816616961424,11.031678569487143
borough_293__age_3,293,3,25-34,0.053495384684282,True,borough_age,10,2,0.10212178327612054,0,7,293,25-34,Gradient Boosting,0.10212178327612054,0.10212178327612054,False,predicted_previous_year,10.212178327612055,4.8626398591838536
borough_293__age_4,293,4,35-44,0.0848082016959178,True,borough_age,10,2,0.10212178327612054,0,7,293,35-44,Gradient Boosting,0.10212178327612054,0.10212178327612054,False,predicted_previous_year,10.212178327612055,1.7313581580202742
borough_293__age_5,293,5,45-54,0.0425853298342185,True,borough_age,10,2,0.12215764565241072,0,7,293,45-54,Gradient Boosting,0.12215764565241072,0.12215764565241072,False,predicted_previous_year,12.215764565241072,7.957231581819221
borough_293__age_6,293,6,55-64,0.0,True,borough_age,10,2,0.10212178327612054,0,7,293,55-64,Gradient Boosting,0.10212178327612054,0.10212178327612054,False,predicted_previous_year,10.212178327612055,10.212178327612055
borough_293__age_7,293,7,65-74,0.1629366382871322,True,borough_age,10,2,0.10212178327612054,0,7,293,65-74,Gradient Boosting,0.10212178327612054,0.10212178327612054,False,predicted_previous_year,10.212178327612055,-6.081485501101167
borough_293__age_8,293,8,75-84,0.0748730696240282,True,borough_age,10,2,0.09488684547263461,0,7,293,75-84,Gradient Boosting,0.09488684547263461,0.09488684547263461,False,predicted_previous_year,9.48868454726346,2.0013775848606405
borough_293__age_9,293,9,85+,0.2982452615080974,True,borough_age,10,2,0.030881796315896357,0,7,293,85+,Gradient Boosting,0.030881796315896357,0.030881796315896357,False,predicted_previous_year,3.088179631589636,-26.7363465192201
borough_30__age_2,30,2,16-24,0.1266815448805876,True,borough_age,10,2,0.14690816616961425,0,7,30,16-24,Gradient Boosting,0.14690816616961425,0.14690816616961425,False,predicted_previous_year,14.690816616961424,2.0226621289026636
borough_30__age_3,30,3,25-34,0.1296019095741521,True,borough_age,10,2,0.10212178327612054,0,7,30,25-34,Gradient Boosting,0.10212178327612054,0.10212178327612054,False,predicted_previous_year,10.212178327612055,-2.7480126298031564
borough_30__age_4,30,4,35-44,0.0409930661080003,True,borough_age,10,2,0.10212178327612054,0,7,30,35-44,Gradient Boosting,0.10212178327612054,0.10212178327612054,False,predicted_previous_year,10.212178327612055,6.112871716812024
borough_30__age_5,30,5,45-54,0.0481665298293294,True,borough_age,10,2,0.12215764565241072,0,7,30,45-54,Gradient Boosting,0.12215764565241072,0.12215764565241072,False,predicted_previous_year,12.215764565241072,7.399111582308132
borough_30__age_6,30,6,55-64,0.2185169709253583,True,borough_age,10,2,0.10212178327612054,0,7,30,55-64,Gradient Boosting,0.10212178327612054,0.10212178327612054,False,predicted_previous_year,10.212178327612055,-11.639518764923777
borough_30__age_7,30,7,65-74,0.1102813234421443,True,borough_age,10,2,0.10212178327612054,0,7,30,65-74,Gradient Boosting,0.10212178327612054,0.10212178327612054,False,predicted_previous_year,10.212178327612055,-0.8159540166023758
borough_30__age_8,30,8,75-84,0.0,True,borough_age,10,2,0.09488684547263461,0,7,30,75-84,Gradient Boosting,0.09488684547263461,0.09488684547263461,False,predicted_previous_year,9.48868454726346,9.48868454726346
borough_30__age_9,30,9,85+,0.0,True,borough_age,10,2,0.030881796315896357,0,7,30,85+,Gradient Boosting,0.030881796315896357,0.030881796315896357,False,predicted_previous_year,3.088179631589636,3.088179631589636
borough_35__age_2,35,2,16-24,0.1329437810320942,True,borough_age,10,2,0.15685178274018832,0,7,35,16-24,Gradient Boosting,0.15685178274018832,0.15685178274018832,False,predicted_previous_year,15.685178274018833,2.3908001708094124
borough_35__age_3,35,3,25-34,0.1199166965134612,True,borough_age,10,2,0.11206539984669449,0,7,35,25-34,Gradient Boosting,0.11206539984669449,0.11206539984669449,False,predicted_previous_year,11.20653998466945,-0.7851296666766705
borough_35__age_4,35,4,35-44,0.1747605590951717,True,borough_age,10,2,0.11206539984669449,0,7,35,35-44,Gradient Boosting,0.11206539984669449,0.11206539984669449,False,predicted_previous_year,11.20653998466945,-6.269515924847722
borough_35__age_5,35,5,45-54,0.1348480143636899,True,borough_age,10,2,0.13210126222298468,0,7,35,45-54,Gradient Boosting,0.13210126222298468,0.13210126222298468,False,predicted_previous_year,13.210126222298468,-0.27467521407052164
borough_35__age_6,35,6,55-64,0.0630826112710657,True,borough_age,10,2,0.11206539984669449,0,7,35,55-64,Gradient Boosting,0.11206539984669449,0.11206539984669449,False,predicted_previous_year,11.20653998466945,4.89827885756288
borough_35__age_7,35,7,65-74,0.1554150669857758,True,borough_age,10,2,0.11206539984669449,0,7,35,65-74,Gradient Boosting,0.11206539984669449,0.11206539984669449,False,predicted_previous_year,11.20653998466945,-4.334966713908132
borough_35__age_8,35,8,75-84,0.1911425029081757,True,borough_age,10,2,0.11160850103972228,0,7,35,75-84,Gradient Boosting,0.1094391655402427,0.1094391655402427,False,predicted_previous_year,10.94391655402427,-8.1703337367933
borough_35__age_9,35,9,85+,0.0,True,borough_age,10,2,0.04082541288647035,0,7,35,85+,Gradient Boosting,0.04082541288647035,0.04082541288647035,False,predicted_previous_year,4.082541288647034,4.082541288647034
borough_44__age_2,44,2,16-24,0.138991032966824,True,borough_age,10,2,0.14690816616961425,0,7,44,16-24,Gradient Boosting,0.14690816616961425,0.14690816616961425,False,predicted_previous_year,14.690816616961424,0.791713320279025
borough_44__age_3,44,3,25-34,0.0971048226541429,True,borough_age,10,2,0.10212178327612054,0,7,44,25-34,Gradient Boosting,0.10212178327612054,0.10212178327612054,False,predicted_previous_year,10.212178327612055,0.5016960621977637
borough_44__age_4,44,4,35-44,0.2032943095383431,True,borough_age,10,2,0.10212178327612054,0,7,44,35-44,Gradient Boosting,0.10212178327612054,0.10212178327612054,False,predicted_previous_year,10.212178327612055,-10.117252626222257
borough_44__age_5,44,5,45-54,0.1201281480761936,True,borough_age,10,2,0.12215764565241072,0,7,44,45-54,Gradient Boosting,0.12215764565241072,0.12215764565241072,False,predicted_previous_year,12.215764565241072,0.20294975762171208
borough_44__age_6,44,6,55-64,0.0644168620962235,True,borough_age,10,2,0.10212178327612054,0,7,44,55-64,Gradient Boosting,0.10212178327612054,0.10212178327612054,False,predicted_previous_year,10.212178327612055,3.770492117989703
borough_44__age_7,44,7,65-74,0.3007397085419624,True,borough_age,10,2,0.10212178327612054,0,7,44,65-74,Gradient Boosting,0.10212178327612054,0.10212178327612054,False,predicted_previous_year,10.212178327612055,-19.86179252658419
borough_44__age_8,44,8,75-84,0.0,True,borough_age,10,2,0.09488684547263461,0,7,44,75-84,Gradient Boosting,0.09488684547263461,0.09488684547263461,False,predicted_previous_year,9.48868454726346,9.48868454726346
borough_44__age_9,44,9,85+,0.3893886161014656,True,borough_age,10,2,0.030881796315896357,0,7,44,85+,Gradient Boosting,0.030881796315896357,0.030881796315896357,False,predicted_previous_year,3.088179631589636,-35.85068197855692
borough_68__age_2,68,2,16-24,0.1927475039694993,True,borough_age,10,2,0.14690816616961425,0,7,68,16-24,Gradient Boosting,0.14690816616961425,0.14690816616961425,False,predicted_previous_year,14.690816616961424,-4.583933779988506
borough_68__age_3,68,3,25-34,0.1652106450298921,True,borough_age,10,2,0.10212178327612054,0,7,68,25-34,Gradient Boosting,0.10212178327612054,0.10212178327612054,False,predicted_previous_year,10.212178327612055,-6.308886175377157
borough_68__age_4,68,4,35-44,0.1747297364388737,True,borough_age,10,2,0.10212178327612054,0,7,68,35-44,Gradient Boosting,0.10212178327612054,0.10212178327612054,False,predicted_previous_year,10.212178327612055,-7.260795316275318
borough_68__age_5,68,5,45-54,0.1150694174560084,True,borough_age,10,2,0.12215764565241072,0,7,68,45-54,Gradient Boosting,0.12215764565241072,0.12215764565241072,False,predicted_previous_year,12.215764565241072,0.7088228196402313
borough_68__age_6,68,6,55-64,0.1235877635087129,True,borough_age,10,2,0.10212178327612054,0,7,68,55-64,Gradient Boosting,0.10212178327612054,0.10212178327612054,False,predicted_previous_year,10.212178327612055,-2.146598023259236
borough_68__age_7,68,7,65-74,0.1802983858678723,True,borough_age,10,2,0.10212178327612054,0,7,68,65-74,Gradient Boosting,0.10212178327612054,0.10212178327612054,False,predicted_previous_year,10.212178327612055,-7.817660259175177
borough_68__age_8,68,8,75-84,0.1444180719091273,True,borough_age,10,2,0.09488684547263461,0,7,68,75-84,Gradient Boosting,0.09488684547263461,0.09488684547263461,False,predicted_previous_year,9.48868454726346,-4.95312264364927
borough_68__age_9,68,9,85+,0.0,True,borough_age,10,2,0.030881796315896357,0,7,68,85+,Gradient Boosting,0.030881796315896357,0.030881796315896357,False,predicted_previous_year,3.088179631589636,3.088179631589636
borough_78__age_2,78,2,16-24,0.2374752869271083,True,borough_age,10,2,0.14690816616961425,0,7,78,16-24,Gradient Boosting,0.14690816616961425,0.14690816616961425,False,predicted_previous_year,14.690816616961424,-9.056712075749404
borough_78__age_3,78,3,25-34,0.1086282749866392,True,borough_age,10,2,0.10212178327612054,0,7,78,25-34,Gradient Boosting,0.10212178327612054,0.10212178327612054,False,predicted_previous_year,10.212178327612055,-0.650649171051866
borough_78__age_4,78,4,35-44,0.2341997299602941,True,borough_age,10,2,0.10212178327612054,0,7,78,35-44,Gradient Boosting,0.10212178327612054,0.10212178327612054,False,predicted_previous_year,10.212178327612055,-13.207794668417355
borough_78__age_5,78,5,45-54,0.0729888922299857,True,borough_age,10,2,0.12215764565241072,0,7,78,45-54,Gradient Boosting,0.12215764565241072,0.12215764565241072,False,predicted_previous_year,12.215764565241072,4.916875342242502
borough_78__age_6,78,6,55-64,0.1802087151102049,True,borough_age,10,2,0.10212178327612054,0,7,78,55-64,Gradient Boosting,0.10212178327612054,0.10212178327612054,False,predicted_previous_year,10.212178327612055,-7.808693183408436
borough_78__age_7,78,7,65-74,0.0902303355270237,True,borough_age,10,2,0.10212178327612054,0,7,78,65-74,Gradient Boosting,0.10212178327612054,0.10212178327612054,False,predicted_previous_year,10.212178327612055,1.189144774909684
borough_78__age_8,78,8,75-84,0.0961920669437747,True,borough_age,10,2,0.09488684547263461,0,7,78,75-84,Gradient Boosting,0.09488684547263461,0.09488684547263461,False,predicted_previous_year,9.48868454726346,-0.13052214711400945
borough_78__age_9,78,9,85+,0.0,True,borough_age,10,2,0.030881796315896357,0,7,78,85+,Gradient Boosting,0.030881796315896357,0.030881796315896357,False,predicted_previous_year,3.088179631589636,3.088179631589636
borough_8__age_2,8,2,16-24,0.1407954267683174,True,borough_age,10,2,0.1426659785497293,0,7,8,16-24,Gradient Boosting,0.1426659785497293,0.1426659785497293,False,predicted_previous_year,14.266597854972929,0.18705517814118777
borough_8__age_3,8,3,25-34,0.0118631592440379,True,borough_age,10,2,0.09787959565623564,0,7,8,25-34,Gradient Boosting,0.09787959565623564,0.09787959565623564,False,predicted_previous_year,9.787959565623563,8.601643641219773
borough_8__age_4,8,4,35-44,0.0847926362282693,True,borough_age,10,2,0.09787959565623564,0,7,8,35-44,Gradient Boosting,0.09787959565623564,0.09787959565623564,False,predicted_previous_year,9.787959565623563,1.3086959427966338
borough_8__age_5,8,5,45-54,0.054559317842582,True,borough_age,10,2,0.12126748119394931,0,7,8,45-54,Gradient Boosting,0.12126748119394931,0.12126748119394931,False,predicted_previous_year,12.12674811939493,6.670816335136731
borough_8__age_6,8,6,55-64,0.021951888745282,True,borough_age,10,2,0.09787959565623564,0,7,8,55-64,Gradient Boosting,0.09787959565623564,0.09787959565623564,False,predicted_previous_year,9.787959565623563,7.592770691095363
borough_8__age_7,8,7,65-74,0.0816491430620924,True,borough_age,10,2,0.09787959565623564,0,7,8,65-74,Gradient Boosting,0.09787959565623564,0.09787959565623564,False,predicted_previous_year,9.787959565623563,1.623045259414324
borough_8__age_8,8,8,75-84,0.0,True,borough_age,10,2,0.09064465785274971,0,7,8,75-84,Gradient Boosting,0.09064465785274971,0.09064465785274971,False,predicted_previous_year,9.06446578527497,9.06446578527497
borough_8__age_9,8,9,85+,0.0,True,borough_age,10,2,0.02752977315447282,0,7,8,85+,Gradient Boosting,0.02752977315447282,0.02752977315447282,False,predicted_previous_year,2.752977315447282,2.752977315447282
borough_91__age_2,91,2,16-24,0.1954980764691223,True,borough_age,10,2,0.14690816616961425,0,7,91,16-24,Gradient Boosting,0.14690816616961425,0.14690816616961425,False,predicted_previous_year,14.690816616961424,-4.858991029950804
borough_91__age_3,91,3,25-34,0.1670437671848623,True,borough_age,10,2,0.10212178327612054,0,7,91,25-34,Gradient Boosting,0.10212178327612054,0.10212178327612054,False,predicted_previous_year,10.212178327612055,-6.492198390874177
borough_91__age_4,91,4,35-44,0.1507412618990158,True,borough_age,10,2,0.10212178327612054,0,7,91,35-44,Gradient Boosting,0.10212178327612054,0.10212178327612054,False,predicted_previous_year,10.212178327612055,-4.861947862289526
borough_91__age_5,91,5,45-54,0.2425852217747439,True,borough_age,10,2,0.12215764565241072,0,7,91,45-54,Gradient Boosting,0.12215764565241072,0.12215764565241072,False,predicted_previous_year,12.215764565241072,-12.042757612233318
borough_91__age_6,91,6,55-64,0.1023560787826209,True,borough_age,10,2,0.10212178327612054,0,7,91,55-64,Gradient Boosting,0.10212178327612054,0.10212178327612054,False,predicted_previous_year,10.212178327612055,-0.02342955065003649
borough_91__age_7,91,7,65-74,0.1450885133922393,True,borough_age,10,2,0.10212178327612054,0,7,91,65-74,Gradient Boosting,0.10212178327612054,0.10212178327612054,False,predicted_previous_year,10.212178327612055,-4.296673011611876
borough_91__age_8,91,8,75-84,0.0,True,borough_age,10,2,0.09488684547263461,0,7,91,75-84,Gradient Boosting,0.09488684547263461,0.09488684547263461,False,predicted_previous_year,9.48868454726346,9.48868454726346
borough_91__age_9,91,9,85+,0.0,True,borough_age,10,2,0.030881796315896357,0,7,91,85+,Gradient Boosting,0.030881796315896357,0.030881796315896357,False,predicted_previous_year,3.088179631589636,3.088179631589636
borough_9__age_2,9,2,16-24,0.136809436694503,True,borough_age,10,2,0.14690816616961425,0,7,9,16-24,Gradient Boosting,0.14690816616961425,0.14690816616961425,False,predicted_previous_year,14.690816616961424,1.0098729475111257
borough_9__age_3,9,3,25-34,0.1081380138760557,True,borough_age,10,2,0.10212178327612054,0,7,9,25-34,Gradient Boosting,0.10212178327612054,0.10212178327612054,False,predicted_previous_year,10.212178327612055,-0.6016230599935168
borough_9__age_4,9,4,35-44,0.0550442922120358,True,borough_age,10,2,0.10212178327612054,0,7,9,35-44,Gradient Boosting,0.10212178327612054,0.10212178327612054,False,predicted_previous_year,10.212178327612055,4.707749106408474
borough_9__age_5,9,5,45-54,0.1897830190002452,True,borough_age,10,2,0.12215764565241072,0,7,9,45-54,Gradient Boosting,0.12215764565241072,0.12215764565241072,False,predicted_previous_year,12.215764565241072,-6.762537334783447
borough_9__age_6,9,6,55-64,0.1332208563303927,True,borough_age,10,2,0.10212178327612054,0,7,9,55-64,Gradient Boosting,0.10212178327612054,0.10212178327612054,False,predicted_previous_year,10.212178327612055,-3.1099073054272175
borough_9__age_7,9,7,65-74,0.0971098758722614,True,borough_age,10,2,0.10212178327612054,0,7,9,65-74,Gradient Boosting,0.10212178327612054,0.10212178327612054,False,predicted_previous_year,10.212178327612055,0.5011907403859137
borough_9__age_8,9,8,75-84,0.1037085087559272,True,borough_age,10,2,0.09488684547263461,0,7,9,75-84,Gradient Boosting,0.09488684547263461,0.09488684547263461,False,predicted_previous_year,9.48868454726346,-0.8821663283292591
borough_9__age_9,9,9,85+,0.0,True,borough_age,10,2,0.030881796315896357,0,7,9,85+,Gradient Boosting,0.030881796315896357,0.030881796315896357,False,predicted_previous_year,3.088179631589636,3.088179631589636
borough_107__age_2,107,2,16-24,0.1830338869817772,True,borough_age,11,3,0.14690816616961425,0,8,107,16-24,Gradient Boosting,0.14690816616961425,0.14690816616961425,False,predicted_previous_year,14.690816616961424,-3.6125720812162947
borough_107__age_3,107,3,25-34,0.062170666090344,True,borough_age,11,3,0.10212178327612054,0,8,107,25-34,Gradient Boosting,0.10212178327612054,0.10212178327612054,False,predicted_previous_year,10.212178327612055,3.9951117185776535
borough_107__age_4,107,4,35-44,0.1498867779151033,True,borough_age,11,3,0.10212178327612054,0,8,107,35-44,Gradient Boosting,0.10212178327612054,0.10212178327612054,False,predicted_previous_year,10.212178327612055,-4.776499463898276
borough_107__age_5,107,5,45-54,0.1118530314589703,True,borough_age,11,3,0.12215764565241072,0,8,107,45-54,Gradient Boosting,0.12215764565241072,0.12215764565241072,False,predicted_previous_year,12.215764565241072,1.030461419344042
borough_107__age_6,107,6,55-64,0.1111960470819738,True,borough_age,11,3,0.10212178327612054,0,8,107,55-64,Gradient Boosting,0.10212178327612054,0.10212178327612054,False,predicted_previous_year,10.212178327612055,-0.9074263805853258
borough_107__age_7,107,7,65-74,0.1071708277366629,True,borough_age,11,3,0.10212178327612054,0,8,107,65-74,Gradient Boosting,0.10212178327612054,0.10212178327612054,False,predicted_previous_year,10.212178327612055,-0.5049044460542357
borough_107__age_8,107,8,75-84,0.0852003854696602,True,borough_age,11,3,0.09488684547263461,0,8,107,75-84,Gradient Boosting,0.09488684547263461,0.09488684547263461,False,predicted_previous_year,9.48868454726346,0.9686460002974406
borough_107__age_9,107,9,85+,0.0,True,borough_age,11,3,0.030881796315896357,0,8,107,85+,Gradient Boosting,0.030881796315896357,0.030881796315896357,False,predicted_previous_year,3.088179631589636,3.088179631589636
borough_109__age_2,109,2,16-24,0.1277280054326884,True,borough_age,11,3,0.14032712958412633,0,8,109,16-24,Gradient Boosting,0.14032712958412633,0.14032712958412633,False,predicted_previous_year,14.032712958412633,1.2599124151437935
borough_109__age_3,109,3,25-34,0.0969215685548594,True,borough_age,11,3,0.0955407466906326,0,8,109,25-34,Gradient Boosting,0.0955407466906326,0.0955407466906326,False,predicted_previous_year,9.55407466906326,-0.13808218642267917
borough_109__age_4,109,4,35-44,0.1080165143988063,True,borough_age,11,3,0.0955407466906326,0,8,109,35-44,Gradient Boosting,0.0955407466906326,0.0955407466906326,False,predicted_previous_year,9.55407466906326,-1.24757677081737
borough_109__age_5,109,5,45-54,0.1028343749638182,True,borough_age,11,3,0.11557660906692278,0,8,109,45-54,Gradient Boosting,0.11557660906692278,0.11557660906692278,False,predicted_previous_year,11.557660906692279,1.2742234103104586
borough_109__age_6,109,6,55-64,0.0892493756523148,True,borough_age,11,3,0.0955407466906326,0,8,109,55-64,Gradient Boosting,0.0955407466906326,0.0955407466906326,False,predicted_previous_year,9.55407466906326,0.6291371038317797
borough_109__age_7,109,7,65-74,0.0879778713050493,True,borough_age,11,3,0.0955407466906326,0,8,109,65-74,Gradient Boosting,0.0955407466906326,0.0955407466906326,False,predicted_previous_year,9.55407466906326,0.7562875385583299
borough_109__age_8,109,8,75-84,0.0,True,borough_age,11,3,0.08830580888714668,0,8,109,75-84,Gradient Boosting,0.08830580888714668,0.08830580888714668,False,predicted_previous_year,8.830580888714668,8.830580888714668
borough_109__age_9,109,9,85+,1.0,True,borough_age,11,3,0.02609000174931056,0,8,109,85+,Gradient Boosting,0.02609000174931056,0.02609000174931056,False,predicted_previous_year,2.609000174931056,-97.39099982506895
borough_112__age_2,112,2,16-24,0.2261142180682152,True,borough_age,11,3,0.14690816616961425,0,8,112,16-24,Gradient Boosting,0.14690816616961425,0.14690816616961425,False,predicted_previous_year,14.690816616961424,-7.920605189860094
borough_112__age_3,112,3,25-34,0.0640628486811424,True,borough_age,11,3,0.10212178327612054,0,8,112,25-34,Gradient Boosting,0.10212178327612054,0.10212178327612054,False,predicted_previous_year,10.212178327612055,3.8058934594978138
borough_112__age_4,112,4,35-44,0.0746204593332339,True,borough_age,11,3,0.10212178327612054,0,8,112,35-44,Gradient Boosting,0.10212178327612054,0.10212178327612054,False,predicted_previous_year,10.212178327612055,2.7501323942886637
borough_112__age_5,112,5,45-54,0.147227748110462,True,borough_age,11,3,0.12215764565241072,0,8,112,45-54,Gradient Boosting,0.12215764565241072,0.12215764565241072,False,predicted_previous_year,12.215764565241072,-2.5070102458051275
borough_112__age_6,112,6,55-64,0.0343414090032645,True,borough_age,11,3,0.10212178327612054,0,8,112,55-64,Gradient Boosting,0.10212178327612054,0.10212178327612054,False,predicted_previous_year,10.212178327612055,6.778037427285604
borough_112__age_7,112,7,65-74,0.1168822183638024,True,borough_age,11,3,0.10212178327612054,0,8,112,65-74,Gradient Boosting,0.10212178327612054,0.10212178327612054,False,predicted_previous_year,10.212178327612055,-1.4760435087681865
borough_112__age_8,112,8,75-84,0.0933306994127133,True,borough_age,11,3,0.09488684547263461,0,8,112,75-84,Gradient Boosting,0.09488684547263461,0.09488684547263461,False,predicted_previous_year,9.48868454726346,0.15561460599213123
borough_112__age_9,112,9,85+,0.0,True,borough_age,11,3,0.030881796315896357,0,8,112,85+,Gradient Boosting,0.030881796315896357,0.030881796315896357,False,predicted_previous_year,3.088179631589636,3.088179631589636
borough_114__age_2,114,2,16-24,0.2948982486889035,True,borough_age,11,3,0.14690816616961425,0,8,114,16-24,Gradient Boosting,0.14690816616961425,0.14690816616961425,False,predicted_previous_year,14.690816616961424,-14.799008251928928
borough_114__age_3,114,3,25-34,0.1028483577200946,True,borough_age,11,3,0.10212178327612054,0,8,114,25-34,Gradient Boosting,0.10212178327612054,0.10212178327612054,False,predicted_previous_year,10.212178327612055,-0.07265744439740596
borough_114__age_4,114,4,35-44,0.2136147467942589,True,borough_age,11,3,0.10212178327612054,0,8,114,35-44,Gradient Boosting,0.10212178327612054,0.10212178327612054,False,predicted_previous_year,10.212178327612055,-11.149296351813836
borough_114__age_5,114,5,45-54,0.1780346218589068,True,borough_age,11,3,0.12215764565241072,0,8,114,45-54,Gradient Boosting,0.12215764565241072,0.12215764565241072,False,predicted_previous_year,12.215764565241072,-5.587697620649609
borough_114__age_6,114,6,55-64,0.0694691139045843,True,borough_age,11,3,0.10212178327612054,0,8,114,55-64,Gradient Boosting,0.10212178327612054,0.10212178327612054,False,predicted_previous_year,10.212178327612055,3.265266937153624
borough_114__age_7,114,7,65-74,0.0457667051904853,True,borough_age,11,3,0.10212178327612054,0,8,114,65-74,Gradient Boosting,0.10212178327612054,0.10212178327612054,False,predicted_previous_year,10.212178327612055,5.635507808563524
borough_114__age_8,114,8,75-84,0.1682705246338149,True,borough_age,11,3,0.09488684547263461,0,8,114,75-84,Gradient Boosting,0.09488684547263461,0.09488684547263461,False,predicted_previous_year,9.48868454726346,-7.338367916118028
borough_114__age_9,114,9,85+,0.0,True,borough_age,11,3,0.030881796315896357,0,8,114,85+,Gradient Boosting,0.030881796315896357,0.030881796315896357,False,predicted_previous_year,3.088179631589636,3.088179631589636
borough_117__age_2,117,2,16-24,0.4203709770680243,True,borough_age,11,3,0.14690816616961425,0,8,117,16-24,Gradient Boosting,0.14690816616961425,0.14690816616961425,False,predicted_previous_year,14.690816616961424,-27.346281089841007
borough_117__age_3,117,3,25-34,0.1543324705532756,True,borough_age,11,3,0.10212178327612054,0,8,117,25-34,Gradient Boosting,0.10212178327612054,0.10212178327612054,False,predicted_previous_year,10.212178327612055,-5.2210687277155055
borough_117__age_4,117,4,35-44,0.2185199229122329,True,borough_age,11,3,0.10212178327612054,0,8,117,35-44,Gradient Boosting,0.10212178327612054,0.10212178327612054,False,predicted_previous_year,10.212178327612055,-11.639813963611237
borough_117__age_5,117,5,45-54,0.1084854084311771,True,borough_age,11,3,0.12215764565241072,0,8,117,45-54,Gradient Boosting,0.12215764565241072,0.12215764565241072,False,predicted_previous_year,12.215764565241072,1.3672237221233619
borough_117__age_6,117,6,55-64,0.1430798972872334,True,borough_age,11,3,0.10212178327612054,0,8,117,55-64,Gradient Boosting,0.10212178327612054,0.10212178327612054,False,predicted_previous_year,10.212178327612055,-4.095811401111285
borough_117__age_7,117,7,65-74,0.1122886513018232,True,borough_age,11,3,0.10212178327612054,0,8,117,65-74,Gradient Boosting,0.10212178327612054,0.10212178327612054,False,predicted_previous_year,10.212178327612055,-1.0166868025702658
borough_117__age_8,117,8,75-84,0.0779386456522035,True,borough_age,11,3,0.09488684547263461,0,8,117,75-84,Gradient Boosting,0.09488684547263461,0.09488684547263461,False,predicted_previous_year,9.48868454726346,1.694819982043111
borough_117__age_9,117,9,85+,0.0,True,borough_age,11,3,0.030881796315896357,0,8,117,85+,Gradient Boosting,0.030881796315896357,0.030881796315896357,False,predicted_previous_year,3.088179631589636,3.088179631589636
borough_122__age_2,122,2,16-24,0.3088608067401731,True,borough_age,11,3,0.14690816616961425,0,8,122,16-24,Gradient Boosting,0.14690816616961425,0.14690816616961425,False,predicted_previous_year,14.690816616961424,-16.195264057055883
borough_122__age_3,122,3,25-34,0.1442301087459172,True,borough_age,11,3,0.10212178327612054,0,8,122,25-34,Gradient Boosting,0.10212178327612054,0.10212178327612054,False,predicted_previous_year,10.212178327612055,-4.210832546979668
borough_122__age_4,122,4,35-44,0.0791386868878573,True,borough_age,11,3,0.10212178327612054,0,8,122,35-44,Gradient Boosting,0.10212178327612054,0.10212178327612054,False,predicted_previous_year,10.212178327612055,2.2983096388263236
borough_122__age_5,122,5,45-54,0.1158792440070687,True,borough_age,11,3,0.12215764565241072,0,8,122,45-54,Gradient Boosting,0.12215764565241072,0.12215764565241072,False,predicted_previous_year,12.215764565241072,0.6278401645342019
borough_122__age_6,122,6,55-64,0.0569546562253774,True,borough_age,11,3,0.10212178327612054,0,8,122,55-64,Gradient Boosting,0.10212178327612054,0.10212178327612054,False,predicted_previous_year,10.212178327612055,4.516712705074314
borough_122__age_7,122,7,65-74,0.0706687377129613,True,borough_age,11,3,0.10212178327612054,0,8,122,65-74,Gradient Boosting,0.10212178327612054,0.10212178327612054,False,predicted_previous_year,10.212178327612055,3.145304556315924
borough_122__age_8,122,8,75-84,0.0,True,borough_age,11,3,0.09488684547263461,0,8,122,75-84,Gradient Boosting,0.09488684547263461,0.09488684547263461,False,predicted_previous_year,9.48868454726346,9.48868454726346
borough_122__age_9,122,9,85+,0.0597454556181791,True,borough_age,11,3,0.030881796315896357,0,8,122,85+,Gradient Boosting,0.030881796315896357,0.030881796315896357,False,predicted_previous_year,3.088179631589636,-2.8863659302282745
borough_126__age_2,126,2,16-24,0.2083077469092099,True,borough_age,11,3,0.14690816616961425,0,8,126,16-24,Gradient Boosting,0.14690816616961425,0.14690816616961425,False,predicted_previous_year,14.690816616961424,-6.139958073959565
borough_126__age_3,126,3,25-34,0.1289908975060883,True,borough_age,11,3,0.10212178327612054,0,8,126,25-34,Gradient Boosting,0.10212178327612054,0.10212178327612054,False,predicted_previous_year,10.212178327612055,-2.6869114229967765
borough_126__age_4,126,4,35-44,0.1890814068594321,True,borough_age,11,3,0.10212178327612054,0,8,126,35-44,Gradient Boosting,0.10212178327612054,0.10212178327612054,False,predicted_previous_year,10.212178327612055,-8.695962358331155
borough_126__age_5,126,5,45-54,0.0832523963953507,True,borough_age,11,3,0.12215764565241072,0,8,126,45-54,Gradient Boosting,0.12215764565241072,0.12215764565241072,False,predicted_previous_year,12.215764565241072,3.8905249257060017
borough_126__age_6,126,6,55-64,0.0329659353536502,True,borough_age,11,3,0.10212178327612054,0,8,126,55-64,Gradient Boosting,0.10212178327612054,0.10212178327612054,False,predicted_previous_year,10.212178327612055,6.915584792247034
borough_126__age_7,126,7,65-74,0.0446104376346828,True,borough_age,11,3,0.10212178327612054,0,8,126,65-74,Gradient Boosting,0.10212178327612054,0.10212178327612054,False,predicted_previous_year,10.212178327612055,5.751134564143774
borough_126__age_8,126,8,75-84,0.1290739177744028,True,borough_age,11,3,0.09488684547263461,0,8,126,75-84,Gradient Boosting,0.09488684547263461,0.09488684547263461,False,predicted_previous_year,9.48868454726346,-3.4187072301768193
borough_126__age_9,126,9,85+,0.0,True,borough_age,11,3,0.030881796315896357,0,8,126,85+,Gradient Boosting,0.030881796315896357,0.030881796315896357,False,predicted_previous_year,3.088179631589636,3.088179631589636
borough_129__age_2,129,2,16-24,0.2038231836162495,True,borough_age,11,3,0.14690816616961425,0,8,129,16-24,Gradient Boosting,0.14690816616961425,0.14690816616961425,False,predicted_previous_year,14.690816616961424,-5.691501744663524
borough_129__age_3,129,3,25-34,0.3626871920377716,True,borough_age,11,3,0.10212178327612054,0,8,129,25-34,Gradient Boosting,0.10212178327612054,0.10212178327612054,False,predicted_previous_year,10.212178327612055,-26.05654087616511
borough_129__age_4,129,4,35-44,0.1693291010444767,True,borough_age,11,3,0.10212178327612054,0,8,129,35-44,Gradient Boosting,0.10212178327612054,0.10212178327612054,False,predicted_previous_year,10.212178327612055,-6.720731776835617
borough_129__age_5,129,5,45-54,0.2107794356419741,True,borough_age,11,3,0.12215764565241072,0,8,129,45-54,Gradient Boosting,0.12215764565241072,0.12215764565241072,False,predicted_previous_year,12.215764565241072,-8.862178998956338
borough_129__age_6,129,6,55-64,0.1583262841767176,True,borough_age,11,3,0.10212178327612054,0,8,129,55-64,Gradient Boosting,0.10212178327612054,0.10212178327612054,False,predicted_previous_year,10.212178327612055,-5.620450090059706
borough_129__age_7,129,7,65-74,0.0453793739367163,True,borough_age,11,3,0.10212178327612054,0,8,129,65-74,Gradient Boosting,0.10212178327612054,0.10212178327612054,False,predicted_previous_year,10.212178327612055,5.674240933940424
borough_129__age_8,129,8,75-84,0.0446931913421307,True,borough_age,11,3,0.09488684547263461,0,8,129,75-84,Gradient Boosting,0.09488684547263461,0.09488684547263461,False,predicted_previous_year,9.48868454726346,5.019365413050391
borough_129__age_9,129,9,85+,0.0,True,borough_age,11,3,0.030881796315896357,0,8,129,85+,Gradient Boosting,0.030881796315896357,0.030881796315896357,False,predicted_previous_year,3.088179631589636,3.088179631589636
borough_135__age_2,135,2,16-24,0.2465278382607494,True,borough_age,11,3,0.1466690549749913,0,8,135,16-24,Gradient Boosting,0.1466690549749913,0.1466690549749913,False,predicted_previous_year,14.66690549749913,-9.98587832857581
borough_135__age_3,135,3,25-34,0.101955094353257,True,borough_age,11,3,0.10188267208149762,0,8,135,25-34,Gradient Boosting,0.10188267208149762,0.10188267208149762,False,predicted_previous_year,10.188267208149762,-0.007242227175938143
borough_135__age_4,135,4,35-44,0.0281520798809513,True,borough_age,11,3,0.10188267208149762,0,8,135,35-44,Gradient Boosting,0.10188267208149762,0.10188267208149762,False,predicted_previous_year,10.188267208149762,7.373059220054631
borough_135__age_5,135,5,45-54,0.1799828139945925,True,borough_age,11,3,0.12215764565241072,0,8,135,45-54,Gradient Boosting,0.12215764565241072,0.12215764565241072,False,predicted_previous_year,12.215764565241072,-5.782516834218179
borough_135__age_6,135,6,55-64,0.0243647187736236,True,borough_age,11,3,0.10188267208149762,0,8,135,55-64,Gradient Boosting,0.10188267208149762,0.10188267208149762,False,predicted_previous_year,10.188267208149762,7.7517953307874015
borough_135__age_7,135,7,65-74,0.0514010004029078,True,borough_age,11,3,0.10188267208149762,0,8,135,65-74,Gradient Boosting,0.10188267208149762,0.10188267208149762,False,predicted_previous_year,10.188267208149762,5.048167167858982
borough_135__age_8,135,8,75-84,0.0,True,borough_age,11,3,0.0946477342780117,0,8,135,75-84,Gradient Boosting,0.0946477342780117,0.0946477342780117,False,predicted_previous_year,9.46477342780117,9.46477342780117
borough_135__age_9,135,9,85+,0.0,True,borough_age,11,3,0.030642685121273435,0,8,135,85+,Gradient Boosting,0.030642685121273435,0.030642685121273435,False,predicted_previous_year,3.0642685121273434,3.0642685121273434
borough_136__age_2,136,2,16-24,0.2175922027539195,True,borough_age,11,3,0.14690816616961425,0,8,136,16-24,Gradient Boosting,0.14690816616961425,0.14690816616961425,False,predicted_previous_year,14.690816616961424,-7.068403658430525
borough_136__age_3,136,3,25-34,0.0824747054000288,True,borough_age,11,3,0.10212178327612054,0,8,136,25-34,Gradient Boosting,0.10212178327612054,0.10212178327612054,False,predicted_previous_year,10.212178327612055,1.964707787609174
borough_136__age_4,136,4,35-44,0.0630906365390111,True,borough_age,11,3,0.10212178327612054,0,8,136,35-44,Gradient Boosting,0.10212178327612054,0.10212178327612054,False,predicted_previous_year,10.212178327612055,3.903114673710943
borough_136__age_5,136,5,45-54,0.1685184718437112,True,borough_age,11,3,0.12215764565241072,0,8,136,45-54,Gradient Boosting,0.12215764565241072,0.12215764565241072,False,predicted_previous_year,12.215764565241072,-4.636082619130047
borough_136__age_6,136,6,55-64,0.159178130394973,True,borough_age,11,3,0.10212178327612054,0,8,136,55-64,Gradient Boosting,0.10212178327612054,0.10212178327612054,False,predicted_previous_year,10.212178327612055,-5.705634711885247
borough_136__age_7,136,7,65-74,0.1216733013386517,True,borough_age,11,3,0.10212178327612054,0,8,136,65-74,Gradient Boosting,0.10212178327612054,0.10212178327612054,False,predicted_previous_year,10.212178327612055,-1.9551518062531166
borough_136__age_8,136,8,75-84,0.1458657405865573,True,borough_age,11,3,0.09488684547263461,0,8,136,75-84,Gradient Boosting,0.09488684547263461,0.09488684547263461,False,predicted_previous_year,9.48868454726346,-5.097889511392268
borough_136__age_9,136,9,85+,0.0,True,borough_age,11,3,0.030881796315896357,0,8,136,85+,Gradient Boosting,0.030881796315896357,0.030881796315896357,False,predicted_previous_year,3.088179631589636,3.088179631589636
borough_139__age_2,139,2,16-24,0.1534383211287253,True,borough_age,11,3,0.16009097588069765,0,8,139,16-24,Gradient Boosting,0.16009097588069765,0.16009097588069765,False,predicted_previous_year,16.009097588069764,0.6652654751972353
borough_139__age_3,139,3,25-34,0.04508984807017,True,borough_age,11,3,0.11530459298720373,0,8,139,25-34,Gradient Boosting,0.11530459298720373,0.11530459298720373,False,predicted_previous_year,11.530459298720373,7.021474491703374
borough_139__age_4,139,4,35-44,0.1097617771672394,True,borough_age,11,3,0.11530459298720373,0,8,139,35-44,Gradient Boosting,0.11530459298720373,0.11530459298720373,False,predicted_previous_year,11.530459298720373,0.554281581996434
borough_139__age_5,139,5,45-54,0.2060378424376823,True,borough_age,11,3,0.13534045536349398,0,8,139,45-54,Gradient Boosting,0.13534045536349398,0.13534045536349398,False,predicted_previous_year,13.534045536349398,-7.069738707418832
borough_139__age_6,139,6,55-64,0.1327867803940149,True,borough_age,11,3,0.11530459298720373,0,8,139,55-64,Gradient Boosting,0.11530459298720373,0.11530459298720373,False,predicted_previous_year,11.530459298720373,-1.7482187406811165
borough_139__age_7,139,7,65-74,0.2070629046159895,True,borough_age,11,3,0.11530459298720373,0,8,139,65-74,Gradient Boosting,0.11530459298720373,0.11530459298720373,False,predicted_previous_year,11.530459298720373,-9.175831162878577
borough_139__age_8,139,8,75-84,0.0289270261100099,True,borough_age,11,3,0.1080696551837178,0,8,139,75-84,Gradient Boosting,0.1080696551837178,0.1080696551837178,False,predicted_previous_year,10.806965518371781,7.914262907370791
borough_139__age_9,139,9,85+,0.0,True,borough_age,11,3,0.04406460602697961,0,8,139,85+,Gradient Boosting,0.04406460602697961,0.04406460602697961,False,predicted_previous_year,4.406460602697961,4.406460602697961
borough_142__age_2,142,2,16-24,0.1179773923898176,True,borough_age,11,3,0.14690816616961425,0,8,142,16-24,Gradient Boosting,0.14690816616961425,0.14690816616961425,False,predicted_previous_year,14.690816616961424,2.8930773779796652
borough_142__age_3,142,3,25-34,0.0944592262749701,True,borough_age,11,3,0.10212178327612054,0,8,142,25-34,Gradient Boosting,0.10212178327612054,0.10212178327612054,False,predicted_previous_year,10.212178327612055,0.7662557001150441
borough_142__age_4,142,4,35-44,0.1163002998769874,True,borough_age,11,3,0.10212178327612054,0,8,142,35-44,Gradient Boosting,0.10212178327612054,0.10212178327612054,False,predicted_previous_year,10.212178327612055,-1.417851660086686
borough_142__age_5,142,5,45-54,0.099083836734993,True,borough_age,11,3,0.12215764565241072,0,8,142,45-54,Gradient Boosting,0.12215764565241072,0.12215764565241072,False,predicted_previous_year,12.215764565241072,2.3073808917417713
borough_142__age_6,142,6,55-64,0.0173559166149571,True,borough_age,11,3,0.10212178327612054,0,8,142,55-64,Gradient Boosting,0.10212178327612054,0.10212178327612054,False,predicted_previous_year,10.212178327612055,8.476586666116344
borough_142__age_7,142,7,65-74,0.1411451587789903,True,borough_age,11,3,0.10212178327612054,0,8,142,65-74,Gradient Boosting,0.10212178327612054,0.10212178327612054,False,predicted_previous_year,10.212178327612055,-3.902337550286977
borough_142__age_8,142,8,75-84,0.1104523680973588,True,borough_age,11,3,0.09488684547263461,0,8,142,75-84,Gradient Boosting,0.09488684547263461,0.09488684547263461,False,predicted_previous_year,9.48868454726346,-1.5565522624724188
borough_142__age_9,142,9,85+,0.0,True,borough_age,11,3,0.030881796315896357,0,8,142,85+,Gradient Boosting,0.030881796315896357,0.030881796315896357,False,predicted_previous_year,3.088179631589636,3.088179631589636
borough_147__age_2,147,2,16-24,0.196398297399681,True,borough_age,11,3,0.14690816616961425,0,8,147,16-24,Gradient Boosting,0.14690816616961425,0.14690816616961425,False,predicted_previous_year,14.690816616961424,-4.949013123006677
borough_147__age_3,147,3,25-34,0.0993770353495688,True,borough_age,11,3,0.10212178327612054,0,8,147,25-34,Gradient Boosting,0.10212178327612054,0.10212178327612054,False,predicted_previous_year,10.212178327612055,0.274474792655173
borough_147__age_4,147,4,35-44,0.1112160838467972,True,borough_age,11,3,0.10212178327612054,0,8,147,35-44,Gradient Boosting,0.10212178327612054,0.10212178327612054,False,predicted_previous_year,10.212178327612055,-0.9094300570676659
borough_147__age_5,147,5,45-54,0.0742297569563128,True,borough_age,11,3,0.12215764565241072,0,8,147,45-54,Gradient Boosting,0.12215764565241072,0.12215764565241072,False,predicted_previous_year,12.215764565241072,4.792788869609792
borough_147__age_6,147,6,55-64,0.1531209759135563,True,borough_age,11,3,0.10212178327612054,0,8,147,55-64,Gradient Boosting,0.10212178327612054,0.10212178327612054,False,predicted_previous_year,10.212178327612055,-5.099919263743577
borough_147__age_7,147,7,65-74,0.189779234514427,True,borough_age,11,3,0.10212178327612054,0,8,147,65-74,Gradient Boosting,0.10212178327612054,0.10212178327612054,False,predicted_previous_year,10.212178327612055,-8.765745123830646
borough_147__age_8,147,8,75-84,0.0,True,borough_age,11,3,0.09488684547263461,0,8,147,75-84,Gradient Boosting,0.09488684547263461,0.09488684547263461,False,predicted_previous_year,9.48868454726346,9.48868454726346
borough_147__age_9,147,9,85+,0.0,True,borough_age,11,3,0.030881796315896357,0,8,147,85+,Gradient Boosting,0.030881796315896357,0.030881796315896357,False,predicted_previous_year,3.088179631589636,3.088179631589636
borough_160__age_2,160,2,16-24,0.0916932925465047,True,borough_age,11,3,0.14690816616961425,0,8,160,16-24,Gradient Boosting,0.14690816616961425,0.14690816616961425,False,predicted_previous_year,14.690816616961424,5.521487362310955
borough_160__age_3,160,3,25-34,0.0969066096579196,True,borough_age,11,3,0.10212178327612054,0,8,160,25-34,Gradient Boosting,0.10212178327612054,0.10212178327612054,False,predicted_previous_year,10.212178327612055,0.5215173618200939
borough_160__age_4,160,4,35-44,0.1120261529828093,True,borough_age,11,3,0.10212178327612054,0,8,160,35-44,Gradient Boosting,0.10212178327612054,0.10212178327612054,False,predicted_previous_year,10.212178327612055,-0.9904369706688759
borough_160__age_5,160,5,45-54,0.1807579552473695,True,borough_age,11,3,0.12215764565241072,0,8,160,45-54,Gradient Boosting,0.12215764565241072,0.12215764565241072,False,predicted_previous_year,12.215764565241072,-5.860030959495879
borough_160__age_6,160,6,55-64,0.191995511675405,True,borough_age,11,3,0.10212178327612054,0,8,160,55-64,Gradient Boosting,0.10212178327612054,0.10212178327612054,False,predicted_previous_year,10.212178327612055,-8.987372839928446
borough_160__age_7,160,7,65-74,0.1412572610227118,True,borough_age,11,3,0.10212178327612054,0,8,160,65-74,Gradient Boosting,0.10212178327612054,0.10212178327612054,False,predicted_previous_year,10.212178327612055,-3.9135477746591265
borough_160__age_8,160,8,75-84,0.2536783312980147,True,borough_age,11,3,0.09488684547263461,0,8,160,75-84,Gradient Boosting,0.09488684547263461,0.09488684547263461,False,predicted_previous_year,9.48868454726346,-15.879148582538011
borough_160__age_9,160,9,85+,0.0,True,borough_age,11,3,0.030881796315896357,0,8,160,85+,Gradient Boosting,0.030881796315896357,0.030881796315896357,False,predicted_previous_year,3.088179631589636,3.088179631589636
borough_171__age_2,171,2,16-24,0.1246471577536642,True,borough_age,11,3,0.14690816616961425,0,8,171,16-24,Gradient Boosting,0.14690816616961425,0.14690816616961425,False,predicted_previous_year,14.690816616961424,2.226100841595005
borough_171__age_3,171,3,25-34,0.131947085239157,True,borough_age,11,3,0.10212178327612054,0,8,171,25-34,Gradient Boosting,0.10212178327612054,0.10212178327612054,False,predicted_previous_year,10.212178327612055,-2.9825301963036455
borough_171__age_4,171,4,35-44,0.1348130539703271,True,borough_age,11,3,0.10212178327612054,0,8,171,35-44,Gradient Boosting,0.10212178327612054,0.10212178327612054,False,predicted_previous_year,10.212178327612055,-3.269127069420658
borough_171__age_5,171,5,45-54,0.1209898796757911,True,borough_age,11,3,0.12215764565241072,0,8,171,45-54,Gradient Boosting,0.12215764565241072,0.12215764565241072,False,predicted_previous_year,12.215764565241072,0.11677659766196197
borough_171__age_6,171,6,55-64,0.131849246369915,True,borough_age,11,3,0.10212178327612054,0,8,171,55-64,Gradient Boosting,0.10212178327612054,0.10212178327612054,False,predicted_previous_year,10.212178327612055,-2.9727463093794455
borough_171__age_7,171,7,65-74,0.1688574634382696,True,borough_age,11,3,0.10212178327612054,0,8,171,65-74,Gradient Boosting,0.10212178327612054,0.10212178327612054,False,predicted_previous_year,10.212178327612055,-6.673568016214906
borough_171__age_8,171,8,75-84,0.2390540445425562,True,borough_age,11,3,0.09488684547263461,0,8,171,75-84,Gradient Boosting,0.09488684547263461,0.09488684547263461,False,predicted_previous_year,9.48868454726346,-14.41671990699216
borough_171__age_9,171,9,85+,0.0,True,borough_age,11,3,0.030881796315896357,0,8,171,85+,Gradient Boosting,0.030881796315896357,0.030881796315896357,False,predicted_previous_year,3.088179631589636,3.088179631589636
borough_17__age_2,17,2,16-24,0.139009438983777,True,borough_age,11,3,0.14690816616961425,0,8,17,16-24,Gradient Boosting,0.14690816616961425,0.14690816616961425,False,predicted_previous_year,14.690816616961424,0.7898727185837257
borough_17__age_3,17,3,25-34,0.0745490192337595,True,borough_age,11,3,0.10212178327612054,0,8,17,25-34,Gradient Boosting,0.10212178327612054,0.10212178327612054,False,predicted_previous_year,10.212178327612055,2.7572764042361033
borough_17__age_4,17,4,35-44,0.1261271779449969,True,borough_age,11,3,0.10212178327612054,0,8,17,35-44,Gradient Boosting,0.10212178327612054,0.10212178327612054,False,predicted_previous_year,10.212178327612055,-2.4005394668876354
borough_17__age_5,17,5,45-54,0.06627607213547,True,borough_age,11,3,0.12215764565241072,0,8,17,45-54,Gradient Boosting,0.12215764565241072,0.12215764565241072,False,predicted_previous_year,12.215764565241072,5.588157351694072
borough_17__age_6,17,6,55-64,0.1467705596247256,True,borough_age,11,3,0.10212178327612054,0,8,17,55-64,Gradient Boosting,0.10212178327612054,0.10212178327612054,False,predicted_previous_year,10.212178327612055,-4.464877634860506
borough_17__age_7,17,7,65-74,0.1660897663475511,True,borough_age,11,3,0.10212178327612054,0,8,17,65-74,Gradient Boosting,0.10212178327612054,0.10212178327612054,False,predicted_previous_year,10.212178327612055,-6.396798307143056
borough_17__age_8,17,8,75-84,0.2227202598222299,True,borough_age,11,3,0.09488684547263461,0,8,17,75-84,Gradient Boosting,0.09488684547263461,0.09488684547263461,False,predicted_previous_year,9.48868454726346,-12.783341434959528
borough_17__age_9,17,9,85+,0.0,True,borough_age,11,3,0.030881796315896357,0,8,17,85+,Gradient Boosting,0.030881796315896357,0.030881796315896357,False,predicted_previous_year,3.088179631589636,3.088179631589636
borough_196__age_2,196,2,16-24,0.2534289737115014,True,borough_age,11,3,0.14690816616961425,0,8,196,16-24,Gradient Boosting,0.14690816616961425,0.14690816616961425,False,predicted_previous_year,14.690816616961424,-10.652080754188717
borough_196__age_3,196,3,25-34,0.1287583780717256,True,borough_age,11,3,0.10212178327612054,0,8,196,25-34,Gradient Boosting,0.10212178327612054,0.10212178327612054,False,predicted_previous_year,10.212178327612055,-2.663659479560507
borough_196__age_4,196,4,35-44,0.1345358820138205,True,borough_age,11,3,0.10212178327612054,0,8,196,35-44,Gradient Boosting,0.10212178327612054,0.10212178327612054,False,predicted_previous_year,10.212178327612055,-3.241409873769996
borough_196__age_5,196,5,45-54,0.0634309159499543,True,borough_age,11,3,0.12215764565241072,0,8,196,45-54,Gradient Boosting,0.12215764565241072,0.12215764565241072,False,predicted_previous_year,12.215764565241072,5.872672970245642
borough_196__age_6,196,6,55-64,0.1335591128580651,True,borough_age,11,3,0.10212178327612054,0,8,196,55-64,Gradient Boosting,0.10212178327612054,0.10212178327612054,False,predicted_previous_year,10.212178327612055,-3.143732958194456
borough_196__age_7,196,7,65-74,0.1256069508551165,True,borough_age,11,3,0.10212178327612054,0,8,196,65-74,Gradient Boosting,0.10212178327612054,0.10212178327612054,False,predicted_previous_year,10.212178327612055,-2.3485167578995965
borough_196__age_8,196,8,75-84,0.0,True,borough_age,11,3,0.09488684547263461,0,8,196,75-84,Gradient Boosting,0.09488684547263461,0.09488684547263461,False,predicted_previous_year,9.48868454726346,9.48868454726346
borough_196__age_9,196,9,85+,0.0,True,borough_age,11,3,0.030881796315896357,0,8,196,85+,Gradient Boosting,0.030881796315896357,0.030881796315896357,False,predicted_previous_year,3.088179631589636,3.088179631589636
borough_201__age_2,201,2,16-24,0.0795047643908059,True,borough_age,11,3,0.16698792962481301,0,8,201,16-24,Gradient Boosting,0.16698792962481301,0.16698792962481301,False,predicted_previous_year,16.698792962481303,8.748316523400712
borough_201__age_3,201,3,25-34,0.1716714996357737,True,borough_age,11,3,0.12458656197166748,0,8,201,25-34,Gradient Boosting,0.12458656197166748,0.12458656197166748,False,predicted_previous_year,12.458656197166748,-4.708493766410621
borough_201__age_4,201,4,35-44,0.0722774722963231,True,borough_age,11,3,0.12458656197166748,0,8,201,35-44,Gradient Boosting,0.12458656197166748,0.12458656197166748,False,predicted_previous_year,12.458656197166748,5.230908967534438
borough_201__age_5,201,5,45-54,0.2574666429442293,True,borough_age,11,3,0.14462242434795763,0,8,201,45-54,Gradient Boosting,0.14462242434795763,0.14462242434795763,False,predicted_previous_year,14.462242434795764,-11.284421859627164
borough_201__age_6,201,6,55-64,0.2103700230167736,True,borough_age,11,3,0.12458656197166748,0,8,201,55-64,Gradient Boosting,0.12458656197166748,0.12458656197166748,False,predicted_previous_year,12.458656197166748,-8.578346104510612
borough_201__age_7,201,7,65-74,0.1972325953097849,True,borough_age,11,3,0.12458656197166748,0,8,201,65-74,Gradient Boosting,0.12458656197166748,0.12458656197166748,False,predicted_previous_year,12.458656197166748,-7.264603333811742
borough_201__age_8,201,8,75-84,0.0885446603927944,True,borough_age,11,3,0.11735162416818155,0,8,201,75-84,Gradient Boosting,0.11735162416818155,0.11735162416818155,False,predicted_previous_year,11.735162416818156,2.880696377538715
borough_201__age_9,201,9,85+,0.7818935248331759,True,borough_age,11,3,0.05508131390845019,0,8,201,85+,Gradient Boosting,0.05508131390845019,0.05508131390845019,False,predicted_previous_year,5.508131390845019,-72.68122109247257
borough_241__age_2,241,2,16-24,0.0678208213580317,True,borough_age,11,3,0.14690816616961425,0,8,241,16-24,Gradient Boosting,0.14690816616961425,0.14690816616961425,False,predicted_previous_year,14.690816616961424,7.9087344811582545
borough_241__age_3,241,3,25-34,0.058794743636458,True,borough_age,11,3,0.10212178327612054,0,8,241,25-34,Gradient Boosting,0.10212178327612054,0.10212178327612054,False,predicted_previous_year,10.212178327612055,4.332703963966254
borough_241__age_4,241,4,35-44,0.0988392386795421,True,borough_age,11,3,0.10212178327612054,0,8,241,35-44,Gradient Boosting,0.10212178327612054,0.10212178327612054,False,predicted_previous_year,10.212178327612055,0.3282544596578438
borough_241__age_5,241,5,45-54,0.2269102052722818,True,borough_age,11,3,0.12215764565241072,0,8,241,45-54,Gradient Boosting,0.12215764565241072,0.12215764565241072,False,predicted_previous_year,12.215764565241072,-10.47525596198711
borough_241__age_6,241,6,55-64,0.240593405099986,True,borough_age,11,3,0.10212178327612054,0,8,241,55-64,Gradient Boosting,0.10212178327612054,0.10212178327612054,False,predicted_previous_year,10.212178327612055,-13.847162182386546
borough_241__age_7,241,7,65-74,0.1377936830547056,True,borough_age,11,3,0.10212178327612054,0,8,241,65-74,Gradient Boosting,0.10212178327612054,0.10212178327612054,False,predicted_previous_year,10.212178327612055,-3.5671899778585066
borough_241__age_8,241,8,75-84,0.1162083472473376,True,borough_age,11,3,0.09488684547263461,0,8,241,75-84,Gradient Boosting,0.09488684547263461,0.09488684547263461,False,predicted_previous_year,9.48868454726346,-2.132150177470299
borough_241__age_9,241,9,85+,0.0,True,borough_age,11,3,0.030881796315896357,0,8,241,85+,Gradient Boosting,0.030881796315896357,0.030881796315896357,False,predicted_previous_year,3.088179631589636,3.088179631589636
borough_255__age_2,255,2,16-24,0.10154156428364,True,borough_age,11,3,0.14690816616961425,0,8,255,16-24,Gradient Boosting,0.14690816616961425,0.14690816616961425,False,predicted_previous_year,14.690816616961424,4.536660188597424
borough_255__age_3,255,3,25-34,0.1653902954434869,True,borough_age,11,3,0.10212178327612054,0,8,255,25-34,Gradient Boosting,0.10212178327612054,0.10212178327612054,False,predicted_previous_year,10.212178327612055,-6.326851216736637
borough_255__age_4,255,4,35-44,0.0400467641552663,True,borough_age,11,3,0.10212178327612054,0,8,255,35-44,Gradient Boosting,0.10212178327612054,0.10212178327612054,False,predicted_previous_year,10.212178327612055,6.207501912085424
borough_255__age_5,255,5,45-54,0.1729712370386921,True,borough_age,11,3,0.12215764565241072,0,8,255,45-54,Gradient Boosting,0.12215764565241072,0.12215764565241072,False,predicted_previous_year,12.215764565241072,-5.081359138628139
borough_255__age_6,255,6,55-64,0.0784551299863328,True,borough_age,11,3,0.10212178327612054,0,8,255,55-64,Gradient Boosting,0.10212178327612054,0.10212178327612054,False,predicted_previous_year,10.212178327612055,2.3666653289787734
borough_255__age_7,255,7,65-74,0.1526496728991635,True,borough_age,11,3,0.10212178327612054,0,8,255,65-74,Gradient Boosting,0.10212178327612054,0.10212178327612054,False,predicted_previous_year,10.212178327612055,-5.052788962304297
borough_255__age_8,255,8,75-84,0.156207659709548,True,borough_age,11,3,0.09488684547263461,0,8,255,75-84,Gradient Boosting,0.09488684547263461,0.09488684547263461,False,predicted_previous_year,9.48868454726346,-6.132081423691339
borough_255__age_9,255,9,85+,0.0,True,borough_age,11,3,0.030881796315896357,0,8,255,85+,Gradient Boosting,0.030881796315896357,0.030881796315896357,False,predicted_previous_year,3.088179631589636,3.088179631589636
borough_272__age_2,272,2,16-24,0.0800107671240446,True,borough_age,11,3,0.1284622367536837,0,8,272,16-24,Gradient Boosting,0.1284622367536837,0.1284622367536837,False,predicted_previous_year,12.846223675368371,4.84514696296391
borough_272__age_3,272,3,25-34,0.108482865604089,True,borough_age,11,3,0.08640738593431602,0,8,272,25-34,Gradient Boosting,0.08640738593431602,0.08640738593431602,False,predicted_previous_year,8.640738593431601,-2.207547966977298
borough_272__age_4,272,4,35-44,0.1605400522145847,True,borough_age,11,3,0.08640738593431602,0,8,272,35-44,Gradient Boosting,0.08640738593431602,0.08640738593431602,False,predicted_previous_year,8.640738593431601,-7.413266628026868
borough_272__age_5,272,5,45-54,0.1180466658637206,True,borough_age,11,3,0.10517679821440074,0,8,272,45-54,Gradient Boosting,0.10517679821440074,0.10517679821440074,False,predicted_previous_year,10.517679821440073,-1.2869867649319868
borough_272__age_6,272,6,55-64,0.102922918114901,True,borough_age,11,3,0.08640738593431602,0,8,272,55-64,Gradient Boosting,0.08640738593431602,0.08640738593431602,False,predicted_previous_year,8.640738593431601,-1.6515532180584978
borough_272__age_7,272,7,65-74,0.1043646259817551,True,borough_age,11,3,0.08640738593431602,0,8,272,65-74,Gradient Boosting,0.08640738593431602,0.08640738593431602,False,predicted_previous_year,8.640738593431601,-1.795724004743908
borough_272__age_8,272,8,75-84,0.0,True,borough_age,11,3,0.07917244813083009,0,8,272,75-84,Gradient Boosting,0.07917244813083009,0.07917244813083009,False,predicted_previous_year,7.917244813083009,7.917244813083009
borough_272__age_9,272,9,85+,0.0,True,borough_age,11,3,0.0190375144635297,0,8,272,85+,Gradient Boosting,0.0190375144635297,0.0190375144635297,False,predicted_previous_year,1.90375144635297,1.90375144635297
borough_279__age_2,279,2,16-24,0.1177890234741966,True,borough_age,11,3,0.14690816616961425,0,8,279,16-24,Gradient Boosting,0.14690816616961425,0.14690816616961425,False,predicted_previous_year,14.690816616961424,2.911914269541764
borough_279__age_3,279,3,25-34,0.098155003333648,True,borough_age,11,3,0.10212178327612054,0,8,279,25-34,Gradient Boosting,0.10212178327612054,0.10212178327612054,False,predicted_previous_year,10.212178327612055,0.3966779942472534
borough_279__age_4,279,4,35-44,0.0596788601176883,True,borough_age,11,3,0.10212178327612054,0,8,279,35-44,Gradient Boosting,0.10212178327612054,0.10212178327612054,False,predicted_previous_year,10.212178327612055,4.244292315843224
borough_279__age_5,279,5,45-54,0.2231357785425123,True,borough_age,11,3,0.12215764565241072,0,8,279,45-54,Gradient Boosting,0.12215764565241072,0.12215764565241072,False,predicted_previous_year,12.215764565241072,-10.097813289010157
borough_279__age_6,279,6,55-64,0.0821393232373831,True,borough_age,11,3,0.10212178327612054,0,8,279,55-64,Gradient Boosting,0.10212178327612054,0.10212178327612054,False,predicted_previous_year,10.212178327612055,1.9982460038737437
borough_279__age_7,279,7,65-74,0.117766199343256,True,borough_age,11,3,0.10212178327612054,0,8,279,65-74,Gradient Boosting,0.10212178327612054,0.10212178327612054,False,predicted_previous_year,10.212178327612055,-1.5644416067135458
borough_279__age_8,279,8,75-84,0.2455551595848398,True,borough_age,11,3,0.09488684547263461,0,8,279,75-84,Gradient Boosting,0.09488684547263461,0.09488684547263461,False,predicted_previous_year,9.48868454726346,-15.066831411220521
borough_279__age_9,279,9,85+,0.0,True,borough_age,11,3,0.030881796315896357,0,8,279,85+,Gradient Boosting,0.030881796315896357,0.030881796315896357,False,predicted_previous_year,3.088179631589636,3.088179631589636
borough_280__age_2,280,2,16-24,0.2175199221667134,True,borough_age,11,3,0.14690816616961425,0,8,280,16-24,Gradient Boosting,0.14690816616961425,0.14690816616961425,False,predicted_previous_year,14.690816616961424,-7.061175599709915
borough_280__age_3,280,3,25-34,0.1785339472504633,True,borough_age,11,3,0.10212178327612054,0,8,280,25-34,Gradient Boosting,0.10212178327612054,0.10212178327612054,False,predicted_previous_year,10.212178327612055,-7.641216397434275
borough_280__age_4,280,4,35-44,0.1382975799349419,True,borough_age,11,3,0.10212178327612054,0,8,280,35-44,Gradient Boosting,0.10212178327612054,0.10212178327612054,False,predicted_previous_year,10.212178327612055,-3.617579665882137
borough_280__age_5,280,5,45-54,0.1736348527952486,True,borough_age,11,3,0.12215764565241072,0,8,280,45-54,Gradient Boosting,0.12215764565241072,0.12215764565241072,False,predicted_previous_year,12.215764565241072,-5.147720714283787
borough_280__age_6,280,6,55-64,0.1195770285800361,True,borough_age,11,3,0.10212178327612054,0,8,280,55-64,Gradient Boosting,0.10212178327612054,0.10212178327612054,False,predicted_previous_year,10.212178327612055,-1.7455245303915568
borough_280__age_7,280,7,65-74,0.1180429834185273,True,borough_age,11,3,0.10212178327612054,0,8,280,65-74,Gradient Boosting,0.10212178327612054,0.10212178327612054,False,predicted_previous_year,10.212178327612055,-1.5921200142406764
borough_280__age_8,280,8,75-84,0.0,True,borough_age,11,3,0.09488684547263461,0,8,280,75-84,Gradient Boosting,0.09488684547263461,0.09488684547263461,False,predicted_previous_year,9.48868454726346,9.48868454726346
borough_280__age_9,280,9,85+,,False,borough_age,11,3,0.030881796315896357,0,8,280,85+,Gradient Boosting,0.030881796315896357,0.030881796315896357,False,predicted_previous_year,3.088179631589636,
borough_293__age_2,293,2,16-24,0.0365913804747428,True,borough_age,11,3,0.14690816616961425,0,8,293,16-24,Gradient Boosting,0.14690816616961425,0.14690816616961425,False,predicted_previous_year,14.690816616961424,11.031678569487143
borough_293__age_3,293,3,25-34,0.053495384684282,True,borough_age,11,3,0.10212178327612054,0,8,293,25-34,Gradient Boosting,0.10212178327612054,0.10212178327612054,False,predicted_previous_year,10.212178327612055,4.8626398591838536
borough_293__age_4,293,4,35-44,0.0848082016959178,True,borough_age,11,3,0.10212178327612054,0,8,293,35-44,Gradient Boosting,0.10212178327612054,0.10212178327612054,False,predicted_previous_year,10.212178327612055,1.7313581580202742
borough_293__age_5,293,5,45-54,0.0425853298342185,True,borough_age,11,3,0.12215764565241072,0,8,293,45-54,Gradient Boosting,0.12215764565241072,0.12215764565241072,False,predicted_previous_year,12.215764565241072,7.957231581819221
borough_293__age_6,293,6,55-64,0.0,True,borough_age,11,3,0.10212178327612054,0,8,293,55-64,Gradient Boosting,0.10212178327612054,0.10212178327612054,False,predicted_previous_year,10.212178327612055,10.212178327612055
borough_293__age_7,293,7,65-74,0.1629366382871322,True,borough_age,11,3,0.10212178327612054,0,8,293,65-74,Gradient Boosting,0.10212178327612054,0.10212178327612054,False,predicted_previous_year,10.212178327612055,-6.081485501101167
borough_293__age_8,293,8,75-84,0.0748730696240282,True,borough_age,11,3,0.09488684547263461,0,8,293,75-84,Gradient Boosting,0.09488684547263461,0.09488684547263461,False,predicted_previous_year,9.48868454726346,2.0013775848606405
borough_293__age_9,293,9,85+,0.2982452615080974,True,borough_age,11,3,0.030881796315896357,0,8,293,85+,Gradient Boosting,0.030881796315896357,0.030881796315896357,False,predicted_previous_year,3.088179631589636,-26.7363465192201
borough_30__age_2,30,2,16-24,0.1266815448805876,True,borough_age,11,3,0.14690816616961425,0,8,30,16-24,Gradient Boosting,0.14690816616961425,0.14690816616961425,False,predicted_previous_year,14.690816616961424,2.0226621289026636
borough_30__age_3,30,3,25-34,0.1296019095741521,True,borough_age,11,3,0.10212178327612054,0,8,30,25-34,Gradient Boosting,0.10212178327612054,0.10212178327612054,False,predicted_previous_year,10.212178327612055,-2.7480126298031564
borough_30__age_4,30,4,35-44,0.0409930661080003,True,borough_age,11,3,0.10212178327612054,0,8,30,35-44,Gradient Boosting,0.10212178327612054,0.10212178327612054,False,predicted_previous_year,10.212178327612055,6.112871716812024
borough_30__age_5,30,5,45-54,0.0481665298293294,True,borough_age,11,3,0.12215764565241072,0,8,30,45-54,Gradient Boosting,0.12215764565241072,0.12215764565241072,False,predicted_previous_year,12.215764565241072,7.399111582308132
borough_30__age_6,30,6,55-64,0.2185169709253583,True,borough_age,11,3,0.10212178327612054,0,8,30,55-64,Gradient Boosting,0.10212178327612054,0.10212178327612054,False,predicted_previous_year,10.212178327612055,-11.639518764923777
borough_30__age_7,30,7,65-74,0.1102813234421443,True,borough_age,11,3,0.10212178327612054,0,8,30,65-74,Gradient Boosting,0.10212178327612054,0.10212178327612054,False,predicted_previous_year,10.212178327612055,-0.8159540166023758
borough_30__age_8,30,8,75-84,0.0,True,borough_age,11,3,0.09488684547263461,0,8,30,75-84,Gradient Boosting,0.09488684547263461,0.09488684547263461,False,predicted_previous_year,9.48868454726346,9.48868454726346
borough_30__age_9,30,9,85+,0.0,True,borough_age,11,3,0.030881796315896357,0,8,30,85+,Gradient Boosting,0.030881796315896357,0.030881796315896357,False,predicted_previous_year,3.088179631589636,3.088179631589636
borough_35__age_2,35,2,16-24,0.1329437810320942,True,borough_age,11,3,0.15685178274018832,0,8,35,16-24,Gradient Boosting,0.15685178274018832,0.15685178274018832,False,predicted_previous_year,15.685178274018833,2.3908001708094124
borough_35__age_3,35,3,25-34,0.1199166965134612,True,borough_age,11,3,0.11206539984669449,0,8,35,25-34,Gradient Boosting,0.11206539984669449,0.11206539984669449,False,predicted_previous_year,11.20653998466945,-0.7851296666766705
borough_35__age_4,35,4,35-44,0.1747605590951717,True,borough_age,11,3,0.11206539984669449,0,8,35,35-44,Gradient Boosting,0.11206539984669449,0.11206539984669449,False,predicted_previous_year,11.20653998466945,-6.269515924847722
borough_35__age_5,35,5,45-54,0.1348480143636899,True,borough_age,11,3,0.13210126222298468,0,8,35,45-54,Gradient Boosting,0.13210126222298468,0.13210126222298468,False,predicted_previous_year,13.210126222298468,-0.27467521407052164
borough_35__age_6,35,6,55-64,0.0630826112710657,True,borough_age,11,3,0.11206539984669449,0,8,35,55-64,Gradient Boosting,0.11206539984669449,0.11206539984669449,False,predicted_previous_year,11.20653998466945,4.89827885756288
borough_35__age_7,35,7,65-74,0.1554150669857758,True,borough_age,11,3,0.11206539984669449,0,8,35,65-74,Gradient Boosting,0.11206539984669449,0.11206539984669449,False,predicted_previous_year,11.20653998466945,-4.334966713908132
borough_35__age_8,35,8,75-84,0.1911425029081757,True,borough_age,11,3,0.1094391655402427,0,8,35,75-84,Gradient Boosting,0.1094391655402427,0.1094391655402427,False,predicted_previous_year,10.94391655402427,-8.1703337367933
borough_35__age_9,35,9,85+,0.0,True,borough_age,11,3,0.04082541288647035,0,8,35,85+,Gradient Boosting,0.04082541288647035,0.04082541288647035,False,predicted_previous_year,4.082541288647034,4.082541288647034
borough_44__age_2,44,2,16-24,0.138991032966824,True,borough_age,11,3,0.14690816616961425,0,8,44,16-24,Gradient Boosting,0.14690816616961425,0.14690816616961425,False,predicted_previous_year,14.690816616961424,0.791713320279025
borough_44__age_3,44,3,25-34,0.0971048226541429,True,borough_age,11,3,0.10212178327612054,0,8,44,25-34,Gradient Boosting,0.10212178327612054,0.10212178327612054,False,predicted_previous_year,10.212178327612055,0.5016960621977637
borough_44__age_4,44,4,35-44,0.2032943095383431,True,borough_age,11,3,0.10212178327612054,0,8,44,35-44,Gradient Boosting,0.10212178327612054,0.10212178327612054,False,predicted_previous_year,10.212178327612055,-10.117252626222257
borough_44__age_5,44,5,45-54,0.1201281480761936,True,borough_age,11,3,0.12215764565241072,0,8,44,45-54,Gradient Boosting,0.12215764565241072,0.12215764565241072,False,predicted_previous_year,12.215764565241072,0.20294975762171208
borough_44__age_6,44,6,55-64,0.0644168620962235,True,borough_age,11,3,0.10212178327612054,0,8,44,55-64,Gradient Boosting,0.10212178327612054,0.10212178327612054,False,predicted_previous_year,10.212178327612055,3.770492117989703
borough_44__age_7,44,7,65-74,0.3007397085419624,True,borough_age,11,3,0.10212178327612054,0,8,44,65-74,Gradient Boosting,0.10212178327612054,0.10212178327612054,False,predicted_previous_year,10.212178327612055,-19.86179252658419
borough_44__age_8,44,8,75-84,0.0,True,borough_age,11,3,0.09488684547263461,0,8,44,75-84,Gradient Boosting,0.09488684547263461,0.09488684547263461,False,predicted_previous_year,9.48868454726346,9.48868454726346
borough_44__age_9,44,9,85+,0.3893886161014656,True,borough_age,11,3,0.030881796315896357,0,8,44,85+,Gradient Boosting,0.030881796315896357,0.030881796315896357,False,predicted_previous_year,3.088179631589636,-35.85068197855692
borough_68__age_2,68,2,16-24,0.1927475039694993,True,borough_age,11,3,0.14690816616961425,0,8,68,16-24,Gradient Boosting,0.14690816616961425,0.14690816616961425,False,predicted_previous_year,14.690816616961424,-4.583933779988506
borough_68__age_3,68,3,25-34,0.1652106450298921,True,borough_age,11,3,0.10212178327612054,0,8,68,25-34,Gradient Boosting,0.10212178327612054,0.10212178327612054,False,predicted_previous_year,10.212178327612055,-6.308886175377157
borough_68__age_4,68,4,35-44,0.1747297364388737,True,borough_age,11,3,0.10212178327612054,0,8,68,35-44,Gradient Boosting,0.10212178327612054,0.10212178327612054,False,predicted_previous_year,10.212178327612055,-7.260795316275318
borough_68__age_5,68,5,45-54,0.1150694174560084,True,borough_age,11,3,0.12215764565241072,0,8,68,45-54,Gradient Boosting,0.12215764565241072,0.12215764565241072,False,predicted_previous_year,12.215764565241072,0.7088228196402313
borough_68__age_6,68,6,55-64,0.1235877635087129,True,borough_age,11,3,0.10212178327612054,0,8,68,55-64,Gradient Boosting,0.10212178327612054,0.10212178327612054,False,predicted_previous_year,10.212178327612055,-2.146598023259236
borough_68__age_7,68,7,65-74,0.1802983858678723,True,borough_age,11,3,0.10212178327612054,0,8,68,65-74,Gradient Boosting,0.10212178327612054,0.10212178327612054,False,predicted_previous_year,10.212178327612055,-7.817660259175177
borough_68__age_8,68,8,75-84,0.1444180719091273,True,borough_age,11,3,0.09488684547263461,0,8,68,75-84,Gradient Boosting,0.09488684547263461,0.09488684547263461,False,predicted_previous_year,9.48868454726346,-4.95312264364927
borough_68__age_9,68,9,85+,0.0,True,borough_age,11,3,0.030881796315896357,0,8,68,85+,Gradient Boosting,0.030881796315896357,0.030881796315896357,False,predicted_previous_year,3.088179631589636,3.088179631589636
borough_78__age_2,78,2,16-24,0.2374752869271083,True,borough_age,11,3,0.14690816616961425,0,8,78,16-24,Gradient Boosting,0.14690816616961425,0.14690816616961425,False,predicted_previous_year,14.690816616961424,-9.056712075749404
borough_78__age_3,78,3,25-34,0.1086282749866392,True,borough_age,11,3,0.10212178327612054,0,8,78,25-34,Gradient Boosting,0.10212178327612054,0.10212178327612054,False,predicted_previous_year,10.212178327612055,-0.650649171051866
borough_78__age_4,78,4,35-44,0.2341997299602941,True,borough_age,11,3,0.10212178327612054,0,8,78,35-44,Gradient Boosting,0.10212178327612054,0.10212178327612054,False,predicted_previous_year,10.212178327612055,-13.207794668417355
borough_78__age_5,78,5,45-54,0.0729888922299857,True,borough_age,11,3,0.12215764565241072,0,8,78,45-54,Gradient Boosting,0.12215764565241072,0.12215764565241072,False,predicted_previous_year,12.215764565241072,4.916875342242502
borough_78__age_6,78,6,55-64,0.1802087151102049,True,borough_age,11,3,0.10212178327612054,0,8,78,55-64,Gradient Boosting,0.10212178327612054,0.10212178327612054,False,predicted_previous_year,10.212178327612055,-7.808693183408436
borough_78__age_7,78,7,65-74,0.0902303355270237,True,borough_age,11,3,0.10212178327612054,0,8,78,65-74,Gradient Boosting,0.10212178327612054,0.10212178327612054,False,predicted_previous_year,10.212178327612055,1.189144774909684
borough_78__age_8,78,8,75-84,0.0961920669437747,True,borough_age,11,3,0.09488684547263461,0,8,78,75-84,Gradient Boosting,0.09488684547263461,0.09488684547263461,False,predicted_previous_year,9.48868454726346,-0.13052214711400945
borough_78__age_9,78,9,85+,0.0,True,borough_age,11,3,0.030881796315896357,0,8,78,85+,Gradient Boosting,0.030881796315896357,0.030881796315896357,False,predicted_previous_year,3.088179631589636,3.088179631589636
borough_8__age_2,8,2,16-24,0.1407954267683174,True,borough_age,11,3,0.1426659785497293,0,8,8,16-24,Gradient Boosting,0.1426659785497293,0.1426659785497293,False,predicted_previous_year,14.266597854972929,0.18705517814118777
borough_8__age_3,8,3,25-34,0.0118631592440379,True,borough_age,11,3,0.09787959565623564,0,8,8,25-34,Gradient Boosting,0.09787959565623564,0.09787959565623564,False,predicted_previous_year,9.787959565623563,8.601643641219773
borough_8__age_4,8,4,35-44,0.0847926362282693,True,borough_age,11,3,0.09787959565623564,0,8,8,35-44,Gradient Boosting,0.09787959565623564,0.09787959565623564,False,predicted_previous_year,9.787959565623563,1.3086959427966338
borough_8__age_5,8,5,45-54,0.054559317842582,True,borough_age,11,3,0.12126748119394931,0,8,8,45-54,Gradient Boosting,0.12126748119394931,0.12126748119394931,False,predicted_previous_year,12.12674811939493,6.670816335136731
borough_8__age_6,8,6,55-64,0.021951888745282,True,borough_age,11,3,0.09787959565623564,0,8,8,55-64,Gradient Boosting,0.09787959565623564,0.09787959565623564,False,predicted_previous_year,9.787959565623563,7.592770691095363
borough_8__age_7,8,7,65-74,0.0816491430620924,True,borough_age,11,3,0.09787959565623564,0,8,8,65-74,Gradient Boosting,0.09787959565623564,0.09787959565623564,False,predicted_previous_year,9.787959565623563,1.623045259414324
borough_8__age_8,8,8,75-84,0.0,True,borough_age,11,3,0.09064465785274971,0,8,8,75-84,Gradient Boosting,0.09064465785274971,0.09064465785274971,False,predicted_previous_year,9.06446578527497,9.06446578527497
borough_8__age_9,8,9,85+,0.0,True,borough_age,11,3,0.02752977315447282,0,8,8,85+,Gradient Boosting,0.02752977315447282,0.02752977315447282,False,predicted_previous_year,2.752977315447282,2.752977315447282
borough_91__age_2,91,2,16-24,0.1954980764691223,True,borough_age,11,3,0.14690816616961425,0,8,91,16-24,Gradient Boosting,0.14690816616961425,0.14690816616961425,False,predicted_previous_year,14.690816616961424,-4.858991029950804
borough_91__age_3,91,3,25-34,0.1670437671848623,True,borough_age,11,3,0.10212178327612054,0,8,91,25-34,Gradient Boosting,0.10212178327612054,0.10212178327612054,False,predicted_previous_year,10.212178327612055,-6.492198390874177
borough_91__age_4,91,4,35-44,0.1507412618990158,True,borough_age,11,3,0.10212178327612054,0,8,91,35-44,Gradient Boosting,0.10212178327612054,0.10212178327612054,False,predicted_previous_year,10.212178327612055,-4.861947862289526
borough_91__age_5,91,5,45-54,0.2425852217747439,True,borough_age,11,3,0.12215764565241072,0,8,91,45-54,Gradient Boosting,0.12215764565241072,0.12215764565241072,False,predicted_previous_year,12.215764565241072,-12.042757612233318
borough_91__age_6,91,6,55-64,0.1023560787826209,True,borough_age,11,3,0.10212178327612054,0,8,91,55-64,Gradient Boosting,0.10212178327612054,0.10212178327612054,False,predicted_previous_year,10.212178327612055,-0.02342955065003649
borough_91__age_7,91,7,65-74,0.1450885133922393,True,borough_age,11,3,0.10212178327612054,0,8,91,65-74,Gradient Boosting,0.10212178327612054,0.10212178327612054,False,predicted_previous_year,10.212178327612055,-4.296673011611876
borough_91__age_8,91,8,75-84,0.0,True,borough_age,11,3,0.09488684547263461,0,8,91,75-84,Gradient Boosting,0.09488684547263461,0.09488684547263461,False,predicted_previous_year,9.48868454726346,9.48868454726346
borough_91__age_9,91,9,85+,0.0,True,borough_age,11,3,0.030881796315896357,0,8,91,85+,Gradient Boosting,0.030881796315896357,0.030881796315896357,False,predicted_previous_year,3.088179631589636,3.088179631589636
borough_9__age_2,9,2,16-24,0.136809436694503,True,borough_age,11,3,0.14690816616961425,0,8,9,16-24,Gradient Boosting,0.14690816616961425,0.14690816616961425,False,predicted_previous_year,14.690816616961424,1.0098729475111257
borough_9__age_3,9,3,25-34,0.1081380138760557,True,borough_age,11,3,0.10212178327612054,0,8,9,25-34,Gradient Boosting,0.10212178327612054,0.10212178327612054,False,predicted_previous_year,10.212178327612055,-0.6016230599935168
borough_9__age_4,9,4,35-44,0.0550442922120358,True,borough_age,11,3,0.10212178327612054,0,8,9,35-44,Gradient Boosting,0.10212178327612054,0.10212178327612054,False,predicted_previous_year,10.212178327612055,4.707749106408474
borough_9__age_5,9,5,45-54,0.1897830190002452,True,borough_age,11,3,0.12215764565241072,0,8,9,45-54,Gradient Boosting,0.12215764565241072,0.12215764565241072,False,predicted_previous_year,12.215764565241072,-6.762537334783447
borough_9__age_6,9,6,55-64,0.1332208563303927,True,borough_age,11,3,0.10212178327612054,0,8,9,55-64,Gradient Boosting,0.10212178327612054,0.10212178327612054,False,predicted_previous_year,10.212178327612055,-3.1099073054272175
borough_9__age_7,9,7,65-74,0.0971098758722614,True,borough_age,11,3,0.10212178327612054,0,8,9,65-74,Gradient Boosting,0.10212178327612054,0.10212178327612054,False,predicted_previous_year,10.212178327612055,0.5011907403859137
borough_9__age_8,9,8,75-84,0.1037085087559272,True,borough_age,11,3,0.09488684547263461,0,8,9,75-84,Gradient Boosting,0.09488684547263461,0.09488684547263461,False,predicted_previous_year,9.48868454726346,-0.8821663283292591
borough_9__age_9,9,9,85+,0.0,True,borough_age,11,3,0.030881796315896357,0,8,9,85+,Gradient Boosting,0.030881796315896357,0.030881796315896357,False,predicted_previous_year,3.088179631589636,3.088179631589636
borough_107__age_2,107,2,16-24,0.1830338869817772,True,borough_age,12,4,0.14690816616961425,0,9,107,16-24,Gradient Boosting,0.14690816616961425,0.14690816616961425,False,predicted_previous_year,14.690816616961424,-3.6125720812162947
borough_107__age_3,107,3,25-34,0.062170666090344,True,borough_age,12,4,0.10212178327612054,0,9,107,25-34,Gradient Boosting,0.10212178327612054,0.10212178327612054,False,predicted_previous_year,10.212178327612055,3.9951117185776535
borough_107__age_4,107,4,35-44,0.1498867779151033,True,borough_age,12,4,0.10212178327612054,0,9,107,35-44,Gradient Boosting,0.10212178327612054,0.10212178327612054,False,predicted_previous_year,10.212178327612055,-4.776499463898276
borough_107__age_5,107,5,45-54,0.1118530314589703,True,borough_age,12,4,0.12215764565241072,0,9,107,45-54,Gradient Boosting,0.12215764565241072,0.12215764565241072,False,predicted_previous_year,12.215764565241072,1.030461419344042
borough_107__age_6,107,6,55-64,0.1111960470819738,True,borough_age,12,4,0.10212178327612054,0,9,107,55-64,Gradient Boosting,0.10212178327612054,0.10212178327612054,False,predicted_previous_year,10.212178327612055,-0.9074263805853258
borough_107__age_7,107,7,65-74,0.1071708277366629,True,borough_age,12,4,0.10212178327612054,0,9,107,65-74,Gradient Boosting,0.10212178327612054,0.10212178327612054,False,predicted_previous_year,10.212178327612055,-0.5049044460542357
borough_107__age_8,107,8,75-84,0.0852003854696602,True,borough_age,12,4,0.09488684547263461,0,9,107,75-84,Gradient Boosting,0.09488684547263461,0.09488684547263461,False,predicted_previous_year,9.48868454726346,0.9686460002974406
borough_107__age_9,107,9,85+,0.0,True,borough_age,12,4,0.030881796315896357,0,9,107,85+,Gradient Boosting,0.030881796315896357,0.030881796315896357,False,predicted_previous_year,3.088179631589636,3.088179631589636
borough_109__age_2,109,2,16-24,0.1277280054326884,True,borough_age,12,4,0.14032712958412633,0,9,109,16-24,Gradient Boosting,0.14032712958412633,0.14032712958412633,False,predicted_previous_year,14.032712958412633,1.2599124151437935
borough_109__age_3,109,3,25-34,0.0969215685548594,True,borough_age,12,4,0.0955407466906326,0,9,109,25-34,Gradient Boosting,0.0955407466906326,0.0955407466906326,False,predicted_previous_year,9.55407466906326,-0.13808218642267917
borough_109__age_4,109,4,35-44,0.1080165143988063,True,borough_age,12,4,0.0955407466906326,0,9,109,35-44,Gradient Boosting,0.0955407466906326,0.0955407466906326,False,predicted_previous_year,9.55407466906326,-1.24757677081737
borough_109__age_5,109,5,45-54,0.1028343749638182,True,borough_age,12,4,0.11557660906692278,0,9,109,45-54,Gradient Boosting,0.11557660906692278,0.11557660906692278,False,predicted_previous_year,11.557660906692279,1.2742234103104586
borough_109__age_6,109,6,55-64,0.0892493756523148,True,borough_age,12,4,0.0955407466906326,0,9,109,55-64,Gradient Boosting,0.0955407466906326,0.0955407466906326,False,predicted_previous_year,9.55407466906326,0.6291371038317797
borough_109__age_7,109,7,65-74,0.0879778713050493,True,borough_age,12,4,0.0955407466906326,0,9,109,65-74,Gradient Boosting,0.0955407466906326,0.0955407466906326,False,predicted_previous_year,9.55407466906326,0.7562875385583299
borough_109__age_8,109,8,75-84,0.0,True,borough_age,12,4,0.08830580888714668,0,9,109,75-84,Gradient Boosting,0.08830580888714668,0.08830580888714668,False,predicted_previous_year,8.830580888714668,8.830580888714668
borough_109__age_9,109,9,85+,1.0,True,borough_age,12,4,0.02609000174931056,0,9,109,85+,Gradient Boosting,0.02609000174931056,0.02609000174931056,False,predicted_previous_year,2.609000174931056,-97.39099982506895
borough_112__age_2,112,2,16-24,0.2261142180682152,True,borough_age,12,4,0.14690816616961425,0,9,112,16-24,Gradient Boosting,0.14690816616961425,0.14690816616961425,False,predicted_previous_year,14.690816616961424,-7.920605189860094
borough_112__age_3,112,3,25-34,0.0640628486811424,True,borough_age,12,4,0.10212178327612054,0,9,112,25-34,Gradient Boosting,0.10212178327612054,0.10212178327612054,False,predicted_previous_year,10.212178327612055,3.8058934594978138
borough_112__age_4,112,4,35-44,0.0746204593332339,True,borough_age,12,4,0.10212178327612054,0,9,112,35-44,Gradient Boosting,0.10212178327612054,0.10212178327612054,False,predicted_previous_year,10.212178327612055,2.7501323942886637
borough_112__age_5,112,5,45-54,0.147227748110462,True,borough_age,12,4,0.12215764565241072,0,9,112,45-54,Gradient Boosting,0.12215764565241072,0.12215764565241072,False,predicted_previous_year,12.215764565241072,-2.5070102458051275
borough_112__age_6,112,6,55-64,0.0343414090032645,True,borough_age,12,4,0.10212178327612054,0,9,112,55-64,Gradient Boosting,0.10212178327612054,0.10212178327612054,False,predicted_previous_year,10.212178327612055,6.778037427285604
borough_112__age_7,112,7,65-74,0.1168822183638024,True,borough_age,12,4,0.10212178327612054,0,9,112,65-74,Gradient Boosting,0.10212178327612054,0.10212178327612054,False,predicted_previous_year,10.212178327612055,-1.4760435087681865
borough_112__age_8,112,8,75-84,0.0933306994127133,True,borough_age,12,4,0.09488684547263461,0,9,112,75-84,Gradient Boosting,0.09488684547263461,0.09488684547263461,False,predicted_previous_year,9.48868454726346,0.15561460599213123
borough_112__age_9,112,9,85+,0.0,True,borough_age,12,4,0.030881796315896357,0,9,112,85+,Gradient Boosting,0.030881796315896357,0.030881796315896357,False,predicted_previous_year,3.088179631589636,3.088179631589636
borough_114__age_2,114,2,16-24,0.2948982486889035,True,borough_age,12,4,0.14690816616961425,0,9,114,16-24,Gradient Boosting,0.14690816616961425,0.14690816616961425,False,predicted_previous_year,14.690816616961424,-14.799008251928928
borough_114__age_3,114,3,25-34,0.1028483577200946,True,borough_age,12,4,0.10212178327612054,0,9,114,25-34,Gradient Boosting,0.10212178327612054,0.10212178327612054,False,predicted_previous_year,10.212178327612055,-0.07265744439740596
borough_114__age_4,114,4,35-44,0.2136147467942589,True,borough_age,12,4,0.10212178327612054,0,9,114,35-44,Gradient Boosting,0.10212178327612054,0.10212178327612054,False,predicted_previous_year,10.212178327612055,-11.149296351813836
borough_114__age_5,114,5,45-54,0.1780346218589068,True,borough_age,12,4,0.12215764565241072,0,9,114,45-54,Gradient Boosting,0.12215764565241072,0.12215764565241072,False,predicted_previous_year,12.215764565241072,-5.587697620649609
borough_114__age_6,114,6,55-64,0.0694691139045843,True,borough_age,12,4,0.10212178327612054,0,9,114,55-64,Gradient Boosting,0.10212178327612054,0.10212178327612054,False,predicted_previous_year,10.212178327612055,3.265266937153624
borough_114__age_7,114,7,65-74,0.0457667051904853,True,borough_age,12,4,0.10212178327612054,0,9,114,65-74,Gradient Boosting,0.10212178327612054,0.10212178327612054,False,predicted_previous_year,10.212178327612055,5.635507808563524
borough_114__age_8,114,8,75-84,0.1682705246338149,True,borough_age,12,4,0.09488684547263461,0,9,114,75-84,Gradient Boosting,0.09488684547263461,0.09488684547263461,False,predicted_previous_year,9.48868454726346,-7.338367916118028
borough_114__age_9,114,9,85+,0.0,True,borough_age,12,4,0.030881796315896357,0,9,114,85+,Gradient Boosting,0.030881796315896357,0.030881796315896357,False,predicted_previous_year,3.088179631589636,3.088179631589636
borough_117__age_2,117,2,16-24,0.4203709770680243,True,borough_age,12,4,0.14690816616961425,0,9,117,16-24,Gradient Boosting,0.14690816616961425,0.14690816616961425,False,predicted_previous_year,14.690816616961424,-27.346281089841007
borough_117__age_3,117,3,25-34,0.1543324705532756,True,borough_age,12,4,0.10212178327612054,0,9,117,25-34,Gradient Boosting,0.10212178327612054,0.10212178327612054,False,predicted_previous_year,10.212178327612055,-5.2210687277155055
borough_117__age_4,117,4,35-44,0.2185199229122329,True,borough_age,12,4,0.10212178327612054,0,9,117,35-44,Gradient Boosting,0.10212178327612054,0.10212178327612054,False,predicted_previous_year,10.212178327612055,-11.639813963611237
borough_117__age_5,117,5,45-54,0.1084854084311771,True,borough_age,12,4,0.12215764565241072,0,9,117,45-54,Gradient Boosting,0.12215764565241072,0.12215764565241072,False,predicted_previous_year,12.215764565241072,1.3672237221233619
borough_117__age_6,117,6,55-64,0.1430798972872334,True,borough_age,12,4,0.10212178327612054,0,9,117,55-64,Gradient Boosting,0.10212178327612054,0.10212178327612054,False,predicted_previous_year,10.212178327612055,-4.095811401111285
borough_117__age_7,117,7,65-74,0.1122886513018232,True,borough_age,12,4,0.10212178327612054,0,9,117,65-74,Gradient Boosting,0.10212178327612054,0.10212178327612054,False,predicted_previous_year,10.212178327612055,-1.0166868025702658
borough_117__age_8,117,8,75-84,0.0779386456522035,True,borough_age,12,4,0.09488684547263461,0,9,117,75-84,Gradient Boosting,0.09488684547263461,0.09488684547263461,False,predicted_previous_year,9.48868454726346,1.694819982043111
borough_117__age_9,117,9,85+,0.0,True,borough_age,12,4,0.030881796315896357,0,9,117,85+,Gradient Boosting,0.030881796315896357,0.030881796315896357,False,predicted_previous_year,3.088179631589636,3.088179631589636
borough_122__age_2,122,2,16-24,0.3088608067401731,True,borough_age,12,4,0.14690816616961425,0,9,122,16-24,Gradient Boosting,0.14690816616961425,0.14690816616961425,False,predicted_previous_year,14.690816616961424,-16.195264057055883
borough_122__age_3,122,3,25-34,0.1442301087459172,True,borough_age,12,4,0.10212178327612054,0,9,122,25-34,Gradient Boosting,0.10212178327612054,0.10212178327612054,False,predicted_previous_year,10.212178327612055,-4.210832546979668
borough_122__age_4,122,4,35-44,0.0791386868878573,True,borough_age,12,4,0.10212178327612054,0,9,122,35-44,Gradient Boosting,0.10212178327612054,0.10212178327612054,False,predicted_previous_year,10.212178327612055,2.2983096388263236
borough_122__age_5,122,5,45-54,0.1158792440070687,True,borough_age,12,4,0.12215764565241072,0,9,122,45-54,Gradient Boosting,0.12215764565241072,0.12215764565241072,False,predicted_previous_year,12.215764565241072,0.6278401645342019
borough_122__age_6,122,6,55-64,0.0569546562253774,True,borough_age,12,4,0.10212178327612054,0,9,122,55-64,Gradient Boosting,0.10212178327612054,0.10212178327612054,False,predicted_previous_year,10.212178327612055,4.516712705074314
borough_122__age_7,122,7,65-74,0.0706687377129613,True,borough_age,12,4,0.10212178327612054,0,9,122,65-74,Gradient Boosting,0.10212178327612054,0.10212178327612054,False,predicted_previous_year,10.212178327612055,3.145304556315924
borough_122__age_8,122,8,75-84,0.0,True,borough_age,12,4,0.09488684547263461,0,9,122,75-84,Gradient Boosting,0.09488684547263461,0.09488684547263461,False,predicted_previous_year,9.48868454726346,9.48868454726346
borough_122__age_9,122,9,85+,0.0597454556181791,True,borough_age,12,4,0.030881796315896357,0,9,122,85+,Gradient Boosting,0.030881796315896357,0.030881796315896357,False,predicted_previous_year,3.088179631589636,-2.8863659302282745
borough_126__age_2,126,2,16-24,0.2083077469092099,True,borough_age,12,4,0.14690816616961425,0,9,126,16-24,Gradient Boosting,0.14690816616961425,0.14690816616961425,False,predicted_previous_year,14.690816616961424,-6.139958073959565
borough_126__age_3,126,3,25-34,0.1289908975060883,True,borough_age,12,4,0.10212178327612054,0,9,126,25-34,Gradient Boosting,0.10212178327612054,0.10212178327612054,False,predicted_previous_year,10.212178327612055,-2.6869114229967765
borough_126__age_4,126,4,35-44,0.1890814068594321,True,borough_age,12,4,0.10212178327612054,0,9,126,35-44,Gradient Boosting,0.10212178327612054,0.10212178327612054,False,predicted_previous_year,10.212178327612055,-8.695962358331155
borough_126__age_5,126,5,45-54,0.0832523963953507,True,borough_age,12,4,0.12215764565241072,0,9,126,45-54,Gradient Boosting,0.12215764565241072,0.12215764565241072,False,predicted_previous_year,12.215764565241072,3.8905249257060017
borough_126__age_6,126,6,55-64,0.0329659353536502,True,borough_age,12,4,0.10212178327612054,0,9,126,55-64,Gradient Boosting,0.10212178327612054,0.10212178327612054,False,predicted_previous_year,10.212178327612055,6.915584792247034
borough_126__age_7,126,7,65-74,0.0446104376346828,True,borough_age,12,4,0.10212178327612054,0,9,126,65-74,Gradient Boosting,0.10212178327612054,0.10212178327612054,False,predicted_previous_year,10.212178327612055,5.751134564143774
borough_126__age_8,126,8,75-84,0.1290739177744028,True,borough_age,12,4,0.09488684547263461,0,9,126,75-84,Gradient Boosting,0.09488684547263461,0.09488684547263461,False,predicted_previous_year,9.48868454726346,-3.4187072301768193
borough_126__age_9,126,9,85+,0.0,True,borough_age,12,4,0.030881796315896357,0,9,126,85+,Gradient Boosting,0.030881796315896357,0.030881796315896357,False,predicted_previous_year,3.088179631589636,3.088179631589636
borough_129__age_2,129,2,16-24,0.2038231836162495,True,borough_age,12,4,0.14690816616961425,0,9,129,16-24,Gradient Boosting,0.14690816616961425,0.14690816616961425,False,predicted_previous_year,14.690816616961424,-5.691501744663524
borough_129__age_3,129,3,25-34,0.3626871920377716,True,borough_age,12,4,0.10212178327612054,0,9,129,25-34,Gradient Boosting,0.10212178327612054,0.10212178327612054,False,predicted_previous_year,10.212178327612055,-26.05654087616511
borough_129__age_4,129,4,35-44,0.1693291010444767,True,borough_age,12,4,0.10212178327612054,0,9,129,35-44,Gradient Boosting,0.10212178327612054,0.10212178327612054,False,predicted_previous_year,10.212178327612055,-6.720731776835617
borough_129__age_5,129,5,45-54,0.2107794356419741,True,borough_age,12,4,0.12215764565241072,0,9,129,45-54,Gradient Boosting,0.12215764565241072,0.12215764565241072,False,predicted_previous_year,12.215764565241072,-8.862178998956338
borough_129__age_6,129,6,55-64,0.1583262841767176,True,borough_age,12,4,0.10212178327612054,0,9,129,55-64,Gradient Boosting,0.10212178327612054,0.10212178327612054,False,predicted_previous_year,10.212178327612055,-5.620450090059706
borough_129__age_7,129,7,65-74,0.0453793739367163,True,borough_age,12,4,0.10212178327612054,0,9,129,65-74,Gradient Boosting,0.10212178327612054,0.10212178327612054,False,predicted_previous_year,10.212178327612055,5.674240933940424
borough_129__age_8,129,8,75-84,0.0446931913421307,True,borough_age,12,4,0.09488684547263461,0,9,129,75-84,Gradient Boosting,0.09488684547263461,0.09488684547263461,False,predicted_previous_year,9.48868454726346,5.019365413050391
borough_129__age_9,129,9,85+,0.0,True,borough_age,12,4,0.030881796315896357,0,9,129,85+,Gradient Boosting,0.030881796315896357,0.030881796315896357,False,predicted_previous_year,3.088179631589636,3.088179631589636
borough_135__age_2,135,2,16-24,0.2465278382607494,True,borough_age,12,4,0.1466690549749913,0,9,135,16-24,Gradient Boosting,0.1466690549749913,0.1466690549749913,False,predicted_previous_year,14.66690549749913,-9.98587832857581
borough_135__age_3,135,3,25-34,0.101955094353257,True,borough_age,12,4,0.10188267208149762,0,9,135,25-34,Gradient Boosting,0.10188267208149762,0.10188267208149762,False,predicted_previous_year,10.188267208149762,-0.007242227175938143
borough_135__age_4,135,4,35-44,0.0281520798809513,True,borough_age,12,4,0.10188267208149762,0,9,135,35-44,Gradient Boosting,0.10188267208149762,0.10188267208149762,False,predicted_previous_year,10.188267208149762,7.373059220054631
borough_135__age_5,135,5,45-54,0.1799828139945925,True,borough_age,12,4,0.12215764565241072,0,9,135,45-54,Gradient Boosting,0.12215764565241072,0.12215764565241072,False,predicted_previous_year,12.215764565241072,-5.782516834218179
borough_135__age_6,135,6,55-64,0.0243647187736236,True,borough_age,12,4,0.10188267208149762,0,9,135,55-64,Gradient Boosting,0.10188267208149762,0.10188267208149762,False,predicted_previous_year,10.188267208149762,7.7517953307874015
borough_135__age_7,135,7,65-74,0.0514010004029078,True,borough_age,12,4,0.10188267208149762,0,9,135,65-74,Gradient Boosting,0.10188267208149762,0.10188267208149762,False,predicted_previous_year,10.188267208149762,5.048167167858982
borough_135__age_8,135,8,75-84,0.0,True,borough_age,12,4,0.0946477342780117,0,9,135,75-84,Gradient Boosting,0.0946477342780117,0.0946477342780117,False,predicted_previous_year,9.46477342780117,9.46477342780117
borough_135__age_9,135,9,85+,0.0,True,borough_age,12,4,0.030642685121273435,0,9,135,85+,Gradient Boosting,0.030642685121273435,0.030642685121273435,False,predicted_previous_year,3.0642685121273434,3.0642685121273434
borough_136__age_2,136,2,16-24,0.2175922027539195,True,borough_age,12,4,0.14690816616961425,0,9,136,16-24,Gradient Boosting,0.14690816616961425,0.14690816616961425,False,predicted_previous_year,14.690816616961424,-7.068403658430525
borough_136__age_3,136,3,25-34,0.0824747054000288,True,borough_age,12,4,0.10212178327612054,0,9,136,25-34,Gradient Boosting,0.10212178327612054,0.10212178327612054,False,predicted_previous_year,10.212178327612055,1.964707787609174
borough_136__age_4,136,4,35-44,0.0630906365390111,True,borough_age,12,4,0.10212178327612054,0,9,136,35-44,Gradient Boosting,0.10212178327612054,0.10212178327612054,False,predicted_previous_year,10.212178327612055,3.903114673710943
borough_136__age_5,136,5,45-54,0.1685184718437112,True,borough_age,12,4,0.12215764565241072,0,9,136,45-54,Gradient Boosting,0.12215764565241072,0.12215764565241072,False,predicted_previous_year,12.215764565241072,-4.636082619130047
borough_136__age_6,136,6,55-64,0.159178130394973,True,borough_age,12,4,0.10212178327612054,0,9,136,55-64,Gradient Boosting,0.10212178327612054,0.10212178327612054,False,predicted_previous_year,10.212178327612055,-5.705634711885247
borough_136__age_7,136,7,65-74,0.1216733013386517,True,borough_age,12,4,0.10212178327612054,0,9,136,65-74,Gradient Boosting,0.10212178327612054,0.10212178327612054,False,predicted_previous_year,10.212178327612055,-1.9551518062531166
borough_136__age_8,136,8,75-84,0.1458657405865573,True,borough_age,12,4,0.09488684547263461,0,9,136,75-84,Gradient Boosting,0.09488684547263461,0.09488684547263461,False,predicted_previous_year,9.48868454726346,-5.097889511392268
borough_136__age_9,136,9,85+,0.0,True,borough_age,12,4,0.030881796315896357,0,9,136,85+,Gradient Boosting,0.030881796315896357,0.030881796315896357,False,predicted_previous_year,3.088179631589636,3.088179631589636
borough_139__age_2,139,2,16-24,0.1534383211287253,True,borough_age,12,4,0.16009097588069765,0,9,139,16-24,Gradient Boosting,0.16009097588069765,0.16009097588069765,False,predicted_previous_year,16.009097588069764,0.6652654751972353
borough_139__age_3,139,3,25-34,0.04508984807017,True,borough_age,12,4,0.11530459298720373,0,9,139,25-34,Gradient Boosting,0.11530459298720373,0.11530459298720373,False,predicted_previous_year,11.530459298720373,7.021474491703374
borough_139__age_4,139,4,35-44,0.1097617771672394,True,borough_age,12,4,0.11530459298720373,0,9,139,35-44,Gradient Boosting,0.11530459298720373,0.11530459298720373,False,predicted_previous_year,11.530459298720373,0.554281581996434
borough_139__age_5,139,5,45-54,0.2060378424376823,True,borough_age,12,4,0.13534045536349398,0,9,139,45-54,Gradient Boosting,0.13534045536349398,0.13534045536349398,False,predicted_previous_year,13.534045536349398,-7.069738707418832
borough_139__age_6,139,6,55-64,0.1327867803940149,True,borough_age,12,4,0.11530459298720373,0,9,139,55-64,Gradient Boosting,0.11530459298720373,0.11530459298720373,False,predicted_previous_year,11.530459298720373,-1.7482187406811165
borough_139__age_7,139,7,65-74,0.2070629046159895,True,borough_age,12,4,0.11530459298720373,0,9,139,65-74,Gradient Boosting,0.11530459298720373,0.11530459298720373,False,predicted_previous_year,11.530459298720373,-9.175831162878577
borough_139__age_8,139,8,75-84,0.0289270261100099,True,borough_age,12,4,0.1080696551837178,0,9,139,75-84,Gradient Boosting,0.1080696551837178,0.1080696551837178,False,predicted_previous_year,10.806965518371781,7.914262907370791
borough_139__age_9,139,9,85+,0.0,True,borough_age,12,4,0.04406460602697961,0,9,139,85+,Gradient Boosting,0.04406460602697961,0.04406460602697961,False,predicted_previous_year,4.406460602697961,4.406460602697961
borough_142__age_2,142,2,16-24,0.1179773923898176,True,borough_age,12,4,0.14690816616961425,0,9,142,16-24,Gradient Boosting,0.14690816616961425,0.14690816616961425,False,predicted_previous_year,14.690816616961424,2.8930773779796652
borough_142__age_3,142,3,25-34,0.0944592262749701,True,borough_age,12,4,0.10212178327612054,0,9,142,25-34,Gradient Boosting,0.10212178327612054,0.10212178327612054,False,predicted_previous_year,10.212178327612055,0.7662557001150441
borough_142__age_4,142,4,35-44,0.1163002998769874,True,borough_age,12,4,0.10212178327612054,0,9,142,35-44,Gradient Boosting,0.10212178327612054,0.10212178327612054,False,predicted_previous_year,10.212178327612055,-1.417851660086686
borough_142__age_5,142,5,45-54,0.099083836734993,True,borough_age,12,4,0.12215764565241072,0,9,142,45-54,Gradient Boosting,0.12215764565241072,0.12215764565241072,False,predicted_previous_year,12.215764565241072,2.3073808917417713
borough_142__age_6,142,6,55-64,0.0173559166149571,True,borough_age,12,4,0.10212178327612054,0,9,142,55-64,Gradient Boosting,0.10212178327612054,0.10212178327612054,False,predicted_previous_year,10.212178327612055,8.476586666116344
borough_142__age_7,142,7,65-74,0.1411451587789903,True,borough_age,12,4,0.10212178327612054,0,9,142,65-74,Gradient Boosting,0.10212178327612054,0.10212178327612054,False,predicted_previous_year,10.212178327612055,-3.902337550286977
borough_142__age_8,142,8,75-84,0.1104523680973588,True,borough_age,12,4,0.09488684547263461,0,9,142,75-84,Gradient Boosting,0.09488684547263461,0.09488684547263461,False,predicted_previous_year,9.48868454726346,-1.5565522624724188
borough_142__age_9,142,9,85+,0.0,True,borough_age,12,4,0.030881796315896357,0,9,142,85+,Gradient Boosting,0.030881796315896357,0.030881796315896357,False,predicted_previous_year,3.088179631589636,3.088179631589636
borough_147__age_2,147,2,16-24,0.196398297399681,True,borough_age,12,4,0.14690816616961425,0,9,147,16-24,Gradient Boosting,0.14690816616961425,0.14690816616961425,False,predicted_previous_year,14.690816616961424,-4.949013123006677
borough_147__age_3,147,3,25-34,0.0993770353495688,True,borough_age,12,4,0.10212178327612054,0,9,147,25-34,Gradient Boosting,0.10212178327612054,0.10212178327612054,False,predicted_previous_year,10.212178327612055,0.274474792655173
borough_147__age_4,147,4,35-44,0.1112160838467972,True,borough_age,12,4,0.10212178327612054,0,9,147,35-44,Gradient Boosting,0.10212178327612054,0.10212178327612054,False,predicted_previous_year,10.212178327612055,-0.9094300570676659
borough_147__age_5,147,5,45-54,0.0742297569563128,True,borough_age,12,4,0.12215764565241072,0,9,147,45-54,Gradient Boosting,0.12215764565241072,0.12215764565241072,False,predicted_previous_year,12.215764565241072,4.792788869609792
borough_147__age_6,147,6,55-64,0.1531209759135563,True,borough_age,12,4,0.10212178327612054,0,9,147,55-64,Gradient Boosting,0.10212178327612054,0.10212178327612054,False,predicted_previous_year,10.212178327612055,-5.099919263743577
borough_147__age_7,147,7,65-74,0.189779234514427,True,borough_age,12,4,0.10212178327612054,0,9,147,65-74,Gradient Boosting,0.10212178327612054,0.10212178327612054,False,predicted_previous_year,10.212178327612055,-8.765745123830646
borough_147__age_8,147,8,75-84,0.0,True,borough_age,12,4,0.09488684547263461,0,9,147,75-84,Gradient Boosting,0.09488684547263461,0.09488684547263461,False,predicted_previous_year,9.48868454726346,9.48868454726346
borough_147__age_9,147,9,85+,0.0,True,borough_age,12,4,0.030881796315896357,0,9,147,85+,Gradient Boosting,0.030881796315896357,0.030881796315896357,False,predicted_previous_year,3.088179631589636,3.088179631589636
borough_160__age_2,160,2,16-24,0.0916932925465047,True,borough_age,12,4,0.14690816616961425,0,9,160,16-24,Gradient Boosting,0.14690816616961425,0.14690816616961425,False,predicted_previous_year,14.690816616961424,5.521487362310955
borough_160__age_3,160,3,25-34,0.0969066096579196,True,borough_age,12,4,0.10212178327612054,0,9,160,25-34,Gradient Boosting,0.10212178327612054,0.10212178327612054,False,predicted_previous_year,10.212178327612055,0.5215173618200939
borough_160__age_4,160,4,35-44,0.1120261529828093,True,borough_age,12,4,0.10212178327612054,0,9,160,35-44,Gradient Boosting,0.10212178327612054,0.10212178327612054,False,predicted_previous_year,10.212178327612055,-0.9904369706688759
borough_160__age_5,160,5,45-54,0.1807579552473695,True,borough_age,12,4,0.12215764565241072,0,9,160,45-54,Gradient Boosting,0.12215764565241072,0.12215764565241072,False,predicted_previous_year,12.215764565241072,-5.860030959495879
borough_160__age_6,160,6,55-64,0.191995511675405,True,borough_age,12,4,0.10212178327612054,0,9,160,55-64,Gradient Boosting,0.10212178327612054,0.10212178327612054,False,predicted_previous_year,10.212178327612055,-8.987372839928446
borough_160__age_7,160,7,65-74,0.1412572610227118,True,borough_age,12,4,0.10212178327612054,0,9,160,65-74,Gradient Boosting,0.10212178327612054,0.10212178327612054,False,predicted_previous_year,10.212178327612055,-3.9135477746591265
borough_160__age_8,160,8,75-84,0.2536783312980147,True,borough_age,12,4,0.09488684547263461,0,9,160,75-84,Gradient Boosting,0.09488684547263461,0.09488684547263461,False,predicted_previous_year,9.48868454726346,-15.879148582538011
borough_160__age_9,160,9,85+,0.0,True,borough_age,12,4,0.030881796315896357,0,9,160,85+,Gradient Boosting,0.030881796315896357,0.030881796315896357,False,predicted_previous_year,3.088179631589636,3.088179631589636
borough_171__age_2,171,2,16-24,0.1246471577536642,True,borough_age,12,4,0.14690816616961425,0,9,171,16-24,Gradient Boosting,0.14690816616961425,0.14690816616961425,False,predicted_previous_year,14.690816616961424,2.226100841595005
borough_171__age_3,171,3,25-34,0.131947085239157,True,borough_age,12,4,0.10212178327612054,0,9,171,25-34,Gradient Boosting,0.10212178327612054,0.10212178327612054,False,predicted_previous_year,10.212178327612055,-2.9825301963036455
borough_171__age_4,171,4,35-44,0.1348130539703271,True,borough_age,12,4,0.10212178327612054,0,9,171,35-44,Gradient Boosting,0.10212178327612054,0.10212178327612054,False,predicted_previous_year,10.212178327612055,-3.269127069420658
borough_171__age_5,171,5,45-54,0.1209898796757911,True,borough_age,12,4,0.12215764565241072,0,9,171,45-54,Gradient Boosting,0.12215764565241072,0.12215764565241072,False,predicted_previous_year,12.215764565241072,0.11677659766196197
borough_171__age_6,171,6,55-64,0.131849246369915,True,borough_age,12,4,0.10212178327612054,0,9,171,55-64,Gradient Boosting,0.10212178327612054,0.10212178327612054,False,predicted_previous_year,10.212178327612055,-2.9727463093794455
borough_171__age_7,171,7,65-74,0.1688574634382696,True,borough_age,12,4,0.10212178327612054,0,9,171,65-74,Gradient Boosting,0.10212178327612054,0.10212178327612054,False,predicted_previous_year,10.212178327612055,-6.673568016214906
borough_171__age_8,171,8,75-84,0.2390540445425562,True,borough_age,12,4,0.09488684547263461,0,9,171,75-84,Gradient Boosting,0.09488684547263461,0.09488684547263461,False,predicted_previous_year,9.48868454726346,-14.41671990699216
borough_171__age_9,171,9,85+,0.0,True,borough_age,12,4,0.030881796315896357,0,9,171,85+,Gradient Boosting,0.030881796315896357,0.030881796315896357,False,predicted_previous_year,3.088179631589636,3.088179631589636
borough_17__age_2,17,2,16-24,0.139009438983777,True,borough_age,12,4,0.14690816616961425,0,9,17,16-24,Gradient Boosting,0.14690816616961425,0.14690816616961425,False,predicted_previous_year,14.690816616961424,0.7898727185837257
borough_17__age_3,17,3,25-34,0.0745490192337595,True,borough_age,12,4,0.10212178327612054,0,9,17,25-34,Gradient Boosting,0.10212178327612054,0.10212178327612054,False,predicted_previous_year,10.212178327612055,2.7572764042361033
borough_17__age_4,17,4,35-44,0.1261271779449969,True,borough_age,12,4,0.10212178327612054,0,9,17,35-44,Gradient Boosting,0.10212178327612054,0.10212178327612054,False,predicted_previous_year,10.212178327612055,-2.4005394668876354
borough_17__age_5,17,5,45-54,0.06627607213547,True,borough_age,12,4,0.12215764565241072,0,9,17,45-54,Gradient Boosting,0.12215764565241072,0.12215764565241072,False,predicted_previous_year,12.215764565241072,5.588157351694072
borough_17__age_6,17,6,55-64,0.1467705596247256,True,borough_age,12,4,0.10212178327612054,0,9,17,55-64,Gradient Boosting,0.10212178327612054,0.10212178327612054,False,predicted_previous_year,10.212178327612055,-4.464877634860506
borough_17__age_7,17,7,65-74,0.1660897663475511,True,borough_age,12,4,0.10212178327612054,0,9,17,65-74,Gradient Boosting,0.10212178327612054,0.10212178327612054,False,predicted_previous_year,10.212178327612055,-6.396798307143056
borough_17__age_8,17,8,75-84,0.2227202598222299,True,borough_age,12,4,0.09488684547263461,0,9,17,75-84,Gradient Boosting,0.09488684547263461,0.09488684547263461,False,predicted_previous_year,9.48868454726346,-12.783341434959528
borough_17__age_9,17,9,85+,0.0,True,borough_age,12,4,0.030881796315896357,0,9,17,85+,Gradient Boosting,0.030881796315896357,0.030881796315896357,False,predicted_previous_year,3.088179631589636,3.088179631589636
borough_196__age_2,196,2,16-24,0.2534289737115014,True,borough_age,12,4,0.14690816616961425,0,9,196,16-24,Gradient Boosting,0.14690816616961425,0.14690816616961425,False,predicted_previous_year,14.690816616961424,-10.652080754188717
borough_196__age_3,196,3,25-34,0.1287583780717256,True,borough_age,12,4,0.10212178327612054,0,9,196,25-34,Gradient Boosting,0.10212178327612054,0.10212178327612054,False,predicted_previous_year,10.212178327612055,-2.663659479560507
borough_196__age_4,196,4,35-44,0.1345358820138205,True,borough_age,12,4,0.10212178327612054,0,9,196,35-44,Gradient Boosting,0.10212178327612054,0.10212178327612054,False,predicted_previous_year,10.212178327612055,-3.241409873769996
borough_196__age_5,196,5,45-54,0.0634309159499543,True,borough_age,12,4,0.12215764565241072,0,9,196,45-54,Gradient Boosting,0.12215764565241072,0.12215764565241072,False,predicted_previous_year,12.215764565241072,5.872672970245642
borough_196__age_6,196,6,55-64,0.1335591128580651,True,borough_age,12,4,0.10212178327612054,0,9,196,55-64,Gradient Boosting,0.10212178327612054,0.10212178327612054,False,predicted_previous_year,10.212178327612055,-3.143732958194456
borough_196__age_7,196,7,65-74,0.1256069508551165,True,borough_age,12,4,0.10212178327612054,0,9,196,65-74,Gradient Boosting,0.10212178327612054,0.10212178327612054,False,predicted_previous_year,10.212178327612055,-2.3485167578995965
borough_196__age_8,196,8,75-84,0.0,True,borough_age,12,4,0.09488684547263461,0,9,196,75-84,Gradient Boosting,0.09488684547263461,0.09488684547263461,False,predicted_previous_year,9.48868454726346,9.48868454726346
borough_196__age_9,196,9,85+,0.0,True,borough_age,12,4,0.030881796315896357,0,9,196,85+,Gradient Boosting,0.030881796315896357,0.030881796315896357,False,predicted_previous_year,3.088179631589636,3.088179631589636
borough_201__age_2,201,2,16-24,0.0795047643908059,True,borough_age,12,4,0.16698792962481301,0,9,201,16-24,Gradient Boosting,0.16698792962481301,0.16698792962481301,False,predicted_previous_year,16.698792962481303,8.748316523400712
borough_201__age_3,201,3,25-34,0.1716714996357737,True,borough_age,12,4,0.12458656197166748,0,9,201,25-34,Gradient Boosting,0.12458656197166748,0.12458656197166748,False,predicted_previous_year,12.458656197166748,-4.708493766410621
borough_201__age_4,201,4,35-44,0.0722774722963231,True,borough_age,12,4,0.12458656197166748,0,9,201,35-44,Gradient Boosting,0.12458656197166748,0.12458656197166748,False,predicted_previous_year,12.458656197166748,5.230908967534438
borough_201__age_5,201,5,45-54,0.2574666429442293,True,borough_age,12,4,0.14462242434795763,0,9,201,45-54,Gradient Boosting,0.14462242434795763,0.14462242434795763,False,predicted_previous_year,14.462242434795764,-11.284421859627164
borough_201__age_6,201,6,55-64,0.2103700230167736,True,borough_age,12,4,0.12458656197166748,0,9,201,55-64,Gradient Boosting,0.12458656197166748,0.12458656197166748,False,predicted_previous_year,12.458656197166748,-8.578346104510612
borough_201__age_7,201,7,65-74,0.1972325953097849,True,borough_age,12,4,0.12458656197166748,0,9,201,65-74,Gradient Boosting,0.12458656197166748,0.12458656197166748,False,predicted_previous_year,12.458656197166748,-7.264603333811742
borough_201__age_8,201,8,75-84,0.0885446603927944,True,borough_age,12,4,0.11735162416818155,0,9,201,75-84,Gradient Boosting,0.11735162416818155,0.11735162416818155,False,predicted_previous_year,11.735162416818156,2.880696377538715
borough_201__age_9,201,9,85+,0.7818935248331759,True,borough_age,12,4,0.05508131390845019,0,9,201,85+,Gradient Boosting,0.05508131390845019,0.05508131390845019,False,predicted_previous_year,5.508131390845019,-72.68122109247257
borough_241__age_2,241,2,16-24,0.0678208213580317,True,borough_age,12,4,0.14690816616961425,0,9,241,16-24,Gradient Boosting,0.14690816616961425,0.14690816616961425,False,predicted_previous_year,14.690816616961424,7.9087344811582545
borough_241__age_3,241,3,25-34,0.058794743636458,True,borough_age,12,4,0.10212178327612054,0,9,241,25-34,Gradient Boosting,0.10212178327612054,0.10212178327612054,False,predicted_previous_year,10.212178327612055,4.332703963966254
borough_241__age_4,241,4,35-44,0.0988392386795421,True,borough_age,12,4,0.10212178327612054,0,9,241,35-44,Gradient Boosting,0.10212178327612054,0.10212178327612054,False,predicted_previous_year,10.212178327612055,0.3282544596578438
borough_241__age_5,241,5,45-54,0.2269102052722818,True,borough_age,12,4,0.12215764565241072,0,9,241,45-54,Gradient Boosting,0.12215764565241072,0.12215764565241072,False,predicted_previous_year,12.215764565241072,-10.47525596198711
borough_241__age_6,241,6,55-64,0.240593405099986,True,borough_age,12,4,0.10212178327612054,0,9,241,55-64,Gradient Boosting,0.10212178327612054,0.10212178327612054,False,predicted_previous_year,10.212178327612055,-13.847162182386546
borough_241__age_7,241,7,65-74,0.1377936830547056,True,borough_age,12,4,0.10212178327612054,0,9,241,65-74,Gradient Boosting,0.10212178327612054,0.10212178327612054,False,predicted_previous_year,10.212178327612055,-3.5671899778585066
borough_241__age_8,241,8,75-84,0.1162083472473376,True,borough_age,12,4,0.09488684547263461,0,9,241,75-84,Gradient Boosting,0.09488684547263461,0.09488684547263461,False,predicted_previous_year,9.48868454726346,-2.132150177470299
borough_241__age_9,241,9,85+,0.0,True,borough_age,12,4,0.030881796315896357,0,9,241,85+,Gradient Boosting,0.030881796315896357,0.030881796315896357,False,predicted_previous_year,3.088179631589636,3.088179631589636
borough_255__age_2,255,2,16-24,0.10154156428364,True,borough_age,12,4,0.14690816616961425,0,9,255,16-24,Gradient Boosting,0.14690816616961425,0.14690816616961425,False,predicted_previous_year,14.690816616961424,4.536660188597424
borough_255__age_3,255,3,25-34,0.1653902954434869,True,borough_age,12,4,0.10212178327612054,0,9,255,25-34,Gradient Boosting,0.10212178327612054,0.10212178327612054,False,predicted_previous_year,10.212178327612055,-6.326851216736637
borough_255__age_4,255,4,35-44,0.0400467641552663,True,borough_age,12,4,0.10212178327612054,0,9,255,35-44,Gradient Boosting,0.10212178327612054,0.10212178327612054,False,predicted_previous_year,10.212178327612055,6.207501912085424
borough_255__age_5,255,5,45-54,0.1729712370386921,True,borough_age,12,4,0.12215764565241072,0,9,255,45-54,Gradient Boosting,0.12215764565241072,0.12215764565241072,False,predicted_previous_year,12.215764565241072,-5.081359138628139
borough_255__age_6,255,6,55-64,0.0784551299863328,True,borough_age,12,4,0.10212178327612054,0,9,255,55-64,Gradient Boosting,0.10212178327612054,0.10212178327612054,False,predicted_previous_year,10.212178327612055,2.3666653289787734
borough_255__age_7,255,7,65-74,0.1526496728991635,True,borough_age,12,4,0.10212178327612054,0,9,255,65-74,Gradient Boosting,0.10212178327612054,0.10212178327612054,False,predicted_previous_year,10.212178327612055,-5.052788962304297
borough_255__age_8,255,8,75-84,0.156207659709548,True,borough_age,12,4,0.09488684547263461,0,9,255,75-84,Gradient Boosting,0.09488684547263461,0.09488684547263461,False,predicted_previous_year,9.48868454726346,-6.132081423691339
borough_255__age_9,255,9,85+,0.0,True,borough_age,12,4,0.030881796315896357,0,9,255,85+,Gradient Boosting,0.030881796315896357,0.030881796315896357,False,predicted_previous_year,3.088179631589636,3.088179631589636
borough_272__age_2,272,2,16-24,0.0800107671240446,True,borough_age,12,4,0.1284622367536837,0,9,272,16-24,Gradient Boosting,0.1284622367536837,0.1284622367536837,False,predicted_previous_year,12.846223675368371,4.84514696296391
borough_272__age_3,272,3,25-34,0.108482865604089,True,borough_age,12,4,0.08640738593431602,0,9,272,25-34,Gradient Boosting,0.08640738593431602,0.08640738593431602,False,predicted_previous_year,8.640738593431601,-2.207547966977298
borough_272__age_4,272,4,35-44,0.1605400522145847,True,borough_age,12,4,0.08640738593431602,0,9,272,35-44,Gradient Boosting,0.08640738593431602,0.08640738593431602,False,predicted_previous_year,8.640738593431601,-7.413266628026868
borough_272__age_5,272,5,45-54,0.1180466658637206,True,borough_age,12,4,0.10517679821440074,0,9,272,45-54,Gradient Boosting,0.10517679821440074,0.10517679821440074,False,predicted_previous_year,10.517679821440073,-1.2869867649319868
borough_272__age_6,272,6,55-64,0.102922918114901,True,borough_age,12,4,0.08640738593431602,0,9,272,55-64,Gradient Boosting,0.08640738593431602,0.08640738593431602,False,predicted_previous_year,8.640738593431601,-1.6515532180584978
borough_272__age_7,272,7,65-74,0.1043646259817551,True,borough_age,12,4,0.08640738593431602,0,9,272,65-74,Gradient Boosting,0.08640738593431602,0.08640738593431602,False,predicted_previous_year,8.640738593431601,-1.795724004743908
borough_272__age_8,272,8,75-84,0.0,True,borough_age,12,4,0.07917244813083009,0,9,272,75-84,Gradient Boosting,0.07917244813083009,0.07917244813083009,False,predicted_previous_year,7.917244813083009,7.917244813083009
borough_272__age_9,272,9,85+,0.0,True,borough_age,12,4,0.0190375144635297,0,9,272,85+,Gradient Boosting,0.0190375144635297,0.0190375144635297,False,predicted_previous_year,1.90375144635297,1.90375144635297
borough_279__age_2,279,2,16-24,0.1177890234741966,True,borough_age,12,4,0.14690816616961425,0,9,279,16-24,Gradient Boosting,0.14690816616961425,0.14690816616961425,False,predicted_previous_year,14.690816616961424,2.911914269541764
borough_279__age_3,279,3,25-34,0.098155003333648,True,borough_age,12,4,0.10212178327612054,0,9,279,25-34,Gradient Boosting,0.10212178327612054,0.10212178327612054,False,predicted_previous_year,10.212178327612055,0.3966779942472534
borough_279__age_4,279,4,35-44,0.0596788601176883,True,borough_age,12,4,0.10212178327612054,0,9,279,35-44,Gradient Boosting,0.10212178327612054,0.10212178327612054,False,predicted_previous_year,10.212178327612055,4.244292315843224
borough_279__age_5,279,5,45-54,0.2231357785425123,True,borough_age,12,4,0.12215764565241072,0,9,279,45-54,Gradient Boosting,0.12215764565241072,0.12215764565241072,False,predicted_previous_year,12.215764565241072,-10.097813289010157
borough_279__age_6,279,6,55-64,0.0821393232373831,True,borough_age,12,4,0.10212178327612054,0,9,279,55-64,Gradient Boosting,0.10212178327612054,0.10212178327612054,False,predicted_previous_year,10.212178327612055,1.9982460038737437
borough_279__age_7,279,7,65-74,0.117766199343256,True,borough_age,12,4,0.10212178327612054,0,9,279,65-74,Gradient Boosting,0.10212178327612054,0.10212178327612054,False,predicted_previous_year,10.212178327612055,-1.5644416067135458
borough_279__age_8,279,8,75-84,0.2455551595848398,True,borough_age,12,4,0.09488684547263461,0,9,279,75-84,Gradient Boosting,0.09488684547263461,0.09488684547263461,False,predicted_previous_year,9.48868454726346,-15.066831411220521
borough_279__age_9,279,9,85+,0.0,True,borough_age,12,4,0.030881796315896357,0,9,279,85+,Gradient Boosting,0.030881796315896357,0.030881796315896357,False,predicted_previous_year,3.088179631589636,3.088179631589636
borough_280__age_2,280,2,16-24,0.2175199221667134,True,borough_age,12,4,0.14690816616961425,0,9,280,16-24,Gradient Boosting,0.14690816616961425,0.14690816616961425,False,predicted_previous_year,14.690816616961424,-7.061175599709915
borough_280__age_3,280,3,25-34,0.1785339472504633,True,borough_age,12,4,0.10212178327612054,0,9,280,25-34,Gradient Boosting,0.10212178327612054,0.10212178327612054,False,predicted_previous_year,10.212178327612055,-7.641216397434275
borough_280__age_4,280,4,35-44,0.1382975799349419,True,borough_age,12,4,0.10212178327612054,0,9,280,35-44,Gradient Boosting,0.10212178327612054,0.10212178327612054,False,predicted_previous_year,10.212178327612055,-3.617579665882137
borough_280__age_5,280,5,45-54,0.1736348527952486,True,borough_age,12,4,0.12215764565241072,0,9,280,45-54,Gradient Boosting,0.12215764565241072,0.12215764565241072,False,predicted_previous_year,12.215764565241072,-5.147720714283787
borough_280__age_6,280,6,55-64,0.1195770285800361,True,borough_age,12,4,0.10212178327612054,0,9,280,55-64,Gradient Boosting,0.10212178327612054,0.10212178327612054,False,predicted_previous_year,10.212178327612055,-1.7455245303915568
borough_280__age_7,280,7,65-74,0.1180429834185273,True,borough_age,12,4,0.10212178327612054,0,9,280,65-74,Gradient Boosting,0.10212178327612054,0.10212178327612054,False,predicted_previous_year,10.212178327612055,-1.5921200142406764
borough_280__age_8,280,8,75-84,0.0,True,borough_age,12,4,0.09488684547263461,0,9,280,75-84,Gradient Boosting,0.09488684547263461,0.09488684547263461,False,predicted_previous_year,9.48868454726346,9.48868454726346
borough_280__age_9,280,9,85+,,False,borough_age,12,4,0.030881796315896357,0,9,280,85+,Gradient Boosting,0.030881796315896357,0.030881796315896357,False,predicted_previous_year,3.088179631589636,
borough_293__age_2,293,2,16-24,0.0365913804747428,True,borough_age,12,4,0.14690816616961425,0,9,293,16-24,Gradient Boosting,0.14690816616961425,0.14690816616961425,False,predicted_previous_year,14.690816616961424,11.031678569487143
borough_293__age_3,293,3,25-34,0.053495384684282,True,borough_age,12,4,0.10212178327612054,0,9,293,25-34,Gradient Boosting,0.10212178327612054,0.10212178327612054,False,predicted_previous_year,10.212178327612055,4.8626398591838536
borough_293__age_4,293,4,35-44,0.0848082016959178,True,borough_age,12,4,0.10212178327612054,0,9,293,35-44,Gradient Boosting,0.10212178327612054,0.10212178327612054,False,predicted_previous_year,10.212178327612055,1.7313581580202742
borough_293__age_5,293,5,45-54,0.0425853298342185,True,borough_age,12,4,0.12215764565241072,0,9,293,45-54,Gradient Boosting,0.12215764565241072,0.12215764565241072,False,predicted_previous_year,12.215764565241072,7.957231581819221
borough_293__age_6,293,6,55-64,0.0,True,borough_age,12,4,0.10212178327612054,0,9,293,55-64,Gradient Boosting,0.10212178327612054,0.10212178327612054,False,predicted_previous_year,10.212178327612055,10.212178327612055
borough_293__age_7,293,7,65-74,0.1629366382871322,True,borough_age,12,4,0.10212178327612054,0,9,293,65-74,Gradient Boosting,0.10212178327612054,0.10212178327612054,False,predicted_previous_year,10.212178327612055,-6.081485501101167
borough_293__age_8,293,8,75-84,0.0748730696240282,True,borough_age,12,4,0.09488684547263461,0,9,293,75-84,Gradient Boosting,0.09488684547263461,0.09488684547263461,False,predicted_previous_year,9.48868454726346,2.0013775848606405
borough_293__age_9,293,9,85+,0.2982452615080974,True,borough_age,12,4,0.030881796315896357,0,9,293,85+,Gradient Boosting,0.030881796315896357,0.030881796315896357,False,predicted_previous_year,3.088179631589636,-26.7363465192201
borough_30__age_2,30,2,16-24,0.1266815448805876,True,borough_age,12,4,0.14690816616961425,0,9,30,16-24,Gradient Boosting,0.14690816616961425,0.14690816616961425,False,predicted_previous_year,14.690816616961424,2.0226621289026636
borough_30__age_3,30,3,25-34,0.1296019095741521,True,borough_age,12,4,0.10212178327612054,0,9,30,25-34,Gradient Boosting,0.10212178327612054,0.10212178327612054,False,predicted_previous_year,10.212178327612055,-2.7480126298031564
borough_30__age_4,30,4,35-44,0.0409930661080003,True,borough_age,12,4,0.10212178327612054,0,9,30,35-44,Gradient Boosting,0.10212178327612054,0.10212178327612054,False,predicted_previous_year,10.212178327612055,6.112871716812024
borough_30__age_5,30,5,45-54,0.0481665298293294,True,borough_age,12,4,0.12215764565241072,0,9,30,45-54,Gradient Boosting,0.12215764565241072,0.12215764565241072,False,predicted_previous_year,12.215764565241072,7.399111582308132
borough_30__age_6,30,6,55-64,0.2185169709253583,True,borough_age,12,4,0.10212178327612054,0,9,30,55-64,Gradient Boosting,0.10212178327612054,0.10212178327612054,False,predicted_previous_year,10.212178327612055,-11.639518764923777
borough_30__age_7,30,7,65-74,0.1102813234421443,True,borough_age,12,4,0.10212178327612054,0,9,30,65-74,Gradient Boosting,0.10212178327612054,0.10212178327612054,False,predicted_previous_year,10.212178327612055,-0.8159540166023758
borough_30__age_8,30,8,75-84,0.0,True,borough_age,12,4,0.09488684547263461,0,9,30,75-84,Gradient Boosting,0.09488684547263461,0.09488684547263461,False,predicted_previous_year,9.48868454726346,9.48868454726346
borough_30__age_9,30,9,85+,0.0,True,borough_age,12,4,0.030881796315896357,0,9,30,85+,Gradient Boosting,0.030881796315896357,0.030881796315896357,False,predicted_previous_year,3.088179631589636,3.088179631589636
borough_35__age_2,35,2,16-24,0.1329437810320942,True,borough_age,12,4,0.15685178274018832,0,9,35,16-24,Gradient Boosting,0.15685178274018832,0.15685178274018832,False,predicted_previous_year,15.685178274018833,2.3908001708094124
borough_35__age_3,35,3,25-34,0.1199166965134612,True,borough_age,12,4,0.11206539984669449,0,9,35,25-34,Gradient Boosting,0.11206539984669449,0.11206539984669449,False,predicted_previous_year,11.20653998466945,-0.7851296666766705
borough_35__age_4,35,4,35-44,0.1747605590951717,True,borough_age,12,4,0.11206539984669449,0,9,35,35-44,Gradient Boosting,0.11206539984669449,0.11206539984669449,False,predicted_previous_year,11.20653998466945,-6.269515924847722
borough_35__age_5,35,5,45-54,0.1348480143636899,True,borough_age,12,4,0.13210126222298468,0,9,35,45-54,Gradient Boosting,0.13210126222298468,0.13210126222298468,False,predicted_previous_year,13.210126222298468,-0.27467521407052164
borough_35__age_6,35,6,55-64,0.0630826112710657,True,borough_age,12,4,0.11206539984669449,0,9,35,55-64,Gradient Boosting,0.11206539984669449,0.11206539984669449,False,predicted_previous_year,11.20653998466945,4.89827885756288
borough_35__age_7,35,7,65-74,0.1554150669857758,True,borough_age,12,4,0.11206539984669449,0,9,35,65-74,Gradient Boosting,0.11206539984669449,0.11206539984669449,False,predicted_previous_year,11.20653998466945,-4.334966713908132
borough_35__age_8,35,8,75-84,0.1911425029081757,True,borough_age,12,4,0.1094391655402427,0,9,35,75-84,Gradient Boosting,0.1094391655402427,0.1094391655402427,False,predicted_previous_year,10.94391655402427,-8.1703337367933
borough_35__age_9,35,9,85+,0.0,True,borough_age,12,4,0.04082541288647035,0,9,35,85+,Gradient Boosting,0.04082541288647035,0.04082541288647035,False,predicted_previous_year,4.082541288647034,4.082541288647034
borough_44__age_2,44,2,16-24,0.138991032966824,True,borough_age,12,4,0.14690816616961425,0,9,44,16-24,Gradient Boosting,0.14690816616961425,0.14690816616961425,False,predicted_previous_year,14.690816616961424,0.791713320279025
borough_44__age_3,44,3,25-34,0.0971048226541429,True,borough_age,12,4,0.10212178327612054,0,9,44,25-34,Gradient Boosting,0.10212178327612054,0.10212178327612054,False,predicted_previous_year,10.212178327612055,0.5016960621977637
borough_44__age_4,44,4,35-44,0.2032943095383431,True,borough_age,12,4,0.10212178327612054,0,9,44,35-44,Gradient Boosting,0.10212178327612054,0.10212178327612054,False,predicted_previous_year,10.212178327612055,-10.117252626222257
borough_44__age_5,44,5,45-54,0.1201281480761936,True,borough_age,12,4,0.12215764565241072,0,9,44,45-54,Gradient Boosting,0.12215764565241072,0.12215764565241072,False,predicted_previous_year,12.215764565241072,0.20294975762171208
borough_44__age_6,44,6,55-64,0.0644168620962235,True,borough_age,12,4,0.10212178327612054,0,9,44,55-64,Gradient Boosting,0.10212178327612054,0.10212178327612054,False,predicted_previous_year,10.212178327612055,3.770492117989703
borough_44__age_7,44,7,65-74,0.3007397085419624,True,borough_age,12,4,0.10212178327612054,0,9,44,65-74,Gradient Boosting,0.10212178327612054,0.10212178327612054,False,predicted_previous_year,10.212178327612055,-19.86179252658419
borough_44__age_8,44,8,75-84,0.0,True,borough_age,12,4,0.09488684547263461,0,9,44,75-84,Gradient Boosting,0.09488684547263461,0.09488684547263461,False,predicted_previous_year,9.48868454726346,9.48868454726346
borough_44__age_9,44,9,85+,0.3893886161014656,True,borough_age,12,4,0.030881796315896357,0,9,44,85+,Gradient Boosting,0.030881796315896357,0.030881796315896357,False,predicted_previous_year,3.088179631589636,-35.85068197855692
borough_68__age_2,68,2,16-24,0.1927475039694993,True,borough_age,12,4,0.14690816616961425,0,9,68,16-24,Gradient Boosting,0.14690816616961425,0.14690816616961425,False,predicted_previous_year,14.690816616961424,-4.583933779988506
borough_68__age_3,68,3,25-34,0.1652106450298921,True,borough_age,12,4,0.10212178327612054,0,9,68,25-34,Gradient Boosting,0.10212178327612054,0.10212178327612054,False,predicted_previous_year,10.212178327612055,-6.308886175377157
borough_68__age_4,68,4,35-44,0.1747297364388737,True,borough_age,12,4,0.10212178327612054,0,9,68,35-44,Gradient Boosting,0.10212178327612054,0.10212178327612054,False,predicted_previous_year,10.212178327612055,-7.260795316275318
borough_68__age_5,68,5,45-54,0.1150694174560084,True,borough_age,12,4,0.12215764565241072,0,9,68,45-54,Gradient Boosting,0.12215764565241072,0.12215764565241072,False,predicted_previous_year,12.215764565241072,0.7088228196402313
borough_68__age_6,68,6,55-64,0.1235877635087129,True,borough_age,12,4,0.10212178327612054,0,9,68,55-64,Gradient Boosting,0.10212178327612054,0.10212178327612054,False,predicted_previous_year,10.212178327612055,-2.146598023259236
borough_68__age_7,68,7,65-74,0.1802983858678723,True,borough_age,12,4,0.10212178327612054,0,9,68,65-74,Gradient Boosting,0.10212178327612054,0.10212178327612054,False,predicted_previous_year,10.212178327612055,-7.817660259175177
borough_68__age_8,68,8,75-84,0.1444180719091273,True,borough_age,12,4,0.09488684547263461,0,9,68,75-84,Gradient Boosting,0.09488684547263461,0.09488684547263461,False,predicted_previous_year,9.48868454726346,-4.95312264364927
borough_68__age_9,68,9,85+,0.0,True,borough_age,12,4,0.030881796315896357,0,9,68,85+,Gradient Boosting,0.030881796315896357,0.030881796315896357,False,predicted_previous_year,3.088179631589636,3.088179631589636
borough_78__age_2,78,2,16-24,0.2374752869271083,True,borough_age,12,4,0.14690816616961425,0,9,78,16-24,Gradient Boosting,0.14690816616961425,0.14690816616961425,False,predicted_previous_year,14.690816616961424,-9.056712075749404
borough_78__age_3,78,3,25-34,0.1086282749866392,True,borough_age,12,4,0.10212178327612054,0,9,78,25-34,Gradient Boosting,0.10212178327612054,0.10212178327612054,False,predicted_previous_year,10.212178327612055,-0.650649171051866
borough_78__age_4,78,4,35-44,0.2341997299602941,True,borough_age,12,4,0.10212178327612054,0,9,78,35-44,Gradient Boosting,0.10212178327612054,0.10212178327612054,False,predicted_previous_year,10.212178327612055,-13.207794668417355
borough_78__age_5,78,5,45-54,0.0729888922299857,True,borough_age,12,4,0.12215764565241072,0,9,78,45-54,Gradient Boosting,0.12215764565241072,0.12215764565241072,False,predicted_previous_year,12.215764565241072,4.916875342242502
borough_78__age_6,78,6,55-64,0.1802087151102049,True,borough_age,12,4,0.10212178327612054,0,9,78,55-64,Gradient Boosting,0.10212178327612054,0.10212178327612054,False,predicted_previous_year,10.212178327612055,-7.808693183408436
borough_78__age_7,78,7,65-74,0.0902303355270237,True,borough_age,12,4,0.10212178327612054,0,9,78,65-74,Gradient Boosting,0.10212178327612054,0.10212178327612054,False,predicted_previous_year,10.212178327612055,1.189144774909684
borough_78__age_8,78,8,75-84,0.0961920669437747,True,borough_age,12,4,0.09488684547263461,0,9,78,75-84,Gradient Boosting,0.09488684547263461,0.09488684547263461,False,predicted_previous_year,9.48868454726346,-0.13052214711400945
borough_78__age_9,78,9,85+,0.0,True,borough_age,12,4,0.030881796315896357,0,9,78,85+,Gradient Boosting,0.030881796315896357,0.030881796315896357,False,predicted_previous_year,3.088179631589636,3.088179631589636
borough_8__age_2,8,2,16-24,0.1407954267683174,True,borough_age,12,4,0.1426659785497293,0,9,8,16-24,Gradient Boosting,0.1426659785497293,0.1426659785497293,False,predicted_previous_year,14.266597854972929,0.18705517814118777
borough_8__age_3,8,3,25-34,0.0118631592440379,True,borough_age,12,4,0.09787959565623564,0,9,8,25-34,Gradient Boosting,0.09787959565623564,0.09787959565623564,False,predicted_previous_year,9.787959565623563,8.601643641219773
borough_8__age_4,8,4,35-44,0.0847926362282693,True,borough_age,12,4,0.09787959565623564,0,9,8,35-44,Gradient Boosting,0.09787959565623564,0.09787959565623564,False,predicted_previous_year,9.787959565623563,1.3086959427966338
borough_8__age_5,8,5,45-54,0.054559317842582,True,borough_age,12,4,0.12126748119394931,0,9,8,45-54,Gradient Boosting,0.12126748119394931,0.12126748119394931,False,predicted_previous_year,12.12674811939493,6.670816335136731
borough_8__age_6,8,6,55-64,0.021951888745282,True,borough_age,12,4,0.09787959565623564,0,9,8,55-64,Gradient Boosting,0.09787959565623564,0.09787959565623564,False,predicted_previous_year,9.787959565623563,7.592770691095363
borough_8__age_7,8,7,65-74,0.0816491430620924,True,borough_age,12,4,0.09787959565623564,0,9,8,65-74,Gradient Boosting,0.09787959565623564,0.09787959565623564,False,predicted_previous_year,9.787959565623563,1.623045259414324
borough_8__age_8,8,8,75-84,0.0,True,borough_age,12,4,0.09064465785274971,0,9,8,75-84,Gradient Boosting,0.09064465785274971,0.09064465785274971,False,predicted_previous_year,9.06446578527497,9.06446578527497
borough_8__age_9,8,9,85+,0.0,True,borough_age,12,4,0.02752977315447282,0,9,8,85+,Gradient Boosting,0.02752977315447282,0.02752977315447282,False,predicted_previous_year,2.752977315447282,2.752977315447282
borough_91__age_2,91,2,16-24,0.1954980764691223,True,borough_age,12,4,0.14690816616961425,0,9,91,16-24,Gradient Boosting,0.14690816616961425,0.14690816616961425,False,predicted_previous_year,14.690816616961424,-4.858991029950804
borough_91__age_3,91,3,25-34,0.1670437671848623,True,borough_age,12,4,0.10212178327612054,0,9,91,25-34,Gradient Boosting,0.10212178327612054,0.10212178327612054,False,predicted_previous_year,10.212178327612055,-6.492198390874177
borough_91__age_4,91,4,35-44,0.1507412618990158,True,borough_age,12,4,0.10212178327612054,0,9,91,35-44,Gradient Boosting,0.10212178327612054,0.10212178327612054,False,predicted_previous_year,10.212178327612055,-4.861947862289526
borough_91__age_5,91,5,45-54,0.2425852217747439,True,borough_age,12,4,0.12215764565241072,0,9,91,45-54,Gradient Boosting,0.12215764565241072,0.12215764565241072,False,predicted_previous_year,12.215764565241072,-12.042757612233318
borough_91__age_6,91,6,55-64,0.1023560787826209,True,borough_age,12,4,0.10212178327612054,0,9,91,55-64,Gradient Boosting,0.10212178327612054,0.10212178327612054,False,predicted_previous_year,10.212178327612055,-0.02342955065003649
borough_91__age_7,91,7,65-74,0.1450885133922393,True,borough_age,12,4,0.10212178327612054,0,9,91,65-74,Gradient Boosting,0.10212178327612054,0.10212178327612054,False,predicted_previous_year,10.212178327612055,-4.296673011611876
borough_91__age_8,91,8,75-84,0.0,True,borough_age,12,4,0.09488684547263461,0,9,91,75-84,Gradient Boosting,0.09488684547263461,0.09488684547263461,False,predicted_previous_year,9.48868454726346,9.48868454726346
borough_91__age_9,91,9,85+,0.0,True,borough_age,12,4,0.030881796315896357,0,9,91,85+,Gradient Boosting,0.030881796315896357,0.030881796315896357,False,predicted_previous_year,3.088179631589636,3.088179631589636
borough_9__age_2,9,2,16-24,0.136809436694503,True,borough_age,12,4,0.14690816616961425,0,9,9,16-24,Gradient Boosting,0.14690816616961425,0.14690816616961425,False,predicted_previous_year,14.690816616961424,1.0098729475111257
borough_9__age_3,9,3,25-34,0.1081380138760557,True,borough_age,12,4,0.10212178327612054,0,9,9,25-34,Gradient Boosting,0.10212178327612054,0.10212178327612054,False,predicted_previous_year,10.212178327612055,-0.6016230599935168
borough_9__age_4,9,4,35-44,0.0550442922120358,True,borough_age,12,4,0.10212178327612054,0,9,9,35-44,Gradient Boosting,0.10212178327612054,0.10212178327612054,False,predicted_previous_year,10.212178327612055,4.707749106408474
borough_9__age_5,9,5,45-54,0.1897830190002452,True,borough_age,12,4,0.12215764565241072,0,9,9,45-54,Gradient Boosting,0.12215764565241072,0.12215764565241072,False,predicted_previous_year,12.215764565241072,-6.762537334783447
borough_9__age_6,9,6,55-64,0.1332208563303927,True,borough_age,12,4,0.10212178327612054,0,9,9,55-64,Gradient Boosting,0.10212178327612054,0.10212178327612054,False,predicted_previous_year,10.212178327612055,-3.1099073054272175
borough_9__age_7,9,7,65-74,0.0971098758722614,True,borough_age,12,4,0.10212178327612054,0,9,9,65-74,Gradient Boosting,0.10212178327612054,0.10212178327612054,False,predicted_previous_year,10.212178327612055,0.5011907403859137
borough_9__age_8,9,8,75-84,0.1037085087559272,True,borough_age,12,4,0.09488684547263461,0,9,9,75-84,Gradient Boosting,0.09488684547263461,0.09488684547263461,False,predicted_previous_year,9.48868454726346,-0.8821663283292591
borough_9__age_9,9,9,85+,0.0,True,borough_age,12,4,0.030881796315896357,0,9,9,85+,Gradient Boosting,0.030881796315896357,0.030881796315896357,False,predicted_previous_year,3.088179631589636,3.088179631589636
borough_107__age_2,107,2,16-24,0.1830338869817772,True,borough_age,13,5,0.14690816616961425,0,10,107,16-24,Gradient Boosting,0.14690816616961425,0.14690816616961425,False,predicted_previous_year,14.690816616961424,-3.6125720812162947
borough_107__age_3,107,3,25-34,0.062170666090344,True,borough_age,13,5,0.10212178327612054,0,10,107,25-34,Gradient Boosting,0.10212178327612054,0.10212178327612054,False,predicted_previous_year,10.212178327612055,3.9951117185776535
borough_107__age_4,107,4,35-44,0.1498867779151033,True,borough_age,13,5,0.10212178327612054,0,10,107,35-44,Gradient Boosting,0.10212178327612054,0.10212178327612054,False,predicted_previous_year,10.212178327612055,-4.776499463898276
borough_107__age_5,107,5,45-54,0.1118530314589703,True,borough_age,13,5,0.12215764565241072,0,10,107,45-54,Gradient Boosting,0.12215764565241072,0.12215764565241072,False,predicted_previous_year,12.215764565241072,1.030461419344042
borough_107__age_6,107,6,55-64,0.1111960470819738,True,borough_age,13,5,0.10212178327612054,0,10,107,55-64,Gradient Boosting,0.10212178327612054,0.10212178327612054,False,predicted_previous_year,10.212178327612055,-0.9074263805853258
borough_107__age_7,107,7,65-74,0.1071708277366629,True,borough_age,13,5,0.10212178327612054,0,10,107,65-74,Gradient Boosting,0.10212178327612054,0.10212178327612054,False,predicted_previous_year,10.212178327612055,-0.5049044460542357
borough_107__age_8,107,8,75-84,0.0852003854696602,True,borough_age,13,5,0.09488684547263461,0,10,107,75-84,Gradient Boosting,0.09488684547263461,0.09488684547263461,False,predicted_previous_year,9.48868454726346,0.9686460002974406
borough_107__age_9,107,9,85+,0.0,True,borough_age,13,5,0.030881796315896357,0,10,107,85+,Gradient Boosting,0.030881796315896357,0.030881796315896357,False,predicted_previous_year,3.088179631589636,3.088179631589636
borough_109__age_2,109,2,16-24,0.1277280054326884,True,borough_age,13,5,0.14032712958412633,0,10,109,16-24,Gradient Boosting,0.14032712958412633,0.14032712958412633,False,predicted_previous_year,14.032712958412633,1.2599124151437935
borough_109__age_3,109,3,25-34,0.0969215685548594,True,borough_age,13,5,0.0955407466906326,0,10,109,25-34,Gradient Boosting,0.0955407466906326,0.0955407466906326,False,predicted_previous_year,9.55407466906326,-0.13808218642267917
borough_109__age_4,109,4,35-44,0.1080165143988063,True,borough_age,13,5,0.0955407466906326,0,10,109,35-44,Gradient Boosting,0.0955407466906326,0.0955407466906326,False,predicted_previous_year,9.55407466906326,-1.24757677081737
borough_109__age_5,109,5,45-54,0.1028343749638182,True,borough_age,13,5,0.11557660906692278,0,10,109,45-54,Gradient Boosting,0.11557660906692278,0.11557660906692278,False,predicted_previous_year,11.557660906692279,1.2742234103104586
borough_109__age_6,109,6,55-64,0.0892493756523148,True,borough_age,13,5,0.0955407466906326,0,10,109,55-64,Gradient Boosting,0.0955407466906326,0.0955407466906326,False,predicted_previous_year,9.55407466906326,0.6291371038317797
borough_109__age_7,109,7,65-74,0.0879778713050493,True,borough_age,13,5,0.0955407466906326,0,10,109,65-74,Gradient Boosting,0.0955407466906326,0.0955407466906326,False,predicted_previous_year,9.55407466906326,0.7562875385583299
borough_109__age_8,109,8,75-84,0.0,True,borough_age,13,5,0.08830580888714668,0,10,109,75-84,Gradient Boosting,0.08830580888714668,0.08830580888714668,False,predicted_previous_year,8.830580888714668,8.830580888714668
borough_109__age_9,109,9,85+,1.0,True,borough_age,13,5,0.02609000174931056,0,10,109,85+,Gradient Boosting,0.02609000174931056,0.02609000174931056,False,predicted_previous_year,2.609000174931056,-97.39099982506895
borough_112__age_2,112,2,16-24,0.2261142180682152,True,borough_age,13,5,0.14690816616961425,0,10,112,16-24,Gradient Boosting,0.14690816616961425,0.14690816616961425,False,predicted_previous_year,14.690816616961424,-7.920605189860094
borough_112__age_3,112,3,25-34,0.0640628486811424,True,borough_age,13,5,0.10212178327612054,0,10,112,25-34,Gradient Boosting,0.10212178327612054,0.10212178327612054,False,predicted_previous_year,10.212178327612055,3.8058934594978138
borough_112__age_4,112,4,35-44,0.0746204593332339,True,borough_age,13,5,0.10212178327612054,0,10,112,35-44,Gradient Boosting,0.10212178327612054,0.10212178327612054,False,predicted_previous_year,10.212178327612055,2.7501323942886637
borough_112__age_5,112,5,45-54,0.147227748110462,True,borough_age,13,5,0.12215764565241072,0,10,112,45-54,Gradient Boosting,0.12215764565241072,0.12215764565241072,False,predicted_previous_year,12.215764565241072,-2.5070102458051275
borough_112__age_6,112,6,55-64,0.0343414090032645,True,borough_age,13,5,0.10212178327612054,0,10,112,55-64,Gradient Boosting,0.10212178327612054,0.10212178327612054,False,predicted_previous_year,10.212178327612055,6.778037427285604
borough_112__age_7,112,7,65-74,0.1168822183638024,True,borough_age,13,5,0.10212178327612054,0,10,112,65-74,Gradient Boosting,0.10212178327612054,0.10212178327612054,False,predicted_previous_year,10.212178327612055,-1.4760435087681865
borough_112__age_8,112,8,75-84,0.0933306994127133,True,borough_age,13,5,0.09488684547263461,0,10,112,75-84,Gradient Boosting,0.09488684547263461,0.09488684547263461,False,predicted_previous_year,9.48868454726346,0.15561460599213123
borough_112__age_9,112,9,85+,0.0,True,borough_age,13,5,0.030881796315896357,0,10,112,85+,Gradient Boosting,0.030881796315896357,0.030881796315896357,False,predicted_previous_year,3.088179631589636,3.088179631589636
borough_114__age_2,114,2,16-24,0.2948982486889035,True,borough_age,13,5,0.14690816616961425,0,10,114,16-24,Gradient Boosting,0.14690816616961425,0.14690816616961425,False,predicted_previous_year,14.690816616961424,-14.799008251928928
borough_114__age_3,114,3,25-34,0.1028483577200946,True,borough_age,13,5,0.10212178327612054,0,10,114,25-34,Gradient Boosting,0.10212178327612054,0.10212178327612054,False,predicted_previous_year,10.212178327612055,-0.07265744439740596
borough_114__age_4,114,4,35-44,0.2136147467942589,True,borough_age,13,5,0.10212178327612054,0,10,114,35-44,Gradient Boosting,0.10212178327612054,0.10212178327612054,False,predicted_previous_year,10.212178327612055,-11.149296351813836
borough_114__age_5,114,5,45-54,0.1780346218589068,True,borough_age,13,5,0.12215764565241072,0,10,114,45-54,Gradient Boosting,0.12215764565241072,0.12215764565241072,False,predicted_previous_year,12.215764565241072,-5.587697620649609
borough_114__age_6,114,6,55-64,0.0694691139045843,True,borough_age,13,5,0.10212178327612054,0,10,114,55-64,Gradient Boosting,0.10212178327612054,0.10212178327612054,False,predicted_previous_year,10.212178327612055,3.265266937153624
borough_114__age_7,114,7,65-74,0.0457667051904853,True,borough_age,13,5,0.10212178327612054,0,10,114,65-74,Gradient Boosting,0.10212178327612054,0.10212178327612054,False,predicted_previous_year,10.212178327612055,5.635507808563524
borough_114__age_8,114,8,75-84,0.1682705246338149,True,borough_age,13,5,0.09488684547263461,0,10,114,75-84,Gradient Boosting,0.09488684547263461,0.09488684547263461,False,predicted_previous_year,9.48868454726346,-7.338367916118028
borough_114__age_9,114,9,85+,0.0,True,borough_age,13,5,0.030881796315896357,0,10,114,85+,Gradient Boosting,0.030881796315896357,0.030881796315896357,False,predicted_previous_year,3.088179631589636,3.088179631589636
borough_117__age_2,117,2,16-24,0.4203709770680243,True,borough_age,13,5,0.14690816616961425,0,10,117,16-24,Gradient Boosting,0.14690816616961425,0.14690816616961425,False,predicted_previous_year,14.690816616961424,-27.346281089841007
borough_117__age_3,117,3,25-34,0.1543324705532756,True,borough_age,13,5,0.10212178327612054,0,10,117,25-34,Gradient Boosting,0.10212178327612054,0.10212178327612054,False,predicted_previous_year,10.212178327612055,-5.2210687277155055
borough_117__age_4,117,4,35-44,0.2185199229122329,True,borough_age,13,5,0.10212178327612054,0,10,117,35-44,Gradient Boosting,0.10212178327612054,0.10212178327612054,False,predicted_previous_year,10.212178327612055,-11.639813963611237
borough_117__age_5,117,5,45-54,0.1084854084311771,True,borough_age,13,5,0.12215764565241072,0,10,117,45-54,Gradient Boosting,0.12215764565241072,0.12215764565241072,False,predicted_previous_year,12.215764565241072,1.3672237221233619
borough_117__age_6,117,6,55-64,0.1430798972872334,True,borough_age,13,5,0.10212178327612054,0,10,117,55-64,Gradient Boosting,0.10212178327612054,0.10212178327612054,False,predicted_previous_year,10.212178327612055,-4.095811401111285
borough_117__age_7,117,7,65-74,0.1122886513018232,True,borough_age,13,5,0.10212178327612054,0,10,117,65-74,Gradient Boosting,0.10212178327612054,0.10212178327612054,False,predicted_previous_year,10.212178327612055,-1.0166868025702658
borough_117__age_8,117,8,75-84,0.0779386456522035,True,borough_age,13,5,0.09488684547263461,0,10,117,75-84,Gradient Boosting,0.09488684547263461,0.09488684547263461,False,predicted_previous_year,9.48868454726346,1.694819982043111
borough_117__age_9,117,9,85+,0.0,True,borough_age,13,5,0.030881796315896357,0,10,117,85+,Gradient Boosting,0.030881796315896357,0.030881796315896357,False,predicted_previous_year,3.088179631589636,3.088179631589636
borough_122__age_2,122,2,16-24,0.3088608067401731,True,borough_age,13,5,0.14690816616961425,0,10,122,16-24,Gradient Boosting,0.14690816616961425,0.14690816616961425,False,predicted_previous_year,14.690816616961424,-16.195264057055883
borough_122__age_3,122,3,25-34,0.1442301087459172,True,borough_age,13,5,0.10212178327612054,0,10,122,25-34,Gradient Boosting,0.10212178327612054,0.10212178327612054,False,predicted_previous_year,10.212178327612055,-4.210832546979668
borough_122__age_4,122,4,35-44,0.0791386868878573,True,borough_age,13,5,0.10212178327612054,0,10,122,35-44,Gradient Boosting,0.10212178327612054,0.10212178327612054,False,predicted_previous_year,10.212178327612055,2.2983096388263236
borough_122__age_5,122,5,45-54,0.1158792440070687,True,borough_age,13,5,0.12215764565241072,0,10,122,45-54,Gradient Boosting,0.12215764565241072,0.12215764565241072,False,predicted_previous_year,12.215764565241072,0.6278401645342019
borough_122__age_6,122,6,55-64,0.0569546562253774,True,borough_age,13,5,0.10212178327612054,0,10,122,55-64,Gradient Boosting,0.10212178327612054,0.10212178327612054,False,predicted_previous_year,10.212178327612055,4.516712705074314
borough_122__age_7,122,7,65-74,0.0706687377129613,True,borough_age,13,5,0.10212178327612054,0,10,122,65-74,Gradient Boosting,0.10212178327612054,0.10212178327612054,False,predicted_previous_year,10.212178327612055,3.145304556315924
borough_122__age_8,122,8,75-84,0.0,True,borough_age,13,5,0.09488684547263461,0,10,122,75-84,Gradient Boosting,0.09488684547263461,0.09488684547263461,False,predicted_previous_year,9.48868454726346,9.48868454726346
borough_122__age_9,122,9,85+,0.0597454556181791,True,borough_age,13,5,0.030881796315896357,0,10,122,85+,Gradient Boosting,0.030881796315896357,0.030881796315896357,False,predicted_previous_year,3.088179631589636,-2.8863659302282745
borough_126__age_2,126,2,16-24,0.2083077469092099,True,borough_age,13,5,0.14690816616961425,0,10,126,16-24,Gradient Boosting,0.14690816616961425,0.14690816616961425,False,predicted_previous_year,14.690816616961424,-6.139958073959565
borough_126__age_3,126,3,25-34,0.1289908975060883,True,borough_age,13,5,0.10212178327612054,0,10,126,25-34,Gradient Boosting,0.10212178327612054,0.10212178327612054,False,predicted_previous_year,10.212178327612055,-2.6869114229967765
borough_126__age_4,126,4,35-44,0.1890814068594321,True,borough_age,13,5,0.10212178327612054,0,10,126,35-44,Gradient Boosting,0.10212178327612054,0.10212178327612054,False,predicted_previous_year,10.212178327612055,-8.695962358331155
borough_126__age_5,126,5,45-54,0.0832523963953507,True,borough_age,13,5,0.12215764565241072,0,10,126,45-54,Gradient Boosting,0.12215764565241072,0.12215764565241072,False,predicted_previous_year,12.215764565241072,3.8905249257060017
borough_126__age_6,126,6,55-64,0.0329659353536502,True,borough_age,13,5,0.10212178327612054,0,10,126,55-64,Gradient Boosting,0.10212178327612054,0.10212178327612054,False,predicted_previous_year,10.212178327612055,6.915584792247034
borough_126__age_7,126,7,65-74,0.0446104376346828,True,borough_age,13,5,0.10212178327612054,0,10,126,65-74,Gradient Boosting,0.10212178327612054,0.10212178327612054,False,predicted_previous_year,10.212178327612055,5.751134564143774
borough_126__age_8,126,8,75-84,0.1290739177744028,True,borough_age,13,5,0.09488684547263461,0,10,126,75-84,Gradient Boosting,0.09488684547263461,0.09488684547263461,False,predicted_previous_year,9.48868454726346,-3.4187072301768193
borough_126__age_9,126,9,85+,0.0,True,borough_age,13,5,0.030881796315896357,0,10,126,85+,Gradient Boosting,0.030881796315896357,0.030881796315896357,False,predicted_previous_year,3.088179631589636,3.088179631589636
borough_129__age_2,129,2,16-24,0.2038231836162495,True,borough_age,13,5,0.14690816616961425,0,10,129,16-24,Gradient Boosting,0.14690816616961425,0.14690816616961425,False,predicted_previous_year,14.690816616961424,-5.691501744663524
borough_129__age_3,129,3,25-34,0.3626871920377716,True,borough_age,13,5,0.10212178327612054,0,10,129,25-34,Gradient Boosting,0.10212178327612054,0.10212178327612054,False,predicted_previous_year,10.212178327612055,-26.05654087616511
borough_129__age_4,129,4,35-44,0.1693291010444767,True,borough_age,13,5,0.10212178327612054,0,10,129,35-44,Gradient Boosting,0.10212178327612054,0.10212178327612054,False,predicted_previous_year,10.212178327612055,-6.720731776835617
borough_129__age_5,129,5,45-54,0.2107794356419741,True,borough_age,13,5,0.12215764565241072,0,10,129,45-54,Gradient Boosting,0.12215764565241072,0.12215764565241072,False,predicted_previous_year,12.215764565241072,-8.862178998956338
borough_129__age_6,129,6,55-64,0.1583262841767176,True,borough_age,13,5,0.10212178327612054,0,10,129,55-64,Gradient Boosting,0.10212178327612054,0.10212178327612054,False,predicted_previous_year,10.212178327612055,-5.620450090059706
borough_129__age_7,129,7,65-74,0.0453793739367163,True,borough_age,13,5,0.10212178327612054,0,10,129,65-74,Gradient Boosting,0.10212178327612054,0.10212178327612054,False,predicted_previous_year,10.212178327612055,5.674240933940424
borough_129__age_8,129,8,75-84,0.0446931913421307,True,borough_age,13,5,0.09488684547263461,0,10,129,75-84,Gradient Boosting,0.09488684547263461,0.09488684547263461,False,predicted_previous_year,9.48868454726346,5.019365413050391
borough_129__age_9,129,9,85+,0.0,True,borough_age,13,5,0.030881796315896357,0,10,129,85+,Gradient Boosting,0.030881796315896357,0.030881796315896357,False,predicted_previous_year,3.088179631589636,3.088179631589636
borough_135__age_2,135,2,16-24,0.2465278382607494,True,borough_age,13,5,0.1466690549749913,0,10,135,16-24,Gradient Boosting,0.1466690549749913,0.1466690549749913,False,predicted_previous_year,14.66690549749913,-9.98587832857581
borough_135__age_3,135,3,25-34,0.101955094353257,True,borough_age,13,5,0.10188267208149762,0,10,135,25-34,Gradient Boosting,0.10188267208149762,0.10188267208149762,False,predicted_previous_year,10.188267208149762,-0.007242227175938143
borough_135__age_4,135,4,35-44,0.0281520798809513,True,borough_age,13,5,0.10188267208149762,0,10,135,35-44,Gradient Boosting,0.10188267208149762,0.10188267208149762,False,predicted_previous_year,10.188267208149762,7.373059220054631
borough_135__age_5,135,5,45-54,0.1799828139945925,True,borough_age,13,5,0.12215764565241072,0,10,135,45-54,Gradient Boosting,0.12215764565241072,0.12215764565241072,False,predicted_previous_year,12.215764565241072,-5.782516834218179
borough_135__age_6,135,6,55-64,0.0243647187736236,True,borough_age,13,5,0.10188267208149762,0,10,135,55-64,Gradient Boosting,0.10188267208149762,0.10188267208149762,False,predicted_previous_year,10.188267208149762,7.7517953307874015
borough_135__age_7,135,7,65-74,0.0514010004029078,True,borough_age,13,5,0.10188267208149762,0,10,135,65-74,Gradient Boosting,0.10188267208149762,0.10188267208149762,False,predicted_previous_year,10.188267208149762,5.048167167858982
borough_135__age_8,135,8,75-84,0.0,True,borough_age,13,5,0.0946477342780117,0,10,135,75-84,Gradient Boosting,0.0946477342780117,0.0946477342780117,False,predicted_previous_year,9.46477342780117,9.46477342780117
borough_135__age_9,135,9,85+,0.0,True,borough_age,13,5,0.030642685121273435,0,10,135,85+,Gradient Boosting,0.030642685121273435,0.030642685121273435,False,predicted_previous_year,3.0642685121273434,3.0642685121273434
borough_136__age_2,136,2,16-24,0.2175922027539195,True,borough_age,13,5,0.14690816616961425,0,10,136,16-24,Gradient Boosting,0.14690816616961425,0.14690816616961425,False,predicted_previous_year,14.690816616961424,-7.068403658430525
borough_136__age_3,136,3,25-34,0.0824747054000288,True,borough_age,13,5,0.10212178327612054,0,10,136,25-34,Gradient Boosting,0.10212178327612054,0.10212178327612054,False,predicted_previous_year,10.212178327612055,1.964707787609174
borough_136__age_4,136,4,35-44,0.0630906365390111,True,borough_age,13,5,0.10212178327612054,0,10,136,35-44,Gradient Boosting,0.10212178327612054,0.10212178327612054,False,predicted_previous_year,10.212178327612055,3.903114673710943
borough_136__age_5,136,5,45-54,0.1685184718437112,True,borough_age,13,5,0.12215764565241072,0,10,136,45-54,Gradient Boosting,0.12215764565241072,0.12215764565241072,False,predicted_previous_year,12.215764565241072,-4.636082619130047
borough_136__age_6,136,6,55-64,0.159178130394973,True,borough_age,13,5,0.10212178327612054,0,10,136,55-64,Gradient Boosting,0.10212178327612054,0.10212178327612054,False,predicted_previous_year,10.212178327612055,-5.705634711885247
borough_136__age_7,136,7,65-74,0.1216733013386517,True,borough_age,13,5,0.10212178327612054,0,10,136,65-74,Gradient Boosting,0.10212178327612054,0.10212178327612054,False,predicted_previous_year,10.212178327612055,-1.9551518062531166
borough_136__age_8,136,8,75-84,0.1458657405865573,True,borough_age,13,5,0.09488684547263461,0,10,136,75-84,Gradient Boosting,0.09488684547263461,0.09488684547263461,False,predicted_previous_year,9.48868454726346,-5.097889511392268
borough_136__age_9,136,9,85+,0.0,True,borough_age,13,5,0.030881796315896357,0,10,136,85+,Gradient Boosting,0.030881796315896357,0.030881796315896357,False,predicted_previous_year,3.088179631589636,3.088179631589636
borough_139__age_2,139,2,16-24,0.1534383211287253,True,borough_age,13,5,0.16009097588069765,0,10,139,16-24,Gradient Boosting,0.16009097588069765,0.16009097588069765,False,predicted_previous_year,16.009097588069764,0.6652654751972353
borough_139__age_3,139,3,25-34,0.04508984807017,True,borough_age,13,5,0.11530459298720373,0,10,139,25-34,Gradient Boosting,0.11530459298720373,0.11530459298720373,False,predicted_previous_year,11.530459298720373,7.021474491703374
borough_139__age_4,139,4,35-44,0.1097617771672394,True,borough_age,13,5,0.11530459298720373,0,10,139,35-44,Gradient Boosting,0.11530459298720373,0.11530459298720373,False,predicted_previous_year,11.530459298720373,0.554281581996434
borough_139__age_5,139,5,45-54,0.2060378424376823,True,borough_age,13,5,0.13534045536349398,0,10,139,45-54,Gradient Boosting,0.13534045536349398,0.13534045536349398,False,predicted_previous_year,13.534045536349398,-7.069738707418832
borough_139__age_6,139,6,55-64,0.1327867803940149,True,borough_age,13,5,0.11530459298720373,0,10,139,55-64,Gradient Boosting,0.11530459298720373,0.11530459298720373,False,predicted_previous_year,11.530459298720373,-1.7482187406811165
borough_139__age_7,139,7,65-74,0.2070629046159895,True,borough_age,13,5,0.11530459298720373,0,10,139,65-74,Gradient Boosting,0.11530459298720373,0.11530459298720373,False,predicted_previous_year,11.530459298720373,-9.175831162878577
borough_139__age_8,139,8,75-84,0.0289270261100099,True,borough_age,13,5,0.1080696551837178,0,10,139,75-84,Gradient Boosting,0.1080696551837178,0.1080696551837178,False,predicted_previous_year,10.806965518371781,7.914262907370791
borough_139__age_9,139,9,85+,0.0,True,borough_age,13,5,0.04406460602697961,0,10,139,85+,Gradient Boosting,0.04406460602697961,0.04406460602697961,False,predicted_previous_year,4.406460602697961,4.406460602697961
borough_142__age_2,142,2,16-24,0.1179773923898176,True,borough_age,13,5,0.14690816616961425,0,10,142,16-24,Gradient Boosting,0.14690816616961425,0.14690816616961425,False,predicted_previous_year,14.690816616961424,2.8930773779796652
borough_142__age_3,142,3,25-34,0.0944592262749701,True,borough_age,13,5,0.10212178327612054,0,10,142,25-34,Gradient Boosting,0.10212178327612054,0.10212178327612054,False,predicted_previous_year,10.212178327612055,0.7662557001150441
borough_142__age_4,142,4,35-44,0.1163002998769874,True,borough_age,13,5,0.10212178327612054,0,10,142,35-44,Gradient Boosting,0.10212178327612054,0.10212178327612054,False,predicted_previous_year,10.212178327612055,-1.417851660086686
borough_142__age_5,142,5,45-54,0.099083836734993,True,borough_age,13,5,0.12215764565241072,0,10,142,45-54,Gradient Boosting,0.12215764565241072,0.12215764565241072,False,predicted_previous_year,12.215764565241072,2.3073808917417713
borough_142__age_6,142,6,55-64,0.0173559166149571,True,borough_age,13,5,0.10212178327612054,0,10,142,55-64,Gradient Boosting,0.10212178327612054,0.10212178327612054,False,predicted_previous_year,10.212178327612055,8.476586666116344
borough_142__age_7,142,7,65-74,0.1411451587789903,True,borough_age,13,5,0.10212178327612054,0,10,142,65-74,Gradient Boosting,0.10212178327612054,0.10212178327612054,False,predicted_previous_year,10.212178327612055,-3.902337550286977
borough_142__age_8,142,8,75-84,0.1104523680973588,True,borough_age,13,5,0.09488684547263461,0,10,142,75-84,Gradient Boosting,0.09488684547263461,0.09488684547263461,False,predicted_previous_year,9.48868454726346,-1.5565522624724188
borough_142__age_9,142,9,85+,0.0,True,borough_age,13,5,0.030881796315896357,0,10,142,85+,Gradient Boosting,0.030881796315896357,0.030881796315896357,False,predicted_previous_year,3.088179631589636,3.088179631589636
borough_147__age_2,147,2,16-24,0.196398297399681,True,borough_age,13,5,0.14690816616961425,0,10,147,16-24,Gradient Boosting,0.14690816616961425,0.14690816616961425,False,predicted_previous_year,14.690816616961424,-4.949013123006677
borough_147__age_3,147,3,25-34,0.0993770353495688,True,borough_age,13,5,0.10212178327612054,0,10,147,25-34,Gradient Boosting,0.10212178327612054,0.10212178327612054,False,predicted_previous_year,10.212178327612055,0.274474792655173
borough_147__age_4,147,4,35-44,0.1112160838467972,True,borough_age,13,5,0.10212178327612054,0,10,147,35-44,Gradient Boosting,0.10212178327612054,0.10212178327612054,False,predicted_previous_year,10.212178327612055,-0.9094300570676659
borough_147__age_5,147,5,45-54,0.0742297569563128,True,borough_age,13,5,0.12215764565241072,0,10,147,45-54,Gradient Boosting,0.12215764565241072,0.12215764565241072,False,predicted_previous_year,12.215764565241072,4.792788869609792
borough_147__age_6,147,6,55-64,0.1531209759135563,True,borough_age,13,5,0.10212178327612054,0,10,147,55-64,Gradient Boosting,0.10212178327612054,0.10212178327612054,False,predicted_previous_year,10.212178327612055,-5.099919263743577
borough_147__age_7,147,7,65-74,0.189779234514427,True,borough_age,13,5,0.10212178327612054,0,10,147,65-74,Gradient Boosting,0.10212178327612054,0.10212178327612054,False,predicted_previous_year,10.212178327612055,-8.765745123830646
borough_147__age_8,147,8,75-84,0.0,True,borough_age,13,5,0.09488684547263461,0,10,147,75-84,Gradient Boosting,0.09488684547263461,0.09488684547263461,False,predicted_previous_year,9.48868454726346,9.48868454726346
borough_147__age_9,147,9,85+,0.0,True,borough_age,13,5,0.030881796315896357,0,10,147,85+,Gradient Boosting,0.030881796315896357,0.030881796315896357,False,predicted_previous_year,3.088179631589636,3.088179631589636
borough_160__age_2,160,2,16-24,0.0916932925465047,True,borough_age,13,5,0.14690816616961425,0,10,160,16-24,Gradient Boosting,0.14690816616961425,0.14690816616961425,False,predicted_previous_year,14.690816616961424,5.521487362310955
borough_160__age_3,160,3,25-34,0.0969066096579196,True,borough_age,13,5,0.10212178327612054,0,10,160,25-34,Gradient Boosting,0.10212178327612054,0.10212178327612054,False,predicted_previous_year,10.212178327612055,0.5215173618200939
borough_160__age_4,160,4,35-44,0.1120261529828093,True,borough_age,13,5,0.10212178327612054,0,10,160,35-44,Gradient Boosting,0.10212178327612054,0.10212178327612054,False,predicted_previous_year,10.212178327612055,-0.9904369706688759
borough_160__age_5,160,5,45-54,0.1807579552473695,True,borough_age,13,5,0.12215764565241072,0,10,160,45-54,Gradient Boosting,0.12215764565241072,0.12215764565241072,False,predicted_previous_year,12.215764565241072,-5.860030959495879
borough_160__age_6,160,6,55-64,0.191995511675405,True,borough_age,13,5,0.10212178327612054,0,10,160,55-64,Gradient Boosting,0.10212178327612054,0.10212178327612054,False,predicted_previous_year,10.212178327612055,-8.987372839928446
borough_160__age_7,160,7,65-74,0.1412572610227118,True,borough_age,13,5,0.10212178327612054,0,10,160,65-74,Gradient Boosting,0.10212178327612054,0.10212178327612054,False,predicted_previous_year,10.212178327612055,-3.9135477746591265
borough_160__age_8,160,8,75-84,0.2536783312980147,True,borough_age,13,5,0.09488684547263461,0,10,160,75-84,Gradient Boosting,0.09488684547263461,0.09488684547263461,False,predicted_previous_year,9.48868454726346,-15.879148582538011
borough_160__age_9,160,9,85+,0.0,True,borough_age,13,5,0.030881796315896357,0,10,160,85+,Gradient Boosting,0.030881796315896357,0.030881796315896357,False,predicted_previous_year,3.088179631589636,3.088179631589636
borough_171__age_2,171,2,16-24,0.1246471577536642,True,borough_age,13,5,0.14690816616961425,0,10,171,16-24,Gradient Boosting,0.14690816616961425,0.14690816616961425,False,predicted_previous_year,14.690816616961424,2.226100841595005
borough_171__age_3,171,3,25-34,0.131947085239157,True,borough_age,13,5,0.10212178327612054,0,10,171,25-34,Gradient Boosting,0.10212178327612054,0.10212178327612054,False,predicted_previous_year,10.212178327612055,-2.9825301963036455
borough_171__age_4,171,4,35-44,0.1348130539703271,True,borough_age,13,5,0.10212178327612054,0,10,171,35-44,Gradient Boosting,0.10212178327612054,0.10212178327612054,False,predicted_previous_year,10.212178327612055,-3.269127069420658
borough_171__age_5,171,5,45-54,0.1209898796757911,True,borough_age,13,5,0.12215764565241072,0,10,171,45-54,Gradient Boosting,0.12215764565241072,0.12215764565241072,False,predicted_previous_year,12.215764565241072,0.11677659766196197
borough_171__age_6,171,6,55-64,0.131849246369915,True,borough_age,13,5,0.10212178327612054,0,10,171,55-64,Gradient Boosting,0.10212178327612054,0.10212178327612054,False,predicted_previous_year,10.212178327612055,-2.9727463093794455
borough_171__age_7,171,7,65-74,0.1688574634382696,True,borough_age,13,5,0.10212178327612054,0,10,171,65-74,Gradient Boosting,0.10212178327612054,0.10212178327612054,False,predicted_previous_year,10.212178327612055,-6.673568016214906
borough_171__age_8,171,8,75-84,0.2390540445425562,True,borough_age,13,5,0.09488684547263461,0,10,171,75-84,Gradient Boosting,0.09488684547263461,0.09488684547263461,False,predicted_previous_year,9.48868454726346,-14.41671990699216
borough_171__age_9,171,9,85+,0.0,True,borough_age,13,5,0.030881796315896357,0,10,171,85+,Gradient Boosting,0.030881796315896357,0.030881796315896357,False,predicted_previous_year,3.088179631589636,3.088179631589636
borough_17__age_2,17,2,16-24,0.139009438983777,True,borough_age,13,5,0.14690816616961425,0,10,17,16-24,Gradient Boosting,0.14690816616961425,0.14690816616961425,False,predicted_previous_year,14.690816616961424,0.7898727185837257
borough_17__age_3,17,3,25-34,0.0745490192337595,True,borough_age,13,5,0.10212178327612054,0,10,17,25-34,Gradient Boosting,0.10212178327612054,0.10212178327612054,False,predicted_previous_year,10.212178327612055,2.7572764042361033
borough_17__age_4,17,4,35-44,0.1261271779449969,True,borough_age,13,5,0.10212178327612054,0,10,17,35-44,Gradient Boosting,0.10212178327612054,0.10212178327612054,False,predicted_previous_year,10.212178327612055,-2.4005394668876354
borough_17__age_5,17,5,45-54,0.06627607213547,True,borough_age,13,5,0.12215764565241072,0,10,17,45-54,Gradient Boosting,0.12215764565241072,0.12215764565241072,False,predicted_previous_year,12.215764565241072,5.588157351694072
borough_17__age_6,17,6,55-64,0.1467705596247256,True,borough_age,13,5,0.10212178327612054,0,10,17,55-64,Gradient Boosting,0.10212178327612054,0.10212178327612054,False,predicted_previous_year,10.212178327612055,-4.464877634860506
borough_17__age_7,17,7,65-74,0.1660897663475511,True,borough_age,13,5,0.10212178327612054,0,10,17,65-74,Gradient Boosting,0.10212178327612054,0.10212178327612054,False,predicted_previous_year,10.212178327612055,-6.396798307143056
borough_17__age_8,17,8,75-84,0.2227202598222299,True,borough_age,13,5,0.09488684547263461,0,10,17,75-84,Gradient Boosting,0.09488684547263461,0.09488684547263461,False,predicted_previous_year,9.48868454726346,-12.783341434959528
borough_17__age_9,17,9,85+,0.0,True,borough_age,13,5,0.030881796315896357,0,10,17,85+,Gradient Boosting,0.030881796315896357,0.030881796315896357,False,predicted_previous_year,3.088179631589636,3.088179631589636
borough_196__age_2,196,2,16-24,0.2534289737115014,True,borough_age,13,5,0.14690816616961425,0,10,196,16-24,Gradient Boosting,0.14690816616961425,0.14690816616961425,False,predicted_previous_year,14.690816616961424,-10.652080754188717
borough_196__age_3,196,3,25-34,0.1287583780717256,True,borough_age,13,5,0.10212178327612054,0,10,196,25-34,Gradient Boosting,0.10212178327612054,0.10212178327612054,False,predicted_previous_year,10.212178327612055,-2.663659479560507
borough_196__age_4,196,4,35-44,0.1345358820138205,True,borough_age,13,5,0.10212178327612054,0,10,196,35-44,Gradient Boosting,0.10212178327612054,0.10212178327612054,False,predicted_previous_year,10.212178327612055,-3.241409873769996
borough_196__age_5,196,5,45-54,0.0634309159499543,True,borough_age,13,5,0.12215764565241072,0,10,196,45-54,Gradient Boosting,0.12215764565241072,0.12215764565241072,False,predicted_previous_year,12.215764565241072,5.872672970245642
borough_196__age_6,196,6,55-64,0.1335591128580651,True,borough_age,13,5,0.10212178327612054,0,10,196,55-64,Gradient Boosting,0.10212178327612054,0.10212178327612054,False,predicted_previous_year,10.212178327612055,-3.143732958194456
borough_196__age_7,196,7,65-74,0.1256069508551165,True,borough_age,13,5,0.10212178327612054,0,10,196,65-74,Gradient Boosting,0.10212178327612054,0.10212178327612054,False,predicted_previous_year,10.212178327612055,-2.3485167578995965
borough_196__age_8,196,8,75-84,0.0,True,borough_age,13,5,0.09488684547263461,0,10,196,75-84,Gradient Boosting,0.09488684547263461,0.09488684547263461,False,predicted_previous_year,9.48868454726346,9.48868454726346
borough_196__age_9,196,9,85+,0.0,True,borough_age,13,5,0.030881796315896357,0,10,196,85+,Gradient Boosting,0.030881796315896357,0.030881796315896357,False,predicted_previous_year,3.088179631589636,3.088179631589636
borough_201__age_2,201,2,16-24,0.0795047643908059,True,borough_age,13,5,0.16698792962481301,0,10,201,16-24,Gradient Boosting,0.16698792962481301,0.16698792962481301,False,predicted_previous_year,16.698792962481303,8.748316523400712
borough_201__age_3,201,3,25-34,0.1716714996357737,True,borough_age,13,5,0.12458656197166748,0,10,201,25-34,Gradient Boosting,0.12458656197166748,0.12458656197166748,False,predicted_previous_year,12.458656197166748,-4.708493766410621
borough_201__age_4,201,4,35-44,0.0722774722963231,True,borough_age,13,5,0.12458656197166748,0,10,201,35-44,Gradient Boosting,0.12458656197166748,0.12458656197166748,False,predicted_previous_year,12.458656197166748,5.230908967534438
borough_201__age_5,201,5,45-54,0.2574666429442293,True,borough_age,13,5,0.14462242434795763,0,10,201,45-54,Gradient Boosting,0.14462242434795763,0.14462242434795763,False,predicted_previous_year,14.462242434795764,-11.284421859627164
borough_201__age_6,201,6,55-64,0.2103700230167736,True,borough_age,13,5,0.12458656197166748,0,10,201,55-64,Gradient Boosting,0.12458656197166748,0.12458656197166748,False,predicted_previous_year,12.458656197166748,-8.578346104510612
borough_201__age_7,201,7,65-74,0.1972325953097849,True,borough_age,13,5,0.12458656197166748,0,10,201,65-74,Gradient Boosting,0.12458656197166748,0.12458656197166748,False,predicted_previous_year,12.458656197166748,-7.264603333811742
borough_201__age_8,201,8,75-84,0.0885446603927944,True,borough_age,13,5,0.11735162416818155,0,10,201,75-84,Gradient Boosting,0.11735162416818155,0.11735162416818155,False,predicted_previous_year,11.735162416818156,2.880696377538715
borough_201__age_9,201,9,85+,0.7818935248331759,True,borough_age,13,5,0.05508131390845019,0,10,201,85+,Gradient Boosting,0.05508131390845019,0.05508131390845019,False,predicted_previous_year,5.508131390845019,-72.68122109247257
borough_241__age_2,241,2,16-24,0.0678208213580317,True,borough_age,13,5,0.14690816616961425,0,10,241,16-24,Gradient Boosting,0.14690816616961425,0.14690816616961425,False,predicted_previous_year,14.690816616961424,7.9087344811582545
borough_241__age_3,241,3,25-34,0.058794743636458,True,borough_age,13,5,0.10212178327612054,0,10,241,25-34,Gradient Boosting,0.10212178327612054,0.10212178327612054,False,predicted_previous_year,10.212178327612055,4.332703963966254
borough_241__age_4,241,4,35-44,0.0988392386795421,True,borough_age,13,5,0.10212178327612054,0,10,241,35-44,Gradient Boosting,0.10212178327612054,0.10212178327612054,False,predicted_previous_year,10.212178327612055,0.3282544596578438
borough_241__age_5,241,5,45-54,0.2269102052722818,True,borough_age,13,5,0.12215764565241072,0,10,241,45-54,Gradient Boosting,0.12215764565241072,0.12215764565241072,False,predicted_previous_year,12.215764565241072,-10.47525596198711
borough_241__age_6,241,6,55-64,0.240593405099986,True,borough_age,13,5,0.10212178327612054,0,10,241,55-64,Gradient Boosting,0.10212178327612054,0.10212178327612054,False,predicted_previous_year,10.212178327612055,-13.847162182386546
borough_241__age_7,241,7,65-74,0.1377936830547056,True,borough_age,13,5,0.10212178327612054,0,10,241,65-74,Gradient Boosting,0.10212178327612054,0.10212178327612054,False,predicted_previous_year,10.212178327612055,-3.5671899778585066
borough_241__age_8,241,8,75-84,0.1162083472473376,True,borough_age,13,5,0.09488684547263461,0,10,241,75-84,Gradient Boosting,0.09488684547263461,0.09488684547263461,False,predicted_previous_year,9.48868454726346,-2.132150177470299
borough_241__age_9,241,9,85+,0.0,True,borough_age,13,5,0.030881796315896357,0,10,241,85+,Gradient Boosting,0.030881796315896357,0.030881796315896357,False,predicted_previous_year,3.088179631589636,3.088179631589636
borough_255__age_2,255,2,16-24,0.10154156428364,True,borough_age,13,5,0.14690816616961425,0,10,255,16-24,Gradient Boosting,0.14690816616961425,0.14690816616961425,False,predicted_previous_year,14.690816616961424,4.536660188597424
borough_255__age_3,255,3,25-34,0.1653902954434869,True,borough_age,13,5,0.10212178327612054,0,10,255,25-34,Gradient Boosting,0.10212178327612054,0.10212178327612054,False,predicted_previous_year,10.212178327612055,-6.326851216736637
borough_255__age_4,255,4,35-44,0.0400467641552663,True,borough_age,13,5,0.10212178327612054,0,10,255,35-44,Gradient Boosting,0.10212178327612054,0.10212178327612054,False,predicted_previous_year,10.212178327612055,6.207501912085424
borough_255__age_5,255,5,45-54,0.1729712370386921,True,borough_age,13,5,0.12215764565241072,0,10,255,45-54,Gradient Boosting,0.12215764565241072,0.12215764565241072,False,predicted_previous_year,12.215764565241072,-5.081359138628139
borough_255__age_6,255,6,55-64,0.0784551299863328,True,borough_age,13,5,0.10212178327612054,0,10,255,55-64,Gradient Boosting,0.10212178327612054,0.10212178327612054,False,predicted_previous_year,10.212178327612055,2.3666653289787734
borough_255__age_7,255,7,65-74,0.1526496728991635,True,borough_age,13,5,0.10212178327612054,0,10,255,65-74,Gradient Boosting,0.10212178327612054,0.10212178327612054,False,predicted_previous_year,10.212178327612055,-5.052788962304297
borough_255__age_8,255,8,75-84,0.156207659709548,True,borough_age,13,5,0.09488684547263461,0,10,255,75-84,Gradient Boosting,0.09488684547263461,0.09488684547263461,False,predicted_previous_year,9.48868454726346,-6.132081423691339
borough_255__age_9,255,9,85+,0.0,True,borough_age,13,5,0.030881796315896357,0,10,255,85+,Gradient Boosting,0.030881796315896357,0.030881796315896357,False,predicted_previous_year,3.088179631589636,3.088179631589636
borough_272__age_2,272,2,16-24,0.0800107671240446,True,borough_age,13,5,0.1284622367536837,0,10,272,16-24,Gradient Boosting,0.1284622367536837,0.1284622367536837,False,predicted_previous_year,12.846223675368371,4.84514696296391
borough_272__age_3,272,3,25-34,0.108482865604089,True,borough_age,13,5,0.08640738593431602,0,10,272,25-34,Gradient Boosting,0.08640738593431602,0.08640738593431602,False,predicted_previous_year,8.640738593431601,-2.207547966977298
borough_272__age_4,272,4,35-44,0.1605400522145847,True,borough_age,13,5,0.08640738593431602,0,10,272,35-44,Gradient Boosting,0.08640738593431602,0.08640738593431602,False,predicted_previous_year,8.640738593431601,-7.413266628026868
borough_272__age_5,272,5,45-54,0.1180466658637206,True,borough_age,13,5,0.10517679821440074,0,10,272,45-54,Gradient Boosting,0.10517679821440074,0.10517679821440074,False,predicted_previous_year,10.517679821440073,-1.2869867649319868
borough_272__age_6,272,6,55-64,0.102922918114901,True,borough_age,13,5,0.08640738593431602,0,10,272,55-64,Gradient Boosting,0.08640738593431602,0.08640738593431602,False,predicted_previous_year,8.640738593431601,-1.6515532180584978
borough_272__age_7,272,7,65-74,0.1043646259817551,True,borough_age,13,5,0.08640738593431602,0,10,272,65-74,Gradient Boosting,0.08640738593431602,0.08640738593431602,False,predicted_previous_year,8.640738593431601,-1.795724004743908
borough_272__age_8,272,8,75-84,0.0,True,borough_age,13,5,0.07917244813083009,0,10,272,75-84,Gradient Boosting,0.07917244813083009,0.07917244813083009,False,predicted_previous_year,7.917244813083009,7.917244813083009
borough_272__age_9,272,9,85+,0.0,True,borough_age,13,5,0.0190375144635297,0,10,272,85+,Gradient Boosting,0.0190375144635297,0.0190375144635297,False,predicted_previous_year,1.90375144635297,1.90375144635297
borough_279__age_2,279,2,16-24,0.1177890234741966,True,borough_age,13,5,0.14690816616961425,0,10,279,16-24,Gradient Boosting,0.14690816616961425,0.14690816616961425,False,predicted_previous_year,14.690816616961424,2.911914269541764
borough_279__age_3,279,3,25-34,0.098155003333648,True,borough_age,13,5,0.10212178327612054,0,10,279,25-34,Gradient Boosting,0.10212178327612054,0.10212178327612054,False,predicted_previous_year,10.212178327612055,0.3966779942472534
borough_279__age_4,279,4,35-44,0.0596788601176883,True,borough_age,13,5,0.10212178327612054,0,10,279,35-44,Gradient Boosting,0.10212178327612054,0.10212178327612054,False,predicted_previous_year,10.212178327612055,4.244292315843224
borough_279__age_5,279,5,45-54,0.2231357785425123,True,borough_age,13,5,0.12215764565241072,0,10,279,45-54,Gradient Boosting,0.12215764565241072,0.12215764565241072,False,predicted_previous_year,12.215764565241072,-10.097813289010157
borough_279__age_6,279,6,55-64,0.0821393232373831,True,borough_age,13,5,0.10212178327612054,0,10,279,55-64,Gradient Boosting,0.10212178327612054,0.10212178327612054,False,predicted_previous_year,10.212178327612055,1.9982460038737437
borough_279__age_7,279,7,65-74,0.117766199343256,True,borough_age,13,5,0.10212178327612054,0,10,279,65-74,Gradient Boosting,0.10212178327612054,0.10212178327612054,False,predicted_previous_year,10.212178327612055,-1.5644416067135458
borough_279__age_8,279,8,75-84,0.2455551595848398,True,borough_age,13,5,0.09488684547263461,0,10,279,75-84,Gradient Boosting,0.09488684547263461,0.09488684547263461,False,predicted_previous_year,9.48868454726346,-15.066831411220521
borough_279__age_9,279,9,85+,0.0,True,borough_age,13,5,0.030881796315896357,0,10,279,85+,Gradient Boosting,0.030881796315896357,0.030881796315896357,False,predicted_previous_year,3.088179631589636,3.088179631589636
borough_280__age_2,280,2,16-24,0.2175199221667134,True,borough_age,13,5,0.14690816616961425,0,10,280,16-24,Gradient Boosting,0.14690816616961425,0.14690816616961425,False,predicted_previous_year,14.690816616961424,-7.061175599709915
borough_280__age_3,280,3,25-34,0.1785339472504633,True,borough_age,13,5,0.10212178327612054,0,10,280,25-34,Gradient Boosting,0.10212178327612054,0.10212178327612054,False,predicted_previous_year,10.212178327612055,-7.641216397434275
borough_280__age_4,280,4,35-44,0.1382975799349419,True,borough_age,13,5,0.10212178327612054,0,10,280,35-44,Gradient Boosting,0.10212178327612054,0.10212178327612054,False,predicted_previous_year,10.212178327612055,-3.617579665882137
borough_280__age_5,280,5,45-54,0.1736348527952486,True,borough_age,13,5,0.12215764565241072,0,10,280,45-54,Gradient Boosting,0.12215764565241072,0.12215764565241072,False,predicted_previous_year,12.215764565241072,-5.147720714283787
borough_280__age_6,280,6,55-64,0.1195770285800361,True,borough_age,13,5,0.10212178327612054,0,10,280,55-64,Gradient Boosting,0.10212178327612054,0.10212178327612054,False,predicted_previous_year,10.212178327612055,-1.7455245303915568
borough_280__age_7,280,7,65-74,0.1180429834185273,True,borough_age,13,5,0.10212178327612054,0,10,280,65-74,Gradient Boosting,0.10212178327612054,0.10212178327612054,False,predicted_previous_year,10.212178327612055,-1.5921200142406764
borough_280__age_8,280,8,75-84,0.0,True,borough_age,13,5,0.09488684547263461,0,10,280,75-84,Gradient Boosting,0.09488684547263461,0.09488684547263461,False,predicted_previous_year,9.48868454726346,9.48868454726346
borough_280__age_9,280,9,85+,,False,borough_age,13,5,0.030881796315896357,0,10,280,85+,Gradient Boosting,0.030881796315896357,0.030881796315896357,False,predicted_previous_year,3.088179631589636,
borough_293__age_2,293,2,16-24,0.0365913804747428,True,borough_age,13,5,0.14690816616961425,0,10,293,16-24,Gradient Boosting,0.14690816616961425,0.14690816616961425,False,predicted_previous_year,14.690816616961424,11.031678569487143
borough_293__age_3,293,3,25-34,0.053495384684282,True,borough_age,13,5,0.10212178327612054,0,10,293,25-34,Gradient Boosting,0.10212178327612054,0.10212178327612054,False,predicted_previous_year,10.212178327612055,4.8626398591838536
borough_293__age_4,293,4,35-44,0.0848082016959178,True,borough_age,13,5,0.10212178327612054,0,10,293,35-44,Gradient Boosting,0.10212178327612054,0.10212178327612054,False,predicted_previous_year,10.212178327612055,1.7313581580202742
borough_293__age_5,293,5,45-54,0.0425853298342185,True,borough_age,13,5,0.12215764565241072,0,10,293,45-54,Gradient Boosting,0.12215764565241072,0.12215764565241072,False,predicted_previous_year,12.215764565241072,7.957231581819221
borough_293__age_6,293,6,55-64,0.0,True,borough_age,13,5,0.10212178327612054,0,10,293,55-64,Gradient Boosting,0.10212178327612054,0.10212178327612054,False,predicted_previous_year,10.212178327612055,10.212178327612055
borough_293__age_7,293,7,65-74,0.1629366382871322,True,borough_age,13,5,0.10212178327612054,0,10,293,65-74,Gradient Boosting,0.10212178327612054,0.10212178327612054,False,predicted_previous_year,10.212178327612055,-6.081485501101167
borough_293__age_8,293,8,75-84,0.0748730696240282,True,borough_age,13,5,0.09488684547263461,0,10,293,75-84,Gradient Boosting,0.09488684547263461,0.09488684547263461,False,predicted_previous_year,9.48868454726346,2.0013775848606405
borough_293__age_9,293,9,85+,0.2982452615080974,True,borough_age,13,5,0.030881796315896357,0,10,293,85+,Gradient Boosting,0.030881796315896357,0.030881796315896357,False,predicted_previous_year,3.088179631589636,-26.7363465192201
borough_30__age_2,30,2,16-24,0.1266815448805876,True,borough_age,13,5,0.14690816616961425,0,10,30,16-24,Gradient Boosting,0.14690816616961425,0.14690816616961425,False,predicted_previous_year,14.690816616961424,2.0226621289026636
borough_30__age_3,30,3,25-34,0.1296019095741521,True,borough_age,13,5,0.10212178327612054,0,10,30,25-34,Gradient Boosting,0.10212178327612054,0.10212178327612054,False,predicted_previous_year,10.212178327612055,-2.7480126298031564
borough_30__age_4,30,4,35-44,0.0409930661080003,True,borough_age,13,5,0.10212178327612054,0,10,30,35-44,Gradient Boosting,0.10212178327612054,0.10212178327612054,False,predicted_previous_year,10.212178327612055,6.112871716812024
borough_30__age_5,30,5,45-54,0.0481665298293294,True,borough_age,13,5,0.12215764565241072,0,10,30,45-54,Gradient Boosting,0.12215764565241072,0.12215764565241072,False,predicted_previous_year,12.215764565241072,7.399111582308132
borough_30__age_6,30,6,55-64,0.2185169709253583,True,borough_age,13,5,0.10212178327612054,0,10,30,55-64,Gradient Boosting,0.10212178327612054,0.10212178327612054,False,predicted_previous_year,10.212178327612055,-11.639518764923777
borough_30__age_7,30,7,65-74,0.1102813234421443,True,borough_age,13,5,0.10212178327612054,0,10,30,65-74,Gradient Boosting,0.10212178327612054,0.10212178327612054,False,predicted_previous_year,10.212178327612055,-0.8159540166023758
borough_30__age_8,30,8,75-84,0.0,True,borough_age,13,5,0.09488684547263461,0,10,30,75-84,Gradient Boosting,0.09488684547263461,0.09488684547263461,False,predicted_previous_year,9.48868454726346,9.48868454726346
borough_30__age_9,30,9,85+,0.0,True,borough_age,13,5,0.030881796315896357,0,10,30,85+,Gradient Boosting,0.030881796315896357,0.030881796315896357,False,predicted_previous_year,3.088179631589636,3.088179631589636
borough_35__age_2,35,2,16-24,0.1329437810320942,True,borough_age,13,5,0.15685178274018832,0,10,35,16-24,Gradient Boosting,0.15685178274018832,0.15685178274018832,False,predicted_previous_year,15.685178274018833,2.3908001708094124
borough_35__age_3,35,3,25-34,0.1199166965134612,True,borough_age,13,5,0.11206539984669449,0,10,35,25-34,Gradient Boosting,0.11206539984669449,0.11206539984669449,False,predicted_previous_year,11.20653998466945,-0.7851296666766705
borough_35__age_4,35,4,35-44,0.1747605590951717,True,borough_age,13,5,0.11206539984669449,0,10,35,35-44,Gradient Boosting,0.11206539984669449,0.11206539984669449,False,predicted_previous_year,11.20653998466945,-6.269515924847722
borough_35__age_5,35,5,45-54,0.1348480143636899,True,borough_age,13,5,0.13210126222298468,0,10,35,45-54,Gradient Boosting,0.13210126222298468,0.13210126222298468,False,predicted_previous_year,13.210126222298468,-0.27467521407052164
borough_35__age_6,35,6,55-64,0.0630826112710657,True,borough_age,13,5,0.11206539984669449,0,10,35,55-64,Gradient Boosting,0.11206539984669449,0.11206539984669449,False,predicted_previous_year,11.20653998466945,4.89827885756288
borough_35__age_7,35,7,65-74,0.1554150669857758,True,borough_age,13,5,0.11206539984669449,0,10,35,65-74,Gradient Boosting,0.11206539984669449,0.11206539984669449,False,predicted_previous_year,11.20653998466945,-4.334966713908132
borough_35__age_8,35,8,75-84,0.1911425029081757,True,borough_age,13,5,0.1094391655402427,0,10,35,75-84,Gradient Boosting,0.1094391655402427,0.1094391655402427,False,predicted_previous_year,10.94391655402427,-8.1703337367933
borough_35__age_9,35,9,85+,0.0,True,borough_age,13,5,0.04082541288647035,0,10,35,85+,Gradient Boosting,0.04082541288647035,0.04082541288647035,False,predicted_previous_year,4.082541288647034,4.082541288647034
borough_44__age_2,44,2,16-24,0.138991032966824,True,borough_age,13,5,0.14690816616961425,0,10,44,16-24,Gradient Boosting,0.14690816616961425,0.14690816616961425,False,predicted_previous_year,14.690816616961424,0.791713320279025
borough_44__age_3,44,3,25-34,0.0971048226541429,True,borough_age,13,5,0.10212178327612054,0,10,44,25-34,Gradient Boosting,0.10212178327612054,0.10212178327612054,False,predicted_previous_year,10.212178327612055,0.5016960621977637
borough_44__age_4,44,4,35-44,0.2032943095383431,True,borough_age,13,5,0.10212178327612054,0,10,44,35-44,Gradient Boosting,0.10212178327612054,0.10212178327612054,False,predicted_previous_year,10.212178327612055,-10.117252626222257
borough_44__age_5,44,5,45-54,0.1201281480761936,True,borough_age,13,5,0.12215764565241072,0,10,44,45-54,Gradient Boosting,0.12215764565241072,0.12215764565241072,False,predicted_previous_year,12.215764565241072,0.20294975762171208
borough_44__age_6,44,6,55-64,0.0644168620962235,True,borough_age,13,5,0.10212178327612054,0,10,44,55-64,Gradient Boosting,0.10212178327612054,0.10212178327612054,False,predicted_previous_year,10.212178327612055,3.770492117989703
borough_44__age_7,44,7,65-74,0.3007397085419624,True,borough_age,13,5,0.10212178327612054,0,10,44,65-74,Gradient Boosting,0.10212178327612054,0.10212178327612054,False,predicted_previous_year,10.212178327612055,-19.86179252658419
borough_44__age_8,44,8,75-84,0.0,True,borough_age,13,5,0.09488684547263461,0,10,44,75-84,Gradient Boosting,0.09488684547263461,0.09488684547263461,False,predicted_previous_year,9.48868454726346,9.48868454726346
borough_44__age_9,44,9,85+,0.3893886161014656,True,borough_age,13,5,0.030881796315896357,0,10,44,85+,Gradient Boosting,0.030881796315896357,0.030881796315896357,False,predicted_previous_year,3.088179631589636,-35.85068197855692
borough_68__age_2,68,2,16-24,0.1927475039694993,True,borough_age,13,5,0.14690816616961425,0,10,68,16-24,Gradient Boosting,0.14690816616961425,0.14690816616961425,False,predicted_previous_year,14.690816616961424,-4.583933779988506
borough_68__age_3,68,3,25-34,0.1652106450298921,True,borough_age,13,5,0.10212178327612054,0,10,68,25-34,Gradient Boosting,0.10212178327612054,0.10212178327612054,False,predicted_previous_year,10.212178327612055,-6.308886175377157
borough_68__age_4,68,4,35-44,0.1747297364388737,True,borough_age,13,5,0.10212178327612054,0,10,68,35-44,Gradient Boosting,0.10212178327612054,0.10212178327612054,False,predicted_previous_year,10.212178327612055,-7.260795316275318
borough_68__age_5,68,5,45-54,0.1150694174560084,True,borough_age,13,5,0.12215764565241072,0,10,68,45-54,Gradient Boosting,0.12215764565241072,0.12215764565241072,False,predicted_previous_year,12.215764565241072,0.7088228196402313
borough_68__age_6,68,6,55-64,0.1235877635087129,True,borough_age,13,5,0.10212178327612054,0,10,68,55-64,Gradient Boosting,0.10212178327612054,0.10212178327612054,False,predicted_previous_year,10.212178327612055,-2.146598023259236
borough_68__age_7,68,7,65-74,0.1802983858678723,True,borough_age,13,5,0.10212178327612054,0,10,68,65-74,Gradient Boosting,0.10212178327612054,0.10212178327612054,False,predicted_previous_year,10.212178327612055,-7.817660259175177
borough_68__age_8,68,8,75-84,0.1444180719091273,True,borough_age,13,5,0.09488684547263461,0,10,68,75-84,Gradient Boosting,0.09488684547263461,0.09488684547263461,False,predicted_previous_year,9.48868454726346,-4.95312264364927
borough_68__age_9,68,9,85+,0.0,True,borough_age,13,5,0.030881796315896357,0,10,68,85+,Gradient Boosting,0.030881796315896357,0.030881796315896357,False,predicted_previous_year,3.088179631589636,3.088179631589636
borough_78__age_2,78,2,16-24,0.2374752869271083,True,borough_age,13,5,0.14690816616961425,0,10,78,16-24,Gradient Boosting,0.14690816616961425,0.14690816616961425,False,predicted_previous_year,14.690816616961424,-9.056712075749404
borough_78__age_3,78,3,25-34,0.1086282749866392,True,borough_age,13,5,0.10212178327612054,0,10,78,25-34,Gradient Boosting,0.10212178327612054,0.10212178327612054,False,predicted_previous_year,10.212178327612055,-0.650649171051866
borough_78__age_4,78,4,35-44,0.2341997299602941,True,borough_age,13,5,0.10212178327612054,0,10,78,35-44,Gradient Boosting,0.10212178327612054,0.10212178327612054,False,predicted_previous_year,10.212178327612055,-13.207794668417355
borough_78__age_5,78,5,45-54,0.0729888922299857,True,borough_age,13,5,0.12215764565241072,0,10,78,45-54,Gradient Boosting,0.12215764565241072,0.12215764565241072,False,predicted_previous_year,12.215764565241072,4.916875342242502
borough_78__age_6,78,6,55-64,0.1802087151102049,True,borough_age,13,5,0.10212178327612054,0,10,78,55-64,Gradient Boosting,0.10212178327612054,0.10212178327612054,False,predicted_previous_year,10.212178327612055,-7.808693183408436
borough_78__age_7,78,7,65-74,0.0902303355270237,True,borough_age,13,5,0.10212178327612054,0,10,78,65-74,Gradient Boosting,0.10212178327612054,0.10212178327612054,False,predicted_previous_year,10.212178327612055,1.189144774909684
borough_78__age_8,78,8,75-84,0.0961920669437747,True,borough_age,13,5,0.09488684547263461,0,10,78,75-84,Gradient Boosting,0.09488684547263461,0.09488684547263461,False,predicted_previous_year,9.48868454726346,-0.13052214711400945
borough_78__age_9,78,9,85+,0.0,True,borough_age,13,5,0.030881796315896357,0,10,78,85+,Gradient Boosting,0.030881796315896357,0.030881796315896357,False,predicted_previous_year,3.088179631589636,3.088179631589636
borough_8__age_2,8,2,16-24,0.1407954267683174,True,borough_age,13,5,0.1426659785497293,0,10,8,16-24,Gradient Boosting,0.1426659785497293,0.1426659785497293,False,predicted_previous_year,14.266597854972929,0.18705517814118777
borough_8__age_3,8,3,25-34,0.0118631592440379,True,borough_age,13,5,0.09787959565623564,0,10,8,25-34,Gradient Boosting,0.09787959565623564,0.09787959565623564,False,predicted_previous_year,9.787959565623563,8.601643641219773
borough_8__age_4,8,4,35-44,0.0847926362282693,True,borough_age,13,5,0.09787959565623564,0,10,8,35-44,Gradient Boosting,0.09787959565623564,0.09787959565623564,False,predicted_previous_year,9.787959565623563,1.3086959427966338
borough_8__age_5,8,5,45-54,0.054559317842582,True,borough_age,13,5,0.12126748119394931,0,10,8,45-54,Gradient Boosting,0.12126748119394931,0.12126748119394931,False,predicted_previous_year,12.12674811939493,6.670816335136731
borough_8__age_6,8,6,55-64,0.021951888745282,True,borough_age,13,5,0.09787959565623564,0,10,8,55-64,Gradient Boosting,0.09787959565623564,0.09787959565623564,False,predicted_previous_year,9.787959565623563,7.592770691095363
borough_8__age_7,8,7,65-74,0.0816491430620924,True,borough_age,13,5,0.09787959565623564,0,10,8,65-74,Gradient Boosting,0.09787959565623564,0.09787959565623564,False,predicted_previous_year,9.787959565623563,1.623045259414324
borough_8__age_8,8,8,75-84,0.0,True,borough_age,13,5,0.09064465785274971,0,10,8,75-84,Gradient Boosting,0.09064465785274971,0.09064465785274971,False,predicted_previous_year,9.06446578527497,9.06446578527497
borough_8__age_9,8,9,85+,0.0,True,borough_age,13,5,0.02752977315447282,0,10,8,85+,Gradient Boosting,0.02752977315447282,0.02752977315447282,False,predicted_previous_year,2.752977315447282,2.752977315447282
borough_91__age_2,91,2,16-24,0.1954980764691223,True,borough_age,13,5,0.14690816616961425,0,10,91,16-24,Gradient Boosting,0.14690816616961425,0.14690816616961425,False,predicted_previous_year,14.690816616961424,-4.858991029950804
borough_91__age_3,91,3,25-34,0.1670437671848623,True,borough_age,13,5,0.10212178327612054,0,10,91,25-34,Gradient Boosting,0.10212178327612054,0.10212178327612054,False,predicted_previous_year,10.212178327612055,-6.492198390874177
borough_91__age_4,91,4,35-44,0.1507412618990158,True,borough_age,13,5,0.10212178327612054,0,10,91,35-44,Gradient Boosting,0.10212178327612054,0.10212178327612054,False,predicted_previous_year,10.212178327612055,-4.861947862289526
borough_91__age_5,91,5,45-54,0.2425852217747439,True,borough_age,13,5,0.12215764565241072,0,10,91,45-54,Gradient Boosting,0.12215764565241072,0.12215764565241072,False,predicted_previous_year,12.215764565241072,-12.042757612233318
borough_91__age_6,91,6,55-64,0.1023560787826209,True,borough_age,13,5,0.10212178327612054,0,10,91,55-64,Gradient Boosting,0.10212178327612054,0.10212178327612054,False,predicted_previous_year,10.212178327612055,-0.02342955065003649
borough_91__age_7,91,7,65-74,0.1450885133922393,True,borough_age,13,5,0.10212178327612054,0,10,91,65-74,Gradient Boosting,0.10212178327612054,0.10212178327612054,False,predicted_previous_year,10.212178327612055,-4.296673011611876
borough_91__age_8,91,8,75-84,0.0,True,borough_age,13,5,0.09488684547263461,0,10,91,75-84,Gradient Boosting,0.09488684547263461,0.09488684547263461,False,predicted_previous_year,9.48868454726346,9.48868454726346
borough_91__age_9,91,9,85+,0.0,True,borough_age,13,5,0.030881796315896357,0,10,91,85+,Gradient Boosting,0.030881796315896357,0.030881796315896357,False,predicted_previous_year,3.088179631589636,3.088179631589636
borough_9__age_2,9,2,16-24,0.136809436694503,True,borough_age,13,5,0.14690816616961425,0,10,9,16-24,Gradient Boosting,0.14690816616961425,0.14690816616961425,False,predicted_previous_year,14.690816616961424,1.0098729475111257
borough_9__age_3,9,3,25-34,0.1081380138760557,True,borough_age,13,5,0.10212178327612054,0,10,9,25-34,Gradient Boosting,0.10212178327612054,0.10212178327612054,False,predicted_previous_year,10.212178327612055,-0.6016230599935168
borough_9__age_4,9,4,35-44,0.0550442922120358,True,borough_age,13,5,0.10212178327612054,0,10,9,35-44,Gradient Boosting,0.10212178327612054,0.10212178327612054,False,predicted_previous_year,10.212178327612055,4.707749106408474
borough_9__age_5,9,5,45-54,0.1897830190002452,True,borough_age,13,5,0.12215764565241072,0,10,9,45-54,Gradient Boosting,0.12215764565241072,0.12215764565241072,False,predicted_previous_year,12.215764565241072,-6.762537334783447
borough_9__age_6,9,6,55-64,0.1332208563303927,True,borough_age,13,5,0.10212178327612054,0,10,9,55-64,Gradient Boosting,0.10212178327612054,0.10212178327612054,False,predicted_previous_year,10.212178327612055,-3.1099073054272175
borough_9__age_7,9,7,65-74,0.0971098758722614,True,borough_age,13,5,0.10212178327612054,0,10,9,65-74,Gradient Boosting,0.10212178327612054,0.10212178327612054,False,predicted_previous_year,10.212178327612055,0.5011907403859137
borough_9__age_8,9,8,75-84,0.1037085087559272,True,borough_age,13,5,0.09488684547263461,0,10,9,75-84,Gradient Boosting,0.09488684547263461,0.09488684547263461,False,predicted_previous_year,9.48868454726346,-0.8821663283292591
borough_9__age_9,9,9,85+,0.0,True,borough_age,13,5,0.030881796315896357,0,10,9,85+,Gradient Boosting,0.030881796315896357,0.030881796315896357,False,predicted_previous_year,3.088179631589636,3.088179631589636
borough_107__age_2,107,2,16-24,0.1830338869817772,True,borough_age,14,6,0.14690816616961425,0,11,107,16-24,Gradient Boosting,0.14690816616961425,0.14690816616961425,False,predicted_previous_year,14.690816616961424,-3.6125720812162947
borough_107__age_3,107,3,25-34,0.062170666090344,True,borough_age,14,6,0.10212178327612054,0,11,107,25-34,Gradient Boosting,0.10212178327612054,0.10212178327612054,False,predicted_previous_year,10.212178327612055,3.9951117185776535
borough_107__age_4,107,4,35-44,0.1498867779151033,True,borough_age,14,6,0.10212178327612054,0,11,107,35-44,Gradient Boosting,0.10212178327612054,0.10212178327612054,False,predicted_previous_year,10.212178327612055,-4.776499463898276
borough_107__age_5,107,5,45-54,0.1118530314589703,True,borough_age,14,6,0.12215764565241072,0,11,107,45-54,Gradient Boosting,0.12215764565241072,0.12215764565241072,False,predicted_previous_year,12.215764565241072,1.030461419344042
borough_107__age_6,107,6,55-64,0.1111960470819738,True,borough_age,14,6,0.10212178327612054,0,11,107,55-64,Gradient Boosting,0.10212178327612054,0.10212178327612054,False,predicted_previous_year,10.212178327612055,-0.9074263805853258
borough_107__age_7,107,7,65-74,0.1071708277366629,True,borough_age,14,6,0.10212178327612054,0,11,107,65-74,Gradient Boosting,0.10212178327612054,0.10212178327612054,False,predicted_previous_year,10.212178327612055,-0.5049044460542357
borough_107__age_8,107,8,75-84,0.0852003854696602,True,borough_age,14,6,0.09488684547263461,0,11,107,75-84,Gradient Boosting,0.09488684547263461,0.09488684547263461,False,predicted_previous_year,9.48868454726346,0.9686460002974406
borough_107__age_9,107,9,85+,0.0,True,borough_age,14,6,0.030881796315896357,0,11,107,85+,Gradient Boosting,0.030881796315896357,0.030881796315896357,False,predicted_previous_year,3.088179631589636,3.088179631589636
borough_109__age_2,109,2,16-24,0.1277280054326884,True,borough_age,14,6,0.14032712958412633,0,11,109,16-24,Gradient Boosting,0.14032712958412633,0.14032712958412633,False,predicted_previous_year,14.032712958412633,1.2599124151437935
borough_109__age_3,109,3,25-34,0.0969215685548594,True,borough_age,14,6,0.0955407466906326,0,11,109,25-34,Gradient Boosting,0.0955407466906326,0.0955407466906326,False,predicted_previous_year,9.55407466906326,-0.13808218642267917
borough_109__age_4,109,4,35-44,0.1080165143988063,True,borough_age,14,6,0.0955407466906326,0,11,109,35-44,Gradient Boosting,0.0955407466906326,0.0955407466906326,False,predicted_previous_year,9.55407466906326,-1.24757677081737
borough_109__age_5,109,5,45-54,0.1028343749638182,True,borough_age,14,6,0.11557660906692278,0,11,109,45-54,Gradient Boosting,0.11557660906692278,0.11557660906692278,False,predicted_previous_year,11.557660906692279,1.2742234103104586
borough_109__age_6,109,6,55-64,0.0892493756523148,True,borough_age,14,6,0.0955407466906326,0,11,109,55-64,Gradient Boosting,0.0955407466906326,0.0955407466906326,False,predicted_previous_year,9.55407466906326,0.6291371038317797
borough_109__age_7,109,7,65-74,0.0879778713050493,True,borough_age,14,6,0.0955407466906326,0,11,109,65-74,Gradient Boosting,0.0955407466906326,0.0955407466906326,False,predicted_previous_year,9.55407466906326,0.7562875385583299
borough_109__age_8,109,8,75-84,0.0,True,borough_age,14,6,0.08830580888714668,0,11,109,75-84,Gradient Boosting,0.08830580888714668,0.08830580888714668,False,predicted_previous_year,8.830580888714668,8.830580888714668
borough_109__age_9,109,9,85+,1.0,True,borough_age,14,6,0.02609000174931056,0,11,109,85+,Gradient Boosting,0.02609000174931056,0.02609000174931056,False,predicted_previous_year,2.609000174931056,-97.39099982506895
borough_112__age_2,112,2,16-24,0.2261142180682152,True,borough_age,14,6,0.14690816616961425,0,11,112,16-24,Gradient Boosting,0.14690816616961425,0.14690816616961425,False,predicted_previous_year,14.690816616961424,-7.920605189860094
borough_112__age_3,112,3,25-34,0.0640628486811424,True,borough_age,14,6,0.10212178327612054,0,11,112,25-34,Gradient Boosting,0.10212178327612054,0.10212178327612054,False,predicted_previous_year,10.212178327612055,3.8058934594978138
borough_112__age_4,112,4,35-44,0.0746204593332339,True,borough_age,14,6,0.10212178327612054,0,11,112,35-44,Gradient Boosting,0.10212178327612054,0.10212178327612054,False,predicted_previous_year,10.212178327612055,2.7501323942886637
borough_112__age_5,112,5,45-54,0.147227748110462,True,borough_age,14,6,0.12215764565241072,0,11,112,45-54,Gradient Boosting,0.12215764565241072,0.12215764565241072,False,predicted_previous_year,12.215764565241072,-2.5070102458051275
borough_112__age_6,112,6,55-64,0.0343414090032645,True,borough_age,14,6,0.10212178327612054,0,11,112,55-64,Gradient Boosting,0.10212178327612054,0.10212178327612054,False,predicted_previous_year,10.212178327612055,6.778037427285604
borough_112__age_7,112,7,65-74,0.1168822183638024,True,borough_age,14,6,0.10212178327612054,0,11,112,65-74,Gradient Boosting,0.10212178327612054,0.10212178327612054,False,predicted_previous_year,10.212178327612055,-1.4760435087681865
borough_112__age_8,112,8,75-84,0.0933306994127133,True,borough_age,14,6,0.09488684547263461,0,11,112,75-84,Gradient Boosting,0.09488684547263461,0.09488684547263461,False,predicted_previous_year,9.48868454726346,0.15561460599213123
borough_112__age_9,112,9,85+,0.0,True,borough_age,14,6,0.030881796315896357,0,11,112,85+,Gradient Boosting,0.030881796315896357,0.030881796315896357,False,predicted_previous_year,3.088179631589636,3.088179631589636
borough_114__age_2,114,2,16-24,0.2948982486889035,True,borough_age,14,6,0.14690816616961425,0,11,114,16-24,Gradient Boosting,0.14690816616961425,0.14690816616961425,False,predicted_previous_year,14.690816616961424,-14.799008251928928
borough_114__age_3,114,3,25-34,0.1028483577200946,True,borough_age,14,6,0.10212178327612054,0,11,114,25-34,Gradient Boosting,0.10212178327612054,0.10212178327612054,False,predicted_previous_year,10.212178327612055,-0.07265744439740596
borough_114__age_4,114,4,35-44,0.2136147467942589,True,borough_age,14,6,0.10212178327612054,0,11,114,35-44,Gradient Boosting,0.10212178327612054,0.10212178327612054,False,predicted_previous_year,10.212178327612055,-11.149296351813836
borough_114__age_5,114,5,45-54,0.1780346218589068,True,borough_age,14,6,0.12215764565241072,0,11,114,45-54,Gradient Boosting,0.12215764565241072,0.12215764565241072,False,predicted_previous_year,12.215764565241072,-5.587697620649609
borough_114__age_6,114,6,55-64,0.0694691139045843,True,borough_age,14,6,0.10212178327612054,0,11,114,55-64,Gradient Boosting,0.10212178327612054,0.10212178327612054,False,predicted_previous_year,10.212178327612055,3.265266937153624
borough_114__age_7,114,7,65-74,0.0457667051904853,True,borough_age,14,6,0.10212178327612054,0,11,114,65-74,Gradient Boosting,0.10212178327612054,0.10212178327612054,False,predicted_previous_year,10.212178327612055,5.635507808563524
borough_114__age_8,114,8,75-84,0.1682705246338149,True,borough_age,14,6,0.09488684547263461,0,11,114,75-84,Gradient Boosting,0.09488684547263461,0.09488684547263461,False,predicted_previous_year,9.48868454726346,-7.338367916118028
borough_114__age_9,114,9,85+,0.0,True,borough_age,14,6,0.030881796315896357,0,11,114,85+,Gradient Boosting,0.030881796315896357,0.030881796315896357,False,predicted_previous_year,3.088179631589636,3.088179631589636
borough_117__age_2,117,2,16-24,0.4203709770680243,True,borough_age,14,6,0.14690816616961425,0,11,117,16-24,Gradient Boosting,0.14690816616961425,0.14690816616961425,False,predicted_previous_year,14.690816616961424,-27.346281089841007
borough_117__age_3,117,3,25-34,0.1543324705532756,True,borough_age,14,6,0.10212178327612054,0,11,117,25-34,Gradient Boosting,0.10212178327612054,0.10212178327612054,False,predicted_previous_year,10.212178327612055,-5.2210687277155055
borough_117__age_4,117,4,35-44,0.2185199229122329,True,borough_age,14,6,0.10212178327612054,0,11,117,35-44,Gradient Boosting,0.10212178327612054,0.10212178327612054,False,predicted_previous_year,10.212178327612055,-11.639813963611237
borough_117__age_5,117,5,45-54,0.1084854084311771,True,borough_age,14,6,0.12215764565241072,0,11,117,45-54,Gradient Boosting,0.12215764565241072,0.12215764565241072,False,predicted_previous_year,12.215764565241072,1.3672237221233619
borough_117__age_6,117,6,55-64,0.1430798972872334,True,borough_age,14,6,0.10212178327612054,0,11,117,55-64,Gradient Boosting,0.10212178327612054,0.10212178327612054,False,predicted_previous_year,10.212178327612055,-4.095811401111285
borough_117__age_7,117,7,65-74,0.1122886513018232,True,borough_age,14,6,0.10212178327612054,0,11,117,65-74,Gradient Boosting,0.10212178327612054,0.10212178327612054,False,predicted_previous_year,10.212178327612055,-1.0166868025702658
borough_117__age_8,117,8,75-84,0.0779386456522035,True,borough_age,14,6,0.09488684547263461,0,11,117,75-84,Gradient Boosting,0.09488684547263461,0.09488684547263461,False,predicted_previous_year,9.48868454726346,1.694819982043111
borough_117__age_9,117,9,85+,0.0,True,borough_age,14,6,0.030881796315896357,0,11,117,85+,Gradient Boosting,0.030881796315896357,0.030881796315896357,False,predicted_previous_year,3.088179631589636,3.088179631589636
borough_122__age_2,122,2,16-24,0.3088608067401731,True,borough_age,14,6,0.14690816616961425,0,11,122,16-24,Gradient Boosting,0.14690816616961425,0.14690816616961425,False,predicted_previous_year,14.690816616961424,-16.195264057055883
borough_122__age_3,122,3,25-34,0.1442301087459172,True,borough_age,14,6,0.10212178327612054,0,11,122,25-34,Gradient Boosting,0.10212178327612054,0.10212178327612054,False,predicted_previous_year,10.212178327612055,-4.210832546979668
borough_122__age_4,122,4,35-44,0.0791386868878573,True,borough_age,14,6,0.10212178327612054,0,11,122,35-44,Gradient Boosting,0.10212178327612054,0.10212178327612054,False,predicted_previous_year,10.212178327612055,2.2983096388263236
borough_122__age_5,122,5,45-54,0.1158792440070687,True,borough_age,14,6,0.12215764565241072,0,11,122,45-54,Gradient Boosting,0.12215764565241072,0.12215764565241072,False,predicted_previous_year,12.215764565241072,0.6278401645342019
borough_122__age_6,122,6,55-64,0.0569546562253774,True,borough_age,14,6,0.10212178327612054,0,11,122,55-64,Gradient Boosting,0.10212178327612054,0.10212178327612054,False,predicted_previous_year,10.212178327612055,4.516712705074314
borough_122__age_7,122,7,65-74,0.0706687377129613,True,borough_age,14,6,0.10212178327612054,0,11,122,65-74,Gradient Boosting,0.10212178327612054,0.10212178327612054,False,predicted_previous_year,10.212178327612055,3.145304556315924
borough_122__age_8,122,8,75-84,0.0,True,borough_age,14,6,0.09488684547263461,0,11,122,75-84,Gradient Boosting,0.09488684547263461,0.09488684547263461,False,predicted_previous_year,9.48868454726346,9.48868454726346
borough_122__age_9,122,9,85+,0.0597454556181791,True,borough_age,14,6,0.030881796315896357,0,11,122,85+,Gradient Boosting,0.030881796315896357,0.030881796315896357,False,predicted_previous_year,3.088179631589636,-2.8863659302282745
borough_126__age_2,126,2,16-24,0.2083077469092099,True,borough_age,14,6,0.14690816616961425,0,11,126,16-24,Gradient Boosting,0.14690816616961425,0.14690816616961425,False,predicted_previous_year,14.690816616961424,-6.139958073959565
borough_126__age_3,126,3,25-34,0.1289908975060883,True,borough_age,14,6,0.10212178327612054,0,11,126,25-34,Gradient Boosting,0.10212178327612054,0.10212178327612054,False,predicted_previous_year,10.212178327612055,-2.6869114229967765
borough_126__age_4,126,4,35-44,0.1890814068594321,True,borough_age,14,6,0.10212178327612054,0,11,126,35-44,Gradient Boosting,0.10212178327612054,0.10212178327612054,False,predicted_previous_year,10.212178327612055,-8.695962358331155
borough_126__age_5,126,5,45-54,0.0832523963953507,True,borough_age,14,6,0.12215764565241072,0,11,126,45-54,Gradient Boosting,0.12215764565241072,0.12215764565241072,False,predicted_previous_year,12.215764565241072,3.8905249257060017
borough_126__age_6,126,6,55-64,0.0329659353536502,True,borough_age,14,6,0.10212178327612054,0,11,126,55-64,Gradient Boosting,0.10212178327612054,0.10212178327612054,False,predicted_previous_year,10.212178327612055,6.915584792247034
borough_126__age_7,126,7,65-74,0.0446104376346828,True,borough_age,14,6,0.10212178327612054,0,11,126,65-74,Gradient Boosting,0.10212178327612054,0.10212178327612054,False,predicted_previous_year,10.212178327612055,5.751134564143774
borough_126__age_8,126,8,75-84,0.1290739177744028,True,borough_age,14,6,0.09488684547263461,0,11,126,75-84,Gradient Boosting,0.09488684547263461,0.09488684547263461,False,predicted_previous_year,9.48868454726346,-3.4187072301768193
borough_126__age_9,126,9,85+,0.0,True,borough_age,14,6,0.030881796315896357,0,11,126,85+,Gradient Boosting,0.030881796315896357,0.030881796315896357,False,predicted_previous_year,3.088179631589636,3.088179631589636
borough_129__age_2,129,2,16-24,0.2038231836162495,True,borough_age,14,6,0.14690816616961425,0,11,129,16-24,Gradient Boosting,0.14690816616961425,0.14690816616961425,False,predicted_previous_year,14.690816616961424,-5.691501744663524
borough_129__age_3,129,3,25-34,0.3626871920377716,True,borough_age,14,6,0.10212178327612054,0,11,129,25-34,Gradient Boosting,0.10212178327612054,0.10212178327612054,False,predicted_previous_year,10.212178327612055,-26.05654087616511
borough_129__age_4,129,4,35-44,0.1693291010444767,True,borough_age,14,6,0.10212178327612054,0,11,129,35-44,Gradient Boosting,0.10212178327612054,0.10212178327612054,False,predicted_previous_year,10.212178327612055,-6.720731776835617
borough_129__age_5,129,5,45-54,0.2107794356419741,True,borough_age,14,6,0.12215764565241072,0,11,129,45-54,Gradient Boosting,0.12215764565241072,0.12215764565241072,False,predicted_previous_year,12.215764565241072,-8.862178998956338
borough_129__age_6,129,6,55-64,0.1583262841767176,True,borough_age,14,6,0.10212178327612054,0,11,129,55-64,Gradient Boosting,0.10212178327612054,0.10212178327612054,False,predicted_previous_year,10.212178327612055,-5.620450090059706
borough_129__age_7,129,7,65-74,0.0453793739367163,True,borough_age,14,6,0.10212178327612054,0,11,129,65-74,Gradient Boosting,0.10212178327612054,0.10212178327612054,False,predicted_previous_year,10.212178327612055,5.674240933940424
borough_129__age_8,129,8,75-84,0.0446931913421307,True,borough_age,14,6,0.09488684547263461,0,11,129,75-84,Gradient Boosting,0.09488684547263461,0.09488684547263461,False,predicted_previous_year,9.48868454726346,5.019365413050391
borough_129__age_9,129,9,85+,0.0,True,borough_age,14,6,0.030881796315896357,0,11,129,85+,Gradient Boosting,0.030881796315896357,0.030881796315896357,False,predicted_previous_year,3.088179631589636,3.088179631589636
borough_135__age_2,135,2,16-24,0.2465278382607494,True,borough_age,14,6,0.1466690549749913,0,11,135,16-24,Gradient Boosting,0.1466690549749913,0.1466690549749913,False,predicted_previous_year,14.66690549749913,-9.98587832857581
borough_135__age_3,135,3,25-34,0.101955094353257,True,borough_age,14,6,0.10188267208149762,0,11,135,25-34,Gradient Boosting,0.10188267208149762,0.10188267208149762,False,predicted_previous_year,10.188267208149762,-0.007242227175938143
borough_135__age_4,135,4,35-44,0.0281520798809513,True,borough_age,14,6,0.10188267208149762,0,11,135,35-44,Gradient Boosting,0.10188267208149762,0.10188267208149762,False,predicted_previous_year,10.188267208149762,7.373059220054631
borough_135__age_5,135,5,45-54,0.1799828139945925,True,borough_age,14,6,0.12215764565241072,0,11,135,45-54,Gradient Boosting,0.12215764565241072,0.12215764565241072,False,predicted_previous_year,12.215764565241072,-5.782516834218179
borough_135__age_6,135,6,55-64,0.0243647187736236,True,borough_age,14,6,0.10188267208149762,0,11,135,55-64,Gradient Boosting,0.10188267208149762,0.10188267208149762,False,predicted_previous_year,10.188267208149762,7.7517953307874015
borough_135__age_7,135,7,65-74,0.0514010004029078,True,borough_age,14,6,0.10188267208149762,0,11,135,65-74,Gradient Boosting,0.10188267208149762,0.10188267208149762,False,predicted_previous_year,10.188267208149762,5.048167167858982
borough_135__age_8,135,8,75-84,0.0,True,borough_age,14,6,0.0946477342780117,0,11,135,75-84,Gradient Boosting,0.0946477342780117,0.0946477342780117,False,predicted_previous_year,9.46477342780117,9.46477342780117
borough_135__age_9,135,9,85+,0.0,True,borough_age,14,6,0.030642685121273435,0,11,135,85+,Gradient Boosting,0.030642685121273435,0.030642685121273435,False,predicted_previous_year,3.0642685121273434,3.0642685121273434
borough_136__age_2,136,2,16-24,0.2175922027539195,True,borough_age,14,6,0.14690816616961425,0,11,136,16-24,Gradient Boosting,0.14690816616961425,0.14690816616961425,False,predicted_previous_year,14.690816616961424,-7.068403658430525
borough_136__age_3,136,3,25-34,0.0824747054000288,True,borough_age,14,6,0.10212178327612054,0,11,136,25-34,Gradient Boosting,0.10212178327612054,0.10212178327612054,False,predicted_previous_year,10.212178327612055,1.964707787609174
borough_136__age_4,136,4,35-44,0.0630906365390111,True,borough_age,14,6,0.10212178327612054,0,11,136,35-44,Gradient Boosting,0.10212178327612054,0.10212178327612054,False,predicted_previous_year,10.212178327612055,3.903114673710943
borough_136__age_5,136,5,45-54,0.1685184718437112,True,borough_age,14,6,0.12215764565241072,0,11,136,45-54,Gradient Boosting,0.12215764565241072,0.12215764565241072,False,predicted_previous_year,12.215764565241072,-4.636082619130047
borough_136__age_6,136,6,55-64,0.159178130394973,True,borough_age,14,6,0.10212178327612054,0,11,136,55-64,Gradient Boosting,0.10212178327612054,0.10212178327612054,False,predicted_previous_year,10.212178327612055,-5.705634711885247
borough_136__age_7,136,7,65-74,0.1216733013386517,True,borough_age,14,6,0.10212178327612054,0,11,136,65-74,Gradient Boosting,0.10212178327612054,0.10212178327612054,False,predicted_previous_year,10.212178327612055,-1.9551518062531166
borough_136__age_8,136,8,75-84,0.1458657405865573,True,borough_age,14,6,0.09488684547263461,0,11,136,75-84,Gradient Boosting,0.09488684547263461,0.09488684547263461,False,predicted_previous_year,9.48868454726346,-5.097889511392268
borough_136__age_9,136,9,85+,0.0,True,borough_age,14,6,0.030881796315896357,0,11,136,85+,Gradient Boosting,0.030881796315896357,0.030881796315896357,False,predicted_previous_year,3.088179631589636,3.088179631589636
borough_139__age_2,139,2,16-24,0.1534383211287253,True,borough_age,14,6,0.16009097588069765,0,11,139,16-24,Gradient Boosting,0.16009097588069765,0.16009097588069765,False,predicted_previous_year,16.009097588069764,0.6652654751972353
borough_139__age_3,139,3,25-34,0.04508984807017,True,borough_age,14,6,0.11530459298720373,0,11,139,25-34,Gradient Boosting,0.11530459298720373,0.11530459298720373,False,predicted_previous_year,11.530459298720373,7.021474491703374
borough_139__age_4,139,4,35-44,0.1097617771672394,True,borough_age,14,6,0.11530459298720373,0,11,139,35-44,Gradient Boosting,0.11530459298720373,0.11530459298720373,False,predicted_previous_year,11.530459298720373,0.554281581996434
borough_139__age_5,139,5,45-54,0.2060378424376823,True,borough_age,14,6,0.13534045536349398,0,11,139,45-54,Gradient Boosting,0.13534045536349398,0.13534045536349398,False,predicted_previous_year,13.534045536349398,-7.069738707418832
borough_139__age_6,139,6,55-64,0.1327867803940149,True,borough_age,14,6,0.11530459298720373,0,11,139,55-64,Gradient Boosting,0.11530459298720373,0.11530459298720373,False,predicted_previous_year,11.530459298720373,-1.7482187406811165
borough_139__age_7,139,7,65-74,0.2070629046159895,True,borough_age,14,6,0.11530459298720373,0,11,139,65-74,Gradient Boosting,0.11530459298720373,0.11530459298720373,False,predicted_previous_year,11.530459298720373,-9.175831162878577
borough_139__age_8,139,8,75-84,0.0289270261100099,True,borough_age,14,6,0.1080696551837178,0,11,139,75-84,Gradient Boosting,0.1080696551837178,0.1080696551837178,False,predicted_previous_year,10.806965518371781,7.914262907370791
borough_139__age_9,139,9,85+,0.0,True,borough_age,14,6,0.04406460602697961,0,11,139,85+,Gradient Boosting,0.04406460602697961,0.04406460602697961,False,predicted_previous_year,4.406460602697961,4.406460602697961
borough_142__age_2,142,2,16-24,0.1179773923898176,True,borough_age,14,6,0.14690816616961425,0,11,142,16-24,Gradient Boosting,0.14690816616961425,0.14690816616961425,False,predicted_previous_year,14.690816616961424,2.8930773779796652
borough_142__age_3,142,3,25-34,0.0944592262749701,True,borough_age,14,6,0.10212178327612054,0,11,142,25-34,Gradient Boosting,0.10212178327612054,0.10212178327612054,False,predicted_previous_year,10.212178327612055,0.7662557001150441
borough_142__age_4,142,4,35-44,0.1163002998769874,True,borough_age,14,6,0.10212178327612054,0,11,142,35-44,Gradient Boosting,0.10212178327612054,0.10212178327612054,False,predicted_previous_year,10.212178327612055,-1.417851660086686
borough_142__age_5,142,5,45-54,0.099083836734993,True,borough_age,14,6,0.12215764565241072,0,11,142,45-54,Gradient Boosting,0.12215764565241072,0.12215764565241072,False,predicted_previous_year,12.215764565241072,2.3073808917417713
borough_142__age_6,142,6,55-64,0.0173559166149571,True,borough_age,14,6,0.10212178327612054,0,11,142,55-64,Gradient Boosting,0.10212178327612054,0.10212178327612054,False,predicted_previous_year,10.212178327612055,8.476586666116344
borough_142__age_7,142,7,65-74,0.1411451587789903,True,borough_age,14,6,0.10212178327612054,0,11,142,65-74,Gradient Boosting,0.10212178327612054,0.10212178327612054,False,predicted_previous_year,10.212178327612055,-3.902337550286977
borough_142__age_8,142,8,75-84,0.1104523680973588,True,borough_age,14,6,0.09488684547263461,0,11,142,75-84,Gradient Boosting,0.09488684547263461,0.09488684547263461,False,predicted_previous_year,9.48868454726346,-1.5565522624724188
borough_142__age_9,142,9,85+,0.0,True,borough_age,14,6,0.030881796315896357,0,11,142,85+,Gradient Boosting,0.030881796315896357,0.030881796315896357,False,predicted_previous_year,3.088179631589636,3.088179631589636
borough_147__age_2,147,2,16-24,0.196398297399681,True,borough_age,14,6,0.14690816616961425,0,11,147,16-24,Gradient Boosting,0.14690816616961425,0.14690816616961425,False,predicted_previous_year,14.690816616961424,-4.949013123006677
borough_147__age_3,147,3,25-34,0.0993770353495688,True,borough_age,14,6,0.10212178327612054,0,11,147,25-34,Gradient Boosting,0.10212178327612054,0.10212178327612054,False,predicted_previous_year,10.212178327612055,0.274474792655173
borough_147__age_4,147,4,35-44,0.1112160838467972,True,borough_age,14,6,0.10212178327612054,0,11,147,35-44,Gradient Boosting,0.10212178327612054,0.10212178327612054,False,predicted_previous_year,10.212178327612055,-0.9094300570676659
borough_147__age_5,147,5,45-54,0.0742297569563128,True,borough_age,14,6,0.12215764565241072,0,11,147,45-54,Gradient Boosting,0.12215764565241072,0.12215764565241072,False,predicted_previous_year,12.215764565241072,4.792788869609792
borough_147__age_6,147,6,55-64,0.1531209759135563,True,borough_age,14,6,0.10212178327612054,0,11,147,55-64,Gradient Boosting,0.10212178327612054,0.10212178327612054,False,predicted_previous_year,10.212178327612055,-5.099919263743577
borough_147__age_7,147,7,65-74,0.189779234514427,True,borough_age,14,6,0.10212178327612054,0,11,147,65-74,Gradient Boosting,0.10212178327612054,0.10212178327612054,False,predicted_previous_year,10.212178327612055,-8.765745123830646
borough_147__age_8,147,8,75-84,0.0,True,borough_age,14,6,0.09488684547263461,0,11,147,75-84,Gradient Boosting,0.09488684547263461,0.09488684547263461,False,predicted_previous_year,9.48868454726346,9.48868454726346
borough_147__age_9,147,9,85+,0.0,True,borough_age,14,6,0.030881796315896357,0,11,147,85+,Gradient Boosting,0.030881796315896357,0.030881796315896357,False,predicted_previous_year,3.088179631589636,3.088179631589636
borough_160__age_2,160,2,16-24,0.0916932925465047,True,borough_age,14,6,0.14690816616961425,0,11,160,16-24,Gradient Boosting,0.14690816616961425,0.14690816616961425,False,predicted_previous_year,14.690816616961424,5.521487362310955
borough_160__age_3,160,3,25-34,0.0969066096579196,True,borough_age,14,6,0.10212178327612054,0,11,160,25-34,Gradient Boosting,0.10212178327612054,0.10212178327612054,False,predicted_previous_year,10.212178327612055,0.5215173618200939
borough_160__age_4,160,4,35-44,0.1120261529828093,True,borough_age,14,6,0.10212178327612054,0,11,160,35-44,Gradient Boosting,0.10212178327612054,0.10212178327612054,False,predicted_previous_year,10.212178327612055,-0.9904369706688759
borough_160__age_5,160,5,45-54,0.1807579552473695,True,borough_age,14,6,0.12215764565241072,0,11,160,45-54,Gradient Boosting,0.12215764565241072,0.12215764565241072,False,predicted_previous_year,12.215764565241072,-5.860030959495879
borough_160__age_6,160,6,55-64,0.191995511675405,True,borough_age,14,6,0.10212178327612054,0,11,160,55-64,Gradient Boosting,0.10212178327612054,0.10212178327612054,False,predicted_previous_year,10.212178327612055,-8.987372839928446
borough_160__age_7,160,7,65-74,0.1412572610227118,True,borough_age,14,6,0.10212178327612054,0,11,160,65-74,Gradient Boosting,0.10212178327612054,0.10212178327612054,False,predicted_previous_year,10.212178327612055,-3.9135477746591265
borough_160__age_8,160,8,75-84,0.2536783312980147,True,borough_age,14,6,0.09488684547263461,0,11,160,75-84,Gradient Boosting,0.09488684547263461,0.09488684547263461,False,predicted_previous_year,9.48868454726346,-15.879148582538011
borough_160__age_9,160,9,85+,0.0,True,borough_age,14,6,0.030881796315896357,0,11,160,85+,Gradient Boosting,0.030881796315896357,0.030881796315896357,False,predicted_previous_year,3.088179631589636,3.088179631589636
borough_171__age_2,171,2,16-24,0.1246471577536642,True,borough_age,14,6,0.14690816616961425,0,11,171,16-24,Gradient Boosting,0.14690816616961425,0.14690816616961425,False,predicted_previous_year,14.690816616961424,2.226100841595005
borough_171__age_3,171,3,25-34,0.131947085239157,True,borough_age,14,6,0.10212178327612054,0,11,171,25-34,Gradient Boosting,0.10212178327612054,0.10212178327612054,False,predicted_previous_year,10.212178327612055,-2.9825301963036455
borough_171__age_4,171,4,35-44,0.1348130539703271,True,borough_age,14,6,0.10212178327612054,0,11,171,35-44,Gradient Boosting,0.10212178327612054,0.10212178327612054,False,predicted_previous_year,10.212178327612055,-3.269127069420658
borough_171__age_5,171,5,45-54,0.1209898796757911,True,borough_age,14,6,0.12215764565241072,0,11,171,45-54,Gradient Boosting,0.12215764565241072,0.12215764565241072,False,predicted_previous_year,12.215764565241072,0.11677659766196197
borough_171__age_6,171,6,55-64,0.131849246369915,True,borough_age,14,6,0.10212178327612054,0,11,171,55-64,Gradient Boosting,0.10212178327612054,0.10212178327612054,False,predicted_previous_year,10.212178327612055,-2.9727463093794455
borough_171__age_7,171,7,65-74,0.1688574634382696,True,borough_age,14,6,0.10212178327612054,0,11,171,65-74,Gradient Boosting,0.10212178327612054,0.10212178327612054,False,predicted_previous_year,10.212178327612055,-6.673568016214906
borough_171__age_8,171,8,75-84,0.2390540445425562,True,borough_age,14,6,0.09488684547263461,0,11,171,75-84,Gradient Boosting,0.09488684547263461,0.09488684547263461,False,predicted_previous_year,9.48868454726346,-14.41671990699216
borough_171__age_9,171,9,85+,0.0,True,borough_age,14,6,0.030881796315896357,0,11,171,85+,Gradient Boosting,0.030881796315896357,0.030881796315896357,False,predicted_previous_year,3.088179631589636,3.088179631589636
borough_17__age_2,17,2,16-24,0.139009438983777,True,borough_age,14,6,0.14690816616961425,0,11,17,16-24,Gradient Boosting,0.14690816616961425,0.14690816616961425,False,predicted_previous_year,14.690816616961424,0.7898727185837257
borough_17__age_3,17,3,25-34,0.0745490192337595,True,borough_age,14,6,0.10212178327612054,0,11,17,25-34,Gradient Boosting,0.10212178327612054,0.10212178327612054,False,predicted_previous_year,10.212178327612055,2.7572764042361033
borough_17__age_4,17,4,35-44,0.1261271779449969,True,borough_age,14,6,0.10212178327612054,0,11,17,35-44,Gradient Boosting,0.10212178327612054,0.10212178327612054,False,predicted_previous_year,10.212178327612055,-2.4005394668876354
borough_17__age_5,17,5,45-54,0.06627607213547,True,borough_age,14,6,0.12215764565241072,0,11,17,45-54,Gradient Boosting,0.12215764565241072,0.12215764565241072,False,predicted_previous_year,12.215764565241072,5.588157351694072
borough_17__age_6,17,6,55-64,0.1467705596247256,True,borough_age,14,6,0.10212178327612054,0,11,17,55-64,Gradient Boosting,0.10212178327612054,0.10212178327612054,False,predicted_previous_year,10.212178327612055,-4.464877634860506
borough_17__age_7,17,7,65-74,0.1660897663475511,True,borough_age,14,6,0.10212178327612054,0,11,17,65-74,Gradient Boosting,0.10212178327612054,0.10212178327612054,False,predicted_previous_year,10.212178327612055,-6.396798307143056
borough_17__age_8,17,8,75-84,0.2227202598222299,True,borough_age,14,6,0.09488684547263461,0,11,17,75-84,Gradient Boosting,0.09488684547263461,0.09488684547263461,False,predicted_previous_year,9.48868454726346,-12.783341434959528
borough_17__age_9,17,9,85+,0.0,True,borough_age,14,6,0.030881796315896357,0,11,17,85+,Gradient Boosting,0.030881796315896357,0.030881796315896357,False,predicted_previous_year,3.088179631589636,3.088179631589636
borough_196__age_2,196,2,16-24,0.2534289737115014,True,borough_age,14,6,0.14690816616961425,0,11,196,16-24,Gradient Boosting,0.14690816616961425,0.14690816616961425,False,predicted_previous_year,14.690816616961424,-10.652080754188717
borough_196__age_3,196,3,25-34,0.1287583780717256,True,borough_age,14,6,0.10212178327612054,0,11,196,25-34,Gradient Boosting,0.10212178327612054,0.10212178327612054,False,predicted_previous_year,10.212178327612055,-2.663659479560507
borough_196__age_4,196,4,35-44,0.1345358820138205,True,borough_age,14,6,0.10212178327612054,0,11,196,35-44,Gradient Boosting,0.10212178327612054,0.10212178327612054,False,predicted_previous_year,10.212178327612055,-3.241409873769996
borough_196__age_5,196,5,45-54,0.0634309159499543,True,borough_age,14,6,0.12215764565241072,0,11,196,45-54,Gradient Boosting,0.12215764565241072,0.12215764565241072,False,predicted_previous_year,12.215764565241072,5.872672970245642
borough_196__age_6,196,6,55-64,0.1335591128580651,True,borough_age,14,6,0.10212178327612054,0,11,196,55-64,Gradient Boosting,0.10212178327612054,0.10212178327612054,False,predicted_previous_year,10.212178327612055,-3.143732958194456
borough_196__age_7,196,7,65-74,0.1256069508551165,True,borough_age,14,6,0.10212178327612054,0,11,196,65-74,Gradient Boosting,0.10212178327612054,0.10212178327612054,False,predicted_previous_year,10.212178327612055,-2.3485167578995965
borough_196__age_8,196,8,75-84,0.0,True,borough_age,14,6,0.09488684547263461,0,11,196,75-84,Gradient Boosting,0.09488684547263461,0.09488684547263461,False,predicted_previous_year,9.48868454726346,9.48868454726346
borough_196__age_9,196,9,85+,0.0,True,borough_age,14,6,0.030881796315896357,0,11,196,85+,Gradient Boosting,0.030881796315896357,0.030881796315896357,False,predicted_previous_year,3.088179631589636,3.088179631589636
borough_201__age_2,201,2,16-24,0.0795047643908059,True,borough_age,14,6,0.16698792962481301,0,11,201,16-24,Gradient Boosting,0.16698792962481301,0.16698792962481301,False,predicted_previous_year,16.698792962481303,8.748316523400712
borough_201__age_3,201,3,25-34,0.1716714996357737,True,borough_age,14,6,0.12458656197166748,0,11,201,25-34,Gradient Boosting,0.12458656197166748,0.12458656197166748,False,predicted_previous_year,12.458656197166748,-4.708493766410621
borough_201__age_4,201,4,35-44,0.0722774722963231,True,borough_age,14,6,0.12458656197166748,0,11,201,35-44,Gradient Boosting,0.12458656197166748,0.12458656197166748,False,predicted_previous_year,12.458656197166748,5.230908967534438
borough_201__age_5,201,5,45-54,0.2574666429442293,True,borough_age,14,6,0.14462242434795763,0,11,201,45-54,Gradient Boosting,0.14462242434795763,0.14462242434795763,False,predicted_previous_year,14.462242434795764,-11.284421859627164
borough_201__age_6,201,6,55-64,0.2103700230167736,True,borough_age,14,6,0.12458656197166748,0,11,201,55-64,Gradient Boosting,0.12458656197166748,0.12458656197166748,False,predicted_previous_year,12.458656197166748,-8.578346104510612
borough_201__age_7,201,7,65-74,0.1972325953097849,True,borough_age,14,6,0.12458656197166748,0,11,201,65-74,Gradient Boosting,0.12458656197166748,0.12458656197166748,False,predicted_previous_year,12.458656197166748,-7.264603333811742
borough_201__age_8,201,8,75-84,0.0885446603927944,True,borough_age,14,6,0.11735162416818155,0,11,201,75-84,Gradient Boosting,0.11735162416818155,0.11735162416818155,False,predicted_previous_year,11.735162416818156,2.880696377538715
borough_201__age_9,201,9,85+,0.7818935248331759,True,borough_age,14,6,0.05508131390845019,0,11,201,85+,Gradient Boosting,0.05508131390845019,0.05508131390845019,False,predicted_previous_year,5.508131390845019,-72.68122109247257
borough_241__age_2,241,2,16-24,0.0678208213580317,True,borough_age,14,6,0.14690816616961425,0,11,241,16-24,Gradient Boosting,0.14690816616961425,0.14690816616961425,False,predicted_previous_year,14.690816616961424,7.9087344811582545
borough_241__age_3,241,3,25-34,0.058794743636458,True,borough_age,14,6,0.10212178327612054,0,11,241,25-34,Gradient Boosting,0.10212178327612054,0.10212178327612054,False,predicted_previous_year,10.212178327612055,4.332703963966254
borough_241__age_4,241,4,35-44,0.0988392386795421,True,borough_age,14,6,0.10212178327612054,0,11,241,35-44,Gradient Boosting,0.10212178327612054,0.10212178327612054,False,predicted_previous_year,10.212178327612055,0.3282544596578438
borough_241__age_5,241,5,45-54,0.2269102052722818,True,borough_age,14,6,0.12215764565241072,0,11,241,45-54,Gradient Boosting,0.12215764565241072,0.12215764565241072,False,predicted_previous_year,12.215764565241072,-10.47525596198711
borough_241__age_6,241,6,55-64,0.240593405099986,True,borough_age,14,6,0.10212178327612054,0,11,241,55-64,Gradient Boosting,0.10212178327612054,0.10212178327612054,False,predicted_previous_year,10.212178327612055,-13.847162182386546
borough_241__age_7,241,7,65-74,0.1377936830547056,True,borough_age,14,6,0.10212178327612054,0,11,241,65-74,Gradient Boosting,0.10212178327612054,0.10212178327612054,False,predicted_previous_year,10.212178327612055,-3.5671899778585066
borough_241__age_8,241,8,75-84,0.1162083472473376,True,borough_age,14,6,0.09488684547263461,0,11,241,75-84,Gradient Boosting,0.09488684547263461,0.09488684547263461,False,predicted_previous_year,9.48868454726346,-2.132150177470299
borough_241__age_9,241,9,85+,0.0,True,borough_age,14,6,0.030881796315896357,0,11,241,85+,Gradient Boosting,0.030881796315896357,0.030881796315896357,False,predicted_previous_year,3.088179631589636,3.088179631589636
borough_255__age_2,255,2,16-24,0.10154156428364,True,borough_age,14,6,0.14690816616961425,0,11,255,16-24,Gradient Boosting,0.14690816616961425,0.14690816616961425,False,predicted_previous_year,14.690816616961424,4.536660188597424
borough_255__age_3,255,3,25-34,0.1653902954434869,True,borough_age,14,6,0.10212178327612054,0,11,255,25-34,Gradient Boosting,0.10212178327612054,0.10212178327612054,False,predicted_previous_year,10.212178327612055,-6.326851216736637
borough_255__age_4,255,4,35-44,0.0400467641552663,True,borough_age,14,6,0.10212178327612054,0,11,255,35-44,Gradient Boosting,0.10212178327612054,0.10212178327612054,False,predicted_previous_year,10.212178327612055,6.207501912085424
borough_255__age_5,255,5,45-54,0.1729712370386921,True,borough_age,14,6,0.12215764565241072,0,11,255,45-54,Gradient Boosting,0.12215764565241072,0.12215764565241072,False,predicted_previous_year,12.215764565241072,-5.081359138628139
borough_255__age_6,255,6,55-64,0.0784551299863328,True,borough_age,14,6,0.10212178327612054,0,11,255,55-64,Gradient Boosting,0.10212178327612054,0.10212178327612054,False,predicted_previous_year,10.212178327612055,2.3666653289787734
borough_255__age_7,255,7,65-74,0.1526496728991635,True,borough_age,14,6,0.10212178327612054,0,11,255,65-74,Gradient Boosting,0.10212178327612054,0.10212178327612054,False,predicted_previous_year,10.212178327612055,-5.052788962304297
borough_255__age_8,255,8,75-84,0.156207659709548,True,borough_age,14,6,0.09488684547263461,0,11,255,75-84,Gradient Boosting,0.09488684547263461,0.09488684547263461,False,predicted_previous_year,9.48868454726346,-6.132081423691339
borough_255__age_9,255,9,85+,0.0,True,borough_age,14,6,0.030881796315896357,0,11,255,85+,Gradient Boosting,0.030881796315896357,0.030881796315896357,False,predicted_previous_year,3.088179631589636,3.088179631589636
borough_272__age_2,272,2,16-24,0.0800107671240446,True,borough_age,14,6,0.1284622367536837,0,11,272,16-24,Gradient Boosting,0.1284622367536837,0.1284622367536837,False,predicted_previous_year,12.846223675368371,4.84514696296391
borough_272__age_3,272,3,25-34,0.108482865604089,True,borough_age,14,6,0.08640738593431602,0,11,272,25-34,Gradient Boosting,0.08640738593431602,0.08640738593431602,False,predicted_previous_year,8.640738593431601,-2.207547966977298
borough_272__age_4,272,4,35-44,0.1605400522145847,True,borough_age,14,6,0.08640738593431602,0,11,272,35-44,Gradient Boosting,0.08640738593431602,0.08640738593431602,False,predicted_previous_year,8.640738593431601,-7.413266628026868
borough_272__age_5,272,5,45-54,0.1180466658637206,True,borough_age,14,6,0.10517679821440074,0,11,272,45-54,Gradient Boosting,0.10517679821440074,0.10517679821440074,False,predicted_previous_year,10.517679821440073,-1.2869867649319868
borough_272__age_6,272,6,55-64,0.102922918114901,True,borough_age,14,6,0.08640738593431602,0,11,272,55-64,Gradient Boosting,0.08640738593431602,0.08640738593431602,False,predicted_previous_year,8.640738593431601,-1.6515532180584978
borough_272__age_7,272,7,65-74,0.1043646259817551,True,borough_age,14,6,0.08640738593431602,0,11,272,65-74,Gradient Boosting,0.08640738593431602,0.08640738593431602,False,predicted_previous_year,8.640738593431601,-1.795724004743908
borough_272__age_8,272,8,75-84,0.0,True,borough_age,14,6,0.07917244813083009,0,11,272,75-84,Gradient Boosting,0.07917244813083009,0.07917244813083009,False,predicted_previous_year,7.917244813083009,7.917244813083009
borough_272__age_9,272,9,85+,0.0,True,borough_age,14,6,0.0190375144635297,0,11,272,85+,Gradient Boosting,0.0190375144635297,0.0190375144635297,False,predicted_previous_year,1.90375144635297,1.90375144635297
borough_279__age_2,279,2,16-24,0.1177890234741966,True,borough_age,14,6,0.14690816616961425,0,11,279,16-24,Gradient Boosting,0.14690816616961425,0.14690816616961425,False,predicted_previous_year,14.690816616961424,2.911914269541764
borough_279__age_3,279,3,25-34,0.098155003333648,True,borough_age,14,6,0.10212178327612054,0,11,279,25-34,Gradient Boosting,0.10212178327612054,0.10212178327612054,False,predicted_previous_year,10.212178327612055,0.3966779942472534
borough_279__age_4,279,4,35-44,0.0596788601176883,True,borough_age,14,6,0.10212178327612054,0,11,279,35-44,Gradient Boosting,0.10212178327612054,0.10212178327612054,False,predicted_previous_year,10.212178327612055,4.244292315843224
borough_279__age_5,279,5,45-54,0.2231357785425123,True,borough_age,14,6,0.12215764565241072,0,11,279,45-54,Gradient Boosting,0.12215764565241072,0.12215764565241072,False,predicted_previous_year,12.215764565241072,-10.097813289010157
borough_279__age_6,279,6,55-64,0.0821393232373831,True,borough_age,14,6,0.10212178327612054,0,11,279,55-64,Gradient Boosting,0.10212178327612054,0.10212178327612054,False,predicted_previous_year,10.212178327612055,1.9982460038737437
borough_279__age_7,279,7,65-74,0.117766199343256,True,borough_age,14,6,0.10212178327612054,0,11,279,65-74,Gradient Boosting,0.10212178327612054,0.10212178327612054,False,predicted_previous_year,10.212178327612055,-1.5644416067135458
borough_279__age_8,279,8,75-84,0.2455551595848398,True,borough_age,14,6,0.09488684547263461,0,11,279,75-84,Gradient Boosting,0.09488684547263461,0.09488684547263461,False,predicted_previous_year,9.48868454726346,-15.066831411220521
borough_279__age_9,279,9,85+,0.0,True,borough_age,14,6,0.030881796315896357,0,11,279,85+,Gradient Boosting,0.030881796315896357,0.030881796315896357,False,predicted_previous_year,3.088179631589636,3.088179631589636
borough_280__age_2,280,2,16-24,0.2175199221667134,True,borough_age,14,6,0.14690816616961425,0,11,280,16-24,Gradient Boosting,0.14690816616961425,0.14690816616961425,False,predicted_previous_year,14.690816616961424,-7.061175599709915
borough_280__age_3,280,3,25-34,0.1785339472504633,True,borough_age,14,6,0.10212178327612054,0,11,280,25-34,Gradient Boosting,0.10212178327612054,0.10212178327612054,False,predicted_previous_year,10.212178327612055,-7.641216397434275
borough_280__age_4,280,4,35-44,0.1382975799349419,True,borough_age,14,6,0.10212178327612054,0,11,280,35-44,Gradient Boosting,0.10212178327612054,0.10212178327612054,False,predicted_previous_year,10.212178327612055,-3.617579665882137
borough_280__age_5,280,5,45-54,0.1736348527952486,True,borough_age,14,6,0.12215764565241072,0,11,280,45-54,Gradient Boosting,0.12215764565241072,0.12215764565241072,False,predicted_previous_year,12.215764565241072,-5.147720714283787
borough_280__age_6,280,6,55-64,0.1195770285800361,True,borough_age,14,6,0.10212178327612054,0,11,280,55-64,Gradient Boosting,0.10212178327612054,0.10212178327612054,False,predicted_previous_year,10.212178327612055,-1.7455245303915568
borough_280__age_7,280,7,65-74,0.1180429834185273,True,borough_age,14,6,0.10212178327612054,0,11,280,65-74,Gradient Boosting,0.10212178327612054,0.10212178327612054,False,predicted_previous_year,10.212178327612055,-1.5921200142406764
borough_280__age_8,280,8,75-84,0.0,True,borough_age,14,6,0.09488684547263461,0,11,280,75-84,Gradient Boosting,0.09488684547263461,0.09488684547263461,False,predicted_previous_year,9.48868454726346,9.48868454726346
borough_280__age_9,280,9,85+,,False,borough_age,14,6,0.030881796315896357,0,11,280,85+,Gradient Boosting,0.030881796315896357,0.030881796315896357,False,predicted_previous_year,3.088179631589636,
borough_293__age_2,293,2,16-24,0.0365913804747428,True,borough_age,14,6,0.14690816616961425,0,11,293,16-24,Gradient Boosting,0.14690816616961425,0.14690816616961425,False,predicted_previous_year,14.690816616961424,11.031678569487143
borough_293__age_3,293,3,25-34,0.053495384684282,True,borough_age,14,6,0.10212178327612054,0,11,293,25-34,Gradient Boosting,0.10212178327612054,0.10212178327612054,False,predicted_previous_year,10.212178327612055,4.8626398591838536
borough_293__age_4,293,4,35-44,0.0848082016959178,True,borough_age,14,6,0.10212178327612054,0,11,293,35-44,Gradient Boosting,0.10212178327612054,0.10212178327612054,False,predicted_previous_year,10.212178327612055,1.7313581580202742
borough_293__age_5,293,5,45-54,0.0425853298342185,True,borough_age,14,6,0.12215764565241072,0,11,293,45-54,Gradient Boosting,0.12215764565241072,0.12215764565241072,False,predicted_previous_year,12.215764565241072,7.957231581819221
borough_293__age_6,293,6,55-64,0.0,True,borough_age,14,6,0.10212178327612054,0,11,293,55-64,Gradient Boosting,0.10212178327612054,0.10212178327612054,False,predicted_previous_year,10.212178327612055,10.212178327612055
borough_293__age_7,293,7,65-74,0.1629366382871322,True,borough_age,14,6,0.10212178327612054,0,11,293,65-74,Gradient Boosting,0.10212178327612054,0.10212178327612054,False,predicted_previous_year,10.212178327612055,-6.081485501101167
borough_293__age_8,293,8,75-84,0.0748730696240282,True,borough_age,14,6,0.09488684547263461,0,11,293,75-84,Gradient Boosting,0.09488684547263461,0.09488684547263461,False,predicted_previous_year,9.48868454726346,2.0013775848606405
borough_293__age_9,293,9,85+,0.2982452615080974,True,borough_age,14,6,0.030881796315896357,0,11,293,85+,Gradient Boosting,0.030881796315896357,0.030881796315896357,False,predicted_previous_year,3.088179631589636,-26.7363465192201
borough_30__age_2,30,2,16-24,0.1266815448805876,True,borough_age,14,6,0.14690816616961425,0,11,30,16-24,Gradient Boosting,0.14690816616961425,0.14690816616961425,False,predicted_previous_year,14.690816616961424,2.0226621289026636
borough_30__age_3,30,3,25-34,0.1296019095741521,True,borough_age,14,6,0.10212178327612054,0,11,30,25-34,Gradient Boosting,0.10212178327612054,0.10212178327612054,False,predicted_previous_year,10.212178327612055,-2.7480126298031564
borough_30__age_4,30,4,35-44,0.0409930661080003,True,borough_age,14,6,0.10212178327612054,0,11,30,35-44,Gradient Boosting,0.10212178327612054,0.10212178327612054,False,predicted_previous_year,10.212178327612055,6.112871716812024
borough_30__age_5,30,5,45-54,0.0481665298293294,True,borough_age,14,6,0.12215764565241072,0,11,30,45-54,Gradient Boosting,0.12215764565241072,0.12215764565241072,False,predicted_previous_year,12.215764565241072,7.399111582308132
borough_30__age_6,30,6,55-64,0.2185169709253583,True,borough_age,14,6,0.10212178327612054,0,11,30,55-64,Gradient Boosting,0.10212178327612054,0.10212178327612054,False,predicted_previous_year,10.212178327612055,-11.639518764923777
borough_30__age_7,30,7,65-74,0.1102813234421443,True,borough_age,14,6,0.10212178327612054,0,11,30,65-74,Gradient Boosting,0.10212178327612054,0.10212178327612054,False,predicted_previous_year,10.212178327612055,-0.8159540166023758
borough_30__age_8,30,8,75-84,0.0,True,borough_age,14,6,0.09488684547263461,0,11,30,75-84,Gradient Boosting,0.09488684547263461,0.09488684547263461,False,predicted_previous_year,9.48868454726346,9.48868454726346
borough_30__age_9,30,9,85+,0.0,True,borough_age,14,6,0.030881796315896357,0,11,30,85+,Gradient Boosting,0.030881796315896357,0.030881796315896357,False,predicted_previous_year,3.088179631589636,3.088179631589636
borough_35__age_2,35,2,16-24,0.1329437810320942,True,borough_age,14,6,0.15685178274018832,0,11,35,16-24,Gradient Boosting,0.15685178274018832,0.15685178274018832,False,predicted_previous_year,15.685178274018833,2.3908001708094124
borough_35__age_3,35,3,25-34,0.1199166965134612,True,borough_age,14,6,0.11206539984669449,0,11,35,25-34,Gradient Boosting,0.11206539984669449,0.11206539984669449,False,predicted_previous_year,11.20653998466945,-0.7851296666766705
borough_35__age_4,35,4,35-44,0.1747605590951717,True,borough_age,14,6,0.11206539984669449,0,11,35,35-44,Gradient Boosting,0.11206539984669449,0.11206539984669449,False,predicted_previous_year,11.20653998466945,-6.269515924847722
borough_35__age_5,35,5,45-54,0.1348480143636899,True,borough_age,14,6,0.13210126222298468,0,11,35,45-54,Gradient Boosting,0.13210126222298468,0.13210126222298468,False,predicted_previous_year,13.210126222298468,-0.27467521407052164
borough_35__age_6,35,6,55-64,0.0630826112710657,True,borough_age,14,6,0.11206539984669449,0,11,35,55-64,Gradient Boosting,0.11206539984669449,0.11206539984669449,False,predicted_previous_year,11.20653998466945,4.89827885756288
borough_35__age_7,35,7,65-74,0.1554150669857758,True,borough_age,14,6,0.11206539984669449,0,11,35,65-74,Gradient Boosting,0.11206539984669449,0.11206539984669449,False,predicted_previous_year,11.20653998466945,-4.334966713908132
borough_35__age_8,35,8,75-84,0.1911425029081757,True,borough_age,14,6,0.1094391655402427,0,11,35,75-84,Gradient Boosting,0.1094391655402427,0.1094391655402427,False,predicted_previous_year,10.94391655402427,-8.1703337367933
borough_35__age_9,35,9,85+,0.0,True,borough_age,14,6,0.04082541288647035,0,11,35,85+,Gradient Boosting,0.04082541288647035,0.04082541288647035,False,predicted_previous_year,4.082541288647034,4.082541288647034
borough_44__age_2,44,2,16-24,0.138991032966824,True,borough_age,14,6,0.14690816616961425,0,11,44,16-24,Gradient Boosting,0.14690816616961425,0.14690816616961425,False,predicted_previous_year,14.690816616961424,0.791713320279025
borough_44__age_3,44,3,25-34,0.0971048226541429,True,borough_age,14,6,0.10212178327612054,0,11,44,25-34,Gradient Boosting,0.10212178327612054,0.10212178327612054,False,predicted_previous_year,10.212178327612055,0.5016960621977637
borough_44__age_4,44,4,35-44,0.2032943095383431,True,borough_age,14,6,0.10212178327612054,0,11,44,35-44,Gradient Boosting,0.10212178327612054,0.10212178327612054,False,predicted_previous_year,10.212178327612055,-10.117252626222257
borough_44__age_5,44,5,45-54,0.1201281480761936,True,borough_age,14,6,0.12215764565241072,0,11,44,45-54,Gradient Boosting,0.12215764565241072,0.12215764565241072,False,predicted_previous_year,12.215764565241072,0.20294975762171208
borough_44__age_6,44,6,55-64,0.0644168620962235,True,borough_age,14,6,0.10212178327612054,0,11,44,55-64,Gradient Boosting,0.10212178327612054,0.10212178327612054,False,predicted_previous_year,10.212178327612055,3.770492117989703
borough_44__age_7,44,7,65-74,0.3007397085419624,True,borough_age,14,6,0.10212178327612054,0,11,44,65-74,Gradient Boosting,0.10212178327612054,0.10212178327612054,False,predicted_previous_year,10.212178327612055,-19.86179252658419
borough_44__age_8,44,8,75-84,0.0,True,borough_age,14,6,0.09488684547263461,0,11,44,75-84,Gradient Boosting,0.09488684547263461,0.09488684547263461,False,predicted_previous_year,9.48868454726346,9.48868454726346
borough_44__age_9,44,9,85+,0.3893886161014656,True,borough_age,14,6,0.030881796315896357,0,11,44,85+,Gradient Boosting,0.030881796315896357,0.030881796315896357,False,predicted_previous_year,3.088179631589636,-35.85068197855692
borough_68__age_2,68,2,16-24,0.1927475039694993,True,borough_age,14,6,0.14690816616961425,0,11,68,16-24,Gradient Boosting,0.14690816616961425,0.14690816616961425,False,predicted_previous_year,14.690816616961424,-4.583933779988506
borough_68__age_3,68,3,25-34,0.1652106450298921,True,borough_age,14,6,0.10212178327612054,0,11,68,25-34,Gradient Boosting,0.10212178327612054,0.10212178327612054,False,predicted_previous_year,10.212178327612055,-6.308886175377157
borough_68__age_4,68,4,35-44,0.1747297364388737,True,borough_age,14,6,0.10212178327612054,0,11,68,35-44,Gradient Boosting,0.10212178327612054,0.10212178327612054,False,predicted_previous_year,10.212178327612055,-7.260795316275318
borough_68__age_5,68,5,45-54,0.1150694174560084,True,borough_age,14,6,0.12215764565241072,0,11,68,45-54,Gradient Boosting,0.12215764565241072,0.12215764565241072,False,predicted_previous_year,12.215764565241072,0.7088228196402313
borough_68__age_6,68,6,55-64,0.1235877635087129,True,borough_age,14,6,0.10212178327612054,0,11,68,55-64,Gradient Boosting,0.10212178327612054,0.10212178327612054,False,predicted_previous_year,10.212178327612055,-2.146598023259236
borough_68__age_7,68,7,65-74,0.1802983858678723,True,borough_age,14,6,0.10212178327612054,0,11,68,65-74,Gradient Boosting,0.10212178327612054,0.10212178327612054,False,predicted_previous_year,10.212178327612055,-7.817660259175177
borough_68__age_8,68,8,75-84,0.1444180719091273,True,borough_age,14,6,0.09488684547263461,0,11,68,75-84,Gradient Boosting,0.09488684547263461,0.09488684547263461,False,predicted_previous_year,9.48868454726346,-4.95312264364927
borough_68__age_9,68,9,85+,0.0,True,borough_age,14,6,0.030881796315896357,0,11,68,85+,Gradient Boosting,0.030881796315896357,0.030881796315896357,False,predicted_previous_year,3.088179631589636,3.088179631589636
borough_78__age_2,78,2,16-24,0.2374752869271083,True,borough_age,14,6,0.14690816616961425,0,11,78,16-24,Gradient Boosting,0.14690816616961425,0.14690816616961425,False,predicted_previous_year,14.690816616961424,-9.056712075749404
borough_78__age_3,78,3,25-34,0.1086282749866392,True,borough_age,14,6,0.10212178327612054,0,11,78,25-34,Gradient Boosting,0.10212178327612054,0.10212178327612054,False,predicted_previous_year,10.212178327612055,-0.650649171051866
borough_78__age_4,78,4,35-44,0.2341997299602941,True,borough_age,14,6,0.10212178327612054,0,11,78,35-44,Gradient Boosting,0.10212178327612054,0.10212178327612054,False,predicted_previous_year,10.212178327612055,-13.207794668417355
borough_78__age_5,78,5,45-54,0.0729888922299857,True,borough_age,14,6,0.12215764565241072,0,11,78,45-54,Gradient Boosting,0.12215764565241072,0.12215764565241072,False,predicted_previous_year,12.215764565241072,4.916875342242502
borough_78__age_6,78,6,55-64,0.1802087151102049,True,borough_age,14,6,0.10212178327612054,0,11,78,55-64,Gradient Boosting,0.10212178327612054,0.10212178327612054,False,predicted_previous_year,10.212178327612055,-7.808693183408436
borough_78__age_7,78,7,65-74,0.0902303355270237,True,borough_age,14,6,0.10212178327612054,0,11,78,65-74,Gradient Boosting,0.10212178327612054,0.10212178327612054,False,predicted_previous_year,10.212178327612055,1.189144774909684
borough_78__age_8,78,8,75-84,0.0961920669437747,True,borough_age,14,6,0.09488684547263461,0,11,78,75-84,Gradient Boosting,0.09488684547263461,0.09488684547263461,False,predicted_previous_year,9.48868454726346,-0.13052214711400945
borough_78__age_9,78,9,85+,0.0,True,borough_age,14,6,0.030881796315896357,0,11,78,85+,Gradient Boosting,0.030881796315896357,0.030881796315896357,False,predicted_previous_year,3.088179631589636,3.088179631589636
borough_8__age_2,8,2,16-24,0.1407954267683174,True,borough_age,14,6,0.1426659785497293,0,11,8,16-24,Gradient Boosting,0.1426659785497293,0.1426659785497293,False,predicted_previous_year,14.266597854972929,0.18705517814118777
borough_8__age_3,8,3,25-34,0.0118631592440379,True,borough_age,14,6,0.09787959565623564,0,11,8,25-34,Gradient Boosting,0.09787959565623564,0.09787959565623564,False,predicted_previous_year,9.787959565623563,8.601643641219773
borough_8__age_4,8,4,35-44,0.0847926362282693,True,borough_age,14,6,0.09787959565623564,0,11,8,35-44,Gradient Boosting,0.09787959565623564,0.09787959565623564,False,predicted_previous_year,9.787959565623563,1.3086959427966338
borough_8__age_5,8,5,45-54,0.054559317842582,True,borough_age,14,6,0.12126748119394931,0,11,8,45-54,Gradient Boosting,0.12126748119394931,0.12126748119394931,False,predicted_previous_year,12.12674811939493,6.670816335136731
borough_8__age_6,8,6,55-64,0.021951888745282,True,borough_age,14,6,0.09787959565623564,0,11,8,55-64,Gradient Boosting,0.09787959565623564,0.09787959565623564,False,predicted_previous_year,9.787959565623563,7.592770691095363
borough_8__age_7,8,7,65-74,0.0816491430620924,True,borough_age,14,6,0.09787959565623564,0,11,8,65-74,Gradient Boosting,0.09787959565623564,0.09787959565623564,False,predicted_previous_year,9.787959565623563,1.623045259414324
borough_8__age_8,8,8,75-84,0.0,True,borough_age,14,6,0.09064465785274971,0,11,8,75-84,Gradient Boosting,0.09064465785274971,0.09064465785274971,False,predicted_previous_year,9.06446578527497,9.06446578527497
borough_8__age_9,8,9,85+,0.0,True,borough_age,14,6,0.02752977315447282,0,11,8,85+,Gradient Boosting,0.02752977315447282,0.02752977315447282,False,predicted_previous_year,2.752977315447282,2.752977315447282
borough_91__age_2,91,2,16-24,0.1954980764691223,True,borough_age,14,6,0.14690816616961425,0,11,91,16-24,Gradient Boosting,0.14690816616961425,0.14690816616961425,False,predicted_previous_year,14.690816616961424,-4.858991029950804
borough_91__age_3,91,3,25-34,0.1670437671848623,True,borough_age,14,6,0.10212178327612054,0,11,91,25-34,Gradient Boosting,0.10212178327612054,0.10212178327612054,False,predicted_previous_year,10.212178327612055,-6.492198390874177
borough_91__age_4,91,4,35-44,0.1507412618990158,True,borough_age,14,6,0.10212178327612054,0,11,91,35-44,Gradient Boosting,0.10212178327612054,0.10212178327612054,False,predicted_previous_year,10.212178327612055,-4.861947862289526
borough_91__age_5,91,5,45-54,0.2425852217747439,True,borough_age,14,6,0.12215764565241072,0,11,91,45-54,Gradient Boosting,0.12215764565241072,0.12215764565241072,False,predicted_previous_year,12.215764565241072,-12.042757612233318
borough_91__age_6,91,6,55-64,0.1023560787826209,True,borough_age,14,6,0.10212178327612054,0,11,91,55-64,Gradient Boosting,0.10212178327612054,0.10212178327612054,False,predicted_previous_year,10.212178327612055,-0.02342955065003649
borough_91__age_7,91,7,65-74,0.1450885133922393,True,borough_age,14,6,0.10212178327612054,0,11,91,65-74,Gradient Boosting,0.10212178327612054,0.10212178327612054,False,predicted_previous_year,10.212178327612055,-4.296673011611876
borough_91__age_8,91,8,75-84,0.0,True,borough_age,14,6,0.09488684547263461,0,11,91,75-84,Gradient Boosting,0.09488684547263461,0.09488684547263461,False,predicted_previous_year,9.48868454726346,9.48868454726346
borough_91__age_9,91,9,85+,0.0,True,borough_age,14,6,0.030881796315896357,0,11,91,85+,Gradient Boosting,0.030881796315896357,0.030881796315896357,False,predicted_previous_year,3.088179631589636,3.088179631589636
borough_9__age_2,9,2,16-24,0.136809436694503,True,borough_age,14,6,0.14690816616961425,0,11,9,16-24,Gradient Boosting,0.14690816616961425,0.14690816616961425,False,predicted_previous_year,14.690816616961424,1.0098729475111257
borough_9__age_3,9,3,25-34,0.1081380138760557,True,borough_age,14,6,0.10212178327612054,0,11,9,25-34,Gradient Boosting,0.10212178327612054,0.10212178327612054,False,predicted_previous_year,10.212178327612055,-0.6016230599935168
borough_9__age_4,9,4,35-44,0.0550442922120358,True,borough_age,14,6,0.10212178327612054,0,11,9,35-44,Gradient Boosting,0.10212178327612054,0.10212178327612054,False,predicted_previous_year,10.212178327612055,4.707749106408474
borough_9__age_5,9,5,45-54,0.1897830190002452,True,borough_age,14,6,0.12215764565241072,0,11,9,45-54,Gradient Boosting,0.12215764565241072,0.12215764565241072,False,predicted_previous_year,12.215764565241072,-6.762537334783447
borough_9__age_6,9,6,55-64,0.1332208563303927,True,borough_age,14,6,0.10212178327612054,0,11,9,55-64,Gradient Boosting,0.10212178327612054,0.10212178327612054,False,predicted_previous_year,10.212178327612055,-3.1099073054272175
borough_9__age_7,9,7,65-74,0.0971098758722614,True,borough_age,14,6,0.10212178327612054,0,11,9,65-74,Gradient Boosting,0.10212178327612054,0.10212178327612054,False,predicted_previous_year,10.212178327612055,0.5011907403859137
borough_9__age_8,9,8,75-84,0.1037085087559272,True,borough_age,14,6,0.09488684547263461,0,11,9,75-84,Gradient Boosting,0.09488684547263461,0.09488684547263461,False,predicted_previous_year,9.48868454726346,-0.8821663283292591
borough_9__age_9,9,9,85+,0.0,True,borough_age,14,6,0.030881796315896357,0,11,9,85+,Gradient Boosting,0.030881796315896357,0.030881796315896357,False,predicted_previous_year,3.088179631589636,3.088179631589636
